[0.131s] DEBUG:colcon:Command line arguments: ['/usr/bin/colcon', 'build']
[0.132s] DEBUG:colcon:Parsed command line arguments: Namespace(log_base=None, log_level=None, verb_name='build', build_base='build', install_base='install', merge_install=False, symlink_install=False, test_result_base=None, continue_on_error=False, executor='parallel', parallel_workers=16, event_handlers=None, ignore_user_meta=False, metas=['./colcon.meta'], base_paths=['.'], packages_ignore=None, packages_ignore_regex=None, paths=None, packages_up_to=None, packages_up_to_regex=None, packages_above=None, packages_above_and_dependencies=None, packages_above_depth=None, packages_select_by_dep=None, packages_skip_by_dep=None, packages_skip_up_to=None, packages_select_build_failed=False, packages_skip_build_finished=False, packages_select_test_failures=False, packages_skip_test_passed=False, packages_select=None, packages_skip=None, packages_select_regex=None, packages_skip_regex=None, packages_start=None, packages_end=None, cmake_args=None, cmake_target=None, cmake_target_skip_unavailable=False, cmake_clean_cache=False, cmake_clean_first=False, cmake_force_configure=False, ament_cmake_args=None, catkin_cmake_args=None, catkin_skip_building_tests=False, mixin_files=None, mixin=None, verb_parser=<colcon_mixin.mixin.mixin_argument.MixinArgumentDecorator object at 0x7b1adaec4be0>, verb_extension=<colcon_core.verb.build.BuildVerb object at 0x7b1adaec4730>, main=<bound method BuildVerb.main of <colcon_core.verb.build.BuildVerb object at 0x7b1adaec4730>>, mixin_verb=('build',))
[0.289s] Level 1:colcon.colcon_core.package_discovery:discover_packages(colcon_meta) check parameters
[0.290s] INFO:colcon.colcon_metadata.package_discovery.colcon_meta:Using configuration from '/root/.colcon/metadata/default/Gazebo.meta'
[0.290s] INFO:colcon.colcon_metadata.package_discovery.colcon_meta:Using configuration from '/root/.colcon/metadata/default/fastdds.meta'
[0.291s] INFO:colcon.colcon_metadata.package_discovery.colcon_meta:Using configuration from '/root/.colcon/metadata/default/fastrtps.meta'
[0.291s] Level 1:colcon.colcon_core.package_discovery:discover_packages(recursive) check parameters
[0.291s] Level 1:colcon.colcon_core.package_discovery:discover_packages(ignore) check parameters
[0.291s] Level 1:colcon.colcon_core.package_discovery:discover_packages(path) check parameters
[0.291s] Level 1:colcon.colcon_core.package_discovery:discover_packages(colcon_meta) discover
[0.291s] Level 1:colcon.colcon_core.package_discovery:discover_packages(recursive) discover
[0.291s] INFO:colcon.colcon_core.package_discovery:Crawling recursively for packages in '/root/ros2_ws'
[0.291s] Level 1:colcon.colcon_core.package_identification:_identify(.) by extensions ['ignore', 'ignore_ament_install']
[0.292s] Level 1:colcon.colcon_core.package_identification:_identify(.) by extension 'ignore'
[0.292s] Level 1:colcon.colcon_core.package_identification:_identify(.) by extension 'ignore_ament_install'
[0.292s] Level 1:colcon.colcon_core.package_identification:_identify(.) by extensions ['colcon_pkg']
[0.292s] Level 1:colcon.colcon_core.package_identification:_identify(.) by extension 'colcon_pkg'
[0.292s] Level 1:colcon.colcon_core.package_identification:_identify(.) by extensions ['colcon_meta']
[0.292s] Level 1:colcon.colcon_core.package_identification:_identify(.) by extension 'colcon_meta'
[0.292s] Level 1:colcon.colcon_core.package_identification:_identify(.) by extensions ['ros']
[0.292s] Level 1:colcon.colcon_core.package_identification:_identify(.) by extension 'ros'
[0.304s] Level 1:colcon.colcon_core.package_identification:_identify(.) by extensions ['cmake', 'python']
[0.304s] Level 1:colcon.colcon_core.package_identification:_identify(.) by extension 'cmake'
[0.304s] Level 1:colcon.colcon_core.package_identification:_identify(.) by extension 'python'
[0.304s] Level 1:colcon.colcon_core.package_identification:_identify(.) by extensions ['python_setup_py']
[0.304s] Level 1:colcon.colcon_core.package_identification:_identify(.) by extension 'python_setup_py'
[0.304s] Level 1:colcon.colcon_core.package_identification:_identify(build) by extensions ['ignore', 'ignore_ament_install']
[0.304s] Level 1:colcon.colcon_core.package_identification:_identify(build) by extension 'ignore'
[0.304s] Level 1:colcon.colcon_core.package_identification:_identify(build) ignored
[0.305s] Level 1:colcon.colcon_core.package_identification:_identify(install) by extensions ['ignore', 'ignore_ament_install']
[0.305s] Level 1:colcon.colcon_core.package_identification:_identify(install) by extension 'ignore'
[0.305s] Level 1:colcon.colcon_core.package_identification:_identify(install) ignored
[0.305s] Level 1:colcon.colcon_core.package_identification:_identify(log) by extensions ['ignore', 'ignore_ament_install']
[0.305s] Level 1:colcon.colcon_core.package_identification:_identify(log) by extension 'ignore'
[0.305s] Level 1:colcon.colcon_core.package_identification:_identify(log) ignored
[0.305s] Level 1:colcon.colcon_core.package_identification:_identify(src) by extensions ['ignore', 'ignore_ament_install']
[0.305s] Level 1:colcon.colcon_core.package_identification:_identify(src) by extension 'ignore'
[0.305s] Level 1:colcon.colcon_core.package_identification:_identify(src) by extension 'ignore_ament_install'
[0.305s] Level 1:colcon.colcon_core.package_identification:_identify(src) by extensions ['colcon_pkg']
[0.305s] Level 1:colcon.colcon_core.package_identification:_identify(src) by extension 'colcon_pkg'
[0.305s] Level 1:colcon.colcon_core.package_identification:_identify(src) by extensions ['colcon_meta']
[0.305s] Level 1:colcon.colcon_core.package_identification:_identify(src) by extension 'colcon_meta'
[0.305s] Level 1:colcon.colcon_core.package_identification:_identify(src) by extensions ['ros']
[0.306s] Level 1:colcon.colcon_core.package_identification:_identify(src) by extension 'ros'
[0.306s] Level 1:colcon.colcon_core.package_identification:_identify(src) by extensions ['cmake', 'python']
[0.306s] Level 1:colcon.colcon_core.package_identification:_identify(src) by extension 'cmake'
[0.306s] Level 1:colcon.colcon_core.package_identification:_identify(src) by extension 'python'
[0.306s] Level 1:colcon.colcon_core.package_identification:_identify(src) by extensions ['python_setup_py']
[0.306s] Level 1:colcon.colcon_core.package_identification:_identify(src) by extension 'python_setup_py'
[0.306s] Level 1:colcon.colcon_core.package_identification:_identify(src/MG400_ROS2) by extensions ['ignore', 'ignore_ament_install']
[0.306s] Level 1:colcon.colcon_core.package_identification:_identify(src/MG400_ROS2) by extension 'ignore'
[0.306s] Level 1:colcon.colcon_core.package_identification:_identify(src/MG400_ROS2) by extension 'ignore_ament_install'
[0.306s] Level 1:colcon.colcon_core.package_identification:_identify(src/MG400_ROS2) by extensions ['colcon_pkg']
[0.306s] Level 1:colcon.colcon_core.package_identification:_identify(src/MG400_ROS2) by extension 'colcon_pkg'
[0.306s] Level 1:colcon.colcon_core.package_identification:_identify(src/MG400_ROS2) by extensions ['colcon_meta']
[0.306s] Level 1:colcon.colcon_core.package_identification:_identify(src/MG400_ROS2) by extension 'colcon_meta'
[0.306s] Level 1:colcon.colcon_core.package_identification:_identify(src/MG400_ROS2) by extensions ['ros']
[0.306s] Level 1:colcon.colcon_core.package_identification:_identify(src/MG400_ROS2) by extension 'ros'
[0.306s] Level 1:colcon.colcon_core.package_identification:_identify(src/MG400_ROS2) by extensions ['cmake', 'python']
[0.306s] Level 1:colcon.colcon_core.package_identification:_identify(src/MG400_ROS2) by extension 'cmake'
[0.306s] Level 1:colcon.colcon_core.package_identification:_identify(src/MG400_ROS2) by extension 'python'
[0.306s] Level 1:colcon.colcon_core.package_identification:_identify(src/MG400_ROS2) by extensions ['python_setup_py']
[0.307s] Level 1:colcon.colcon_core.package_identification:_identify(src/MG400_ROS2) by extension 'python_setup_py'
[0.307s] Level 1:colcon.colcon_core.package_identification:_identify(src/MG400_ROS2/doc) by extensions ['ignore', 'ignore_ament_install']
[0.307s] Level 1:colcon.colcon_core.package_identification:_identify(src/MG400_ROS2/doc) by extension 'ignore'
[0.307s] Level 1:colcon.colcon_core.package_identification:_identify(src/MG400_ROS2/doc) by extension 'ignore_ament_install'
[0.307s] Level 1:colcon.colcon_core.package_identification:_identify(src/MG400_ROS2/doc) by extensions ['colcon_pkg']
[0.307s] Level 1:colcon.colcon_core.package_identification:_identify(src/MG400_ROS2/doc) by extension 'colcon_pkg'
[0.307s] Level 1:colcon.colcon_core.package_identification:_identify(src/MG400_ROS2/doc) by extensions ['colcon_meta']
[0.307s] Level 1:colcon.colcon_core.package_identification:_identify(src/MG400_ROS2/doc) by extension 'colcon_meta'
[0.307s] Level 1:colcon.colcon_core.package_identification:_identify(src/MG400_ROS2/doc) by extensions ['ros']
[0.307s] Level 1:colcon.colcon_core.package_identification:_identify(src/MG400_ROS2/doc) by extension 'ros'
[0.307s] Level 1:colcon.colcon_core.package_identification:_identify(src/MG400_ROS2/doc) by extensions ['cmake', 'python']
[0.307s] Level 1:colcon.colcon_core.package_identification:_identify(src/MG400_ROS2/doc) by extension 'cmake'
[0.307s] Level 1:colcon.colcon_core.package_identification:_identify(src/MG400_ROS2/doc) by extension 'python'
[0.307s] Level 1:colcon.colcon_core.package_identification:_identify(src/MG400_ROS2/doc) by extensions ['python_setup_py']
[0.307s] Level 1:colcon.colcon_core.package_identification:_identify(src/MG400_ROS2/doc) by extension 'python_setup_py'
[0.307s] Level 1:colcon.colcon_core.package_identification:_identify(src/MG400_ROS2/media) by extensions ['ignore', 'ignore_ament_install']
[0.307s] Level 1:colcon.colcon_core.package_identification:_identify(src/MG400_ROS2/media) by extension 'ignore'
[0.308s] Level 1:colcon.colcon_core.package_identification:_identify(src/MG400_ROS2/media) by extension 'ignore_ament_install'
[0.308s] Level 1:colcon.colcon_core.package_identification:_identify(src/MG400_ROS2/media) by extensions ['colcon_pkg']
[0.308s] Level 1:colcon.colcon_core.package_identification:_identify(src/MG400_ROS2/media) by extension 'colcon_pkg'
[0.308s] Level 1:colcon.colcon_core.package_identification:_identify(src/MG400_ROS2/media) by extensions ['colcon_meta']
[0.308s] Level 1:colcon.colcon_core.package_identification:_identify(src/MG400_ROS2/media) by extension 'colcon_meta'
[0.308s] Level 1:colcon.colcon_core.package_identification:_identify(src/MG400_ROS2/media) by extensions ['ros']
[0.308s] Level 1:colcon.colcon_core.package_identification:_identify(src/MG400_ROS2/media) by extension 'ros'
[0.308s] Level 1:colcon.colcon_core.package_identification:_identify(src/MG400_ROS2/media) by extensions ['cmake', 'python']
[0.308s] Level 1:colcon.colcon_core.package_identification:_identify(src/MG400_ROS2/media) by extension 'cmake'
[0.308s] Level 1:colcon.colcon_core.package_identification:_identify(src/MG400_ROS2/media) by extension 'python'
[0.308s] Level 1:colcon.colcon_core.package_identification:_identify(src/MG400_ROS2/media) by extensions ['python_setup_py']
[0.308s] Level 1:colcon.colcon_core.package_identification:_identify(src/MG400_ROS2/media) by extension 'python_setup_py'
[0.308s] Level 1:colcon.colcon_core.package_identification:_identify(src/MG400_ROS2/mg400) by extensions ['ignore', 'ignore_ament_install']
[0.308s] Level 1:colcon.colcon_core.package_identification:_identify(src/MG400_ROS2/mg400) by extension 'ignore'
[0.308s] Level 1:colcon.colcon_core.package_identification:_identify(src/MG400_ROS2/mg400) by extension 'ignore_ament_install'
[0.308s] Level 1:colcon.colcon_core.package_identification:_identify(src/MG400_ROS2/mg400) by extensions ['colcon_pkg']
[0.308s] Level 1:colcon.colcon_core.package_identification:_identify(src/MG400_ROS2/mg400) by extension 'colcon_pkg'
[0.308s] Level 1:colcon.colcon_core.package_identification:_identify(src/MG400_ROS2/mg400) by extensions ['colcon_meta']
[0.308s] Level 1:colcon.colcon_core.package_identification:_identify(src/MG400_ROS2/mg400) by extension 'colcon_meta'
[0.309s] Level 1:colcon.colcon_core.package_identification:_identify(src/MG400_ROS2/mg400) by extensions ['ros']
[0.309s] Level 1:colcon.colcon_core.package_identification:_identify(src/MG400_ROS2/mg400) by extension 'ros'
[0.312s] DEBUG:colcon.colcon_core.package_identification:Package 'src/MG400_ROS2/mg400' with type 'ros.ament_cmake' and name 'mg400'
[0.312s] Level 1:colcon.colcon_core.package_identification:_identify(src/MG400_ROS2/mg400_bringup) by extensions ['ignore', 'ignore_ament_install']
[0.312s] Level 1:colcon.colcon_core.package_identification:_identify(src/MG400_ROS2/mg400_bringup) by extension 'ignore'
[0.312s] Level 1:colcon.colcon_core.package_identification:_identify(src/MG400_ROS2/mg400_bringup) by extension 'ignore_ament_install'
[0.312s] Level 1:colcon.colcon_core.package_identification:_identify(src/MG400_ROS2/mg400_bringup) by extensions ['colcon_pkg']
[0.312s] Level 1:colcon.colcon_core.package_identification:_identify(src/MG400_ROS2/mg400_bringup) by extension 'colcon_pkg'
[0.312s] Level 1:colcon.colcon_core.package_identification:_identify(src/MG400_ROS2/mg400_bringup) by extensions ['colcon_meta']
[0.312s] Level 1:colcon.colcon_core.package_identification:_identify(src/MG400_ROS2/mg400_bringup) by extension 'colcon_meta'
[0.312s] Level 1:colcon.colcon_core.package_identification:_identify(src/MG400_ROS2/mg400_bringup) by extensions ['ros']
[0.312s] Level 1:colcon.colcon_core.package_identification:_identify(src/MG400_ROS2/mg400_bringup) by extension 'ros'
[0.313s] DEBUG:colcon.colcon_core.package_identification:Package 'src/MG400_ROS2/mg400_bringup' with type 'ros.ament_python' and name 'mg400_bringup'
[0.313s] Level 1:colcon.colcon_core.package_identification:_identify(src/MG400_ROS2/mg400_common) by extensions ['ignore', 'ignore_ament_install']
[0.313s] Level 1:colcon.colcon_core.package_identification:_identify(src/MG400_ROS2/mg400_common) by extension 'ignore'
[0.313s] Level 1:colcon.colcon_core.package_identification:_identify(src/MG400_ROS2/mg400_common) by extension 'ignore_ament_install'
[0.313s] Level 1:colcon.colcon_core.package_identification:_identify(src/MG400_ROS2/mg400_common) by extensions ['colcon_pkg']
[0.313s] Level 1:colcon.colcon_core.package_identification:_identify(src/MG400_ROS2/mg400_common) by extension 'colcon_pkg'
[0.313s] Level 1:colcon.colcon_core.package_identification:_identify(src/MG400_ROS2/mg400_common) by extensions ['colcon_meta']
[0.313s] Level 1:colcon.colcon_core.package_identification:_identify(src/MG400_ROS2/mg400_common) by extension 'colcon_meta'
[0.314s] Level 1:colcon.colcon_core.package_identification:_identify(src/MG400_ROS2/mg400_common) by extensions ['ros']
[0.314s] Level 1:colcon.colcon_core.package_identification:_identify(src/MG400_ROS2/mg400_common) by extension 'ros'
[0.314s] DEBUG:colcon.colcon_core.package_identification:Package 'src/MG400_ROS2/mg400_common' with type 'ros.ament_cmake' and name 'mg400_common'
[0.314s] Level 1:colcon.colcon_core.package_identification:_identify(src/MG400_ROS2/mg400_description) by extensions ['ignore', 'ignore_ament_install']
[0.314s] Level 1:colcon.colcon_core.package_identification:_identify(src/MG400_ROS2/mg400_description) by extension 'ignore'
[0.314s] Level 1:colcon.colcon_core.package_identification:_identify(src/MG400_ROS2/mg400_description) by extension 'ignore_ament_install'
[0.314s] Level 1:colcon.colcon_core.package_identification:_identify(src/MG400_ROS2/mg400_description) by extensions ['colcon_pkg']
[0.315s] Level 1:colcon.colcon_core.package_identification:_identify(src/MG400_ROS2/mg400_description) by extension 'colcon_pkg'
[0.315s] Level 1:colcon.colcon_core.package_identification:_identify(src/MG400_ROS2/mg400_description) by extensions ['colcon_meta']
[0.315s] Level 1:colcon.colcon_core.package_identification:_identify(src/MG400_ROS2/mg400_description) by extension 'colcon_meta'
[0.315s] Level 1:colcon.colcon_core.package_identification:_identify(src/MG400_ROS2/mg400_description) by extensions ['ros']
[0.315s] Level 1:colcon.colcon_core.package_identification:_identify(src/MG400_ROS2/mg400_description) by extension 'ros'
[0.315s] DEBUG:colcon.colcon_core.package_identification:Package 'src/MG400_ROS2/mg400_description' with type 'ros.ament_cmake' and name 'mg400_description'
[0.315s] Level 1:colcon.colcon_core.package_identification:_identify(src/MG400_ROS2/mg400_interface) by extensions ['ignore', 'ignore_ament_install']
[0.316s] Level 1:colcon.colcon_core.package_identification:_identify(src/MG400_ROS2/mg400_interface) by extension 'ignore'
[0.316s] Level 1:colcon.colcon_core.package_identification:_identify(src/MG400_ROS2/mg400_interface) by extension 'ignore_ament_install'
[0.316s] Level 1:colcon.colcon_core.package_identification:_identify(src/MG400_ROS2/mg400_interface) by extensions ['colcon_pkg']
[0.316s] Level 1:colcon.colcon_core.package_identification:_identify(src/MG400_ROS2/mg400_interface) by extension 'colcon_pkg'
[0.316s] Level 1:colcon.colcon_core.package_identification:_identify(src/MG400_ROS2/mg400_interface) by extensions ['colcon_meta']
[0.316s] Level 1:colcon.colcon_core.package_identification:_identify(src/MG400_ROS2/mg400_interface) by extension 'colcon_meta'
[0.316s] Level 1:colcon.colcon_core.package_identification:_identify(src/MG400_ROS2/mg400_interface) by extensions ['ros']
[0.316s] Level 1:colcon.colcon_core.package_identification:_identify(src/MG400_ROS2/mg400_interface) by extension 'ros'
[0.317s] DEBUG:colcon.colcon_core.package_identification:Package 'src/MG400_ROS2/mg400_interface' with type 'ros.ament_cmake' and name 'mg400_interface'
[0.317s] Level 1:colcon.colcon_core.package_identification:_identify(src/MG400_ROS2/mg400_joy) by extensions ['ignore', 'ignore_ament_install']
[0.317s] Level 1:colcon.colcon_core.package_identification:_identify(src/MG400_ROS2/mg400_joy) by extension 'ignore'
[0.317s] Level 1:colcon.colcon_core.package_identification:_identify(src/MG400_ROS2/mg400_joy) by extension 'ignore_ament_install'
[0.317s] Level 1:colcon.colcon_core.package_identification:_identify(src/MG400_ROS2/mg400_joy) by extensions ['colcon_pkg']
[0.317s] Level 1:colcon.colcon_core.package_identification:_identify(src/MG400_ROS2/mg400_joy) by extension 'colcon_pkg'
[0.317s] Level 1:colcon.colcon_core.package_identification:_identify(src/MG400_ROS2/mg400_joy) by extensions ['colcon_meta']
[0.317s] Level 1:colcon.colcon_core.package_identification:_identify(src/MG400_ROS2/mg400_joy) by extension 'colcon_meta'
[0.317s] Level 1:colcon.colcon_core.package_identification:_identify(src/MG400_ROS2/mg400_joy) by extensions ['ros']
[0.317s] Level 1:colcon.colcon_core.package_identification:_identify(src/MG400_ROS2/mg400_joy) by extension 'ros'
[0.318s] DEBUG:colcon.colcon_core.package_identification:Package 'src/MG400_ROS2/mg400_joy' with type 'ros.ament_cmake' and name 'mg400_joy'
[0.318s] Level 1:colcon.colcon_core.package_identification:_identify(src/MG400_ROS2/mg400_msgs) by extensions ['ignore', 'ignore_ament_install']
[0.318s] Level 1:colcon.colcon_core.package_identification:_identify(src/MG400_ROS2/mg400_msgs) by extension 'ignore'
[0.318s] Level 1:colcon.colcon_core.package_identification:_identify(src/MG400_ROS2/mg400_msgs) by extension 'ignore_ament_install'
[0.318s] Level 1:colcon.colcon_core.package_identification:_identify(src/MG400_ROS2/mg400_msgs) by extensions ['colcon_pkg']
[0.318s] Level 1:colcon.colcon_core.package_identification:_identify(src/MG400_ROS2/mg400_msgs) by extension 'colcon_pkg'
[0.318s] Level 1:colcon.colcon_core.package_identification:_identify(src/MG400_ROS2/mg400_msgs) by extensions ['colcon_meta']
[0.319s] Level 1:colcon.colcon_core.package_identification:_identify(src/MG400_ROS2/mg400_msgs) by extension 'colcon_meta'
[0.319s] Level 1:colcon.colcon_core.package_identification:_identify(src/MG400_ROS2/mg400_msgs) by extensions ['ros']
[0.319s] Level 1:colcon.colcon_core.package_identification:_identify(src/MG400_ROS2/mg400_msgs) by extension 'ros'
[0.319s] DEBUG:colcon.colcon_core.package_identification:Package 'src/MG400_ROS2/mg400_msgs' with type 'ros.ament_cmake' and name 'mg400_msgs'
[0.320s] Level 1:colcon.colcon_core.package_identification:_identify(src/MG400_ROS2/mg400_node) by extensions ['ignore', 'ignore_ament_install']
[0.320s] Level 1:colcon.colcon_core.package_identification:_identify(src/MG400_ROS2/mg400_node) by extension 'ignore'
[0.320s] Level 1:colcon.colcon_core.package_identification:_identify(src/MG400_ROS2/mg400_node) by extension 'ignore_ament_install'
[0.320s] Level 1:colcon.colcon_core.package_identification:_identify(src/MG400_ROS2/mg400_node) by extensions ['colcon_pkg']
[0.320s] Level 1:colcon.colcon_core.package_identification:_identify(src/MG400_ROS2/mg400_node) by extension 'colcon_pkg'
[0.320s] Level 1:colcon.colcon_core.package_identification:_identify(src/MG400_ROS2/mg400_node) by extensions ['colcon_meta']
[0.320s] Level 1:colcon.colcon_core.package_identification:_identify(src/MG400_ROS2/mg400_node) by extension 'colcon_meta'
[0.320s] Level 1:colcon.colcon_core.package_identification:_identify(src/MG400_ROS2/mg400_node) by extensions ['ros']
[0.320s] Level 1:colcon.colcon_core.package_identification:_identify(src/MG400_ROS2/mg400_node) by extension 'ros'
[0.321s] DEBUG:colcon.colcon_core.package_identification:Package 'src/MG400_ROS2/mg400_node' with type 'ros.ament_cmake' and name 'mg400_node'
[0.321s] Level 1:colcon.colcon_core.package_identification:_identify(src/MG400_ROS2/mg400_plugin) by extensions ['ignore', 'ignore_ament_install']
[0.321s] Level 1:colcon.colcon_core.package_identification:_identify(src/MG400_ROS2/mg400_plugin) by extension 'ignore'
[0.321s] Level 1:colcon.colcon_core.package_identification:_identify(src/MG400_ROS2/mg400_plugin) by extension 'ignore_ament_install'
[0.321s] Level 1:colcon.colcon_core.package_identification:_identify(src/MG400_ROS2/mg400_plugin) by extensions ['colcon_pkg']
[0.321s] Level 1:colcon.colcon_core.package_identification:_identify(src/MG400_ROS2/mg400_plugin) by extension 'colcon_pkg'
[0.321s] Level 1:colcon.colcon_core.package_identification:_identify(src/MG400_ROS2/mg400_plugin) by extensions ['colcon_meta']
[0.321s] Level 1:colcon.colcon_core.package_identification:_identify(src/MG400_ROS2/mg400_plugin) by extension 'colcon_meta'
[0.321s] Level 1:colcon.colcon_core.package_identification:_identify(src/MG400_ROS2/mg400_plugin) by extensions ['ros']
[0.321s] Level 1:colcon.colcon_core.package_identification:_identify(src/MG400_ROS2/mg400_plugin) by extension 'ros'
[0.322s] DEBUG:colcon.colcon_core.package_identification:Package 'src/MG400_ROS2/mg400_plugin' with type 'ros.ament_cmake' and name 'mg400_plugin'
[0.322s] Level 1:colcon.colcon_core.package_identification:_identify(src/MG400_ROS2/mg400_plugin_base) by extensions ['ignore', 'ignore_ament_install']
[0.323s] Level 1:colcon.colcon_core.package_identification:_identify(src/MG400_ROS2/mg400_plugin_base) by extension 'ignore'
[0.323s] Level 1:colcon.colcon_core.package_identification:_identify(src/MG400_ROS2/mg400_plugin_base) by extension 'ignore_ament_install'
[0.323s] Level 1:colcon.colcon_core.package_identification:_identify(src/MG400_ROS2/mg400_plugin_base) by extensions ['colcon_pkg']
[0.323s] Level 1:colcon.colcon_core.package_identification:_identify(src/MG400_ROS2/mg400_plugin_base) by extension 'colcon_pkg'
[0.323s] Level 1:colcon.colcon_core.package_identification:_identify(src/MG400_ROS2/mg400_plugin_base) by extensions ['colcon_meta']
[0.323s] Level 1:colcon.colcon_core.package_identification:_identify(src/MG400_ROS2/mg400_plugin_base) by extension 'colcon_meta'
[0.323s] Level 1:colcon.colcon_core.package_identification:_identify(src/MG400_ROS2/mg400_plugin_base) by extensions ['ros']
[0.323s] Level 1:colcon.colcon_core.package_identification:_identify(src/MG400_ROS2/mg400_plugin_base) by extension 'ros'
[0.323s] DEBUG:colcon.colcon_core.package_identification:Package 'src/MG400_ROS2/mg400_plugin_base' with type 'ros.ament_cmake' and name 'mg400_plugin_base'
[0.324s] Level 1:colcon.colcon_core.package_identification:_identify(src/MG400_ROS2/mg400_rviz_plugin) by extensions ['ignore', 'ignore_ament_install']
[0.324s] Level 1:colcon.colcon_core.package_identification:_identify(src/MG400_ROS2/mg400_rviz_plugin) by extension 'ignore'
[0.324s] Level 1:colcon.colcon_core.package_identification:_identify(src/MG400_ROS2/mg400_rviz_plugin) by extension 'ignore_ament_install'
[0.324s] Level 1:colcon.colcon_core.package_identification:_identify(src/MG400_ROS2/mg400_rviz_plugin) by extensions ['colcon_pkg']
[0.324s] Level 1:colcon.colcon_core.package_identification:_identify(src/MG400_ROS2/mg400_rviz_plugin) by extension 'colcon_pkg'
[0.324s] Level 1:colcon.colcon_core.package_identification:_identify(src/MG400_ROS2/mg400_rviz_plugin) by extensions ['colcon_meta']
[0.324s] Level 1:colcon.colcon_core.package_identification:_identify(src/MG400_ROS2/mg400_rviz_plugin) by extension 'colcon_meta'
[0.324s] Level 1:colcon.colcon_core.package_identification:_identify(src/MG400_ROS2/mg400_rviz_plugin) by extensions ['ros']
[0.324s] Level 1:colcon.colcon_core.package_identification:_identify(src/MG400_ROS2/mg400_rviz_plugin) by extension 'ros'
[0.325s] DEBUG:colcon.colcon_core.package_identification:Package 'src/MG400_ROS2/mg400_rviz_plugin' with type 'ros.ament_cmake' and name 'mg400_rviz_plugin'
[0.325s] Level 1:colcon.colcon_core.package_identification:_identify(src/MG400_ROS2/mg400_tools) by extensions ['ignore', 'ignore_ament_install']
[0.325s] Level 1:colcon.colcon_core.package_identification:_identify(src/MG400_ROS2/mg400_tools) by extension 'ignore'
[0.325s] Level 1:colcon.colcon_core.package_identification:_identify(src/MG400_ROS2/mg400_tools) by extension 'ignore_ament_install'
[0.325s] Level 1:colcon.colcon_core.package_identification:_identify(src/MG400_ROS2/mg400_tools) by extensions ['colcon_pkg']
[0.325s] Level 1:colcon.colcon_core.package_identification:_identify(src/MG400_ROS2/mg400_tools) by extension 'colcon_pkg'
[0.325s] Level 1:colcon.colcon_core.package_identification:_identify(src/MG400_ROS2/mg400_tools) by extensions ['colcon_meta']
[0.325s] Level 1:colcon.colcon_core.package_identification:_identify(src/MG400_ROS2/mg400_tools) by extension 'colcon_meta'
[0.325s] Level 1:colcon.colcon_core.package_identification:_identify(src/MG400_ROS2/mg400_tools) by extensions ['ros']
[0.326s] Level 1:colcon.colcon_core.package_identification:_identify(src/MG400_ROS2/mg400_tools) by extension 'ros'
[0.326s] DEBUG:colcon.colcon_core.package_identification:Package 'src/MG400_ROS2/mg400_tools' with type 'ros.ament_cmake' and name 'mg400_tools'
[0.327s] Level 1:colcon.colcon_core.package_identification:_identify(src/MG400_ROS2/scripts) by extensions ['ignore', 'ignore_ament_install']
[0.327s] Level 1:colcon.colcon_core.package_identification:_identify(src/MG400_ROS2/scripts) by extension 'ignore'
[0.327s] Level 1:colcon.colcon_core.package_identification:_identify(src/MG400_ROS2/scripts) by extension 'ignore_ament_install'
[0.327s] Level 1:colcon.colcon_core.package_identification:_identify(src/MG400_ROS2/scripts) by extensions ['colcon_pkg']
[0.327s] Level 1:colcon.colcon_core.package_identification:_identify(src/MG400_ROS2/scripts) by extension 'colcon_pkg'
[0.327s] Level 1:colcon.colcon_core.package_identification:_identify(src/MG400_ROS2/scripts) by extensions ['colcon_meta']
[0.327s] Level 1:colcon.colcon_core.package_identification:_identify(src/MG400_ROS2/scripts) by extension 'colcon_meta'
[0.327s] Level 1:colcon.colcon_core.package_identification:_identify(src/MG400_ROS2/scripts) by extensions ['ros']
[0.327s] Level 1:colcon.colcon_core.package_identification:_identify(src/MG400_ROS2/scripts) by extension 'ros'
[0.327s] Level 1:colcon.colcon_core.package_identification:_identify(src/MG400_ROS2/scripts) by extensions ['cmake', 'python']
[0.327s] Level 1:colcon.colcon_core.package_identification:_identify(src/MG400_ROS2/scripts) by extension 'cmake'
[0.327s] Level 1:colcon.colcon_core.package_identification:_identify(src/MG400_ROS2/scripts) by extension 'python'
[0.327s] Level 1:colcon.colcon_core.package_identification:_identify(src/MG400_ROS2/scripts) by extensions ['python_setup_py']
[0.327s] Level 1:colcon.colcon_core.package_identification:_identify(src/MG400_ROS2/scripts) by extension 'python_setup_py'
[0.327s] Level 1:colcon.colcon_core.package_identification:_identify(src/PlayStation-JoyInterface-ROS2) by extensions ['ignore', 'ignore_ament_install']
[0.327s] Level 1:colcon.colcon_core.package_identification:_identify(src/PlayStation-JoyInterface-ROS2) by extension 'ignore'
[0.327s] Level 1:colcon.colcon_core.package_identification:_identify(src/PlayStation-JoyInterface-ROS2) by extension 'ignore_ament_install'
[0.328s] Level 1:colcon.colcon_core.package_identification:_identify(src/PlayStation-JoyInterface-ROS2) by extensions ['colcon_pkg']
[0.328s] Level 1:colcon.colcon_core.package_identification:_identify(src/PlayStation-JoyInterface-ROS2) by extension 'colcon_pkg'
[0.328s] Level 1:colcon.colcon_core.package_identification:_identify(src/PlayStation-JoyInterface-ROS2) by extensions ['colcon_meta']
[0.328s] Level 1:colcon.colcon_core.package_identification:_identify(src/PlayStation-JoyInterface-ROS2) by extension 'colcon_meta'
[0.328s] Level 1:colcon.colcon_core.package_identification:_identify(src/PlayStation-JoyInterface-ROS2) by extensions ['ros']
[0.328s] Level 1:colcon.colcon_core.package_identification:_identify(src/PlayStation-JoyInterface-ROS2) by extension 'ros'
[0.328s] Level 1:colcon.colcon_core.package_identification:_identify(src/PlayStation-JoyInterface-ROS2) by extensions ['cmake', 'python']
[0.328s] Level 1:colcon.colcon_core.package_identification:_identify(src/PlayStation-JoyInterface-ROS2) by extension 'cmake'
[0.328s] Level 1:colcon.colcon_core.package_identification:_identify(src/PlayStation-JoyInterface-ROS2) by extension 'python'
[0.328s] Level 1:colcon.colcon_core.package_identification:_identify(src/PlayStation-JoyInterface-ROS2) by extensions ['python_setup_py']
[0.328s] Level 1:colcon.colcon_core.package_identification:_identify(src/PlayStation-JoyInterface-ROS2) by extension 'python_setup_py'
[0.328s] Level 1:colcon.colcon_core.package_identification:_identify(src/PlayStation-JoyInterface-ROS2/media) by extensions ['ignore', 'ignore_ament_install']
[0.328s] Level 1:colcon.colcon_core.package_identification:_identify(src/PlayStation-JoyInterface-ROS2/media) by extension 'ignore'
[0.328s] Level 1:colcon.colcon_core.package_identification:_identify(src/PlayStation-JoyInterface-ROS2/media) by extension 'ignore_ament_install'
[0.328s] Level 1:colcon.colcon_core.package_identification:_identify(src/PlayStation-JoyInterface-ROS2/media) by extensions ['colcon_pkg']
[0.328s] Level 1:colcon.colcon_core.package_identification:_identify(src/PlayStation-JoyInterface-ROS2/media) by extension 'colcon_pkg'
[0.328s] Level 1:colcon.colcon_core.package_identification:_identify(src/PlayStation-JoyInterface-ROS2/media) by extensions ['colcon_meta']
[0.328s] Level 1:colcon.colcon_core.package_identification:_identify(src/PlayStation-JoyInterface-ROS2/media) by extension 'colcon_meta'
[0.328s] Level 1:colcon.colcon_core.package_identification:_identify(src/PlayStation-JoyInterface-ROS2/media) by extensions ['ros']
[0.328s] Level 1:colcon.colcon_core.package_identification:_identify(src/PlayStation-JoyInterface-ROS2/media) by extension 'ros'
[0.329s] Level 1:colcon.colcon_core.package_identification:_identify(src/PlayStation-JoyInterface-ROS2/media) by extensions ['cmake', 'python']
[0.329s] Level 1:colcon.colcon_core.package_identification:_identify(src/PlayStation-JoyInterface-ROS2/media) by extension 'cmake'
[0.329s] Level 1:colcon.colcon_core.package_identification:_identify(src/PlayStation-JoyInterface-ROS2/media) by extension 'python'
[0.329s] Level 1:colcon.colcon_core.package_identification:_identify(src/PlayStation-JoyInterface-ROS2/media) by extensions ['python_setup_py']
[0.329s] Level 1:colcon.colcon_core.package_identification:_identify(src/PlayStation-JoyInterface-ROS2/media) by extension 'python_setup_py'
[0.329s] Level 1:colcon.colcon_core.package_identification:_identify(src/PlayStation-JoyInterface-ROS2/p9n) by extensions ['ignore', 'ignore_ament_install']
[0.329s] Level 1:colcon.colcon_core.package_identification:_identify(src/PlayStation-JoyInterface-ROS2/p9n) by extension 'ignore'
[0.329s] Level 1:colcon.colcon_core.package_identification:_identify(src/PlayStation-JoyInterface-ROS2/p9n) by extension 'ignore_ament_install'
[0.329s] Level 1:colcon.colcon_core.package_identification:_identify(src/PlayStation-JoyInterface-ROS2/p9n) by extensions ['colcon_pkg']
[0.329s] Level 1:colcon.colcon_core.package_identification:_identify(src/PlayStation-JoyInterface-ROS2/p9n) by extension 'colcon_pkg'
[0.329s] Level 1:colcon.colcon_core.package_identification:_identify(src/PlayStation-JoyInterface-ROS2/p9n) by extensions ['colcon_meta']
[0.329s] Level 1:colcon.colcon_core.package_identification:_identify(src/PlayStation-JoyInterface-ROS2/p9n) by extension 'colcon_meta'
[0.329s] Level 1:colcon.colcon_core.package_identification:_identify(src/PlayStation-JoyInterface-ROS2/p9n) by extensions ['ros']
[0.329s] Level 1:colcon.colcon_core.package_identification:_identify(src/PlayStation-JoyInterface-ROS2/p9n) by extension 'ros'
[0.330s] DEBUG:colcon.colcon_core.package_identification:Package 'src/PlayStation-JoyInterface-ROS2/p9n' with type 'ros.ament_cmake' and name 'p9n'
[0.330s] Level 1:colcon.colcon_core.package_identification:_identify(src/PlayStation-JoyInterface-ROS2/p9n_bringup) by extensions ['ignore', 'ignore_ament_install']
[0.330s] Level 1:colcon.colcon_core.package_identification:_identify(src/PlayStation-JoyInterface-ROS2/p9n_bringup) by extension 'ignore'
[0.330s] Level 1:colcon.colcon_core.package_identification:_identify(src/PlayStation-JoyInterface-ROS2/p9n_bringup) by extension 'ignore_ament_install'
[0.330s] Level 1:colcon.colcon_core.package_identification:_identify(src/PlayStation-JoyInterface-ROS2/p9n_bringup) by extensions ['colcon_pkg']
[0.330s] Level 1:colcon.colcon_core.package_identification:_identify(src/PlayStation-JoyInterface-ROS2/p9n_bringup) by extension 'colcon_pkg'
[0.330s] Level 1:colcon.colcon_core.package_identification:_identify(src/PlayStation-JoyInterface-ROS2/p9n_bringup) by extensions ['colcon_meta']
[0.330s] Level 1:colcon.colcon_core.package_identification:_identify(src/PlayStation-JoyInterface-ROS2/p9n_bringup) by extension 'colcon_meta'
[0.330s] Level 1:colcon.colcon_core.package_identification:_identify(src/PlayStation-JoyInterface-ROS2/p9n_bringup) by extensions ['ros']
[0.331s] Level 1:colcon.colcon_core.package_identification:_identify(src/PlayStation-JoyInterface-ROS2/p9n_bringup) by extension 'ros'
[0.331s] DEBUG:colcon.colcon_core.package_identification:Package 'src/PlayStation-JoyInterface-ROS2/p9n_bringup' with type 'ros.ament_python' and name 'p9n_bringup'
[0.331s] Level 1:colcon.colcon_core.package_identification:_identify(src/PlayStation-JoyInterface-ROS2/p9n_example) by extensions ['ignore', 'ignore_ament_install']
[0.331s] Level 1:colcon.colcon_core.package_identification:_identify(src/PlayStation-JoyInterface-ROS2/p9n_example) by extension 'ignore'
[0.331s] Level 1:colcon.colcon_core.package_identification:_identify(src/PlayStation-JoyInterface-ROS2/p9n_example) by extension 'ignore_ament_install'
[0.331s] Level 1:colcon.colcon_core.package_identification:_identify(src/PlayStation-JoyInterface-ROS2/p9n_example) by extensions ['colcon_pkg']
[0.331s] Level 1:colcon.colcon_core.package_identification:_identify(src/PlayStation-JoyInterface-ROS2/p9n_example) by extension 'colcon_pkg'
[0.331s] Level 1:colcon.colcon_core.package_identification:_identify(src/PlayStation-JoyInterface-ROS2/p9n_example) by extensions ['colcon_meta']
[0.331s] Level 1:colcon.colcon_core.package_identification:_identify(src/PlayStation-JoyInterface-ROS2/p9n_example) by extension 'colcon_meta'
[0.331s] Level 1:colcon.colcon_core.package_identification:_identify(src/PlayStation-JoyInterface-ROS2/p9n_example) by extensions ['ros']
[0.332s] Level 1:colcon.colcon_core.package_identification:_identify(src/PlayStation-JoyInterface-ROS2/p9n_example) by extension 'ros'
[0.332s] DEBUG:colcon.colcon_core.package_identification:Package 'src/PlayStation-JoyInterface-ROS2/p9n_example' with type 'ros.ament_cmake' and name 'p9n_example'
[0.332s] Level 1:colcon.colcon_core.package_identification:_identify(src/PlayStation-JoyInterface-ROS2/p9n_interface) by extensions ['ignore', 'ignore_ament_install']
[0.332s] Level 1:colcon.colcon_core.package_identification:_identify(src/PlayStation-JoyInterface-ROS2/p9n_interface) by extension 'ignore'
[0.332s] Level 1:colcon.colcon_core.package_identification:_identify(src/PlayStation-JoyInterface-ROS2/p9n_interface) by extension 'ignore_ament_install'
[0.332s] Level 1:colcon.colcon_core.package_identification:_identify(src/PlayStation-JoyInterface-ROS2/p9n_interface) by extensions ['colcon_pkg']
[0.332s] Level 1:colcon.colcon_core.package_identification:_identify(src/PlayStation-JoyInterface-ROS2/p9n_interface) by extension 'colcon_pkg'
[0.332s] Level 1:colcon.colcon_core.package_identification:_identify(src/PlayStation-JoyInterface-ROS2/p9n_interface) by extensions ['colcon_meta']
[0.333s] Level 1:colcon.colcon_core.package_identification:_identify(src/PlayStation-JoyInterface-ROS2/p9n_interface) by extension 'colcon_meta'
[0.333s] Level 1:colcon.colcon_core.package_identification:_identify(src/PlayStation-JoyInterface-ROS2/p9n_interface) by extensions ['ros']
[0.333s] Level 1:colcon.colcon_core.package_identification:_identify(src/PlayStation-JoyInterface-ROS2/p9n_interface) by extension 'ros'
[0.333s] DEBUG:colcon.colcon_core.package_identification:Package 'src/PlayStation-JoyInterface-ROS2/p9n_interface' with type 'ros.ament_cmake' and name 'p9n_interface'
[0.333s] Level 1:colcon.colcon_core.package_identification:_identify(src/PlayStation-JoyInterface-ROS2/p9n_node) by extensions ['ignore', 'ignore_ament_install']
[0.333s] Level 1:colcon.colcon_core.package_identification:_identify(src/PlayStation-JoyInterface-ROS2/p9n_node) by extension 'ignore'
[0.334s] Level 1:colcon.colcon_core.package_identification:_identify(src/PlayStation-JoyInterface-ROS2/p9n_node) by extension 'ignore_ament_install'
[0.334s] Level 1:colcon.colcon_core.package_identification:_identify(src/PlayStation-JoyInterface-ROS2/p9n_node) by extensions ['colcon_pkg']
[0.334s] Level 1:colcon.colcon_core.package_identification:_identify(src/PlayStation-JoyInterface-ROS2/p9n_node) by extension 'colcon_pkg'
[0.334s] Level 1:colcon.colcon_core.package_identification:_identify(src/PlayStation-JoyInterface-ROS2/p9n_node) by extensions ['colcon_meta']
[0.334s] Level 1:colcon.colcon_core.package_identification:_identify(src/PlayStation-JoyInterface-ROS2/p9n_node) by extension 'colcon_meta'
[0.334s] Level 1:colcon.colcon_core.package_identification:_identify(src/PlayStation-JoyInterface-ROS2/p9n_node) by extensions ['ros']
[0.334s] Level 1:colcon.colcon_core.package_identification:_identify(src/PlayStation-JoyInterface-ROS2/p9n_node) by extension 'ros'
[0.334s] DEBUG:colcon.colcon_core.package_identification:Package 'src/PlayStation-JoyInterface-ROS2/p9n_node' with type 'ros.ament_cmake' and name 'p9n_node'
[0.335s] Level 1:colcon.colcon_core.package_identification:_identify(src/PlayStation-JoyInterface-ROS2/p9n_test) by extensions ['ignore', 'ignore_ament_install']
[0.335s] Level 1:colcon.colcon_core.package_identification:_identify(src/PlayStation-JoyInterface-ROS2/p9n_test) by extension 'ignore'
[0.335s] Level 1:colcon.colcon_core.package_identification:_identify(src/PlayStation-JoyInterface-ROS2/p9n_test) by extension 'ignore_ament_install'
[0.335s] Level 1:colcon.colcon_core.package_identification:_identify(src/PlayStation-JoyInterface-ROS2/p9n_test) by extensions ['colcon_pkg']
[0.335s] Level 1:colcon.colcon_core.package_identification:_identify(src/PlayStation-JoyInterface-ROS2/p9n_test) by extension 'colcon_pkg'
[0.335s] Level 1:colcon.colcon_core.package_identification:_identify(src/PlayStation-JoyInterface-ROS2/p9n_test) by extensions ['colcon_meta']
[0.335s] Level 1:colcon.colcon_core.package_identification:_identify(src/PlayStation-JoyInterface-ROS2/p9n_test) by extension 'colcon_meta'
[0.335s] Level 1:colcon.colcon_core.package_identification:_identify(src/PlayStation-JoyInterface-ROS2/p9n_test) by extensions ['ros']
[0.335s] Level 1:colcon.colcon_core.package_identification:_identify(src/PlayStation-JoyInterface-ROS2/p9n_test) by extension 'ros'
[0.335s] DEBUG:colcon.colcon_core.package_identification:Package 'src/PlayStation-JoyInterface-ROS2/p9n_test' with type 'ros.ament_cmake' and name 'p9n_test'
[0.336s] Level 1:colcon.colcon_core.package_identification:_identify(third_party) by extensions ['ignore', 'ignore_ament_install']
[0.336s] Level 1:colcon.colcon_core.package_identification:_identify(third_party) by extension 'ignore'
[0.336s] Level 1:colcon.colcon_core.package_identification:_identify(third_party) by extension 'ignore_ament_install'
[0.336s] Level 1:colcon.colcon_core.package_identification:_identify(third_party) by extensions ['colcon_pkg']
[0.336s] Level 1:colcon.colcon_core.package_identification:_identify(third_party) by extension 'colcon_pkg'
[0.336s] Level 1:colcon.colcon_core.package_identification:_identify(third_party) by extensions ['colcon_meta']
[0.336s] Level 1:colcon.colcon_core.package_identification:_identify(third_party) by extension 'colcon_meta'
[0.336s] Level 1:colcon.colcon_core.package_identification:_identify(third_party) by extensions ['ros']
[0.336s] Level 1:colcon.colcon_core.package_identification:_identify(third_party) by extension 'ros'
[0.336s] Level 1:colcon.colcon_core.package_identification:_identify(third_party) by extensions ['cmake', 'python']
[0.336s] Level 1:colcon.colcon_core.package_identification:_identify(third_party) by extension 'cmake'
[0.336s] Level 1:colcon.colcon_core.package_identification:_identify(third_party) by extension 'python'
[0.336s] Level 1:colcon.colcon_core.package_identification:_identify(third_party) by extensions ['python_setup_py']
[0.336s] Level 1:colcon.colcon_core.package_identification:_identify(third_party) by extension 'python_setup_py'
[0.336s] Level 1:colcon.colcon_core.package_identification:_identify(third_party/TCP-IP-4Axis-Python) by extensions ['ignore', 'ignore_ament_install']
[0.336s] Level 1:colcon.colcon_core.package_identification:_identify(third_party/TCP-IP-4Axis-Python) by extension 'ignore'
[0.337s] Level 1:colcon.colcon_core.package_identification:_identify(third_party/TCP-IP-4Axis-Python) by extension 'ignore_ament_install'
[0.337s] Level 1:colcon.colcon_core.package_identification:_identify(third_party/TCP-IP-4Axis-Python) by extensions ['colcon_pkg']
[0.337s] Level 1:colcon.colcon_core.package_identification:_identify(third_party/TCP-IP-4Axis-Python) by extension 'colcon_pkg'
[0.337s] Level 1:colcon.colcon_core.package_identification:_identify(third_party/TCP-IP-4Axis-Python) by extensions ['colcon_meta']
[0.337s] Level 1:colcon.colcon_core.package_identification:_identify(third_party/TCP-IP-4Axis-Python) by extension 'colcon_meta'
[0.337s] Level 1:colcon.colcon_core.package_identification:_identify(third_party/TCP-IP-4Axis-Python) by extensions ['ros']
[0.337s] Level 1:colcon.colcon_core.package_identification:_identify(third_party/TCP-IP-4Axis-Python) by extension 'ros'
[0.337s] Level 1:colcon.colcon_core.package_identification:_identify(third_party/TCP-IP-4Axis-Python) by extensions ['cmake', 'python']
[0.337s] Level 1:colcon.colcon_core.package_identification:_identify(third_party/TCP-IP-4Axis-Python) by extension 'cmake'
[0.337s] Level 1:colcon.colcon_core.package_identification:_identify(third_party/TCP-IP-4Axis-Python) by extension 'python'
[0.337s] Level 1:colcon.colcon_core.package_identification:_identify(third_party/TCP-IP-4Axis-Python) by extensions ['python_setup_py']
[0.337s] Level 1:colcon.colcon_core.package_identification:_identify(third_party/TCP-IP-4Axis-Python) by extension 'python_setup_py'
[0.337s] Level 1:colcon.colcon_core.package_identification:_identify(third_party/TCP-IP-4Axis-Python/__pycache__) by extensions ['ignore', 'ignore_ament_install']
[0.337s] Level 1:colcon.colcon_core.package_identification:_identify(third_party/TCP-IP-4Axis-Python/__pycache__) by extension 'ignore'
[0.337s] Level 1:colcon.colcon_core.package_identification:_identify(third_party/TCP-IP-4Axis-Python/__pycache__) by extension 'ignore_ament_install'
[0.337s] Level 1:colcon.colcon_core.package_identification:_identify(third_party/TCP-IP-4Axis-Python/__pycache__) by extensions ['colcon_pkg']
[0.337s] Level 1:colcon.colcon_core.package_identification:_identify(third_party/TCP-IP-4Axis-Python/__pycache__) by extension 'colcon_pkg'
[0.337s] Level 1:colcon.colcon_core.package_identification:_identify(third_party/TCP-IP-4Axis-Python/__pycache__) by extensions ['colcon_meta']
[0.337s] Level 1:colcon.colcon_core.package_identification:_identify(third_party/TCP-IP-4Axis-Python/__pycache__) by extension 'colcon_meta'
[0.337s] Level 1:colcon.colcon_core.package_identification:_identify(third_party/TCP-IP-4Axis-Python/__pycache__) by extensions ['ros']
[0.338s] Level 1:colcon.colcon_core.package_identification:_identify(third_party/TCP-IP-4Axis-Python/__pycache__) by extension 'ros'
[0.338s] Level 1:colcon.colcon_core.package_identification:_identify(third_party/TCP-IP-4Axis-Python/__pycache__) by extensions ['cmake', 'python']
[0.338s] Level 1:colcon.colcon_core.package_identification:_identify(third_party/TCP-IP-4Axis-Python/__pycache__) by extension 'cmake'
[0.338s] Level 1:colcon.colcon_core.package_identification:_identify(third_party/TCP-IP-4Axis-Python/__pycache__) by extension 'python'
[0.338s] Level 1:colcon.colcon_core.package_identification:_identify(third_party/TCP-IP-4Axis-Python/__pycache__) by extensions ['python_setup_py']
[0.338s] Level 1:colcon.colcon_core.package_identification:_identify(third_party/TCP-IP-4Axis-Python/__pycache__) by extension 'python_setup_py'
[0.338s] Level 1:colcon.colcon_core.package_identification:_identify(third_party/TCP-IP-4Axis-Python/files) by extensions ['ignore', 'ignore_ament_install']
[0.338s] Level 1:colcon.colcon_core.package_identification:_identify(third_party/TCP-IP-4Axis-Python/files) by extension 'ignore'
[0.338s] Level 1:colcon.colcon_core.package_identification:_identify(third_party/TCP-IP-4Axis-Python/files) by extension 'ignore_ament_install'
[0.338s] Level 1:colcon.colcon_core.package_identification:_identify(third_party/TCP-IP-4Axis-Python/files) by extensions ['colcon_pkg']
[0.338s] Level 1:colcon.colcon_core.package_identification:_identify(third_party/TCP-IP-4Axis-Python/files) by extension 'colcon_pkg'
[0.338s] Level 1:colcon.colcon_core.package_identification:_identify(third_party/TCP-IP-4Axis-Python/files) by extensions ['colcon_meta']
[0.338s] Level 1:colcon.colcon_core.package_identification:_identify(third_party/TCP-IP-4Axis-Python/files) by extension 'colcon_meta'
[0.338s] Level 1:colcon.colcon_core.package_identification:_identify(third_party/TCP-IP-4Axis-Python/files) by extensions ['ros']
[0.338s] Level 1:colcon.colcon_core.package_identification:_identify(third_party/TCP-IP-4Axis-Python/files) by extension 'ros'
[0.338s] Level 1:colcon.colcon_core.package_identification:_identify(third_party/TCP-IP-4Axis-Python/files) by extensions ['cmake', 'python']
[0.338s] Level 1:colcon.colcon_core.package_identification:_identify(third_party/TCP-IP-4Axis-Python/files) by extension 'cmake'
[0.338s] Level 1:colcon.colcon_core.package_identification:_identify(third_party/TCP-IP-4Axis-Python/files) by extension 'python'
[0.338s] Level 1:colcon.colcon_core.package_identification:_identify(third_party/TCP-IP-4Axis-Python/files) by extensions ['python_setup_py']
[0.338s] Level 1:colcon.colcon_core.package_identification:_identify(third_party/TCP-IP-4Axis-Python/files) by extension 'python_setup_py'
[0.339s] Level 1:colcon.colcon_core.package_identification:_identify(third_party/TCP-IP-4Axis-Python/files/__pycache__) by extensions ['ignore', 'ignore_ament_install']
[0.339s] Level 1:colcon.colcon_core.package_identification:_identify(third_party/TCP-IP-4Axis-Python/files/__pycache__) by extension 'ignore'
[0.339s] Level 1:colcon.colcon_core.package_identification:_identify(third_party/TCP-IP-4Axis-Python/files/__pycache__) by extension 'ignore_ament_install'
[0.339s] Level 1:colcon.colcon_core.package_identification:_identify(third_party/TCP-IP-4Axis-Python/files/__pycache__) by extensions ['colcon_pkg']
[0.339s] Level 1:colcon.colcon_core.package_identification:_identify(third_party/TCP-IP-4Axis-Python/files/__pycache__) by extension 'colcon_pkg'
[0.339s] Level 1:colcon.colcon_core.package_identification:_identify(third_party/TCP-IP-4Axis-Python/files/__pycache__) by extensions ['colcon_meta']
[0.339s] Level 1:colcon.colcon_core.package_identification:_identify(third_party/TCP-IP-4Axis-Python/files/__pycache__) by extension 'colcon_meta'
[0.339s] Level 1:colcon.colcon_core.package_identification:_identify(third_party/TCP-IP-4Axis-Python/files/__pycache__) by extensions ['ros']
[0.339s] Level 1:colcon.colcon_core.package_identification:_identify(third_party/TCP-IP-4Axis-Python/files/__pycache__) by extension 'ros'
[0.339s] Level 1:colcon.colcon_core.package_identification:_identify(third_party/TCP-IP-4Axis-Python/files/__pycache__) by extensions ['cmake', 'python']
[0.339s] Level 1:colcon.colcon_core.package_identification:_identify(third_party/TCP-IP-4Axis-Python/files/__pycache__) by extension 'cmake'
[0.339s] Level 1:colcon.colcon_core.package_identification:_identify(third_party/TCP-IP-4Axis-Python/files/__pycache__) by extension 'python'
[0.339s] Level 1:colcon.colcon_core.package_identification:_identify(third_party/TCP-IP-4Axis-Python/files/__pycache__) by extensions ['python_setup_py']
[0.339s] Level 1:colcon.colcon_core.package_identification:_identify(third_party/TCP-IP-4Axis-Python/files/__pycache__) by extension 'python_setup_py'
[0.339s] Level 1:colcon.colcon_core.package_identification:_identify(third_party/TCP-IP-4Axis-Python/images) by extensions ['ignore', 'ignore_ament_install']
[0.339s] Level 1:colcon.colcon_core.package_identification:_identify(third_party/TCP-IP-4Axis-Python/images) by extension 'ignore'
[0.340s] Level 1:colcon.colcon_core.package_identification:_identify(third_party/TCP-IP-4Axis-Python/images) by extension 'ignore_ament_install'
[0.340s] Level 1:colcon.colcon_core.package_identification:_identify(third_party/TCP-IP-4Axis-Python/images) by extensions ['colcon_pkg']
[0.340s] Level 1:colcon.colcon_core.package_identification:_identify(third_party/TCP-IP-4Axis-Python/images) by extension 'colcon_pkg'
[0.340s] Level 1:colcon.colcon_core.package_identification:_identify(third_party/TCP-IP-4Axis-Python/images) by extensions ['colcon_meta']
[0.340s] Level 1:colcon.colcon_core.package_identification:_identify(third_party/TCP-IP-4Axis-Python/images) by extension 'colcon_meta'
[0.340s] Level 1:colcon.colcon_core.package_identification:_identify(third_party/TCP-IP-4Axis-Python/images) by extensions ['ros']
[0.340s] Level 1:colcon.colcon_core.package_identification:_identify(third_party/TCP-IP-4Axis-Python/images) by extension 'ros'
[0.340s] Level 1:colcon.colcon_core.package_identification:_identify(third_party/TCP-IP-4Axis-Python/images) by extensions ['cmake', 'python']
[0.340s] Level 1:colcon.colcon_core.package_identification:_identify(third_party/TCP-IP-4Axis-Python/images) by extension 'cmake'
[0.340s] Level 1:colcon.colcon_core.package_identification:_identify(third_party/TCP-IP-4Axis-Python/images) by extension 'python'
[0.340s] Level 1:colcon.colcon_core.package_identification:_identify(third_party/TCP-IP-4Axis-Python/images) by extensions ['python_setup_py']
[0.340s] Level 1:colcon.colcon_core.package_identification:_identify(third_party/TCP-IP-4Axis-Python/images) by extension 'python_setup_py'
[0.340s] Level 1:colcon.colcon_core.package_identification:_identify(third_party/TCP-IP-4Axis-Python/picture) by extensions ['ignore', 'ignore_ament_install']
[0.340s] Level 1:colcon.colcon_core.package_identification:_identify(third_party/TCP-IP-4Axis-Python/picture) by extension 'ignore'
[0.340s] Level 1:colcon.colcon_core.package_identification:_identify(third_party/TCP-IP-4Axis-Python/picture) by extension 'ignore_ament_install'
[0.340s] Level 1:colcon.colcon_core.package_identification:_identify(third_party/TCP-IP-4Axis-Python/picture) by extensions ['colcon_pkg']
[0.340s] Level 1:colcon.colcon_core.package_identification:_identify(third_party/TCP-IP-4Axis-Python/picture) by extension 'colcon_pkg'
[0.340s] Level 1:colcon.colcon_core.package_identification:_identify(third_party/TCP-IP-4Axis-Python/picture) by extensions ['colcon_meta']
[0.340s] Level 1:colcon.colcon_core.package_identification:_identify(third_party/TCP-IP-4Axis-Python/picture) by extension 'colcon_meta'
[0.341s] Level 1:colcon.colcon_core.package_identification:_identify(third_party/TCP-IP-4Axis-Python/picture) by extensions ['ros']
[0.341s] Level 1:colcon.colcon_core.package_identification:_identify(third_party/TCP-IP-4Axis-Python/picture) by extension 'ros'
[0.341s] Level 1:colcon.colcon_core.package_identification:_identify(third_party/TCP-IP-4Axis-Python/picture) by extensions ['cmake', 'python']
[0.341s] Level 1:colcon.colcon_core.package_identification:_identify(third_party/TCP-IP-4Axis-Python/picture) by extension 'cmake'
[0.341s] Level 1:colcon.colcon_core.package_identification:_identify(third_party/TCP-IP-4Axis-Python/picture) by extension 'python'
[0.341s] Level 1:colcon.colcon_core.package_identification:_identify(third_party/TCP-IP-4Axis-Python/picture) by extensions ['python_setup_py']
[0.341s] Level 1:colcon.colcon_core.package_identification:_identify(third_party/TCP-IP-4Axis-Python/picture) by extension 'python_setup_py'
[0.341s] Level 1:colcon.colcon_core.package_discovery:discover_packages(recursive) using defaults
[0.341s] Level 1:colcon.colcon_core.package_discovery:discover_packages(ignore) discover
[0.341s] Level 1:colcon.colcon_core.package_discovery:discover_packages(ignore) using defaults
[0.341s] Level 1:colcon.colcon_core.package_discovery:discover_packages(path) discover
[0.341s] Level 1:colcon.colcon_core.package_discovery:discover_packages(path) using defaults
[0.383s] Level 5:colcon.colcon_core.verb:set package 'mg400_common' build argument 'cmake_args' from command line to 'None'
[0.383s] Level 5:colcon.colcon_core.verb:set package 'mg400_common' build argument 'cmake_target' from command line to 'None'
[0.383s] Level 5:colcon.colcon_core.verb:set package 'mg400_common' build argument 'cmake_target_skip_unavailable' from command line to 'False'
[0.384s] Level 5:colcon.colcon_core.verb:set package 'mg400_common' build argument 'cmake_clean_cache' from command line to 'False'
[0.384s] Level 5:colcon.colcon_core.verb:set package 'mg400_common' build argument 'cmake_clean_first' from command line to 'False'
[0.384s] Level 5:colcon.colcon_core.verb:set package 'mg400_common' build argument 'cmake_force_configure' from command line to 'False'
[0.384s] Level 5:colcon.colcon_core.verb:set package 'mg400_common' build argument 'ament_cmake_args' from command line to 'None'
[0.384s] Level 5:colcon.colcon_core.verb:set package 'mg400_common' build argument 'catkin_cmake_args' from command line to 'None'
[0.384s] Level 5:colcon.colcon_core.verb:set package 'mg400_common' build argument 'catkin_skip_building_tests' from command line to 'False'
[0.384s] DEBUG:colcon.colcon_core.verb:Building package 'mg400_common' with the following arguments: {'ament_cmake_args': None, 'build_base': '/root/ros2_ws/build/mg400_common', 'catkin_cmake_args': None, 'catkin_skip_building_tests': False, 'cmake_args': None, 'cmake_clean_cache': False, 'cmake_clean_first': False, 'cmake_force_configure': False, 'cmake_target': None, 'cmake_target_skip_unavailable': False, 'install_base': '/root/ros2_ws/install/mg400_common', 'merge_install': False, 'path': '/root/ros2_ws/src/MG400_ROS2/mg400_common', 'symlink_install': False, 'test_result_base': None}
[0.384s] Level 5:colcon.colcon_core.verb:set package 'mg400_description' build argument 'cmake_args' from command line to 'None'
[0.384s] Level 5:colcon.colcon_core.verb:set package 'mg400_description' build argument 'cmake_target' from command line to 'None'
[0.384s] Level 5:colcon.colcon_core.verb:set package 'mg400_description' build argument 'cmake_target_skip_unavailable' from command line to 'False'
[0.384s] Level 5:colcon.colcon_core.verb:set package 'mg400_description' build argument 'cmake_clean_cache' from command line to 'False'
[0.384s] Level 5:colcon.colcon_core.verb:set package 'mg400_description' build argument 'cmake_clean_first' from command line to 'False'
[0.384s] Level 5:colcon.colcon_core.verb:set package 'mg400_description' build argument 'cmake_force_configure' from command line to 'False'
[0.384s] Level 5:colcon.colcon_core.verb:set package 'mg400_description' build argument 'ament_cmake_args' from command line to 'None'
[0.384s] Level 5:colcon.colcon_core.verb:set package 'mg400_description' build argument 'catkin_cmake_args' from command line to 'None'
[0.384s] Level 5:colcon.colcon_core.verb:set package 'mg400_description' build argument 'catkin_skip_building_tests' from command line to 'False'
[0.384s] DEBUG:colcon.colcon_core.verb:Building package 'mg400_description' with the following arguments: {'ament_cmake_args': None, 'build_base': '/root/ros2_ws/build/mg400_description', 'catkin_cmake_args': None, 'catkin_skip_building_tests': False, 'cmake_args': None, 'cmake_clean_cache': False, 'cmake_clean_first': False, 'cmake_force_configure': False, 'cmake_target': None, 'cmake_target_skip_unavailable': False, 'install_base': '/root/ros2_ws/install/mg400_description', 'merge_install': False, 'path': '/root/ros2_ws/src/MG400_ROS2/mg400_description', 'symlink_install': False, 'test_result_base': None}
[0.385s] Level 5:colcon.colcon_core.verb:set package 'mg400_msgs' build argument 'cmake_args' from command line to 'None'
[0.385s] Level 5:colcon.colcon_core.verb:set package 'mg400_msgs' build argument 'cmake_target' from command line to 'None'
[0.385s] Level 5:colcon.colcon_core.verb:set package 'mg400_msgs' build argument 'cmake_target_skip_unavailable' from command line to 'False'
[0.385s] Level 5:colcon.colcon_core.verb:set package 'mg400_msgs' build argument 'cmake_clean_cache' from command line to 'False'
[0.385s] Level 5:colcon.colcon_core.verb:set package 'mg400_msgs' build argument 'cmake_clean_first' from command line to 'False'
[0.385s] Level 5:colcon.colcon_core.verb:set package 'mg400_msgs' build argument 'cmake_force_configure' from command line to 'False'
[0.385s] Level 5:colcon.colcon_core.verb:set package 'mg400_msgs' build argument 'ament_cmake_args' from command line to 'None'
[0.385s] Level 5:colcon.colcon_core.verb:set package 'mg400_msgs' build argument 'catkin_cmake_args' from command line to 'None'
[0.385s] Level 5:colcon.colcon_core.verb:set package 'mg400_msgs' build argument 'catkin_skip_building_tests' from command line to 'False'
[0.385s] DEBUG:colcon.colcon_core.verb:Building package 'mg400_msgs' with the following arguments: {'ament_cmake_args': None, 'build_base': '/root/ros2_ws/build/mg400_msgs', 'catkin_cmake_args': None, 'catkin_skip_building_tests': False, 'cmake_args': None, 'cmake_clean_cache': False, 'cmake_clean_first': False, 'cmake_force_configure': False, 'cmake_target': None, 'cmake_target_skip_unavailable': False, 'install_base': '/root/ros2_ws/install/mg400_msgs', 'merge_install': False, 'path': '/root/ros2_ws/src/MG400_ROS2/mg400_msgs', 'symlink_install': False, 'test_result_base': None}
[0.385s] Level 5:colcon.colcon_core.verb:set package 'p9n_interface' build argument 'cmake_args' from command line to 'None'
[0.385s] Level 5:colcon.colcon_core.verb:set package 'p9n_interface' build argument 'cmake_target' from command line to 'None'
[0.385s] Level 5:colcon.colcon_core.verb:set package 'p9n_interface' build argument 'cmake_target_skip_unavailable' from command line to 'False'
[0.385s] Level 5:colcon.colcon_core.verb:set package 'p9n_interface' build argument 'cmake_clean_cache' from command line to 'False'
[0.386s] Level 5:colcon.colcon_core.verb:set package 'p9n_interface' build argument 'cmake_clean_first' from command line to 'False'
[0.386s] Level 5:colcon.colcon_core.verb:set package 'p9n_interface' build argument 'cmake_force_configure' from command line to 'False'
[0.386s] Level 5:colcon.colcon_core.verb:set package 'p9n_interface' build argument 'ament_cmake_args' from command line to 'None'
[0.386s] Level 5:colcon.colcon_core.verb:set package 'p9n_interface' build argument 'catkin_cmake_args' from command line to 'None'
[0.386s] Level 5:colcon.colcon_core.verb:set package 'p9n_interface' build argument 'catkin_skip_building_tests' from command line to 'False'
[0.386s] DEBUG:colcon.colcon_core.verb:Building package 'p9n_interface' with the following arguments: {'ament_cmake_args': None, 'build_base': '/root/ros2_ws/build/p9n_interface', 'catkin_cmake_args': None, 'catkin_skip_building_tests': False, 'cmake_args': None, 'cmake_clean_cache': False, 'cmake_clean_first': False, 'cmake_force_configure': False, 'cmake_target': None, 'cmake_target_skip_unavailable': False, 'install_base': '/root/ros2_ws/install/p9n_interface', 'merge_install': False, 'path': '/root/ros2_ws/src/PlayStation-JoyInterface-ROS2/p9n_interface', 'symlink_install': False, 'test_result_base': None}
[0.386s] Level 5:colcon.colcon_core.verb:set package 'mg400_interface' build argument 'cmake_args' from command line to 'None'
[0.386s] Level 5:colcon.colcon_core.verb:set package 'mg400_interface' build argument 'cmake_target' from command line to 'None'
[0.386s] Level 5:colcon.colcon_core.verb:set package 'mg400_interface' build argument 'cmake_target_skip_unavailable' from command line to 'False'
[0.386s] Level 5:colcon.colcon_core.verb:set package 'mg400_interface' build argument 'cmake_clean_cache' from command line to 'False'
[0.386s] Level 5:colcon.colcon_core.verb:set package 'mg400_interface' build argument 'cmake_clean_first' from command line to 'False'
[0.386s] Level 5:colcon.colcon_core.verb:set package 'mg400_interface' build argument 'cmake_force_configure' from command line to 'False'
[0.386s] Level 5:colcon.colcon_core.verb:set package 'mg400_interface' build argument 'ament_cmake_args' from command line to 'None'
[0.386s] Level 5:colcon.colcon_core.verb:set package 'mg400_interface' build argument 'catkin_cmake_args' from command line to 'None'
[0.386s] Level 5:colcon.colcon_core.verb:set package 'mg400_interface' build argument 'catkin_skip_building_tests' from command line to 'False'
[0.386s] DEBUG:colcon.colcon_core.verb:Building package 'mg400_interface' with the following arguments: {'ament_cmake_args': None, 'build_base': '/root/ros2_ws/build/mg400_interface', 'catkin_cmake_args': None, 'catkin_skip_building_tests': False, 'cmake_args': None, 'cmake_clean_cache': False, 'cmake_clean_first': False, 'cmake_force_configure': False, 'cmake_target': None, 'cmake_target_skip_unavailable': False, 'install_base': '/root/ros2_ws/install/mg400_interface', 'merge_install': False, 'path': '/root/ros2_ws/src/MG400_ROS2/mg400_interface', 'symlink_install': False, 'test_result_base': None}
[0.387s] Level 5:colcon.colcon_core.verb:set package 'mg400_tools' build argument 'cmake_args' from command line to 'None'
[0.387s] Level 5:colcon.colcon_core.verb:set package 'mg400_tools' build argument 'cmake_target' from command line to 'None'
[0.387s] Level 5:colcon.colcon_core.verb:set package 'mg400_tools' build argument 'cmake_target_skip_unavailable' from command line to 'False'
[0.387s] Level 5:colcon.colcon_core.verb:set package 'mg400_tools' build argument 'cmake_clean_cache' from command line to 'False'
[0.387s] Level 5:colcon.colcon_core.verb:set package 'mg400_tools' build argument 'cmake_clean_first' from command line to 'False'
[0.387s] Level 5:colcon.colcon_core.verb:set package 'mg400_tools' build argument 'cmake_force_configure' from command line to 'False'
[0.387s] Level 5:colcon.colcon_core.verb:set package 'mg400_tools' build argument 'ament_cmake_args' from command line to 'None'
[0.387s] Level 5:colcon.colcon_core.verb:set package 'mg400_tools' build argument 'catkin_cmake_args' from command line to 'None'
[0.387s] Level 5:colcon.colcon_core.verb:set package 'mg400_tools' build argument 'catkin_skip_building_tests' from command line to 'False'
[0.387s] DEBUG:colcon.colcon_core.verb:Building package 'mg400_tools' with the following arguments: {'ament_cmake_args': None, 'build_base': '/root/ros2_ws/build/mg400_tools', 'catkin_cmake_args': None, 'catkin_skip_building_tests': False, 'cmake_args': None, 'cmake_clean_cache': False, 'cmake_clean_first': False, 'cmake_force_configure': False, 'cmake_target': None, 'cmake_target_skip_unavailable': False, 'install_base': '/root/ros2_ws/install/mg400_tools', 'merge_install': False, 'path': '/root/ros2_ws/src/MG400_ROS2/mg400_tools', 'symlink_install': False, 'test_result_base': None}
[0.387s] Level 5:colcon.colcon_core.verb:set package 'p9n_example' build argument 'cmake_args' from command line to 'None'
[0.387s] Level 5:colcon.colcon_core.verb:set package 'p9n_example' build argument 'cmake_target' from command line to 'None'
[0.387s] Level 5:colcon.colcon_core.verb:set package 'p9n_example' build argument 'cmake_target_skip_unavailable' from command line to 'False'
[0.387s] Level 5:colcon.colcon_core.verb:set package 'p9n_example' build argument 'cmake_clean_cache' from command line to 'False'
[0.387s] Level 5:colcon.colcon_core.verb:set package 'p9n_example' build argument 'cmake_clean_first' from command line to 'False'
[0.387s] Level 5:colcon.colcon_core.verb:set package 'p9n_example' build argument 'cmake_force_configure' from command line to 'False'
[0.388s] Level 5:colcon.colcon_core.verb:set package 'p9n_example' build argument 'ament_cmake_args' from command line to 'None'
[0.388s] Level 5:colcon.colcon_core.verb:set package 'p9n_example' build argument 'catkin_cmake_args' from command line to 'None'
[0.388s] Level 5:colcon.colcon_core.verb:set package 'p9n_example' build argument 'catkin_skip_building_tests' from command line to 'False'
[0.388s] DEBUG:colcon.colcon_core.verb:Building package 'p9n_example' with the following arguments: {'ament_cmake_args': None, 'build_base': '/root/ros2_ws/build/p9n_example', 'catkin_cmake_args': None, 'catkin_skip_building_tests': False, 'cmake_args': None, 'cmake_clean_cache': False, 'cmake_clean_first': False, 'cmake_force_configure': False, 'cmake_target': None, 'cmake_target_skip_unavailable': False, 'install_base': '/root/ros2_ws/install/p9n_example', 'merge_install': False, 'path': '/root/ros2_ws/src/PlayStation-JoyInterface-ROS2/p9n_example', 'symlink_install': False, 'test_result_base': None}
[0.388s] Level 5:colcon.colcon_core.verb:set package 'p9n_node' build argument 'cmake_args' from command line to 'None'
[0.388s] Level 5:colcon.colcon_core.verb:set package 'p9n_node' build argument 'cmake_target' from command line to 'None'
[0.388s] Level 5:colcon.colcon_core.verb:set package 'p9n_node' build argument 'cmake_target_skip_unavailable' from command line to 'False'
[0.388s] Level 5:colcon.colcon_core.verb:set package 'p9n_node' build argument 'cmake_clean_cache' from command line to 'False'
[0.388s] Level 5:colcon.colcon_core.verb:set package 'p9n_node' build argument 'cmake_clean_first' from command line to 'False'
[0.388s] Level 5:colcon.colcon_core.verb:set package 'p9n_node' build argument 'cmake_force_configure' from command line to 'False'
[0.388s] Level 5:colcon.colcon_core.verb:set package 'p9n_node' build argument 'ament_cmake_args' from command line to 'None'
[0.388s] Level 5:colcon.colcon_core.verb:set package 'p9n_node' build argument 'catkin_cmake_args' from command line to 'None'
[0.388s] Level 5:colcon.colcon_core.verb:set package 'p9n_node' build argument 'catkin_skip_building_tests' from command line to 'False'
[0.388s] DEBUG:colcon.colcon_core.verb:Building package 'p9n_node' with the following arguments: {'ament_cmake_args': None, 'build_base': '/root/ros2_ws/build/p9n_node', 'catkin_cmake_args': None, 'catkin_skip_building_tests': False, 'cmake_args': None, 'cmake_clean_cache': False, 'cmake_clean_first': False, 'cmake_force_configure': False, 'cmake_target': None, 'cmake_target_skip_unavailable': False, 'install_base': '/root/ros2_ws/install/p9n_node', 'merge_install': False, 'path': '/root/ros2_ws/src/PlayStation-JoyInterface-ROS2/p9n_node', 'symlink_install': False, 'test_result_base': None}
[0.389s] Level 5:colcon.colcon_core.verb:set package 'p9n_test' build argument 'cmake_args' from command line to 'None'
[0.389s] Level 5:colcon.colcon_core.verb:set package 'p9n_test' build argument 'cmake_target' from command line to 'None'
[0.389s] Level 5:colcon.colcon_core.verb:set package 'p9n_test' build argument 'cmake_target_skip_unavailable' from command line to 'False'
[0.389s] Level 5:colcon.colcon_core.verb:set package 'p9n_test' build argument 'cmake_clean_cache' from command line to 'False'
[0.389s] Level 5:colcon.colcon_core.verb:set package 'p9n_test' build argument 'cmake_clean_first' from command line to 'False'
[0.389s] Level 5:colcon.colcon_core.verb:set package 'p9n_test' build argument 'cmake_force_configure' from command line to 'False'
[0.389s] Level 5:colcon.colcon_core.verb:set package 'p9n_test' build argument 'ament_cmake_args' from command line to 'None'
[0.389s] Level 5:colcon.colcon_core.verb:set package 'p9n_test' build argument 'catkin_cmake_args' from command line to 'None'
[0.389s] Level 5:colcon.colcon_core.verb:set package 'p9n_test' build argument 'catkin_skip_building_tests' from command line to 'False'
[0.389s] DEBUG:colcon.colcon_core.verb:Building package 'p9n_test' with the following arguments: {'ament_cmake_args': None, 'build_base': '/root/ros2_ws/build/p9n_test', 'catkin_cmake_args': None, 'catkin_skip_building_tests': False, 'cmake_args': None, 'cmake_clean_cache': False, 'cmake_clean_first': False, 'cmake_force_configure': False, 'cmake_target': None, 'cmake_target_skip_unavailable': False, 'install_base': '/root/ros2_ws/install/p9n_test', 'merge_install': False, 'path': '/root/ros2_ws/src/PlayStation-JoyInterface-ROS2/p9n_test', 'symlink_install': False, 'test_result_base': None}
[0.389s] Level 5:colcon.colcon_core.verb:set package 'mg400_joy' build argument 'cmake_args' from command line to 'None'
[0.389s] Level 5:colcon.colcon_core.verb:set package 'mg400_joy' build argument 'cmake_target' from command line to 'None'
[0.389s] Level 5:colcon.colcon_core.verb:set package 'mg400_joy' build argument 'cmake_target_skip_unavailable' from command line to 'False'
[0.389s] Level 5:colcon.colcon_core.verb:set package 'mg400_joy' build argument 'cmake_clean_cache' from command line to 'False'
[0.389s] Level 5:colcon.colcon_core.verb:set package 'mg400_joy' build argument 'cmake_clean_first' from command line to 'False'
[0.389s] Level 5:colcon.colcon_core.verb:set package 'mg400_joy' build argument 'cmake_force_configure' from command line to 'False'
[0.389s] Level 5:colcon.colcon_core.verb:set package 'mg400_joy' build argument 'ament_cmake_args' from command line to 'None'
[0.389s] Level 5:colcon.colcon_core.verb:set package 'mg400_joy' build argument 'catkin_cmake_args' from command line to 'None'
[0.389s] Level 5:colcon.colcon_core.verb:set package 'mg400_joy' build argument 'catkin_skip_building_tests' from command line to 'False'
[0.389s] DEBUG:colcon.colcon_core.verb:Building package 'mg400_joy' with the following arguments: {'ament_cmake_args': None, 'build_base': '/root/ros2_ws/build/mg400_joy', 'catkin_cmake_args': None, 'catkin_skip_building_tests': False, 'cmake_args': None, 'cmake_clean_cache': False, 'cmake_clean_first': False, 'cmake_force_configure': False, 'cmake_target': None, 'cmake_target_skip_unavailable': False, 'install_base': '/root/ros2_ws/install/mg400_joy', 'merge_install': False, 'path': '/root/ros2_ws/src/MG400_ROS2/mg400_joy', 'symlink_install': False, 'test_result_base': None}
[0.390s] Level 5:colcon.colcon_core.verb:set package 'mg400_plugin_base' build argument 'cmake_args' from command line to 'None'
[0.390s] Level 5:colcon.colcon_core.verb:set package 'mg400_plugin_base' build argument 'cmake_target' from command line to 'None'
[0.390s] Level 5:colcon.colcon_core.verb:set package 'mg400_plugin_base' build argument 'cmake_target_skip_unavailable' from command line to 'False'
[0.390s] Level 5:colcon.colcon_core.verb:set package 'mg400_plugin_base' build argument 'cmake_clean_cache' from command line to 'False'
[0.390s] Level 5:colcon.colcon_core.verb:set package 'mg400_plugin_base' build argument 'cmake_clean_first' from command line to 'False'
[0.390s] Level 5:colcon.colcon_core.verb:set package 'mg400_plugin_base' build argument 'cmake_force_configure' from command line to 'False'
[0.390s] Level 5:colcon.colcon_core.verb:set package 'mg400_plugin_base' build argument 'ament_cmake_args' from command line to 'None'
[0.390s] Level 5:colcon.colcon_core.verb:set package 'mg400_plugin_base' build argument 'catkin_cmake_args' from command line to 'None'
[0.390s] Level 5:colcon.colcon_core.verb:set package 'mg400_plugin_base' build argument 'catkin_skip_building_tests' from command line to 'False'
[0.390s] DEBUG:colcon.colcon_core.verb:Building package 'mg400_plugin_base' with the following arguments: {'ament_cmake_args': None, 'build_base': '/root/ros2_ws/build/mg400_plugin_base', 'catkin_cmake_args': None, 'catkin_skip_building_tests': False, 'cmake_args': None, 'cmake_clean_cache': False, 'cmake_clean_first': False, 'cmake_force_configure': False, 'cmake_target': None, 'cmake_target_skip_unavailable': False, 'install_base': '/root/ros2_ws/install/mg400_plugin_base', 'merge_install': False, 'path': '/root/ros2_ws/src/MG400_ROS2/mg400_plugin_base', 'symlink_install': False, 'test_result_base': None}
[0.390s] Level 5:colcon.colcon_core.verb:set package 'mg400_rviz_plugin' build argument 'cmake_args' from command line to 'None'
[0.390s] Level 5:colcon.colcon_core.verb:set package 'mg400_rviz_plugin' build argument 'cmake_target' from command line to 'None'
[0.390s] Level 5:colcon.colcon_core.verb:set package 'mg400_rviz_plugin' build argument 'cmake_target_skip_unavailable' from command line to 'False'
[0.390s] Level 5:colcon.colcon_core.verb:set package 'mg400_rviz_plugin' build argument 'cmake_clean_cache' from command line to 'False'
[0.390s] Level 5:colcon.colcon_core.verb:set package 'mg400_rviz_plugin' build argument 'cmake_clean_first' from command line to 'False'
[0.390s] Level 5:colcon.colcon_core.verb:set package 'mg400_rviz_plugin' build argument 'cmake_force_configure' from command line to 'False'
[0.390s] Level 5:colcon.colcon_core.verb:set package 'mg400_rviz_plugin' build argument 'ament_cmake_args' from command line to 'None'
[0.390s] Level 5:colcon.colcon_core.verb:set package 'mg400_rviz_plugin' build argument 'catkin_cmake_args' from command line to 'None'
[0.390s] Level 5:colcon.colcon_core.verb:set package 'mg400_rviz_plugin' build argument 'catkin_skip_building_tests' from command line to 'False'
[0.391s] DEBUG:colcon.colcon_core.verb:Building package 'mg400_rviz_plugin' with the following arguments: {'ament_cmake_args': None, 'build_base': '/root/ros2_ws/build/mg400_rviz_plugin', 'catkin_cmake_args': None, 'catkin_skip_building_tests': False, 'cmake_args': None, 'cmake_clean_cache': False, 'cmake_clean_first': False, 'cmake_force_configure': False, 'cmake_target': None, 'cmake_target_skip_unavailable': False, 'install_base': '/root/ros2_ws/install/mg400_rviz_plugin', 'merge_install': False, 'path': '/root/ros2_ws/src/MG400_ROS2/mg400_rviz_plugin', 'symlink_install': False, 'test_result_base': None}
[0.391s] Level 5:colcon.colcon_core.verb:set package 'p9n_bringup' build argument 'cmake_args' from command line to 'None'
[0.391s] Level 5:colcon.colcon_core.verb:set package 'p9n_bringup' build argument 'cmake_target' from command line to 'None'
[0.391s] Level 5:colcon.colcon_core.verb:set package 'p9n_bringup' build argument 'cmake_target_skip_unavailable' from command line to 'False'
[0.391s] Level 5:colcon.colcon_core.verb:set package 'p9n_bringup' build argument 'cmake_clean_cache' from command line to 'False'
[0.391s] Level 5:colcon.colcon_core.verb:set package 'p9n_bringup' build argument 'cmake_clean_first' from command line to 'False'
[0.391s] Level 5:colcon.colcon_core.verb:set package 'p9n_bringup' build argument 'cmake_force_configure' from command line to 'False'
[0.391s] Level 5:colcon.colcon_core.verb:set package 'p9n_bringup' build argument 'ament_cmake_args' from command line to 'None'
[0.391s] Level 5:colcon.colcon_core.verb:set package 'p9n_bringup' build argument 'catkin_cmake_args' from command line to 'None'
[0.391s] Level 5:colcon.colcon_core.verb:set package 'p9n_bringup' build argument 'catkin_skip_building_tests' from command line to 'False'
[0.391s] DEBUG:colcon.colcon_core.verb:Building package 'p9n_bringup' with the following arguments: {'ament_cmake_args': None, 'build_base': '/root/ros2_ws/build/p9n_bringup', 'catkin_cmake_args': None, 'catkin_skip_building_tests': False, 'cmake_args': None, 'cmake_clean_cache': False, 'cmake_clean_first': False, 'cmake_force_configure': False, 'cmake_target': None, 'cmake_target_skip_unavailable': False, 'install_base': '/root/ros2_ws/install/p9n_bringup', 'merge_install': False, 'path': '/root/ros2_ws/src/PlayStation-JoyInterface-ROS2/p9n_bringup', 'symlink_install': False, 'test_result_base': None}
[0.391s] Level 5:colcon.colcon_core.verb:set package 'mg400_plugin' build argument 'cmake_args' from command line to 'None'
[0.391s] Level 5:colcon.colcon_core.verb:set package 'mg400_plugin' build argument 'cmake_target' from command line to 'None'
[0.391s] Level 5:colcon.colcon_core.verb:set package 'mg400_plugin' build argument 'cmake_target_skip_unavailable' from command line to 'False'
[0.392s] Level 5:colcon.colcon_core.verb:set package 'mg400_plugin' build argument 'cmake_clean_cache' from command line to 'False'
[0.392s] Level 5:colcon.colcon_core.verb:set package 'mg400_plugin' build argument 'cmake_clean_first' from command line to 'False'
[0.392s] Level 5:colcon.colcon_core.verb:set package 'mg400_plugin' build argument 'cmake_force_configure' from command line to 'False'
[0.392s] Level 5:colcon.colcon_core.verb:set package 'mg400_plugin' build argument 'ament_cmake_args' from command line to 'None'
[0.392s] Level 5:colcon.colcon_core.verb:set package 'mg400_plugin' build argument 'catkin_cmake_args' from command line to 'None'
[0.392s] Level 5:colcon.colcon_core.verb:set package 'mg400_plugin' build argument 'catkin_skip_building_tests' from command line to 'False'
[0.392s] DEBUG:colcon.colcon_core.verb:Building package 'mg400_plugin' with the following arguments: {'ament_cmake_args': None, 'build_base': '/root/ros2_ws/build/mg400_plugin', 'catkin_cmake_args': None, 'catkin_skip_building_tests': False, 'cmake_args': None, 'cmake_clean_cache': False, 'cmake_clean_first': False, 'cmake_force_configure': False, 'cmake_target': None, 'cmake_target_skip_unavailable': False, 'install_base': '/root/ros2_ws/install/mg400_plugin', 'merge_install': False, 'path': '/root/ros2_ws/src/MG400_ROS2/mg400_plugin', 'symlink_install': False, 'test_result_base': None}
[0.392s] Level 5:colcon.colcon_core.verb:set package 'p9n' build argument 'cmake_args' from command line to 'None'
[0.392s] Level 5:colcon.colcon_core.verb:set package 'p9n' build argument 'cmake_target' from command line to 'None'
[0.392s] Level 5:colcon.colcon_core.verb:set package 'p9n' build argument 'cmake_target_skip_unavailable' from command line to 'False'
[0.392s] Level 5:colcon.colcon_core.verb:set package 'p9n' build argument 'cmake_clean_cache' from command line to 'False'
[0.392s] Level 5:colcon.colcon_core.verb:set package 'p9n' build argument 'cmake_clean_first' from command line to 'False'
[0.392s] Level 5:colcon.colcon_core.verb:set package 'p9n' build argument 'cmake_force_configure' from command line to 'False'
[0.392s] Level 5:colcon.colcon_core.verb:set package 'p9n' build argument 'ament_cmake_args' from command line to 'None'
[0.392s] Level 5:colcon.colcon_core.verb:set package 'p9n' build argument 'catkin_cmake_args' from command line to 'None'
[0.392s] Level 5:colcon.colcon_core.verb:set package 'p9n' build argument 'catkin_skip_building_tests' from command line to 'False'
[0.392s] DEBUG:colcon.colcon_core.verb:Building package 'p9n' with the following arguments: {'ament_cmake_args': None, 'build_base': '/root/ros2_ws/build/p9n', 'catkin_cmake_args': None, 'catkin_skip_building_tests': False, 'cmake_args': None, 'cmake_clean_cache': False, 'cmake_clean_first': False, 'cmake_force_configure': False, 'cmake_target': None, 'cmake_target_skip_unavailable': False, 'install_base': '/root/ros2_ws/install/p9n', 'merge_install': False, 'path': '/root/ros2_ws/src/PlayStation-JoyInterface-ROS2/p9n', 'symlink_install': False, 'test_result_base': None}
[0.393s] Level 5:colcon.colcon_core.verb:set package 'mg400_node' build argument 'cmake_args' from command line to 'None'
[0.393s] Level 5:colcon.colcon_core.verb:set package 'mg400_node' build argument 'cmake_target' from command line to 'None'
[0.393s] Level 5:colcon.colcon_core.verb:set package 'mg400_node' build argument 'cmake_target_skip_unavailable' from command line to 'False'
[0.393s] Level 5:colcon.colcon_core.verb:set package 'mg400_node' build argument 'cmake_clean_cache' from command line to 'False'
[0.393s] Level 5:colcon.colcon_core.verb:set package 'mg400_node' build argument 'cmake_clean_first' from command line to 'False'
[0.393s] Level 5:colcon.colcon_core.verb:set package 'mg400_node' build argument 'cmake_force_configure' from command line to 'False'
[0.393s] Level 5:colcon.colcon_core.verb:set package 'mg400_node' build argument 'ament_cmake_args' from command line to 'None'
[0.393s] Level 5:colcon.colcon_core.verb:set package 'mg400_node' build argument 'catkin_cmake_args' from command line to 'None'
[0.393s] Level 5:colcon.colcon_core.verb:set package 'mg400_node' build argument 'catkin_skip_building_tests' from command line to 'False'
[0.393s] DEBUG:colcon.colcon_core.verb:Building package 'mg400_node' with the following arguments: {'ament_cmake_args': None, 'build_base': '/root/ros2_ws/build/mg400_node', 'catkin_cmake_args': None, 'catkin_skip_building_tests': False, 'cmake_args': None, 'cmake_clean_cache': False, 'cmake_clean_first': False, 'cmake_force_configure': False, 'cmake_target': None, 'cmake_target_skip_unavailable': False, 'install_base': '/root/ros2_ws/install/mg400_node', 'merge_install': False, 'path': '/root/ros2_ws/src/MG400_ROS2/mg400_node', 'symlink_install': False, 'test_result_base': None}
[0.393s] Level 5:colcon.colcon_core.verb:set package 'mg400_bringup' build argument 'cmake_args' from command line to 'None'
[0.393s] Level 5:colcon.colcon_core.verb:set package 'mg400_bringup' build argument 'cmake_target' from command line to 'None'
[0.393s] Level 5:colcon.colcon_core.verb:set package 'mg400_bringup' build argument 'cmake_target_skip_unavailable' from command line to 'False'
[0.393s] Level 5:colcon.colcon_core.verb:set package 'mg400_bringup' build argument 'cmake_clean_cache' from command line to 'False'
[0.393s] Level 5:colcon.colcon_core.verb:set package 'mg400_bringup' build argument 'cmake_clean_first' from command line to 'False'
[0.393s] Level 5:colcon.colcon_core.verb:set package 'mg400_bringup' build argument 'cmake_force_configure' from command line to 'False'
[0.393s] Level 5:colcon.colcon_core.verb:set package 'mg400_bringup' build argument 'ament_cmake_args' from command line to 'None'
[0.393s] Level 5:colcon.colcon_core.verb:set package 'mg400_bringup' build argument 'catkin_cmake_args' from command line to 'None'
[0.393s] Level 5:colcon.colcon_core.verb:set package 'mg400_bringup' build argument 'catkin_skip_building_tests' from command line to 'False'
[0.393s] DEBUG:colcon.colcon_core.verb:Building package 'mg400_bringup' with the following arguments: {'ament_cmake_args': None, 'build_base': '/root/ros2_ws/build/mg400_bringup', 'catkin_cmake_args': None, 'catkin_skip_building_tests': False, 'cmake_args': None, 'cmake_clean_cache': False, 'cmake_clean_first': False, 'cmake_force_configure': False, 'cmake_target': None, 'cmake_target_skip_unavailable': False, 'install_base': '/root/ros2_ws/install/mg400_bringup', 'merge_install': False, 'path': '/root/ros2_ws/src/MG400_ROS2/mg400_bringup', 'symlink_install': False, 'test_result_base': None}
[0.394s] Level 5:colcon.colcon_core.verb:set package 'mg400' build argument 'cmake_args' from command line to 'None'
[0.394s] Level 5:colcon.colcon_core.verb:set package 'mg400' build argument 'cmake_target' from command line to 'None'
[0.394s] Level 5:colcon.colcon_core.verb:set package 'mg400' build argument 'cmake_target_skip_unavailable' from command line to 'False'
[0.394s] Level 5:colcon.colcon_core.verb:set package 'mg400' build argument 'cmake_clean_cache' from command line to 'False'
[0.394s] Level 5:colcon.colcon_core.verb:set package 'mg400' build argument 'cmake_clean_first' from command line to 'False'
[0.394s] Level 5:colcon.colcon_core.verb:set package 'mg400' build argument 'cmake_force_configure' from command line to 'False'
[0.394s] Level 5:colcon.colcon_core.verb:set package 'mg400' build argument 'ament_cmake_args' from command line to 'None'
[0.394s] Level 5:colcon.colcon_core.verb:set package 'mg400' build argument 'catkin_cmake_args' from command line to 'None'
[0.394s] Level 5:colcon.colcon_core.verb:set package 'mg400' build argument 'catkin_skip_building_tests' from command line to 'False'
[0.394s] DEBUG:colcon.colcon_core.verb:Building package 'mg400' with the following arguments: {'ament_cmake_args': None, 'build_base': '/root/ros2_ws/build/mg400', 'catkin_cmake_args': None, 'catkin_skip_building_tests': False, 'cmake_args': None, 'cmake_clean_cache': False, 'cmake_clean_first': False, 'cmake_force_configure': False, 'cmake_target': None, 'cmake_target_skip_unavailable': False, 'install_base': '/root/ros2_ws/install/mg400', 'merge_install': False, 'path': '/root/ros2_ws/src/MG400_ROS2/mg400', 'symlink_install': False, 'test_result_base': None}
[0.394s] INFO:colcon.colcon_core.executor:Executing jobs using 'parallel' executor
[0.396s] DEBUG:colcon.colcon_parallel_executor.executor.parallel:run_until_complete
[0.396s] INFO:colcon.colcon_ros.task.ament_cmake.build:Building ROS package in '/root/ros2_ws/src/MG400_ROS2/mg400_common' with build type 'ament_cmake'
[0.396s] INFO:colcon.colcon_cmake.task.cmake.build:Building CMake package in '/root/ros2_ws/src/MG400_ROS2/mg400_common'
[0.400s] INFO:colcon.colcon_core.plugin_system:Skipping extension 'colcon_core.shell.bat': Not used on non-Windows systems
[0.400s] INFO:colcon.colcon_core.shell:Skip shell extension 'powershell' for command environment: Not usable outside of PowerShell
[0.400s] DEBUG:colcon.colcon_core.shell:Skip shell extension 'dsv' for command environment
[0.408s] INFO:colcon.colcon_ros.task.ament_cmake.build:Building ROS package in '/root/ros2_ws/src/MG400_ROS2/mg400_msgs' with build type 'ament_cmake'
[0.408s] INFO:colcon.colcon_cmake.task.cmake.build:Building CMake package in '/root/ros2_ws/src/MG400_ROS2/mg400_msgs'
[0.408s] INFO:colcon.colcon_core.shell:Skip shell extension 'powershell' for command environment: Not usable outside of PowerShell
[0.408s] DEBUG:colcon.colcon_core.shell:Skip shell extension 'dsv' for command environment
[0.414s] INFO:colcon.colcon_ros.task.ament_cmake.build:Building ROS package in '/root/ros2_ws/src/PlayStation-JoyInterface-ROS2/p9n_interface' with build type 'ament_cmake'
[0.414s] INFO:colcon.colcon_cmake.task.cmake.build:Building CMake package in '/root/ros2_ws/src/PlayStation-JoyInterface-ROS2/p9n_interface'
[0.414s] INFO:colcon.colcon_core.shell:Skip shell extension 'powershell' for command environment: Not usable outside of PowerShell
[0.414s] DEBUG:colcon.colcon_core.shell:Skip shell extension 'dsv' for command environment
[0.420s] INFO:colcon.colcon_ros.task.ament_cmake.build:Building ROS package in '/root/ros2_ws/src/MG400_ROS2/mg400_description' with build type 'ament_cmake'
[0.420s] INFO:colcon.colcon_cmake.task.cmake.build:Building CMake package in '/root/ros2_ws/src/MG400_ROS2/mg400_description'
[0.420s] INFO:colcon.colcon_core.shell:Skip shell extension 'powershell' for command environment: Not usable outside of PowerShell
[0.420s] DEBUG:colcon.colcon_core.shell:Skip shell extension 'dsv' for command environment
[0.428s] DEBUG:colcon.colcon_core.event_handler.log_command:Invoking command in '/root/ros2_ws/build/mg400_common': CMAKE_PREFIX_PATH=${CMAKE_PREFIX_PATH}:/root/ros2_ws/install/p9n_bringup:/root/ros2_ws/install/mg400_bringup:/opt/ros/humble /usr/bin/cmake /root/ros2_ws/src/MG400_ROS2/mg400_common -DCMAKE_INSTALL_PREFIX=/root/ros2_ws/install/mg400_common
[0.432s] DEBUG:colcon.colcon_core.event_handler.log_command:Invoking command in '/root/ros2_ws/build/mg400_msgs': CMAKE_PREFIX_PATH=${CMAKE_PREFIX_PATH}:/root/ros2_ws/install/p9n_bringup:/root/ros2_ws/install/mg400_bringup:/opt/ros/humble /usr/bin/cmake /root/ros2_ws/src/MG400_ROS2/mg400_msgs -DCMAKE_INSTALL_PREFIX=/root/ros2_ws/install/mg400_msgs
[0.434s] DEBUG:colcon.colcon_core.event_handler.log_command:Invoking command in '/root/ros2_ws/build/p9n_interface': CMAKE_PREFIX_PATH=${CMAKE_PREFIX_PATH}:/root/ros2_ws/install/p9n_bringup:/root/ros2_ws/install/mg400_bringup:/opt/ros/humble /usr/bin/cmake /root/ros2_ws/src/PlayStation-JoyInterface-ROS2/p9n_interface -DCMAKE_INSTALL_PREFIX=/root/ros2_ws/install/p9n_interface
[0.437s] DEBUG:colcon.colcon_core.event_handler.log_command:Invoking command in '/root/ros2_ws/build/mg400_description': CMAKE_PREFIX_PATH=${CMAKE_PREFIX_PATH}:/root/ros2_ws/install/p9n_bringup:/root/ros2_ws/install/mg400_bringup:/opt/ros/humble /usr/bin/cmake /root/ros2_ws/src/MG400_ROS2/mg400_description -DCMAKE_INSTALL_PREFIX=/root/ros2_ws/install/mg400_description
[0.666s] DEBUG:colcon.colcon_core.event_handler.log_command:Invoked command in '/root/ros2_ws/build/mg400_common' returned '0': CMAKE_PREFIX_PATH=${CMAKE_PREFIX_PATH}:/root/ros2_ws/install/p9n_bringup:/root/ros2_ws/install/mg400_bringup:/opt/ros/humble /usr/bin/cmake /root/ros2_ws/src/MG400_ROS2/mg400_common -DCMAKE_INSTALL_PREFIX=/root/ros2_ws/install/mg400_common
[0.666s] DEBUG:colcon.colcon_core.event_handler.log_command:Invoking command in '/root/ros2_ws/build/mg400_common': CMAKE_PREFIX_PATH=${CMAKE_PREFIX_PATH}:/root/ros2_ws/install/p9n_bringup:/root/ros2_ws/install/mg400_bringup:/opt/ros/humble /usr/bin/cmake --build /root/ros2_ws/build/mg400_common -- -j16 -l16
[0.713s] DEBUG:colcon.colcon_core.event_handler.log_command:Invoked command in '/root/ros2_ws/build/mg400_description' returned '0': CMAKE_PREFIX_PATH=${CMAKE_PREFIX_PATH}:/root/ros2_ws/install/p9n_bringup:/root/ros2_ws/install/mg400_bringup:/opt/ros/humble /usr/bin/cmake /root/ros2_ws/src/MG400_ROS2/mg400_description -DCMAKE_INSTALL_PREFIX=/root/ros2_ws/install/mg400_description
[0.714s] DEBUG:colcon.colcon_core.event_handler.log_command:Invoking command in '/root/ros2_ws/build/mg400_description': CMAKE_PREFIX_PATH=${CMAKE_PREFIX_PATH}:/root/ros2_ws/install/p9n_bringup:/root/ros2_ws/install/mg400_bringup:/opt/ros/humble /usr/bin/cmake --build /root/ros2_ws/build/mg400_description -- -j16 -l16
[0.756s] DEBUG:colcon.colcon_core.event_handler.log_command:Invoked command in '/root/ros2_ws/build/mg400_description' returned '0': CMAKE_PREFIX_PATH=${CMAKE_PREFIX_PATH}:/root/ros2_ws/install/p9n_bringup:/root/ros2_ws/install/mg400_bringup:/opt/ros/humble /usr/bin/cmake --build /root/ros2_ws/build/mg400_description -- -j16 -l16
[0.767s] DEBUG:colcon.colcon_core.event_handler.log_command:Invoking command in '/root/ros2_ws/build/mg400_description': CMAKE_PREFIX_PATH=${CMAKE_PREFIX_PATH}:/root/ros2_ws/install/p9n_bringup:/root/ros2_ws/install/mg400_bringup:/opt/ros/humble /usr/bin/cmake --install /root/ros2_ws/build/mg400_description
[0.767s] DEBUG:colcon.colcon_core.event_handler.log_command:Invoked command in '/root/ros2_ws/build/mg400_common' returned '0': CMAKE_PREFIX_PATH=${CMAKE_PREFIX_PATH}:/root/ros2_ws/install/p9n_bringup:/root/ros2_ws/install/mg400_bringup:/opt/ros/humble /usr/bin/cmake --build /root/ros2_ws/build/mg400_common -- -j16 -l16
[0.769s] DEBUG:colcon.colcon_core.event_handler.log_command:Invoking command in '/root/ros2_ws/build/mg400_common': CMAKE_PREFIX_PATH=${CMAKE_PREFIX_PATH}:/root/ros2_ws/install/p9n_bringup:/root/ros2_ws/install/mg400_bringup:/opt/ros/humble /usr/bin/cmake --install /root/ros2_ws/build/mg400_common
[0.791s] Level 1:colcon.colcon_core.environment:create_environment_scripts_only(mg400_description)
[0.792s] DEBUG:colcon.colcon_core.event_handler.log_command:Invoked command in '/root/ros2_ws/build/mg400_description' returned '0': CMAKE_PREFIX_PATH=${CMAKE_PREFIX_PATH}:/root/ros2_ws/install/p9n_bringup:/root/ros2_ws/install/mg400_bringup:/opt/ros/humble /usr/bin/cmake --install /root/ros2_ws/build/mg400_description
[0.794s] Level 1:colcon.colcon_core.environment:checking '/root/ros2_ws/install/mg400_description' for CMake module files
[0.794s] Level 1:colcon.colcon_core.environment:checking '/root/ros2_ws/install/mg400_description' for CMake config files
[0.794s] Level 1:colcon.colcon_core.shell:create_environment_hook('mg400_description', 'cmake_prefix_path')
[0.795s] INFO:colcon.colcon_core.shell:Creating environment hook '/root/ros2_ws/install/mg400_description/share/mg400_description/hook/cmake_prefix_path.ps1'
[0.795s] INFO:colcon.colcon_core.shell:Creating environment descriptor '/root/ros2_ws/install/mg400_description/share/mg400_description/hook/cmake_prefix_path.dsv'
[0.796s] INFO:colcon.colcon_core.shell:Creating environment hook '/root/ros2_ws/install/mg400_description/share/mg400_description/hook/cmake_prefix_path.sh'
[0.797s] Level 1:colcon.colcon_core.environment:checking '/root/ros2_ws/install/mg400_description/bin'
[0.797s] Level 1:colcon.colcon_core.environment:checking '/root/ros2_ws/install/mg400_description/lib/pkgconfig/mg400_description.pc'
[0.798s] Level 1:colcon.colcon_core.environment:checking '/root/ros2_ws/install/mg400_description/lib/python3.10/site-packages'
[0.799s] Level 1:colcon.colcon_core.environment:checking '/root/ros2_ws/install/mg400_description/bin'
[0.799s] INFO:colcon.colcon_core.shell:Creating package script '/root/ros2_ws/install/mg400_description/share/mg400_description/package.ps1'
[0.800s] INFO:colcon.colcon_core.shell:Creating package descriptor '/root/ros2_ws/install/mg400_description/share/mg400_description/package.dsv'
[0.800s] INFO:colcon.colcon_core.shell:Creating package script '/root/ros2_ws/install/mg400_description/share/mg400_description/package.sh'
[0.801s] INFO:colcon.colcon_core.shell:Creating package script '/root/ros2_ws/install/mg400_description/share/mg400_description/package.bash'
[0.801s] INFO:colcon.colcon_core.shell:Creating package script '/root/ros2_ws/install/mg400_description/share/mg400_description/package.zsh'
[0.802s] Level 1:colcon.colcon_core.environment:create_file_with_runtime_dependencies(/root/ros2_ws/install/mg400_description/share/colcon-core/packages/mg400_description)
[0.802s] Level 1:colcon.colcon_core.environment:create_environment_scripts_only(mg400_description)
[0.802s] Level 1:colcon.colcon_core.environment:checking '/root/ros2_ws/install/mg400_description' for CMake module files
[0.803s] Level 1:colcon.colcon_core.environment:checking '/root/ros2_ws/install/mg400_description' for CMake config files
[0.804s] Level 1:colcon.colcon_core.shell:create_environment_hook('mg400_description', 'cmake_prefix_path')
[0.804s] INFO:colcon.colcon_core.shell:Creating environment hook '/root/ros2_ws/install/mg400_description/share/mg400_description/hook/cmake_prefix_path.ps1'
[0.804s] INFO:colcon.colcon_core.shell:Creating environment descriptor '/root/ros2_ws/install/mg400_description/share/mg400_description/hook/cmake_prefix_path.dsv'
[0.804s] INFO:colcon.colcon_core.shell:Creating environment hook '/root/ros2_ws/install/mg400_description/share/mg400_description/hook/cmake_prefix_path.sh'
[0.805s] Level 1:colcon.colcon_core.environment:checking '/root/ros2_ws/install/mg400_description/bin'
[0.805s] Level 1:colcon.colcon_core.environment:checking '/root/ros2_ws/install/mg400_description/lib/pkgconfig/mg400_description.pc'
[0.805s] Level 1:colcon.colcon_core.environment:checking '/root/ros2_ws/install/mg400_description/lib/python3.10/site-packages'
[0.805s] Level 1:colcon.colcon_core.environment:checking '/root/ros2_ws/install/mg400_description/bin'
[0.805s] INFO:colcon.colcon_core.shell:Creating package script '/root/ros2_ws/install/mg400_description/share/mg400_description/package.ps1'
[0.806s] INFO:colcon.colcon_core.shell:Creating package descriptor '/root/ros2_ws/install/mg400_description/share/mg400_description/package.dsv'
[0.806s] INFO:colcon.colcon_core.shell:Creating package script '/root/ros2_ws/install/mg400_description/share/mg400_description/package.sh'
[0.806s] INFO:colcon.colcon_core.shell:Creating package script '/root/ros2_ws/install/mg400_description/share/mg400_description/package.bash'
[0.807s] INFO:colcon.colcon_core.shell:Creating package script '/root/ros2_ws/install/mg400_description/share/mg400_description/package.zsh'
[0.807s] Level 1:colcon.colcon_core.environment:create_file_with_runtime_dependencies(/root/ros2_ws/install/mg400_description/share/colcon-core/packages/mg400_description)
[0.808s] Level 1:colcon.colcon_core.environment:create_environment_scripts_only(mg400_common)
[0.808s] Level 1:colcon.colcon_core.environment:checking '/root/ros2_ws/install/mg400_common' for CMake module files
[0.809s] DEBUG:colcon.colcon_core.event_handler.log_command:Invoked command in '/root/ros2_ws/build/mg400_common' returned '0': CMAKE_PREFIX_PATH=${CMAKE_PREFIX_PATH}:/root/ros2_ws/install/p9n_bringup:/root/ros2_ws/install/mg400_bringup:/opt/ros/humble /usr/bin/cmake --install /root/ros2_ws/build/mg400_common
[0.809s] Level 1:colcon.colcon_core.environment:checking '/root/ros2_ws/install/mg400_common' for CMake config files
[0.809s] Level 1:colcon.colcon_core.shell:create_environment_hook('mg400_common', 'cmake_prefix_path')
[0.809s] INFO:colcon.colcon_core.shell:Creating environment hook '/root/ros2_ws/install/mg400_common/share/mg400_common/hook/cmake_prefix_path.ps1'
[0.810s] INFO:colcon.colcon_core.shell:Creating environment descriptor '/root/ros2_ws/install/mg400_common/share/mg400_common/hook/cmake_prefix_path.dsv'
[0.810s] INFO:colcon.colcon_core.shell:Creating environment hook '/root/ros2_ws/install/mg400_common/share/mg400_common/hook/cmake_prefix_path.sh'
[0.810s] Level 1:colcon.colcon_core.environment:checking '/root/ros2_ws/install/mg400_common/lib'
[0.810s] Level 1:colcon.colcon_core.shell:create_environment_hook('mg400_common', 'ld_library_path_lib')
[0.811s] INFO:colcon.colcon_core.shell:Creating environment hook '/root/ros2_ws/install/mg400_common/share/mg400_common/hook/ld_library_path_lib.ps1'
[0.811s] INFO:colcon.colcon_core.shell:Creating environment descriptor '/root/ros2_ws/install/mg400_common/share/mg400_common/hook/ld_library_path_lib.dsv'
[0.811s] INFO:colcon.colcon_core.shell:Creating environment hook '/root/ros2_ws/install/mg400_common/share/mg400_common/hook/ld_library_path_lib.sh'
[0.811s] Level 1:colcon.colcon_core.environment:checking '/root/ros2_ws/install/mg400_common/bin'
[0.811s] Level 1:colcon.colcon_core.environment:checking '/root/ros2_ws/install/mg400_common/lib/pkgconfig/mg400_common.pc'
[0.812s] Level 1:colcon.colcon_core.environment:checking '/root/ros2_ws/install/mg400_common/lib/python3.10/site-packages'
[0.812s] Level 1:colcon.colcon_core.environment:checking '/root/ros2_ws/install/mg400_common/bin'
[0.812s] INFO:colcon.colcon_core.shell:Creating package script '/root/ros2_ws/install/mg400_common/share/mg400_common/package.ps1'
[0.812s] INFO:colcon.colcon_core.shell:Creating package descriptor '/root/ros2_ws/install/mg400_common/share/mg400_common/package.dsv'
[0.813s] INFO:colcon.colcon_core.shell:Creating package script '/root/ros2_ws/install/mg400_common/share/mg400_common/package.sh'
[0.813s] INFO:colcon.colcon_core.shell:Creating package script '/root/ros2_ws/install/mg400_common/share/mg400_common/package.bash'
[0.813s] INFO:colcon.colcon_core.shell:Creating package script '/root/ros2_ws/install/mg400_common/share/mg400_common/package.zsh'
[0.814s] Level 1:colcon.colcon_core.environment:create_file_with_runtime_dependencies(/root/ros2_ws/install/mg400_common/share/colcon-core/packages/mg400_common)
[0.814s] Level 1:colcon.colcon_core.environment:create_environment_scripts_only(mg400_common)
[0.814s] Level 1:colcon.colcon_core.environment:checking '/root/ros2_ws/install/mg400_common' for CMake module files
[0.815s] Level 1:colcon.colcon_core.environment:checking '/root/ros2_ws/install/mg400_common' for CMake config files
[0.815s] Level 1:colcon.colcon_core.shell:create_environment_hook('mg400_common', 'cmake_prefix_path')
[0.815s] INFO:colcon.colcon_core.shell:Creating environment hook '/root/ros2_ws/install/mg400_common/share/mg400_common/hook/cmake_prefix_path.ps1'
[0.815s] INFO:colcon.colcon_core.shell:Creating environment descriptor '/root/ros2_ws/install/mg400_common/share/mg400_common/hook/cmake_prefix_path.dsv'
[0.816s] INFO:colcon.colcon_core.shell:Creating environment hook '/root/ros2_ws/install/mg400_common/share/mg400_common/hook/cmake_prefix_path.sh'
[0.816s] Level 1:colcon.colcon_core.environment:checking '/root/ros2_ws/install/mg400_common/lib'
[0.816s] Level 1:colcon.colcon_core.shell:create_environment_hook('mg400_common', 'ld_library_path_lib')
[0.816s] INFO:colcon.colcon_core.shell:Creating environment hook '/root/ros2_ws/install/mg400_common/share/mg400_common/hook/ld_library_path_lib.ps1'
[0.816s] INFO:colcon.colcon_core.shell:Creating environment descriptor '/root/ros2_ws/install/mg400_common/share/mg400_common/hook/ld_library_path_lib.dsv'
[0.817s] INFO:colcon.colcon_core.shell:Creating environment hook '/root/ros2_ws/install/mg400_common/share/mg400_common/hook/ld_library_path_lib.sh'
[0.817s] Level 1:colcon.colcon_core.environment:checking '/root/ros2_ws/install/mg400_common/bin'
[0.817s] Level 1:colcon.colcon_core.environment:checking '/root/ros2_ws/install/mg400_common/lib/pkgconfig/mg400_common.pc'
[0.817s] Level 1:colcon.colcon_core.environment:checking '/root/ros2_ws/install/mg400_common/lib/python3.10/site-packages'
[0.817s] Level 1:colcon.colcon_core.environment:checking '/root/ros2_ws/install/mg400_common/bin'
[0.818s] INFO:colcon.colcon_core.shell:Creating package script '/root/ros2_ws/install/mg400_common/share/mg400_common/package.ps1'
[0.818s] INFO:colcon.colcon_core.shell:Creating package descriptor '/root/ros2_ws/install/mg400_common/share/mg400_common/package.dsv'
[0.819s] INFO:colcon.colcon_core.shell:Creating package script '/root/ros2_ws/install/mg400_common/share/mg400_common/package.sh'
[0.819s] INFO:colcon.colcon_core.shell:Creating package script '/root/ros2_ws/install/mg400_common/share/mg400_common/package.bash'
[0.819s] INFO:colcon.colcon_core.shell:Creating package script '/root/ros2_ws/install/mg400_common/share/mg400_common/package.zsh'
[0.820s] Level 1:colcon.colcon_core.environment:create_file_with_runtime_dependencies(/root/ros2_ws/install/mg400_common/share/colcon-core/packages/mg400_common)
[0.901s] DEBUG:colcon.colcon_core.event_handler.log_command:Invoked command in '/root/ros2_ws/build/p9n_interface' returned '0': CMAKE_PREFIX_PATH=${CMAKE_PREFIX_PATH}:/root/ros2_ws/install/p9n_bringup:/root/ros2_ws/install/mg400_bringup:/opt/ros/humble /usr/bin/cmake /root/ros2_ws/src/PlayStation-JoyInterface-ROS2/p9n_interface -DCMAKE_INSTALL_PREFIX=/root/ros2_ws/install/p9n_interface
[0.902s] DEBUG:colcon.colcon_core.event_handler.log_command:Invoking command in '/root/ros2_ws/build/p9n_interface': CMAKE_PREFIX_PATH=${CMAKE_PREFIX_PATH}:/root/ros2_ws/install/p9n_bringup:/root/ros2_ws/install/mg400_bringup:/opt/ros/humble /usr/bin/cmake --build /root/ros2_ws/build/p9n_interface -- -j16 -l16
[0.986s] DEBUG:colcon.colcon_core.event_handler.log_command:Invoked command in '/root/ros2_ws/build/p9n_interface' returned '0': CMAKE_PREFIX_PATH=${CMAKE_PREFIX_PATH}:/root/ros2_ws/install/p9n_bringup:/root/ros2_ws/install/mg400_bringup:/opt/ros/humble /usr/bin/cmake --build /root/ros2_ws/build/p9n_interface -- -j16 -l16
[0.987s] DEBUG:colcon.colcon_core.event_handler.log_command:Invoking command in '/root/ros2_ws/build/p9n_interface': CMAKE_PREFIX_PATH=${CMAKE_PREFIX_PATH}:/root/ros2_ws/install/p9n_bringup:/root/ros2_ws/install/mg400_bringup:/opt/ros/humble /usr/bin/cmake --install /root/ros2_ws/build/p9n_interface
[1.010s] Level 1:colcon.colcon_core.environment:create_environment_scripts_only(p9n_interface)
[1.010s] Level 1:colcon.colcon_core.environment:checking '/root/ros2_ws/install/p9n_interface' for CMake module files
[1.011s] DEBUG:colcon.colcon_core.event_handler.log_command:Invoked command in '/root/ros2_ws/build/p9n_interface' returned '0': CMAKE_PREFIX_PATH=${CMAKE_PREFIX_PATH}:/root/ros2_ws/install/p9n_bringup:/root/ros2_ws/install/mg400_bringup:/opt/ros/humble /usr/bin/cmake --install /root/ros2_ws/build/p9n_interface
[1.011s] Level 1:colcon.colcon_core.environment:checking '/root/ros2_ws/install/p9n_interface' for CMake config files
[1.012s] Level 1:colcon.colcon_core.shell:create_environment_hook('p9n_interface', 'cmake_prefix_path')
[1.012s] INFO:colcon.colcon_core.shell:Creating environment hook '/root/ros2_ws/install/p9n_interface/share/p9n_interface/hook/cmake_prefix_path.ps1'
[1.012s] INFO:colcon.colcon_core.shell:Creating environment descriptor '/root/ros2_ws/install/p9n_interface/share/p9n_interface/hook/cmake_prefix_path.dsv'
[1.012s] INFO:colcon.colcon_core.shell:Creating environment hook '/root/ros2_ws/install/p9n_interface/share/p9n_interface/hook/cmake_prefix_path.sh'
[1.013s] Level 1:colcon.colcon_core.environment:checking '/root/ros2_ws/install/p9n_interface/lib'
[1.013s] Level 1:colcon.colcon_core.environment:checking '/root/ros2_ws/install/p9n_interface/bin'
[1.013s] Level 1:colcon.colcon_core.environment:checking '/root/ros2_ws/install/p9n_interface/lib/pkgconfig/p9n_interface.pc'
[1.013s] Level 1:colcon.colcon_core.environment:checking '/root/ros2_ws/install/p9n_interface/lib/python3.10/site-packages'
[1.013s] Level 1:colcon.colcon_core.environment:checking '/root/ros2_ws/install/p9n_interface/bin'
[1.014s] INFO:colcon.colcon_core.shell:Creating package script '/root/ros2_ws/install/p9n_interface/share/p9n_interface/package.ps1'
[1.014s] INFO:colcon.colcon_core.shell:Creating package descriptor '/root/ros2_ws/install/p9n_interface/share/p9n_interface/package.dsv'
[1.014s] INFO:colcon.colcon_core.shell:Creating package script '/root/ros2_ws/install/p9n_interface/share/p9n_interface/package.sh'
[1.015s] INFO:colcon.colcon_core.shell:Creating package script '/root/ros2_ws/install/p9n_interface/share/p9n_interface/package.bash'
[1.015s] INFO:colcon.colcon_core.shell:Creating package script '/root/ros2_ws/install/p9n_interface/share/p9n_interface/package.zsh'
[1.015s] Level 1:colcon.colcon_core.environment:create_file_with_runtime_dependencies(/root/ros2_ws/install/p9n_interface/share/colcon-core/packages/p9n_interface)
[1.016s] Level 1:colcon.colcon_core.environment:create_environment_scripts_only(p9n_interface)
[1.016s] Level 1:colcon.colcon_core.environment:checking '/root/ros2_ws/install/p9n_interface' for CMake module files
[1.016s] Level 1:colcon.colcon_core.environment:checking '/root/ros2_ws/install/p9n_interface' for CMake config files
[1.016s] Level 1:colcon.colcon_core.shell:create_environment_hook('p9n_interface', 'cmake_prefix_path')
[1.016s] INFO:colcon.colcon_core.shell:Creating environment hook '/root/ros2_ws/install/p9n_interface/share/p9n_interface/hook/cmake_prefix_path.ps1'
[1.017s] INFO:colcon.colcon_core.shell:Creating environment descriptor '/root/ros2_ws/install/p9n_interface/share/p9n_interface/hook/cmake_prefix_path.dsv'
[1.017s] INFO:colcon.colcon_core.shell:Creating environment hook '/root/ros2_ws/install/p9n_interface/share/p9n_interface/hook/cmake_prefix_path.sh'
[1.017s] Level 1:colcon.colcon_core.environment:checking '/root/ros2_ws/install/p9n_interface/lib'
[1.018s] Level 1:colcon.colcon_core.environment:checking '/root/ros2_ws/install/p9n_interface/bin'
[1.018s] Level 1:colcon.colcon_core.environment:checking '/root/ros2_ws/install/p9n_interface/lib/pkgconfig/p9n_interface.pc'
[1.018s] Level 1:colcon.colcon_core.environment:checking '/root/ros2_ws/install/p9n_interface/lib/python3.10/site-packages'
[1.018s] Level 1:colcon.colcon_core.environment:checking '/root/ros2_ws/install/p9n_interface/bin'
[1.018s] INFO:colcon.colcon_core.shell:Creating package script '/root/ros2_ws/install/p9n_interface/share/p9n_interface/package.ps1'
[1.019s] INFO:colcon.colcon_core.shell:Creating package descriptor '/root/ros2_ws/install/p9n_interface/share/p9n_interface/package.dsv'
[1.019s] INFO:colcon.colcon_core.shell:Creating package script '/root/ros2_ws/install/p9n_interface/share/p9n_interface/package.sh'
[1.019s] INFO:colcon.colcon_core.shell:Creating package script '/root/ros2_ws/install/p9n_interface/share/p9n_interface/package.bash'
[1.020s] INFO:colcon.colcon_core.shell:Creating package script '/root/ros2_ws/install/p9n_interface/share/p9n_interface/package.zsh'
[1.020s] Level 1:colcon.colcon_core.environment:create_file_with_runtime_dependencies(/root/ros2_ws/install/p9n_interface/share/colcon-core/packages/p9n_interface)
[1.020s] INFO:colcon.colcon_ros.task.ament_cmake.build:Building ROS package in '/root/ros2_ws/src/PlayStation-JoyInterface-ROS2/p9n_node' with build type 'ament_cmake'
[1.020s] INFO:colcon.colcon_cmake.task.cmake.build:Building CMake package in '/root/ros2_ws/src/PlayStation-JoyInterface-ROS2/p9n_node'
[1.021s] INFO:colcon.colcon_core.shell:Skip shell extension 'powershell' for command environment: Not usable outside of PowerShell
[1.021s] DEBUG:colcon.colcon_core.shell:Skip shell extension 'dsv' for command environment
[1.025s] INFO:colcon.colcon_ros.task.ament_cmake.build:Building ROS package in '/root/ros2_ws/src/PlayStation-JoyInterface-ROS2/p9n_example' with build type 'ament_cmake'
[1.025s] INFO:colcon.colcon_cmake.task.cmake.build:Building CMake package in '/root/ros2_ws/src/PlayStation-JoyInterface-ROS2/p9n_example'
[1.026s] INFO:colcon.colcon_core.shell:Skip shell extension 'powershell' for command environment: Not usable outside of PowerShell
[1.026s] DEBUG:colcon.colcon_core.shell:Skip shell extension 'dsv' for command environment
[1.030s] INFO:colcon.colcon_ros.task.ament_cmake.build:Building ROS package in '/root/ros2_ws/src/PlayStation-JoyInterface-ROS2/p9n_test' with build type 'ament_cmake'
[1.030s] INFO:colcon.colcon_cmake.task.cmake.build:Building CMake package in '/root/ros2_ws/src/PlayStation-JoyInterface-ROS2/p9n_test'
[1.030s] INFO:colcon.colcon_core.shell:Skip shell extension 'powershell' for command environment: Not usable outside of PowerShell
[1.030s] DEBUG:colcon.colcon_core.shell:Skip shell extension 'dsv' for command environment
[1.037s] DEBUG:colcon.colcon_core.event_handler.log_command:Invoking command in '/root/ros2_ws/build/p9n_node': CMAKE_PREFIX_PATH=/root/ros2_ws/install/p9n_interface:/root/ros2_ws/install/p9n:/root/ros2_ws/install/p9n_test:/root/ros2_ws/install/p9n_node:/root/ros2_ws/install/p9n_example:/root/ros2_ws/install/mg400:/root/ros2_ws/install/mg400_joy:/root/ros2_ws/install/mg400_tools:/root/ros2_ws/install/mg400_rviz_plugin:/root/ros2_ws/install/mg400_node:/root/ros2_ws/install/mg400_plugin:/root/ros2_ws/install/mg400_plugin_base:/root/ros2_ws/install/mg400_interface:/root/ros2_ws/install/mg400_msgs:/root/ros2_ws/install/mg400_description:/root/ros2_ws/install/mg400_common:/root/ros2_ws/install/p9n_bringup:/root/ros2_ws/install/mg400_bringup:/opt/ros/humble /usr/bin/cmake /root/ros2_ws/src/PlayStation-JoyInterface-ROS2/p9n_node -DCMAKE_INSTALL_PREFIX=/root/ros2_ws/install/p9n_node
[1.039s] DEBUG:colcon.colcon_core.event_handler.log_command:Invoking command in '/root/ros2_ws/build/p9n_example': CMAKE_PREFIX_PATH=/root/ros2_ws/install/p9n_interface:/root/ros2_ws/install/p9n:/root/ros2_ws/install/p9n_test:/root/ros2_ws/install/p9n_node:/root/ros2_ws/install/p9n_example:/root/ros2_ws/install/mg400:/root/ros2_ws/install/mg400_joy:/root/ros2_ws/install/mg400_tools:/root/ros2_ws/install/mg400_rviz_plugin:/root/ros2_ws/install/mg400_node:/root/ros2_ws/install/mg400_plugin:/root/ros2_ws/install/mg400_plugin_base:/root/ros2_ws/install/mg400_interface:/root/ros2_ws/install/mg400_msgs:/root/ros2_ws/install/mg400_description:/root/ros2_ws/install/mg400_common:/root/ros2_ws/install/p9n_bringup:/root/ros2_ws/install/mg400_bringup:/opt/ros/humble /usr/bin/cmake /root/ros2_ws/src/PlayStation-JoyInterface-ROS2/p9n_example -DCMAKE_INSTALL_PREFIX=/root/ros2_ws/install/p9n_example
[1.041s] DEBUG:colcon.colcon_core.event_handler.log_command:Invoking command in '/root/ros2_ws/build/p9n_test': CMAKE_PREFIX_PATH=/root/ros2_ws/install/p9n_interface:/root/ros2_ws/install/p9n:/root/ros2_ws/install/p9n_test:/root/ros2_ws/install/p9n_node:/root/ros2_ws/install/p9n_example:/root/ros2_ws/install/mg400:/root/ros2_ws/install/mg400_joy:/root/ros2_ws/install/mg400_tools:/root/ros2_ws/install/mg400_rviz_plugin:/root/ros2_ws/install/mg400_node:/root/ros2_ws/install/mg400_plugin:/root/ros2_ws/install/mg400_plugin_base:/root/ros2_ws/install/mg400_interface:/root/ros2_ws/install/mg400_msgs:/root/ros2_ws/install/mg400_description:/root/ros2_ws/install/mg400_common:/root/ros2_ws/install/p9n_bringup:/root/ros2_ws/install/mg400_bringup:/opt/ros/humble /usr/bin/cmake /root/ros2_ws/src/PlayStation-JoyInterface-ROS2/p9n_test -DCMAKE_INSTALL_PREFIX=/root/ros2_ws/install/p9n_test
[1.543s] DEBUG:colcon.colcon_core.event_handler.log_command:Invoked command in '/root/ros2_ws/build/p9n_node' returned '0': CMAKE_PREFIX_PATH=/root/ros2_ws/install/p9n_interface:/root/ros2_ws/install/p9n:/root/ros2_ws/install/p9n_test:/root/ros2_ws/install/p9n_node:/root/ros2_ws/install/p9n_example:/root/ros2_ws/install/mg400:/root/ros2_ws/install/mg400_joy:/root/ros2_ws/install/mg400_tools:/root/ros2_ws/install/mg400_rviz_plugin:/root/ros2_ws/install/mg400_node:/root/ros2_ws/install/mg400_plugin:/root/ros2_ws/install/mg400_plugin_base:/root/ros2_ws/install/mg400_interface:/root/ros2_ws/install/mg400_msgs:/root/ros2_ws/install/mg400_description:/root/ros2_ws/install/mg400_common:/root/ros2_ws/install/p9n_bringup:/root/ros2_ws/install/mg400_bringup:/opt/ros/humble /usr/bin/cmake /root/ros2_ws/src/PlayStation-JoyInterface-ROS2/p9n_node -DCMAKE_INSTALL_PREFIX=/root/ros2_ws/install/p9n_node
[1.545s] DEBUG:colcon.colcon_core.event_handler.log_command:Invoking command in '/root/ros2_ws/build/p9n_node': CMAKE_PREFIX_PATH=/root/ros2_ws/install/p9n_interface:/root/ros2_ws/install/p9n:/root/ros2_ws/install/p9n_test:/root/ros2_ws/install/p9n_node:/root/ros2_ws/install/p9n_example:/root/ros2_ws/install/mg400:/root/ros2_ws/install/mg400_joy:/root/ros2_ws/install/mg400_tools:/root/ros2_ws/install/mg400_rviz_plugin:/root/ros2_ws/install/mg400_node:/root/ros2_ws/install/mg400_plugin:/root/ros2_ws/install/mg400_plugin_base:/root/ros2_ws/install/mg400_interface:/root/ros2_ws/install/mg400_msgs:/root/ros2_ws/install/mg400_description:/root/ros2_ws/install/mg400_common:/root/ros2_ws/install/p9n_bringup:/root/ros2_ws/install/mg400_bringup:/opt/ros/humble /usr/bin/cmake --build /root/ros2_ws/build/p9n_node -- -j16 -l16
[1.547s] DEBUG:colcon.colcon_core.event_handler.log_command:Invoked command in '/root/ros2_ws/build/p9n_example' returned '0': CMAKE_PREFIX_PATH=/root/ros2_ws/install/p9n_interface:/root/ros2_ws/install/p9n:/root/ros2_ws/install/p9n_test:/root/ros2_ws/install/p9n_node:/root/ros2_ws/install/p9n_example:/root/ros2_ws/install/mg400:/root/ros2_ws/install/mg400_joy:/root/ros2_ws/install/mg400_tools:/root/ros2_ws/install/mg400_rviz_plugin:/root/ros2_ws/install/mg400_node:/root/ros2_ws/install/mg400_plugin:/root/ros2_ws/install/mg400_plugin_base:/root/ros2_ws/install/mg400_interface:/root/ros2_ws/install/mg400_msgs:/root/ros2_ws/install/mg400_description:/root/ros2_ws/install/mg400_common:/root/ros2_ws/install/p9n_bringup:/root/ros2_ws/install/mg400_bringup:/opt/ros/humble /usr/bin/cmake /root/ros2_ws/src/PlayStation-JoyInterface-ROS2/p9n_example -DCMAKE_INSTALL_PREFIX=/root/ros2_ws/install/p9n_example
[1.548s] DEBUG:colcon.colcon_core.event_handler.log_command:Invoking command in '/root/ros2_ws/build/p9n_example': CMAKE_PREFIX_PATH=/root/ros2_ws/install/p9n_interface:/root/ros2_ws/install/p9n:/root/ros2_ws/install/p9n_test:/root/ros2_ws/install/p9n_node:/root/ros2_ws/install/p9n_example:/root/ros2_ws/install/mg400:/root/ros2_ws/install/mg400_joy:/root/ros2_ws/install/mg400_tools:/root/ros2_ws/install/mg400_rviz_plugin:/root/ros2_ws/install/mg400_node:/root/ros2_ws/install/mg400_plugin:/root/ros2_ws/install/mg400_plugin_base:/root/ros2_ws/install/mg400_interface:/root/ros2_ws/install/mg400_msgs:/root/ros2_ws/install/mg400_description:/root/ros2_ws/install/mg400_common:/root/ros2_ws/install/p9n_bringup:/root/ros2_ws/install/mg400_bringup:/opt/ros/humble /usr/bin/cmake --build /root/ros2_ws/build/p9n_example -- -j16 -l16
[1.551s] DEBUG:colcon.colcon_core.event_handler.log_command:Invoked command in '/root/ros2_ws/build/p9n_test' returned '0': CMAKE_PREFIX_PATH=/root/ros2_ws/install/p9n_interface:/root/ros2_ws/install/p9n:/root/ros2_ws/install/p9n_test:/root/ros2_ws/install/p9n_node:/root/ros2_ws/install/p9n_example:/root/ros2_ws/install/mg400:/root/ros2_ws/install/mg400_joy:/root/ros2_ws/install/mg400_tools:/root/ros2_ws/install/mg400_rviz_plugin:/root/ros2_ws/install/mg400_node:/root/ros2_ws/install/mg400_plugin:/root/ros2_ws/install/mg400_plugin_base:/root/ros2_ws/install/mg400_interface:/root/ros2_ws/install/mg400_msgs:/root/ros2_ws/install/mg400_description:/root/ros2_ws/install/mg400_common:/root/ros2_ws/install/p9n_bringup:/root/ros2_ws/install/mg400_bringup:/opt/ros/humble /usr/bin/cmake /root/ros2_ws/src/PlayStation-JoyInterface-ROS2/p9n_test -DCMAKE_INSTALL_PREFIX=/root/ros2_ws/install/p9n_test
[1.553s] DEBUG:colcon.colcon_core.event_handler.log_command:Invoking command in '/root/ros2_ws/build/p9n_test': CMAKE_PREFIX_PATH=/root/ros2_ws/install/p9n_interface:/root/ros2_ws/install/p9n:/root/ros2_ws/install/p9n_test:/root/ros2_ws/install/p9n_node:/root/ros2_ws/install/p9n_example:/root/ros2_ws/install/mg400:/root/ros2_ws/install/mg400_joy:/root/ros2_ws/install/mg400_tools:/root/ros2_ws/install/mg400_rviz_plugin:/root/ros2_ws/install/mg400_node:/root/ros2_ws/install/mg400_plugin:/root/ros2_ws/install/mg400_plugin_base:/root/ros2_ws/install/mg400_interface:/root/ros2_ws/install/mg400_msgs:/root/ros2_ws/install/mg400_description:/root/ros2_ws/install/mg400_common:/root/ros2_ws/install/p9n_bringup:/root/ros2_ws/install/mg400_bringup:/opt/ros/humble /usr/bin/cmake --build /root/ros2_ws/build/p9n_test -- -j16 -l16
[1.623s] DEBUG:colcon.colcon_core.event_handler.log_command:Invoked command in '/root/ros2_ws/build/p9n_example' returned '0': CMAKE_PREFIX_PATH=/root/ros2_ws/install/p9n_interface:/root/ros2_ws/install/p9n:/root/ros2_ws/install/p9n_test:/root/ros2_ws/install/p9n_node:/root/ros2_ws/install/p9n_example:/root/ros2_ws/install/mg400:/root/ros2_ws/install/mg400_joy:/root/ros2_ws/install/mg400_tools:/root/ros2_ws/install/mg400_rviz_plugin:/root/ros2_ws/install/mg400_node:/root/ros2_ws/install/mg400_plugin:/root/ros2_ws/install/mg400_plugin_base:/root/ros2_ws/install/mg400_interface:/root/ros2_ws/install/mg400_msgs:/root/ros2_ws/install/mg400_description:/root/ros2_ws/install/mg400_common:/root/ros2_ws/install/p9n_bringup:/root/ros2_ws/install/mg400_bringup:/opt/ros/humble /usr/bin/cmake --build /root/ros2_ws/build/p9n_example -- -j16 -l16
[1.624s] DEBUG:colcon.colcon_core.event_handler.log_command:Invoking command in '/root/ros2_ws/build/p9n_example': CMAKE_PREFIX_PATH=/root/ros2_ws/install/p9n_interface:/root/ros2_ws/install/p9n:/root/ros2_ws/install/p9n_test:/root/ros2_ws/install/p9n_node:/root/ros2_ws/install/p9n_example:/root/ros2_ws/install/mg400:/root/ros2_ws/install/mg400_joy:/root/ros2_ws/install/mg400_tools:/root/ros2_ws/install/mg400_rviz_plugin:/root/ros2_ws/install/mg400_node:/root/ros2_ws/install/mg400_plugin:/root/ros2_ws/install/mg400_plugin_base:/root/ros2_ws/install/mg400_interface:/root/ros2_ws/install/mg400_msgs:/root/ros2_ws/install/mg400_description:/root/ros2_ws/install/mg400_common:/root/ros2_ws/install/p9n_bringup:/root/ros2_ws/install/mg400_bringup:/opt/ros/humble /usr/bin/cmake --install /root/ros2_ws/build/p9n_example
[1.625s] DEBUG:colcon.colcon_core.event_handler.log_command:Invoked command in '/root/ros2_ws/build/p9n_node' returned '0': CMAKE_PREFIX_PATH=/root/ros2_ws/install/p9n_interface:/root/ros2_ws/install/p9n:/root/ros2_ws/install/p9n_test:/root/ros2_ws/install/p9n_node:/root/ros2_ws/install/p9n_example:/root/ros2_ws/install/mg400:/root/ros2_ws/install/mg400_joy:/root/ros2_ws/install/mg400_tools:/root/ros2_ws/install/mg400_rviz_plugin:/root/ros2_ws/install/mg400_node:/root/ros2_ws/install/mg400_plugin:/root/ros2_ws/install/mg400_plugin_base:/root/ros2_ws/install/mg400_interface:/root/ros2_ws/install/mg400_msgs:/root/ros2_ws/install/mg400_description:/root/ros2_ws/install/mg400_common:/root/ros2_ws/install/p9n_bringup:/root/ros2_ws/install/mg400_bringup:/opt/ros/humble /usr/bin/cmake --build /root/ros2_ws/build/p9n_node -- -j16 -l16
[1.626s] DEBUG:colcon.colcon_core.event_handler.log_command:Invoking command in '/root/ros2_ws/build/p9n_node': CMAKE_PREFIX_PATH=/root/ros2_ws/install/p9n_interface:/root/ros2_ws/install/p9n:/root/ros2_ws/install/p9n_test:/root/ros2_ws/install/p9n_node:/root/ros2_ws/install/p9n_example:/root/ros2_ws/install/mg400:/root/ros2_ws/install/mg400_joy:/root/ros2_ws/install/mg400_tools:/root/ros2_ws/install/mg400_rviz_plugin:/root/ros2_ws/install/mg400_node:/root/ros2_ws/install/mg400_plugin:/root/ros2_ws/install/mg400_plugin_base:/root/ros2_ws/install/mg400_interface:/root/ros2_ws/install/mg400_msgs:/root/ros2_ws/install/mg400_description:/root/ros2_ws/install/mg400_common:/root/ros2_ws/install/p9n_bringup:/root/ros2_ws/install/mg400_bringup:/opt/ros/humble /usr/bin/cmake --install /root/ros2_ws/build/p9n_node
[1.632s] DEBUG:colcon.colcon_core.event_handler.log_command:Invoked command in '/root/ros2_ws/build/p9n_test' returned '0': CMAKE_PREFIX_PATH=/root/ros2_ws/install/p9n_interface:/root/ros2_ws/install/p9n:/root/ros2_ws/install/p9n_test:/root/ros2_ws/install/p9n_node:/root/ros2_ws/install/p9n_example:/root/ros2_ws/install/mg400:/root/ros2_ws/install/mg400_joy:/root/ros2_ws/install/mg400_tools:/root/ros2_ws/install/mg400_rviz_plugin:/root/ros2_ws/install/mg400_node:/root/ros2_ws/install/mg400_plugin:/root/ros2_ws/install/mg400_plugin_base:/root/ros2_ws/install/mg400_interface:/root/ros2_ws/install/mg400_msgs:/root/ros2_ws/install/mg400_description:/root/ros2_ws/install/mg400_common:/root/ros2_ws/install/p9n_bringup:/root/ros2_ws/install/mg400_bringup:/opt/ros/humble /usr/bin/cmake --build /root/ros2_ws/build/p9n_test -- -j16 -l16
[1.634s] DEBUG:colcon.colcon_core.event_handler.log_command:Invoking command in '/root/ros2_ws/build/p9n_test': CMAKE_PREFIX_PATH=/root/ros2_ws/install/p9n_interface:/root/ros2_ws/install/p9n:/root/ros2_ws/install/p9n_test:/root/ros2_ws/install/p9n_node:/root/ros2_ws/install/p9n_example:/root/ros2_ws/install/mg400:/root/ros2_ws/install/mg400_joy:/root/ros2_ws/install/mg400_tools:/root/ros2_ws/install/mg400_rviz_plugin:/root/ros2_ws/install/mg400_node:/root/ros2_ws/install/mg400_plugin:/root/ros2_ws/install/mg400_plugin_base:/root/ros2_ws/install/mg400_interface:/root/ros2_ws/install/mg400_msgs:/root/ros2_ws/install/mg400_description:/root/ros2_ws/install/mg400_common:/root/ros2_ws/install/p9n_bringup:/root/ros2_ws/install/mg400_bringup:/opt/ros/humble /usr/bin/cmake --install /root/ros2_ws/build/p9n_test
[1.648s] Level 1:colcon.colcon_core.environment:create_environment_scripts_only(p9n_example)
[1.648s] Level 1:colcon.colcon_core.environment:checking '/root/ros2_ws/install/p9n_example' for CMake module files
[1.648s] DEBUG:colcon.colcon_core.event_handler.log_command:Invoked command in '/root/ros2_ws/build/p9n_example' returned '0': CMAKE_PREFIX_PATH=/root/ros2_ws/install/p9n_interface:/root/ros2_ws/install/p9n:/root/ros2_ws/install/p9n_test:/root/ros2_ws/install/p9n_node:/root/ros2_ws/install/p9n_example:/root/ros2_ws/install/mg400:/root/ros2_ws/install/mg400_joy:/root/ros2_ws/install/mg400_tools:/root/ros2_ws/install/mg400_rviz_plugin:/root/ros2_ws/install/mg400_node:/root/ros2_ws/install/mg400_plugin:/root/ros2_ws/install/mg400_plugin_base:/root/ros2_ws/install/mg400_interface:/root/ros2_ws/install/mg400_msgs:/root/ros2_ws/install/mg400_description:/root/ros2_ws/install/mg400_common:/root/ros2_ws/install/p9n_bringup:/root/ros2_ws/install/mg400_bringup:/opt/ros/humble /usr/bin/cmake --install /root/ros2_ws/build/p9n_example
[1.649s] Level 1:colcon.colcon_core.environment:checking '/root/ros2_ws/install/p9n_example' for CMake config files
[1.649s] Level 1:colcon.colcon_core.shell:create_environment_hook('p9n_example', 'cmake_prefix_path')
[1.649s] INFO:colcon.colcon_core.shell:Creating environment hook '/root/ros2_ws/install/p9n_example/share/p9n_example/hook/cmake_prefix_path.ps1'
[1.650s] INFO:colcon.colcon_core.shell:Creating environment descriptor '/root/ros2_ws/install/p9n_example/share/p9n_example/hook/cmake_prefix_path.dsv'
[1.650s] INFO:colcon.colcon_core.shell:Creating environment hook '/root/ros2_ws/install/p9n_example/share/p9n_example/hook/cmake_prefix_path.sh'
[1.650s] Level 1:colcon.colcon_core.environment:checking '/root/ros2_ws/install/p9n_example/lib'
[1.650s] Level 1:colcon.colcon_core.shell:create_environment_hook('p9n_example', 'ld_library_path_lib')
[1.651s] INFO:colcon.colcon_core.shell:Creating environment hook '/root/ros2_ws/install/p9n_example/share/p9n_example/hook/ld_library_path_lib.ps1'
[1.651s] INFO:colcon.colcon_core.shell:Creating environment descriptor '/root/ros2_ws/install/p9n_example/share/p9n_example/hook/ld_library_path_lib.dsv'
[1.651s] INFO:colcon.colcon_core.shell:Creating environment hook '/root/ros2_ws/install/p9n_example/share/p9n_example/hook/ld_library_path_lib.sh'
[1.652s] Level 1:colcon.colcon_core.environment:checking '/root/ros2_ws/install/p9n_example/bin'
[1.652s] Level 1:colcon.colcon_core.environment:checking '/root/ros2_ws/install/p9n_example/lib/pkgconfig/p9n_example.pc'
[1.652s] Level 1:colcon.colcon_core.environment:checking '/root/ros2_ws/install/p9n_example/lib/python3.10/site-packages'
[1.652s] Level 1:colcon.colcon_core.environment:checking '/root/ros2_ws/install/p9n_example/bin'
[1.653s] INFO:colcon.colcon_core.shell:Creating package script '/root/ros2_ws/install/p9n_example/share/p9n_example/package.ps1'
[1.653s] INFO:colcon.colcon_core.shell:Creating package descriptor '/root/ros2_ws/install/p9n_example/share/p9n_example/package.dsv'
[1.653s] INFO:colcon.colcon_core.shell:Creating package script '/root/ros2_ws/install/p9n_example/share/p9n_example/package.sh'
[1.654s] INFO:colcon.colcon_core.shell:Creating package script '/root/ros2_ws/install/p9n_example/share/p9n_example/package.bash'
[1.654s] INFO:colcon.colcon_core.shell:Creating package script '/root/ros2_ws/install/p9n_example/share/p9n_example/package.zsh'
[1.654s] Level 1:colcon.colcon_core.environment:create_file_with_runtime_dependencies(/root/ros2_ws/install/p9n_example/share/colcon-core/packages/p9n_example)
[1.655s] Level 1:colcon.colcon_core.environment:create_environment_scripts_only(p9n_example)
[1.655s] Level 1:colcon.colcon_core.environment:checking '/root/ros2_ws/install/p9n_example' for CMake module files
[1.657s] Level 1:colcon.colcon_core.environment:checking '/root/ros2_ws/install/p9n_example' for CMake config files
[1.657s] Level 1:colcon.colcon_core.shell:create_environment_hook('p9n_example', 'cmake_prefix_path')
[1.657s] INFO:colcon.colcon_core.shell:Creating environment hook '/root/ros2_ws/install/p9n_example/share/p9n_example/hook/cmake_prefix_path.ps1'
[1.658s] INFO:colcon.colcon_core.shell:Creating environment descriptor '/root/ros2_ws/install/p9n_example/share/p9n_example/hook/cmake_prefix_path.dsv'
[1.658s] INFO:colcon.colcon_core.shell:Creating environment hook '/root/ros2_ws/install/p9n_example/share/p9n_example/hook/cmake_prefix_path.sh'
[1.658s] Level 1:colcon.colcon_core.environment:checking '/root/ros2_ws/install/p9n_example/lib'
[1.658s] Level 1:colcon.colcon_core.shell:create_environment_hook('p9n_example', 'ld_library_path_lib')
[1.658s] INFO:colcon.colcon_core.shell:Creating environment hook '/root/ros2_ws/install/p9n_example/share/p9n_example/hook/ld_library_path_lib.ps1'
[1.659s] INFO:colcon.colcon_core.shell:Creating environment descriptor '/root/ros2_ws/install/p9n_example/share/p9n_example/hook/ld_library_path_lib.dsv'
[1.659s] INFO:colcon.colcon_core.shell:Creating environment hook '/root/ros2_ws/install/p9n_example/share/p9n_example/hook/ld_library_path_lib.sh'
[1.659s] Level 1:colcon.colcon_core.environment:checking '/root/ros2_ws/install/p9n_example/bin'
[1.659s] Level 1:colcon.colcon_core.environment:checking '/root/ros2_ws/install/p9n_example/lib/pkgconfig/p9n_example.pc'
[1.660s] Level 1:colcon.colcon_core.environment:checking '/root/ros2_ws/install/p9n_example/lib/python3.10/site-packages'
[1.660s] Level 1:colcon.colcon_core.environment:checking '/root/ros2_ws/install/p9n_example/bin'
[1.660s] INFO:colcon.colcon_core.shell:Creating package script '/root/ros2_ws/install/p9n_example/share/p9n_example/package.ps1'
[1.660s] INFO:colcon.colcon_core.shell:Creating package descriptor '/root/ros2_ws/install/p9n_example/share/p9n_example/package.dsv'
[1.661s] INFO:colcon.colcon_core.shell:Creating package script '/root/ros2_ws/install/p9n_example/share/p9n_example/package.sh'
[1.661s] INFO:colcon.colcon_core.shell:Creating package script '/root/ros2_ws/install/p9n_example/share/p9n_example/package.bash'
[1.661s] INFO:colcon.colcon_core.shell:Creating package script '/root/ros2_ws/install/p9n_example/share/p9n_example/package.zsh'
[1.662s] Level 1:colcon.colcon_core.environment:create_file_with_runtime_dependencies(/root/ros2_ws/install/p9n_example/share/colcon-core/packages/p9n_example)
[1.663s] Level 1:colcon.colcon_core.environment:create_environment_scripts_only(p9n_test)
[1.663s] Level 1:colcon.colcon_core.environment:checking '/root/ros2_ws/install/p9n_test' for CMake module files
[1.663s] DEBUG:colcon.colcon_core.event_handler.log_command:Invoked command in '/root/ros2_ws/build/p9n_test' returned '0': CMAKE_PREFIX_PATH=/root/ros2_ws/install/p9n_interface:/root/ros2_ws/install/p9n:/root/ros2_ws/install/p9n_test:/root/ros2_ws/install/p9n_node:/root/ros2_ws/install/p9n_example:/root/ros2_ws/install/mg400:/root/ros2_ws/install/mg400_joy:/root/ros2_ws/install/mg400_tools:/root/ros2_ws/install/mg400_rviz_plugin:/root/ros2_ws/install/mg400_node:/root/ros2_ws/install/mg400_plugin:/root/ros2_ws/install/mg400_plugin_base:/root/ros2_ws/install/mg400_interface:/root/ros2_ws/install/mg400_msgs:/root/ros2_ws/install/mg400_description:/root/ros2_ws/install/mg400_common:/root/ros2_ws/install/p9n_bringup:/root/ros2_ws/install/mg400_bringup:/opt/ros/humble /usr/bin/cmake --install /root/ros2_ws/build/p9n_test
[1.664s] Level 1:colcon.colcon_core.environment:checking '/root/ros2_ws/install/p9n_test' for CMake config files
[1.664s] Level 1:colcon.colcon_core.shell:create_environment_hook('p9n_test', 'cmake_prefix_path')
[1.664s] INFO:colcon.colcon_core.shell:Creating environment hook '/root/ros2_ws/install/p9n_test/share/p9n_test/hook/cmake_prefix_path.ps1'
[1.665s] INFO:colcon.colcon_core.shell:Creating environment descriptor '/root/ros2_ws/install/p9n_test/share/p9n_test/hook/cmake_prefix_path.dsv'
[1.665s] INFO:colcon.colcon_core.shell:Creating environment hook '/root/ros2_ws/install/p9n_test/share/p9n_test/hook/cmake_prefix_path.sh'
[1.665s] Level 1:colcon.colcon_core.environment:checking '/root/ros2_ws/install/p9n_test/lib'
[1.665s] Level 1:colcon.colcon_core.shell:create_environment_hook('p9n_test', 'ld_library_path_lib')
[1.665s] INFO:colcon.colcon_core.shell:Creating environment hook '/root/ros2_ws/install/p9n_test/share/p9n_test/hook/ld_library_path_lib.ps1'
[1.666s] INFO:colcon.colcon_core.shell:Creating environment descriptor '/root/ros2_ws/install/p9n_test/share/p9n_test/hook/ld_library_path_lib.dsv'
[1.666s] INFO:colcon.colcon_core.shell:Creating environment hook '/root/ros2_ws/install/p9n_test/share/p9n_test/hook/ld_library_path_lib.sh'
[1.666s] Level 1:colcon.colcon_core.environment:checking '/root/ros2_ws/install/p9n_test/bin'
[1.666s] Level 1:colcon.colcon_core.environment:checking '/root/ros2_ws/install/p9n_test/lib/pkgconfig/p9n_test.pc'
[1.666s] Level 1:colcon.colcon_core.environment:checking '/root/ros2_ws/install/p9n_test/lib/python3.10/site-packages'
[1.667s] Level 1:colcon.colcon_core.environment:checking '/root/ros2_ws/install/p9n_test/bin'
[1.667s] INFO:colcon.colcon_core.shell:Creating package script '/root/ros2_ws/install/p9n_test/share/p9n_test/package.ps1'
[1.667s] INFO:colcon.colcon_core.shell:Creating package descriptor '/root/ros2_ws/install/p9n_test/share/p9n_test/package.dsv'
[1.668s] INFO:colcon.colcon_core.shell:Creating package script '/root/ros2_ws/install/p9n_test/share/p9n_test/package.sh'
[1.668s] INFO:colcon.colcon_core.shell:Creating package script '/root/ros2_ws/install/p9n_test/share/p9n_test/package.bash'
[1.668s] INFO:colcon.colcon_core.shell:Creating package script '/root/ros2_ws/install/p9n_test/share/p9n_test/package.zsh'
[1.669s] Level 1:colcon.colcon_core.environment:create_file_with_runtime_dependencies(/root/ros2_ws/install/p9n_test/share/colcon-core/packages/p9n_test)
[1.669s] Level 1:colcon.colcon_core.environment:create_environment_scripts_only(p9n_test)
[1.669s] Level 1:colcon.colcon_core.environment:checking '/root/ros2_ws/install/p9n_test' for CMake module files
[1.669s] Level 1:colcon.colcon_core.environment:checking '/root/ros2_ws/install/p9n_test' for CMake config files
[1.670s] Level 1:colcon.colcon_core.shell:create_environment_hook('p9n_test', 'cmake_prefix_path')
[1.670s] INFO:colcon.colcon_core.shell:Creating environment hook '/root/ros2_ws/install/p9n_test/share/p9n_test/hook/cmake_prefix_path.ps1'
[1.670s] INFO:colcon.colcon_core.shell:Creating environment descriptor '/root/ros2_ws/install/p9n_test/share/p9n_test/hook/cmake_prefix_path.dsv'
[1.671s] INFO:colcon.colcon_core.shell:Creating environment hook '/root/ros2_ws/install/p9n_test/share/p9n_test/hook/cmake_prefix_path.sh'
[1.671s] Level 1:colcon.colcon_core.environment:checking '/root/ros2_ws/install/p9n_test/lib'
[1.671s] Level 1:colcon.colcon_core.shell:create_environment_hook('p9n_test', 'ld_library_path_lib')
[1.671s] INFO:colcon.colcon_core.shell:Creating environment hook '/root/ros2_ws/install/p9n_test/share/p9n_test/hook/ld_library_path_lib.ps1'
[1.671s] INFO:colcon.colcon_core.shell:Creating environment descriptor '/root/ros2_ws/install/p9n_test/share/p9n_test/hook/ld_library_path_lib.dsv'
[1.672s] INFO:colcon.colcon_core.shell:Creating environment hook '/root/ros2_ws/install/p9n_test/share/p9n_test/hook/ld_library_path_lib.sh'
[1.672s] Level 1:colcon.colcon_core.environment:checking '/root/ros2_ws/install/p9n_test/bin'
[1.672s] Level 1:colcon.colcon_core.environment:checking '/root/ros2_ws/install/p9n_test/lib/pkgconfig/p9n_test.pc'
[1.672s] Level 1:colcon.colcon_core.environment:checking '/root/ros2_ws/install/p9n_test/lib/python3.10/site-packages'
[1.672s] Level 1:colcon.colcon_core.environment:checking '/root/ros2_ws/install/p9n_test/bin'
[1.673s] INFO:colcon.colcon_core.shell:Creating package script '/root/ros2_ws/install/p9n_test/share/p9n_test/package.ps1'
[1.673s] INFO:colcon.colcon_core.shell:Creating package descriptor '/root/ros2_ws/install/p9n_test/share/p9n_test/package.dsv'
[1.673s] INFO:colcon.colcon_core.shell:Creating package script '/root/ros2_ws/install/p9n_test/share/p9n_test/package.sh'
[1.674s] INFO:colcon.colcon_core.shell:Creating package script '/root/ros2_ws/install/p9n_test/share/p9n_test/package.bash'
[1.674s] INFO:colcon.colcon_core.shell:Creating package script '/root/ros2_ws/install/p9n_test/share/p9n_test/package.zsh'
[1.674s] Level 1:colcon.colcon_core.environment:create_file_with_runtime_dependencies(/root/ros2_ws/install/p9n_test/share/colcon-core/packages/p9n_test)
[1.675s] Level 1:colcon.colcon_core.environment:create_environment_scripts_only(p9n_node)
[1.675s] Level 1:colcon.colcon_core.environment:checking '/root/ros2_ws/install/p9n_node' for CMake module files
[1.675s] DEBUG:colcon.colcon_core.event_handler.log_command:Invoked command in '/root/ros2_ws/build/p9n_node' returned '0': CMAKE_PREFIX_PATH=/root/ros2_ws/install/p9n_interface:/root/ros2_ws/install/p9n:/root/ros2_ws/install/p9n_test:/root/ros2_ws/install/p9n_node:/root/ros2_ws/install/p9n_example:/root/ros2_ws/install/mg400:/root/ros2_ws/install/mg400_joy:/root/ros2_ws/install/mg400_tools:/root/ros2_ws/install/mg400_rviz_plugin:/root/ros2_ws/install/mg400_node:/root/ros2_ws/install/mg400_plugin:/root/ros2_ws/install/mg400_plugin_base:/root/ros2_ws/install/mg400_interface:/root/ros2_ws/install/mg400_msgs:/root/ros2_ws/install/mg400_description:/root/ros2_ws/install/mg400_common:/root/ros2_ws/install/p9n_bringup:/root/ros2_ws/install/mg400_bringup:/opt/ros/humble /usr/bin/cmake --install /root/ros2_ws/build/p9n_node
[1.676s] Level 1:colcon.colcon_core.environment:checking '/root/ros2_ws/install/p9n_node' for CMake config files
[1.676s] Level 1:colcon.colcon_core.shell:create_environment_hook('p9n_node', 'cmake_prefix_path')
[1.676s] INFO:colcon.colcon_core.shell:Creating environment hook '/root/ros2_ws/install/p9n_node/share/p9n_node/hook/cmake_prefix_path.ps1'
[1.676s] INFO:colcon.colcon_core.shell:Creating environment descriptor '/root/ros2_ws/install/p9n_node/share/p9n_node/hook/cmake_prefix_path.dsv'
[1.677s] INFO:colcon.colcon_core.shell:Creating environment hook '/root/ros2_ws/install/p9n_node/share/p9n_node/hook/cmake_prefix_path.sh'
[1.677s] Level 1:colcon.colcon_core.environment:checking '/root/ros2_ws/install/p9n_node/lib'
[1.677s] Level 1:colcon.colcon_core.shell:create_environment_hook('p9n_node', 'ld_library_path_lib')
[1.677s] INFO:colcon.colcon_core.shell:Creating environment hook '/root/ros2_ws/install/p9n_node/share/p9n_node/hook/ld_library_path_lib.ps1'
[1.678s] INFO:colcon.colcon_core.shell:Creating environment descriptor '/root/ros2_ws/install/p9n_node/share/p9n_node/hook/ld_library_path_lib.dsv'
[1.678s] INFO:colcon.colcon_core.shell:Creating environment hook '/root/ros2_ws/install/p9n_node/share/p9n_node/hook/ld_library_path_lib.sh'
[1.678s] Level 1:colcon.colcon_core.environment:checking '/root/ros2_ws/install/p9n_node/bin'
[1.678s] Level 1:colcon.colcon_core.environment:checking '/root/ros2_ws/install/p9n_node/lib/pkgconfig/p9n_node.pc'
[1.678s] Level 1:colcon.colcon_core.environment:checking '/root/ros2_ws/install/p9n_node/lib/python3.10/site-packages'
[1.679s] Level 1:colcon.colcon_core.environment:checking '/root/ros2_ws/install/p9n_node/bin'
[1.679s] INFO:colcon.colcon_core.shell:Creating package script '/root/ros2_ws/install/p9n_node/share/p9n_node/package.ps1'
[1.679s] INFO:colcon.colcon_core.shell:Creating package descriptor '/root/ros2_ws/install/p9n_node/share/p9n_node/package.dsv'
[1.679s] INFO:colcon.colcon_core.shell:Creating package script '/root/ros2_ws/install/p9n_node/share/p9n_node/package.sh'
[1.680s] INFO:colcon.colcon_core.shell:Creating package script '/root/ros2_ws/install/p9n_node/share/p9n_node/package.bash'
[1.680s] INFO:colcon.colcon_core.shell:Creating package script '/root/ros2_ws/install/p9n_node/share/p9n_node/package.zsh'
[1.680s] Level 1:colcon.colcon_core.environment:create_file_with_runtime_dependencies(/root/ros2_ws/install/p9n_node/share/colcon-core/packages/p9n_node)
[1.681s] Level 1:colcon.colcon_core.environment:create_environment_scripts_only(p9n_node)
[1.681s] Level 1:colcon.colcon_core.environment:checking '/root/ros2_ws/install/p9n_node' for CMake module files
[1.681s] Level 1:colcon.colcon_core.environment:checking '/root/ros2_ws/install/p9n_node' for CMake config files
[1.682s] Level 1:colcon.colcon_core.shell:create_environment_hook('p9n_node', 'cmake_prefix_path')
[1.682s] INFO:colcon.colcon_core.shell:Creating environment hook '/root/ros2_ws/install/p9n_node/share/p9n_node/hook/cmake_prefix_path.ps1'
[1.682s] INFO:colcon.colcon_core.shell:Creating environment descriptor '/root/ros2_ws/install/p9n_node/share/p9n_node/hook/cmake_prefix_path.dsv'
[1.682s] INFO:colcon.colcon_core.shell:Creating environment hook '/root/ros2_ws/install/p9n_node/share/p9n_node/hook/cmake_prefix_path.sh'
[1.683s] Level 1:colcon.colcon_core.environment:checking '/root/ros2_ws/install/p9n_node/lib'
[1.683s] Level 1:colcon.colcon_core.shell:create_environment_hook('p9n_node', 'ld_library_path_lib')
[1.683s] INFO:colcon.colcon_core.shell:Creating environment hook '/root/ros2_ws/install/p9n_node/share/p9n_node/hook/ld_library_path_lib.ps1'
[1.683s] INFO:colcon.colcon_core.shell:Creating environment descriptor '/root/ros2_ws/install/p9n_node/share/p9n_node/hook/ld_library_path_lib.dsv'
[1.683s] INFO:colcon.colcon_core.shell:Creating environment hook '/root/ros2_ws/install/p9n_node/share/p9n_node/hook/ld_library_path_lib.sh'
[1.684s] Level 1:colcon.colcon_core.environment:checking '/root/ros2_ws/install/p9n_node/bin'
[1.684s] Level 1:colcon.colcon_core.environment:checking '/root/ros2_ws/install/p9n_node/lib/pkgconfig/p9n_node.pc'
[1.684s] Level 1:colcon.colcon_core.environment:checking '/root/ros2_ws/install/p9n_node/lib/python3.10/site-packages'
[1.684s] Level 1:colcon.colcon_core.environment:checking '/root/ros2_ws/install/p9n_node/bin'
[1.684s] INFO:colcon.colcon_core.shell:Creating package script '/root/ros2_ws/install/p9n_node/share/p9n_node/package.ps1'
[1.685s] INFO:colcon.colcon_core.shell:Creating package descriptor '/root/ros2_ws/install/p9n_node/share/p9n_node/package.dsv'
[1.685s] INFO:colcon.colcon_core.shell:Creating package script '/root/ros2_ws/install/p9n_node/share/p9n_node/package.sh'
[1.686s] INFO:colcon.colcon_core.shell:Creating package script '/root/ros2_ws/install/p9n_node/share/p9n_node/package.bash'
[1.686s] INFO:colcon.colcon_core.shell:Creating package script '/root/ros2_ws/install/p9n_node/share/p9n_node/package.zsh'
[1.686s] Level 1:colcon.colcon_core.environment:create_file_with_runtime_dependencies(/root/ros2_ws/install/p9n_node/share/colcon-core/packages/p9n_node)
[1.687s] INFO:colcon.colcon_ros.task.ament_python.build:Building ROS package in '/root/ros2_ws/src/PlayStation-JoyInterface-ROS2/p9n_bringup' with build type 'ament_python'
[1.687s] Level 1:colcon.colcon_core.shell:create_environment_hook('p9n_bringup', 'ament_prefix_path')
[1.687s] INFO:colcon.colcon_core.shell:Creating environment hook '/root/ros2_ws/install/p9n_bringup/share/p9n_bringup/hook/ament_prefix_path.ps1'
[1.687s] INFO:colcon.colcon_core.shell:Creating environment descriptor '/root/ros2_ws/install/p9n_bringup/share/p9n_bringup/hook/ament_prefix_path.dsv'
[1.688s] INFO:colcon.colcon_core.shell:Creating environment hook '/root/ros2_ws/install/p9n_bringup/share/p9n_bringup/hook/ament_prefix_path.sh'
[1.688s] INFO:colcon.colcon_core.shell:Skip shell extension 'powershell' for command environment: Not usable outside of PowerShell
[1.688s] DEBUG:colcon.colcon_core.shell:Skip shell extension 'dsv' for command environment
[1.885s] INFO:colcon.colcon_core.task.python.build:Building Python package in '/root/ros2_ws/src/PlayStation-JoyInterface-ROS2/p9n_bringup'
[1.886s] INFO:colcon.colcon_core.shell:Skip shell extension 'powershell' for command environment: Not usable outside of PowerShell
[1.886s] DEBUG:colcon.colcon_core.shell:Skip shell extension 'dsv' for command environment
[2.153s] DEBUG:colcon.colcon_core.event_handler.log_command:Invoked command in '/root/ros2_ws/build/mg400_msgs' returned '0': CMAKE_PREFIX_PATH=${CMAKE_PREFIX_PATH}:/root/ros2_ws/install/p9n_bringup:/root/ros2_ws/install/mg400_bringup:/opt/ros/humble /usr/bin/cmake /root/ros2_ws/src/MG400_ROS2/mg400_msgs -DCMAKE_INSTALL_PREFIX=/root/ros2_ws/install/mg400_msgs
[2.155s] DEBUG:colcon.colcon_core.event_handler.log_command:Invoking command in '/root/ros2_ws/build/mg400_msgs': CMAKE_PREFIX_PATH=${CMAKE_PREFIX_PATH}:/root/ros2_ws/install/p9n_bringup:/root/ros2_ws/install/mg400_bringup:/opt/ros/humble /usr/bin/cmake --build /root/ros2_ws/build/mg400_msgs -- -j16 -l16
[2.157s] DEBUG:colcon.colcon_core.task.python.build:Available setuptools commands: saveopts, install_lib, develop, install_egg_info, clean, symlink_data, easy_install, check, sdist, build_clib, bdist_egg, build_scripts, bdist_dumb, test, install_data, upload_docs, register, upload, install_headers, dist_info, rotate, install, bdist, build_py, build, build_ext, alias, setopt, egg_info, bdist_rpm, install_scripts
[2.158s] DEBUG:colcon.colcon_core.event_handler.log_command:Invoking command in '/root/ros2_ws/build/p9n_bringup': CMAKE_PREFIX_PATH=/root/ros2_ws/install/p9n_node:/root/ros2_ws/install/p9n_interface:/root/ros2_ws/install/p9n:/root/ros2_ws/install/p9n_test:/root/ros2_ws/install/p9n_example:/root/ros2_ws/install/mg400:/root/ros2_ws/install/mg400_joy:/root/ros2_ws/install/mg400_tools:/root/ros2_ws/install/mg400_rviz_plugin:/root/ros2_ws/install/mg400_node:/root/ros2_ws/install/mg400_plugin:/root/ros2_ws/install/mg400_plugin_base:/root/ros2_ws/install/mg400_interface:/root/ros2_ws/install/mg400_msgs:/root/ros2_ws/install/mg400_description:/root/ros2_ws/install/mg400_common LD_LIBRARY_PATH=/root/ros2_ws/install/p9n_node/lib:/root/ros2_ws/install/p9n_test/lib:/root/ros2_ws/install/p9n_example/lib:/root/ros2_ws/install/mg400_joy/lib:/root/ros2_ws/install/p9n_interface/lib:/root/ros2_ws/install/mg400_rviz_plugin/lib:/root/ros2_ws/install/mg400_node/lib:/root/ros2_ws/install/mg400_plugin/lib:/root/ros2_ws/install/mg400_interface/lib:/root/ros2_ws/install/mg400_msgs/lib:/root/ros2_ws/install/mg400_common/lib:/opt/ros/humble/opt/rviz_ogre_vendor/lib:/opt/ros/humble/lib/x86_64-linux-gnu:/opt/ros/humble/lib PYTHONPATH=/root/ros2_ws/build/p9n_bringup/prefix_override:/usr/lib/python3/dist-packages/colcon_core/task/python/colcon_distutils_commands:/root/ros2_ws/install/p9n_bringup/lib/python3.10/site-packages:${PYTHONPATH} /usr/bin/python3 -W ignore:setup.py install is deprecated -W ignore:easy_install command is deprecated setup.py develop --uninstall --editable --build-directory /root/ros2_ws/build/p9n_bringup/build
[2.481s] DEBUG:colcon.colcon_core.event_handler.log_command:Invoked command in '/root/ros2_ws/build/p9n_bringup' returned '0': CMAKE_PREFIX_PATH=/root/ros2_ws/install/p9n_node:/root/ros2_ws/install/p9n_interface:/root/ros2_ws/install/p9n:/root/ros2_ws/install/p9n_test:/root/ros2_ws/install/p9n_example:/root/ros2_ws/install/mg400:/root/ros2_ws/install/mg400_joy:/root/ros2_ws/install/mg400_tools:/root/ros2_ws/install/mg400_rviz_plugin:/root/ros2_ws/install/mg400_node:/root/ros2_ws/install/mg400_plugin:/root/ros2_ws/install/mg400_plugin_base:/root/ros2_ws/install/mg400_interface:/root/ros2_ws/install/mg400_msgs:/root/ros2_ws/install/mg400_description:/root/ros2_ws/install/mg400_common LD_LIBRARY_PATH=/root/ros2_ws/install/p9n_node/lib:/root/ros2_ws/install/p9n_test/lib:/root/ros2_ws/install/p9n_example/lib:/root/ros2_ws/install/mg400_joy/lib:/root/ros2_ws/install/p9n_interface/lib:/root/ros2_ws/install/mg400_rviz_plugin/lib:/root/ros2_ws/install/mg400_node/lib:/root/ros2_ws/install/mg400_plugin/lib:/root/ros2_ws/install/mg400_interface/lib:/root/ros2_ws/install/mg400_msgs/lib:/root/ros2_ws/install/mg400_common/lib:/opt/ros/humble/opt/rviz_ogre_vendor/lib:/opt/ros/humble/lib/x86_64-linux-gnu:/opt/ros/humble/lib PYTHONPATH=/root/ros2_ws/build/p9n_bringup/prefix_override:/usr/lib/python3/dist-packages/colcon_core/task/python/colcon_distutils_commands:/root/ros2_ws/install/p9n_bringup/lib/python3.10/site-packages:${PYTHONPATH} /usr/bin/python3 -W ignore:setup.py install is deprecated -W ignore:easy_install command is deprecated setup.py develop --uninstall --editable --build-directory /root/ros2_ws/build/p9n_bringup/build
[2.482s] DEBUG:colcon.colcon_core.event_handler.log_command:Invoking command in '/root/ros2_ws/src/PlayStation-JoyInterface-ROS2/p9n_bringup': CMAKE_PREFIX_PATH=/root/ros2_ws/install/p9n_node:/root/ros2_ws/install/p9n_interface:/root/ros2_ws/install/p9n:/root/ros2_ws/install/p9n_test:/root/ros2_ws/install/p9n_example:/root/ros2_ws/install/mg400:/root/ros2_ws/install/mg400_joy:/root/ros2_ws/install/mg400_tools:/root/ros2_ws/install/mg400_rviz_plugin:/root/ros2_ws/install/mg400_node:/root/ros2_ws/install/mg400_plugin:/root/ros2_ws/install/mg400_plugin_base:/root/ros2_ws/install/mg400_interface:/root/ros2_ws/install/mg400_msgs:/root/ros2_ws/install/mg400_description:/root/ros2_ws/install/mg400_common LD_LIBRARY_PATH=/root/ros2_ws/install/p9n_node/lib:/root/ros2_ws/install/p9n_test/lib:/root/ros2_ws/install/p9n_example/lib:/root/ros2_ws/install/mg400_joy/lib:/root/ros2_ws/install/p9n_interface/lib:/root/ros2_ws/install/mg400_rviz_plugin/lib:/root/ros2_ws/install/mg400_node/lib:/root/ros2_ws/install/mg400_plugin/lib:/root/ros2_ws/install/mg400_interface/lib:/root/ros2_ws/install/mg400_msgs/lib:/root/ros2_ws/install/mg400_common/lib:/opt/ros/humble/opt/rviz_ogre_vendor/lib:/opt/ros/humble/lib/x86_64-linux-gnu:/opt/ros/humble/lib PYTHONPATH=/root/ros2_ws/build/p9n_bringup/prefix_override:/usr/lib/python3/dist-packages/colcon_core/task/python/colcon_distutils_commands:/root/ros2_ws/install/p9n_bringup/lib/python3.10/site-packages:${PYTHONPATH} /usr/bin/python3 -W ignore:setup.py install is deprecated -W ignore:easy_install command is deprecated setup.py egg_info --egg-base ../../../build/p9n_bringup build --build-base /root/ros2_ws/build/p9n_bringup/build install --record /root/ros2_ws/build/p9n_bringup/install.log --install-scripts $base/lib/p9n_bringup --single-version-externally-managed install_data --force
[2.516s] DEBUG:colcon.colcon_core.event_handler.log_command:Invoked command in '/root/ros2_ws/build/mg400_msgs' returned '0': CMAKE_PREFIX_PATH=${CMAKE_PREFIX_PATH}:/root/ros2_ws/install/p9n_bringup:/root/ros2_ws/install/mg400_bringup:/opt/ros/humble /usr/bin/cmake --build /root/ros2_ws/build/mg400_msgs -- -j16 -l16
[2.517s] DEBUG:colcon.colcon_core.event_handler.log_command:Invoking command in '/root/ros2_ws/build/mg400_msgs': CMAKE_PREFIX_PATH=${CMAKE_PREFIX_PATH}:/root/ros2_ws/install/p9n_bringup:/root/ros2_ws/install/mg400_bringup:/opt/ros/humble /usr/bin/cmake --install /root/ros2_ws/build/mg400_msgs
[2.701s] Level 1:colcon.colcon_core.environment:checking '/root/ros2_ws/install/p9n_bringup' for CMake module files
[2.702s] DEBUG:colcon.colcon_core.event_handler.log_command:Invoked command in '/root/ros2_ws/src/PlayStation-JoyInterface-ROS2/p9n_bringup' returned '0': CMAKE_PREFIX_PATH=/root/ros2_ws/install/p9n_node:/root/ros2_ws/install/p9n_interface:/root/ros2_ws/install/p9n:/root/ros2_ws/install/p9n_test:/root/ros2_ws/install/p9n_example:/root/ros2_ws/install/mg400:/root/ros2_ws/install/mg400_joy:/root/ros2_ws/install/mg400_tools:/root/ros2_ws/install/mg400_rviz_plugin:/root/ros2_ws/install/mg400_node:/root/ros2_ws/install/mg400_plugin:/root/ros2_ws/install/mg400_plugin_base:/root/ros2_ws/install/mg400_interface:/root/ros2_ws/install/mg400_msgs:/root/ros2_ws/install/mg400_description:/root/ros2_ws/install/mg400_common LD_LIBRARY_PATH=/root/ros2_ws/install/p9n_node/lib:/root/ros2_ws/install/p9n_test/lib:/root/ros2_ws/install/p9n_example/lib:/root/ros2_ws/install/mg400_joy/lib:/root/ros2_ws/install/p9n_interface/lib:/root/ros2_ws/install/mg400_rviz_plugin/lib:/root/ros2_ws/install/mg400_node/lib:/root/ros2_ws/install/mg400_plugin/lib:/root/ros2_ws/install/mg400_interface/lib:/root/ros2_ws/install/mg400_msgs/lib:/root/ros2_ws/install/mg400_common/lib:/opt/ros/humble/opt/rviz_ogre_vendor/lib:/opt/ros/humble/lib/x86_64-linux-gnu:/opt/ros/humble/lib PYTHONPATH=/root/ros2_ws/build/p9n_bringup/prefix_override:/usr/lib/python3/dist-packages/colcon_core/task/python/colcon_distutils_commands:/root/ros2_ws/install/p9n_bringup/lib/python3.10/site-packages:${PYTHONPATH} /usr/bin/python3 -W ignore:setup.py install is deprecated -W ignore:easy_install command is deprecated setup.py egg_info --egg-base ../../../build/p9n_bringup build --build-base /root/ros2_ws/build/p9n_bringup/build install --record /root/ros2_ws/build/p9n_bringup/install.log --install-scripts $base/lib/p9n_bringup --single-version-externally-managed install_data --force
[2.702s] Level 1:colcon.colcon_core.environment:checking '/root/ros2_ws/install/p9n_bringup' for CMake config files
[2.702s] Level 1:colcon.colcon_core.environment:checking '/root/ros2_ws/install/p9n_bringup/lib'
[2.702s] Level 1:colcon.colcon_core.environment:checking '/root/ros2_ws/install/p9n_bringup/bin'
[2.703s] Level 1:colcon.colcon_core.environment:checking '/root/ros2_ws/install/p9n_bringup/lib/pkgconfig/p9n_bringup.pc'
[2.703s] Level 1:colcon.colcon_core.environment:checking '/root/ros2_ws/install/p9n_bringup/lib/python3.10/site-packages'
[2.703s] Level 1:colcon.colcon_core.shell:create_environment_hook('p9n_bringup', 'pythonpath')
[2.703s] INFO:colcon.colcon_core.shell:Creating environment hook '/root/ros2_ws/install/p9n_bringup/share/p9n_bringup/hook/pythonpath.ps1'
[2.703s] INFO:colcon.colcon_core.shell:Creating environment descriptor '/root/ros2_ws/install/p9n_bringup/share/p9n_bringup/hook/pythonpath.dsv'
[2.704s] INFO:colcon.colcon_core.shell:Creating environment hook '/root/ros2_ws/install/p9n_bringup/share/p9n_bringup/hook/pythonpath.sh'
[2.704s] Level 1:colcon.colcon_core.environment:checking '/root/ros2_ws/install/p9n_bringup/bin'
[2.704s] Level 1:colcon.colcon_core.environment:create_environment_scripts_only(p9n_bringup)
[2.704s] INFO:colcon.colcon_core.shell:Creating package script '/root/ros2_ws/install/p9n_bringup/share/p9n_bringup/package.ps1'
[2.705s] INFO:colcon.colcon_core.shell:Creating package descriptor '/root/ros2_ws/install/p9n_bringup/share/p9n_bringup/package.dsv'
[2.706s] INFO:colcon.colcon_core.shell:Creating package script '/root/ros2_ws/install/p9n_bringup/share/p9n_bringup/package.sh'
[2.706s] INFO:colcon.colcon_core.shell:Creating package script '/root/ros2_ws/install/p9n_bringup/share/p9n_bringup/package.bash'
[2.706s] INFO:colcon.colcon_core.shell:Creating package script '/root/ros2_ws/install/p9n_bringup/share/p9n_bringup/package.zsh'
[2.707s] Level 1:colcon.colcon_core.environment:create_file_with_runtime_dependencies(/root/ros2_ws/install/p9n_bringup/share/colcon-core/packages/p9n_bringup)
[2.707s] INFO:colcon.colcon_ros.task.ament_cmake.build:Building ROS package in '/root/ros2_ws/src/PlayStation-JoyInterface-ROS2/p9n' with build type 'ament_cmake'
[2.707s] INFO:colcon.colcon_cmake.task.cmake.build:Building CMake package in '/root/ros2_ws/src/PlayStation-JoyInterface-ROS2/p9n'
[2.707s] INFO:colcon.colcon_core.shell:Skip shell extension 'powershell' for command environment: Not usable outside of PowerShell
[2.707s] DEBUG:colcon.colcon_core.shell:Skip shell extension 'dsv' for command environment
[2.712s] Level 1:colcon.colcon_core.environment:create_environment_scripts_only(mg400_msgs)
[2.712s] Level 1:colcon.colcon_core.environment:checking '/root/ros2_ws/install/mg400_msgs' for CMake module files
[2.713s] DEBUG:colcon.colcon_core.event_handler.log_command:Invoked command in '/root/ros2_ws/build/mg400_msgs' returned '0': CMAKE_PREFIX_PATH=${CMAKE_PREFIX_PATH}:/root/ros2_ws/install/p9n_bringup:/root/ros2_ws/install/mg400_bringup:/opt/ros/humble /usr/bin/cmake --install /root/ros2_ws/build/mg400_msgs
[2.713s] Level 1:colcon.colcon_core.environment:checking '/root/ros2_ws/install/mg400_msgs' for CMake config files
[2.714s] Level 1:colcon.colcon_core.shell:create_environment_hook('mg400_msgs', 'cmake_prefix_path')
[2.715s] INFO:colcon.colcon_core.shell:Creating environment hook '/root/ros2_ws/install/mg400_msgs/share/mg400_msgs/hook/cmake_prefix_path.ps1'
[2.715s] INFO:colcon.colcon_core.shell:Creating environment descriptor '/root/ros2_ws/install/mg400_msgs/share/mg400_msgs/hook/cmake_prefix_path.dsv'
[2.715s] INFO:colcon.colcon_core.shell:Creating environment hook '/root/ros2_ws/install/mg400_msgs/share/mg400_msgs/hook/cmake_prefix_path.sh'
[2.716s] Level 1:colcon.colcon_core.environment:checking '/root/ros2_ws/install/mg400_msgs/lib'
[2.716s] Level 1:colcon.colcon_core.shell:create_environment_hook('mg400_msgs', 'ld_library_path_lib')
[2.716s] INFO:colcon.colcon_core.shell:Creating environment hook '/root/ros2_ws/install/mg400_msgs/share/mg400_msgs/hook/ld_library_path_lib.ps1'
[2.716s] INFO:colcon.colcon_core.shell:Creating environment descriptor '/root/ros2_ws/install/mg400_msgs/share/mg400_msgs/hook/ld_library_path_lib.dsv'
[2.716s] INFO:colcon.colcon_core.shell:Creating environment hook '/root/ros2_ws/install/mg400_msgs/share/mg400_msgs/hook/ld_library_path_lib.sh'
[2.717s] Level 1:colcon.colcon_core.environment:checking '/root/ros2_ws/install/mg400_msgs/bin'
[2.717s] Level 1:colcon.colcon_core.environment:checking '/root/ros2_ws/install/mg400_msgs/lib/pkgconfig/mg400_msgs.pc'
[2.717s] Level 1:colcon.colcon_core.environment:checking '/root/ros2_ws/install/mg400_msgs/lib/python3.10/site-packages'
[2.717s] Level 1:colcon.colcon_core.environment:checking '/root/ros2_ws/install/mg400_msgs/bin'
[2.717s] INFO:colcon.colcon_core.shell:Creating package script '/root/ros2_ws/install/mg400_msgs/share/mg400_msgs/package.ps1'
[2.718s] INFO:colcon.colcon_core.shell:Creating package descriptor '/root/ros2_ws/install/mg400_msgs/share/mg400_msgs/package.dsv'
[2.718s] INFO:colcon.colcon_core.shell:Creating package script '/root/ros2_ws/install/mg400_msgs/share/mg400_msgs/package.sh'
[2.718s] INFO:colcon.colcon_core.shell:Creating package script '/root/ros2_ws/install/mg400_msgs/share/mg400_msgs/package.bash'
[2.719s] INFO:colcon.colcon_core.shell:Creating package script '/root/ros2_ws/install/mg400_msgs/share/mg400_msgs/package.zsh'
[2.719s] Level 1:colcon.colcon_core.environment:create_file_with_runtime_dependencies(/root/ros2_ws/install/mg400_msgs/share/colcon-core/packages/mg400_msgs)
[2.719s] Level 1:colcon.colcon_core.environment:create_environment_scripts_only(mg400_msgs)
[2.719s] Level 1:colcon.colcon_core.environment:checking '/root/ros2_ws/install/mg400_msgs' for CMake module files
[2.720s] Level 1:colcon.colcon_core.environment:checking '/root/ros2_ws/install/mg400_msgs' for CMake config files
[2.721s] Level 1:colcon.colcon_core.shell:create_environment_hook('mg400_msgs', 'cmake_prefix_path')
[2.722s] INFO:colcon.colcon_core.shell:Creating environment hook '/root/ros2_ws/install/mg400_msgs/share/mg400_msgs/hook/cmake_prefix_path.ps1'
[2.722s] INFO:colcon.colcon_core.shell:Creating environment descriptor '/root/ros2_ws/install/mg400_msgs/share/mg400_msgs/hook/cmake_prefix_path.dsv'
[2.722s] INFO:colcon.colcon_core.shell:Creating environment hook '/root/ros2_ws/install/mg400_msgs/share/mg400_msgs/hook/cmake_prefix_path.sh'
[2.723s] Level 1:colcon.colcon_core.environment:checking '/root/ros2_ws/install/mg400_msgs/lib'
[2.723s] Level 1:colcon.colcon_core.shell:create_environment_hook('mg400_msgs', 'ld_library_path_lib')
[2.723s] INFO:colcon.colcon_core.shell:Creating environment hook '/root/ros2_ws/install/mg400_msgs/share/mg400_msgs/hook/ld_library_path_lib.ps1'
[2.723s] INFO:colcon.colcon_core.shell:Creating environment descriptor '/root/ros2_ws/install/mg400_msgs/share/mg400_msgs/hook/ld_library_path_lib.dsv'
[2.724s] INFO:colcon.colcon_core.shell:Creating environment hook '/root/ros2_ws/install/mg400_msgs/share/mg400_msgs/hook/ld_library_path_lib.sh'
[2.724s] Level 1:colcon.colcon_core.environment:checking '/root/ros2_ws/install/mg400_msgs/bin'
[2.724s] Level 1:colcon.colcon_core.environment:checking '/root/ros2_ws/install/mg400_msgs/lib/pkgconfig/mg400_msgs.pc'
[2.724s] Level 1:colcon.colcon_core.environment:checking '/root/ros2_ws/install/mg400_msgs/lib/python3.10/site-packages'
[2.724s] Level 1:colcon.colcon_core.environment:checking '/root/ros2_ws/install/mg400_msgs/bin'
[2.725s] INFO:colcon.colcon_core.shell:Creating package script '/root/ros2_ws/install/mg400_msgs/share/mg400_msgs/package.ps1'
[2.725s] INFO:colcon.colcon_core.shell:Creating package descriptor '/root/ros2_ws/install/mg400_msgs/share/mg400_msgs/package.dsv'
[2.726s] INFO:colcon.colcon_core.shell:Creating package script '/root/ros2_ws/install/mg400_msgs/share/mg400_msgs/package.sh'
[2.726s] INFO:colcon.colcon_core.shell:Creating package script '/root/ros2_ws/install/mg400_msgs/share/mg400_msgs/package.bash'
[2.727s] INFO:colcon.colcon_core.shell:Creating package script '/root/ros2_ws/install/mg400_msgs/share/mg400_msgs/package.zsh'
[2.727s] Level 1:colcon.colcon_core.environment:create_file_with_runtime_dependencies(/root/ros2_ws/install/mg400_msgs/share/colcon-core/packages/mg400_msgs)
[2.728s] INFO:colcon.colcon_ros.task.ament_cmake.build:Building ROS package in '/root/ros2_ws/src/MG400_ROS2/mg400_interface' with build type 'ament_cmake'
[2.728s] INFO:colcon.colcon_cmake.task.cmake.build:Building CMake package in '/root/ros2_ws/src/MG400_ROS2/mg400_interface'
[2.728s] INFO:colcon.colcon_core.shell:Skip shell extension 'powershell' for command environment: Not usable outside of PowerShell
[2.728s] DEBUG:colcon.colcon_core.shell:Skip shell extension 'dsv' for command environment
[2.732s] INFO:colcon.colcon_ros.task.ament_cmake.build:Building ROS package in '/root/ros2_ws/src/MG400_ROS2/mg400_tools' with build type 'ament_cmake'
[2.732s] INFO:colcon.colcon_cmake.task.cmake.build:Building CMake package in '/root/ros2_ws/src/MG400_ROS2/mg400_tools'
[2.732s] INFO:colcon.colcon_core.shell:Skip shell extension 'powershell' for command environment: Not usable outside of PowerShell
[2.732s] DEBUG:colcon.colcon_core.shell:Skip shell extension 'dsv' for command environment
[2.739s] DEBUG:colcon.colcon_core.event_handler.log_command:Invoking command in '/root/ros2_ws/build/p9n': AMENT_PREFIX_PATH=/root/ros2_ws/install/p9n_bringup:/root/ros2_ws/install/p9n:/root/ros2_ws/install/p9n_test:/root/ros2_ws/install/p9n_node:/root/ros2_ws/install/p9n_example:/root/ros2_ws/install/mg400:/root/ros2_ws/install/mg400_bringup:/root/ros2_ws/install/mg400_joy:/root/ros2_ws/install/p9n_interface:/root/ros2_ws/install/mg400_tools:/root/ros2_ws/install/mg400_rviz_plugin:/root/ros2_ws/install/mg400_node:/root/ros2_ws/install/mg400_plugin:/root/ros2_ws/install/mg400_plugin_base:/root/ros2_ws/install/mg400_interface:/root/ros2_ws/install/mg400_msgs:/root/ros2_ws/install/mg400_description:/root/ros2_ws/install/mg400_common:/opt/ros/humble CMAKE_PREFIX_PATH=/root/ros2_ws/install/p9n_test:/root/ros2_ws/install/p9n_node:/root/ros2_ws/install/p9n_example:/root/ros2_ws/install/p9n_interface:/root/ros2_ws/install/p9n:/root/ros2_ws/install/mg400:/root/ros2_ws/install/mg400_joy:/root/ros2_ws/install/mg400_tools:/root/ros2_ws/install/mg400_rviz_plugin:/root/ros2_ws/install/mg400_node:/root/ros2_ws/install/mg400_plugin:/root/ros2_ws/install/mg400_plugin_base:/root/ros2_ws/install/mg400_interface:/root/ros2_ws/install/mg400_msgs:/root/ros2_ws/install/mg400_description:/root/ros2_ws/install/mg400_common:/root/ros2_ws/install/p9n_bringup:/root/ros2_ws/install/mg400_bringup:/opt/ros/humble PYTHONPATH=/root/ros2_ws/install/p9n_bringup/lib/python3.10/site-packages:/root/ros2_ws/build/p9n_bringup:/root/ros2_ws/build/mg400_bringup:/root/ros2_ws/install/mg400_bringup/lib/python3.10/site-packages:/root/ros2_ws/install/mg400_msgs/local/lib/python3.10/dist-packages:/opt/ros/humble/lib/python3.10/site-packages:/opt/ros/humble/local/lib/python3.10/dist-packages /usr/bin/cmake /root/ros2_ws/src/PlayStation-JoyInterface-ROS2/p9n -DCMAKE_INSTALL_PREFIX=/root/ros2_ws/install/p9n
[2.745s] DEBUG:colcon.colcon_core.event_handler.log_command:Invoking command in '/root/ros2_ws/build/mg400_interface': CMAKE_PREFIX_PATH=/root/ros2_ws/install/mg400_msgs:/root/ros2_ws/install/mg400_common:/root/ros2_ws/install/p9n:/root/ros2_ws/install/p9n_test:/root/ros2_ws/install/p9n_node:/root/ros2_ws/install/p9n_example:/root/ros2_ws/install/mg400:/root/ros2_ws/install/mg400_joy:/root/ros2_ws/install/p9n_interface:/root/ros2_ws/install/mg400_tools:/root/ros2_ws/install/mg400_rviz_plugin:/root/ros2_ws/install/mg400_node:/root/ros2_ws/install/mg400_plugin:/root/ros2_ws/install/mg400_plugin_base:/root/ros2_ws/install/mg400_interface:/root/ros2_ws/install/mg400_description:/root/ros2_ws/install/p9n_bringup:/root/ros2_ws/install/mg400_bringup:/opt/ros/humble LD_LIBRARY_PATH=/root/ros2_ws/install/mg400_msgs/lib:/root/ros2_ws/install/mg400_common/lib:/root/ros2_ws/install/p9n_test/lib:/root/ros2_ws/install/p9n_node/lib:/root/ros2_ws/install/p9n_example/lib:/root/ros2_ws/install/mg400_joy/lib:/root/ros2_ws/install/p9n_interface/lib:/root/ros2_ws/install/mg400_rviz_plugin/lib:/root/ros2_ws/install/mg400_node/lib:/root/ros2_ws/install/mg400_plugin/lib:/root/ros2_ws/install/mg400_interface/lib:/opt/ros/humble/opt/rviz_ogre_vendor/lib:/opt/ros/humble/lib/x86_64-linux-gnu:/opt/ros/humble/lib /usr/bin/cmake /root/ros2_ws/src/MG400_ROS2/mg400_interface -DCMAKE_INSTALL_PREFIX=/root/ros2_ws/install/mg400_interface
[2.746s] DEBUG:colcon.colcon_core.event_handler.log_command:Invoking command in '/root/ros2_ws/build/mg400_tools': CMAKE_PREFIX_PATH=/root/ros2_ws/install/mg400_msgs:/root/ros2_ws/install/mg400_common:/root/ros2_ws/install/p9n:/root/ros2_ws/install/p9n_test:/root/ros2_ws/install/p9n_node:/root/ros2_ws/install/p9n_example:/root/ros2_ws/install/mg400:/root/ros2_ws/install/mg400_joy:/root/ros2_ws/install/p9n_interface:/root/ros2_ws/install/mg400_tools:/root/ros2_ws/install/mg400_rviz_plugin:/root/ros2_ws/install/mg400_node:/root/ros2_ws/install/mg400_plugin:/root/ros2_ws/install/mg400_plugin_base:/root/ros2_ws/install/mg400_interface:/root/ros2_ws/install/mg400_description:/root/ros2_ws/install/p9n_bringup:/root/ros2_ws/install/mg400_bringup:/opt/ros/humble LD_LIBRARY_PATH=/root/ros2_ws/install/mg400_msgs/lib:/root/ros2_ws/install/mg400_common/lib:/root/ros2_ws/install/p9n_test/lib:/root/ros2_ws/install/p9n_node/lib:/root/ros2_ws/install/p9n_example/lib:/root/ros2_ws/install/mg400_joy/lib:/root/ros2_ws/install/p9n_interface/lib:/root/ros2_ws/install/mg400_rviz_plugin/lib:/root/ros2_ws/install/mg400_node/lib:/root/ros2_ws/install/mg400_plugin/lib:/root/ros2_ws/install/mg400_interface/lib:/opt/ros/humble/opt/rviz_ogre_vendor/lib:/opt/ros/humble/lib/x86_64-linux-gnu:/opt/ros/humble/lib /usr/bin/cmake /root/ros2_ws/src/MG400_ROS2/mg400_tools -DCMAKE_INSTALL_PREFIX=/root/ros2_ws/install/mg400_tools
[2.939s] DEBUG:colcon.colcon_core.event_handler.log_command:Invoked command in '/root/ros2_ws/build/p9n' returned '0': AMENT_PREFIX_PATH=/root/ros2_ws/install/p9n_bringup:/root/ros2_ws/install/p9n:/root/ros2_ws/install/p9n_test:/root/ros2_ws/install/p9n_node:/root/ros2_ws/install/p9n_example:/root/ros2_ws/install/mg400:/root/ros2_ws/install/mg400_bringup:/root/ros2_ws/install/mg400_joy:/root/ros2_ws/install/p9n_interface:/root/ros2_ws/install/mg400_tools:/root/ros2_ws/install/mg400_rviz_plugin:/root/ros2_ws/install/mg400_node:/root/ros2_ws/install/mg400_plugin:/root/ros2_ws/install/mg400_plugin_base:/root/ros2_ws/install/mg400_interface:/root/ros2_ws/install/mg400_msgs:/root/ros2_ws/install/mg400_description:/root/ros2_ws/install/mg400_common:/opt/ros/humble CMAKE_PREFIX_PATH=/root/ros2_ws/install/p9n_test:/root/ros2_ws/install/p9n_node:/root/ros2_ws/install/p9n_example:/root/ros2_ws/install/p9n_interface:/root/ros2_ws/install/p9n:/root/ros2_ws/install/mg400:/root/ros2_ws/install/mg400_joy:/root/ros2_ws/install/mg400_tools:/root/ros2_ws/install/mg400_rviz_plugin:/root/ros2_ws/install/mg400_node:/root/ros2_ws/install/mg400_plugin:/root/ros2_ws/install/mg400_plugin_base:/root/ros2_ws/install/mg400_interface:/root/ros2_ws/install/mg400_msgs:/root/ros2_ws/install/mg400_description:/root/ros2_ws/install/mg400_common:/root/ros2_ws/install/p9n_bringup:/root/ros2_ws/install/mg400_bringup:/opt/ros/humble PYTHONPATH=/root/ros2_ws/install/p9n_bringup/lib/python3.10/site-packages:/root/ros2_ws/build/p9n_bringup:/root/ros2_ws/build/mg400_bringup:/root/ros2_ws/install/mg400_bringup/lib/python3.10/site-packages:/root/ros2_ws/install/mg400_msgs/local/lib/python3.10/dist-packages:/opt/ros/humble/lib/python3.10/site-packages:/opt/ros/humble/local/lib/python3.10/dist-packages /usr/bin/cmake /root/ros2_ws/src/PlayStation-JoyInterface-ROS2/p9n -DCMAKE_INSTALL_PREFIX=/root/ros2_ws/install/p9n
[2.940s] DEBUG:colcon.colcon_core.event_handler.log_command:Invoking command in '/root/ros2_ws/build/p9n': AMENT_PREFIX_PATH=/root/ros2_ws/install/p9n_bringup:/root/ros2_ws/install/p9n:/root/ros2_ws/install/p9n_test:/root/ros2_ws/install/p9n_node:/root/ros2_ws/install/p9n_example:/root/ros2_ws/install/mg400:/root/ros2_ws/install/mg400_bringup:/root/ros2_ws/install/mg400_joy:/root/ros2_ws/install/p9n_interface:/root/ros2_ws/install/mg400_tools:/root/ros2_ws/install/mg400_rviz_plugin:/root/ros2_ws/install/mg400_node:/root/ros2_ws/install/mg400_plugin:/root/ros2_ws/install/mg400_plugin_base:/root/ros2_ws/install/mg400_interface:/root/ros2_ws/install/mg400_msgs:/root/ros2_ws/install/mg400_description:/root/ros2_ws/install/mg400_common:/opt/ros/humble CMAKE_PREFIX_PATH=/root/ros2_ws/install/p9n_test:/root/ros2_ws/install/p9n_node:/root/ros2_ws/install/p9n_example:/root/ros2_ws/install/p9n_interface:/root/ros2_ws/install/p9n:/root/ros2_ws/install/mg400:/root/ros2_ws/install/mg400_joy:/root/ros2_ws/install/mg400_tools:/root/ros2_ws/install/mg400_rviz_plugin:/root/ros2_ws/install/mg400_node:/root/ros2_ws/install/mg400_plugin:/root/ros2_ws/install/mg400_plugin_base:/root/ros2_ws/install/mg400_interface:/root/ros2_ws/install/mg400_msgs:/root/ros2_ws/install/mg400_description:/root/ros2_ws/install/mg400_common:/root/ros2_ws/install/p9n_bringup:/root/ros2_ws/install/mg400_bringup:/opt/ros/humble PYTHONPATH=/root/ros2_ws/install/p9n_bringup/lib/python3.10/site-packages:/root/ros2_ws/build/p9n_bringup:/root/ros2_ws/build/mg400_bringup:/root/ros2_ws/install/mg400_bringup/lib/python3.10/site-packages:/root/ros2_ws/install/mg400_msgs/local/lib/python3.10/dist-packages:/opt/ros/humble/lib/python3.10/site-packages:/opt/ros/humble/local/lib/python3.10/dist-packages /usr/bin/cmake --build /root/ros2_ws/build/p9n -- -j16 -l16
[2.985s] DEBUG:colcon.colcon_core.event_handler.log_command:Invoked command in '/root/ros2_ws/build/p9n' returned '0': AMENT_PREFIX_PATH=/root/ros2_ws/install/p9n_bringup:/root/ros2_ws/install/p9n:/root/ros2_ws/install/p9n_test:/root/ros2_ws/install/p9n_node:/root/ros2_ws/install/p9n_example:/root/ros2_ws/install/mg400:/root/ros2_ws/install/mg400_bringup:/root/ros2_ws/install/mg400_joy:/root/ros2_ws/install/p9n_interface:/root/ros2_ws/install/mg400_tools:/root/ros2_ws/install/mg400_rviz_plugin:/root/ros2_ws/install/mg400_node:/root/ros2_ws/install/mg400_plugin:/root/ros2_ws/install/mg400_plugin_base:/root/ros2_ws/install/mg400_interface:/root/ros2_ws/install/mg400_msgs:/root/ros2_ws/install/mg400_description:/root/ros2_ws/install/mg400_common:/opt/ros/humble CMAKE_PREFIX_PATH=/root/ros2_ws/install/p9n_test:/root/ros2_ws/install/p9n_node:/root/ros2_ws/install/p9n_example:/root/ros2_ws/install/p9n_interface:/root/ros2_ws/install/p9n:/root/ros2_ws/install/mg400:/root/ros2_ws/install/mg400_joy:/root/ros2_ws/install/mg400_tools:/root/ros2_ws/install/mg400_rviz_plugin:/root/ros2_ws/install/mg400_node:/root/ros2_ws/install/mg400_plugin:/root/ros2_ws/install/mg400_plugin_base:/root/ros2_ws/install/mg400_interface:/root/ros2_ws/install/mg400_msgs:/root/ros2_ws/install/mg400_description:/root/ros2_ws/install/mg400_common:/root/ros2_ws/install/p9n_bringup:/root/ros2_ws/install/mg400_bringup:/opt/ros/humble PYTHONPATH=/root/ros2_ws/install/p9n_bringup/lib/python3.10/site-packages:/root/ros2_ws/build/p9n_bringup:/root/ros2_ws/build/mg400_bringup:/root/ros2_ws/install/mg400_bringup/lib/python3.10/site-packages:/root/ros2_ws/install/mg400_msgs/local/lib/python3.10/dist-packages:/opt/ros/humble/lib/python3.10/site-packages:/opt/ros/humble/local/lib/python3.10/dist-packages /usr/bin/cmake --build /root/ros2_ws/build/p9n -- -j16 -l16
[2.986s] DEBUG:colcon.colcon_core.event_handler.log_command:Invoking command in '/root/ros2_ws/build/p9n': AMENT_PREFIX_PATH=/root/ros2_ws/install/p9n_bringup:/root/ros2_ws/install/p9n:/root/ros2_ws/install/p9n_test:/root/ros2_ws/install/p9n_node:/root/ros2_ws/install/p9n_example:/root/ros2_ws/install/mg400:/root/ros2_ws/install/mg400_bringup:/root/ros2_ws/install/mg400_joy:/root/ros2_ws/install/p9n_interface:/root/ros2_ws/install/mg400_tools:/root/ros2_ws/install/mg400_rviz_plugin:/root/ros2_ws/install/mg400_node:/root/ros2_ws/install/mg400_plugin:/root/ros2_ws/install/mg400_plugin_base:/root/ros2_ws/install/mg400_interface:/root/ros2_ws/install/mg400_msgs:/root/ros2_ws/install/mg400_description:/root/ros2_ws/install/mg400_common:/opt/ros/humble CMAKE_PREFIX_PATH=/root/ros2_ws/install/p9n_test:/root/ros2_ws/install/p9n_node:/root/ros2_ws/install/p9n_example:/root/ros2_ws/install/p9n_interface:/root/ros2_ws/install/p9n:/root/ros2_ws/install/mg400:/root/ros2_ws/install/mg400_joy:/root/ros2_ws/install/mg400_tools:/root/ros2_ws/install/mg400_rviz_plugin:/root/ros2_ws/install/mg400_node:/root/ros2_ws/install/mg400_plugin:/root/ros2_ws/install/mg400_plugin_base:/root/ros2_ws/install/mg400_interface:/root/ros2_ws/install/mg400_msgs:/root/ros2_ws/install/mg400_description:/root/ros2_ws/install/mg400_common:/root/ros2_ws/install/p9n_bringup:/root/ros2_ws/install/mg400_bringup:/opt/ros/humble PYTHONPATH=/root/ros2_ws/install/p9n_bringup/lib/python3.10/site-packages:/root/ros2_ws/build/p9n_bringup:/root/ros2_ws/build/mg400_bringup:/root/ros2_ws/install/mg400_bringup/lib/python3.10/site-packages:/root/ros2_ws/install/mg400_msgs/local/lib/python3.10/dist-packages:/opt/ros/humble/lib/python3.10/site-packages:/opt/ros/humble/local/lib/python3.10/dist-packages /usr/bin/cmake --install /root/ros2_ws/build/p9n
[3.007s] Level 1:colcon.colcon_core.environment:create_environment_scripts_only(p9n)
[3.008s] Level 1:colcon.colcon_core.environment:checking '/root/ros2_ws/install/p9n' for CMake module files
[3.008s] DEBUG:colcon.colcon_core.event_handler.log_command:Invoked command in '/root/ros2_ws/build/p9n' returned '0': AMENT_PREFIX_PATH=/root/ros2_ws/install/p9n_bringup:/root/ros2_ws/install/p9n:/root/ros2_ws/install/p9n_test:/root/ros2_ws/install/p9n_node:/root/ros2_ws/install/p9n_example:/root/ros2_ws/install/mg400:/root/ros2_ws/install/mg400_bringup:/root/ros2_ws/install/mg400_joy:/root/ros2_ws/install/p9n_interface:/root/ros2_ws/install/mg400_tools:/root/ros2_ws/install/mg400_rviz_plugin:/root/ros2_ws/install/mg400_node:/root/ros2_ws/install/mg400_plugin:/root/ros2_ws/install/mg400_plugin_base:/root/ros2_ws/install/mg400_interface:/root/ros2_ws/install/mg400_msgs:/root/ros2_ws/install/mg400_description:/root/ros2_ws/install/mg400_common:/opt/ros/humble CMAKE_PREFIX_PATH=/root/ros2_ws/install/p9n_test:/root/ros2_ws/install/p9n_node:/root/ros2_ws/install/p9n_example:/root/ros2_ws/install/p9n_interface:/root/ros2_ws/install/p9n:/root/ros2_ws/install/mg400:/root/ros2_ws/install/mg400_joy:/root/ros2_ws/install/mg400_tools:/root/ros2_ws/install/mg400_rviz_plugin:/root/ros2_ws/install/mg400_node:/root/ros2_ws/install/mg400_plugin:/root/ros2_ws/install/mg400_plugin_base:/root/ros2_ws/install/mg400_interface:/root/ros2_ws/install/mg400_msgs:/root/ros2_ws/install/mg400_description:/root/ros2_ws/install/mg400_common:/root/ros2_ws/install/p9n_bringup:/root/ros2_ws/install/mg400_bringup:/opt/ros/humble PYTHONPATH=/root/ros2_ws/install/p9n_bringup/lib/python3.10/site-packages:/root/ros2_ws/build/p9n_bringup:/root/ros2_ws/build/mg400_bringup:/root/ros2_ws/install/mg400_bringup/lib/python3.10/site-packages:/root/ros2_ws/install/mg400_msgs/local/lib/python3.10/dist-packages:/opt/ros/humble/lib/python3.10/site-packages:/opt/ros/humble/local/lib/python3.10/dist-packages /usr/bin/cmake --install /root/ros2_ws/build/p9n
[3.008s] Level 1:colcon.colcon_core.environment:checking '/root/ros2_ws/install/p9n' for CMake config files
[3.009s] Level 1:colcon.colcon_core.shell:create_environment_hook('p9n', 'cmake_prefix_path')
[3.009s] INFO:colcon.colcon_core.shell:Creating environment hook '/root/ros2_ws/install/p9n/share/p9n/hook/cmake_prefix_path.ps1'
[3.009s] INFO:colcon.colcon_core.shell:Creating environment descriptor '/root/ros2_ws/install/p9n/share/p9n/hook/cmake_prefix_path.dsv'
[3.010s] INFO:colcon.colcon_core.shell:Creating environment hook '/root/ros2_ws/install/p9n/share/p9n/hook/cmake_prefix_path.sh'
[3.010s] Level 1:colcon.colcon_core.environment:checking '/root/ros2_ws/install/p9n/bin'
[3.010s] Level 1:colcon.colcon_core.environment:checking '/root/ros2_ws/install/p9n/lib/pkgconfig/p9n.pc'
[3.010s] Level 1:colcon.colcon_core.environment:checking '/root/ros2_ws/install/p9n/lib/python3.10/site-packages'
[3.011s] Level 1:colcon.colcon_core.environment:checking '/root/ros2_ws/install/p9n/bin'
[3.011s] INFO:colcon.colcon_core.shell:Creating package script '/root/ros2_ws/install/p9n/share/p9n/package.ps1'
[3.011s] INFO:colcon.colcon_core.shell:Creating package descriptor '/root/ros2_ws/install/p9n/share/p9n/package.dsv'
[3.011s] INFO:colcon.colcon_core.shell:Creating package script '/root/ros2_ws/install/p9n/share/p9n/package.sh'
[3.012s] INFO:colcon.colcon_core.shell:Creating package script '/root/ros2_ws/install/p9n/share/p9n/package.bash'
[3.012s] INFO:colcon.colcon_core.shell:Creating package script '/root/ros2_ws/install/p9n/share/p9n/package.zsh'
[3.012s] Level 1:colcon.colcon_core.environment:create_file_with_runtime_dependencies(/root/ros2_ws/install/p9n/share/colcon-core/packages/p9n)
[3.013s] Level 1:colcon.colcon_core.environment:create_environment_scripts_only(p9n)
[3.013s] Level 1:colcon.colcon_core.environment:checking '/root/ros2_ws/install/p9n' for CMake module files
[3.013s] Level 1:colcon.colcon_core.environment:checking '/root/ros2_ws/install/p9n' for CMake config files
[3.013s] Level 1:colcon.colcon_core.shell:create_environment_hook('p9n', 'cmake_prefix_path')
[3.014s] INFO:colcon.colcon_core.shell:Creating environment hook '/root/ros2_ws/install/p9n/share/p9n/hook/cmake_prefix_path.ps1'
[3.014s] INFO:colcon.colcon_core.shell:Creating environment descriptor '/root/ros2_ws/install/p9n/share/p9n/hook/cmake_prefix_path.dsv'
[3.014s] INFO:colcon.colcon_core.shell:Creating environment hook '/root/ros2_ws/install/p9n/share/p9n/hook/cmake_prefix_path.sh'
[3.015s] Level 1:colcon.colcon_core.environment:checking '/root/ros2_ws/install/p9n/bin'
[3.015s] Level 1:colcon.colcon_core.environment:checking '/root/ros2_ws/install/p9n/lib/pkgconfig/p9n.pc'
[3.015s] Level 1:colcon.colcon_core.environment:checking '/root/ros2_ws/install/p9n/lib/python3.10/site-packages'
[3.016s] Level 1:colcon.colcon_core.environment:checking '/root/ros2_ws/install/p9n/bin'
[3.016s] INFO:colcon.colcon_core.shell:Creating package script '/root/ros2_ws/install/p9n/share/p9n/package.ps1'
[3.016s] INFO:colcon.colcon_core.shell:Creating package descriptor '/root/ros2_ws/install/p9n/share/p9n/package.dsv'
[3.017s] INFO:colcon.colcon_core.shell:Creating package script '/root/ros2_ws/install/p9n/share/p9n/package.sh'
[3.017s] INFO:colcon.colcon_core.shell:Creating package script '/root/ros2_ws/install/p9n/share/p9n/package.bash'
[3.017s] INFO:colcon.colcon_core.shell:Creating package script '/root/ros2_ws/install/p9n/share/p9n/package.zsh'
[3.017s] Level 1:colcon.colcon_core.environment:create_file_with_runtime_dependencies(/root/ros2_ws/install/p9n/share/colcon-core/packages/p9n)
[3.342s] DEBUG:colcon.colcon_core.event_handler.log_command:Invoked command in '/root/ros2_ws/build/mg400_tools' returned '0': CMAKE_PREFIX_PATH=/root/ros2_ws/install/mg400_msgs:/root/ros2_ws/install/mg400_common:/root/ros2_ws/install/p9n:/root/ros2_ws/install/p9n_test:/root/ros2_ws/install/p9n_node:/root/ros2_ws/install/p9n_example:/root/ros2_ws/install/mg400:/root/ros2_ws/install/mg400_joy:/root/ros2_ws/install/p9n_interface:/root/ros2_ws/install/mg400_tools:/root/ros2_ws/install/mg400_rviz_plugin:/root/ros2_ws/install/mg400_node:/root/ros2_ws/install/mg400_plugin:/root/ros2_ws/install/mg400_plugin_base:/root/ros2_ws/install/mg400_interface:/root/ros2_ws/install/mg400_description:/root/ros2_ws/install/p9n_bringup:/root/ros2_ws/install/mg400_bringup:/opt/ros/humble LD_LIBRARY_PATH=/root/ros2_ws/install/mg400_msgs/lib:/root/ros2_ws/install/mg400_common/lib:/root/ros2_ws/install/p9n_test/lib:/root/ros2_ws/install/p9n_node/lib:/root/ros2_ws/install/p9n_example/lib:/root/ros2_ws/install/mg400_joy/lib:/root/ros2_ws/install/p9n_interface/lib:/root/ros2_ws/install/mg400_rviz_plugin/lib:/root/ros2_ws/install/mg400_node/lib:/root/ros2_ws/install/mg400_plugin/lib:/root/ros2_ws/install/mg400_interface/lib:/opt/ros/humble/opt/rviz_ogre_vendor/lib:/opt/ros/humble/lib/x86_64-linux-gnu:/opt/ros/humble/lib /usr/bin/cmake /root/ros2_ws/src/MG400_ROS2/mg400_tools -DCMAKE_INSTALL_PREFIX=/root/ros2_ws/install/mg400_tools
[3.343s] DEBUG:colcon.colcon_core.event_handler.log_command:Invoking command in '/root/ros2_ws/build/mg400_tools': CMAKE_PREFIX_PATH=/root/ros2_ws/install/mg400_msgs:/root/ros2_ws/install/mg400_common:/root/ros2_ws/install/p9n:/root/ros2_ws/install/p9n_test:/root/ros2_ws/install/p9n_node:/root/ros2_ws/install/p9n_example:/root/ros2_ws/install/mg400:/root/ros2_ws/install/mg400_joy:/root/ros2_ws/install/p9n_interface:/root/ros2_ws/install/mg400_tools:/root/ros2_ws/install/mg400_rviz_plugin:/root/ros2_ws/install/mg400_node:/root/ros2_ws/install/mg400_plugin:/root/ros2_ws/install/mg400_plugin_base:/root/ros2_ws/install/mg400_interface:/root/ros2_ws/install/mg400_description:/root/ros2_ws/install/p9n_bringup:/root/ros2_ws/install/mg400_bringup:/opt/ros/humble LD_LIBRARY_PATH=/root/ros2_ws/install/mg400_msgs/lib:/root/ros2_ws/install/mg400_common/lib:/root/ros2_ws/install/p9n_test/lib:/root/ros2_ws/install/p9n_node/lib:/root/ros2_ws/install/p9n_example/lib:/root/ros2_ws/install/mg400_joy/lib:/root/ros2_ws/install/p9n_interface/lib:/root/ros2_ws/install/mg400_rviz_plugin/lib:/root/ros2_ws/install/mg400_node/lib:/root/ros2_ws/install/mg400_plugin/lib:/root/ros2_ws/install/mg400_interface/lib:/opt/ros/humble/opt/rviz_ogre_vendor/lib:/opt/ros/humble/lib/x86_64-linux-gnu:/opt/ros/humble/lib /usr/bin/cmake --build /root/ros2_ws/build/mg400_tools -- -j16 -l16
[3.409s] DEBUG:colcon.colcon_core.event_handler.log_command:Invoked command in '/root/ros2_ws/build/mg400_interface' returned '0': CMAKE_PREFIX_PATH=/root/ros2_ws/install/mg400_msgs:/root/ros2_ws/install/mg400_common:/root/ros2_ws/install/p9n:/root/ros2_ws/install/p9n_test:/root/ros2_ws/install/p9n_node:/root/ros2_ws/install/p9n_example:/root/ros2_ws/install/mg400:/root/ros2_ws/install/mg400_joy:/root/ros2_ws/install/p9n_interface:/root/ros2_ws/install/mg400_tools:/root/ros2_ws/install/mg400_rviz_plugin:/root/ros2_ws/install/mg400_node:/root/ros2_ws/install/mg400_plugin:/root/ros2_ws/install/mg400_plugin_base:/root/ros2_ws/install/mg400_interface:/root/ros2_ws/install/mg400_description:/root/ros2_ws/install/p9n_bringup:/root/ros2_ws/install/mg400_bringup:/opt/ros/humble LD_LIBRARY_PATH=/root/ros2_ws/install/mg400_msgs/lib:/root/ros2_ws/install/mg400_common/lib:/root/ros2_ws/install/p9n_test/lib:/root/ros2_ws/install/p9n_node/lib:/root/ros2_ws/install/p9n_example/lib:/root/ros2_ws/install/mg400_joy/lib:/root/ros2_ws/install/p9n_interface/lib:/root/ros2_ws/install/mg400_rviz_plugin/lib:/root/ros2_ws/install/mg400_node/lib:/root/ros2_ws/install/mg400_plugin/lib:/root/ros2_ws/install/mg400_interface/lib:/opt/ros/humble/opt/rviz_ogre_vendor/lib:/opt/ros/humble/lib/x86_64-linux-gnu:/opt/ros/humble/lib /usr/bin/cmake /root/ros2_ws/src/MG400_ROS2/mg400_interface -DCMAKE_INSTALL_PREFIX=/root/ros2_ws/install/mg400_interface
[3.410s] DEBUG:colcon.colcon_core.event_handler.log_command:Invoking command in '/root/ros2_ws/build/mg400_interface': CMAKE_PREFIX_PATH=/root/ros2_ws/install/mg400_msgs:/root/ros2_ws/install/mg400_common:/root/ros2_ws/install/p9n:/root/ros2_ws/install/p9n_test:/root/ros2_ws/install/p9n_node:/root/ros2_ws/install/p9n_example:/root/ros2_ws/install/mg400:/root/ros2_ws/install/mg400_joy:/root/ros2_ws/install/p9n_interface:/root/ros2_ws/install/mg400_tools:/root/ros2_ws/install/mg400_rviz_plugin:/root/ros2_ws/install/mg400_node:/root/ros2_ws/install/mg400_plugin:/root/ros2_ws/install/mg400_plugin_base:/root/ros2_ws/install/mg400_interface:/root/ros2_ws/install/mg400_description:/root/ros2_ws/install/p9n_bringup:/root/ros2_ws/install/mg400_bringup:/opt/ros/humble LD_LIBRARY_PATH=/root/ros2_ws/install/mg400_msgs/lib:/root/ros2_ws/install/mg400_common/lib:/root/ros2_ws/install/p9n_test/lib:/root/ros2_ws/install/p9n_node/lib:/root/ros2_ws/install/p9n_example/lib:/root/ros2_ws/install/mg400_joy/lib:/root/ros2_ws/install/p9n_interface/lib:/root/ros2_ws/install/mg400_rviz_plugin/lib:/root/ros2_ws/install/mg400_node/lib:/root/ros2_ws/install/mg400_plugin/lib:/root/ros2_ws/install/mg400_interface/lib:/opt/ros/humble/opt/rviz_ogre_vendor/lib:/opt/ros/humble/lib/x86_64-linux-gnu:/opt/ros/humble/lib /usr/bin/cmake --build /root/ros2_ws/build/mg400_interface -- -j16 -l16
[3.422s] DEBUG:colcon.colcon_core.event_handler.log_command:Invoked command in '/root/ros2_ws/build/mg400_tools' returned '0': CMAKE_PREFIX_PATH=/root/ros2_ws/install/mg400_msgs:/root/ros2_ws/install/mg400_common:/root/ros2_ws/install/p9n:/root/ros2_ws/install/p9n_test:/root/ros2_ws/install/p9n_node:/root/ros2_ws/install/p9n_example:/root/ros2_ws/install/mg400:/root/ros2_ws/install/mg400_joy:/root/ros2_ws/install/p9n_interface:/root/ros2_ws/install/mg400_tools:/root/ros2_ws/install/mg400_rviz_plugin:/root/ros2_ws/install/mg400_node:/root/ros2_ws/install/mg400_plugin:/root/ros2_ws/install/mg400_plugin_base:/root/ros2_ws/install/mg400_interface:/root/ros2_ws/install/mg400_description:/root/ros2_ws/install/p9n_bringup:/root/ros2_ws/install/mg400_bringup:/opt/ros/humble LD_LIBRARY_PATH=/root/ros2_ws/install/mg400_msgs/lib:/root/ros2_ws/install/mg400_common/lib:/root/ros2_ws/install/p9n_test/lib:/root/ros2_ws/install/p9n_node/lib:/root/ros2_ws/install/p9n_example/lib:/root/ros2_ws/install/mg400_joy/lib:/root/ros2_ws/install/p9n_interface/lib:/root/ros2_ws/install/mg400_rviz_plugin/lib:/root/ros2_ws/install/mg400_node/lib:/root/ros2_ws/install/mg400_plugin/lib:/root/ros2_ws/install/mg400_interface/lib:/opt/ros/humble/opt/rviz_ogre_vendor/lib:/opt/ros/humble/lib/x86_64-linux-gnu:/opt/ros/humble/lib /usr/bin/cmake --build /root/ros2_ws/build/mg400_tools -- -j16 -l16
[3.424s] DEBUG:colcon.colcon_core.event_handler.log_command:Invoking command in '/root/ros2_ws/build/mg400_tools': CMAKE_PREFIX_PATH=/root/ros2_ws/install/mg400_msgs:/root/ros2_ws/install/mg400_common:/root/ros2_ws/install/p9n:/root/ros2_ws/install/p9n_test:/root/ros2_ws/install/p9n_node:/root/ros2_ws/install/p9n_example:/root/ros2_ws/install/mg400:/root/ros2_ws/install/mg400_joy:/root/ros2_ws/install/p9n_interface:/root/ros2_ws/install/mg400_tools:/root/ros2_ws/install/mg400_rviz_plugin:/root/ros2_ws/install/mg400_node:/root/ros2_ws/install/mg400_plugin:/root/ros2_ws/install/mg400_plugin_base:/root/ros2_ws/install/mg400_interface:/root/ros2_ws/install/mg400_description:/root/ros2_ws/install/p9n_bringup:/root/ros2_ws/install/mg400_bringup:/opt/ros/humble LD_LIBRARY_PATH=/root/ros2_ws/install/mg400_msgs/lib:/root/ros2_ws/install/mg400_common/lib:/root/ros2_ws/install/p9n_test/lib:/root/ros2_ws/install/p9n_node/lib:/root/ros2_ws/install/p9n_example/lib:/root/ros2_ws/install/mg400_joy/lib:/root/ros2_ws/install/p9n_interface/lib:/root/ros2_ws/install/mg400_rviz_plugin/lib:/root/ros2_ws/install/mg400_node/lib:/root/ros2_ws/install/mg400_plugin/lib:/root/ros2_ws/install/mg400_interface/lib:/opt/ros/humble/opt/rviz_ogre_vendor/lib:/opt/ros/humble/lib/x86_64-linux-gnu:/opt/ros/humble/lib /usr/bin/cmake --install /root/ros2_ws/build/mg400_tools
[3.446s] Level 1:colcon.colcon_core.environment:create_environment_scripts_only(mg400_tools)
[3.446s] Level 1:colcon.colcon_core.environment:checking '/root/ros2_ws/install/mg400_tools' for CMake module files
[3.447s] DEBUG:colcon.colcon_core.event_handler.log_command:Invoked command in '/root/ros2_ws/build/mg400_tools' returned '0': CMAKE_PREFIX_PATH=/root/ros2_ws/install/mg400_msgs:/root/ros2_ws/install/mg400_common:/root/ros2_ws/install/p9n:/root/ros2_ws/install/p9n_test:/root/ros2_ws/install/p9n_node:/root/ros2_ws/install/p9n_example:/root/ros2_ws/install/mg400:/root/ros2_ws/install/mg400_joy:/root/ros2_ws/install/p9n_interface:/root/ros2_ws/install/mg400_tools:/root/ros2_ws/install/mg400_rviz_plugin:/root/ros2_ws/install/mg400_node:/root/ros2_ws/install/mg400_plugin:/root/ros2_ws/install/mg400_plugin_base:/root/ros2_ws/install/mg400_interface:/root/ros2_ws/install/mg400_description:/root/ros2_ws/install/p9n_bringup:/root/ros2_ws/install/mg400_bringup:/opt/ros/humble LD_LIBRARY_PATH=/root/ros2_ws/install/mg400_msgs/lib:/root/ros2_ws/install/mg400_common/lib:/root/ros2_ws/install/p9n_test/lib:/root/ros2_ws/install/p9n_node/lib:/root/ros2_ws/install/p9n_example/lib:/root/ros2_ws/install/mg400_joy/lib:/root/ros2_ws/install/p9n_interface/lib:/root/ros2_ws/install/mg400_rviz_plugin/lib:/root/ros2_ws/install/mg400_node/lib:/root/ros2_ws/install/mg400_plugin/lib:/root/ros2_ws/install/mg400_interface/lib:/opt/ros/humble/opt/rviz_ogre_vendor/lib:/opt/ros/humble/lib/x86_64-linux-gnu:/opt/ros/humble/lib /usr/bin/cmake --install /root/ros2_ws/build/mg400_tools
[3.447s] Level 1:colcon.colcon_core.environment:checking '/root/ros2_ws/install/mg400_tools' for CMake config files
[3.447s] Level 1:colcon.colcon_core.shell:create_environment_hook('mg400_tools', 'cmake_prefix_path')
[3.447s] INFO:colcon.colcon_core.shell:Creating environment hook '/root/ros2_ws/install/mg400_tools/share/mg400_tools/hook/cmake_prefix_path.ps1'
[3.448s] INFO:colcon.colcon_core.shell:Creating environment descriptor '/root/ros2_ws/install/mg400_tools/share/mg400_tools/hook/cmake_prefix_path.dsv'
[3.448s] INFO:colcon.colcon_core.shell:Creating environment hook '/root/ros2_ws/install/mg400_tools/share/mg400_tools/hook/cmake_prefix_path.sh'
[3.449s] Level 1:colcon.colcon_core.environment:checking '/root/ros2_ws/install/mg400_tools/lib'
[3.449s] Level 1:colcon.colcon_core.environment:checking '/root/ros2_ws/install/mg400_tools/bin'
[3.449s] Level 1:colcon.colcon_core.environment:checking '/root/ros2_ws/install/mg400_tools/lib/pkgconfig/mg400_tools.pc'
[3.449s] Level 1:colcon.colcon_core.environment:checking '/root/ros2_ws/install/mg400_tools/lib/python3.10/site-packages'
[3.449s] Level 1:colcon.colcon_core.environment:checking '/root/ros2_ws/install/mg400_tools/bin'
[3.450s] INFO:colcon.colcon_core.shell:Creating package script '/root/ros2_ws/install/mg400_tools/share/mg400_tools/package.ps1'
[3.450s] INFO:colcon.colcon_core.shell:Creating package descriptor '/root/ros2_ws/install/mg400_tools/share/mg400_tools/package.dsv'
[3.450s] INFO:colcon.colcon_core.shell:Creating package script '/root/ros2_ws/install/mg400_tools/share/mg400_tools/package.sh'
[3.451s] INFO:colcon.colcon_core.shell:Creating package script '/root/ros2_ws/install/mg400_tools/share/mg400_tools/package.bash'
[3.451s] INFO:colcon.colcon_core.shell:Creating package script '/root/ros2_ws/install/mg400_tools/share/mg400_tools/package.zsh'
[3.451s] Level 1:colcon.colcon_core.environment:create_file_with_runtime_dependencies(/root/ros2_ws/install/mg400_tools/share/colcon-core/packages/mg400_tools)
[3.452s] Level 1:colcon.colcon_core.environment:create_environment_scripts_only(mg400_tools)
[3.452s] Level 1:colcon.colcon_core.environment:checking '/root/ros2_ws/install/mg400_tools' for CMake module files
[3.452s] Level 1:colcon.colcon_core.environment:checking '/root/ros2_ws/install/mg400_tools' for CMake config files
[3.453s] Level 1:colcon.colcon_core.shell:create_environment_hook('mg400_tools', 'cmake_prefix_path')
[3.453s] INFO:colcon.colcon_core.shell:Creating environment hook '/root/ros2_ws/install/mg400_tools/share/mg400_tools/hook/cmake_prefix_path.ps1'
[3.453s] INFO:colcon.colcon_core.shell:Creating environment descriptor '/root/ros2_ws/install/mg400_tools/share/mg400_tools/hook/cmake_prefix_path.dsv'
[3.454s] INFO:colcon.colcon_core.shell:Creating environment hook '/root/ros2_ws/install/mg400_tools/share/mg400_tools/hook/cmake_prefix_path.sh'
[3.454s] Level 1:colcon.colcon_core.environment:checking '/root/ros2_ws/install/mg400_tools/lib'
[3.454s] Level 1:colcon.colcon_core.environment:checking '/root/ros2_ws/install/mg400_tools/bin'
[3.454s] Level 1:colcon.colcon_core.environment:checking '/root/ros2_ws/install/mg400_tools/lib/pkgconfig/mg400_tools.pc'
[3.454s] Level 1:colcon.colcon_core.environment:checking '/root/ros2_ws/install/mg400_tools/lib/python3.10/site-packages'
[3.454s] Level 1:colcon.colcon_core.environment:checking '/root/ros2_ws/install/mg400_tools/bin'
[3.455s] INFO:colcon.colcon_core.shell:Creating package script '/root/ros2_ws/install/mg400_tools/share/mg400_tools/package.ps1'
[3.456s] INFO:colcon.colcon_core.shell:Creating package descriptor '/root/ros2_ws/install/mg400_tools/share/mg400_tools/package.dsv'
[3.456s] INFO:colcon.colcon_core.shell:Creating package script '/root/ros2_ws/install/mg400_tools/share/mg400_tools/package.sh'
[3.457s] INFO:colcon.colcon_core.shell:Creating package script '/root/ros2_ws/install/mg400_tools/share/mg400_tools/package.bash'
[3.457s] INFO:colcon.colcon_core.shell:Creating package script '/root/ros2_ws/install/mg400_tools/share/mg400_tools/package.zsh'
[3.457s] Level 1:colcon.colcon_core.environment:create_file_with_runtime_dependencies(/root/ros2_ws/install/mg400_tools/share/colcon-core/packages/mg400_tools)
[3.923s] DEBUG:colcon.colcon_core.event_handler.log_command:Invoked command in '/root/ros2_ws/build/mg400_interface' returned '2': CMAKE_PREFIX_PATH=/root/ros2_ws/install/mg400_msgs:/root/ros2_ws/install/mg400_common:/root/ros2_ws/install/p9n:/root/ros2_ws/install/p9n_test:/root/ros2_ws/install/p9n_node:/root/ros2_ws/install/p9n_example:/root/ros2_ws/install/mg400:/root/ros2_ws/install/mg400_joy:/root/ros2_ws/install/p9n_interface:/root/ros2_ws/install/mg400_tools:/root/ros2_ws/install/mg400_rviz_plugin:/root/ros2_ws/install/mg400_node:/root/ros2_ws/install/mg400_plugin:/root/ros2_ws/install/mg400_plugin_base:/root/ros2_ws/install/mg400_interface:/root/ros2_ws/install/mg400_description:/root/ros2_ws/install/p9n_bringup:/root/ros2_ws/install/mg400_bringup:/opt/ros/humble LD_LIBRARY_PATH=/root/ros2_ws/install/mg400_msgs/lib:/root/ros2_ws/install/mg400_common/lib:/root/ros2_ws/install/p9n_test/lib:/root/ros2_ws/install/p9n_node/lib:/root/ros2_ws/install/p9n_example/lib:/root/ros2_ws/install/mg400_joy/lib:/root/ros2_ws/install/p9n_interface/lib:/root/ros2_ws/install/mg400_rviz_plugin/lib:/root/ros2_ws/install/mg400_node/lib:/root/ros2_ws/install/mg400_plugin/lib:/root/ros2_ws/install/mg400_interface/lib:/opt/ros/humble/opt/rviz_ogre_vendor/lib:/opt/ros/humble/lib/x86_64-linux-gnu:/opt/ros/humble/lib /usr/bin/cmake --build /root/ros2_ws/build/mg400_interface -- -j16 -l16
[3.923s] Level 1:colcon.colcon_core.environment:create_environment_scripts_only(mg400_interface)
[3.923s] Level 1:colcon.colcon_core.environment:checking '/root/ros2_ws/install/mg400_interface' for CMake module files
[3.924s] Level 1:colcon.colcon_core.environment:checking '/root/ros2_ws/install/mg400_interface' for CMake config files
[3.924s] Level 1:colcon.colcon_core.shell:create_environment_hook('mg400_interface', 'cmake_prefix_path')
[3.924s] INFO:colcon.colcon_core.shell:Creating environment hook '/root/ros2_ws/install/mg400_interface/share/mg400_interface/hook/cmake_prefix_path.ps1'
[3.925s] INFO:colcon.colcon_core.shell:Creating environment descriptor '/root/ros2_ws/install/mg400_interface/share/mg400_interface/hook/cmake_prefix_path.dsv'
[3.925s] INFO:colcon.colcon_core.shell:Creating environment hook '/root/ros2_ws/install/mg400_interface/share/mg400_interface/hook/cmake_prefix_path.sh'
[3.926s] Level 1:colcon.colcon_core.environment:checking '/root/ros2_ws/install/mg400_interface/lib'
[3.926s] Level 1:colcon.colcon_core.environment:checking '/root/ros2_ws/install/mg400_interface/bin'
[3.926s] Level 1:colcon.colcon_core.environment:checking '/root/ros2_ws/install/mg400_interface/lib/pkgconfig/mg400_interface.pc'
[3.926s] Level 1:colcon.colcon_core.environment:checking '/root/ros2_ws/install/mg400_interface/lib/python3.10/site-packages'
[3.926s] Level 1:colcon.colcon_core.environment:checking '/root/ros2_ws/install/mg400_interface/bin'
[3.926s] INFO:colcon.colcon_core.shell:Creating package script '/root/ros2_ws/install/mg400_interface/share/mg400_interface/package.ps1'
[3.927s] INFO:colcon.colcon_core.shell:Creating package descriptor '/root/ros2_ws/install/mg400_interface/share/mg400_interface/package.dsv'
[3.927s] INFO:colcon.colcon_core.shell:Creating package script '/root/ros2_ws/install/mg400_interface/share/mg400_interface/package.sh'
[3.928s] INFO:colcon.colcon_core.shell:Creating package script '/root/ros2_ws/install/mg400_interface/share/mg400_interface/package.bash'
[3.928s] INFO:colcon.colcon_core.shell:Creating package script '/root/ros2_ws/install/mg400_interface/share/mg400_interface/package.zsh'
[3.928s] Level 1:colcon.colcon_core.environment:create_file_with_runtime_dependencies(/root/ros2_ws/install/mg400_interface/share/colcon-core/packages/mg400_interface)
[3.938s] DEBUG:colcon.colcon_parallel_executor.executor.parallel:closing loop
[3.939s] DEBUG:colcon.colcon_parallel_executor.executor.parallel:loop closed
[3.939s] DEBUG:colcon.colcon_parallel_executor.executor.parallel:run_until_complete finished with '2'
[3.939s] DEBUG:colcon.colcon_core.event_reactor:joining thread
[3.945s] INFO:colcon.colcon_core.plugin_system:Skipping extension 'colcon_notification.desktop_notification.notify_send': Could not find 'notify-send'
[3.945s] INFO:colcon.colcon_core.plugin_system:Skipping extension 'colcon_notification.desktop_notification.terminal_notifier': Not used on non-Darwin systems
[3.945s] INFO:colcon.colcon_core.plugin_system:Skipping extension 'colcon_notification.desktop_notification.win32': Not used on non-Windows systems
[3.945s] INFO:colcon.colcon_notification.desktop_notification:Sending desktop notification using 'notify2'
[3.949s] DEBUG:colcon.colcon_notification.desktop_notification.notify2:Failed to initialize notify2: org.freedesktop.DBus.Error.Spawn.ExecFailed: /usr/bin/dbus-launch terminated abnormally without any error message
[3.949s] DEBUG:colcon.colcon_core.event_reactor:joined thread
[3.950s] INFO:colcon.colcon_core.shell:Creating prefix script '/root/ros2_ws/install/local_setup.ps1'
[3.951s] INFO:colcon.colcon_core.shell:Creating prefix util module '/root/ros2_ws/install/_local_setup_util_ps1.py'
[3.952s] INFO:colcon.colcon_core.shell:Creating prefix chain script '/root/ros2_ws/install/setup.ps1'
[3.953s] INFO:colcon.colcon_core.shell:Creating prefix script '/root/ros2_ws/install/local_setup.sh'
[3.954s] INFO:colcon.colcon_core.shell:Creating prefix util module '/root/ros2_ws/install/_local_setup_util_sh.py'
[3.954s] INFO:colcon.colcon_core.shell:Creating prefix chain script '/root/ros2_ws/install/setup.sh'
[3.956s] INFO:colcon.colcon_core.shell:Creating prefix script '/root/ros2_ws/install/local_setup.bash'
[3.956s] INFO:colcon.colcon_core.shell:Creating prefix chain script '/root/ros2_ws/install/setup.bash'
[3.958s] INFO:colcon.colcon_core.shell:Creating prefix script '/root/ros2_ws/install/local_setup.zsh'
[3.959s] INFO:colcon.colcon_core.shell:Creating prefix chain script '/root/ros2_ws/install/setup.zsh'
