[0.093s] DEBUG:colcon:Command line arguments: ['/usr/bin/colcon', 'build']
[0.093s] DEBUG:colcon:Parsed command line arguments: Namespace(log_base=None, log_level=None, verb_name='build', build_base='build', install_base='install', merge_install=False, symlink_install=False, test_result_base=None, continue_on_error=False, executor='parallel', parallel_workers=16, event_handlers=None, ignore_user_meta=False, metas=['./colcon.meta'], base_paths=['.'], packages_ignore=None, packages_ignore_regex=None, paths=None, packages_up_to=None, packages_up_to_regex=None, packages_above=None, packages_above_and_dependencies=None, packages_above_depth=None, packages_select_by_dep=None, packages_skip_by_dep=None, packages_skip_up_to=None, packages_select_build_failed=False, packages_skip_build_finished=False, packages_select_test_failures=False, packages_skip_test_passed=False, packages_select=None, packages_skip=None, packages_select_regex=None, packages_skip_regex=None, packages_start=None, packages_end=None, cmake_args=None, cmake_target=None, cmake_target_skip_unavailable=False, cmake_clean_cache=False, cmake_clean_first=False, cmake_force_configure=False, ament_cmake_args=None, catkin_cmake_args=None, catkin_skip_building_tests=False, mixin_files=None, mixin=None, verb_parser=<colcon_mixin.mixin.mixin_argument.MixinArgumentDecorator object at 0x751d45b18be0>, verb_extension=<colcon_core.verb.build.BuildVerb object at 0x751d45b18730>, main=<bound method BuildVerb.main of <colcon_core.verb.build.BuildVerb object at 0x751d45b18730>>, mixin_verb=('build',))
[0.213s] Level 1:colcon.colcon_core.package_discovery:discover_packages(colcon_meta) check parameters
[0.214s] INFO:colcon.colcon_metadata.package_discovery.colcon_meta:Using configuration from '/root/.colcon/metadata/default/Gazebo.meta'
[0.214s] INFO:colcon.colcon_metadata.package_discovery.colcon_meta:Using configuration from '/root/.colcon/metadata/default/fastdds.meta'
[0.215s] INFO:colcon.colcon_metadata.package_discovery.colcon_meta:Using configuration from '/root/.colcon/metadata/default/fastrtps.meta'
[0.215s] Level 1:colcon.colcon_core.package_discovery:discover_packages(recursive) check parameters
[0.215s] Level 1:colcon.colcon_core.package_discovery:discover_packages(ignore) check parameters
[0.215s] Level 1:colcon.colcon_core.package_discovery:discover_packages(path) check parameters
[0.215s] Level 1:colcon.colcon_core.package_discovery:discover_packages(colcon_meta) discover
[0.215s] Level 1:colcon.colcon_core.package_discovery:discover_packages(recursive) discover
[0.215s] INFO:colcon.colcon_core.package_discovery:Crawling recursively for packages in '/root/ros2_ws'
[0.215s] Level 1:colcon.colcon_core.package_identification:_identify(.) by extensions ['ignore', 'ignore_ament_install']
[0.215s] Level 1:colcon.colcon_core.package_identification:_identify(.) by extension 'ignore'
[0.215s] Level 1:colcon.colcon_core.package_identification:_identify(.) by extension 'ignore_ament_install'
[0.215s] Level 1:colcon.colcon_core.package_identification:_identify(.) by extensions ['colcon_pkg']
[0.215s] Level 1:colcon.colcon_core.package_identification:_identify(.) by extension 'colcon_pkg'
[0.215s] Level 1:colcon.colcon_core.package_identification:_identify(.) by extensions ['colcon_meta']
[0.215s] Level 1:colcon.colcon_core.package_identification:_identify(.) by extension 'colcon_meta'
[0.215s] Level 1:colcon.colcon_core.package_identification:_identify(.) by extensions ['ros']
[0.215s] Level 1:colcon.colcon_core.package_identification:_identify(.) by extension 'ros'
[0.225s] Level 1:colcon.colcon_core.package_identification:_identify(.) by extensions ['cmake', 'python']
[0.225s] Level 1:colcon.colcon_core.package_identification:_identify(.) by extension 'cmake'
[0.225s] Level 1:colcon.colcon_core.package_identification:_identify(.) by extension 'python'
[0.225s] Level 1:colcon.colcon_core.package_identification:_identify(.) by extensions ['python_setup_py']
[0.225s] Level 1:colcon.colcon_core.package_identification:_identify(.) by extension 'python_setup_py'
[0.225s] Level 1:colcon.colcon_core.package_identification:_identify(build) by extensions ['ignore', 'ignore_ament_install']
[0.225s] Level 1:colcon.colcon_core.package_identification:_identify(build) by extension 'ignore'
[0.226s] Level 1:colcon.colcon_core.package_identification:_identify(build) ignored
[0.226s] Level 1:colcon.colcon_core.package_identification:_identify(install) by extensions ['ignore', 'ignore_ament_install']
[0.226s] Level 1:colcon.colcon_core.package_identification:_identify(install) by extension 'ignore'
[0.226s] Level 1:colcon.colcon_core.package_identification:_identify(install) ignored
[0.226s] Level 1:colcon.colcon_core.package_identification:_identify(log) by extensions ['ignore', 'ignore_ament_install']
[0.226s] Level 1:colcon.colcon_core.package_identification:_identify(log) by extension 'ignore'
[0.226s] Level 1:colcon.colcon_core.package_identification:_identify(log) ignored
[0.226s] Level 1:colcon.colcon_core.package_identification:_identify(src) by extensions ['ignore', 'ignore_ament_install']
[0.226s] Level 1:colcon.colcon_core.package_identification:_identify(src) by extension 'ignore'
[0.226s] Level 1:colcon.colcon_core.package_identification:_identify(src) by extension 'ignore_ament_install'
[0.226s] Level 1:colcon.colcon_core.package_identification:_identify(src) by extensions ['colcon_pkg']
[0.226s] Level 1:colcon.colcon_core.package_identification:_identify(src) by extension 'colcon_pkg'
[0.226s] Level 1:colcon.colcon_core.package_identification:_identify(src) by extensions ['colcon_meta']
[0.226s] Level 1:colcon.colcon_core.package_identification:_identify(src) by extension 'colcon_meta'
[0.226s] Level 1:colcon.colcon_core.package_identification:_identify(src) by extensions ['ros']
[0.226s] Level 1:colcon.colcon_core.package_identification:_identify(src) by extension 'ros'
[0.226s] Level 1:colcon.colcon_core.package_identification:_identify(src) by extensions ['cmake', 'python']
[0.226s] Level 1:colcon.colcon_core.package_identification:_identify(src) by extension 'cmake'
[0.226s] Level 1:colcon.colcon_core.package_identification:_identify(src) by extension 'python'
[0.226s] Level 1:colcon.colcon_core.package_identification:_identify(src) by extensions ['python_setup_py']
[0.226s] Level 1:colcon.colcon_core.package_identification:_identify(src) by extension 'python_setup_py'
[0.227s] Level 1:colcon.colcon_core.package_identification:_identify(src/MG400_ROS2) by extensions ['ignore', 'ignore_ament_install']
[0.227s] Level 1:colcon.colcon_core.package_identification:_identify(src/MG400_ROS2) by extension 'ignore'
[0.227s] Level 1:colcon.colcon_core.package_identification:_identify(src/MG400_ROS2) by extension 'ignore_ament_install'
[0.227s] Level 1:colcon.colcon_core.package_identification:_identify(src/MG400_ROS2) by extensions ['colcon_pkg']
[0.227s] Level 1:colcon.colcon_core.package_identification:_identify(src/MG400_ROS2) by extension 'colcon_pkg'
[0.227s] Level 1:colcon.colcon_core.package_identification:_identify(src/MG400_ROS2) by extensions ['colcon_meta']
[0.227s] Level 1:colcon.colcon_core.package_identification:_identify(src/MG400_ROS2) by extension 'colcon_meta'
[0.227s] Level 1:colcon.colcon_core.package_identification:_identify(src/MG400_ROS2) by extensions ['ros']
[0.227s] Level 1:colcon.colcon_core.package_identification:_identify(src/MG400_ROS2) by extension 'ros'
[0.227s] Level 1:colcon.colcon_core.package_identification:_identify(src/MG400_ROS2) by extensions ['cmake', 'python']
[0.227s] Level 1:colcon.colcon_core.package_identification:_identify(src/MG400_ROS2) by extension 'cmake'
[0.227s] Level 1:colcon.colcon_core.package_identification:_identify(src/MG400_ROS2) by extension 'python'
[0.227s] Level 1:colcon.colcon_core.package_identification:_identify(src/MG400_ROS2) by extensions ['python_setup_py']
[0.227s] Level 1:colcon.colcon_core.package_identification:_identify(src/MG400_ROS2) by extension 'python_setup_py'
[0.227s] Level 1:colcon.colcon_core.package_identification:_identify(src/MG400_ROS2/doc) by extensions ['ignore', 'ignore_ament_install']
[0.227s] Level 1:colcon.colcon_core.package_identification:_identify(src/MG400_ROS2/doc) by extension 'ignore'
[0.227s] Level 1:colcon.colcon_core.package_identification:_identify(src/MG400_ROS2/doc) by extension 'ignore_ament_install'
[0.227s] Level 1:colcon.colcon_core.package_identification:_identify(src/MG400_ROS2/doc) by extensions ['colcon_pkg']
[0.227s] Level 1:colcon.colcon_core.package_identification:_identify(src/MG400_ROS2/doc) by extension 'colcon_pkg'
[0.227s] Level 1:colcon.colcon_core.package_identification:_identify(src/MG400_ROS2/doc) by extensions ['colcon_meta']
[0.227s] Level 1:colcon.colcon_core.package_identification:_identify(src/MG400_ROS2/doc) by extension 'colcon_meta'
[0.227s] Level 1:colcon.colcon_core.package_identification:_identify(src/MG400_ROS2/doc) by extensions ['ros']
[0.227s] Level 1:colcon.colcon_core.package_identification:_identify(src/MG400_ROS2/doc) by extension 'ros'
[0.228s] Level 1:colcon.colcon_core.package_identification:_identify(src/MG400_ROS2/doc) by extensions ['cmake', 'python']
[0.228s] Level 1:colcon.colcon_core.package_identification:_identify(src/MG400_ROS2/doc) by extension 'cmake'
[0.228s] Level 1:colcon.colcon_core.package_identification:_identify(src/MG400_ROS2/doc) by extension 'python'
[0.228s] Level 1:colcon.colcon_core.package_identification:_identify(src/MG400_ROS2/doc) by extensions ['python_setup_py']
[0.228s] Level 1:colcon.colcon_core.package_identification:_identify(src/MG400_ROS2/doc) by extension 'python_setup_py'
[0.228s] Level 1:colcon.colcon_core.package_identification:_identify(src/MG400_ROS2/media) by extensions ['ignore', 'ignore_ament_install']
[0.228s] Level 1:colcon.colcon_core.package_identification:_identify(src/MG400_ROS2/media) by extension 'ignore'
[0.228s] Level 1:colcon.colcon_core.package_identification:_identify(src/MG400_ROS2/media) by extension 'ignore_ament_install'
[0.228s] Level 1:colcon.colcon_core.package_identification:_identify(src/MG400_ROS2/media) by extensions ['colcon_pkg']
[0.228s] Level 1:colcon.colcon_core.package_identification:_identify(src/MG400_ROS2/media) by extension 'colcon_pkg'
[0.228s] Level 1:colcon.colcon_core.package_identification:_identify(src/MG400_ROS2/media) by extensions ['colcon_meta']
[0.228s] Level 1:colcon.colcon_core.package_identification:_identify(src/MG400_ROS2/media) by extension 'colcon_meta'
[0.228s] Level 1:colcon.colcon_core.package_identification:_identify(src/MG400_ROS2/media) by extensions ['ros']
[0.228s] Level 1:colcon.colcon_core.package_identification:_identify(src/MG400_ROS2/media) by extension 'ros'
[0.228s] Level 1:colcon.colcon_core.package_identification:_identify(src/MG400_ROS2/media) by extensions ['cmake', 'python']
[0.228s] Level 1:colcon.colcon_core.package_identification:_identify(src/MG400_ROS2/media) by extension 'cmake'
[0.228s] Level 1:colcon.colcon_core.package_identification:_identify(src/MG400_ROS2/media) by extension 'python'
[0.228s] Level 1:colcon.colcon_core.package_identification:_identify(src/MG400_ROS2/media) by extensions ['python_setup_py']
[0.228s] Level 1:colcon.colcon_core.package_identification:_identify(src/MG400_ROS2/media) by extension 'python_setup_py'
[0.228s] Level 1:colcon.colcon_core.package_identification:_identify(src/MG400_ROS2/mg400) by extensions ['ignore', 'ignore_ament_install']
[0.228s] Level 1:colcon.colcon_core.package_identification:_identify(src/MG400_ROS2/mg400) by extension 'ignore'
[0.228s] Level 1:colcon.colcon_core.package_identification:_identify(src/MG400_ROS2/mg400) by extension 'ignore_ament_install'
[0.228s] Level 1:colcon.colcon_core.package_identification:_identify(src/MG400_ROS2/mg400) by extensions ['colcon_pkg']
[0.228s] Level 1:colcon.colcon_core.package_identification:_identify(src/MG400_ROS2/mg400) by extension 'colcon_pkg'
[0.228s] Level 1:colcon.colcon_core.package_identification:_identify(src/MG400_ROS2/mg400) by extensions ['colcon_meta']
[0.229s] Level 1:colcon.colcon_core.package_identification:_identify(src/MG400_ROS2/mg400) by extension 'colcon_meta'
[0.229s] Level 1:colcon.colcon_core.package_identification:_identify(src/MG400_ROS2/mg400) by extensions ['ros']
[0.229s] Level 1:colcon.colcon_core.package_identification:_identify(src/MG400_ROS2/mg400) by extension 'ros'
[0.231s] DEBUG:colcon.colcon_core.package_identification:Package 'src/MG400_ROS2/mg400' with type 'ros.ament_cmake' and name 'mg400'
[0.231s] Level 1:colcon.colcon_core.package_identification:_identify(src/MG400_ROS2/mg400_bringup) by extensions ['ignore', 'ignore_ament_install']
[0.232s] Level 1:colcon.colcon_core.package_identification:_identify(src/MG400_ROS2/mg400_bringup) by extension 'ignore'
[0.232s] Level 1:colcon.colcon_core.package_identification:_identify(src/MG400_ROS2/mg400_bringup) by extension 'ignore_ament_install'
[0.232s] Level 1:colcon.colcon_core.package_identification:_identify(src/MG400_ROS2/mg400_bringup) by extensions ['colcon_pkg']
[0.232s] Level 1:colcon.colcon_core.package_identification:_identify(src/MG400_ROS2/mg400_bringup) by extension 'colcon_pkg'
[0.232s] Level 1:colcon.colcon_core.package_identification:_identify(src/MG400_ROS2/mg400_bringup) by extensions ['colcon_meta']
[0.232s] Level 1:colcon.colcon_core.package_identification:_identify(src/MG400_ROS2/mg400_bringup) by extension 'colcon_meta'
[0.232s] Level 1:colcon.colcon_core.package_identification:_identify(src/MG400_ROS2/mg400_bringup) by extensions ['ros']
[0.232s] Level 1:colcon.colcon_core.package_identification:_identify(src/MG400_ROS2/mg400_bringup) by extension 'ros'
[0.232s] DEBUG:colcon.colcon_core.package_identification:Package 'src/MG400_ROS2/mg400_bringup' with type 'ros.ament_python' and name 'mg400_bringup'
[0.232s] Level 1:colcon.colcon_core.package_identification:_identify(src/MG400_ROS2/mg400_common) by extensions ['ignore', 'ignore_ament_install']
[0.233s] Level 1:colcon.colcon_core.package_identification:_identify(src/MG400_ROS2/mg400_common) by extension 'ignore'
[0.233s] Level 1:colcon.colcon_core.package_identification:_identify(src/MG400_ROS2/mg400_common) by extension 'ignore_ament_install'
[0.233s] Level 1:colcon.colcon_core.package_identification:_identify(src/MG400_ROS2/mg400_common) by extensions ['colcon_pkg']
[0.233s] Level 1:colcon.colcon_core.package_identification:_identify(src/MG400_ROS2/mg400_common) by extension 'colcon_pkg'
[0.233s] Level 1:colcon.colcon_core.package_identification:_identify(src/MG400_ROS2/mg400_common) by extensions ['colcon_meta']
[0.233s] Level 1:colcon.colcon_core.package_identification:_identify(src/MG400_ROS2/mg400_common) by extension 'colcon_meta'
[0.233s] Level 1:colcon.colcon_core.package_identification:_identify(src/MG400_ROS2/mg400_common) by extensions ['ros']
[0.233s] Level 1:colcon.colcon_core.package_identification:_identify(src/MG400_ROS2/mg400_common) by extension 'ros'
[0.233s] DEBUG:colcon.colcon_core.package_identification:Package 'src/MG400_ROS2/mg400_common' with type 'ros.ament_cmake' and name 'mg400_common'
[0.233s] Level 1:colcon.colcon_core.package_identification:_identify(src/MG400_ROS2/mg400_description) by extensions ['ignore', 'ignore_ament_install']
[0.233s] Level 1:colcon.colcon_core.package_identification:_identify(src/MG400_ROS2/mg400_description) by extension 'ignore'
[0.233s] Level 1:colcon.colcon_core.package_identification:_identify(src/MG400_ROS2/mg400_description) by extension 'ignore_ament_install'
[0.233s] Level 1:colcon.colcon_core.package_identification:_identify(src/MG400_ROS2/mg400_description) by extensions ['colcon_pkg']
[0.233s] Level 1:colcon.colcon_core.package_identification:_identify(src/MG400_ROS2/mg400_description) by extension 'colcon_pkg'
[0.233s] Level 1:colcon.colcon_core.package_identification:_identify(src/MG400_ROS2/mg400_description) by extensions ['colcon_meta']
[0.234s] Level 1:colcon.colcon_core.package_identification:_identify(src/MG400_ROS2/mg400_description) by extension 'colcon_meta'
[0.234s] Level 1:colcon.colcon_core.package_identification:_identify(src/MG400_ROS2/mg400_description) by extensions ['ros']
[0.234s] Level 1:colcon.colcon_core.package_identification:_identify(src/MG400_ROS2/mg400_description) by extension 'ros'
[0.234s] DEBUG:colcon.colcon_core.package_identification:Package 'src/MG400_ROS2/mg400_description' with type 'ros.ament_cmake' and name 'mg400_description'
[0.234s] Level 1:colcon.colcon_core.package_identification:_identify(src/MG400_ROS2/mg400_interface) by extensions ['ignore', 'ignore_ament_install']
[0.234s] Level 1:colcon.colcon_core.package_identification:_identify(src/MG400_ROS2/mg400_interface) by extension 'ignore'
[0.234s] Level 1:colcon.colcon_core.package_identification:_identify(src/MG400_ROS2/mg400_interface) by extension 'ignore_ament_install'
[0.234s] Level 1:colcon.colcon_core.package_identification:_identify(src/MG400_ROS2/mg400_interface) by extensions ['colcon_pkg']
[0.234s] Level 1:colcon.colcon_core.package_identification:_identify(src/MG400_ROS2/mg400_interface) by extension 'colcon_pkg'
[0.234s] Level 1:colcon.colcon_core.package_identification:_identify(src/MG400_ROS2/mg400_interface) by extensions ['colcon_meta']
[0.234s] Level 1:colcon.colcon_core.package_identification:_identify(src/MG400_ROS2/mg400_interface) by extension 'colcon_meta'
[0.234s] Level 1:colcon.colcon_core.package_identification:_identify(src/MG400_ROS2/mg400_interface) by extensions ['ros']
[0.234s] Level 1:colcon.colcon_core.package_identification:_identify(src/MG400_ROS2/mg400_interface) by extension 'ros'
[0.235s] DEBUG:colcon.colcon_core.package_identification:Package 'src/MG400_ROS2/mg400_interface' with type 'ros.ament_cmake' and name 'mg400_interface'
[0.235s] Level 1:colcon.colcon_core.package_identification:_identify(src/MG400_ROS2/mg400_joy) by extensions ['ignore', 'ignore_ament_install']
[0.235s] Level 1:colcon.colcon_core.package_identification:_identify(src/MG400_ROS2/mg400_joy) by extension 'ignore'
[0.235s] Level 1:colcon.colcon_core.package_identification:_identify(src/MG400_ROS2/mg400_joy) by extension 'ignore_ament_install'
[0.235s] Level 1:colcon.colcon_core.package_identification:_identify(src/MG400_ROS2/mg400_joy) by extensions ['colcon_pkg']
[0.236s] Level 1:colcon.colcon_core.package_identification:_identify(src/MG400_ROS2/mg400_joy) by extension 'colcon_pkg'
[0.236s] Level 1:colcon.colcon_core.package_identification:_identify(src/MG400_ROS2/mg400_joy) by extensions ['colcon_meta']
[0.236s] Level 1:colcon.colcon_core.package_identification:_identify(src/MG400_ROS2/mg400_joy) by extension 'colcon_meta'
[0.236s] Level 1:colcon.colcon_core.package_identification:_identify(src/MG400_ROS2/mg400_joy) by extensions ['ros']
[0.236s] Level 1:colcon.colcon_core.package_identification:_identify(src/MG400_ROS2/mg400_joy) by extension 'ros'
[0.236s] DEBUG:colcon.colcon_core.package_identification:Package 'src/MG400_ROS2/mg400_joy' with type 'ros.ament_cmake' and name 'mg400_joy'
[0.236s] Level 1:colcon.colcon_core.package_identification:_identify(src/MG400_ROS2/mg400_msgs) by extensions ['ignore', 'ignore_ament_install']
[0.236s] Level 1:colcon.colcon_core.package_identification:_identify(src/MG400_ROS2/mg400_msgs) by extension 'ignore'
[0.236s] Level 1:colcon.colcon_core.package_identification:_identify(src/MG400_ROS2/mg400_msgs) by extension 'ignore_ament_install'
[0.236s] Level 1:colcon.colcon_core.package_identification:_identify(src/MG400_ROS2/mg400_msgs) by extensions ['colcon_pkg']
[0.236s] Level 1:colcon.colcon_core.package_identification:_identify(src/MG400_ROS2/mg400_msgs) by extension 'colcon_pkg'
[0.236s] Level 1:colcon.colcon_core.package_identification:_identify(src/MG400_ROS2/mg400_msgs) by extensions ['colcon_meta']
[0.236s] Level 1:colcon.colcon_core.package_identification:_identify(src/MG400_ROS2/mg400_msgs) by extension 'colcon_meta'
[0.237s] Level 1:colcon.colcon_core.package_identification:_identify(src/MG400_ROS2/mg400_msgs) by extensions ['ros']
[0.237s] Level 1:colcon.colcon_core.package_identification:_identify(src/MG400_ROS2/mg400_msgs) by extension 'ros'
[0.237s] DEBUG:colcon.colcon_core.package_identification:Package 'src/MG400_ROS2/mg400_msgs' with type 'ros.ament_cmake' and name 'mg400_msgs'
[0.237s] Level 1:colcon.colcon_core.package_identification:_identify(src/MG400_ROS2/mg400_node) by extensions ['ignore', 'ignore_ament_install']
[0.237s] Level 1:colcon.colcon_core.package_identification:_identify(src/MG400_ROS2/mg400_node) by extension 'ignore'
[0.237s] Level 1:colcon.colcon_core.package_identification:_identify(src/MG400_ROS2/mg400_node) by extension 'ignore_ament_install'
[0.237s] Level 1:colcon.colcon_core.package_identification:_identify(src/MG400_ROS2/mg400_node) by extensions ['colcon_pkg']
[0.237s] Level 1:colcon.colcon_core.package_identification:_identify(src/MG400_ROS2/mg400_node) by extension 'colcon_pkg'
[0.237s] Level 1:colcon.colcon_core.package_identification:_identify(src/MG400_ROS2/mg400_node) by extensions ['colcon_meta']
[0.237s] Level 1:colcon.colcon_core.package_identification:_identify(src/MG400_ROS2/mg400_node) by extension 'colcon_meta'
[0.238s] Level 1:colcon.colcon_core.package_identification:_identify(src/MG400_ROS2/mg400_node) by extensions ['ros']
[0.238s] Level 1:colcon.colcon_core.package_identification:_identify(src/MG400_ROS2/mg400_node) by extension 'ros'
[0.238s] DEBUG:colcon.colcon_core.package_identification:Package 'src/MG400_ROS2/mg400_node' with type 'ros.ament_cmake' and name 'mg400_node'
[0.238s] Level 1:colcon.colcon_core.package_identification:_identify(src/MG400_ROS2/mg400_plugin) by extensions ['ignore', 'ignore_ament_install']
[0.238s] Level 1:colcon.colcon_core.package_identification:_identify(src/MG400_ROS2/mg400_plugin) by extension 'ignore'
[0.238s] Level 1:colcon.colcon_core.package_identification:_identify(src/MG400_ROS2/mg400_plugin) by extension 'ignore_ament_install'
[0.239s] Level 1:colcon.colcon_core.package_identification:_identify(src/MG400_ROS2/mg400_plugin) by extensions ['colcon_pkg']
[0.239s] Level 1:colcon.colcon_core.package_identification:_identify(src/MG400_ROS2/mg400_plugin) by extension 'colcon_pkg'
[0.239s] Level 1:colcon.colcon_core.package_identification:_identify(src/MG400_ROS2/mg400_plugin) by extensions ['colcon_meta']
[0.239s] Level 1:colcon.colcon_core.package_identification:_identify(src/MG400_ROS2/mg400_plugin) by extension 'colcon_meta'
[0.239s] Level 1:colcon.colcon_core.package_identification:_identify(src/MG400_ROS2/mg400_plugin) by extensions ['ros']
[0.239s] Level 1:colcon.colcon_core.package_identification:_identify(src/MG400_ROS2/mg400_plugin) by extension 'ros'
[0.239s] DEBUG:colcon.colcon_core.package_identification:Package 'src/MG400_ROS2/mg400_plugin' with type 'ros.ament_cmake' and name 'mg400_plugin'
[0.239s] Level 1:colcon.colcon_core.package_identification:_identify(src/MG400_ROS2/mg400_plugin_base) by extensions ['ignore', 'ignore_ament_install']
[0.239s] Level 1:colcon.colcon_core.package_identification:_identify(src/MG400_ROS2/mg400_plugin_base) by extension 'ignore'
[0.239s] Level 1:colcon.colcon_core.package_identification:_identify(src/MG400_ROS2/mg400_plugin_base) by extension 'ignore_ament_install'
[0.240s] Level 1:colcon.colcon_core.package_identification:_identify(src/MG400_ROS2/mg400_plugin_base) by extensions ['colcon_pkg']
[0.240s] Level 1:colcon.colcon_core.package_identification:_identify(src/MG400_ROS2/mg400_plugin_base) by extension 'colcon_pkg'
[0.240s] Level 1:colcon.colcon_core.package_identification:_identify(src/MG400_ROS2/mg400_plugin_base) by extensions ['colcon_meta']
[0.240s] Level 1:colcon.colcon_core.package_identification:_identify(src/MG400_ROS2/mg400_plugin_base) by extension 'colcon_meta'
[0.240s] Level 1:colcon.colcon_core.package_identification:_identify(src/MG400_ROS2/mg400_plugin_base) by extensions ['ros']
[0.240s] Level 1:colcon.colcon_core.package_identification:_identify(src/MG400_ROS2/mg400_plugin_base) by extension 'ros'
[0.240s] DEBUG:colcon.colcon_core.package_identification:Package 'src/MG400_ROS2/mg400_plugin_base' with type 'ros.ament_cmake' and name 'mg400_plugin_base'
[0.240s] Level 1:colcon.colcon_core.package_identification:_identify(src/MG400_ROS2/mg400_rviz_plugin) by extensions ['ignore', 'ignore_ament_install']
[0.240s] Level 1:colcon.colcon_core.package_identification:_identify(src/MG400_ROS2/mg400_rviz_plugin) by extension 'ignore'
[0.240s] Level 1:colcon.colcon_core.package_identification:_identify(src/MG400_ROS2/mg400_rviz_plugin) by extension 'ignore_ament_install'
[0.240s] Level 1:colcon.colcon_core.package_identification:_identify(src/MG400_ROS2/mg400_rviz_plugin) by extensions ['colcon_pkg']
[0.240s] Level 1:colcon.colcon_core.package_identification:_identify(src/MG400_ROS2/mg400_rviz_plugin) by extension 'colcon_pkg'
[0.240s] Level 1:colcon.colcon_core.package_identification:_identify(src/MG400_ROS2/mg400_rviz_plugin) by extensions ['colcon_meta']
[0.240s] Level 1:colcon.colcon_core.package_identification:_identify(src/MG400_ROS2/mg400_rviz_plugin) by extension 'colcon_meta'
[0.241s] Level 1:colcon.colcon_core.package_identification:_identify(src/MG400_ROS2/mg400_rviz_plugin) by extensions ['ros']
[0.241s] Level 1:colcon.colcon_core.package_identification:_identify(src/MG400_ROS2/mg400_rviz_plugin) by extension 'ros'
[0.241s] DEBUG:colcon.colcon_core.package_identification:Package 'src/MG400_ROS2/mg400_rviz_plugin' with type 'ros.ament_cmake' and name 'mg400_rviz_plugin'
[0.241s] Level 1:colcon.colcon_core.package_identification:_identify(src/MG400_ROS2/mg400_tools) by extensions ['ignore', 'ignore_ament_install']
[0.241s] Level 1:colcon.colcon_core.package_identification:_identify(src/MG400_ROS2/mg400_tools) by extension 'ignore'
[0.241s] Level 1:colcon.colcon_core.package_identification:_identify(src/MG400_ROS2/mg400_tools) by extension 'ignore_ament_install'
[0.241s] Level 1:colcon.colcon_core.package_identification:_identify(src/MG400_ROS2/mg400_tools) by extensions ['colcon_pkg']
[0.242s] Level 1:colcon.colcon_core.package_identification:_identify(src/MG400_ROS2/mg400_tools) by extension 'colcon_pkg'
[0.242s] Level 1:colcon.colcon_core.package_identification:_identify(src/MG400_ROS2/mg400_tools) by extensions ['colcon_meta']
[0.242s] Level 1:colcon.colcon_core.package_identification:_identify(src/MG400_ROS2/mg400_tools) by extension 'colcon_meta'
[0.242s] Level 1:colcon.colcon_core.package_identification:_identify(src/MG400_ROS2/mg400_tools) by extensions ['ros']
[0.242s] Level 1:colcon.colcon_core.package_identification:_identify(src/MG400_ROS2/mg400_tools) by extension 'ros'
[0.242s] DEBUG:colcon.colcon_core.package_identification:Package 'src/MG400_ROS2/mg400_tools' with type 'ros.ament_cmake' and name 'mg400_tools'
[0.242s] Level 1:colcon.colcon_core.package_identification:_identify(src/MG400_ROS2/scripts) by extensions ['ignore', 'ignore_ament_install']
[0.242s] Level 1:colcon.colcon_core.package_identification:_identify(src/MG400_ROS2/scripts) by extension 'ignore'
[0.242s] Level 1:colcon.colcon_core.package_identification:_identify(src/MG400_ROS2/scripts) by extension 'ignore_ament_install'
[0.243s] Level 1:colcon.colcon_core.package_identification:_identify(src/MG400_ROS2/scripts) by extensions ['colcon_pkg']
[0.243s] Level 1:colcon.colcon_core.package_identification:_identify(src/MG400_ROS2/scripts) by extension 'colcon_pkg'
[0.243s] Level 1:colcon.colcon_core.package_identification:_identify(src/MG400_ROS2/scripts) by extensions ['colcon_meta']
[0.243s] Level 1:colcon.colcon_core.package_identification:_identify(src/MG400_ROS2/scripts) by extension 'colcon_meta'
[0.243s] Level 1:colcon.colcon_core.package_identification:_identify(src/MG400_ROS2/scripts) by extensions ['ros']
[0.243s] Level 1:colcon.colcon_core.package_identification:_identify(src/MG400_ROS2/scripts) by extension 'ros'
[0.243s] Level 1:colcon.colcon_core.package_identification:_identify(src/MG400_ROS2/scripts) by extensions ['cmake', 'python']
[0.243s] Level 1:colcon.colcon_core.package_identification:_identify(src/MG400_ROS2/scripts) by extension 'cmake'
[0.243s] Level 1:colcon.colcon_core.package_identification:_identify(src/MG400_ROS2/scripts) by extension 'python'
[0.243s] Level 1:colcon.colcon_core.package_identification:_identify(src/MG400_ROS2/scripts) by extensions ['python_setup_py']
[0.243s] Level 1:colcon.colcon_core.package_identification:_identify(src/MG400_ROS2/scripts) by extension 'python_setup_py'
[0.243s] Level 1:colcon.colcon_core.package_identification:_identify(src/PlayStation-JoyInterface-ROS2) by extensions ['ignore', 'ignore_ament_install']
[0.243s] Level 1:colcon.colcon_core.package_identification:_identify(src/PlayStation-JoyInterface-ROS2) by extension 'ignore'
[0.243s] Level 1:colcon.colcon_core.package_identification:_identify(src/PlayStation-JoyInterface-ROS2) by extension 'ignore_ament_install'
[0.243s] Level 1:colcon.colcon_core.package_identification:_identify(src/PlayStation-JoyInterface-ROS2) by extensions ['colcon_pkg']
[0.243s] Level 1:colcon.colcon_core.package_identification:_identify(src/PlayStation-JoyInterface-ROS2) by extension 'colcon_pkg'
[0.243s] Level 1:colcon.colcon_core.package_identification:_identify(src/PlayStation-JoyInterface-ROS2) by extensions ['colcon_meta']
[0.243s] Level 1:colcon.colcon_core.package_identification:_identify(src/PlayStation-JoyInterface-ROS2) by extension 'colcon_meta'
[0.243s] Level 1:colcon.colcon_core.package_identification:_identify(src/PlayStation-JoyInterface-ROS2) by extensions ['ros']
[0.243s] Level 1:colcon.colcon_core.package_identification:_identify(src/PlayStation-JoyInterface-ROS2) by extension 'ros'
[0.243s] Level 1:colcon.colcon_core.package_identification:_identify(src/PlayStation-JoyInterface-ROS2) by extensions ['cmake', 'python']
[0.243s] Level 1:colcon.colcon_core.package_identification:_identify(src/PlayStation-JoyInterface-ROS2) by extension 'cmake'
[0.243s] Level 1:colcon.colcon_core.package_identification:_identify(src/PlayStation-JoyInterface-ROS2) by extension 'python'
[0.243s] Level 1:colcon.colcon_core.package_identification:_identify(src/PlayStation-JoyInterface-ROS2) by extensions ['python_setup_py']
[0.243s] Level 1:colcon.colcon_core.package_identification:_identify(src/PlayStation-JoyInterface-ROS2) by extension 'python_setup_py'
[0.243s] Level 1:colcon.colcon_core.package_identification:_identify(src/PlayStation-JoyInterface-ROS2/media) by extensions ['ignore', 'ignore_ament_install']
[0.244s] Level 1:colcon.colcon_core.package_identification:_identify(src/PlayStation-JoyInterface-ROS2/media) by extension 'ignore'
[0.244s] Level 1:colcon.colcon_core.package_identification:_identify(src/PlayStation-JoyInterface-ROS2/media) by extension 'ignore_ament_install'
[0.244s] Level 1:colcon.colcon_core.package_identification:_identify(src/PlayStation-JoyInterface-ROS2/media) by extensions ['colcon_pkg']
[0.244s] Level 1:colcon.colcon_core.package_identification:_identify(src/PlayStation-JoyInterface-ROS2/media) by extension 'colcon_pkg'
[0.244s] Level 1:colcon.colcon_core.package_identification:_identify(src/PlayStation-JoyInterface-ROS2/media) by extensions ['colcon_meta']
[0.244s] Level 1:colcon.colcon_core.package_identification:_identify(src/PlayStation-JoyInterface-ROS2/media) by extension 'colcon_meta'
[0.244s] Level 1:colcon.colcon_core.package_identification:_identify(src/PlayStation-JoyInterface-ROS2/media) by extensions ['ros']
[0.244s] Level 1:colcon.colcon_core.package_identification:_identify(src/PlayStation-JoyInterface-ROS2/media) by extension 'ros'
[0.244s] Level 1:colcon.colcon_core.package_identification:_identify(src/PlayStation-JoyInterface-ROS2/media) by extensions ['cmake', 'python']
[0.244s] Level 1:colcon.colcon_core.package_identification:_identify(src/PlayStation-JoyInterface-ROS2/media) by extension 'cmake'
[0.244s] Level 1:colcon.colcon_core.package_identification:_identify(src/PlayStation-JoyInterface-ROS2/media) by extension 'python'
[0.244s] Level 1:colcon.colcon_core.package_identification:_identify(src/PlayStation-JoyInterface-ROS2/media) by extensions ['python_setup_py']
[0.244s] Level 1:colcon.colcon_core.package_identification:_identify(src/PlayStation-JoyInterface-ROS2/media) by extension 'python_setup_py'
[0.244s] Level 1:colcon.colcon_core.package_identification:_identify(src/PlayStation-JoyInterface-ROS2/p9n) by extensions ['ignore', 'ignore_ament_install']
[0.244s] Level 1:colcon.colcon_core.package_identification:_identify(src/PlayStation-JoyInterface-ROS2/p9n) by extension 'ignore'
[0.244s] Level 1:colcon.colcon_core.package_identification:_identify(src/PlayStation-JoyInterface-ROS2/p9n) by extension 'ignore_ament_install'
[0.244s] Level 1:colcon.colcon_core.package_identification:_identify(src/PlayStation-JoyInterface-ROS2/p9n) by extensions ['colcon_pkg']
[0.244s] Level 1:colcon.colcon_core.package_identification:_identify(src/PlayStation-JoyInterface-ROS2/p9n) by extension 'colcon_pkg'
[0.244s] Level 1:colcon.colcon_core.package_identification:_identify(src/PlayStation-JoyInterface-ROS2/p9n) by extensions ['colcon_meta']
[0.244s] Level 1:colcon.colcon_core.package_identification:_identify(src/PlayStation-JoyInterface-ROS2/p9n) by extension 'colcon_meta'
[0.244s] Level 1:colcon.colcon_core.package_identification:_identify(src/PlayStation-JoyInterface-ROS2/p9n) by extensions ['ros']
[0.244s] Level 1:colcon.colcon_core.package_identification:_identify(src/PlayStation-JoyInterface-ROS2/p9n) by extension 'ros'
[0.245s] DEBUG:colcon.colcon_core.package_identification:Package 'src/PlayStation-JoyInterface-ROS2/p9n' with type 'ros.ament_cmake' and name 'p9n'
[0.245s] Level 1:colcon.colcon_core.package_identification:_identify(src/PlayStation-JoyInterface-ROS2/p9n_bringup) by extensions ['ignore', 'ignore_ament_install']
[0.245s] Level 1:colcon.colcon_core.package_identification:_identify(src/PlayStation-JoyInterface-ROS2/p9n_bringup) by extension 'ignore'
[0.245s] Level 1:colcon.colcon_core.package_identification:_identify(src/PlayStation-JoyInterface-ROS2/p9n_bringup) by extension 'ignore_ament_install'
[0.245s] Level 1:colcon.colcon_core.package_identification:_identify(src/PlayStation-JoyInterface-ROS2/p9n_bringup) by extensions ['colcon_pkg']
[0.245s] Level 1:colcon.colcon_core.package_identification:_identify(src/PlayStation-JoyInterface-ROS2/p9n_bringup) by extension 'colcon_pkg'
[0.245s] Level 1:colcon.colcon_core.package_identification:_identify(src/PlayStation-JoyInterface-ROS2/p9n_bringup) by extensions ['colcon_meta']
[0.245s] Level 1:colcon.colcon_core.package_identification:_identify(src/PlayStation-JoyInterface-ROS2/p9n_bringup) by extension 'colcon_meta'
[0.245s] Level 1:colcon.colcon_core.package_identification:_identify(src/PlayStation-JoyInterface-ROS2/p9n_bringup) by extensions ['ros']
[0.245s] Level 1:colcon.colcon_core.package_identification:_identify(src/PlayStation-JoyInterface-ROS2/p9n_bringup) by extension 'ros'
[0.246s] DEBUG:colcon.colcon_core.package_identification:Package 'src/PlayStation-JoyInterface-ROS2/p9n_bringup' with type 'ros.ament_python' and name 'p9n_bringup'
[0.246s] Level 1:colcon.colcon_core.package_identification:_identify(src/PlayStation-JoyInterface-ROS2/p9n_example) by extensions ['ignore', 'ignore_ament_install']
[0.246s] Level 1:colcon.colcon_core.package_identification:_identify(src/PlayStation-JoyInterface-ROS2/p9n_example) by extension 'ignore'
[0.246s] Level 1:colcon.colcon_core.package_identification:_identify(src/PlayStation-JoyInterface-ROS2/p9n_example) by extension 'ignore_ament_install'
[0.246s] Level 1:colcon.colcon_core.package_identification:_identify(src/PlayStation-JoyInterface-ROS2/p9n_example) by extensions ['colcon_pkg']
[0.246s] Level 1:colcon.colcon_core.package_identification:_identify(src/PlayStation-JoyInterface-ROS2/p9n_example) by extension 'colcon_pkg'
[0.246s] Level 1:colcon.colcon_core.package_identification:_identify(src/PlayStation-JoyInterface-ROS2/p9n_example) by extensions ['colcon_meta']
[0.246s] Level 1:colcon.colcon_core.package_identification:_identify(src/PlayStation-JoyInterface-ROS2/p9n_example) by extension 'colcon_meta'
[0.246s] Level 1:colcon.colcon_core.package_identification:_identify(src/PlayStation-JoyInterface-ROS2/p9n_example) by extensions ['ros']
[0.246s] Level 1:colcon.colcon_core.package_identification:_identify(src/PlayStation-JoyInterface-ROS2/p9n_example) by extension 'ros'
[0.246s] DEBUG:colcon.colcon_core.package_identification:Package 'src/PlayStation-JoyInterface-ROS2/p9n_example' with type 'ros.ament_cmake' and name 'p9n_example'
[0.246s] Level 1:colcon.colcon_core.package_identification:_identify(src/PlayStation-JoyInterface-ROS2/p9n_interface) by extensions ['ignore', 'ignore_ament_install']
[0.247s] Level 1:colcon.colcon_core.package_identification:_identify(src/PlayStation-JoyInterface-ROS2/p9n_interface) by extension 'ignore'
[0.247s] Level 1:colcon.colcon_core.package_identification:_identify(src/PlayStation-JoyInterface-ROS2/p9n_interface) by extension 'ignore_ament_install'
[0.247s] Level 1:colcon.colcon_core.package_identification:_identify(src/PlayStation-JoyInterface-ROS2/p9n_interface) by extensions ['colcon_pkg']
[0.247s] Level 1:colcon.colcon_core.package_identification:_identify(src/PlayStation-JoyInterface-ROS2/p9n_interface) by extension 'colcon_pkg'
[0.247s] Level 1:colcon.colcon_core.package_identification:_identify(src/PlayStation-JoyInterface-ROS2/p9n_interface) by extensions ['colcon_meta']
[0.247s] Level 1:colcon.colcon_core.package_identification:_identify(src/PlayStation-JoyInterface-ROS2/p9n_interface) by extension 'colcon_meta'
[0.247s] Level 1:colcon.colcon_core.package_identification:_identify(src/PlayStation-JoyInterface-ROS2/p9n_interface) by extensions ['ros']
[0.247s] Level 1:colcon.colcon_core.package_identification:_identify(src/PlayStation-JoyInterface-ROS2/p9n_interface) by extension 'ros'
[0.247s] DEBUG:colcon.colcon_core.package_identification:Package 'src/PlayStation-JoyInterface-ROS2/p9n_interface' with type 'ros.ament_cmake' and name 'p9n_interface'
[0.247s] Level 1:colcon.colcon_core.package_identification:_identify(src/PlayStation-JoyInterface-ROS2/p9n_node) by extensions ['ignore', 'ignore_ament_install']
[0.247s] Level 1:colcon.colcon_core.package_identification:_identify(src/PlayStation-JoyInterface-ROS2/p9n_node) by extension 'ignore'
[0.247s] Level 1:colcon.colcon_core.package_identification:_identify(src/PlayStation-JoyInterface-ROS2/p9n_node) by extension 'ignore_ament_install'
[0.248s] Level 1:colcon.colcon_core.package_identification:_identify(src/PlayStation-JoyInterface-ROS2/p9n_node) by extensions ['colcon_pkg']
[0.248s] Level 1:colcon.colcon_core.package_identification:_identify(src/PlayStation-JoyInterface-ROS2/p9n_node) by extension 'colcon_pkg'
[0.248s] Level 1:colcon.colcon_core.package_identification:_identify(src/PlayStation-JoyInterface-ROS2/p9n_node) by extensions ['colcon_meta']
[0.248s] Level 1:colcon.colcon_core.package_identification:_identify(src/PlayStation-JoyInterface-ROS2/p9n_node) by extension 'colcon_meta'
[0.248s] Level 1:colcon.colcon_core.package_identification:_identify(src/PlayStation-JoyInterface-ROS2/p9n_node) by extensions ['ros']
[0.248s] Level 1:colcon.colcon_core.package_identification:_identify(src/PlayStation-JoyInterface-ROS2/p9n_node) by extension 'ros'
[0.248s] DEBUG:colcon.colcon_core.package_identification:Package 'src/PlayStation-JoyInterface-ROS2/p9n_node' with type 'ros.ament_cmake' and name 'p9n_node'
[0.248s] Level 1:colcon.colcon_core.package_identification:_identify(src/PlayStation-JoyInterface-ROS2/p9n_test) by extensions ['ignore', 'ignore_ament_install']
[0.248s] Level 1:colcon.colcon_core.package_identification:_identify(src/PlayStation-JoyInterface-ROS2/p9n_test) by extension 'ignore'
[0.248s] Level 1:colcon.colcon_core.package_identification:_identify(src/PlayStation-JoyInterface-ROS2/p9n_test) by extension 'ignore_ament_install'
[0.248s] Level 1:colcon.colcon_core.package_identification:_identify(src/PlayStation-JoyInterface-ROS2/p9n_test) by extensions ['colcon_pkg']
[0.248s] Level 1:colcon.colcon_core.package_identification:_identify(src/PlayStation-JoyInterface-ROS2/p9n_test) by extension 'colcon_pkg'
[0.248s] Level 1:colcon.colcon_core.package_identification:_identify(src/PlayStation-JoyInterface-ROS2/p9n_test) by extensions ['colcon_meta']
[0.248s] Level 1:colcon.colcon_core.package_identification:_identify(src/PlayStation-JoyInterface-ROS2/p9n_test) by extension 'colcon_meta'
[0.249s] Level 1:colcon.colcon_core.package_identification:_identify(src/PlayStation-JoyInterface-ROS2/p9n_test) by extensions ['ros']
[0.249s] Level 1:colcon.colcon_core.package_identification:_identify(src/PlayStation-JoyInterface-ROS2/p9n_test) by extension 'ros'
[0.249s] DEBUG:colcon.colcon_core.package_identification:Package 'src/PlayStation-JoyInterface-ROS2/p9n_test' with type 'ros.ament_cmake' and name 'p9n_test'
[0.249s] Level 1:colcon.colcon_core.package_identification:_identify(third_party) by extensions ['ignore', 'ignore_ament_install']
[0.249s] Level 1:colcon.colcon_core.package_identification:_identify(third_party) by extension 'ignore'
[0.249s] Level 1:colcon.colcon_core.package_identification:_identify(third_party) by extension 'ignore_ament_install'
[0.249s] Level 1:colcon.colcon_core.package_identification:_identify(third_party) by extensions ['colcon_pkg']
[0.249s] Level 1:colcon.colcon_core.package_identification:_identify(third_party) by extension 'colcon_pkg'
[0.249s] Level 1:colcon.colcon_core.package_identification:_identify(third_party) by extensions ['colcon_meta']
[0.249s] Level 1:colcon.colcon_core.package_identification:_identify(third_party) by extension 'colcon_meta'
[0.249s] Level 1:colcon.colcon_core.package_identification:_identify(third_party) by extensions ['ros']
[0.249s] Level 1:colcon.colcon_core.package_identification:_identify(third_party) by extension 'ros'
[0.249s] Level 1:colcon.colcon_core.package_identification:_identify(third_party) by extensions ['cmake', 'python']
[0.250s] Level 1:colcon.colcon_core.package_identification:_identify(third_party) by extension 'cmake'
[0.250s] Level 1:colcon.colcon_core.package_identification:_identify(third_party) by extension 'python'
[0.250s] Level 1:colcon.colcon_core.package_identification:_identify(third_party) by extensions ['python_setup_py']
[0.250s] Level 1:colcon.colcon_core.package_identification:_identify(third_party) by extension 'python_setup_py'
[0.250s] Level 1:colcon.colcon_core.package_identification:_identify(third_party/TCP-IP-4Axis-Python) by extensions ['ignore', 'ignore_ament_install']
[0.250s] Level 1:colcon.colcon_core.package_identification:_identify(third_party/TCP-IP-4Axis-Python) by extension 'ignore'
[0.250s] Level 1:colcon.colcon_core.package_identification:_identify(third_party/TCP-IP-4Axis-Python) by extension 'ignore_ament_install'
[0.250s] Level 1:colcon.colcon_core.package_identification:_identify(third_party/TCP-IP-4Axis-Python) by extensions ['colcon_pkg']
[0.250s] Level 1:colcon.colcon_core.package_identification:_identify(third_party/TCP-IP-4Axis-Python) by extension 'colcon_pkg'
[0.250s] Level 1:colcon.colcon_core.package_identification:_identify(third_party/TCP-IP-4Axis-Python) by extensions ['colcon_meta']
[0.250s] Level 1:colcon.colcon_core.package_identification:_identify(third_party/TCP-IP-4Axis-Python) by extension 'colcon_meta'
[0.250s] Level 1:colcon.colcon_core.package_identification:_identify(third_party/TCP-IP-4Axis-Python) by extensions ['ros']
[0.250s] Level 1:colcon.colcon_core.package_identification:_identify(third_party/TCP-IP-4Axis-Python) by extension 'ros'
[0.250s] Level 1:colcon.colcon_core.package_identification:_identify(third_party/TCP-IP-4Axis-Python) by extensions ['cmake', 'python']
[0.250s] Level 1:colcon.colcon_core.package_identification:_identify(third_party/TCP-IP-4Axis-Python) by extension 'cmake'
[0.250s] Level 1:colcon.colcon_core.package_identification:_identify(third_party/TCP-IP-4Axis-Python) by extension 'python'
[0.250s] Level 1:colcon.colcon_core.package_identification:_identify(third_party/TCP-IP-4Axis-Python) by extensions ['python_setup_py']
[0.250s] Level 1:colcon.colcon_core.package_identification:_identify(third_party/TCP-IP-4Axis-Python) by extension 'python_setup_py'
[0.250s] Level 1:colcon.colcon_core.package_identification:_identify(third_party/TCP-IP-4Axis-Python/__pycache__) by extensions ['ignore', 'ignore_ament_install']
[0.250s] Level 1:colcon.colcon_core.package_identification:_identify(third_party/TCP-IP-4Axis-Python/__pycache__) by extension 'ignore'
[0.250s] Level 1:colcon.colcon_core.package_identification:_identify(third_party/TCP-IP-4Axis-Python/__pycache__) by extension 'ignore_ament_install'
[0.250s] Level 1:colcon.colcon_core.package_identification:_identify(third_party/TCP-IP-4Axis-Python/__pycache__) by extensions ['colcon_pkg']
[0.250s] Level 1:colcon.colcon_core.package_identification:_identify(third_party/TCP-IP-4Axis-Python/__pycache__) by extension 'colcon_pkg'
[0.250s] Level 1:colcon.colcon_core.package_identification:_identify(third_party/TCP-IP-4Axis-Python/__pycache__) by extensions ['colcon_meta']
[0.250s] Level 1:colcon.colcon_core.package_identification:_identify(third_party/TCP-IP-4Axis-Python/__pycache__) by extension 'colcon_meta'
[0.250s] Level 1:colcon.colcon_core.package_identification:_identify(third_party/TCP-IP-4Axis-Python/__pycache__) by extensions ['ros']
[0.250s] Level 1:colcon.colcon_core.package_identification:_identify(third_party/TCP-IP-4Axis-Python/__pycache__) by extension 'ros'
[0.251s] Level 1:colcon.colcon_core.package_identification:_identify(third_party/TCP-IP-4Axis-Python/__pycache__) by extensions ['cmake', 'python']
[0.251s] Level 1:colcon.colcon_core.package_identification:_identify(third_party/TCP-IP-4Axis-Python/__pycache__) by extension 'cmake'
[0.251s] Level 1:colcon.colcon_core.package_identification:_identify(third_party/TCP-IP-4Axis-Python/__pycache__) by extension 'python'
[0.251s] Level 1:colcon.colcon_core.package_identification:_identify(third_party/TCP-IP-4Axis-Python/__pycache__) by extensions ['python_setup_py']
[0.251s] Level 1:colcon.colcon_core.package_identification:_identify(third_party/TCP-IP-4Axis-Python/__pycache__) by extension 'python_setup_py'
[0.251s] Level 1:colcon.colcon_core.package_identification:_identify(third_party/TCP-IP-4Axis-Python/files) by extensions ['ignore', 'ignore_ament_install']
[0.251s] Level 1:colcon.colcon_core.package_identification:_identify(third_party/TCP-IP-4Axis-Python/files) by extension 'ignore'
[0.251s] Level 1:colcon.colcon_core.package_identification:_identify(third_party/TCP-IP-4Axis-Python/files) by extension 'ignore_ament_install'
[0.251s] Level 1:colcon.colcon_core.package_identification:_identify(third_party/TCP-IP-4Axis-Python/files) by extensions ['colcon_pkg']
[0.251s] Level 1:colcon.colcon_core.package_identification:_identify(third_party/TCP-IP-4Axis-Python/files) by extension 'colcon_pkg'
[0.251s] Level 1:colcon.colcon_core.package_identification:_identify(third_party/TCP-IP-4Axis-Python/files) by extensions ['colcon_meta']
[0.251s] Level 1:colcon.colcon_core.package_identification:_identify(third_party/TCP-IP-4Axis-Python/files) by extension 'colcon_meta'
[0.251s] Level 1:colcon.colcon_core.package_identification:_identify(third_party/TCP-IP-4Axis-Python/files) by extensions ['ros']
[0.251s] Level 1:colcon.colcon_core.package_identification:_identify(third_party/TCP-IP-4Axis-Python/files) by extension 'ros'
[0.251s] Level 1:colcon.colcon_core.package_identification:_identify(third_party/TCP-IP-4Axis-Python/files) by extensions ['cmake', 'python']
[0.251s] Level 1:colcon.colcon_core.package_identification:_identify(third_party/TCP-IP-4Axis-Python/files) by extension 'cmake'
[0.251s] Level 1:colcon.colcon_core.package_identification:_identify(third_party/TCP-IP-4Axis-Python/files) by extension 'python'
[0.251s] Level 1:colcon.colcon_core.package_identification:_identify(third_party/TCP-IP-4Axis-Python/files) by extensions ['python_setup_py']
[0.251s] Level 1:colcon.colcon_core.package_identification:_identify(third_party/TCP-IP-4Axis-Python/files) by extension 'python_setup_py'
[0.251s] Level 1:colcon.colcon_core.package_identification:_identify(third_party/TCP-IP-4Axis-Python/files/__pycache__) by extensions ['ignore', 'ignore_ament_install']
[0.251s] Level 1:colcon.colcon_core.package_identification:_identify(third_party/TCP-IP-4Axis-Python/files/__pycache__) by extension 'ignore'
[0.251s] Level 1:colcon.colcon_core.package_identification:_identify(third_party/TCP-IP-4Axis-Python/files/__pycache__) by extension 'ignore_ament_install'
[0.251s] Level 1:colcon.colcon_core.package_identification:_identify(third_party/TCP-IP-4Axis-Python/files/__pycache__) by extensions ['colcon_pkg']
[0.251s] Level 1:colcon.colcon_core.package_identification:_identify(third_party/TCP-IP-4Axis-Python/files/__pycache__) by extension 'colcon_pkg'
[0.251s] Level 1:colcon.colcon_core.package_identification:_identify(third_party/TCP-IP-4Axis-Python/files/__pycache__) by extensions ['colcon_meta']
[0.251s] Level 1:colcon.colcon_core.package_identification:_identify(third_party/TCP-IP-4Axis-Python/files/__pycache__) by extension 'colcon_meta'
[0.252s] Level 1:colcon.colcon_core.package_identification:_identify(third_party/TCP-IP-4Axis-Python/files/__pycache__) by extensions ['ros']
[0.252s] Level 1:colcon.colcon_core.package_identification:_identify(third_party/TCP-IP-4Axis-Python/files/__pycache__) by extension 'ros'
[0.252s] Level 1:colcon.colcon_core.package_identification:_identify(third_party/TCP-IP-4Axis-Python/files/__pycache__) by extensions ['cmake', 'python']
[0.252s] Level 1:colcon.colcon_core.package_identification:_identify(third_party/TCP-IP-4Axis-Python/files/__pycache__) by extension 'cmake'
[0.252s] Level 1:colcon.colcon_core.package_identification:_identify(third_party/TCP-IP-4Axis-Python/files/__pycache__) by extension 'python'
[0.252s] Level 1:colcon.colcon_core.package_identification:_identify(third_party/TCP-IP-4Axis-Python/files/__pycache__) by extensions ['python_setup_py']
[0.252s] Level 1:colcon.colcon_core.package_identification:_identify(third_party/TCP-IP-4Axis-Python/files/__pycache__) by extension 'python_setup_py'
[0.252s] Level 1:colcon.colcon_core.package_identification:_identify(third_party/TCP-IP-4Axis-Python/images) by extensions ['ignore', 'ignore_ament_install']
[0.252s] Level 1:colcon.colcon_core.package_identification:_identify(third_party/TCP-IP-4Axis-Python/images) by extension 'ignore'
[0.252s] Level 1:colcon.colcon_core.package_identification:_identify(third_party/TCP-IP-4Axis-Python/images) by extension 'ignore_ament_install'
[0.252s] Level 1:colcon.colcon_core.package_identification:_identify(third_party/TCP-IP-4Axis-Python/images) by extensions ['colcon_pkg']
[0.252s] Level 1:colcon.colcon_core.package_identification:_identify(third_party/TCP-IP-4Axis-Python/images) by extension 'colcon_pkg'
[0.252s] Level 1:colcon.colcon_core.package_identification:_identify(third_party/TCP-IP-4Axis-Python/images) by extensions ['colcon_meta']
[0.252s] Level 1:colcon.colcon_core.package_identification:_identify(third_party/TCP-IP-4Axis-Python/images) by extension 'colcon_meta'
[0.252s] Level 1:colcon.colcon_core.package_identification:_identify(third_party/TCP-IP-4Axis-Python/images) by extensions ['ros']
[0.252s] Level 1:colcon.colcon_core.package_identification:_identify(third_party/TCP-IP-4Axis-Python/images) by extension 'ros'
[0.252s] Level 1:colcon.colcon_core.package_identification:_identify(third_party/TCP-IP-4Axis-Python/images) by extensions ['cmake', 'python']
[0.252s] Level 1:colcon.colcon_core.package_identification:_identify(third_party/TCP-IP-4Axis-Python/images) by extension 'cmake'
[0.252s] Level 1:colcon.colcon_core.package_identification:_identify(third_party/TCP-IP-4Axis-Python/images) by extension 'python'
[0.252s] Level 1:colcon.colcon_core.package_identification:_identify(third_party/TCP-IP-4Axis-Python/images) by extensions ['python_setup_py']
[0.252s] Level 1:colcon.colcon_core.package_identification:_identify(third_party/TCP-IP-4Axis-Python/images) by extension 'python_setup_py'
[0.252s] Level 1:colcon.colcon_core.package_identification:_identify(third_party/TCP-IP-4Axis-Python/picture) by extensions ['ignore', 'ignore_ament_install']
[0.252s] Level 1:colcon.colcon_core.package_identification:_identify(third_party/TCP-IP-4Axis-Python/picture) by extension 'ignore'
[0.252s] Level 1:colcon.colcon_core.package_identification:_identify(third_party/TCP-IP-4Axis-Python/picture) by extension 'ignore_ament_install'
[0.252s] Level 1:colcon.colcon_core.package_identification:_identify(third_party/TCP-IP-4Axis-Python/picture) by extensions ['colcon_pkg']
[0.253s] Level 1:colcon.colcon_core.package_identification:_identify(third_party/TCP-IP-4Axis-Python/picture) by extension 'colcon_pkg'
[0.253s] Level 1:colcon.colcon_core.package_identification:_identify(third_party/TCP-IP-4Axis-Python/picture) by extensions ['colcon_meta']
[0.253s] Level 1:colcon.colcon_core.package_identification:_identify(third_party/TCP-IP-4Axis-Python/picture) by extension 'colcon_meta'
[0.253s] Level 1:colcon.colcon_core.package_identification:_identify(third_party/TCP-IP-4Axis-Python/picture) by extensions ['ros']
[0.253s] Level 1:colcon.colcon_core.package_identification:_identify(third_party/TCP-IP-4Axis-Python/picture) by extension 'ros'
[0.253s] Level 1:colcon.colcon_core.package_identification:_identify(third_party/TCP-IP-4Axis-Python/picture) by extensions ['cmake', 'python']
[0.253s] Level 1:colcon.colcon_core.package_identification:_identify(third_party/TCP-IP-4Axis-Python/picture) by extension 'cmake'
[0.253s] Level 1:colcon.colcon_core.package_identification:_identify(third_party/TCP-IP-4Axis-Python/picture) by extension 'python'
[0.253s] Level 1:colcon.colcon_core.package_identification:_identify(third_party/TCP-IP-4Axis-Python/picture) by extensions ['python_setup_py']
[0.253s] Level 1:colcon.colcon_core.package_identification:_identify(third_party/TCP-IP-4Axis-Python/picture) by extension 'python_setup_py'
[0.253s] Level 1:colcon.colcon_core.package_discovery:discover_packages(recursive) using defaults
[0.253s] Level 1:colcon.colcon_core.package_discovery:discover_packages(ignore) discover
[0.253s] Level 1:colcon.colcon_core.package_discovery:discover_packages(ignore) using defaults
[0.253s] Level 1:colcon.colcon_core.package_discovery:discover_packages(path) discover
[0.253s] Level 1:colcon.colcon_core.package_discovery:discover_packages(path) using defaults
[0.285s] Level 5:colcon.colcon_core.verb:set package 'mg400_common' build argument 'cmake_args' from command line to 'None'
[0.285s] Level 5:colcon.colcon_core.verb:set package 'mg400_common' build argument 'cmake_target' from command line to 'None'
[0.285s] Level 5:colcon.colcon_core.verb:set package 'mg400_common' build argument 'cmake_target_skip_unavailable' from command line to 'False'
[0.285s] Level 5:colcon.colcon_core.verb:set package 'mg400_common' build argument 'cmake_clean_cache' from command line to 'False'
[0.285s] Level 5:colcon.colcon_core.verb:set package 'mg400_common' build argument 'cmake_clean_first' from command line to 'False'
[0.285s] Level 5:colcon.colcon_core.verb:set package 'mg400_common' build argument 'cmake_force_configure' from command line to 'False'
[0.285s] Level 5:colcon.colcon_core.verb:set package 'mg400_common' build argument 'ament_cmake_args' from command line to 'None'
[0.285s] Level 5:colcon.colcon_core.verb:set package 'mg400_common' build argument 'catkin_cmake_args' from command line to 'None'
[0.285s] Level 5:colcon.colcon_core.verb:set package 'mg400_common' build argument 'catkin_skip_building_tests' from command line to 'False'
[0.285s] DEBUG:colcon.colcon_core.verb:Building package 'mg400_common' with the following arguments: {'ament_cmake_args': None, 'build_base': '/root/ros2_ws/build/mg400_common', 'catkin_cmake_args': None, 'catkin_skip_building_tests': False, 'cmake_args': None, 'cmake_clean_cache': False, 'cmake_clean_first': False, 'cmake_force_configure': False, 'cmake_target': None, 'cmake_target_skip_unavailable': False, 'install_base': '/root/ros2_ws/install/mg400_common', 'merge_install': False, 'path': '/root/ros2_ws/src/MG400_ROS2/mg400_common', 'symlink_install': False, 'test_result_base': None}
[0.285s] Level 5:colcon.colcon_core.verb:set package 'mg400_description' build argument 'cmake_args' from command line to 'None'
[0.285s] Level 5:colcon.colcon_core.verb:set package 'mg400_description' build argument 'cmake_target' from command line to 'None'
[0.285s] Level 5:colcon.colcon_core.verb:set package 'mg400_description' build argument 'cmake_target_skip_unavailable' from command line to 'False'
[0.285s] Level 5:colcon.colcon_core.verb:set package 'mg400_description' build argument 'cmake_clean_cache' from command line to 'False'
[0.285s] Level 5:colcon.colcon_core.verb:set package 'mg400_description' build argument 'cmake_clean_first' from command line to 'False'
[0.285s] Level 5:colcon.colcon_core.verb:set package 'mg400_description' build argument 'cmake_force_configure' from command line to 'False'
[0.286s] Level 5:colcon.colcon_core.verb:set package 'mg400_description' build argument 'ament_cmake_args' from command line to 'None'
[0.286s] Level 5:colcon.colcon_core.verb:set package 'mg400_description' build argument 'catkin_cmake_args' from command line to 'None'
[0.286s] Level 5:colcon.colcon_core.verb:set package 'mg400_description' build argument 'catkin_skip_building_tests' from command line to 'False'
[0.286s] DEBUG:colcon.colcon_core.verb:Building package 'mg400_description' with the following arguments: {'ament_cmake_args': None, 'build_base': '/root/ros2_ws/build/mg400_description', 'catkin_cmake_args': None, 'catkin_skip_building_tests': False, 'cmake_args': None, 'cmake_clean_cache': False, 'cmake_clean_first': False, 'cmake_force_configure': False, 'cmake_target': None, 'cmake_target_skip_unavailable': False, 'install_base': '/root/ros2_ws/install/mg400_description', 'merge_install': False, 'path': '/root/ros2_ws/src/MG400_ROS2/mg400_description', 'symlink_install': False, 'test_result_base': None}
[0.286s] Level 5:colcon.colcon_core.verb:set package 'mg400_msgs' build argument 'cmake_args' from command line to 'None'
[0.286s] Level 5:colcon.colcon_core.verb:set package 'mg400_msgs' build argument 'cmake_target' from command line to 'None'
[0.286s] Level 5:colcon.colcon_core.verb:set package 'mg400_msgs' build argument 'cmake_target_skip_unavailable' from command line to 'False'
[0.286s] Level 5:colcon.colcon_core.verb:set package 'mg400_msgs' build argument 'cmake_clean_cache' from command line to 'False'
[0.286s] Level 5:colcon.colcon_core.verb:set package 'mg400_msgs' build argument 'cmake_clean_first' from command line to 'False'
[0.286s] Level 5:colcon.colcon_core.verb:set package 'mg400_msgs' build argument 'cmake_force_configure' from command line to 'False'
[0.286s] Level 5:colcon.colcon_core.verb:set package 'mg400_msgs' build argument 'ament_cmake_args' from command line to 'None'
[0.286s] Level 5:colcon.colcon_core.verb:set package 'mg400_msgs' build argument 'catkin_cmake_args' from command line to 'None'
[0.286s] Level 5:colcon.colcon_core.verb:set package 'mg400_msgs' build argument 'catkin_skip_building_tests' from command line to 'False'
[0.286s] DEBUG:colcon.colcon_core.verb:Building package 'mg400_msgs' with the following arguments: {'ament_cmake_args': None, 'build_base': '/root/ros2_ws/build/mg400_msgs', 'catkin_cmake_args': None, 'catkin_skip_building_tests': False, 'cmake_args': None, 'cmake_clean_cache': False, 'cmake_clean_first': False, 'cmake_force_configure': False, 'cmake_target': None, 'cmake_target_skip_unavailable': False, 'install_base': '/root/ros2_ws/install/mg400_msgs', 'merge_install': False, 'path': '/root/ros2_ws/src/MG400_ROS2/mg400_msgs', 'symlink_install': False, 'test_result_base': None}
[0.286s] Level 5:colcon.colcon_core.verb:set package 'p9n_interface' build argument 'cmake_args' from command line to 'None'
[0.286s] Level 5:colcon.colcon_core.verb:set package 'p9n_interface' build argument 'cmake_target' from command line to 'None'
[0.286s] Level 5:colcon.colcon_core.verb:set package 'p9n_interface' build argument 'cmake_target_skip_unavailable' from command line to 'False'
[0.286s] Level 5:colcon.colcon_core.verb:set package 'p9n_interface' build argument 'cmake_clean_cache' from command line to 'False'
[0.286s] Level 5:colcon.colcon_core.verb:set package 'p9n_interface' build argument 'cmake_clean_first' from command line to 'False'
[0.286s] Level 5:colcon.colcon_core.verb:set package 'p9n_interface' build argument 'cmake_force_configure' from command line to 'False'
[0.286s] Level 5:colcon.colcon_core.verb:set package 'p9n_interface' build argument 'ament_cmake_args' from command line to 'None'
[0.286s] Level 5:colcon.colcon_core.verb:set package 'p9n_interface' build argument 'catkin_cmake_args' from command line to 'None'
[0.286s] Level 5:colcon.colcon_core.verb:set package 'p9n_interface' build argument 'catkin_skip_building_tests' from command line to 'False'
[0.286s] DEBUG:colcon.colcon_core.verb:Building package 'p9n_interface' with the following arguments: {'ament_cmake_args': None, 'build_base': '/root/ros2_ws/build/p9n_interface', 'catkin_cmake_args': None, 'catkin_skip_building_tests': False, 'cmake_args': None, 'cmake_clean_cache': False, 'cmake_clean_first': False, 'cmake_force_configure': False, 'cmake_target': None, 'cmake_target_skip_unavailable': False, 'install_base': '/root/ros2_ws/install/p9n_interface', 'merge_install': False, 'path': '/root/ros2_ws/src/PlayStation-JoyInterface-ROS2/p9n_interface', 'symlink_install': False, 'test_result_base': None}
[0.287s] Level 5:colcon.colcon_core.verb:set package 'mg400_interface' build argument 'cmake_args' from command line to 'None'
[0.287s] Level 5:colcon.colcon_core.verb:set package 'mg400_interface' build argument 'cmake_target' from command line to 'None'
[0.287s] Level 5:colcon.colcon_core.verb:set package 'mg400_interface' build argument 'cmake_target_skip_unavailable' from command line to 'False'
[0.287s] Level 5:colcon.colcon_core.verb:set package 'mg400_interface' build argument 'cmake_clean_cache' from command line to 'False'
[0.287s] Level 5:colcon.colcon_core.verb:set package 'mg400_interface' build argument 'cmake_clean_first' from command line to 'False'
[0.287s] Level 5:colcon.colcon_core.verb:set package 'mg400_interface' build argument 'cmake_force_configure' from command line to 'False'
[0.287s] Level 5:colcon.colcon_core.verb:set package 'mg400_interface' build argument 'ament_cmake_args' from command line to 'None'
[0.287s] Level 5:colcon.colcon_core.verb:set package 'mg400_interface' build argument 'catkin_cmake_args' from command line to 'None'
[0.287s] Level 5:colcon.colcon_core.verb:set package 'mg400_interface' build argument 'catkin_skip_building_tests' from command line to 'False'
[0.287s] DEBUG:colcon.colcon_core.verb:Building package 'mg400_interface' with the following arguments: {'ament_cmake_args': None, 'build_base': '/root/ros2_ws/build/mg400_interface', 'catkin_cmake_args': None, 'catkin_skip_building_tests': False, 'cmake_args': None, 'cmake_clean_cache': False, 'cmake_clean_first': False, 'cmake_force_configure': False, 'cmake_target': None, 'cmake_target_skip_unavailable': False, 'install_base': '/root/ros2_ws/install/mg400_interface', 'merge_install': False, 'path': '/root/ros2_ws/src/MG400_ROS2/mg400_interface', 'symlink_install': False, 'test_result_base': None}
[0.287s] Level 5:colcon.colcon_core.verb:set package 'mg400_tools' build argument 'cmake_args' from command line to 'None'
[0.287s] Level 5:colcon.colcon_core.verb:set package 'mg400_tools' build argument 'cmake_target' from command line to 'None'
[0.287s] Level 5:colcon.colcon_core.verb:set package 'mg400_tools' build argument 'cmake_target_skip_unavailable' from command line to 'False'
[0.287s] Level 5:colcon.colcon_core.verb:set package 'mg400_tools' build argument 'cmake_clean_cache' from command line to 'False'
[0.287s] Level 5:colcon.colcon_core.verb:set package 'mg400_tools' build argument 'cmake_clean_first' from command line to 'False'
[0.287s] Level 5:colcon.colcon_core.verb:set package 'mg400_tools' build argument 'cmake_force_configure' from command line to 'False'
[0.287s] Level 5:colcon.colcon_core.verb:set package 'mg400_tools' build argument 'ament_cmake_args' from command line to 'None'
[0.287s] Level 5:colcon.colcon_core.verb:set package 'mg400_tools' build argument 'catkin_cmake_args' from command line to 'None'
[0.287s] Level 5:colcon.colcon_core.verb:set package 'mg400_tools' build argument 'catkin_skip_building_tests' from command line to 'False'
[0.287s] DEBUG:colcon.colcon_core.verb:Building package 'mg400_tools' with the following arguments: {'ament_cmake_args': None, 'build_base': '/root/ros2_ws/build/mg400_tools', 'catkin_cmake_args': None, 'catkin_skip_building_tests': False, 'cmake_args': None, 'cmake_clean_cache': False, 'cmake_clean_first': False, 'cmake_force_configure': False, 'cmake_target': None, 'cmake_target_skip_unavailable': False, 'install_base': '/root/ros2_ws/install/mg400_tools', 'merge_install': False, 'path': '/root/ros2_ws/src/MG400_ROS2/mg400_tools', 'symlink_install': False, 'test_result_base': None}
[0.287s] Level 5:colcon.colcon_core.verb:set package 'p9n_example' build argument 'cmake_args' from command line to 'None'
[0.287s] Level 5:colcon.colcon_core.verb:set package 'p9n_example' build argument 'cmake_target' from command line to 'None'
[0.287s] Level 5:colcon.colcon_core.verb:set package 'p9n_example' build argument 'cmake_target_skip_unavailable' from command line to 'False'
[0.287s] Level 5:colcon.colcon_core.verb:set package 'p9n_example' build argument 'cmake_clean_cache' from command line to 'False'
[0.288s] Level 5:colcon.colcon_core.verb:set package 'p9n_example' build argument 'cmake_clean_first' from command line to 'False'
[0.288s] Level 5:colcon.colcon_core.verb:set package 'p9n_example' build argument 'cmake_force_configure' from command line to 'False'
[0.288s] Level 5:colcon.colcon_core.verb:set package 'p9n_example' build argument 'ament_cmake_args' from command line to 'None'
[0.288s] Level 5:colcon.colcon_core.verb:set package 'p9n_example' build argument 'catkin_cmake_args' from command line to 'None'
[0.288s] Level 5:colcon.colcon_core.verb:set package 'p9n_example' build argument 'catkin_skip_building_tests' from command line to 'False'
[0.288s] DEBUG:colcon.colcon_core.verb:Building package 'p9n_example' with the following arguments: {'ament_cmake_args': None, 'build_base': '/root/ros2_ws/build/p9n_example', 'catkin_cmake_args': None, 'catkin_skip_building_tests': False, 'cmake_args': None, 'cmake_clean_cache': False, 'cmake_clean_first': False, 'cmake_force_configure': False, 'cmake_target': None, 'cmake_target_skip_unavailable': False, 'install_base': '/root/ros2_ws/install/p9n_example', 'merge_install': False, 'path': '/root/ros2_ws/src/PlayStation-JoyInterface-ROS2/p9n_example', 'symlink_install': False, 'test_result_base': None}
[0.288s] Level 5:colcon.colcon_core.verb:set package 'p9n_node' build argument 'cmake_args' from command line to 'None'
[0.288s] Level 5:colcon.colcon_core.verb:set package 'p9n_node' build argument 'cmake_target' from command line to 'None'
[0.288s] Level 5:colcon.colcon_core.verb:set package 'p9n_node' build argument 'cmake_target_skip_unavailable' from command line to 'False'
[0.288s] Level 5:colcon.colcon_core.verb:set package 'p9n_node' build argument 'cmake_clean_cache' from command line to 'False'
[0.288s] Level 5:colcon.colcon_core.verb:set package 'p9n_node' build argument 'cmake_clean_first' from command line to 'False'
[0.288s] Level 5:colcon.colcon_core.verb:set package 'p9n_node' build argument 'cmake_force_configure' from command line to 'False'
[0.288s] Level 5:colcon.colcon_core.verb:set package 'p9n_node' build argument 'ament_cmake_args' from command line to 'None'
[0.288s] Level 5:colcon.colcon_core.verb:set package 'p9n_node' build argument 'catkin_cmake_args' from command line to 'None'
[0.288s] Level 5:colcon.colcon_core.verb:set package 'p9n_node' build argument 'catkin_skip_building_tests' from command line to 'False'
[0.288s] DEBUG:colcon.colcon_core.verb:Building package 'p9n_node' with the following arguments: {'ament_cmake_args': None, 'build_base': '/root/ros2_ws/build/p9n_node', 'catkin_cmake_args': None, 'catkin_skip_building_tests': False, 'cmake_args': None, 'cmake_clean_cache': False, 'cmake_clean_first': False, 'cmake_force_configure': False, 'cmake_target': None, 'cmake_target_skip_unavailable': False, 'install_base': '/root/ros2_ws/install/p9n_node', 'merge_install': False, 'path': '/root/ros2_ws/src/PlayStation-JoyInterface-ROS2/p9n_node', 'symlink_install': False, 'test_result_base': None}
[0.288s] Level 5:colcon.colcon_core.verb:set package 'p9n_test' build argument 'cmake_args' from command line to 'None'
[0.288s] Level 5:colcon.colcon_core.verb:set package 'p9n_test' build argument 'cmake_target' from command line to 'None'
[0.288s] Level 5:colcon.colcon_core.verb:set package 'p9n_test' build argument 'cmake_target_skip_unavailable' from command line to 'False'
[0.288s] Level 5:colcon.colcon_core.verb:set package 'p9n_test' build argument 'cmake_clean_cache' from command line to 'False'
[0.288s] Level 5:colcon.colcon_core.verb:set package 'p9n_test' build argument 'cmake_clean_first' from command line to 'False'
[0.288s] Level 5:colcon.colcon_core.verb:set package 'p9n_test' build argument 'cmake_force_configure' from command line to 'False'
[0.288s] Level 5:colcon.colcon_core.verb:set package 'p9n_test' build argument 'ament_cmake_args' from command line to 'None'
[0.288s] Level 5:colcon.colcon_core.verb:set package 'p9n_test' build argument 'catkin_cmake_args' from command line to 'None'
[0.288s] Level 5:colcon.colcon_core.verb:set package 'p9n_test' build argument 'catkin_skip_building_tests' from command line to 'False'
[0.288s] DEBUG:colcon.colcon_core.verb:Building package 'p9n_test' with the following arguments: {'ament_cmake_args': None, 'build_base': '/root/ros2_ws/build/p9n_test', 'catkin_cmake_args': None, 'catkin_skip_building_tests': False, 'cmake_args': None, 'cmake_clean_cache': False, 'cmake_clean_first': False, 'cmake_force_configure': False, 'cmake_target': None, 'cmake_target_skip_unavailable': False, 'install_base': '/root/ros2_ws/install/p9n_test', 'merge_install': False, 'path': '/root/ros2_ws/src/PlayStation-JoyInterface-ROS2/p9n_test', 'symlink_install': False, 'test_result_base': None}
[0.289s] Level 5:colcon.colcon_core.verb:set package 'mg400_joy' build argument 'cmake_args' from command line to 'None'
[0.289s] Level 5:colcon.colcon_core.verb:set package 'mg400_joy' build argument 'cmake_target' from command line to 'None'
[0.289s] Level 5:colcon.colcon_core.verb:set package 'mg400_joy' build argument 'cmake_target_skip_unavailable' from command line to 'False'
[0.289s] Level 5:colcon.colcon_core.verb:set package 'mg400_joy' build argument 'cmake_clean_cache' from command line to 'False'
[0.289s] Level 5:colcon.colcon_core.verb:set package 'mg400_joy' build argument 'cmake_clean_first' from command line to 'False'
[0.289s] Level 5:colcon.colcon_core.verb:set package 'mg400_joy' build argument 'cmake_force_configure' from command line to 'False'
[0.289s] Level 5:colcon.colcon_core.verb:set package 'mg400_joy' build argument 'ament_cmake_args' from command line to 'None'
[0.289s] Level 5:colcon.colcon_core.verb:set package 'mg400_joy' build argument 'catkin_cmake_args' from command line to 'None'
[0.289s] Level 5:colcon.colcon_core.verb:set package 'mg400_joy' build argument 'catkin_skip_building_tests' from command line to 'False'
[0.289s] DEBUG:colcon.colcon_core.verb:Building package 'mg400_joy' with the following arguments: {'ament_cmake_args': None, 'build_base': '/root/ros2_ws/build/mg400_joy', 'catkin_cmake_args': None, 'catkin_skip_building_tests': False, 'cmake_args': None, 'cmake_clean_cache': False, 'cmake_clean_first': False, 'cmake_force_configure': False, 'cmake_target': None, 'cmake_target_skip_unavailable': False, 'install_base': '/root/ros2_ws/install/mg400_joy', 'merge_install': False, 'path': '/root/ros2_ws/src/MG400_ROS2/mg400_joy', 'symlink_install': False, 'test_result_base': None}
[0.289s] Level 5:colcon.colcon_core.verb:set package 'mg400_plugin_base' build argument 'cmake_args' from command line to 'None'
[0.289s] Level 5:colcon.colcon_core.verb:set package 'mg400_plugin_base' build argument 'cmake_target' from command line to 'None'
[0.289s] Level 5:colcon.colcon_core.verb:set package 'mg400_plugin_base' build argument 'cmake_target_skip_unavailable' from command line to 'False'
[0.289s] Level 5:colcon.colcon_core.verb:set package 'mg400_plugin_base' build argument 'cmake_clean_cache' from command line to 'False'
[0.289s] Level 5:colcon.colcon_core.verb:set package 'mg400_plugin_base' build argument 'cmake_clean_first' from command line to 'False'
[0.289s] Level 5:colcon.colcon_core.verb:set package 'mg400_plugin_base' build argument 'cmake_force_configure' from command line to 'False'
[0.289s] Level 5:colcon.colcon_core.verb:set package 'mg400_plugin_base' build argument 'ament_cmake_args' from command line to 'None'
[0.289s] Level 5:colcon.colcon_core.verb:set package 'mg400_plugin_base' build argument 'catkin_cmake_args' from command line to 'None'
[0.289s] Level 5:colcon.colcon_core.verb:set package 'mg400_plugin_base' build argument 'catkin_skip_building_tests' from command line to 'False'
[0.289s] DEBUG:colcon.colcon_core.verb:Building package 'mg400_plugin_base' with the following arguments: {'ament_cmake_args': None, 'build_base': '/root/ros2_ws/build/mg400_plugin_base', 'catkin_cmake_args': None, 'catkin_skip_building_tests': False, 'cmake_args': None, 'cmake_clean_cache': False, 'cmake_clean_first': False, 'cmake_force_configure': False, 'cmake_target': None, 'cmake_target_skip_unavailable': False, 'install_base': '/root/ros2_ws/install/mg400_plugin_base', 'merge_install': False, 'path': '/root/ros2_ws/src/MG400_ROS2/mg400_plugin_base', 'symlink_install': False, 'test_result_base': None}
[0.290s] Level 5:colcon.colcon_core.verb:set package 'mg400_rviz_plugin' build argument 'cmake_args' from command line to 'None'
[0.290s] Level 5:colcon.colcon_core.verb:set package 'mg400_rviz_plugin' build argument 'cmake_target' from command line to 'None'
[0.290s] Level 5:colcon.colcon_core.verb:set package 'mg400_rviz_plugin' build argument 'cmake_target_skip_unavailable' from command line to 'False'
[0.290s] Level 5:colcon.colcon_core.verb:set package 'mg400_rviz_plugin' build argument 'cmake_clean_cache' from command line to 'False'
[0.290s] Level 5:colcon.colcon_core.verb:set package 'mg400_rviz_plugin' build argument 'cmake_clean_first' from command line to 'False'
[0.290s] Level 5:colcon.colcon_core.verb:set package 'mg400_rviz_plugin' build argument 'cmake_force_configure' from command line to 'False'
[0.290s] Level 5:colcon.colcon_core.verb:set package 'mg400_rviz_plugin' build argument 'ament_cmake_args' from command line to 'None'
[0.290s] Level 5:colcon.colcon_core.verb:set package 'mg400_rviz_plugin' build argument 'catkin_cmake_args' from command line to 'None'
[0.290s] Level 5:colcon.colcon_core.verb:set package 'mg400_rviz_plugin' build argument 'catkin_skip_building_tests' from command line to 'False'
[0.290s] DEBUG:colcon.colcon_core.verb:Building package 'mg400_rviz_plugin' with the following arguments: {'ament_cmake_args': None, 'build_base': '/root/ros2_ws/build/mg400_rviz_plugin', 'catkin_cmake_args': None, 'catkin_skip_building_tests': False, 'cmake_args': None, 'cmake_clean_cache': False, 'cmake_clean_first': False, 'cmake_force_configure': False, 'cmake_target': None, 'cmake_target_skip_unavailable': False, 'install_base': '/root/ros2_ws/install/mg400_rviz_plugin', 'merge_install': False, 'path': '/root/ros2_ws/src/MG400_ROS2/mg400_rviz_plugin', 'symlink_install': False, 'test_result_base': None}
[0.290s] Level 5:colcon.colcon_core.verb:set package 'p9n_bringup' build argument 'cmake_args' from command line to 'None'
[0.290s] Level 5:colcon.colcon_core.verb:set package 'p9n_bringup' build argument 'cmake_target' from command line to 'None'
[0.290s] Level 5:colcon.colcon_core.verb:set package 'p9n_bringup' build argument 'cmake_target_skip_unavailable' from command line to 'False'
[0.290s] Level 5:colcon.colcon_core.verb:set package 'p9n_bringup' build argument 'cmake_clean_cache' from command line to 'False'
[0.290s] Level 5:colcon.colcon_core.verb:set package 'p9n_bringup' build argument 'cmake_clean_first' from command line to 'False'
[0.290s] Level 5:colcon.colcon_core.verb:set package 'p9n_bringup' build argument 'cmake_force_configure' from command line to 'False'
[0.290s] Level 5:colcon.colcon_core.verb:set package 'p9n_bringup' build argument 'ament_cmake_args' from command line to 'None'
[0.290s] Level 5:colcon.colcon_core.verb:set package 'p9n_bringup' build argument 'catkin_cmake_args' from command line to 'None'
[0.290s] Level 5:colcon.colcon_core.verb:set package 'p9n_bringup' build argument 'catkin_skip_building_tests' from command line to 'False'
[0.290s] DEBUG:colcon.colcon_core.verb:Building package 'p9n_bringup' with the following arguments: {'ament_cmake_args': None, 'build_base': '/root/ros2_ws/build/p9n_bringup', 'catkin_cmake_args': None, 'catkin_skip_building_tests': False, 'cmake_args': None, 'cmake_clean_cache': False, 'cmake_clean_first': False, 'cmake_force_configure': False, 'cmake_target': None, 'cmake_target_skip_unavailable': False, 'install_base': '/root/ros2_ws/install/p9n_bringup', 'merge_install': False, 'path': '/root/ros2_ws/src/PlayStation-JoyInterface-ROS2/p9n_bringup', 'symlink_install': False, 'test_result_base': None}
[0.290s] Level 5:colcon.colcon_core.verb:set package 'mg400_plugin' build argument 'cmake_args' from command line to 'None'
[0.290s] Level 5:colcon.colcon_core.verb:set package 'mg400_plugin' build argument 'cmake_target' from command line to 'None'
[0.290s] Level 5:colcon.colcon_core.verb:set package 'mg400_plugin' build argument 'cmake_target_skip_unavailable' from command line to 'False'
[0.290s] Level 5:colcon.colcon_core.verb:set package 'mg400_plugin' build argument 'cmake_clean_cache' from command line to 'False'
[0.290s] Level 5:colcon.colcon_core.verb:set package 'mg400_plugin' build argument 'cmake_clean_first' from command line to 'False'
[0.290s] Level 5:colcon.colcon_core.verb:set package 'mg400_plugin' build argument 'cmake_force_configure' from command line to 'False'
[0.290s] Level 5:colcon.colcon_core.verb:set package 'mg400_plugin' build argument 'ament_cmake_args' from command line to 'None'
[0.291s] Level 5:colcon.colcon_core.verb:set package 'mg400_plugin' build argument 'catkin_cmake_args' from command line to 'None'
[0.291s] Level 5:colcon.colcon_core.verb:set package 'mg400_plugin' build argument 'catkin_skip_building_tests' from command line to 'False'
[0.291s] DEBUG:colcon.colcon_core.verb:Building package 'mg400_plugin' with the following arguments: {'ament_cmake_args': None, 'build_base': '/root/ros2_ws/build/mg400_plugin', 'catkin_cmake_args': None, 'catkin_skip_building_tests': False, 'cmake_args': None, 'cmake_clean_cache': False, 'cmake_clean_first': False, 'cmake_force_configure': False, 'cmake_target': None, 'cmake_target_skip_unavailable': False, 'install_base': '/root/ros2_ws/install/mg400_plugin', 'merge_install': False, 'path': '/root/ros2_ws/src/MG400_ROS2/mg400_plugin', 'symlink_install': False, 'test_result_base': None}
[0.291s] Level 5:colcon.colcon_core.verb:set package 'p9n' build argument 'cmake_args' from command line to 'None'
[0.291s] Level 5:colcon.colcon_core.verb:set package 'p9n' build argument 'cmake_target' from command line to 'None'
[0.291s] Level 5:colcon.colcon_core.verb:set package 'p9n' build argument 'cmake_target_skip_unavailable' from command line to 'False'
[0.291s] Level 5:colcon.colcon_core.verb:set package 'p9n' build argument 'cmake_clean_cache' from command line to 'False'
[0.291s] Level 5:colcon.colcon_core.verb:set package 'p9n' build argument 'cmake_clean_first' from command line to 'False'
[0.291s] Level 5:colcon.colcon_core.verb:set package 'p9n' build argument 'cmake_force_configure' from command line to 'False'
[0.291s] Level 5:colcon.colcon_core.verb:set package 'p9n' build argument 'ament_cmake_args' from command line to 'None'
[0.291s] Level 5:colcon.colcon_core.verb:set package 'p9n' build argument 'catkin_cmake_args' from command line to 'None'
[0.291s] Level 5:colcon.colcon_core.verb:set package 'p9n' build argument 'catkin_skip_building_tests' from command line to 'False'
[0.291s] DEBUG:colcon.colcon_core.verb:Building package 'p9n' with the following arguments: {'ament_cmake_args': None, 'build_base': '/root/ros2_ws/build/p9n', 'catkin_cmake_args': None, 'catkin_skip_building_tests': False, 'cmake_args': None, 'cmake_clean_cache': False, 'cmake_clean_first': False, 'cmake_force_configure': False, 'cmake_target': None, 'cmake_target_skip_unavailable': False, 'install_base': '/root/ros2_ws/install/p9n', 'merge_install': False, 'path': '/root/ros2_ws/src/PlayStation-JoyInterface-ROS2/p9n', 'symlink_install': False, 'test_result_base': None}
[0.291s] Level 5:colcon.colcon_core.verb:set package 'mg400_node' build argument 'cmake_args' from command line to 'None'
[0.291s] Level 5:colcon.colcon_core.verb:set package 'mg400_node' build argument 'cmake_target' from command line to 'None'
[0.291s] Level 5:colcon.colcon_core.verb:set package 'mg400_node' build argument 'cmake_target_skip_unavailable' from command line to 'False'
[0.291s] Level 5:colcon.colcon_core.verb:set package 'mg400_node' build argument 'cmake_clean_cache' from command line to 'False'
[0.291s] Level 5:colcon.colcon_core.verb:set package 'mg400_node' build argument 'cmake_clean_first' from command line to 'False'
[0.291s] Level 5:colcon.colcon_core.verb:set package 'mg400_node' build argument 'cmake_force_configure' from command line to 'False'
[0.291s] Level 5:colcon.colcon_core.verb:set package 'mg400_node' build argument 'ament_cmake_args' from command line to 'None'
[0.291s] Level 5:colcon.colcon_core.verb:set package 'mg400_node' build argument 'catkin_cmake_args' from command line to 'None'
[0.291s] Level 5:colcon.colcon_core.verb:set package 'mg400_node' build argument 'catkin_skip_building_tests' from command line to 'False'
[0.291s] DEBUG:colcon.colcon_core.verb:Building package 'mg400_node' with the following arguments: {'ament_cmake_args': None, 'build_base': '/root/ros2_ws/build/mg400_node', 'catkin_cmake_args': None, 'catkin_skip_building_tests': False, 'cmake_args': None, 'cmake_clean_cache': False, 'cmake_clean_first': False, 'cmake_force_configure': False, 'cmake_target': None, 'cmake_target_skip_unavailable': False, 'install_base': '/root/ros2_ws/install/mg400_node', 'merge_install': False, 'path': '/root/ros2_ws/src/MG400_ROS2/mg400_node', 'symlink_install': False, 'test_result_base': None}
[0.292s] Level 5:colcon.colcon_core.verb:set package 'mg400_bringup' build argument 'cmake_args' from command line to 'None'
[0.292s] Level 5:colcon.colcon_core.verb:set package 'mg400_bringup' build argument 'cmake_target' from command line to 'None'
[0.292s] Level 5:colcon.colcon_core.verb:set package 'mg400_bringup' build argument 'cmake_target_skip_unavailable' from command line to 'False'
[0.292s] Level 5:colcon.colcon_core.verb:set package 'mg400_bringup' build argument 'cmake_clean_cache' from command line to 'False'
[0.292s] Level 5:colcon.colcon_core.verb:set package 'mg400_bringup' build argument 'cmake_clean_first' from command line to 'False'
[0.292s] Level 5:colcon.colcon_core.verb:set package 'mg400_bringup' build argument 'cmake_force_configure' from command line to 'False'
[0.292s] Level 5:colcon.colcon_core.verb:set package 'mg400_bringup' build argument 'ament_cmake_args' from command line to 'None'
[0.292s] Level 5:colcon.colcon_core.verb:set package 'mg400_bringup' build argument 'catkin_cmake_args' from command line to 'None'
[0.292s] Level 5:colcon.colcon_core.verb:set package 'mg400_bringup' build argument 'catkin_skip_building_tests' from command line to 'False'
[0.292s] DEBUG:colcon.colcon_core.verb:Building package 'mg400_bringup' with the following arguments: {'ament_cmake_args': None, 'build_base': '/root/ros2_ws/build/mg400_bringup', 'catkin_cmake_args': None, 'catkin_skip_building_tests': False, 'cmake_args': None, 'cmake_clean_cache': False, 'cmake_clean_first': False, 'cmake_force_configure': False, 'cmake_target': None, 'cmake_target_skip_unavailable': False, 'install_base': '/root/ros2_ws/install/mg400_bringup', 'merge_install': False, 'path': '/root/ros2_ws/src/MG400_ROS2/mg400_bringup', 'symlink_install': False, 'test_result_base': None}
[0.292s] Level 5:colcon.colcon_core.verb:set package 'mg400' build argument 'cmake_args' from command line to 'None'
[0.292s] Level 5:colcon.colcon_core.verb:set package 'mg400' build argument 'cmake_target' from command line to 'None'
[0.292s] Level 5:colcon.colcon_core.verb:set package 'mg400' build argument 'cmake_target_skip_unavailable' from command line to 'False'
[0.292s] Level 5:colcon.colcon_core.verb:set package 'mg400' build argument 'cmake_clean_cache' from command line to 'False'
[0.292s] Level 5:colcon.colcon_core.verb:set package 'mg400' build argument 'cmake_clean_first' from command line to 'False'
[0.292s] Level 5:colcon.colcon_core.verb:set package 'mg400' build argument 'cmake_force_configure' from command line to 'False'
[0.292s] Level 5:colcon.colcon_core.verb:set package 'mg400' build argument 'ament_cmake_args' from command line to 'None'
[0.292s] Level 5:colcon.colcon_core.verb:set package 'mg400' build argument 'catkin_cmake_args' from command line to 'None'
[0.292s] Level 5:colcon.colcon_core.verb:set package 'mg400' build argument 'catkin_skip_building_tests' from command line to 'False'
[0.292s] DEBUG:colcon.colcon_core.verb:Building package 'mg400' with the following arguments: {'ament_cmake_args': None, 'build_base': '/root/ros2_ws/build/mg400', 'catkin_cmake_args': None, 'catkin_skip_building_tests': False, 'cmake_args': None, 'cmake_clean_cache': False, 'cmake_clean_first': False, 'cmake_force_configure': False, 'cmake_target': None, 'cmake_target_skip_unavailable': False, 'install_base': '/root/ros2_ws/install/mg400', 'merge_install': False, 'path': '/root/ros2_ws/src/MG400_ROS2/mg400', 'symlink_install': False, 'test_result_base': None}
[0.292s] INFO:colcon.colcon_core.executor:Executing jobs using 'parallel' executor
[0.293s] DEBUG:colcon.colcon_parallel_executor.executor.parallel:run_until_complete
[0.293s] INFO:colcon.colcon_ros.task.ament_cmake.build:Building ROS package in '/root/ros2_ws/src/MG400_ROS2/mg400_common' with build type 'ament_cmake'
[0.294s] INFO:colcon.colcon_cmake.task.cmake.build:Building CMake package in '/root/ros2_ws/src/MG400_ROS2/mg400_common'
[0.296s] INFO:colcon.colcon_core.plugin_system:Skipping extension 'colcon_core.shell.bat': Not used on non-Windows systems
[0.296s] INFO:colcon.colcon_core.shell:Skip shell extension 'powershell' for command environment: Not usable outside of PowerShell
[0.296s] DEBUG:colcon.colcon_core.shell:Skip shell extension 'dsv' for command environment
[0.301s] INFO:colcon.colcon_ros.task.ament_cmake.build:Building ROS package in '/root/ros2_ws/src/MG400_ROS2/mg400_msgs' with build type 'ament_cmake'
[0.302s] INFO:colcon.colcon_cmake.task.cmake.build:Building CMake package in '/root/ros2_ws/src/MG400_ROS2/mg400_msgs'
[0.302s] INFO:colcon.colcon_core.shell:Skip shell extension 'powershell' for command environment: Not usable outside of PowerShell
[0.302s] DEBUG:colcon.colcon_core.shell:Skip shell extension 'dsv' for command environment
[0.306s] INFO:colcon.colcon_ros.task.ament_cmake.build:Building ROS package in '/root/ros2_ws/src/PlayStation-JoyInterface-ROS2/p9n_interface' with build type 'ament_cmake'
[0.306s] INFO:colcon.colcon_cmake.task.cmake.build:Building CMake package in '/root/ros2_ws/src/PlayStation-JoyInterface-ROS2/p9n_interface'
[0.306s] INFO:colcon.colcon_core.shell:Skip shell extension 'powershell' for command environment: Not usable outside of PowerShell
[0.306s] DEBUG:colcon.colcon_core.shell:Skip shell extension 'dsv' for command environment
[0.311s] INFO:colcon.colcon_ros.task.ament_cmake.build:Building ROS package in '/root/ros2_ws/src/MG400_ROS2/mg400_description' with build type 'ament_cmake'
[0.311s] INFO:colcon.colcon_cmake.task.cmake.build:Building CMake package in '/root/ros2_ws/src/MG400_ROS2/mg400_description'
[0.311s] INFO:colcon.colcon_core.shell:Skip shell extension 'powershell' for command environment: Not usable outside of PowerShell
[0.311s] DEBUG:colcon.colcon_core.shell:Skip shell extension 'dsv' for command environment
[0.319s] DEBUG:colcon.colcon_core.event_handler.log_command:Invoking command in '/root/ros2_ws/build/mg400_common': CMAKE_PREFIX_PATH=${CMAKE_PREFIX_PATH}:/root/ros2_ws/install/p9n_bringup:/root/ros2_ws/install/mg400_bringup:/opt/ros/humble /usr/bin/cmake --build /root/ros2_ws/build/mg400_common -- -j16 -l16
[0.322s] DEBUG:colcon.colcon_core.event_handler.log_command:Invoking command in '/root/ros2_ws/build/mg400_msgs': CMAKE_PREFIX_PATH=${CMAKE_PREFIX_PATH}:/root/ros2_ws/install/p9n_bringup:/root/ros2_ws/install/mg400_bringup:/opt/ros/humble /usr/bin/cmake --build /root/ros2_ws/build/mg400_msgs -- -j16 -l16
[0.325s] DEBUG:colcon.colcon_core.event_handler.log_command:Invoking command in '/root/ros2_ws/build/p9n_interface': CMAKE_PREFIX_PATH=${CMAKE_PREFIX_PATH}:/root/ros2_ws/install/p9n_bringup:/root/ros2_ws/install/mg400_bringup:/opt/ros/humble /usr/bin/cmake --build /root/ros2_ws/build/p9n_interface -- -j16 -l16
[0.328s] DEBUG:colcon.colcon_core.event_handler.log_command:Invoking command in '/root/ros2_ws/build/mg400_description': CMAKE_PREFIX_PATH=${CMAKE_PREFIX_PATH}:/root/ros2_ws/install/p9n_bringup:/root/ros2_ws/install/mg400_bringup:/opt/ros/humble /usr/bin/cmake --build /root/ros2_ws/build/mg400_description -- -j16 -l16
[0.367s] DEBUG:colcon.colcon_core.event_handler.log_command:Invoked command in '/root/ros2_ws/build/mg400_description' returned '0': CMAKE_PREFIX_PATH=${CMAKE_PREFIX_PATH}:/root/ros2_ws/install/p9n_bringup:/root/ros2_ws/install/mg400_bringup:/opt/ros/humble /usr/bin/cmake --build /root/ros2_ws/build/mg400_description -- -j16 -l16
[0.377s] DEBUG:colcon.colcon_core.event_handler.log_command:Invoking command in '/root/ros2_ws/build/mg400_description': CMAKE_PREFIX_PATH=${CMAKE_PREFIX_PATH}:/root/ros2_ws/install/p9n_bringup:/root/ros2_ws/install/mg400_bringup:/opt/ros/humble /usr/bin/cmake --install /root/ros2_ws/build/mg400_description
[0.398s] DEBUG:colcon.colcon_core.event_handler.log_command:Invoked command in '/root/ros2_ws/build/p9n_interface' returned '0': CMAKE_PREFIX_PATH=${CMAKE_PREFIX_PATH}:/root/ros2_ws/install/p9n_bringup:/root/ros2_ws/install/mg400_bringup:/opt/ros/humble /usr/bin/cmake --build /root/ros2_ws/build/p9n_interface -- -j16 -l16
[0.399s] DEBUG:colcon.colcon_core.event_handler.log_command:Invoking command in '/root/ros2_ws/build/p9n_interface': CMAKE_PREFIX_PATH=${CMAKE_PREFIX_PATH}:/root/ros2_ws/install/p9n_bringup:/root/ros2_ws/install/mg400_bringup:/opt/ros/humble /usr/bin/cmake --install /root/ros2_ws/build/p9n_interface
[0.402s] Level 1:colcon.colcon_core.environment:create_environment_scripts_only(mg400_description)
[0.402s] DEBUG:colcon.colcon_core.event_handler.log_command:Invoked command in '/root/ros2_ws/build/mg400_description' returned '0': CMAKE_PREFIX_PATH=${CMAKE_PREFIX_PATH}:/root/ros2_ws/install/p9n_bringup:/root/ros2_ws/install/mg400_bringup:/opt/ros/humble /usr/bin/cmake --install /root/ros2_ws/build/mg400_description
[0.405s] Level 1:colcon.colcon_core.environment:checking '/root/ros2_ws/install/mg400_description' for CMake module files
[0.405s] Level 1:colcon.colcon_core.environment:checking '/root/ros2_ws/install/mg400_description' for CMake config files
[0.406s] Level 1:colcon.colcon_core.shell:create_environment_hook('mg400_description', 'cmake_prefix_path')
[0.406s] INFO:colcon.colcon_core.shell:Creating environment hook '/root/ros2_ws/install/mg400_description/share/mg400_description/hook/cmake_prefix_path.ps1'
[0.407s] INFO:colcon.colcon_core.shell:Creating environment descriptor '/root/ros2_ws/install/mg400_description/share/mg400_description/hook/cmake_prefix_path.dsv'
[0.408s] INFO:colcon.colcon_core.shell:Creating environment hook '/root/ros2_ws/install/mg400_description/share/mg400_description/hook/cmake_prefix_path.sh'
[0.409s] Level 1:colcon.colcon_core.environment:checking '/root/ros2_ws/install/mg400_description/bin'
[0.409s] Level 1:colcon.colcon_core.environment:checking '/root/ros2_ws/install/mg400_description/lib/pkgconfig/mg400_description.pc'
[0.412s] Level 1:colcon.colcon_core.environment:checking '/root/ros2_ws/install/mg400_description/lib/python3.10/site-packages'
[0.412s] Level 1:colcon.colcon_core.environment:checking '/root/ros2_ws/install/mg400_description/bin'
[0.413s] INFO:colcon.colcon_core.shell:Creating package script '/root/ros2_ws/install/mg400_description/share/mg400_description/package.ps1'
[0.414s] INFO:colcon.colcon_core.shell:Creating package descriptor '/root/ros2_ws/install/mg400_description/share/mg400_description/package.dsv'
[0.415s] INFO:colcon.colcon_core.shell:Creating package script '/root/ros2_ws/install/mg400_description/share/mg400_description/package.sh'
[0.416s] INFO:colcon.colcon_core.shell:Creating package script '/root/ros2_ws/install/mg400_description/share/mg400_description/package.bash'
[0.417s] INFO:colcon.colcon_core.shell:Creating package script '/root/ros2_ws/install/mg400_description/share/mg400_description/package.zsh'
[0.418s] Level 1:colcon.colcon_core.environment:create_file_with_runtime_dependencies(/root/ros2_ws/install/mg400_description/share/colcon-core/packages/mg400_description)
[0.418s] Level 1:colcon.colcon_core.environment:create_environment_scripts_only(mg400_description)
[0.419s] Level 1:colcon.colcon_core.environment:checking '/root/ros2_ws/install/mg400_description' for CMake module files
[0.419s] Level 1:colcon.colcon_core.environment:checking '/root/ros2_ws/install/mg400_description' for CMake config files
[0.420s] Level 1:colcon.colcon_core.shell:create_environment_hook('mg400_description', 'cmake_prefix_path')
[0.420s] INFO:colcon.colcon_core.shell:Creating environment hook '/root/ros2_ws/install/mg400_description/share/mg400_description/hook/cmake_prefix_path.ps1'
[0.420s] INFO:colcon.colcon_core.shell:Creating environment descriptor '/root/ros2_ws/install/mg400_description/share/mg400_description/hook/cmake_prefix_path.dsv'
[0.421s] INFO:colcon.colcon_core.shell:Creating environment hook '/root/ros2_ws/install/mg400_description/share/mg400_description/hook/cmake_prefix_path.sh'
[0.421s] Level 1:colcon.colcon_core.environment:checking '/root/ros2_ws/install/mg400_description/bin'
[0.422s] Level 1:colcon.colcon_core.environment:checking '/root/ros2_ws/install/mg400_description/lib/pkgconfig/mg400_description.pc'
[0.422s] Level 1:colcon.colcon_core.environment:checking '/root/ros2_ws/install/mg400_description/lib/python3.10/site-packages'
[0.422s] Level 1:colcon.colcon_core.environment:checking '/root/ros2_ws/install/mg400_description/bin'
[0.423s] INFO:colcon.colcon_core.shell:Creating package script '/root/ros2_ws/install/mg400_description/share/mg400_description/package.ps1'
[0.424s] INFO:colcon.colcon_core.shell:Creating package descriptor '/root/ros2_ws/install/mg400_description/share/mg400_description/package.dsv'
[0.425s] INFO:colcon.colcon_core.shell:Creating package script '/root/ros2_ws/install/mg400_description/share/mg400_description/package.sh'
[0.425s] INFO:colcon.colcon_core.shell:Creating package script '/root/ros2_ws/install/mg400_description/share/mg400_description/package.bash'
[0.426s] INFO:colcon.colcon_core.shell:Creating package script '/root/ros2_ws/install/mg400_description/share/mg400_description/package.zsh'
[0.426s] Level 1:colcon.colcon_core.environment:create_file_with_runtime_dependencies(/root/ros2_ws/install/mg400_description/share/colcon-core/packages/mg400_description)
[0.429s] DEBUG:colcon.colcon_core.event_handler.log_command:Invoked command in '/root/ros2_ws/build/mg400_common' returned '0': CMAKE_PREFIX_PATH=${CMAKE_PREFIX_PATH}:/root/ros2_ws/install/p9n_bringup:/root/ros2_ws/install/mg400_bringup:/opt/ros/humble /usr/bin/cmake --build /root/ros2_ws/build/mg400_common -- -j16 -l16
[0.430s] Level 1:colcon.colcon_core.environment:create_environment_scripts_only(p9n_interface)
[0.430s] DEBUG:colcon.colcon_core.event_handler.log_command:Invoking command in '/root/ros2_ws/build/mg400_common': CMAKE_PREFIX_PATH=${CMAKE_PREFIX_PATH}:/root/ros2_ws/install/p9n_bringup:/root/ros2_ws/install/mg400_bringup:/opt/ros/humble /usr/bin/cmake --install /root/ros2_ws/build/mg400_common
[0.430s] Level 1:colcon.colcon_core.environment:checking '/root/ros2_ws/install/p9n_interface' for CMake module files
[0.431s] DEBUG:colcon.colcon_core.event_handler.log_command:Invoked command in '/root/ros2_ws/build/p9n_interface' returned '0': CMAKE_PREFIX_PATH=${CMAKE_PREFIX_PATH}:/root/ros2_ws/install/p9n_bringup:/root/ros2_ws/install/mg400_bringup:/opt/ros/humble /usr/bin/cmake --install /root/ros2_ws/build/p9n_interface
[0.431s] Level 1:colcon.colcon_core.environment:checking '/root/ros2_ws/install/p9n_interface' for CMake config files
[0.432s] Level 1:colcon.colcon_core.shell:create_environment_hook('p9n_interface', 'cmake_prefix_path')
[0.432s] INFO:colcon.colcon_core.shell:Creating environment hook '/root/ros2_ws/install/p9n_interface/share/p9n_interface/hook/cmake_prefix_path.ps1'
[0.433s] INFO:colcon.colcon_core.shell:Creating environment descriptor '/root/ros2_ws/install/p9n_interface/share/p9n_interface/hook/cmake_prefix_path.dsv'
[0.433s] INFO:colcon.colcon_core.shell:Creating environment hook '/root/ros2_ws/install/p9n_interface/share/p9n_interface/hook/cmake_prefix_path.sh'
[0.434s] Level 1:colcon.colcon_core.environment:checking '/root/ros2_ws/install/p9n_interface/lib'
[0.434s] Level 1:colcon.colcon_core.environment:checking '/root/ros2_ws/install/p9n_interface/bin'
[0.434s] Level 1:colcon.colcon_core.environment:checking '/root/ros2_ws/install/p9n_interface/lib/pkgconfig/p9n_interface.pc'
[0.434s] Level 1:colcon.colcon_core.environment:checking '/root/ros2_ws/install/p9n_interface/lib/python3.10/site-packages'
[0.435s] Level 1:colcon.colcon_core.environment:checking '/root/ros2_ws/install/p9n_interface/bin'
[0.435s] INFO:colcon.colcon_core.shell:Creating package script '/root/ros2_ws/install/p9n_interface/share/p9n_interface/package.ps1'
[0.436s] INFO:colcon.colcon_core.shell:Creating package descriptor '/root/ros2_ws/install/p9n_interface/share/p9n_interface/package.dsv'
[0.436s] INFO:colcon.colcon_core.shell:Creating package script '/root/ros2_ws/install/p9n_interface/share/p9n_interface/package.sh'
[0.437s] INFO:colcon.colcon_core.shell:Creating package script '/root/ros2_ws/install/p9n_interface/share/p9n_interface/package.bash'
[0.437s] INFO:colcon.colcon_core.shell:Creating package script '/root/ros2_ws/install/p9n_interface/share/p9n_interface/package.zsh'
[0.438s] Level 1:colcon.colcon_core.environment:create_file_with_runtime_dependencies(/root/ros2_ws/install/p9n_interface/share/colcon-core/packages/p9n_interface)
[0.439s] Level 1:colcon.colcon_core.environment:create_environment_scripts_only(p9n_interface)
[0.439s] Level 1:colcon.colcon_core.environment:checking '/root/ros2_ws/install/p9n_interface' for CMake module files
[0.440s] Level 1:colcon.colcon_core.environment:checking '/root/ros2_ws/install/p9n_interface' for CMake config files
[0.441s] Level 1:colcon.colcon_core.shell:create_environment_hook('p9n_interface', 'cmake_prefix_path')
[0.442s] INFO:colcon.colcon_core.shell:Creating environment hook '/root/ros2_ws/install/p9n_interface/share/p9n_interface/hook/cmake_prefix_path.ps1'
[0.442s] INFO:colcon.colcon_core.shell:Creating environment descriptor '/root/ros2_ws/install/p9n_interface/share/p9n_interface/hook/cmake_prefix_path.dsv'
[0.443s] INFO:colcon.colcon_core.shell:Creating environment hook '/root/ros2_ws/install/p9n_interface/share/p9n_interface/hook/cmake_prefix_path.sh'
[0.443s] Level 1:colcon.colcon_core.environment:checking '/root/ros2_ws/install/p9n_interface/lib'
[0.443s] Level 1:colcon.colcon_core.environment:checking '/root/ros2_ws/install/p9n_interface/bin'
[0.443s] Level 1:colcon.colcon_core.environment:checking '/root/ros2_ws/install/p9n_interface/lib/pkgconfig/p9n_interface.pc'
[0.444s] Level 1:colcon.colcon_core.environment:checking '/root/ros2_ws/install/p9n_interface/lib/python3.10/site-packages'
[0.444s] Level 1:colcon.colcon_core.environment:checking '/root/ros2_ws/install/p9n_interface/bin'
[0.444s] INFO:colcon.colcon_core.shell:Creating package script '/root/ros2_ws/install/p9n_interface/share/p9n_interface/package.ps1'
[0.445s] INFO:colcon.colcon_core.shell:Creating package descriptor '/root/ros2_ws/install/p9n_interface/share/p9n_interface/package.dsv'
[0.445s] INFO:colcon.colcon_core.shell:Creating package script '/root/ros2_ws/install/p9n_interface/share/p9n_interface/package.sh'
[0.446s] INFO:colcon.colcon_core.shell:Creating package script '/root/ros2_ws/install/p9n_interface/share/p9n_interface/package.bash'
[0.446s] INFO:colcon.colcon_core.shell:Creating package script '/root/ros2_ws/install/p9n_interface/share/p9n_interface/package.zsh'
[0.446s] Level 1:colcon.colcon_core.environment:create_file_with_runtime_dependencies(/root/ros2_ws/install/p9n_interface/share/colcon-core/packages/p9n_interface)
[0.447s] INFO:colcon.colcon_ros.task.ament_cmake.build:Building ROS package in '/root/ros2_ws/src/PlayStation-JoyInterface-ROS2/p9n_node' with build type 'ament_cmake'
[0.447s] INFO:colcon.colcon_cmake.task.cmake.build:Building CMake package in '/root/ros2_ws/src/PlayStation-JoyInterface-ROS2/p9n_node'
[0.447s] INFO:colcon.colcon_core.shell:Skip shell extension 'powershell' for command environment: Not usable outside of PowerShell
[0.447s] DEBUG:colcon.colcon_core.shell:Skip shell extension 'dsv' for command environment
[0.454s] INFO:colcon.colcon_ros.task.ament_cmake.build:Building ROS package in '/root/ros2_ws/src/PlayStation-JoyInterface-ROS2/p9n_example' with build type 'ament_cmake'
[0.455s] INFO:colcon.colcon_cmake.task.cmake.build:Building CMake package in '/root/ros2_ws/src/PlayStation-JoyInterface-ROS2/p9n_example'
[0.455s] INFO:colcon.colcon_core.shell:Skip shell extension 'powershell' for command environment: Not usable outside of PowerShell
[0.455s] DEBUG:colcon.colcon_core.shell:Skip shell extension 'dsv' for command environment
[0.462s] INFO:colcon.colcon_ros.task.ament_cmake.build:Building ROS package in '/root/ros2_ws/src/PlayStation-JoyInterface-ROS2/p9n_test' with build type 'ament_cmake'
[0.462s] INFO:colcon.colcon_cmake.task.cmake.build:Building CMake package in '/root/ros2_ws/src/PlayStation-JoyInterface-ROS2/p9n_test'
[0.462s] INFO:colcon.colcon_core.shell:Skip shell extension 'powershell' for command environment: Not usable outside of PowerShell
[0.463s] DEBUG:colcon.colcon_core.shell:Skip shell extension 'dsv' for command environment
[0.468s] Level 1:colcon.colcon_core.environment:create_environment_scripts_only(mg400_common)
[0.468s] Level 1:colcon.colcon_core.environment:checking '/root/ros2_ws/install/mg400_common' for CMake module files
[0.469s] DEBUG:colcon.colcon_core.event_handler.log_command:Invoked command in '/root/ros2_ws/build/mg400_common' returned '0': CMAKE_PREFIX_PATH=${CMAKE_PREFIX_PATH}:/root/ros2_ws/install/p9n_bringup:/root/ros2_ws/install/mg400_bringup:/opt/ros/humble /usr/bin/cmake --install /root/ros2_ws/build/mg400_common
[0.469s] Level 1:colcon.colcon_core.environment:checking '/root/ros2_ws/install/mg400_common' for CMake config files
[0.469s] Level 1:colcon.colcon_core.shell:create_environment_hook('mg400_common', 'cmake_prefix_path')
[0.470s] INFO:colcon.colcon_core.shell:Creating environment hook '/root/ros2_ws/install/mg400_common/share/mg400_common/hook/cmake_prefix_path.ps1'
[0.470s] INFO:colcon.colcon_core.shell:Creating environment descriptor '/root/ros2_ws/install/mg400_common/share/mg400_common/hook/cmake_prefix_path.dsv'
[0.470s] INFO:colcon.colcon_core.shell:Creating environment hook '/root/ros2_ws/install/mg400_common/share/mg400_common/hook/cmake_prefix_path.sh'
[0.471s] Level 1:colcon.colcon_core.environment:checking '/root/ros2_ws/install/mg400_common/lib'
[0.471s] Level 1:colcon.colcon_core.shell:create_environment_hook('mg400_common', 'ld_library_path_lib')
[0.471s] INFO:colcon.colcon_core.shell:Creating environment hook '/root/ros2_ws/install/mg400_common/share/mg400_common/hook/ld_library_path_lib.ps1'
[0.472s] INFO:colcon.colcon_core.shell:Creating environment descriptor '/root/ros2_ws/install/mg400_common/share/mg400_common/hook/ld_library_path_lib.dsv'
[0.472s] INFO:colcon.colcon_core.shell:Creating environment hook '/root/ros2_ws/install/mg400_common/share/mg400_common/hook/ld_library_path_lib.sh'
[0.472s] Level 1:colcon.colcon_core.environment:checking '/root/ros2_ws/install/mg400_common/bin'
[0.472s] Level 1:colcon.colcon_core.environment:checking '/root/ros2_ws/install/mg400_common/lib/pkgconfig/mg400_common.pc'
[0.472s] Level 1:colcon.colcon_core.environment:checking '/root/ros2_ws/install/mg400_common/lib/python3.10/site-packages'
[0.473s] Level 1:colcon.colcon_core.environment:checking '/root/ros2_ws/install/mg400_common/bin'
[0.473s] INFO:colcon.colcon_core.shell:Creating package script '/root/ros2_ws/install/mg400_common/share/mg400_common/package.ps1'
[0.473s] INFO:colcon.colcon_core.shell:Creating package descriptor '/root/ros2_ws/install/mg400_common/share/mg400_common/package.dsv'
[0.474s] INFO:colcon.colcon_core.shell:Creating package script '/root/ros2_ws/install/mg400_common/share/mg400_common/package.sh'
[0.474s] INFO:colcon.colcon_core.shell:Creating package script '/root/ros2_ws/install/mg400_common/share/mg400_common/package.bash'
[0.474s] INFO:colcon.colcon_core.shell:Creating package script '/root/ros2_ws/install/mg400_common/share/mg400_common/package.zsh'
[0.475s] Level 1:colcon.colcon_core.environment:create_file_with_runtime_dependencies(/root/ros2_ws/install/mg400_common/share/colcon-core/packages/mg400_common)
[0.475s] Level 1:colcon.colcon_core.environment:create_environment_scripts_only(mg400_common)
[0.475s] Level 1:colcon.colcon_core.environment:checking '/root/ros2_ws/install/mg400_common' for CMake module files
[0.476s] Level 1:colcon.colcon_core.environment:checking '/root/ros2_ws/install/mg400_common' for CMake config files
[0.476s] Level 1:colcon.colcon_core.shell:create_environment_hook('mg400_common', 'cmake_prefix_path')
[0.476s] INFO:colcon.colcon_core.shell:Creating environment hook '/root/ros2_ws/install/mg400_common/share/mg400_common/hook/cmake_prefix_path.ps1'
[0.477s] INFO:colcon.colcon_core.shell:Creating environment descriptor '/root/ros2_ws/install/mg400_common/share/mg400_common/hook/cmake_prefix_path.dsv'
[0.477s] INFO:colcon.colcon_core.shell:Creating environment hook '/root/ros2_ws/install/mg400_common/share/mg400_common/hook/cmake_prefix_path.sh'
[0.477s] Level 1:colcon.colcon_core.environment:checking '/root/ros2_ws/install/mg400_common/lib'
[0.478s] Level 1:colcon.colcon_core.shell:create_environment_hook('mg400_common', 'ld_library_path_lib')
[0.478s] INFO:colcon.colcon_core.shell:Creating environment hook '/root/ros2_ws/install/mg400_common/share/mg400_common/hook/ld_library_path_lib.ps1'
[0.478s] INFO:colcon.colcon_core.shell:Creating environment descriptor '/root/ros2_ws/install/mg400_common/share/mg400_common/hook/ld_library_path_lib.dsv'
[0.478s] INFO:colcon.colcon_core.shell:Creating environment hook '/root/ros2_ws/install/mg400_common/share/mg400_common/hook/ld_library_path_lib.sh'
[0.479s] Level 1:colcon.colcon_core.environment:checking '/root/ros2_ws/install/mg400_common/bin'
[0.479s] Level 1:colcon.colcon_core.environment:checking '/root/ros2_ws/install/mg400_common/lib/pkgconfig/mg400_common.pc'
[0.479s] Level 1:colcon.colcon_core.environment:checking '/root/ros2_ws/install/mg400_common/lib/python3.10/site-packages'
[0.479s] Level 1:colcon.colcon_core.environment:checking '/root/ros2_ws/install/mg400_common/bin'
[0.479s] INFO:colcon.colcon_core.shell:Creating package script '/root/ros2_ws/install/mg400_common/share/mg400_common/package.ps1'
[0.480s] INFO:colcon.colcon_core.shell:Creating package descriptor '/root/ros2_ws/install/mg400_common/share/mg400_common/package.dsv'
[0.480s] INFO:colcon.colcon_core.shell:Creating package script '/root/ros2_ws/install/mg400_common/share/mg400_common/package.sh'
[0.481s] INFO:colcon.colcon_core.shell:Creating package script '/root/ros2_ws/install/mg400_common/share/mg400_common/package.bash'
[0.481s] INFO:colcon.colcon_core.shell:Creating package script '/root/ros2_ws/install/mg400_common/share/mg400_common/package.zsh'
[0.481s] Level 1:colcon.colcon_core.environment:create_file_with_runtime_dependencies(/root/ros2_ws/install/mg400_common/share/colcon-core/packages/mg400_common)
[0.484s] DEBUG:colcon.colcon_core.event_handler.log_command:Invoking command in '/root/ros2_ws/build/p9n_node': CMAKE_PREFIX_PATH=/root/ros2_ws/install/p9n_interface:/root/ros2_ws/install/p9n:/root/ros2_ws/install/p9n_test:/root/ros2_ws/install/p9n_node:/root/ros2_ws/install/p9n_example:/root/ros2_ws/install/mg400:/root/ros2_ws/install/mg400_joy:/root/ros2_ws/install/mg400_tools:/root/ros2_ws/install/mg400_rviz_plugin:/root/ros2_ws/install/mg400_node:/root/ros2_ws/install/mg400_plugin:/root/ros2_ws/install/mg400_plugin_base:/root/ros2_ws/install/mg400_interface:/root/ros2_ws/install/mg400_msgs:/root/ros2_ws/install/mg400_description:/root/ros2_ws/install/mg400_common:/root/ros2_ws/install/p9n_bringup:/root/ros2_ws/install/mg400_bringup:/opt/ros/humble /usr/bin/cmake --build /root/ros2_ws/build/p9n_node -- -j16 -l16
[0.486s] DEBUG:colcon.colcon_core.event_handler.log_command:Invoking command in '/root/ros2_ws/build/p9n_example': CMAKE_PREFIX_PATH=/root/ros2_ws/install/p9n_interface:/root/ros2_ws/install/p9n:/root/ros2_ws/install/p9n_test:/root/ros2_ws/install/p9n_node:/root/ros2_ws/install/p9n_example:/root/ros2_ws/install/mg400:/root/ros2_ws/install/mg400_joy:/root/ros2_ws/install/mg400_tools:/root/ros2_ws/install/mg400_rviz_plugin:/root/ros2_ws/install/mg400_node:/root/ros2_ws/install/mg400_plugin:/root/ros2_ws/install/mg400_plugin_base:/root/ros2_ws/install/mg400_interface:/root/ros2_ws/install/mg400_msgs:/root/ros2_ws/install/mg400_description:/root/ros2_ws/install/mg400_common:/root/ros2_ws/install/p9n_bringup:/root/ros2_ws/install/mg400_bringup:/opt/ros/humble /usr/bin/cmake --build /root/ros2_ws/build/p9n_example -- -j16 -l16
[0.489s] DEBUG:colcon.colcon_core.event_handler.log_command:Invoking command in '/root/ros2_ws/build/p9n_test': CMAKE_PREFIX_PATH=/root/ros2_ws/install/p9n_interface:/root/ros2_ws/install/p9n:/root/ros2_ws/install/p9n_test:/root/ros2_ws/install/p9n_node:/root/ros2_ws/install/p9n_example:/root/ros2_ws/install/mg400:/root/ros2_ws/install/mg400_joy:/root/ros2_ws/install/mg400_tools:/root/ros2_ws/install/mg400_rviz_plugin:/root/ros2_ws/install/mg400_node:/root/ros2_ws/install/mg400_plugin:/root/ros2_ws/install/mg400_plugin_base:/root/ros2_ws/install/mg400_interface:/root/ros2_ws/install/mg400_msgs:/root/ros2_ws/install/mg400_description:/root/ros2_ws/install/mg400_common:/root/ros2_ws/install/p9n_bringup:/root/ros2_ws/install/mg400_bringup:/opt/ros/humble /usr/bin/cmake --build /root/ros2_ws/build/p9n_test -- -j16 -l16
[0.556s] DEBUG:colcon.colcon_core.event_handler.log_command:Invoked command in '/root/ros2_ws/build/p9n_example' returned '0': CMAKE_PREFIX_PATH=/root/ros2_ws/install/p9n_interface:/root/ros2_ws/install/p9n:/root/ros2_ws/install/p9n_test:/root/ros2_ws/install/p9n_node:/root/ros2_ws/install/p9n_example:/root/ros2_ws/install/mg400:/root/ros2_ws/install/mg400_joy:/root/ros2_ws/install/mg400_tools:/root/ros2_ws/install/mg400_rviz_plugin:/root/ros2_ws/install/mg400_node:/root/ros2_ws/install/mg400_plugin:/root/ros2_ws/install/mg400_plugin_base:/root/ros2_ws/install/mg400_interface:/root/ros2_ws/install/mg400_msgs:/root/ros2_ws/install/mg400_description:/root/ros2_ws/install/mg400_common:/root/ros2_ws/install/p9n_bringup:/root/ros2_ws/install/mg400_bringup:/opt/ros/humble /usr/bin/cmake --build /root/ros2_ws/build/p9n_example -- -j16 -l16
[0.557s] DEBUG:colcon.colcon_core.event_handler.log_command:Invoking command in '/root/ros2_ws/build/p9n_example': CMAKE_PREFIX_PATH=/root/ros2_ws/install/p9n_interface:/root/ros2_ws/install/p9n:/root/ros2_ws/install/p9n_test:/root/ros2_ws/install/p9n_node:/root/ros2_ws/install/p9n_example:/root/ros2_ws/install/mg400:/root/ros2_ws/install/mg400_joy:/root/ros2_ws/install/mg400_tools:/root/ros2_ws/install/mg400_rviz_plugin:/root/ros2_ws/install/mg400_node:/root/ros2_ws/install/mg400_plugin:/root/ros2_ws/install/mg400_plugin_base:/root/ros2_ws/install/mg400_interface:/root/ros2_ws/install/mg400_msgs:/root/ros2_ws/install/mg400_description:/root/ros2_ws/install/mg400_common:/root/ros2_ws/install/p9n_bringup:/root/ros2_ws/install/mg400_bringup:/opt/ros/humble /usr/bin/cmake --install /root/ros2_ws/build/p9n_example
[0.558s] DEBUG:colcon.colcon_core.event_handler.log_command:Invoked command in '/root/ros2_ws/build/p9n_node' returned '0': CMAKE_PREFIX_PATH=/root/ros2_ws/install/p9n_interface:/root/ros2_ws/install/p9n:/root/ros2_ws/install/p9n_test:/root/ros2_ws/install/p9n_node:/root/ros2_ws/install/p9n_example:/root/ros2_ws/install/mg400:/root/ros2_ws/install/mg400_joy:/root/ros2_ws/install/mg400_tools:/root/ros2_ws/install/mg400_rviz_plugin:/root/ros2_ws/install/mg400_node:/root/ros2_ws/install/mg400_plugin:/root/ros2_ws/install/mg400_plugin_base:/root/ros2_ws/install/mg400_interface:/root/ros2_ws/install/mg400_msgs:/root/ros2_ws/install/mg400_description:/root/ros2_ws/install/mg400_common:/root/ros2_ws/install/p9n_bringup:/root/ros2_ws/install/mg400_bringup:/opt/ros/humble /usr/bin/cmake --build /root/ros2_ws/build/p9n_node -- -j16 -l16
[0.559s] DEBUG:colcon.colcon_core.event_handler.log_command:Invoking command in '/root/ros2_ws/build/p9n_node': CMAKE_PREFIX_PATH=/root/ros2_ws/install/p9n_interface:/root/ros2_ws/install/p9n:/root/ros2_ws/install/p9n_test:/root/ros2_ws/install/p9n_node:/root/ros2_ws/install/p9n_example:/root/ros2_ws/install/mg400:/root/ros2_ws/install/mg400_joy:/root/ros2_ws/install/mg400_tools:/root/ros2_ws/install/mg400_rviz_plugin:/root/ros2_ws/install/mg400_node:/root/ros2_ws/install/mg400_plugin:/root/ros2_ws/install/mg400_plugin_base:/root/ros2_ws/install/mg400_interface:/root/ros2_ws/install/mg400_msgs:/root/ros2_ws/install/mg400_description:/root/ros2_ws/install/mg400_common:/root/ros2_ws/install/p9n_bringup:/root/ros2_ws/install/mg400_bringup:/opt/ros/humble /usr/bin/cmake --install /root/ros2_ws/build/p9n_node
[0.565s] DEBUG:colcon.colcon_core.event_handler.log_command:Invoked command in '/root/ros2_ws/build/p9n_test' returned '0': CMAKE_PREFIX_PATH=/root/ros2_ws/install/p9n_interface:/root/ros2_ws/install/p9n:/root/ros2_ws/install/p9n_test:/root/ros2_ws/install/p9n_node:/root/ros2_ws/install/p9n_example:/root/ros2_ws/install/mg400:/root/ros2_ws/install/mg400_joy:/root/ros2_ws/install/mg400_tools:/root/ros2_ws/install/mg400_rviz_plugin:/root/ros2_ws/install/mg400_node:/root/ros2_ws/install/mg400_plugin:/root/ros2_ws/install/mg400_plugin_base:/root/ros2_ws/install/mg400_interface:/root/ros2_ws/install/mg400_msgs:/root/ros2_ws/install/mg400_description:/root/ros2_ws/install/mg400_common:/root/ros2_ws/install/p9n_bringup:/root/ros2_ws/install/mg400_bringup:/opt/ros/humble /usr/bin/cmake --build /root/ros2_ws/build/p9n_test -- -j16 -l16
[0.567s] DEBUG:colcon.colcon_core.event_handler.log_command:Invoking command in '/root/ros2_ws/build/p9n_test': CMAKE_PREFIX_PATH=/root/ros2_ws/install/p9n_interface:/root/ros2_ws/install/p9n:/root/ros2_ws/install/p9n_test:/root/ros2_ws/install/p9n_node:/root/ros2_ws/install/p9n_example:/root/ros2_ws/install/mg400:/root/ros2_ws/install/mg400_joy:/root/ros2_ws/install/mg400_tools:/root/ros2_ws/install/mg400_rviz_plugin:/root/ros2_ws/install/mg400_node:/root/ros2_ws/install/mg400_plugin:/root/ros2_ws/install/mg400_plugin_base:/root/ros2_ws/install/mg400_interface:/root/ros2_ws/install/mg400_msgs:/root/ros2_ws/install/mg400_description:/root/ros2_ws/install/mg400_common:/root/ros2_ws/install/p9n_bringup:/root/ros2_ws/install/mg400_bringup:/opt/ros/humble /usr/bin/cmake --install /root/ros2_ws/build/p9n_test
[0.580s] Level 1:colcon.colcon_core.environment:create_environment_scripts_only(p9n_node)
[0.580s] Level 1:colcon.colcon_core.environment:checking '/root/ros2_ws/install/p9n_node' for CMake module files
[0.581s] DEBUG:colcon.colcon_core.event_handler.log_command:Invoked command in '/root/ros2_ws/build/p9n_node' returned '0': CMAKE_PREFIX_PATH=/root/ros2_ws/install/p9n_interface:/root/ros2_ws/install/p9n:/root/ros2_ws/install/p9n_test:/root/ros2_ws/install/p9n_node:/root/ros2_ws/install/p9n_example:/root/ros2_ws/install/mg400:/root/ros2_ws/install/mg400_joy:/root/ros2_ws/install/mg400_tools:/root/ros2_ws/install/mg400_rviz_plugin:/root/ros2_ws/install/mg400_node:/root/ros2_ws/install/mg400_plugin:/root/ros2_ws/install/mg400_plugin_base:/root/ros2_ws/install/mg400_interface:/root/ros2_ws/install/mg400_msgs:/root/ros2_ws/install/mg400_description:/root/ros2_ws/install/mg400_common:/root/ros2_ws/install/p9n_bringup:/root/ros2_ws/install/mg400_bringup:/opt/ros/humble /usr/bin/cmake --install /root/ros2_ws/build/p9n_node
[0.581s] Level 1:colcon.colcon_core.environment:checking '/root/ros2_ws/install/p9n_node' for CMake config files
[0.581s] Level 1:colcon.colcon_core.shell:create_environment_hook('p9n_node', 'cmake_prefix_path')
[0.582s] INFO:colcon.colcon_core.shell:Creating environment hook '/root/ros2_ws/install/p9n_node/share/p9n_node/hook/cmake_prefix_path.ps1'
[0.582s] INFO:colcon.colcon_core.shell:Creating environment descriptor '/root/ros2_ws/install/p9n_node/share/p9n_node/hook/cmake_prefix_path.dsv'
[0.583s] INFO:colcon.colcon_core.shell:Creating environment hook '/root/ros2_ws/install/p9n_node/share/p9n_node/hook/cmake_prefix_path.sh'
[0.583s] Level 1:colcon.colcon_core.environment:checking '/root/ros2_ws/install/p9n_node/lib'
[0.583s] Level 1:colcon.colcon_core.shell:create_environment_hook('p9n_node', 'ld_library_path_lib')
[0.583s] INFO:colcon.colcon_core.shell:Creating environment hook '/root/ros2_ws/install/p9n_node/share/p9n_node/hook/ld_library_path_lib.ps1'
[0.584s] INFO:colcon.colcon_core.shell:Creating environment descriptor '/root/ros2_ws/install/p9n_node/share/p9n_node/hook/ld_library_path_lib.dsv'
[0.584s] INFO:colcon.colcon_core.shell:Creating environment hook '/root/ros2_ws/install/p9n_node/share/p9n_node/hook/ld_library_path_lib.sh'
[0.584s] Level 1:colcon.colcon_core.environment:checking '/root/ros2_ws/install/p9n_node/bin'
[0.584s] Level 1:colcon.colcon_core.environment:checking '/root/ros2_ws/install/p9n_node/lib/pkgconfig/p9n_node.pc'
[0.585s] Level 1:colcon.colcon_core.environment:checking '/root/ros2_ws/install/p9n_node/lib/python3.10/site-packages'
[0.585s] Level 1:colcon.colcon_core.environment:checking '/root/ros2_ws/install/p9n_node/bin'
[0.585s] INFO:colcon.colcon_core.shell:Creating package script '/root/ros2_ws/install/p9n_node/share/p9n_node/package.ps1'
[0.586s] INFO:colcon.colcon_core.shell:Creating package descriptor '/root/ros2_ws/install/p9n_node/share/p9n_node/package.dsv'
[0.586s] INFO:colcon.colcon_core.shell:Creating package script '/root/ros2_ws/install/p9n_node/share/p9n_node/package.sh'
[0.586s] INFO:colcon.colcon_core.shell:Creating package script '/root/ros2_ws/install/p9n_node/share/p9n_node/package.bash'
[0.587s] INFO:colcon.colcon_core.shell:Creating package script '/root/ros2_ws/install/p9n_node/share/p9n_node/package.zsh'
[0.587s] Level 1:colcon.colcon_core.environment:create_file_with_runtime_dependencies(/root/ros2_ws/install/p9n_node/share/colcon-core/packages/p9n_node)
[0.588s] Level 1:colcon.colcon_core.environment:create_environment_scripts_only(p9n_node)
[0.588s] Level 1:colcon.colcon_core.environment:checking '/root/ros2_ws/install/p9n_node' for CMake module files
[0.589s] Level 1:colcon.colcon_core.environment:checking '/root/ros2_ws/install/p9n_node' for CMake config files
[0.590s] Level 1:colcon.colcon_core.shell:create_environment_hook('p9n_node', 'cmake_prefix_path')
[0.590s] INFO:colcon.colcon_core.shell:Creating environment hook '/root/ros2_ws/install/p9n_node/share/p9n_node/hook/cmake_prefix_path.ps1'
[0.591s] INFO:colcon.colcon_core.shell:Creating environment descriptor '/root/ros2_ws/install/p9n_node/share/p9n_node/hook/cmake_prefix_path.dsv'
[0.591s] INFO:colcon.colcon_core.shell:Creating environment hook '/root/ros2_ws/install/p9n_node/share/p9n_node/hook/cmake_prefix_path.sh'
[0.592s] Level 1:colcon.colcon_core.environment:checking '/root/ros2_ws/install/p9n_node/lib'
[0.592s] Level 1:colcon.colcon_core.shell:create_environment_hook('p9n_node', 'ld_library_path_lib')
[0.592s] INFO:colcon.colcon_core.shell:Creating environment hook '/root/ros2_ws/install/p9n_node/share/p9n_node/hook/ld_library_path_lib.ps1'
[0.592s] INFO:colcon.colcon_core.shell:Creating environment descriptor '/root/ros2_ws/install/p9n_node/share/p9n_node/hook/ld_library_path_lib.dsv'
[0.593s] INFO:colcon.colcon_core.shell:Creating environment hook '/root/ros2_ws/install/p9n_node/share/p9n_node/hook/ld_library_path_lib.sh'
[0.593s] Level 1:colcon.colcon_core.environment:checking '/root/ros2_ws/install/p9n_node/bin'
[0.593s] Level 1:colcon.colcon_core.environment:checking '/root/ros2_ws/install/p9n_node/lib/pkgconfig/p9n_node.pc'
[0.594s] Level 1:colcon.colcon_core.environment:checking '/root/ros2_ws/install/p9n_node/lib/python3.10/site-packages'
[0.594s] Level 1:colcon.colcon_core.environment:checking '/root/ros2_ws/install/p9n_node/bin'
[0.594s] INFO:colcon.colcon_core.shell:Creating package script '/root/ros2_ws/install/p9n_node/share/p9n_node/package.ps1'
[0.595s] INFO:colcon.colcon_core.shell:Creating package descriptor '/root/ros2_ws/install/p9n_node/share/p9n_node/package.dsv'
[0.595s] INFO:colcon.colcon_core.shell:Creating package script '/root/ros2_ws/install/p9n_node/share/p9n_node/package.sh'
[0.596s] INFO:colcon.colcon_core.shell:Creating package script '/root/ros2_ws/install/p9n_node/share/p9n_node/package.bash'
[0.596s] INFO:colcon.colcon_core.shell:Creating package script '/root/ros2_ws/install/p9n_node/share/p9n_node/package.zsh'
[0.596s] Level 1:colcon.colcon_core.environment:create_file_with_runtime_dependencies(/root/ros2_ws/install/p9n_node/share/colcon-core/packages/p9n_node)
[0.597s] INFO:colcon.colcon_ros.task.ament_python.build:Building ROS package in '/root/ros2_ws/src/PlayStation-JoyInterface-ROS2/p9n_bringup' with build type 'ament_python'
[0.597s] Level 1:colcon.colcon_core.shell:create_environment_hook('p9n_bringup', 'ament_prefix_path')
[0.597s] INFO:colcon.colcon_core.shell:Creating environment hook '/root/ros2_ws/install/p9n_bringup/share/p9n_bringup/hook/ament_prefix_path.ps1'
[0.597s] INFO:colcon.colcon_core.shell:Creating environment descriptor '/root/ros2_ws/install/p9n_bringup/share/p9n_bringup/hook/ament_prefix_path.dsv'
[0.598s] INFO:colcon.colcon_core.shell:Creating environment hook '/root/ros2_ws/install/p9n_bringup/share/p9n_bringup/hook/ament_prefix_path.sh'
[0.598s] INFO:colcon.colcon_core.shell:Skip shell extension 'powershell' for command environment: Not usable outside of PowerShell
[0.598s] DEBUG:colcon.colcon_core.shell:Skip shell extension 'dsv' for command environment
[0.603s] Level 1:colcon.colcon_core.environment:create_environment_scripts_only(p9n_example)
[0.603s] Level 1:colcon.colcon_core.environment:checking '/root/ros2_ws/install/p9n_example' for CMake module files
[0.604s] DEBUG:colcon.colcon_core.event_handler.log_command:Invoked command in '/root/ros2_ws/build/p9n_example' returned '0': CMAKE_PREFIX_PATH=/root/ros2_ws/install/p9n_interface:/root/ros2_ws/install/p9n:/root/ros2_ws/install/p9n_test:/root/ros2_ws/install/p9n_node:/root/ros2_ws/install/p9n_example:/root/ros2_ws/install/mg400:/root/ros2_ws/install/mg400_joy:/root/ros2_ws/install/mg400_tools:/root/ros2_ws/install/mg400_rviz_plugin:/root/ros2_ws/install/mg400_node:/root/ros2_ws/install/mg400_plugin:/root/ros2_ws/install/mg400_plugin_base:/root/ros2_ws/install/mg400_interface:/root/ros2_ws/install/mg400_msgs:/root/ros2_ws/install/mg400_description:/root/ros2_ws/install/mg400_common:/root/ros2_ws/install/p9n_bringup:/root/ros2_ws/install/mg400_bringup:/opt/ros/humble /usr/bin/cmake --install /root/ros2_ws/build/p9n_example
[0.604s] Level 1:colcon.colcon_core.environment:checking '/root/ros2_ws/install/p9n_example' for CMake config files
[0.604s] Level 1:colcon.colcon_core.shell:create_environment_hook('p9n_example', 'cmake_prefix_path')
[0.604s] INFO:colcon.colcon_core.shell:Creating environment hook '/root/ros2_ws/install/p9n_example/share/p9n_example/hook/cmake_prefix_path.ps1'
[0.605s] INFO:colcon.colcon_core.shell:Creating environment descriptor '/root/ros2_ws/install/p9n_example/share/p9n_example/hook/cmake_prefix_path.dsv'
[0.605s] INFO:colcon.colcon_core.shell:Creating environment hook '/root/ros2_ws/install/p9n_example/share/p9n_example/hook/cmake_prefix_path.sh'
[0.606s] Level 1:colcon.colcon_core.environment:checking '/root/ros2_ws/install/p9n_example/lib'
[0.606s] Level 1:colcon.colcon_core.shell:create_environment_hook('p9n_example', 'ld_library_path_lib')
[0.606s] INFO:colcon.colcon_core.shell:Creating environment hook '/root/ros2_ws/install/p9n_example/share/p9n_example/hook/ld_library_path_lib.ps1'
[0.606s] INFO:colcon.colcon_core.shell:Creating environment descriptor '/root/ros2_ws/install/p9n_example/share/p9n_example/hook/ld_library_path_lib.dsv'
[0.606s] INFO:colcon.colcon_core.shell:Creating environment hook '/root/ros2_ws/install/p9n_example/share/p9n_example/hook/ld_library_path_lib.sh'
[0.607s] Level 1:colcon.colcon_core.environment:checking '/root/ros2_ws/install/p9n_example/bin'
[0.607s] Level 1:colcon.colcon_core.environment:checking '/root/ros2_ws/install/p9n_example/lib/pkgconfig/p9n_example.pc'
[0.607s] Level 1:colcon.colcon_core.environment:checking '/root/ros2_ws/install/p9n_example/lib/python3.10/site-packages'
[0.607s] Level 1:colcon.colcon_core.environment:checking '/root/ros2_ws/install/p9n_example/bin'
[0.607s] INFO:colcon.colcon_core.shell:Creating package script '/root/ros2_ws/install/p9n_example/share/p9n_example/package.ps1'
[0.608s] INFO:colcon.colcon_core.shell:Creating package descriptor '/root/ros2_ws/install/p9n_example/share/p9n_example/package.dsv'
[0.608s] INFO:colcon.colcon_core.shell:Creating package script '/root/ros2_ws/install/p9n_example/share/p9n_example/package.sh'
[0.609s] INFO:colcon.colcon_core.shell:Creating package script '/root/ros2_ws/install/p9n_example/share/p9n_example/package.bash'
[0.609s] INFO:colcon.colcon_core.shell:Creating package script '/root/ros2_ws/install/p9n_example/share/p9n_example/package.zsh'
[0.609s] Level 1:colcon.colcon_core.environment:create_file_with_runtime_dependencies(/root/ros2_ws/install/p9n_example/share/colcon-core/packages/p9n_example)
[0.610s] Level 1:colcon.colcon_core.environment:create_environment_scripts_only(p9n_example)
[0.610s] Level 1:colcon.colcon_core.environment:checking '/root/ros2_ws/install/p9n_example' for CMake module files
[0.610s] Level 1:colcon.colcon_core.environment:checking '/root/ros2_ws/install/p9n_example' for CMake config files
[0.611s] Level 1:colcon.colcon_core.shell:create_environment_hook('p9n_example', 'cmake_prefix_path')
[0.611s] INFO:colcon.colcon_core.shell:Creating environment hook '/root/ros2_ws/install/p9n_example/share/p9n_example/hook/cmake_prefix_path.ps1'
[0.611s] INFO:colcon.colcon_core.shell:Creating environment descriptor '/root/ros2_ws/install/p9n_example/share/p9n_example/hook/cmake_prefix_path.dsv'
[0.611s] INFO:colcon.colcon_core.shell:Creating environment hook '/root/ros2_ws/install/p9n_example/share/p9n_example/hook/cmake_prefix_path.sh'
[0.612s] Level 1:colcon.colcon_core.environment:checking '/root/ros2_ws/install/p9n_example/lib'
[0.612s] Level 1:colcon.colcon_core.shell:create_environment_hook('p9n_example', 'ld_library_path_lib')
[0.612s] INFO:colcon.colcon_core.shell:Creating environment hook '/root/ros2_ws/install/p9n_example/share/p9n_example/hook/ld_library_path_lib.ps1'
[0.613s] INFO:colcon.colcon_core.shell:Creating environment descriptor '/root/ros2_ws/install/p9n_example/share/p9n_example/hook/ld_library_path_lib.dsv'
[0.613s] INFO:colcon.colcon_core.shell:Creating environment hook '/root/ros2_ws/install/p9n_example/share/p9n_example/hook/ld_library_path_lib.sh'
[0.613s] Level 1:colcon.colcon_core.environment:checking '/root/ros2_ws/install/p9n_example/bin'
[0.614s] Level 1:colcon.colcon_core.environment:checking '/root/ros2_ws/install/p9n_example/lib/pkgconfig/p9n_example.pc'
[0.614s] Level 1:colcon.colcon_core.environment:checking '/root/ros2_ws/install/p9n_example/lib/python3.10/site-packages'
[0.614s] Level 1:colcon.colcon_core.environment:checking '/root/ros2_ws/install/p9n_example/bin'
[0.614s] INFO:colcon.colcon_core.shell:Creating package script '/root/ros2_ws/install/p9n_example/share/p9n_example/package.ps1'
[0.615s] INFO:colcon.colcon_core.shell:Creating package descriptor '/root/ros2_ws/install/p9n_example/share/p9n_example/package.dsv'
[0.615s] INFO:colcon.colcon_core.shell:Creating package script '/root/ros2_ws/install/p9n_example/share/p9n_example/package.sh'
[0.616s] INFO:colcon.colcon_core.shell:Creating package script '/root/ros2_ws/install/p9n_example/share/p9n_example/package.bash'
[0.616s] INFO:colcon.colcon_core.shell:Creating package script '/root/ros2_ws/install/p9n_example/share/p9n_example/package.zsh'
[0.616s] Level 1:colcon.colcon_core.environment:create_file_with_runtime_dependencies(/root/ros2_ws/install/p9n_example/share/colcon-core/packages/p9n_example)
[0.617s] Level 1:colcon.colcon_core.environment:create_environment_scripts_only(p9n_test)
[0.618s] Level 1:colcon.colcon_core.environment:checking '/root/ros2_ws/install/p9n_test' for CMake module files
[0.618s] DEBUG:colcon.colcon_core.event_handler.log_command:Invoked command in '/root/ros2_ws/build/p9n_test' returned '0': CMAKE_PREFIX_PATH=/root/ros2_ws/install/p9n_interface:/root/ros2_ws/install/p9n:/root/ros2_ws/install/p9n_test:/root/ros2_ws/install/p9n_node:/root/ros2_ws/install/p9n_example:/root/ros2_ws/install/mg400:/root/ros2_ws/install/mg400_joy:/root/ros2_ws/install/mg400_tools:/root/ros2_ws/install/mg400_rviz_plugin:/root/ros2_ws/install/mg400_node:/root/ros2_ws/install/mg400_plugin:/root/ros2_ws/install/mg400_plugin_base:/root/ros2_ws/install/mg400_interface:/root/ros2_ws/install/mg400_msgs:/root/ros2_ws/install/mg400_description:/root/ros2_ws/install/mg400_common:/root/ros2_ws/install/p9n_bringup:/root/ros2_ws/install/mg400_bringup:/opt/ros/humble /usr/bin/cmake --install /root/ros2_ws/build/p9n_test
[0.619s] Level 1:colcon.colcon_core.environment:checking '/root/ros2_ws/install/p9n_test' for CMake config files
[0.619s] Level 1:colcon.colcon_core.shell:create_environment_hook('p9n_test', 'cmake_prefix_path')
[0.619s] INFO:colcon.colcon_core.shell:Creating environment hook '/root/ros2_ws/install/p9n_test/share/p9n_test/hook/cmake_prefix_path.ps1'
[0.620s] INFO:colcon.colcon_core.shell:Creating environment descriptor '/root/ros2_ws/install/p9n_test/share/p9n_test/hook/cmake_prefix_path.dsv'
[0.620s] INFO:colcon.colcon_core.shell:Creating environment hook '/root/ros2_ws/install/p9n_test/share/p9n_test/hook/cmake_prefix_path.sh'
[0.620s] Level 1:colcon.colcon_core.environment:checking '/root/ros2_ws/install/p9n_test/lib'
[0.620s] Level 1:colcon.colcon_core.shell:create_environment_hook('p9n_test', 'ld_library_path_lib')
[0.621s] INFO:colcon.colcon_core.shell:Creating environment hook '/root/ros2_ws/install/p9n_test/share/p9n_test/hook/ld_library_path_lib.ps1'
[0.621s] INFO:colcon.colcon_core.shell:Creating environment descriptor '/root/ros2_ws/install/p9n_test/share/p9n_test/hook/ld_library_path_lib.dsv'
[0.621s] INFO:colcon.colcon_core.shell:Creating environment hook '/root/ros2_ws/install/p9n_test/share/p9n_test/hook/ld_library_path_lib.sh'
[0.621s] Level 1:colcon.colcon_core.environment:checking '/root/ros2_ws/install/p9n_test/bin'
[0.622s] Level 1:colcon.colcon_core.environment:checking '/root/ros2_ws/install/p9n_test/lib/pkgconfig/p9n_test.pc'
[0.622s] Level 1:colcon.colcon_core.environment:checking '/root/ros2_ws/install/p9n_test/lib/python3.10/site-packages'
[0.622s] Level 1:colcon.colcon_core.environment:checking '/root/ros2_ws/install/p9n_test/bin'
[0.622s] INFO:colcon.colcon_core.shell:Creating package script '/root/ros2_ws/install/p9n_test/share/p9n_test/package.ps1'
[0.623s] INFO:colcon.colcon_core.shell:Creating package descriptor '/root/ros2_ws/install/p9n_test/share/p9n_test/package.dsv'
[0.623s] INFO:colcon.colcon_core.shell:Creating package script '/root/ros2_ws/install/p9n_test/share/p9n_test/package.sh'
[0.623s] INFO:colcon.colcon_core.shell:Creating package script '/root/ros2_ws/install/p9n_test/share/p9n_test/package.bash'
[0.624s] INFO:colcon.colcon_core.shell:Creating package script '/root/ros2_ws/install/p9n_test/share/p9n_test/package.zsh'
[0.624s] Level 1:colcon.colcon_core.environment:create_file_with_runtime_dependencies(/root/ros2_ws/install/p9n_test/share/colcon-core/packages/p9n_test)
[0.624s] Level 1:colcon.colcon_core.environment:create_environment_scripts_only(p9n_test)
[0.625s] Level 1:colcon.colcon_core.environment:checking '/root/ros2_ws/install/p9n_test' for CMake module files
[0.625s] Level 1:colcon.colcon_core.environment:checking '/root/ros2_ws/install/p9n_test' for CMake config files
[0.625s] Level 1:colcon.colcon_core.shell:create_environment_hook('p9n_test', 'cmake_prefix_path')
[0.626s] INFO:colcon.colcon_core.shell:Creating environment hook '/root/ros2_ws/install/p9n_test/share/p9n_test/hook/cmake_prefix_path.ps1'
[0.626s] INFO:colcon.colcon_core.shell:Creating environment descriptor '/root/ros2_ws/install/p9n_test/share/p9n_test/hook/cmake_prefix_path.dsv'
[0.626s] INFO:colcon.colcon_core.shell:Creating environment hook '/root/ros2_ws/install/p9n_test/share/p9n_test/hook/cmake_prefix_path.sh'
[0.627s] Level 1:colcon.colcon_core.environment:checking '/root/ros2_ws/install/p9n_test/lib'
[0.627s] Level 1:colcon.colcon_core.shell:create_environment_hook('p9n_test', 'ld_library_path_lib')
[0.627s] INFO:colcon.colcon_core.shell:Creating environment hook '/root/ros2_ws/install/p9n_test/share/p9n_test/hook/ld_library_path_lib.ps1'
[0.627s] INFO:colcon.colcon_core.shell:Creating environment descriptor '/root/ros2_ws/install/p9n_test/share/p9n_test/hook/ld_library_path_lib.dsv'
[0.628s] INFO:colcon.colcon_core.shell:Creating environment hook '/root/ros2_ws/install/p9n_test/share/p9n_test/hook/ld_library_path_lib.sh'
[0.628s] Level 1:colcon.colcon_core.environment:checking '/root/ros2_ws/install/p9n_test/bin'
[0.628s] Level 1:colcon.colcon_core.environment:checking '/root/ros2_ws/install/p9n_test/lib/pkgconfig/p9n_test.pc'
[0.628s] Level 1:colcon.colcon_core.environment:checking '/root/ros2_ws/install/p9n_test/lib/python3.10/site-packages'
[0.628s] Level 1:colcon.colcon_core.environment:checking '/root/ros2_ws/install/p9n_test/bin'
[0.629s] INFO:colcon.colcon_core.shell:Creating package script '/root/ros2_ws/install/p9n_test/share/p9n_test/package.ps1'
[0.629s] INFO:colcon.colcon_core.shell:Creating package descriptor '/root/ros2_ws/install/p9n_test/share/p9n_test/package.dsv'
[0.629s] INFO:colcon.colcon_core.shell:Creating package script '/root/ros2_ws/install/p9n_test/share/p9n_test/package.sh'
[0.630s] INFO:colcon.colcon_core.shell:Creating package script '/root/ros2_ws/install/p9n_test/share/p9n_test/package.bash'
[0.630s] INFO:colcon.colcon_core.shell:Creating package script '/root/ros2_ws/install/p9n_test/share/p9n_test/package.zsh'
[0.630s] Level 1:colcon.colcon_core.environment:create_file_with_runtime_dependencies(/root/ros2_ws/install/p9n_test/share/colcon-core/packages/p9n_test)
[0.811s] INFO:colcon.colcon_core.task.python.build:Building Python package in '/root/ros2_ws/src/PlayStation-JoyInterface-ROS2/p9n_bringup'
[0.812s] INFO:colcon.colcon_core.shell:Skip shell extension 'powershell' for command environment: Not usable outside of PowerShell
[0.812s] DEBUG:colcon.colcon_core.shell:Skip shell extension 'dsv' for command environment
[0.818s] DEBUG:colcon.colcon_core.event_handler.log_command:Invoked command in '/root/ros2_ws/build/mg400_msgs' returned '0': CMAKE_PREFIX_PATH=${CMAKE_PREFIX_PATH}:/root/ros2_ws/install/p9n_bringup:/root/ros2_ws/install/mg400_bringup:/opt/ros/humble /usr/bin/cmake --build /root/ros2_ws/build/mg400_msgs -- -j16 -l16
[0.819s] DEBUG:colcon.colcon_core.event_handler.log_command:Invoking command in '/root/ros2_ws/build/mg400_msgs': CMAKE_PREFIX_PATH=${CMAKE_PREFIX_PATH}:/root/ros2_ws/install/p9n_bringup:/root/ros2_ws/install/mg400_bringup:/opt/ros/humble /usr/bin/cmake --install /root/ros2_ws/build/mg400_msgs
[0.997s] Level 1:colcon.colcon_core.environment:create_environment_scripts_only(mg400_msgs)
[0.997s] Level 1:colcon.colcon_core.environment:checking '/root/ros2_ws/install/mg400_msgs' for CMake module files
[0.998s] DEBUG:colcon.colcon_core.event_handler.log_command:Invoked command in '/root/ros2_ws/build/mg400_msgs' returned '0': CMAKE_PREFIX_PATH=${CMAKE_PREFIX_PATH}:/root/ros2_ws/install/p9n_bringup:/root/ros2_ws/install/mg400_bringup:/opt/ros/humble /usr/bin/cmake --install /root/ros2_ws/build/mg400_msgs
[0.998s] Level 1:colcon.colcon_core.environment:checking '/root/ros2_ws/install/mg400_msgs' for CMake config files
[1.000s] Level 1:colcon.colcon_core.shell:create_environment_hook('mg400_msgs', 'cmake_prefix_path')
[1.000s] INFO:colcon.colcon_core.shell:Creating environment hook '/root/ros2_ws/install/mg400_msgs/share/mg400_msgs/hook/cmake_prefix_path.ps1'
[1.000s] INFO:colcon.colcon_core.shell:Creating environment descriptor '/root/ros2_ws/install/mg400_msgs/share/mg400_msgs/hook/cmake_prefix_path.dsv'
[1.001s] INFO:colcon.colcon_core.shell:Creating environment hook '/root/ros2_ws/install/mg400_msgs/share/mg400_msgs/hook/cmake_prefix_path.sh'
[1.001s] Level 1:colcon.colcon_core.environment:checking '/root/ros2_ws/install/mg400_msgs/lib'
[1.001s] Level 1:colcon.colcon_core.shell:create_environment_hook('mg400_msgs', 'ld_library_path_lib')
[1.001s] INFO:colcon.colcon_core.shell:Creating environment hook '/root/ros2_ws/install/mg400_msgs/share/mg400_msgs/hook/ld_library_path_lib.ps1'
[1.002s] INFO:colcon.colcon_core.shell:Creating environment descriptor '/root/ros2_ws/install/mg400_msgs/share/mg400_msgs/hook/ld_library_path_lib.dsv'
[1.002s] INFO:colcon.colcon_core.shell:Creating environment hook '/root/ros2_ws/install/mg400_msgs/share/mg400_msgs/hook/ld_library_path_lib.sh'
[1.002s] Level 1:colcon.colcon_core.environment:checking '/root/ros2_ws/install/mg400_msgs/bin'
[1.002s] Level 1:colcon.colcon_core.environment:checking '/root/ros2_ws/install/mg400_msgs/lib/pkgconfig/mg400_msgs.pc'
[1.002s] Level 1:colcon.colcon_core.environment:checking '/root/ros2_ws/install/mg400_msgs/lib/python3.10/site-packages'
[1.003s] Level 1:colcon.colcon_core.environment:checking '/root/ros2_ws/install/mg400_msgs/bin'
[1.003s] INFO:colcon.colcon_core.shell:Creating package script '/root/ros2_ws/install/mg400_msgs/share/mg400_msgs/package.ps1'
[1.003s] INFO:colcon.colcon_core.shell:Creating package descriptor '/root/ros2_ws/install/mg400_msgs/share/mg400_msgs/package.dsv'
[1.004s] INFO:colcon.colcon_core.shell:Creating package script '/root/ros2_ws/install/mg400_msgs/share/mg400_msgs/package.sh'
[1.004s] INFO:colcon.colcon_core.shell:Creating package script '/root/ros2_ws/install/mg400_msgs/share/mg400_msgs/package.bash'
[1.004s] INFO:colcon.colcon_core.shell:Creating package script '/root/ros2_ws/install/mg400_msgs/share/mg400_msgs/package.zsh'
[1.005s] Level 1:colcon.colcon_core.environment:create_file_with_runtime_dependencies(/root/ros2_ws/install/mg400_msgs/share/colcon-core/packages/mg400_msgs)
[1.005s] Level 1:colcon.colcon_core.environment:create_environment_scripts_only(mg400_msgs)
[1.005s] Level 1:colcon.colcon_core.environment:checking '/root/ros2_ws/install/mg400_msgs' for CMake module files
[1.006s] Level 1:colcon.colcon_core.environment:checking '/root/ros2_ws/install/mg400_msgs' for CMake config files
[1.007s] Level 1:colcon.colcon_core.shell:create_environment_hook('mg400_msgs', 'cmake_prefix_path')
[1.007s] INFO:colcon.colcon_core.shell:Creating environment hook '/root/ros2_ws/install/mg400_msgs/share/mg400_msgs/hook/cmake_prefix_path.ps1'
[1.008s] INFO:colcon.colcon_core.shell:Creating environment descriptor '/root/ros2_ws/install/mg400_msgs/share/mg400_msgs/hook/cmake_prefix_path.dsv'
[1.008s] INFO:colcon.colcon_core.shell:Creating environment hook '/root/ros2_ws/install/mg400_msgs/share/mg400_msgs/hook/cmake_prefix_path.sh'
[1.008s] Level 1:colcon.colcon_core.environment:checking '/root/ros2_ws/install/mg400_msgs/lib'
[1.009s] Level 1:colcon.colcon_core.shell:create_environment_hook('mg400_msgs', 'ld_library_path_lib')
[1.009s] INFO:colcon.colcon_core.shell:Creating environment hook '/root/ros2_ws/install/mg400_msgs/share/mg400_msgs/hook/ld_library_path_lib.ps1'
[1.009s] INFO:colcon.colcon_core.shell:Creating environment descriptor '/root/ros2_ws/install/mg400_msgs/share/mg400_msgs/hook/ld_library_path_lib.dsv'
[1.009s] INFO:colcon.colcon_core.shell:Creating environment hook '/root/ros2_ws/install/mg400_msgs/share/mg400_msgs/hook/ld_library_path_lib.sh'
[1.010s] Level 1:colcon.colcon_core.environment:checking '/root/ros2_ws/install/mg400_msgs/bin'
[1.010s] Level 1:colcon.colcon_core.environment:checking '/root/ros2_ws/install/mg400_msgs/lib/pkgconfig/mg400_msgs.pc'
[1.010s] Level 1:colcon.colcon_core.environment:checking '/root/ros2_ws/install/mg400_msgs/lib/python3.10/site-packages'
[1.010s] Level 1:colcon.colcon_core.environment:checking '/root/ros2_ws/install/mg400_msgs/bin'
[1.010s] INFO:colcon.colcon_core.shell:Creating package script '/root/ros2_ws/install/mg400_msgs/share/mg400_msgs/package.ps1'
[1.011s] INFO:colcon.colcon_core.shell:Creating package descriptor '/root/ros2_ws/install/mg400_msgs/share/mg400_msgs/package.dsv'
[1.011s] INFO:colcon.colcon_core.shell:Creating package script '/root/ros2_ws/install/mg400_msgs/share/mg400_msgs/package.sh'
[1.011s] INFO:colcon.colcon_core.shell:Creating package script '/root/ros2_ws/install/mg400_msgs/share/mg400_msgs/package.bash'
[1.012s] INFO:colcon.colcon_core.shell:Creating package script '/root/ros2_ws/install/mg400_msgs/share/mg400_msgs/package.zsh'
[1.012s] Level 1:colcon.colcon_core.environment:create_file_with_runtime_dependencies(/root/ros2_ws/install/mg400_msgs/share/colcon-core/packages/mg400_msgs)
[1.012s] INFO:colcon.colcon_ros.task.ament_cmake.build:Building ROS package in '/root/ros2_ws/src/MG400_ROS2/mg400_interface' with build type 'ament_cmake'
[1.013s] INFO:colcon.colcon_cmake.task.cmake.build:Building CMake package in '/root/ros2_ws/src/MG400_ROS2/mg400_interface'
[1.013s] INFO:colcon.colcon_core.shell:Skip shell extension 'powershell' for command environment: Not usable outside of PowerShell
[1.013s] DEBUG:colcon.colcon_core.shell:Skip shell extension 'dsv' for command environment
[1.017s] INFO:colcon.colcon_ros.task.ament_cmake.build:Building ROS package in '/root/ros2_ws/src/MG400_ROS2/mg400_tools' with build type 'ament_cmake'
[1.018s] INFO:colcon.colcon_cmake.task.cmake.build:Building CMake package in '/root/ros2_ws/src/MG400_ROS2/mg400_tools'
[1.018s] INFO:colcon.colcon_core.shell:Skip shell extension 'powershell' for command environment: Not usable outside of PowerShell
[1.018s] DEBUG:colcon.colcon_core.shell:Skip shell extension 'dsv' for command environment
[1.028s] DEBUG:colcon.colcon_core.event_handler.log_command:Invoking command in '/root/ros2_ws/build/mg400_interface': CMAKE_PREFIX_PATH=/root/ros2_ws/install/mg400_msgs:/root/ros2_ws/install/mg400_common:/root/ros2_ws/install/p9n:/root/ros2_ws/install/p9n_test:/root/ros2_ws/install/p9n_node:/root/ros2_ws/install/p9n_example:/root/ros2_ws/install/mg400:/root/ros2_ws/install/mg400_joy:/root/ros2_ws/install/p9n_interface:/root/ros2_ws/install/mg400_tools:/root/ros2_ws/install/mg400_rviz_plugin:/root/ros2_ws/install/mg400_node:/root/ros2_ws/install/mg400_plugin:/root/ros2_ws/install/mg400_plugin_base:/root/ros2_ws/install/mg400_interface:/root/ros2_ws/install/mg400_description:/root/ros2_ws/install/p9n_bringup:/root/ros2_ws/install/mg400_bringup:/opt/ros/humble LD_LIBRARY_PATH=/root/ros2_ws/install/mg400_msgs/lib:/root/ros2_ws/install/mg400_common/lib:/root/ros2_ws/install/p9n_test/lib:/root/ros2_ws/install/p9n_node/lib:/root/ros2_ws/install/p9n_example/lib:/root/ros2_ws/install/mg400_joy/lib:/root/ros2_ws/install/p9n_interface/lib:/root/ros2_ws/install/mg400_rviz_plugin/lib:/root/ros2_ws/install/mg400_node/lib:/root/ros2_ws/install/mg400_plugin/lib:/root/ros2_ws/install/mg400_interface/lib:/opt/ros/humble/opt/rviz_ogre_vendor/lib:/opt/ros/humble/lib/x86_64-linux-gnu:/opt/ros/humble/lib /usr/bin/cmake --build /root/ros2_ws/build/mg400_interface -- -j16 -l16
[1.033s] DEBUG:colcon.colcon_core.event_handler.log_command:Invoking command in '/root/ros2_ws/build/mg400_tools': CMAKE_PREFIX_PATH=/root/ros2_ws/install/mg400_msgs:/root/ros2_ws/install/mg400_common:/root/ros2_ws/install/p9n:/root/ros2_ws/install/p9n_test:/root/ros2_ws/install/p9n_node:/root/ros2_ws/install/p9n_example:/root/ros2_ws/install/mg400:/root/ros2_ws/install/mg400_joy:/root/ros2_ws/install/p9n_interface:/root/ros2_ws/install/mg400_tools:/root/ros2_ws/install/mg400_rviz_plugin:/root/ros2_ws/install/mg400_node:/root/ros2_ws/install/mg400_plugin:/root/ros2_ws/install/mg400_plugin_base:/root/ros2_ws/install/mg400_interface:/root/ros2_ws/install/mg400_description:/root/ros2_ws/install/p9n_bringup:/root/ros2_ws/install/mg400_bringup:/opt/ros/humble LD_LIBRARY_PATH=/root/ros2_ws/install/mg400_msgs/lib:/root/ros2_ws/install/mg400_common/lib:/root/ros2_ws/install/p9n_test/lib:/root/ros2_ws/install/p9n_node/lib:/root/ros2_ws/install/p9n_example/lib:/root/ros2_ws/install/mg400_joy/lib:/root/ros2_ws/install/p9n_interface/lib:/root/ros2_ws/install/mg400_rviz_plugin/lib:/root/ros2_ws/install/mg400_node/lib:/root/ros2_ws/install/mg400_plugin/lib:/root/ros2_ws/install/mg400_interface/lib:/opt/ros/humble/opt/rviz_ogre_vendor/lib:/opt/ros/humble/lib/x86_64-linux-gnu:/opt/ros/humble/lib /usr/bin/cmake --build /root/ros2_ws/build/mg400_tools -- -j16 -l16
[1.081s] DEBUG:colcon.colcon_core.task.python.build:Available setuptools commands: upload_docs, build_py, sdist, upload, build_clib, register, check, install_lib, bdist_dumb, alias, test, bdist_rpm, setopt, build, saveopts, install_scripts, install_headers, egg_info, develop, dist_info, easy_install, install, clean, symlink_data, build_scripts, build_ext, bdist, bdist_egg, install_data, install_egg_info, rotate
[1.083s] DEBUG:colcon.colcon_core.event_handler.log_command:Invoking command in '/root/ros2_ws/src/PlayStation-JoyInterface-ROS2/p9n_bringup': CMAKE_PREFIX_PATH=/root/ros2_ws/install/p9n_node:/root/ros2_ws/install/p9n_interface:/root/ros2_ws/install/p9n:/root/ros2_ws/install/p9n_test:/root/ros2_ws/install/p9n_example:/root/ros2_ws/install/mg400:/root/ros2_ws/install/mg400_joy:/root/ros2_ws/install/mg400_tools:/root/ros2_ws/install/mg400_rviz_plugin:/root/ros2_ws/install/mg400_node:/root/ros2_ws/install/mg400_plugin:/root/ros2_ws/install/mg400_plugin_base:/root/ros2_ws/install/mg400_interface:/root/ros2_ws/install/mg400_msgs:/root/ros2_ws/install/mg400_description:/root/ros2_ws/install/mg400_common LD_LIBRARY_PATH=/root/ros2_ws/install/p9n_node/lib:/root/ros2_ws/install/p9n_test/lib:/root/ros2_ws/install/p9n_example/lib:/root/ros2_ws/install/mg400_joy/lib:/root/ros2_ws/install/p9n_interface/lib:/root/ros2_ws/install/mg400_rviz_plugin/lib:/root/ros2_ws/install/mg400_node/lib:/root/ros2_ws/install/mg400_plugin/lib:/root/ros2_ws/install/mg400_interface/lib:/root/ros2_ws/install/mg400_msgs/lib:/root/ros2_ws/install/mg400_common/lib:/opt/ros/humble/opt/rviz_ogre_vendor/lib:/opt/ros/humble/lib/x86_64-linux-gnu:/opt/ros/humble/lib PYTHONPATH=/root/ros2_ws/build/p9n_bringup/prefix_override:/usr/lib/python3/dist-packages/colcon_core/task/python/colcon_distutils_commands:/root/ros2_ws/install/p9n_bringup/lib/python3.10/site-packages:${PYTHONPATH} /usr/bin/python3 -W ignore:setup.py install is deprecated -W ignore:easy_install command is deprecated setup.py egg_info --egg-base ../../../build/p9n_bringup build --build-base /root/ros2_ws/build/p9n_bringup/build install --record /root/ros2_ws/build/p9n_bringup/install.log --install-scripts $base/lib/p9n_bringup --single-version-externally-managed install_data
[1.110s] DEBUG:colcon.colcon_core.event_handler.log_command:Invoked command in '/root/ros2_ws/build/mg400_tools' returned '0': CMAKE_PREFIX_PATH=/root/ros2_ws/install/mg400_msgs:/root/ros2_ws/install/mg400_common:/root/ros2_ws/install/p9n:/root/ros2_ws/install/p9n_test:/root/ros2_ws/install/p9n_node:/root/ros2_ws/install/p9n_example:/root/ros2_ws/install/mg400:/root/ros2_ws/install/mg400_joy:/root/ros2_ws/install/p9n_interface:/root/ros2_ws/install/mg400_tools:/root/ros2_ws/install/mg400_rviz_plugin:/root/ros2_ws/install/mg400_node:/root/ros2_ws/install/mg400_plugin:/root/ros2_ws/install/mg400_plugin_base:/root/ros2_ws/install/mg400_interface:/root/ros2_ws/install/mg400_description:/root/ros2_ws/install/p9n_bringup:/root/ros2_ws/install/mg400_bringup:/opt/ros/humble LD_LIBRARY_PATH=/root/ros2_ws/install/mg400_msgs/lib:/root/ros2_ws/install/mg400_common/lib:/root/ros2_ws/install/p9n_test/lib:/root/ros2_ws/install/p9n_node/lib:/root/ros2_ws/install/p9n_example/lib:/root/ros2_ws/install/mg400_joy/lib:/root/ros2_ws/install/p9n_interface/lib:/root/ros2_ws/install/mg400_rviz_plugin/lib:/root/ros2_ws/install/mg400_node/lib:/root/ros2_ws/install/mg400_plugin/lib:/root/ros2_ws/install/mg400_interface/lib:/opt/ros/humble/opt/rviz_ogre_vendor/lib:/opt/ros/humble/lib/x86_64-linux-gnu:/opt/ros/humble/lib /usr/bin/cmake --build /root/ros2_ws/build/mg400_tools -- -j16 -l16
[1.112s] DEBUG:colcon.colcon_core.event_handler.log_command:Invoking command in '/root/ros2_ws/build/mg400_tools': CMAKE_PREFIX_PATH=/root/ros2_ws/install/mg400_msgs:/root/ros2_ws/install/mg400_common:/root/ros2_ws/install/p9n:/root/ros2_ws/install/p9n_test:/root/ros2_ws/install/p9n_node:/root/ros2_ws/install/p9n_example:/root/ros2_ws/install/mg400:/root/ros2_ws/install/mg400_joy:/root/ros2_ws/install/p9n_interface:/root/ros2_ws/install/mg400_tools:/root/ros2_ws/install/mg400_rviz_plugin:/root/ros2_ws/install/mg400_node:/root/ros2_ws/install/mg400_plugin:/root/ros2_ws/install/mg400_plugin_base:/root/ros2_ws/install/mg400_interface:/root/ros2_ws/install/mg400_description:/root/ros2_ws/install/p9n_bringup:/root/ros2_ws/install/mg400_bringup:/opt/ros/humble LD_LIBRARY_PATH=/root/ros2_ws/install/mg400_msgs/lib:/root/ros2_ws/install/mg400_common/lib:/root/ros2_ws/install/p9n_test/lib:/root/ros2_ws/install/p9n_node/lib:/root/ros2_ws/install/p9n_example/lib:/root/ros2_ws/install/mg400_joy/lib:/root/ros2_ws/install/p9n_interface/lib:/root/ros2_ws/install/mg400_rviz_plugin/lib:/root/ros2_ws/install/mg400_node/lib:/root/ros2_ws/install/mg400_plugin/lib:/root/ros2_ws/install/mg400_interface/lib:/opt/ros/humble/opt/rviz_ogre_vendor/lib:/opt/ros/humble/lib/x86_64-linux-gnu:/opt/ros/humble/lib /usr/bin/cmake --install /root/ros2_ws/build/mg400_tools
[1.137s] Level 1:colcon.colcon_core.environment:create_environment_scripts_only(mg400_tools)
[1.138s] Level 1:colcon.colcon_core.environment:checking '/root/ros2_ws/install/mg400_tools' for CMake module files
[1.138s] DEBUG:colcon.colcon_core.event_handler.log_command:Invoked command in '/root/ros2_ws/build/mg400_tools' returned '0': CMAKE_PREFIX_PATH=/root/ros2_ws/install/mg400_msgs:/root/ros2_ws/install/mg400_common:/root/ros2_ws/install/p9n:/root/ros2_ws/install/p9n_test:/root/ros2_ws/install/p9n_node:/root/ros2_ws/install/p9n_example:/root/ros2_ws/install/mg400:/root/ros2_ws/install/mg400_joy:/root/ros2_ws/install/p9n_interface:/root/ros2_ws/install/mg400_tools:/root/ros2_ws/install/mg400_rviz_plugin:/root/ros2_ws/install/mg400_node:/root/ros2_ws/install/mg400_plugin:/root/ros2_ws/install/mg400_plugin_base:/root/ros2_ws/install/mg400_interface:/root/ros2_ws/install/mg400_description:/root/ros2_ws/install/p9n_bringup:/root/ros2_ws/install/mg400_bringup:/opt/ros/humble LD_LIBRARY_PATH=/root/ros2_ws/install/mg400_msgs/lib:/root/ros2_ws/install/mg400_common/lib:/root/ros2_ws/install/p9n_test/lib:/root/ros2_ws/install/p9n_node/lib:/root/ros2_ws/install/p9n_example/lib:/root/ros2_ws/install/mg400_joy/lib:/root/ros2_ws/install/p9n_interface/lib:/root/ros2_ws/install/mg400_rviz_plugin/lib:/root/ros2_ws/install/mg400_node/lib:/root/ros2_ws/install/mg400_plugin/lib:/root/ros2_ws/install/mg400_interface/lib:/opt/ros/humble/opt/rviz_ogre_vendor/lib:/opt/ros/humble/lib/x86_64-linux-gnu:/opt/ros/humble/lib /usr/bin/cmake --install /root/ros2_ws/build/mg400_tools
[1.139s] Level 1:colcon.colcon_core.environment:checking '/root/ros2_ws/install/mg400_tools' for CMake config files
[1.139s] Level 1:colcon.colcon_core.shell:create_environment_hook('mg400_tools', 'cmake_prefix_path')
[1.139s] INFO:colcon.colcon_core.shell:Creating environment hook '/root/ros2_ws/install/mg400_tools/share/mg400_tools/hook/cmake_prefix_path.ps1'
[1.140s] INFO:colcon.colcon_core.shell:Creating environment descriptor '/root/ros2_ws/install/mg400_tools/share/mg400_tools/hook/cmake_prefix_path.dsv'
[1.141s] INFO:colcon.colcon_core.shell:Creating environment hook '/root/ros2_ws/install/mg400_tools/share/mg400_tools/hook/cmake_prefix_path.sh'
[1.141s] Level 1:colcon.colcon_core.environment:checking '/root/ros2_ws/install/mg400_tools/lib'
[1.141s] Level 1:colcon.colcon_core.environment:checking '/root/ros2_ws/install/mg400_tools/bin'
[1.141s] Level 1:colcon.colcon_core.environment:checking '/root/ros2_ws/install/mg400_tools/lib/pkgconfig/mg400_tools.pc'
[1.142s] Level 1:colcon.colcon_core.environment:checking '/root/ros2_ws/install/mg400_tools/lib/python3.10/site-packages'
[1.142s] Level 1:colcon.colcon_core.environment:checking '/root/ros2_ws/install/mg400_tools/bin'
[1.142s] INFO:colcon.colcon_core.shell:Creating package script '/root/ros2_ws/install/mg400_tools/share/mg400_tools/package.ps1'
[1.143s] INFO:colcon.colcon_core.shell:Creating package descriptor '/root/ros2_ws/install/mg400_tools/share/mg400_tools/package.dsv'
[1.143s] INFO:colcon.colcon_core.shell:Creating package script '/root/ros2_ws/install/mg400_tools/share/mg400_tools/package.sh'
[1.144s] INFO:colcon.colcon_core.shell:Creating package script '/root/ros2_ws/install/mg400_tools/share/mg400_tools/package.bash'
[1.144s] INFO:colcon.colcon_core.shell:Creating package script '/root/ros2_ws/install/mg400_tools/share/mg400_tools/package.zsh'
[1.145s] Level 1:colcon.colcon_core.environment:create_file_with_runtime_dependencies(/root/ros2_ws/install/mg400_tools/share/colcon-core/packages/mg400_tools)
[1.145s] Level 1:colcon.colcon_core.environment:create_environment_scripts_only(mg400_tools)
[1.145s] Level 1:colcon.colcon_core.environment:checking '/root/ros2_ws/install/mg400_tools' for CMake module files
[1.146s] Level 1:colcon.colcon_core.environment:checking '/root/ros2_ws/install/mg400_tools' for CMake config files
[1.146s] Level 1:colcon.colcon_core.shell:create_environment_hook('mg400_tools', 'cmake_prefix_path')
[1.147s] INFO:colcon.colcon_core.shell:Creating environment hook '/root/ros2_ws/install/mg400_tools/share/mg400_tools/hook/cmake_prefix_path.ps1'
[1.147s] INFO:colcon.colcon_core.shell:Creating environment descriptor '/root/ros2_ws/install/mg400_tools/share/mg400_tools/hook/cmake_prefix_path.dsv'
[1.147s] INFO:colcon.colcon_core.shell:Creating environment hook '/root/ros2_ws/install/mg400_tools/share/mg400_tools/hook/cmake_prefix_path.sh'
[1.148s] Level 1:colcon.colcon_core.environment:checking '/root/ros2_ws/install/mg400_tools/lib'
[1.148s] Level 1:colcon.colcon_core.environment:checking '/root/ros2_ws/install/mg400_tools/bin'
[1.148s] Level 1:colcon.colcon_core.environment:checking '/root/ros2_ws/install/mg400_tools/lib/pkgconfig/mg400_tools.pc'
[1.148s] Level 1:colcon.colcon_core.environment:checking '/root/ros2_ws/install/mg400_tools/lib/python3.10/site-packages'
[1.149s] Level 1:colcon.colcon_core.environment:checking '/root/ros2_ws/install/mg400_tools/bin'
[1.149s] INFO:colcon.colcon_core.shell:Creating package script '/root/ros2_ws/install/mg400_tools/share/mg400_tools/package.ps1'
[1.150s] INFO:colcon.colcon_core.shell:Creating package descriptor '/root/ros2_ws/install/mg400_tools/share/mg400_tools/package.dsv'
[1.150s] INFO:colcon.colcon_core.shell:Creating package script '/root/ros2_ws/install/mg400_tools/share/mg400_tools/package.sh'
[1.150s] INFO:colcon.colcon_core.shell:Creating package script '/root/ros2_ws/install/mg400_tools/share/mg400_tools/package.bash'
[1.151s] INFO:colcon.colcon_core.shell:Creating package script '/root/ros2_ws/install/mg400_tools/share/mg400_tools/package.zsh'
[1.151s] Level 1:colcon.colcon_core.environment:create_file_with_runtime_dependencies(/root/ros2_ws/install/mg400_tools/share/colcon-core/packages/mg400_tools)
[1.174s] DEBUG:colcon.colcon_core.event_handler.log_command:Invoked command in '/root/ros2_ws/build/mg400_interface' returned '0': CMAKE_PREFIX_PATH=/root/ros2_ws/install/mg400_msgs:/root/ros2_ws/install/mg400_common:/root/ros2_ws/install/p9n:/root/ros2_ws/install/p9n_test:/root/ros2_ws/install/p9n_node:/root/ros2_ws/install/p9n_example:/root/ros2_ws/install/mg400:/root/ros2_ws/install/mg400_joy:/root/ros2_ws/install/p9n_interface:/root/ros2_ws/install/mg400_tools:/root/ros2_ws/install/mg400_rviz_plugin:/root/ros2_ws/install/mg400_node:/root/ros2_ws/install/mg400_plugin:/root/ros2_ws/install/mg400_plugin_base:/root/ros2_ws/install/mg400_interface:/root/ros2_ws/install/mg400_description:/root/ros2_ws/install/p9n_bringup:/root/ros2_ws/install/mg400_bringup:/opt/ros/humble LD_LIBRARY_PATH=/root/ros2_ws/install/mg400_msgs/lib:/root/ros2_ws/install/mg400_common/lib:/root/ros2_ws/install/p9n_test/lib:/root/ros2_ws/install/p9n_node/lib:/root/ros2_ws/install/p9n_example/lib:/root/ros2_ws/install/mg400_joy/lib:/root/ros2_ws/install/p9n_interface/lib:/root/ros2_ws/install/mg400_rviz_plugin/lib:/root/ros2_ws/install/mg400_node/lib:/root/ros2_ws/install/mg400_plugin/lib:/root/ros2_ws/install/mg400_interface/lib:/opt/ros/humble/opt/rviz_ogre_vendor/lib:/opt/ros/humble/lib/x86_64-linux-gnu:/opt/ros/humble/lib /usr/bin/cmake --build /root/ros2_ws/build/mg400_interface -- -j16 -l16
[1.176s] DEBUG:colcon.colcon_core.event_handler.log_command:Invoking command in '/root/ros2_ws/build/mg400_interface': CMAKE_PREFIX_PATH=/root/ros2_ws/install/mg400_msgs:/root/ros2_ws/install/mg400_common:/root/ros2_ws/install/p9n:/root/ros2_ws/install/p9n_test:/root/ros2_ws/install/p9n_node:/root/ros2_ws/install/p9n_example:/root/ros2_ws/install/mg400:/root/ros2_ws/install/mg400_joy:/root/ros2_ws/install/p9n_interface:/root/ros2_ws/install/mg400_tools:/root/ros2_ws/install/mg400_rviz_plugin:/root/ros2_ws/install/mg400_node:/root/ros2_ws/install/mg400_plugin:/root/ros2_ws/install/mg400_plugin_base:/root/ros2_ws/install/mg400_interface:/root/ros2_ws/install/mg400_description:/root/ros2_ws/install/p9n_bringup:/root/ros2_ws/install/mg400_bringup:/opt/ros/humble LD_LIBRARY_PATH=/root/ros2_ws/install/mg400_msgs/lib:/root/ros2_ws/install/mg400_common/lib:/root/ros2_ws/install/p9n_test/lib:/root/ros2_ws/install/p9n_node/lib:/root/ros2_ws/install/p9n_example/lib:/root/ros2_ws/install/mg400_joy/lib:/root/ros2_ws/install/p9n_interface/lib:/root/ros2_ws/install/mg400_rviz_plugin/lib:/root/ros2_ws/install/mg400_node/lib:/root/ros2_ws/install/mg400_plugin/lib:/root/ros2_ws/install/mg400_interface/lib:/opt/ros/humble/opt/rviz_ogre_vendor/lib:/opt/ros/humble/lib/x86_64-linux-gnu:/opt/ros/humble/lib /usr/bin/cmake --install /root/ros2_ws/build/mg400_interface
[1.202s] Level 1:colcon.colcon_core.environment:create_environment_scripts_only(mg400_interface)
[1.203s] Level 1:colcon.colcon_core.environment:checking '/root/ros2_ws/install/mg400_interface' for CMake module files
[1.203s] DEBUG:colcon.colcon_core.event_handler.log_command:Invoked command in '/root/ros2_ws/build/mg400_interface' returned '0': CMAKE_PREFIX_PATH=/root/ros2_ws/install/mg400_msgs:/root/ros2_ws/install/mg400_common:/root/ros2_ws/install/p9n:/root/ros2_ws/install/p9n_test:/root/ros2_ws/install/p9n_node:/root/ros2_ws/install/p9n_example:/root/ros2_ws/install/mg400:/root/ros2_ws/install/mg400_joy:/root/ros2_ws/install/p9n_interface:/root/ros2_ws/install/mg400_tools:/root/ros2_ws/install/mg400_rviz_plugin:/root/ros2_ws/install/mg400_node:/root/ros2_ws/install/mg400_plugin:/root/ros2_ws/install/mg400_plugin_base:/root/ros2_ws/install/mg400_interface:/root/ros2_ws/install/mg400_description:/root/ros2_ws/install/p9n_bringup:/root/ros2_ws/install/mg400_bringup:/opt/ros/humble LD_LIBRARY_PATH=/root/ros2_ws/install/mg400_msgs/lib:/root/ros2_ws/install/mg400_common/lib:/root/ros2_ws/install/p9n_test/lib:/root/ros2_ws/install/p9n_node/lib:/root/ros2_ws/install/p9n_example/lib:/root/ros2_ws/install/mg400_joy/lib:/root/ros2_ws/install/p9n_interface/lib:/root/ros2_ws/install/mg400_rviz_plugin/lib:/root/ros2_ws/install/mg400_node/lib:/root/ros2_ws/install/mg400_plugin/lib:/root/ros2_ws/install/mg400_interface/lib:/opt/ros/humble/opt/rviz_ogre_vendor/lib:/opt/ros/humble/lib/x86_64-linux-gnu:/opt/ros/humble/lib /usr/bin/cmake --install /root/ros2_ws/build/mg400_interface
[1.204s] Level 1:colcon.colcon_core.environment:checking '/root/ros2_ws/install/mg400_interface' for CMake config files
[1.204s] Level 1:colcon.colcon_core.shell:create_environment_hook('mg400_interface', 'cmake_prefix_path')
[1.204s] INFO:colcon.colcon_core.shell:Creating environment hook '/root/ros2_ws/install/mg400_interface/share/mg400_interface/hook/cmake_prefix_path.ps1'
[1.205s] INFO:colcon.colcon_core.shell:Creating environment descriptor '/root/ros2_ws/install/mg400_interface/share/mg400_interface/hook/cmake_prefix_path.dsv'
[1.205s] INFO:colcon.colcon_core.shell:Creating environment hook '/root/ros2_ws/install/mg400_interface/share/mg400_interface/hook/cmake_prefix_path.sh'
[1.205s] Level 1:colcon.colcon_core.environment:checking '/root/ros2_ws/install/mg400_interface/lib'
[1.205s] Level 1:colcon.colcon_core.environment:checking '/root/ros2_ws/install/mg400_interface/bin'
[1.205s] Level 1:colcon.colcon_core.environment:checking '/root/ros2_ws/install/mg400_interface/lib/pkgconfig/mg400_interface.pc'
[1.206s] Level 1:colcon.colcon_core.environment:checking '/root/ros2_ws/install/mg400_interface/lib/python3.10/site-packages'
[1.206s] Level 1:colcon.colcon_core.environment:checking '/root/ros2_ws/install/mg400_interface/bin'
[1.206s] INFO:colcon.colcon_core.shell:Creating package script '/root/ros2_ws/install/mg400_interface/share/mg400_interface/package.ps1'
[1.207s] INFO:colcon.colcon_core.shell:Creating package descriptor '/root/ros2_ws/install/mg400_interface/share/mg400_interface/package.dsv'
[1.207s] INFO:colcon.colcon_core.shell:Creating package script '/root/ros2_ws/install/mg400_interface/share/mg400_interface/package.sh'
[1.207s] INFO:colcon.colcon_core.shell:Creating package script '/root/ros2_ws/install/mg400_interface/share/mg400_interface/package.bash'
[1.207s] INFO:colcon.colcon_core.shell:Creating package script '/root/ros2_ws/install/mg400_interface/share/mg400_interface/package.zsh'
[1.208s] Level 1:colcon.colcon_core.environment:create_file_with_runtime_dependencies(/root/ros2_ws/install/mg400_interface/share/colcon-core/packages/mg400_interface)
[1.208s] Level 1:colcon.colcon_core.environment:create_environment_scripts_only(mg400_interface)
[1.208s] Level 1:colcon.colcon_core.environment:checking '/root/ros2_ws/install/mg400_interface' for CMake module files
[1.209s] Level 1:colcon.colcon_core.environment:checking '/root/ros2_ws/install/mg400_interface' for CMake config files
[1.209s] Level 1:colcon.colcon_core.shell:create_environment_hook('mg400_interface', 'cmake_prefix_path')
[1.209s] INFO:colcon.colcon_core.shell:Creating environment hook '/root/ros2_ws/install/mg400_interface/share/mg400_interface/hook/cmake_prefix_path.ps1'
[1.210s] INFO:colcon.colcon_core.shell:Creating environment descriptor '/root/ros2_ws/install/mg400_interface/share/mg400_interface/hook/cmake_prefix_path.dsv'
[1.210s] INFO:colcon.colcon_core.shell:Creating environment hook '/root/ros2_ws/install/mg400_interface/share/mg400_interface/hook/cmake_prefix_path.sh'
[1.210s] Level 1:colcon.colcon_core.environment:checking '/root/ros2_ws/install/mg400_interface/lib'
[1.210s] Level 1:colcon.colcon_core.environment:checking '/root/ros2_ws/install/mg400_interface/bin'
[1.210s] Level 1:colcon.colcon_core.environment:checking '/root/ros2_ws/install/mg400_interface/lib/pkgconfig/mg400_interface.pc'
[1.210s] Level 1:colcon.colcon_core.environment:checking '/root/ros2_ws/install/mg400_interface/lib/python3.10/site-packages'
[1.211s] Level 1:colcon.colcon_core.environment:checking '/root/ros2_ws/install/mg400_interface/bin'
[1.211s] INFO:colcon.colcon_core.shell:Creating package script '/root/ros2_ws/install/mg400_interface/share/mg400_interface/package.ps1'
[1.211s] INFO:colcon.colcon_core.shell:Creating package descriptor '/root/ros2_ws/install/mg400_interface/share/mg400_interface/package.dsv'
[1.212s] INFO:colcon.colcon_core.shell:Creating package script '/root/ros2_ws/install/mg400_interface/share/mg400_interface/package.sh'
[1.212s] INFO:colcon.colcon_core.shell:Creating package script '/root/ros2_ws/install/mg400_interface/share/mg400_interface/package.bash'
[1.212s] INFO:colcon.colcon_core.shell:Creating package script '/root/ros2_ws/install/mg400_interface/share/mg400_interface/package.zsh'
[1.213s] Level 1:colcon.colcon_core.environment:create_file_with_runtime_dependencies(/root/ros2_ws/install/mg400_interface/share/colcon-core/packages/mg400_interface)
[1.213s] INFO:colcon.colcon_ros.task.ament_cmake.build:Building ROS package in '/root/ros2_ws/src/MG400_ROS2/mg400_plugin_base' with build type 'ament_cmake'
[1.213s] INFO:colcon.colcon_cmake.task.cmake.build:Building CMake package in '/root/ros2_ws/src/MG400_ROS2/mg400_plugin_base'
[1.213s] INFO:colcon.colcon_core.shell:Skip shell extension 'powershell' for command environment: Not usable outside of PowerShell
[1.213s] DEBUG:colcon.colcon_core.shell:Skip shell extension 'dsv' for command environment
[1.218s] INFO:colcon.colcon_ros.task.ament_cmake.build:Building ROS package in '/root/ros2_ws/src/MG400_ROS2/mg400_joy' with build type 'ament_cmake'
[1.218s] INFO:colcon.colcon_cmake.task.cmake.build:Building CMake package in '/root/ros2_ws/src/MG400_ROS2/mg400_joy'
[1.218s] INFO:colcon.colcon_core.shell:Skip shell extension 'powershell' for command environment: Not usable outside of PowerShell
[1.218s] DEBUG:colcon.colcon_core.shell:Skip shell extension 'dsv' for command environment
[1.223s] INFO:colcon.colcon_ros.task.ament_cmake.build:Building ROS package in '/root/ros2_ws/src/MG400_ROS2/mg400_rviz_plugin' with build type 'ament_cmake'
[1.223s] INFO:colcon.colcon_cmake.task.cmake.build:Building CMake package in '/root/ros2_ws/src/MG400_ROS2/mg400_rviz_plugin'
[1.223s] INFO:colcon.colcon_core.shell:Skip shell extension 'powershell' for command environment: Not usable outside of PowerShell
[1.223s] DEBUG:colcon.colcon_core.shell:Skip shell extension 'dsv' for command environment
[1.230s] DEBUG:colcon.colcon_core.event_handler.log_command:Invoking command in '/root/ros2_ws/build/mg400_plugin_base': CMAKE_PREFIX_PATH=/root/ros2_ws/install/mg400_interface:/root/ros2_ws/install/mg400_msgs:/root/ros2_ws/install/mg400_common:/root/ros2_ws/install/p9n:/root/ros2_ws/install/p9n_test:/root/ros2_ws/install/p9n_node:/root/ros2_ws/install/p9n_example:/root/ros2_ws/install/mg400:/root/ros2_ws/install/mg400_joy:/root/ros2_ws/install/p9n_interface:/root/ros2_ws/install/mg400_tools:/root/ros2_ws/install/mg400_rviz_plugin:/root/ros2_ws/install/mg400_node:/root/ros2_ws/install/mg400_plugin:/root/ros2_ws/install/mg400_plugin_base:/root/ros2_ws/install/mg400_description:/root/ros2_ws/install/p9n_bringup:/root/ros2_ws/install/mg400_bringup:/opt/ros/humble LD_LIBRARY_PATH=/root/ros2_ws/install/mg400_msgs/lib:/root/ros2_ws/install/mg400_common/lib:/root/ros2_ws/install/p9n_test/lib:/root/ros2_ws/install/p9n_node/lib:/root/ros2_ws/install/p9n_example/lib:/root/ros2_ws/install/mg400_joy/lib:/root/ros2_ws/install/p9n_interface/lib:/root/ros2_ws/install/mg400_rviz_plugin/lib:/root/ros2_ws/install/mg400_node/lib:/root/ros2_ws/install/mg400_plugin/lib:/root/ros2_ws/install/mg400_interface/lib:/opt/ros/humble/opt/rviz_ogre_vendor/lib:/opt/ros/humble/lib/x86_64-linux-gnu:/opt/ros/humble/lib /usr/bin/cmake /root/ros2_ws/src/MG400_ROS2/mg400_plugin_base -DCMAKE_INSTALL_PREFIX=/root/ros2_ws/install/mg400_plugin_base
[1.236s] DEBUG:colcon.colcon_core.event_handler.log_command:Invoking command in '/root/ros2_ws/build/mg400_joy': CMAKE_PREFIX_PATH=/root/ros2_ws/install/mg400_interface:/root/ros2_ws/install/p9n_interface:/root/ros2_ws/install/mg400_msgs:/root/ros2_ws/install/mg400_common:/root/ros2_ws/install/p9n:/root/ros2_ws/install/p9n_test:/root/ros2_ws/install/p9n_node:/root/ros2_ws/install/p9n_example:/root/ros2_ws/install/mg400:/root/ros2_ws/install/mg400_joy:/root/ros2_ws/install/mg400_tools:/root/ros2_ws/install/mg400_rviz_plugin:/root/ros2_ws/install/mg400_node:/root/ros2_ws/install/mg400_plugin:/root/ros2_ws/install/mg400_plugin_base:/root/ros2_ws/install/mg400_description:/root/ros2_ws/install/p9n_bringup:/root/ros2_ws/install/mg400_bringup:/opt/ros/humble LD_LIBRARY_PATH=/root/ros2_ws/install/mg400_msgs/lib:/root/ros2_ws/install/mg400_common/lib:/root/ros2_ws/install/p9n_test/lib:/root/ros2_ws/install/p9n_node/lib:/root/ros2_ws/install/p9n_example/lib:/root/ros2_ws/install/mg400_joy/lib:/root/ros2_ws/install/p9n_interface/lib:/root/ros2_ws/install/mg400_rviz_plugin/lib:/root/ros2_ws/install/mg400_node/lib:/root/ros2_ws/install/mg400_plugin/lib:/root/ros2_ws/install/mg400_interface/lib:/opt/ros/humble/opt/rviz_ogre_vendor/lib:/opt/ros/humble/lib/x86_64-linux-gnu:/opt/ros/humble/lib /usr/bin/cmake /root/ros2_ws/src/MG400_ROS2/mg400_joy -DCMAKE_INSTALL_PREFIX=/root/ros2_ws/install/mg400_joy
[1.239s] DEBUG:colcon.colcon_core.event_handler.log_command:Invoking command in '/root/ros2_ws/build/mg400_rviz_plugin': CMAKE_PREFIX_PATH=/root/ros2_ws/install/mg400_interface:/root/ros2_ws/install/mg400_msgs:/root/ros2_ws/install/mg400_common:/root/ros2_ws/install/p9n:/root/ros2_ws/install/p9n_test:/root/ros2_ws/install/p9n_node:/root/ros2_ws/install/p9n_example:/root/ros2_ws/install/mg400:/root/ros2_ws/install/mg400_joy:/root/ros2_ws/install/p9n_interface:/root/ros2_ws/install/mg400_tools:/root/ros2_ws/install/mg400_rviz_plugin:/root/ros2_ws/install/mg400_node:/root/ros2_ws/install/mg400_plugin:/root/ros2_ws/install/mg400_plugin_base:/root/ros2_ws/install/mg400_description:/root/ros2_ws/install/p9n_bringup:/root/ros2_ws/install/mg400_bringup:/opt/ros/humble LD_LIBRARY_PATH=/root/ros2_ws/install/mg400_msgs/lib:/root/ros2_ws/install/mg400_common/lib:/root/ros2_ws/install/p9n_test/lib:/root/ros2_ws/install/p9n_node/lib:/root/ros2_ws/install/p9n_example/lib:/root/ros2_ws/install/mg400_joy/lib:/root/ros2_ws/install/p9n_interface/lib:/root/ros2_ws/install/mg400_rviz_plugin/lib:/root/ros2_ws/install/mg400_node/lib:/root/ros2_ws/install/mg400_plugin/lib:/root/ros2_ws/install/mg400_interface/lib:/opt/ros/humble/opt/rviz_ogre_vendor/lib:/opt/ros/humble/lib/x86_64-linux-gnu:/opt/ros/humble/lib /usr/bin/cmake /root/ros2_ws/src/MG400_ROS2/mg400_rviz_plugin -DCMAKE_INSTALL_PREFIX=/root/ros2_ws/install/mg400_rviz_plugin
[1.322s] Level 1:colcon.colcon_core.environment:checking '/root/ros2_ws/install/p9n_bringup' for CMake module files
[1.323s] DEBUG:colcon.colcon_core.event_handler.log_command:Invoked command in '/root/ros2_ws/src/PlayStation-JoyInterface-ROS2/p9n_bringup' returned '0': CMAKE_PREFIX_PATH=/root/ros2_ws/install/p9n_node:/root/ros2_ws/install/p9n_interface:/root/ros2_ws/install/p9n:/root/ros2_ws/install/p9n_test:/root/ros2_ws/install/p9n_example:/root/ros2_ws/install/mg400:/root/ros2_ws/install/mg400_joy:/root/ros2_ws/install/mg400_tools:/root/ros2_ws/install/mg400_rviz_plugin:/root/ros2_ws/install/mg400_node:/root/ros2_ws/install/mg400_plugin:/root/ros2_ws/install/mg400_plugin_base:/root/ros2_ws/install/mg400_interface:/root/ros2_ws/install/mg400_msgs:/root/ros2_ws/install/mg400_description:/root/ros2_ws/install/mg400_common LD_LIBRARY_PATH=/root/ros2_ws/install/p9n_node/lib:/root/ros2_ws/install/p9n_test/lib:/root/ros2_ws/install/p9n_example/lib:/root/ros2_ws/install/mg400_joy/lib:/root/ros2_ws/install/p9n_interface/lib:/root/ros2_ws/install/mg400_rviz_plugin/lib:/root/ros2_ws/install/mg400_node/lib:/root/ros2_ws/install/mg400_plugin/lib:/root/ros2_ws/install/mg400_interface/lib:/root/ros2_ws/install/mg400_msgs/lib:/root/ros2_ws/install/mg400_common/lib:/opt/ros/humble/opt/rviz_ogre_vendor/lib:/opt/ros/humble/lib/x86_64-linux-gnu:/opt/ros/humble/lib PYTHONPATH=/root/ros2_ws/build/p9n_bringup/prefix_override:/usr/lib/python3/dist-packages/colcon_core/task/python/colcon_distutils_commands:/root/ros2_ws/install/p9n_bringup/lib/python3.10/site-packages:${PYTHONPATH} /usr/bin/python3 -W ignore:setup.py install is deprecated -W ignore:easy_install command is deprecated setup.py egg_info --egg-base ../../../build/p9n_bringup build --build-base /root/ros2_ws/build/p9n_bringup/build install --record /root/ros2_ws/build/p9n_bringup/install.log --install-scripts $base/lib/p9n_bringup --single-version-externally-managed install_data
[1.323s] Level 1:colcon.colcon_core.environment:checking '/root/ros2_ws/install/p9n_bringup' for CMake config files
[1.324s] Level 1:colcon.colcon_core.environment:checking '/root/ros2_ws/install/p9n_bringup/lib'
[1.324s] Level 1:colcon.colcon_core.environment:checking '/root/ros2_ws/install/p9n_bringup/bin'
[1.324s] Level 1:colcon.colcon_core.environment:checking '/root/ros2_ws/install/p9n_bringup/lib/pkgconfig/p9n_bringup.pc'
[1.324s] Level 1:colcon.colcon_core.environment:checking '/root/ros2_ws/install/p9n_bringup/lib/python3.10/site-packages'
[1.324s] Level 1:colcon.colcon_core.shell:create_environment_hook('p9n_bringup', 'pythonpath')
[1.325s] INFO:colcon.colcon_core.shell:Creating environment hook '/root/ros2_ws/install/p9n_bringup/share/p9n_bringup/hook/pythonpath.ps1'
[1.325s] INFO:colcon.colcon_core.shell:Creating environment descriptor '/root/ros2_ws/install/p9n_bringup/share/p9n_bringup/hook/pythonpath.dsv'
[1.325s] INFO:colcon.colcon_core.shell:Creating environment hook '/root/ros2_ws/install/p9n_bringup/share/p9n_bringup/hook/pythonpath.sh'
[1.326s] Level 1:colcon.colcon_core.environment:checking '/root/ros2_ws/install/p9n_bringup/bin'
[1.326s] Level 1:colcon.colcon_core.environment:create_environment_scripts_only(p9n_bringup)
[1.326s] INFO:colcon.colcon_core.shell:Creating package script '/root/ros2_ws/install/p9n_bringup/share/p9n_bringup/package.ps1'
[1.327s] INFO:colcon.colcon_core.shell:Creating package descriptor '/root/ros2_ws/install/p9n_bringup/share/p9n_bringup/package.dsv'
[1.327s] INFO:colcon.colcon_core.shell:Creating package script '/root/ros2_ws/install/p9n_bringup/share/p9n_bringup/package.sh'
[1.328s] INFO:colcon.colcon_core.shell:Creating package script '/root/ros2_ws/install/p9n_bringup/share/p9n_bringup/package.bash'
[1.328s] INFO:colcon.colcon_core.shell:Creating package script '/root/ros2_ws/install/p9n_bringup/share/p9n_bringup/package.zsh'
[1.328s] Level 1:colcon.colcon_core.environment:create_file_with_runtime_dependencies(/root/ros2_ws/install/p9n_bringup/share/colcon-core/packages/p9n_bringup)
[1.328s] INFO:colcon.colcon_ros.task.ament_cmake.build:Building ROS package in '/root/ros2_ws/src/PlayStation-JoyInterface-ROS2/p9n' with build type 'ament_cmake'
[1.329s] INFO:colcon.colcon_cmake.task.cmake.build:Building CMake package in '/root/ros2_ws/src/PlayStation-JoyInterface-ROS2/p9n'
[1.329s] INFO:colcon.colcon_core.shell:Skip shell extension 'powershell' for command environment: Not usable outside of PowerShell
[1.329s] DEBUG:colcon.colcon_core.shell:Skip shell extension 'dsv' for command environment
[1.351s] DEBUG:colcon.colcon_core.event_handler.log_command:Invoking command in '/root/ros2_ws/build/p9n': AMENT_PREFIX_PATH=/root/ros2_ws/install/p9n_bringup:/root/ros2_ws/install/p9n:/root/ros2_ws/install/p9n_test:/root/ros2_ws/install/p9n_node:/root/ros2_ws/install/p9n_example:/root/ros2_ws/install/mg400:/root/ros2_ws/install/mg400_bringup:/root/ros2_ws/install/mg400_joy:/root/ros2_ws/install/p9n_interface:/root/ros2_ws/install/mg400_tools:/root/ros2_ws/install/mg400_rviz_plugin:/root/ros2_ws/install/mg400_node:/root/ros2_ws/install/mg400_plugin:/root/ros2_ws/install/mg400_plugin_base:/root/ros2_ws/install/mg400_interface:/root/ros2_ws/install/mg400_msgs:/root/ros2_ws/install/mg400_description:/root/ros2_ws/install/mg400_common:/opt/ros/humble CMAKE_PREFIX_PATH=/root/ros2_ws/install/p9n_test:/root/ros2_ws/install/p9n_node:/root/ros2_ws/install/p9n_example:/root/ros2_ws/install/p9n_interface:/root/ros2_ws/install/p9n:/root/ros2_ws/install/mg400:/root/ros2_ws/install/mg400_joy:/root/ros2_ws/install/mg400_tools:/root/ros2_ws/install/mg400_rviz_plugin:/root/ros2_ws/install/mg400_node:/root/ros2_ws/install/mg400_plugin:/root/ros2_ws/install/mg400_plugin_base:/root/ros2_ws/install/mg400_interface:/root/ros2_ws/install/mg400_msgs:/root/ros2_ws/install/mg400_description:/root/ros2_ws/install/mg400_common:/root/ros2_ws/install/p9n_bringup:/root/ros2_ws/install/mg400_bringup:/opt/ros/humble PYTHONPATH=/root/ros2_ws/install/p9n_bringup/lib/python3.10/site-packages:/root/ros2_ws/build/p9n_bringup:/root/ros2_ws/build/mg400_bringup:/root/ros2_ws/install/mg400_bringup/lib/python3.10/site-packages:/root/ros2_ws/install/mg400_msgs/local/lib/python3.10/dist-packages:/opt/ros/humble/lib/python3.10/site-packages:/opt/ros/humble/local/lib/python3.10/dist-packages /usr/bin/cmake --build /root/ros2_ws/build/p9n -- -j16 -l16
[1.393s] DEBUG:colcon.colcon_core.event_handler.log_command:Invoked command in '/root/ros2_ws/build/p9n' returned '0': AMENT_PREFIX_PATH=/root/ros2_ws/install/p9n_bringup:/root/ros2_ws/install/p9n:/root/ros2_ws/install/p9n_test:/root/ros2_ws/install/p9n_node:/root/ros2_ws/install/p9n_example:/root/ros2_ws/install/mg400:/root/ros2_ws/install/mg400_bringup:/root/ros2_ws/install/mg400_joy:/root/ros2_ws/install/p9n_interface:/root/ros2_ws/install/mg400_tools:/root/ros2_ws/install/mg400_rviz_plugin:/root/ros2_ws/install/mg400_node:/root/ros2_ws/install/mg400_plugin:/root/ros2_ws/install/mg400_plugin_base:/root/ros2_ws/install/mg400_interface:/root/ros2_ws/install/mg400_msgs:/root/ros2_ws/install/mg400_description:/root/ros2_ws/install/mg400_common:/opt/ros/humble CMAKE_PREFIX_PATH=/root/ros2_ws/install/p9n_test:/root/ros2_ws/install/p9n_node:/root/ros2_ws/install/p9n_example:/root/ros2_ws/install/p9n_interface:/root/ros2_ws/install/p9n:/root/ros2_ws/install/mg400:/root/ros2_ws/install/mg400_joy:/root/ros2_ws/install/mg400_tools:/root/ros2_ws/install/mg400_rviz_plugin:/root/ros2_ws/install/mg400_node:/root/ros2_ws/install/mg400_plugin:/root/ros2_ws/install/mg400_plugin_base:/root/ros2_ws/install/mg400_interface:/root/ros2_ws/install/mg400_msgs:/root/ros2_ws/install/mg400_description:/root/ros2_ws/install/mg400_common:/root/ros2_ws/install/p9n_bringup:/root/ros2_ws/install/mg400_bringup:/opt/ros/humble PYTHONPATH=/root/ros2_ws/install/p9n_bringup/lib/python3.10/site-packages:/root/ros2_ws/build/p9n_bringup:/root/ros2_ws/build/mg400_bringup:/root/ros2_ws/install/mg400_bringup/lib/python3.10/site-packages:/root/ros2_ws/install/mg400_msgs/local/lib/python3.10/dist-packages:/opt/ros/humble/lib/python3.10/site-packages:/opt/ros/humble/local/lib/python3.10/dist-packages /usr/bin/cmake --build /root/ros2_ws/build/p9n -- -j16 -l16
[1.395s] DEBUG:colcon.colcon_core.event_handler.log_command:Invoking command in '/root/ros2_ws/build/p9n': AMENT_PREFIX_PATH=/root/ros2_ws/install/p9n_bringup:/root/ros2_ws/install/p9n:/root/ros2_ws/install/p9n_test:/root/ros2_ws/install/p9n_node:/root/ros2_ws/install/p9n_example:/root/ros2_ws/install/mg400:/root/ros2_ws/install/mg400_bringup:/root/ros2_ws/install/mg400_joy:/root/ros2_ws/install/p9n_interface:/root/ros2_ws/install/mg400_tools:/root/ros2_ws/install/mg400_rviz_plugin:/root/ros2_ws/install/mg400_node:/root/ros2_ws/install/mg400_plugin:/root/ros2_ws/install/mg400_plugin_base:/root/ros2_ws/install/mg400_interface:/root/ros2_ws/install/mg400_msgs:/root/ros2_ws/install/mg400_description:/root/ros2_ws/install/mg400_common:/opt/ros/humble CMAKE_PREFIX_PATH=/root/ros2_ws/install/p9n_test:/root/ros2_ws/install/p9n_node:/root/ros2_ws/install/p9n_example:/root/ros2_ws/install/p9n_interface:/root/ros2_ws/install/p9n:/root/ros2_ws/install/mg400:/root/ros2_ws/install/mg400_joy:/root/ros2_ws/install/mg400_tools:/root/ros2_ws/install/mg400_rviz_plugin:/root/ros2_ws/install/mg400_node:/root/ros2_ws/install/mg400_plugin:/root/ros2_ws/install/mg400_plugin_base:/root/ros2_ws/install/mg400_interface:/root/ros2_ws/install/mg400_msgs:/root/ros2_ws/install/mg400_description:/root/ros2_ws/install/mg400_common:/root/ros2_ws/install/p9n_bringup:/root/ros2_ws/install/mg400_bringup:/opt/ros/humble PYTHONPATH=/root/ros2_ws/install/p9n_bringup/lib/python3.10/site-packages:/root/ros2_ws/build/p9n_bringup:/root/ros2_ws/build/mg400_bringup:/root/ros2_ws/install/mg400_bringup/lib/python3.10/site-packages:/root/ros2_ws/install/mg400_msgs/local/lib/python3.10/dist-packages:/opt/ros/humble/lib/python3.10/site-packages:/opt/ros/humble/local/lib/python3.10/dist-packages /usr/bin/cmake --install /root/ros2_ws/build/p9n
[1.418s] Level 1:colcon.colcon_core.environment:create_environment_scripts_only(p9n)
[1.419s] Level 1:colcon.colcon_core.environment:checking '/root/ros2_ws/install/p9n' for CMake module files
[1.419s] DEBUG:colcon.colcon_core.event_handler.log_command:Invoked command in '/root/ros2_ws/build/p9n' returned '0': AMENT_PREFIX_PATH=/root/ros2_ws/install/p9n_bringup:/root/ros2_ws/install/p9n:/root/ros2_ws/install/p9n_test:/root/ros2_ws/install/p9n_node:/root/ros2_ws/install/p9n_example:/root/ros2_ws/install/mg400:/root/ros2_ws/install/mg400_bringup:/root/ros2_ws/install/mg400_joy:/root/ros2_ws/install/p9n_interface:/root/ros2_ws/install/mg400_tools:/root/ros2_ws/install/mg400_rviz_plugin:/root/ros2_ws/install/mg400_node:/root/ros2_ws/install/mg400_plugin:/root/ros2_ws/install/mg400_plugin_base:/root/ros2_ws/install/mg400_interface:/root/ros2_ws/install/mg400_msgs:/root/ros2_ws/install/mg400_description:/root/ros2_ws/install/mg400_common:/opt/ros/humble CMAKE_PREFIX_PATH=/root/ros2_ws/install/p9n_test:/root/ros2_ws/install/p9n_node:/root/ros2_ws/install/p9n_example:/root/ros2_ws/install/p9n_interface:/root/ros2_ws/install/p9n:/root/ros2_ws/install/mg400:/root/ros2_ws/install/mg400_joy:/root/ros2_ws/install/mg400_tools:/root/ros2_ws/install/mg400_rviz_plugin:/root/ros2_ws/install/mg400_node:/root/ros2_ws/install/mg400_plugin:/root/ros2_ws/install/mg400_plugin_base:/root/ros2_ws/install/mg400_interface:/root/ros2_ws/install/mg400_msgs:/root/ros2_ws/install/mg400_description:/root/ros2_ws/install/mg400_common:/root/ros2_ws/install/p9n_bringup:/root/ros2_ws/install/mg400_bringup:/opt/ros/humble PYTHONPATH=/root/ros2_ws/install/p9n_bringup/lib/python3.10/site-packages:/root/ros2_ws/build/p9n_bringup:/root/ros2_ws/build/mg400_bringup:/root/ros2_ws/install/mg400_bringup/lib/python3.10/site-packages:/root/ros2_ws/install/mg400_msgs/local/lib/python3.10/dist-packages:/opt/ros/humble/lib/python3.10/site-packages:/opt/ros/humble/local/lib/python3.10/dist-packages /usr/bin/cmake --install /root/ros2_ws/build/p9n
[1.420s] Level 1:colcon.colcon_core.environment:checking '/root/ros2_ws/install/p9n' for CMake config files
[1.420s] Level 1:colcon.colcon_core.shell:create_environment_hook('p9n', 'cmake_prefix_path')
[1.420s] INFO:colcon.colcon_core.shell:Creating environment hook '/root/ros2_ws/install/p9n/share/p9n/hook/cmake_prefix_path.ps1'
[1.420s] INFO:colcon.colcon_core.shell:Creating environment descriptor '/root/ros2_ws/install/p9n/share/p9n/hook/cmake_prefix_path.dsv'
[1.421s] INFO:colcon.colcon_core.shell:Creating environment hook '/root/ros2_ws/install/p9n/share/p9n/hook/cmake_prefix_path.sh'
[1.421s] Level 1:colcon.colcon_core.environment:checking '/root/ros2_ws/install/p9n/bin'
[1.421s] Level 1:colcon.colcon_core.environment:checking '/root/ros2_ws/install/p9n/lib/pkgconfig/p9n.pc'
[1.421s] Level 1:colcon.colcon_core.environment:checking '/root/ros2_ws/install/p9n/lib/python3.10/site-packages'
[1.422s] Level 1:colcon.colcon_core.environment:checking '/root/ros2_ws/install/p9n/bin'
[1.422s] INFO:colcon.colcon_core.shell:Creating package script '/root/ros2_ws/install/p9n/share/p9n/package.ps1'
[1.422s] INFO:colcon.colcon_core.shell:Creating package descriptor '/root/ros2_ws/install/p9n/share/p9n/package.dsv'
[1.423s] INFO:colcon.colcon_core.shell:Creating package script '/root/ros2_ws/install/p9n/share/p9n/package.sh'
[1.423s] INFO:colcon.colcon_core.shell:Creating package script '/root/ros2_ws/install/p9n/share/p9n/package.bash'
[1.423s] INFO:colcon.colcon_core.shell:Creating package script '/root/ros2_ws/install/p9n/share/p9n/package.zsh'
[1.424s] Level 1:colcon.colcon_core.environment:create_file_with_runtime_dependencies(/root/ros2_ws/install/p9n/share/colcon-core/packages/p9n)
[1.424s] Level 1:colcon.colcon_core.environment:create_environment_scripts_only(p9n)
[1.424s] Level 1:colcon.colcon_core.environment:checking '/root/ros2_ws/install/p9n' for CMake module files
[1.424s] Level 1:colcon.colcon_core.environment:checking '/root/ros2_ws/install/p9n' for CMake config files
[1.425s] Level 1:colcon.colcon_core.shell:create_environment_hook('p9n', 'cmake_prefix_path')
[1.425s] INFO:colcon.colcon_core.shell:Creating environment hook '/root/ros2_ws/install/p9n/share/p9n/hook/cmake_prefix_path.ps1'
[1.425s] INFO:colcon.colcon_core.shell:Creating environment descriptor '/root/ros2_ws/install/p9n/share/p9n/hook/cmake_prefix_path.dsv'
[1.426s] INFO:colcon.colcon_core.shell:Creating environment hook '/root/ros2_ws/install/p9n/share/p9n/hook/cmake_prefix_path.sh'
[1.426s] Level 1:colcon.colcon_core.environment:checking '/root/ros2_ws/install/p9n/bin'
[1.426s] Level 1:colcon.colcon_core.environment:checking '/root/ros2_ws/install/p9n/lib/pkgconfig/p9n.pc'
[1.426s] Level 1:colcon.colcon_core.environment:checking '/root/ros2_ws/install/p9n/lib/python3.10/site-packages'
[1.426s] Level 1:colcon.colcon_core.environment:checking '/root/ros2_ws/install/p9n/bin'
[1.427s] INFO:colcon.colcon_core.shell:Creating package script '/root/ros2_ws/install/p9n/share/p9n/package.ps1'
[1.427s] INFO:colcon.colcon_core.shell:Creating package descriptor '/root/ros2_ws/install/p9n/share/p9n/package.dsv'
[1.427s] INFO:colcon.colcon_core.shell:Creating package script '/root/ros2_ws/install/p9n/share/p9n/package.sh'
[1.428s] INFO:colcon.colcon_core.shell:Creating package script '/root/ros2_ws/install/p9n/share/p9n/package.bash'
[1.428s] INFO:colcon.colcon_core.shell:Creating package script '/root/ros2_ws/install/p9n/share/p9n/package.zsh'
[1.428s] Level 1:colcon.colcon_core.environment:create_file_with_runtime_dependencies(/root/ros2_ws/install/p9n/share/colcon-core/packages/p9n)
[1.795s] DEBUG:colcon.colcon_core.event_handler.log_command:Invoked command in '/root/ros2_ws/build/mg400_plugin_base' returned '0': CMAKE_PREFIX_PATH=/root/ros2_ws/install/mg400_interface:/root/ros2_ws/install/mg400_msgs:/root/ros2_ws/install/mg400_common:/root/ros2_ws/install/p9n:/root/ros2_ws/install/p9n_test:/root/ros2_ws/install/p9n_node:/root/ros2_ws/install/p9n_example:/root/ros2_ws/install/mg400:/root/ros2_ws/install/mg400_joy:/root/ros2_ws/install/p9n_interface:/root/ros2_ws/install/mg400_tools:/root/ros2_ws/install/mg400_rviz_plugin:/root/ros2_ws/install/mg400_node:/root/ros2_ws/install/mg400_plugin:/root/ros2_ws/install/mg400_plugin_base:/root/ros2_ws/install/mg400_description:/root/ros2_ws/install/p9n_bringup:/root/ros2_ws/install/mg400_bringup:/opt/ros/humble LD_LIBRARY_PATH=/root/ros2_ws/install/mg400_msgs/lib:/root/ros2_ws/install/mg400_common/lib:/root/ros2_ws/install/p9n_test/lib:/root/ros2_ws/install/p9n_node/lib:/root/ros2_ws/install/p9n_example/lib:/root/ros2_ws/install/mg400_joy/lib:/root/ros2_ws/install/p9n_interface/lib:/root/ros2_ws/install/mg400_rviz_plugin/lib:/root/ros2_ws/install/mg400_node/lib:/root/ros2_ws/install/mg400_plugin/lib:/root/ros2_ws/install/mg400_interface/lib:/opt/ros/humble/opt/rviz_ogre_vendor/lib:/opt/ros/humble/lib/x86_64-linux-gnu:/opt/ros/humble/lib /usr/bin/cmake /root/ros2_ws/src/MG400_ROS2/mg400_plugin_base -DCMAKE_INSTALL_PREFIX=/root/ros2_ws/install/mg400_plugin_base
[1.796s] DEBUG:colcon.colcon_core.event_handler.log_command:Invoking command in '/root/ros2_ws/build/mg400_plugin_base': CMAKE_PREFIX_PATH=/root/ros2_ws/install/mg400_interface:/root/ros2_ws/install/mg400_msgs:/root/ros2_ws/install/mg400_common:/root/ros2_ws/install/p9n:/root/ros2_ws/install/p9n_test:/root/ros2_ws/install/p9n_node:/root/ros2_ws/install/p9n_example:/root/ros2_ws/install/mg400:/root/ros2_ws/install/mg400_joy:/root/ros2_ws/install/p9n_interface:/root/ros2_ws/install/mg400_tools:/root/ros2_ws/install/mg400_rviz_plugin:/root/ros2_ws/install/mg400_node:/root/ros2_ws/install/mg400_plugin:/root/ros2_ws/install/mg400_plugin_base:/root/ros2_ws/install/mg400_description:/root/ros2_ws/install/p9n_bringup:/root/ros2_ws/install/mg400_bringup:/opt/ros/humble LD_LIBRARY_PATH=/root/ros2_ws/install/mg400_msgs/lib:/root/ros2_ws/install/mg400_common/lib:/root/ros2_ws/install/p9n_test/lib:/root/ros2_ws/install/p9n_node/lib:/root/ros2_ws/install/p9n_example/lib:/root/ros2_ws/install/mg400_joy/lib:/root/ros2_ws/install/p9n_interface/lib:/root/ros2_ws/install/mg400_rviz_plugin/lib:/root/ros2_ws/install/mg400_node/lib:/root/ros2_ws/install/mg400_plugin/lib:/root/ros2_ws/install/mg400_interface/lib:/opt/ros/humble/opt/rviz_ogre_vendor/lib:/opt/ros/humble/lib/x86_64-linux-gnu:/opt/ros/humble/lib /usr/bin/cmake --build /root/ros2_ws/build/mg400_plugin_base -- -j16 -l16
[1.832s] DEBUG:colcon.colcon_core.event_handler.log_command:Invoked command in '/root/ros2_ws/build/mg400_joy' returned '0': CMAKE_PREFIX_PATH=/root/ros2_ws/install/mg400_interface:/root/ros2_ws/install/p9n_interface:/root/ros2_ws/install/mg400_msgs:/root/ros2_ws/install/mg400_common:/root/ros2_ws/install/p9n:/root/ros2_ws/install/p9n_test:/root/ros2_ws/install/p9n_node:/root/ros2_ws/install/p9n_example:/root/ros2_ws/install/mg400:/root/ros2_ws/install/mg400_joy:/root/ros2_ws/install/mg400_tools:/root/ros2_ws/install/mg400_rviz_plugin:/root/ros2_ws/install/mg400_node:/root/ros2_ws/install/mg400_plugin:/root/ros2_ws/install/mg400_plugin_base:/root/ros2_ws/install/mg400_description:/root/ros2_ws/install/p9n_bringup:/root/ros2_ws/install/mg400_bringup:/opt/ros/humble LD_LIBRARY_PATH=/root/ros2_ws/install/mg400_msgs/lib:/root/ros2_ws/install/mg400_common/lib:/root/ros2_ws/install/p9n_test/lib:/root/ros2_ws/install/p9n_node/lib:/root/ros2_ws/install/p9n_example/lib:/root/ros2_ws/install/mg400_joy/lib:/root/ros2_ws/install/p9n_interface/lib:/root/ros2_ws/install/mg400_rviz_plugin/lib:/root/ros2_ws/install/mg400_node/lib:/root/ros2_ws/install/mg400_plugin/lib:/root/ros2_ws/install/mg400_interface/lib:/opt/ros/humble/opt/rviz_ogre_vendor/lib:/opt/ros/humble/lib/x86_64-linux-gnu:/opt/ros/humble/lib /usr/bin/cmake /root/ros2_ws/src/MG400_ROS2/mg400_joy -DCMAKE_INSTALL_PREFIX=/root/ros2_ws/install/mg400_joy
[1.834s] DEBUG:colcon.colcon_core.event_handler.log_command:Invoking command in '/root/ros2_ws/build/mg400_joy': CMAKE_PREFIX_PATH=/root/ros2_ws/install/mg400_interface:/root/ros2_ws/install/p9n_interface:/root/ros2_ws/install/mg400_msgs:/root/ros2_ws/install/mg400_common:/root/ros2_ws/install/p9n:/root/ros2_ws/install/p9n_test:/root/ros2_ws/install/p9n_node:/root/ros2_ws/install/p9n_example:/root/ros2_ws/install/mg400:/root/ros2_ws/install/mg400_joy:/root/ros2_ws/install/mg400_tools:/root/ros2_ws/install/mg400_rviz_plugin:/root/ros2_ws/install/mg400_node:/root/ros2_ws/install/mg400_plugin:/root/ros2_ws/install/mg400_plugin_base:/root/ros2_ws/install/mg400_description:/root/ros2_ws/install/p9n_bringup:/root/ros2_ws/install/mg400_bringup:/opt/ros/humble LD_LIBRARY_PATH=/root/ros2_ws/install/mg400_msgs/lib:/root/ros2_ws/install/mg400_common/lib:/root/ros2_ws/install/p9n_test/lib:/root/ros2_ws/install/p9n_node/lib:/root/ros2_ws/install/p9n_example/lib:/root/ros2_ws/install/mg400_joy/lib:/root/ros2_ws/install/p9n_interface/lib:/root/ros2_ws/install/mg400_rviz_plugin/lib:/root/ros2_ws/install/mg400_node/lib:/root/ros2_ws/install/mg400_plugin/lib:/root/ros2_ws/install/mg400_interface/lib:/opt/ros/humble/opt/rviz_ogre_vendor/lib:/opt/ros/humble/lib/x86_64-linux-gnu:/opt/ros/humble/lib /usr/bin/cmake --build /root/ros2_ws/build/mg400_joy -- -j16 -l16
[1.844s] DEBUG:colcon.colcon_core.event_handler.log_command:Invoked command in '/root/ros2_ws/build/mg400_plugin_base' returned '0': CMAKE_PREFIX_PATH=/root/ros2_ws/install/mg400_interface:/root/ros2_ws/install/mg400_msgs:/root/ros2_ws/install/mg400_common:/root/ros2_ws/install/p9n:/root/ros2_ws/install/p9n_test:/root/ros2_ws/install/p9n_node:/root/ros2_ws/install/p9n_example:/root/ros2_ws/install/mg400:/root/ros2_ws/install/mg400_joy:/root/ros2_ws/install/p9n_interface:/root/ros2_ws/install/mg400_tools:/root/ros2_ws/install/mg400_rviz_plugin:/root/ros2_ws/install/mg400_node:/root/ros2_ws/install/mg400_plugin:/root/ros2_ws/install/mg400_plugin_base:/root/ros2_ws/install/mg400_description:/root/ros2_ws/install/p9n_bringup:/root/ros2_ws/install/mg400_bringup:/opt/ros/humble LD_LIBRARY_PATH=/root/ros2_ws/install/mg400_msgs/lib:/root/ros2_ws/install/mg400_common/lib:/root/ros2_ws/install/p9n_test/lib:/root/ros2_ws/install/p9n_node/lib:/root/ros2_ws/install/p9n_example/lib:/root/ros2_ws/install/mg400_joy/lib:/root/ros2_ws/install/p9n_interface/lib:/root/ros2_ws/install/mg400_rviz_plugin/lib:/root/ros2_ws/install/mg400_node/lib:/root/ros2_ws/install/mg400_plugin/lib:/root/ros2_ws/install/mg400_interface/lib:/opt/ros/humble/opt/rviz_ogre_vendor/lib:/opt/ros/humble/lib/x86_64-linux-gnu:/opt/ros/humble/lib /usr/bin/cmake --build /root/ros2_ws/build/mg400_plugin_base -- -j16 -l16
[1.846s] DEBUG:colcon.colcon_core.event_handler.log_command:Invoking command in '/root/ros2_ws/build/mg400_plugin_base': CMAKE_PREFIX_PATH=/root/ros2_ws/install/mg400_interface:/root/ros2_ws/install/mg400_msgs:/root/ros2_ws/install/mg400_common:/root/ros2_ws/install/p9n:/root/ros2_ws/install/p9n_test:/root/ros2_ws/install/p9n_node:/root/ros2_ws/install/p9n_example:/root/ros2_ws/install/mg400:/root/ros2_ws/install/mg400_joy:/root/ros2_ws/install/p9n_interface:/root/ros2_ws/install/mg400_tools:/root/ros2_ws/install/mg400_rviz_plugin:/root/ros2_ws/install/mg400_node:/root/ros2_ws/install/mg400_plugin:/root/ros2_ws/install/mg400_plugin_base:/root/ros2_ws/install/mg400_description:/root/ros2_ws/install/p9n_bringup:/root/ros2_ws/install/mg400_bringup:/opt/ros/humble LD_LIBRARY_PATH=/root/ros2_ws/install/mg400_msgs/lib:/root/ros2_ws/install/mg400_common/lib:/root/ros2_ws/install/p9n_test/lib:/root/ros2_ws/install/p9n_node/lib:/root/ros2_ws/install/p9n_example/lib:/root/ros2_ws/install/mg400_joy/lib:/root/ros2_ws/install/p9n_interface/lib:/root/ros2_ws/install/mg400_rviz_plugin/lib:/root/ros2_ws/install/mg400_node/lib:/root/ros2_ws/install/mg400_plugin/lib:/root/ros2_ws/install/mg400_interface/lib:/opt/ros/humble/opt/rviz_ogre_vendor/lib:/opt/ros/humble/lib/x86_64-linux-gnu:/opt/ros/humble/lib /usr/bin/cmake --install /root/ros2_ws/build/mg400_plugin_base
[1.868s] Level 1:colcon.colcon_core.environment:create_environment_scripts_only(mg400_plugin_base)
[1.869s] Level 1:colcon.colcon_core.environment:checking '/root/ros2_ws/install/mg400_plugin_base' for CMake module files
[1.869s] DEBUG:colcon.colcon_core.event_handler.log_command:Invoked command in '/root/ros2_ws/build/mg400_plugin_base' returned '0': CMAKE_PREFIX_PATH=/root/ros2_ws/install/mg400_interface:/root/ros2_ws/install/mg400_msgs:/root/ros2_ws/install/mg400_common:/root/ros2_ws/install/p9n:/root/ros2_ws/install/p9n_test:/root/ros2_ws/install/p9n_node:/root/ros2_ws/install/p9n_example:/root/ros2_ws/install/mg400:/root/ros2_ws/install/mg400_joy:/root/ros2_ws/install/p9n_interface:/root/ros2_ws/install/mg400_tools:/root/ros2_ws/install/mg400_rviz_plugin:/root/ros2_ws/install/mg400_node:/root/ros2_ws/install/mg400_plugin:/root/ros2_ws/install/mg400_plugin_base:/root/ros2_ws/install/mg400_description:/root/ros2_ws/install/p9n_bringup:/root/ros2_ws/install/mg400_bringup:/opt/ros/humble LD_LIBRARY_PATH=/root/ros2_ws/install/mg400_msgs/lib:/root/ros2_ws/install/mg400_common/lib:/root/ros2_ws/install/p9n_test/lib:/root/ros2_ws/install/p9n_node/lib:/root/ros2_ws/install/p9n_example/lib:/root/ros2_ws/install/mg400_joy/lib:/root/ros2_ws/install/p9n_interface/lib:/root/ros2_ws/install/mg400_rviz_plugin/lib:/root/ros2_ws/install/mg400_node/lib:/root/ros2_ws/install/mg400_plugin/lib:/root/ros2_ws/install/mg400_interface/lib:/opt/ros/humble/opt/rviz_ogre_vendor/lib:/opt/ros/humble/lib/x86_64-linux-gnu:/opt/ros/humble/lib /usr/bin/cmake --install /root/ros2_ws/build/mg400_plugin_base
[1.869s] Level 1:colcon.colcon_core.environment:checking '/root/ros2_ws/install/mg400_plugin_base' for CMake config files
[1.870s] Level 1:colcon.colcon_core.shell:create_environment_hook('mg400_plugin_base', 'cmake_prefix_path')
[1.870s] INFO:colcon.colcon_core.shell:Creating environment hook '/root/ros2_ws/install/mg400_plugin_base/share/mg400_plugin_base/hook/cmake_prefix_path.ps1'
[1.870s] INFO:colcon.colcon_core.shell:Creating environment descriptor '/root/ros2_ws/install/mg400_plugin_base/share/mg400_plugin_base/hook/cmake_prefix_path.dsv'
[1.870s] INFO:colcon.colcon_core.shell:Creating environment hook '/root/ros2_ws/install/mg400_plugin_base/share/mg400_plugin_base/hook/cmake_prefix_path.sh'
[1.871s] Level 1:colcon.colcon_core.environment:checking '/root/ros2_ws/install/mg400_plugin_base/bin'
[1.871s] Level 1:colcon.colcon_core.environment:checking '/root/ros2_ws/install/mg400_plugin_base/lib/pkgconfig/mg400_plugin_base.pc'
[1.871s] Level 1:colcon.colcon_core.environment:checking '/root/ros2_ws/install/mg400_plugin_base/lib/python3.10/site-packages'
[1.872s] Level 1:colcon.colcon_core.environment:checking '/root/ros2_ws/install/mg400_plugin_base/bin'
[1.872s] INFO:colcon.colcon_core.shell:Creating package script '/root/ros2_ws/install/mg400_plugin_base/share/mg400_plugin_base/package.ps1'
[1.872s] INFO:colcon.colcon_core.shell:Creating package descriptor '/root/ros2_ws/install/mg400_plugin_base/share/mg400_plugin_base/package.dsv'
[1.873s] INFO:colcon.colcon_core.shell:Creating package script '/root/ros2_ws/install/mg400_plugin_base/share/mg400_plugin_base/package.sh'
[1.873s] INFO:colcon.colcon_core.shell:Creating package script '/root/ros2_ws/install/mg400_plugin_base/share/mg400_plugin_base/package.bash'
[1.873s] INFO:colcon.colcon_core.shell:Creating package script '/root/ros2_ws/install/mg400_plugin_base/share/mg400_plugin_base/package.zsh'
[1.873s] Level 1:colcon.colcon_core.environment:create_file_with_runtime_dependencies(/root/ros2_ws/install/mg400_plugin_base/share/colcon-core/packages/mg400_plugin_base)
[1.874s] Level 1:colcon.colcon_core.environment:create_environment_scripts_only(mg400_plugin_base)
[1.874s] Level 1:colcon.colcon_core.environment:checking '/root/ros2_ws/install/mg400_plugin_base' for CMake module files
[1.875s] Level 1:colcon.colcon_core.environment:checking '/root/ros2_ws/install/mg400_plugin_base' for CMake config files
[1.875s] Level 1:colcon.colcon_core.shell:create_environment_hook('mg400_plugin_base', 'cmake_prefix_path')
[1.875s] INFO:colcon.colcon_core.shell:Creating environment hook '/root/ros2_ws/install/mg400_plugin_base/share/mg400_plugin_base/hook/cmake_prefix_path.ps1'
[1.876s] INFO:colcon.colcon_core.shell:Creating environment descriptor '/root/ros2_ws/install/mg400_plugin_base/share/mg400_plugin_base/hook/cmake_prefix_path.dsv'
[1.876s] INFO:colcon.colcon_core.shell:Creating environment hook '/root/ros2_ws/install/mg400_plugin_base/share/mg400_plugin_base/hook/cmake_prefix_path.sh'
[1.876s] Level 1:colcon.colcon_core.environment:checking '/root/ros2_ws/install/mg400_plugin_base/bin'
[1.876s] Level 1:colcon.colcon_core.environment:checking '/root/ros2_ws/install/mg400_plugin_base/lib/pkgconfig/mg400_plugin_base.pc'
[1.877s] Level 1:colcon.colcon_core.environment:checking '/root/ros2_ws/install/mg400_plugin_base/lib/python3.10/site-packages'
[1.877s] Level 1:colcon.colcon_core.environment:checking '/root/ros2_ws/install/mg400_plugin_base/bin'
[1.877s] INFO:colcon.colcon_core.shell:Creating package script '/root/ros2_ws/install/mg400_plugin_base/share/mg400_plugin_base/package.ps1'
[1.877s] INFO:colcon.colcon_core.shell:Creating package descriptor '/root/ros2_ws/install/mg400_plugin_base/share/mg400_plugin_base/package.dsv'
[1.878s] INFO:colcon.colcon_core.shell:Creating package script '/root/ros2_ws/install/mg400_plugin_base/share/mg400_plugin_base/package.sh'
[1.878s] INFO:colcon.colcon_core.shell:Creating package script '/root/ros2_ws/install/mg400_plugin_base/share/mg400_plugin_base/package.bash'
[1.878s] INFO:colcon.colcon_core.shell:Creating package script '/root/ros2_ws/install/mg400_plugin_base/share/mg400_plugin_base/package.zsh'
[1.879s] Level 1:colcon.colcon_core.environment:create_file_with_runtime_dependencies(/root/ros2_ws/install/mg400_plugin_base/share/colcon-core/packages/mg400_plugin_base)
[1.879s] INFO:colcon.colcon_ros.task.ament_cmake.build:Building ROS package in '/root/ros2_ws/src/MG400_ROS2/mg400_plugin' with build type 'ament_cmake'
[1.879s] INFO:colcon.colcon_cmake.task.cmake.build:Building CMake package in '/root/ros2_ws/src/MG400_ROS2/mg400_plugin'
[1.879s] INFO:colcon.colcon_core.shell:Skip shell extension 'powershell' for command environment: Not usable outside of PowerShell
[1.879s] DEBUG:colcon.colcon_core.shell:Skip shell extension 'dsv' for command environment
[1.897s] DEBUG:colcon.colcon_core.event_handler.log_command:Invoking command in '/root/ros2_ws/build/mg400_plugin': CMAKE_PREFIX_PATH=/root/ros2_ws/install/mg400_plugin_base:/root/ros2_ws/install/mg400_interface:/root/ros2_ws/install/mg400_msgs:/root/ros2_ws/install/mg400_common:/root/ros2_ws/install/p9n:/root/ros2_ws/install/p9n_test:/root/ros2_ws/install/p9n_node:/root/ros2_ws/install/p9n_example:/root/ros2_ws/install/mg400:/root/ros2_ws/install/mg400_joy:/root/ros2_ws/install/p9n_interface:/root/ros2_ws/install/mg400_tools:/root/ros2_ws/install/mg400_rviz_plugin:/root/ros2_ws/install/mg400_node:/root/ros2_ws/install/mg400_plugin:/root/ros2_ws/install/mg400_description:/root/ros2_ws/install/p9n_bringup:/root/ros2_ws/install/mg400_bringup:/opt/ros/humble LD_LIBRARY_PATH=/root/ros2_ws/install/mg400_msgs/lib:/root/ros2_ws/install/mg400_common/lib:/root/ros2_ws/install/p9n_test/lib:/root/ros2_ws/install/p9n_node/lib:/root/ros2_ws/install/p9n_example/lib:/root/ros2_ws/install/mg400_joy/lib:/root/ros2_ws/install/p9n_interface/lib:/root/ros2_ws/install/mg400_rviz_plugin/lib:/root/ros2_ws/install/mg400_node/lib:/root/ros2_ws/install/mg400_plugin/lib:/root/ros2_ws/install/mg400_interface/lib:/opt/ros/humble/opt/rviz_ogre_vendor/lib:/opt/ros/humble/lib/x86_64-linux-gnu:/opt/ros/humble/lib /usr/bin/cmake /root/ros2_ws/src/MG400_ROS2/mg400_plugin -DCMAKE_INSTALL_PREFIX=/root/ros2_ws/install/mg400_plugin
[1.985s] DEBUG:colcon.colcon_core.event_handler.log_command:Invoked command in '/root/ros2_ws/build/mg400_rviz_plugin' returned '0': CMAKE_PREFIX_PATH=/root/ros2_ws/install/mg400_interface:/root/ros2_ws/install/mg400_msgs:/root/ros2_ws/install/mg400_common:/root/ros2_ws/install/p9n:/root/ros2_ws/install/p9n_test:/root/ros2_ws/install/p9n_node:/root/ros2_ws/install/p9n_example:/root/ros2_ws/install/mg400:/root/ros2_ws/install/mg400_joy:/root/ros2_ws/install/p9n_interface:/root/ros2_ws/install/mg400_tools:/root/ros2_ws/install/mg400_rviz_plugin:/root/ros2_ws/install/mg400_node:/root/ros2_ws/install/mg400_plugin:/root/ros2_ws/install/mg400_plugin_base:/root/ros2_ws/install/mg400_description:/root/ros2_ws/install/p9n_bringup:/root/ros2_ws/install/mg400_bringup:/opt/ros/humble LD_LIBRARY_PATH=/root/ros2_ws/install/mg400_msgs/lib:/root/ros2_ws/install/mg400_common/lib:/root/ros2_ws/install/p9n_test/lib:/root/ros2_ws/install/p9n_node/lib:/root/ros2_ws/install/p9n_example/lib:/root/ros2_ws/install/mg400_joy/lib:/root/ros2_ws/install/p9n_interface/lib:/root/ros2_ws/install/mg400_rviz_plugin/lib:/root/ros2_ws/install/mg400_node/lib:/root/ros2_ws/install/mg400_plugin/lib:/root/ros2_ws/install/mg400_interface/lib:/opt/ros/humble/opt/rviz_ogre_vendor/lib:/opt/ros/humble/lib/x86_64-linux-gnu:/opt/ros/humble/lib /usr/bin/cmake /root/ros2_ws/src/MG400_ROS2/mg400_rviz_plugin -DCMAKE_INSTALL_PREFIX=/root/ros2_ws/install/mg400_rviz_plugin
[1.987s] DEBUG:colcon.colcon_core.event_handler.log_command:Invoking command in '/root/ros2_ws/build/mg400_rviz_plugin': CMAKE_PREFIX_PATH=/root/ros2_ws/install/mg400_interface:/root/ros2_ws/install/mg400_msgs:/root/ros2_ws/install/mg400_common:/root/ros2_ws/install/p9n:/root/ros2_ws/install/p9n_test:/root/ros2_ws/install/p9n_node:/root/ros2_ws/install/p9n_example:/root/ros2_ws/install/mg400:/root/ros2_ws/install/mg400_joy:/root/ros2_ws/install/p9n_interface:/root/ros2_ws/install/mg400_tools:/root/ros2_ws/install/mg400_rviz_plugin:/root/ros2_ws/install/mg400_node:/root/ros2_ws/install/mg400_plugin:/root/ros2_ws/install/mg400_plugin_base:/root/ros2_ws/install/mg400_description:/root/ros2_ws/install/p9n_bringup:/root/ros2_ws/install/mg400_bringup:/opt/ros/humble LD_LIBRARY_PATH=/root/ros2_ws/install/mg400_msgs/lib:/root/ros2_ws/install/mg400_common/lib:/root/ros2_ws/install/p9n_test/lib:/root/ros2_ws/install/p9n_node/lib:/root/ros2_ws/install/p9n_example/lib:/root/ros2_ws/install/mg400_joy/lib:/root/ros2_ws/install/p9n_interface/lib:/root/ros2_ws/install/mg400_rviz_plugin/lib:/root/ros2_ws/install/mg400_node/lib:/root/ros2_ws/install/mg400_plugin/lib:/root/ros2_ws/install/mg400_interface/lib:/opt/ros/humble/opt/rviz_ogre_vendor/lib:/opt/ros/humble/lib/x86_64-linux-gnu:/opt/ros/humble/lib /usr/bin/cmake --build /root/ros2_ws/build/mg400_rviz_plugin -- -j16 -l16
[2.141s] DEBUG:colcon.colcon_core.event_handler.log_command:Invoked command in '/root/ros2_ws/build/mg400_rviz_plugin' returned '0': CMAKE_PREFIX_PATH=/root/ros2_ws/install/mg400_interface:/root/ros2_ws/install/mg400_msgs:/root/ros2_ws/install/mg400_common:/root/ros2_ws/install/p9n:/root/ros2_ws/install/p9n_test:/root/ros2_ws/install/p9n_node:/root/ros2_ws/install/p9n_example:/root/ros2_ws/install/mg400:/root/ros2_ws/install/mg400_joy:/root/ros2_ws/install/p9n_interface:/root/ros2_ws/install/mg400_tools:/root/ros2_ws/install/mg400_rviz_plugin:/root/ros2_ws/install/mg400_node:/root/ros2_ws/install/mg400_plugin:/root/ros2_ws/install/mg400_plugin_base:/root/ros2_ws/install/mg400_description:/root/ros2_ws/install/p9n_bringup:/root/ros2_ws/install/mg400_bringup:/opt/ros/humble LD_LIBRARY_PATH=/root/ros2_ws/install/mg400_msgs/lib:/root/ros2_ws/install/mg400_common/lib:/root/ros2_ws/install/p9n_test/lib:/root/ros2_ws/install/p9n_node/lib:/root/ros2_ws/install/p9n_example/lib:/root/ros2_ws/install/mg400_joy/lib:/root/ros2_ws/install/p9n_interface/lib:/root/ros2_ws/install/mg400_rviz_plugin/lib:/root/ros2_ws/install/mg400_node/lib:/root/ros2_ws/install/mg400_plugin/lib:/root/ros2_ws/install/mg400_interface/lib:/opt/ros/humble/opt/rviz_ogre_vendor/lib:/opt/ros/humble/lib/x86_64-linux-gnu:/opt/ros/humble/lib /usr/bin/cmake --build /root/ros2_ws/build/mg400_rviz_plugin -- -j16 -l16
[2.142s] DEBUG:colcon.colcon_core.event_handler.log_command:Invoking command in '/root/ros2_ws/build/mg400_rviz_plugin': CMAKE_PREFIX_PATH=/root/ros2_ws/install/mg400_interface:/root/ros2_ws/install/mg400_msgs:/root/ros2_ws/install/mg400_common:/root/ros2_ws/install/p9n:/root/ros2_ws/install/p9n_test:/root/ros2_ws/install/p9n_node:/root/ros2_ws/install/p9n_example:/root/ros2_ws/install/mg400:/root/ros2_ws/install/mg400_joy:/root/ros2_ws/install/p9n_interface:/root/ros2_ws/install/mg400_tools:/root/ros2_ws/install/mg400_rviz_plugin:/root/ros2_ws/install/mg400_node:/root/ros2_ws/install/mg400_plugin:/root/ros2_ws/install/mg400_plugin_base:/root/ros2_ws/install/mg400_description:/root/ros2_ws/install/p9n_bringup:/root/ros2_ws/install/mg400_bringup:/opt/ros/humble LD_LIBRARY_PATH=/root/ros2_ws/install/mg400_msgs/lib:/root/ros2_ws/install/mg400_common/lib:/root/ros2_ws/install/p9n_test/lib:/root/ros2_ws/install/p9n_node/lib:/root/ros2_ws/install/p9n_example/lib:/root/ros2_ws/install/mg400_joy/lib:/root/ros2_ws/install/p9n_interface/lib:/root/ros2_ws/install/mg400_rviz_plugin/lib:/root/ros2_ws/install/mg400_node/lib:/root/ros2_ws/install/mg400_plugin/lib:/root/ros2_ws/install/mg400_interface/lib:/opt/ros/humble/opt/rviz_ogre_vendor/lib:/opt/ros/humble/lib/x86_64-linux-gnu:/opt/ros/humble/lib /usr/bin/cmake --install /root/ros2_ws/build/mg400_rviz_plugin
[2.164s] Level 1:colcon.colcon_core.environment:create_environment_scripts_only(mg400_rviz_plugin)
[2.165s] Level 1:colcon.colcon_core.environment:checking '/root/ros2_ws/install/mg400_rviz_plugin' for CMake module files
[2.165s] DEBUG:colcon.colcon_core.event_handler.log_command:Invoked command in '/root/ros2_ws/build/mg400_rviz_plugin' returned '0': CMAKE_PREFIX_PATH=/root/ros2_ws/install/mg400_interface:/root/ros2_ws/install/mg400_msgs:/root/ros2_ws/install/mg400_common:/root/ros2_ws/install/p9n:/root/ros2_ws/install/p9n_test:/root/ros2_ws/install/p9n_node:/root/ros2_ws/install/p9n_example:/root/ros2_ws/install/mg400:/root/ros2_ws/install/mg400_joy:/root/ros2_ws/install/p9n_interface:/root/ros2_ws/install/mg400_tools:/root/ros2_ws/install/mg400_rviz_plugin:/root/ros2_ws/install/mg400_node:/root/ros2_ws/install/mg400_plugin:/root/ros2_ws/install/mg400_plugin_base:/root/ros2_ws/install/mg400_description:/root/ros2_ws/install/p9n_bringup:/root/ros2_ws/install/mg400_bringup:/opt/ros/humble LD_LIBRARY_PATH=/root/ros2_ws/install/mg400_msgs/lib:/root/ros2_ws/install/mg400_common/lib:/root/ros2_ws/install/p9n_test/lib:/root/ros2_ws/install/p9n_node/lib:/root/ros2_ws/install/p9n_example/lib:/root/ros2_ws/install/mg400_joy/lib:/root/ros2_ws/install/p9n_interface/lib:/root/ros2_ws/install/mg400_rviz_plugin/lib:/root/ros2_ws/install/mg400_node/lib:/root/ros2_ws/install/mg400_plugin/lib:/root/ros2_ws/install/mg400_interface/lib:/opt/ros/humble/opt/rviz_ogre_vendor/lib:/opt/ros/humble/lib/x86_64-linux-gnu:/opt/ros/humble/lib /usr/bin/cmake --install /root/ros2_ws/build/mg400_rviz_plugin
[2.165s] Level 1:colcon.colcon_core.environment:checking '/root/ros2_ws/install/mg400_rviz_plugin' for CMake config files
[2.166s] Level 1:colcon.colcon_core.shell:create_environment_hook('mg400_rviz_plugin', 'cmake_prefix_path')
[2.166s] INFO:colcon.colcon_core.shell:Creating environment hook '/root/ros2_ws/install/mg400_rviz_plugin/share/mg400_rviz_plugin/hook/cmake_prefix_path.ps1'
[2.166s] INFO:colcon.colcon_core.shell:Creating environment descriptor '/root/ros2_ws/install/mg400_rviz_plugin/share/mg400_rviz_plugin/hook/cmake_prefix_path.dsv'
[2.167s] INFO:colcon.colcon_core.shell:Creating environment hook '/root/ros2_ws/install/mg400_rviz_plugin/share/mg400_rviz_plugin/hook/cmake_prefix_path.sh'
[2.167s] Level 1:colcon.colcon_core.environment:checking '/root/ros2_ws/install/mg400_rviz_plugin/lib'
[2.167s] Level 1:colcon.colcon_core.shell:create_environment_hook('mg400_rviz_plugin', 'ld_library_path_lib')
[2.167s] INFO:colcon.colcon_core.shell:Creating environment hook '/root/ros2_ws/install/mg400_rviz_plugin/share/mg400_rviz_plugin/hook/ld_library_path_lib.ps1'
[2.168s] INFO:colcon.colcon_core.shell:Creating environment descriptor '/root/ros2_ws/install/mg400_rviz_plugin/share/mg400_rviz_plugin/hook/ld_library_path_lib.dsv'
[2.168s] INFO:colcon.colcon_core.shell:Creating environment hook '/root/ros2_ws/install/mg400_rviz_plugin/share/mg400_rviz_plugin/hook/ld_library_path_lib.sh'
[2.168s] Level 1:colcon.colcon_core.environment:checking '/root/ros2_ws/install/mg400_rviz_plugin/bin'
[2.168s] Level 1:colcon.colcon_core.environment:checking '/root/ros2_ws/install/mg400_rviz_plugin/lib/pkgconfig/mg400_rviz_plugin.pc'
[2.168s] Level 1:colcon.colcon_core.environment:checking '/root/ros2_ws/install/mg400_rviz_plugin/lib/python3.10/site-packages'
[2.169s] Level 1:colcon.colcon_core.environment:checking '/root/ros2_ws/install/mg400_rviz_plugin/bin'
[2.169s] INFO:colcon.colcon_core.shell:Creating package script '/root/ros2_ws/install/mg400_rviz_plugin/share/mg400_rviz_plugin/package.ps1'
[2.169s] INFO:colcon.colcon_core.shell:Creating package descriptor '/root/ros2_ws/install/mg400_rviz_plugin/share/mg400_rviz_plugin/package.dsv'
[2.170s] INFO:colcon.colcon_core.shell:Creating package script '/root/ros2_ws/install/mg400_rviz_plugin/share/mg400_rviz_plugin/package.sh'
[2.170s] INFO:colcon.colcon_core.shell:Creating package script '/root/ros2_ws/install/mg400_rviz_plugin/share/mg400_rviz_plugin/package.bash'
[2.170s] INFO:colcon.colcon_core.shell:Creating package script '/root/ros2_ws/install/mg400_rviz_plugin/share/mg400_rviz_plugin/package.zsh'
[2.171s] Level 1:colcon.colcon_core.environment:create_file_with_runtime_dependencies(/root/ros2_ws/install/mg400_rviz_plugin/share/colcon-core/packages/mg400_rviz_plugin)
[2.171s] Level 1:colcon.colcon_core.environment:create_environment_scripts_only(mg400_rviz_plugin)
[2.171s] Level 1:colcon.colcon_core.environment:checking '/root/ros2_ws/install/mg400_rviz_plugin' for CMake module files
[2.172s] Level 1:colcon.colcon_core.environment:checking '/root/ros2_ws/install/mg400_rviz_plugin' for CMake config files
[2.172s] Level 1:colcon.colcon_core.shell:create_environment_hook('mg400_rviz_plugin', 'cmake_prefix_path')
[2.172s] INFO:colcon.colcon_core.shell:Creating environment hook '/root/ros2_ws/install/mg400_rviz_plugin/share/mg400_rviz_plugin/hook/cmake_prefix_path.ps1'
[2.172s] INFO:colcon.colcon_core.shell:Creating environment descriptor '/root/ros2_ws/install/mg400_rviz_plugin/share/mg400_rviz_plugin/hook/cmake_prefix_path.dsv'
[2.173s] INFO:colcon.colcon_core.shell:Creating environment hook '/root/ros2_ws/install/mg400_rviz_plugin/share/mg400_rviz_plugin/hook/cmake_prefix_path.sh'
[2.173s] Level 1:colcon.colcon_core.environment:checking '/root/ros2_ws/install/mg400_rviz_plugin/lib'
[2.173s] Level 1:colcon.colcon_core.shell:create_environment_hook('mg400_rviz_plugin', 'ld_library_path_lib')
[2.173s] INFO:colcon.colcon_core.shell:Creating environment hook '/root/ros2_ws/install/mg400_rviz_plugin/share/mg400_rviz_plugin/hook/ld_library_path_lib.ps1'
[2.174s] INFO:colcon.colcon_core.shell:Creating environment descriptor '/root/ros2_ws/install/mg400_rviz_plugin/share/mg400_rviz_plugin/hook/ld_library_path_lib.dsv'
[2.174s] INFO:colcon.colcon_core.shell:Creating environment hook '/root/ros2_ws/install/mg400_rviz_plugin/share/mg400_rviz_plugin/hook/ld_library_path_lib.sh'
[2.175s] Level 1:colcon.colcon_core.environment:checking '/root/ros2_ws/install/mg400_rviz_plugin/bin'
[2.175s] Level 1:colcon.colcon_core.environment:checking '/root/ros2_ws/install/mg400_rviz_plugin/lib/pkgconfig/mg400_rviz_plugin.pc'
[2.175s] Level 1:colcon.colcon_core.environment:checking '/root/ros2_ws/install/mg400_rviz_plugin/lib/python3.10/site-packages'
[2.175s] Level 1:colcon.colcon_core.environment:checking '/root/ros2_ws/install/mg400_rviz_plugin/bin'
[2.175s] INFO:colcon.colcon_core.shell:Creating package script '/root/ros2_ws/install/mg400_rviz_plugin/share/mg400_rviz_plugin/package.ps1'
[2.176s] INFO:colcon.colcon_core.shell:Creating package descriptor '/root/ros2_ws/install/mg400_rviz_plugin/share/mg400_rviz_plugin/package.dsv'
[2.176s] INFO:colcon.colcon_core.shell:Creating package script '/root/ros2_ws/install/mg400_rviz_plugin/share/mg400_rviz_plugin/package.sh'
[2.177s] INFO:colcon.colcon_core.shell:Creating package script '/root/ros2_ws/install/mg400_rviz_plugin/share/mg400_rviz_plugin/package.bash'
[2.177s] INFO:colcon.colcon_core.shell:Creating package script '/root/ros2_ws/install/mg400_rviz_plugin/share/mg400_rviz_plugin/package.zsh'
[2.177s] Level 1:colcon.colcon_core.environment:create_file_with_runtime_dependencies(/root/ros2_ws/install/mg400_rviz_plugin/share/colcon-core/packages/mg400_rviz_plugin)
[2.575s] DEBUG:colcon.colcon_core.event_handler.log_command:Invoked command in '/root/ros2_ws/build/mg400_plugin' returned '0': CMAKE_PREFIX_PATH=/root/ros2_ws/install/mg400_plugin_base:/root/ros2_ws/install/mg400_interface:/root/ros2_ws/install/mg400_msgs:/root/ros2_ws/install/mg400_common:/root/ros2_ws/install/p9n:/root/ros2_ws/install/p9n_test:/root/ros2_ws/install/p9n_node:/root/ros2_ws/install/p9n_example:/root/ros2_ws/install/mg400:/root/ros2_ws/install/mg400_joy:/root/ros2_ws/install/p9n_interface:/root/ros2_ws/install/mg400_tools:/root/ros2_ws/install/mg400_rviz_plugin:/root/ros2_ws/install/mg400_node:/root/ros2_ws/install/mg400_plugin:/root/ros2_ws/install/mg400_description:/root/ros2_ws/install/p9n_bringup:/root/ros2_ws/install/mg400_bringup:/opt/ros/humble LD_LIBRARY_PATH=/root/ros2_ws/install/mg400_msgs/lib:/root/ros2_ws/install/mg400_common/lib:/root/ros2_ws/install/p9n_test/lib:/root/ros2_ws/install/p9n_node/lib:/root/ros2_ws/install/p9n_example/lib:/root/ros2_ws/install/mg400_joy/lib:/root/ros2_ws/install/p9n_interface/lib:/root/ros2_ws/install/mg400_rviz_plugin/lib:/root/ros2_ws/install/mg400_node/lib:/root/ros2_ws/install/mg400_plugin/lib:/root/ros2_ws/install/mg400_interface/lib:/opt/ros/humble/opt/rviz_ogre_vendor/lib:/opt/ros/humble/lib/x86_64-linux-gnu:/opt/ros/humble/lib /usr/bin/cmake /root/ros2_ws/src/MG400_ROS2/mg400_plugin -DCMAKE_INSTALL_PREFIX=/root/ros2_ws/install/mg400_plugin
[2.577s] DEBUG:colcon.colcon_core.event_handler.log_command:Invoking command in '/root/ros2_ws/build/mg400_plugin': CMAKE_PREFIX_PATH=/root/ros2_ws/install/mg400_plugin_base:/root/ros2_ws/install/mg400_interface:/root/ros2_ws/install/mg400_msgs:/root/ros2_ws/install/mg400_common:/root/ros2_ws/install/p9n:/root/ros2_ws/install/p9n_test:/root/ros2_ws/install/p9n_node:/root/ros2_ws/install/p9n_example:/root/ros2_ws/install/mg400:/root/ros2_ws/install/mg400_joy:/root/ros2_ws/install/p9n_interface:/root/ros2_ws/install/mg400_tools:/root/ros2_ws/install/mg400_rviz_plugin:/root/ros2_ws/install/mg400_node:/root/ros2_ws/install/mg400_plugin:/root/ros2_ws/install/mg400_description:/root/ros2_ws/install/p9n_bringup:/root/ros2_ws/install/mg400_bringup:/opt/ros/humble LD_LIBRARY_PATH=/root/ros2_ws/install/mg400_msgs/lib:/root/ros2_ws/install/mg400_common/lib:/root/ros2_ws/install/p9n_test/lib:/root/ros2_ws/install/p9n_node/lib:/root/ros2_ws/install/p9n_example/lib:/root/ros2_ws/install/mg400_joy/lib:/root/ros2_ws/install/p9n_interface/lib:/root/ros2_ws/install/mg400_rviz_plugin/lib:/root/ros2_ws/install/mg400_node/lib:/root/ros2_ws/install/mg400_plugin/lib:/root/ros2_ws/install/mg400_interface/lib:/opt/ros/humble/opt/rviz_ogre_vendor/lib:/opt/ros/humble/lib/x86_64-linux-gnu:/opt/ros/humble/lib /usr/bin/cmake --build /root/ros2_ws/build/mg400_plugin -- -j16 -l16
[2.852s] DEBUG:colcon.colcon_core.event_handler.log_command:Invoked command in '/root/ros2_ws/build/mg400_plugin' returned '0': CMAKE_PREFIX_PATH=/root/ros2_ws/install/mg400_plugin_base:/root/ros2_ws/install/mg400_interface:/root/ros2_ws/install/mg400_msgs:/root/ros2_ws/install/mg400_common:/root/ros2_ws/install/p9n:/root/ros2_ws/install/p9n_test:/root/ros2_ws/install/p9n_node:/root/ros2_ws/install/p9n_example:/root/ros2_ws/install/mg400:/root/ros2_ws/install/mg400_joy:/root/ros2_ws/install/p9n_interface:/root/ros2_ws/install/mg400_tools:/root/ros2_ws/install/mg400_rviz_plugin:/root/ros2_ws/install/mg400_node:/root/ros2_ws/install/mg400_plugin:/root/ros2_ws/install/mg400_description:/root/ros2_ws/install/p9n_bringup:/root/ros2_ws/install/mg400_bringup:/opt/ros/humble LD_LIBRARY_PATH=/root/ros2_ws/install/mg400_msgs/lib:/root/ros2_ws/install/mg400_common/lib:/root/ros2_ws/install/p9n_test/lib:/root/ros2_ws/install/p9n_node/lib:/root/ros2_ws/install/p9n_example/lib:/root/ros2_ws/install/mg400_joy/lib:/root/ros2_ws/install/p9n_interface/lib:/root/ros2_ws/install/mg400_rviz_plugin/lib:/root/ros2_ws/install/mg400_node/lib:/root/ros2_ws/install/mg400_plugin/lib:/root/ros2_ws/install/mg400_interface/lib:/opt/ros/humble/opt/rviz_ogre_vendor/lib:/opt/ros/humble/lib/x86_64-linux-gnu:/opt/ros/humble/lib /usr/bin/cmake --build /root/ros2_ws/build/mg400_plugin -- -j16 -l16
[2.853s] DEBUG:colcon.colcon_core.event_handler.log_command:Invoking command in '/root/ros2_ws/build/mg400_plugin': CMAKE_PREFIX_PATH=/root/ros2_ws/install/mg400_plugin_base:/root/ros2_ws/install/mg400_interface:/root/ros2_ws/install/mg400_msgs:/root/ros2_ws/install/mg400_common:/root/ros2_ws/install/p9n:/root/ros2_ws/install/p9n_test:/root/ros2_ws/install/p9n_node:/root/ros2_ws/install/p9n_example:/root/ros2_ws/install/mg400:/root/ros2_ws/install/mg400_joy:/root/ros2_ws/install/p9n_interface:/root/ros2_ws/install/mg400_tools:/root/ros2_ws/install/mg400_rviz_plugin:/root/ros2_ws/install/mg400_node:/root/ros2_ws/install/mg400_plugin:/root/ros2_ws/install/mg400_description:/root/ros2_ws/install/p9n_bringup:/root/ros2_ws/install/mg400_bringup:/opt/ros/humble LD_LIBRARY_PATH=/root/ros2_ws/install/mg400_msgs/lib:/root/ros2_ws/install/mg400_common/lib:/root/ros2_ws/install/p9n_test/lib:/root/ros2_ws/install/p9n_node/lib:/root/ros2_ws/install/p9n_example/lib:/root/ros2_ws/install/mg400_joy/lib:/root/ros2_ws/install/p9n_interface/lib:/root/ros2_ws/install/mg400_rviz_plugin/lib:/root/ros2_ws/install/mg400_node/lib:/root/ros2_ws/install/mg400_plugin/lib:/root/ros2_ws/install/mg400_interface/lib:/opt/ros/humble/opt/rviz_ogre_vendor/lib:/opt/ros/humble/lib/x86_64-linux-gnu:/opt/ros/humble/lib /usr/bin/cmake --install /root/ros2_ws/build/mg400_plugin
[2.880s] Level 1:colcon.colcon_core.environment:create_environment_scripts_only(mg400_plugin)
[2.880s] Level 1:colcon.colcon_core.environment:checking '/root/ros2_ws/install/mg400_plugin' for CMake module files
[2.880s] Level 1:colcon.colcon_core.environment:checking '/root/ros2_ws/install/mg400_plugin' for CMake config files
[2.881s] Level 1:colcon.colcon_core.shell:create_environment_hook('mg400_plugin', 'cmake_prefix_path')
[2.881s] INFO:colcon.colcon_core.shell:Creating environment hook '/root/ros2_ws/install/mg400_plugin/share/mg400_plugin/hook/cmake_prefix_path.ps1'
[2.881s] INFO:colcon.colcon_core.shell:Creating environment descriptor '/root/ros2_ws/install/mg400_plugin/share/mg400_plugin/hook/cmake_prefix_path.dsv'
[2.882s] INFO:colcon.colcon_core.shell:Creating environment hook '/root/ros2_ws/install/mg400_plugin/share/mg400_plugin/hook/cmake_prefix_path.sh'
[2.882s] DEBUG:colcon.colcon_core.event_handler.log_command:Invoked command in '/root/ros2_ws/build/mg400_plugin' returned '0': CMAKE_PREFIX_PATH=/root/ros2_ws/install/mg400_plugin_base:/root/ros2_ws/install/mg400_interface:/root/ros2_ws/install/mg400_msgs:/root/ros2_ws/install/mg400_common:/root/ros2_ws/install/p9n:/root/ros2_ws/install/p9n_test:/root/ros2_ws/install/p9n_node:/root/ros2_ws/install/p9n_example:/root/ros2_ws/install/mg400:/root/ros2_ws/install/mg400_joy:/root/ros2_ws/install/p9n_interface:/root/ros2_ws/install/mg400_tools:/root/ros2_ws/install/mg400_rviz_plugin:/root/ros2_ws/install/mg400_node:/root/ros2_ws/install/mg400_plugin:/root/ros2_ws/install/mg400_description:/root/ros2_ws/install/p9n_bringup:/root/ros2_ws/install/mg400_bringup:/opt/ros/humble LD_LIBRARY_PATH=/root/ros2_ws/install/mg400_msgs/lib:/root/ros2_ws/install/mg400_common/lib:/root/ros2_ws/install/p9n_test/lib:/root/ros2_ws/install/p9n_node/lib:/root/ros2_ws/install/p9n_example/lib:/root/ros2_ws/install/mg400_joy/lib:/root/ros2_ws/install/p9n_interface/lib:/root/ros2_ws/install/mg400_rviz_plugin/lib:/root/ros2_ws/install/mg400_node/lib:/root/ros2_ws/install/mg400_plugin/lib:/root/ros2_ws/install/mg400_interface/lib:/opt/ros/humble/opt/rviz_ogre_vendor/lib:/opt/ros/humble/lib/x86_64-linux-gnu:/opt/ros/humble/lib /usr/bin/cmake --install /root/ros2_ws/build/mg400_plugin
[2.882s] Level 1:colcon.colcon_core.environment:checking '/root/ros2_ws/install/mg400_plugin/lib'
[2.882s] Level 1:colcon.colcon_core.shell:create_environment_hook('mg400_plugin', 'ld_library_path_lib')
[2.883s] INFO:colcon.colcon_core.shell:Creating environment hook '/root/ros2_ws/install/mg400_plugin/share/mg400_plugin/hook/ld_library_path_lib.ps1'
[2.883s] INFO:colcon.colcon_core.shell:Creating environment descriptor '/root/ros2_ws/install/mg400_plugin/share/mg400_plugin/hook/ld_library_path_lib.dsv'
[2.883s] INFO:colcon.colcon_core.shell:Creating environment hook '/root/ros2_ws/install/mg400_plugin/share/mg400_plugin/hook/ld_library_path_lib.sh'
[2.884s] Level 1:colcon.colcon_core.environment:checking '/root/ros2_ws/install/mg400_plugin/bin'
[2.884s] Level 1:colcon.colcon_core.environment:checking '/root/ros2_ws/install/mg400_plugin/lib/pkgconfig/mg400_plugin.pc'
[2.884s] Level 1:colcon.colcon_core.environment:checking '/root/ros2_ws/install/mg400_plugin/lib/python3.10/site-packages'
[2.884s] Level 1:colcon.colcon_core.environment:checking '/root/ros2_ws/install/mg400_plugin/bin'
[2.884s] INFO:colcon.colcon_core.shell:Creating package script '/root/ros2_ws/install/mg400_plugin/share/mg400_plugin/package.ps1'
[2.885s] INFO:colcon.colcon_core.shell:Creating package descriptor '/root/ros2_ws/install/mg400_plugin/share/mg400_plugin/package.dsv'
[2.885s] INFO:colcon.colcon_core.shell:Creating package script '/root/ros2_ws/install/mg400_plugin/share/mg400_plugin/package.sh'
[2.885s] INFO:colcon.colcon_core.shell:Creating package script '/root/ros2_ws/install/mg400_plugin/share/mg400_plugin/package.bash'
[2.886s] INFO:colcon.colcon_core.shell:Creating package script '/root/ros2_ws/install/mg400_plugin/share/mg400_plugin/package.zsh'
[2.886s] Level 1:colcon.colcon_core.environment:create_file_with_runtime_dependencies(/root/ros2_ws/install/mg400_plugin/share/colcon-core/packages/mg400_plugin)
[2.886s] Level 1:colcon.colcon_core.environment:create_environment_scripts_only(mg400_plugin)
[2.886s] Level 1:colcon.colcon_core.environment:checking '/root/ros2_ws/install/mg400_plugin' for CMake module files
[2.887s] Level 1:colcon.colcon_core.environment:checking '/root/ros2_ws/install/mg400_plugin' for CMake config files
[2.887s] Level 1:colcon.colcon_core.shell:create_environment_hook('mg400_plugin', 'cmake_prefix_path')
[2.887s] INFO:colcon.colcon_core.shell:Creating environment hook '/root/ros2_ws/install/mg400_plugin/share/mg400_plugin/hook/cmake_prefix_path.ps1'
[2.888s] INFO:colcon.colcon_core.shell:Creating environment descriptor '/root/ros2_ws/install/mg400_plugin/share/mg400_plugin/hook/cmake_prefix_path.dsv'
[2.888s] INFO:colcon.colcon_core.shell:Creating environment hook '/root/ros2_ws/install/mg400_plugin/share/mg400_plugin/hook/cmake_prefix_path.sh'
[2.888s] Level 1:colcon.colcon_core.environment:checking '/root/ros2_ws/install/mg400_plugin/lib'
[2.888s] Level 1:colcon.colcon_core.shell:create_environment_hook('mg400_plugin', 'ld_library_path_lib')
[2.889s] INFO:colcon.colcon_core.shell:Creating environment hook '/root/ros2_ws/install/mg400_plugin/share/mg400_plugin/hook/ld_library_path_lib.ps1'
[2.889s] INFO:colcon.colcon_core.shell:Creating environment descriptor '/root/ros2_ws/install/mg400_plugin/share/mg400_plugin/hook/ld_library_path_lib.dsv'
[2.889s] INFO:colcon.colcon_core.shell:Creating environment hook '/root/ros2_ws/install/mg400_plugin/share/mg400_plugin/hook/ld_library_path_lib.sh'
[2.889s] Level 1:colcon.colcon_core.environment:checking '/root/ros2_ws/install/mg400_plugin/bin'
[2.889s] Level 1:colcon.colcon_core.environment:checking '/root/ros2_ws/install/mg400_plugin/lib/pkgconfig/mg400_plugin.pc'
[2.890s] Level 1:colcon.colcon_core.environment:checking '/root/ros2_ws/install/mg400_plugin/lib/python3.10/site-packages'
[2.890s] Level 1:colcon.colcon_core.environment:checking '/root/ros2_ws/install/mg400_plugin/bin'
[2.890s] INFO:colcon.colcon_core.shell:Creating package script '/root/ros2_ws/install/mg400_plugin/share/mg400_plugin/package.ps1'
[2.891s] INFO:colcon.colcon_core.shell:Creating package descriptor '/root/ros2_ws/install/mg400_plugin/share/mg400_plugin/package.dsv'
[2.891s] INFO:colcon.colcon_core.shell:Creating package script '/root/ros2_ws/install/mg400_plugin/share/mg400_plugin/package.sh'
[2.891s] INFO:colcon.colcon_core.shell:Creating package script '/root/ros2_ws/install/mg400_plugin/share/mg400_plugin/package.bash'
[2.892s] INFO:colcon.colcon_core.shell:Creating package script '/root/ros2_ws/install/mg400_plugin/share/mg400_plugin/package.zsh'
[2.892s] Level 1:colcon.colcon_core.environment:create_file_with_runtime_dependencies(/root/ros2_ws/install/mg400_plugin/share/colcon-core/packages/mg400_plugin)
[2.892s] INFO:colcon.colcon_ros.task.ament_cmake.build:Building ROS package in '/root/ros2_ws/src/MG400_ROS2/mg400_node' with build type 'ament_cmake'
[2.892s] INFO:colcon.colcon_cmake.task.cmake.build:Building CMake package in '/root/ros2_ws/src/MG400_ROS2/mg400_node'
[2.892s] INFO:colcon.colcon_core.shell:Skip shell extension 'powershell' for command environment: Not usable outside of PowerShell
[2.893s] DEBUG:colcon.colcon_core.shell:Skip shell extension 'dsv' for command environment
[2.915s] DEBUG:colcon.colcon_core.event_handler.log_command:Invoking command in '/root/ros2_ws/build/mg400_node': CMAKE_PREFIX_PATH=/root/ros2_ws/install/mg400_plugin:/root/ros2_ws/install/mg400_plugin_base:/root/ros2_ws/install/mg400_interface:/root/ros2_ws/install/mg400_msgs:/root/ros2_ws/install/mg400_common:/root/ros2_ws/install/p9n:/root/ros2_ws/install/p9n_test:/root/ros2_ws/install/p9n_node:/root/ros2_ws/install/p9n_example:/root/ros2_ws/install/mg400:/root/ros2_ws/install/mg400_joy:/root/ros2_ws/install/p9n_interface:/root/ros2_ws/install/mg400_tools:/root/ros2_ws/install/mg400_rviz_plugin:/root/ros2_ws/install/mg400_node:/root/ros2_ws/install/mg400_description:/root/ros2_ws/install/p9n_bringup:/root/ros2_ws/install/mg400_bringup:/opt/ros/humble LD_LIBRARY_PATH=/root/ros2_ws/install/mg400_plugin/lib:/root/ros2_ws/install/mg400_msgs/lib:/root/ros2_ws/install/mg400_common/lib:/root/ros2_ws/install/p9n_test/lib:/root/ros2_ws/install/p9n_node/lib:/root/ros2_ws/install/p9n_example/lib:/root/ros2_ws/install/mg400_joy/lib:/root/ros2_ws/install/p9n_interface/lib:/root/ros2_ws/install/mg400_rviz_plugin/lib:/root/ros2_ws/install/mg400_node/lib:/root/ros2_ws/install/mg400_interface/lib:/opt/ros/humble/opt/rviz_ogre_vendor/lib:/opt/ros/humble/lib/x86_64-linux-gnu:/opt/ros/humble/lib /usr/bin/cmake /root/ros2_ws/src/MG400_ROS2/mg400_node -DCMAKE_INSTALL_PREFIX=/root/ros2_ws/install/mg400_node
[3.692s] DEBUG:colcon.colcon_core.event_handler.log_command:Invoked command in '/root/ros2_ws/build/mg400_node' returned '0': CMAKE_PREFIX_PATH=/root/ros2_ws/install/mg400_plugin:/root/ros2_ws/install/mg400_plugin_base:/root/ros2_ws/install/mg400_interface:/root/ros2_ws/install/mg400_msgs:/root/ros2_ws/install/mg400_common:/root/ros2_ws/install/p9n:/root/ros2_ws/install/p9n_test:/root/ros2_ws/install/p9n_node:/root/ros2_ws/install/p9n_example:/root/ros2_ws/install/mg400:/root/ros2_ws/install/mg400_joy:/root/ros2_ws/install/p9n_interface:/root/ros2_ws/install/mg400_tools:/root/ros2_ws/install/mg400_rviz_plugin:/root/ros2_ws/install/mg400_node:/root/ros2_ws/install/mg400_description:/root/ros2_ws/install/p9n_bringup:/root/ros2_ws/install/mg400_bringup:/opt/ros/humble LD_LIBRARY_PATH=/root/ros2_ws/install/mg400_plugin/lib:/root/ros2_ws/install/mg400_msgs/lib:/root/ros2_ws/install/mg400_common/lib:/root/ros2_ws/install/p9n_test/lib:/root/ros2_ws/install/p9n_node/lib:/root/ros2_ws/install/p9n_example/lib:/root/ros2_ws/install/mg400_joy/lib:/root/ros2_ws/install/p9n_interface/lib:/root/ros2_ws/install/mg400_rviz_plugin/lib:/root/ros2_ws/install/mg400_node/lib:/root/ros2_ws/install/mg400_interface/lib:/opt/ros/humble/opt/rviz_ogre_vendor/lib:/opt/ros/humble/lib/x86_64-linux-gnu:/opt/ros/humble/lib /usr/bin/cmake /root/ros2_ws/src/MG400_ROS2/mg400_node -DCMAKE_INSTALL_PREFIX=/root/ros2_ws/install/mg400_node
[3.692s] DEBUG:colcon.colcon_core.event_handler.log_command:Invoking command in '/root/ros2_ws/build/mg400_node': CMAKE_PREFIX_PATH=/root/ros2_ws/install/mg400_plugin:/root/ros2_ws/install/mg400_plugin_base:/root/ros2_ws/install/mg400_interface:/root/ros2_ws/install/mg400_msgs:/root/ros2_ws/install/mg400_common:/root/ros2_ws/install/p9n:/root/ros2_ws/install/p9n_test:/root/ros2_ws/install/p9n_node:/root/ros2_ws/install/p9n_example:/root/ros2_ws/install/mg400:/root/ros2_ws/install/mg400_joy:/root/ros2_ws/install/p9n_interface:/root/ros2_ws/install/mg400_tools:/root/ros2_ws/install/mg400_rviz_plugin:/root/ros2_ws/install/mg400_node:/root/ros2_ws/install/mg400_description:/root/ros2_ws/install/p9n_bringup:/root/ros2_ws/install/mg400_bringup:/opt/ros/humble LD_LIBRARY_PATH=/root/ros2_ws/install/mg400_plugin/lib:/root/ros2_ws/install/mg400_msgs/lib:/root/ros2_ws/install/mg400_common/lib:/root/ros2_ws/install/p9n_test/lib:/root/ros2_ws/install/p9n_node/lib:/root/ros2_ws/install/p9n_example/lib:/root/ros2_ws/install/mg400_joy/lib:/root/ros2_ws/install/p9n_interface/lib:/root/ros2_ws/install/mg400_rviz_plugin/lib:/root/ros2_ws/install/mg400_node/lib:/root/ros2_ws/install/mg400_interface/lib:/opt/ros/humble/opt/rviz_ogre_vendor/lib:/opt/ros/humble/lib/x86_64-linux-gnu:/opt/ros/humble/lib /usr/bin/cmake --build /root/ros2_ws/build/mg400_node -- -j16 -l16
[3.834s] DEBUG:colcon.colcon_core.event_handler.log_command:Invoked command in '/root/ros2_ws/build/mg400_node' returned '0': CMAKE_PREFIX_PATH=/root/ros2_ws/install/mg400_plugin:/root/ros2_ws/install/mg400_plugin_base:/root/ros2_ws/install/mg400_interface:/root/ros2_ws/install/mg400_msgs:/root/ros2_ws/install/mg400_common:/root/ros2_ws/install/p9n:/root/ros2_ws/install/p9n_test:/root/ros2_ws/install/p9n_node:/root/ros2_ws/install/p9n_example:/root/ros2_ws/install/mg400:/root/ros2_ws/install/mg400_joy:/root/ros2_ws/install/p9n_interface:/root/ros2_ws/install/mg400_tools:/root/ros2_ws/install/mg400_rviz_plugin:/root/ros2_ws/install/mg400_node:/root/ros2_ws/install/mg400_description:/root/ros2_ws/install/p9n_bringup:/root/ros2_ws/install/mg400_bringup:/opt/ros/humble LD_LIBRARY_PATH=/root/ros2_ws/install/mg400_plugin/lib:/root/ros2_ws/install/mg400_msgs/lib:/root/ros2_ws/install/mg400_common/lib:/root/ros2_ws/install/p9n_test/lib:/root/ros2_ws/install/p9n_node/lib:/root/ros2_ws/install/p9n_example/lib:/root/ros2_ws/install/mg400_joy/lib:/root/ros2_ws/install/p9n_interface/lib:/root/ros2_ws/install/mg400_rviz_plugin/lib:/root/ros2_ws/install/mg400_node/lib:/root/ros2_ws/install/mg400_interface/lib:/opt/ros/humble/opt/rviz_ogre_vendor/lib:/opt/ros/humble/lib/x86_64-linux-gnu:/opt/ros/humble/lib /usr/bin/cmake --build /root/ros2_ws/build/mg400_node -- -j16 -l16
[3.836s] DEBUG:colcon.colcon_core.event_handler.log_command:Invoking command in '/root/ros2_ws/build/mg400_node': CMAKE_PREFIX_PATH=/root/ros2_ws/install/mg400_plugin:/root/ros2_ws/install/mg400_plugin_base:/root/ros2_ws/install/mg400_interface:/root/ros2_ws/install/mg400_msgs:/root/ros2_ws/install/mg400_common:/root/ros2_ws/install/p9n:/root/ros2_ws/install/p9n_test:/root/ros2_ws/install/p9n_node:/root/ros2_ws/install/p9n_example:/root/ros2_ws/install/mg400:/root/ros2_ws/install/mg400_joy:/root/ros2_ws/install/p9n_interface:/root/ros2_ws/install/mg400_tools:/root/ros2_ws/install/mg400_rviz_plugin:/root/ros2_ws/install/mg400_node:/root/ros2_ws/install/mg400_description:/root/ros2_ws/install/p9n_bringup:/root/ros2_ws/install/mg400_bringup:/opt/ros/humble LD_LIBRARY_PATH=/root/ros2_ws/install/mg400_plugin/lib:/root/ros2_ws/install/mg400_msgs/lib:/root/ros2_ws/install/mg400_common/lib:/root/ros2_ws/install/p9n_test/lib:/root/ros2_ws/install/p9n_node/lib:/root/ros2_ws/install/p9n_example/lib:/root/ros2_ws/install/mg400_joy/lib:/root/ros2_ws/install/p9n_interface/lib:/root/ros2_ws/install/mg400_rviz_plugin/lib:/root/ros2_ws/install/mg400_node/lib:/root/ros2_ws/install/mg400_interface/lib:/opt/ros/humble/opt/rviz_ogre_vendor/lib:/opt/ros/humble/lib/x86_64-linux-gnu:/opt/ros/humble/lib /usr/bin/cmake --install /root/ros2_ws/build/mg400_node
[3.860s] Level 1:colcon.colcon_core.environment:create_environment_scripts_only(mg400_node)
[3.860s] Level 1:colcon.colcon_core.environment:checking '/root/ros2_ws/install/mg400_node' for CMake module files
[3.860s] DEBUG:colcon.colcon_core.event_handler.log_command:Invoked command in '/root/ros2_ws/build/mg400_node' returned '0': CMAKE_PREFIX_PATH=/root/ros2_ws/install/mg400_plugin:/root/ros2_ws/install/mg400_plugin_base:/root/ros2_ws/install/mg400_interface:/root/ros2_ws/install/mg400_msgs:/root/ros2_ws/install/mg400_common:/root/ros2_ws/install/p9n:/root/ros2_ws/install/p9n_test:/root/ros2_ws/install/p9n_node:/root/ros2_ws/install/p9n_example:/root/ros2_ws/install/mg400:/root/ros2_ws/install/mg400_joy:/root/ros2_ws/install/p9n_interface:/root/ros2_ws/install/mg400_tools:/root/ros2_ws/install/mg400_rviz_plugin:/root/ros2_ws/install/mg400_node:/root/ros2_ws/install/mg400_description:/root/ros2_ws/install/p9n_bringup:/root/ros2_ws/install/mg400_bringup:/opt/ros/humble LD_LIBRARY_PATH=/root/ros2_ws/install/mg400_plugin/lib:/root/ros2_ws/install/mg400_msgs/lib:/root/ros2_ws/install/mg400_common/lib:/root/ros2_ws/install/p9n_test/lib:/root/ros2_ws/install/p9n_node/lib:/root/ros2_ws/install/p9n_example/lib:/root/ros2_ws/install/mg400_joy/lib:/root/ros2_ws/install/p9n_interface/lib:/root/ros2_ws/install/mg400_rviz_plugin/lib:/root/ros2_ws/install/mg400_node/lib:/root/ros2_ws/install/mg400_interface/lib:/opt/ros/humble/opt/rviz_ogre_vendor/lib:/opt/ros/humble/lib/x86_64-linux-gnu:/opt/ros/humble/lib /usr/bin/cmake --install /root/ros2_ws/build/mg400_node
[3.861s] Level 1:colcon.colcon_core.environment:checking '/root/ros2_ws/install/mg400_node' for CMake config files
[3.861s] Level 1:colcon.colcon_core.shell:create_environment_hook('mg400_node', 'cmake_prefix_path')
[3.861s] INFO:colcon.colcon_core.shell:Creating environment hook '/root/ros2_ws/install/mg400_node/share/mg400_node/hook/cmake_prefix_path.ps1'
[3.862s] INFO:colcon.colcon_core.shell:Creating environment descriptor '/root/ros2_ws/install/mg400_node/share/mg400_node/hook/cmake_prefix_path.dsv'
[3.862s] INFO:colcon.colcon_core.shell:Creating environment hook '/root/ros2_ws/install/mg400_node/share/mg400_node/hook/cmake_prefix_path.sh'
[3.862s] Level 1:colcon.colcon_core.environment:checking '/root/ros2_ws/install/mg400_node/lib'
[3.862s] Level 1:colcon.colcon_core.shell:create_environment_hook('mg400_node', 'ld_library_path_lib')
[3.862s] INFO:colcon.colcon_core.shell:Creating environment hook '/root/ros2_ws/install/mg400_node/share/mg400_node/hook/ld_library_path_lib.ps1'
[3.863s] INFO:colcon.colcon_core.shell:Creating environment descriptor '/root/ros2_ws/install/mg400_node/share/mg400_node/hook/ld_library_path_lib.dsv'
[3.863s] INFO:colcon.colcon_core.shell:Creating environment hook '/root/ros2_ws/install/mg400_node/share/mg400_node/hook/ld_library_path_lib.sh'
[3.863s] Level 1:colcon.colcon_core.environment:checking '/root/ros2_ws/install/mg400_node/bin'
[3.863s] Level 1:colcon.colcon_core.environment:checking '/root/ros2_ws/install/mg400_node/lib/pkgconfig/mg400_node.pc'
[3.863s] Level 1:colcon.colcon_core.environment:checking '/root/ros2_ws/install/mg400_node/lib/python3.10/site-packages'
[3.864s] Level 1:colcon.colcon_core.environment:checking '/root/ros2_ws/install/mg400_node/bin'
[3.864s] INFO:colcon.colcon_core.shell:Creating package script '/root/ros2_ws/install/mg400_node/share/mg400_node/package.ps1'
[3.864s] INFO:colcon.colcon_core.shell:Creating package descriptor '/root/ros2_ws/install/mg400_node/share/mg400_node/package.dsv'
[3.865s] INFO:colcon.colcon_core.shell:Creating package script '/root/ros2_ws/install/mg400_node/share/mg400_node/package.sh'
[3.865s] INFO:colcon.colcon_core.shell:Creating package script '/root/ros2_ws/install/mg400_node/share/mg400_node/package.bash'
[3.865s] INFO:colcon.colcon_core.shell:Creating package script '/root/ros2_ws/install/mg400_node/share/mg400_node/package.zsh'
[3.865s] Level 1:colcon.colcon_core.environment:create_file_with_runtime_dependencies(/root/ros2_ws/install/mg400_node/share/colcon-core/packages/mg400_node)
[3.866s] Level 1:colcon.colcon_core.environment:create_environment_scripts_only(mg400_node)
[3.866s] Level 1:colcon.colcon_core.environment:checking '/root/ros2_ws/install/mg400_node' for CMake module files
[3.866s] Level 1:colcon.colcon_core.environment:checking '/root/ros2_ws/install/mg400_node' for CMake config files
[3.867s] Level 1:colcon.colcon_core.shell:create_environment_hook('mg400_node', 'cmake_prefix_path')
[3.867s] INFO:colcon.colcon_core.shell:Creating environment hook '/root/ros2_ws/install/mg400_node/share/mg400_node/hook/cmake_prefix_path.ps1'
[3.867s] INFO:colcon.colcon_core.shell:Creating environment descriptor '/root/ros2_ws/install/mg400_node/share/mg400_node/hook/cmake_prefix_path.dsv'
[3.867s] INFO:colcon.colcon_core.shell:Creating environment hook '/root/ros2_ws/install/mg400_node/share/mg400_node/hook/cmake_prefix_path.sh'
[3.868s] Level 1:colcon.colcon_core.environment:checking '/root/ros2_ws/install/mg400_node/lib'
[3.868s] Level 1:colcon.colcon_core.shell:create_environment_hook('mg400_node', 'ld_library_path_lib')
[3.868s] INFO:colcon.colcon_core.shell:Creating environment hook '/root/ros2_ws/install/mg400_node/share/mg400_node/hook/ld_library_path_lib.ps1'
[3.868s] INFO:colcon.colcon_core.shell:Creating environment descriptor '/root/ros2_ws/install/mg400_node/share/mg400_node/hook/ld_library_path_lib.dsv'
[3.868s] INFO:colcon.colcon_core.shell:Creating environment hook '/root/ros2_ws/install/mg400_node/share/mg400_node/hook/ld_library_path_lib.sh'
[3.869s] Level 1:colcon.colcon_core.environment:checking '/root/ros2_ws/install/mg400_node/bin'
[3.869s] Level 1:colcon.colcon_core.environment:checking '/root/ros2_ws/install/mg400_node/lib/pkgconfig/mg400_node.pc'
[3.869s] Level 1:colcon.colcon_core.environment:checking '/root/ros2_ws/install/mg400_node/lib/python3.10/site-packages'
[3.869s] Level 1:colcon.colcon_core.environment:checking '/root/ros2_ws/install/mg400_node/bin'
[3.869s] INFO:colcon.colcon_core.shell:Creating package script '/root/ros2_ws/install/mg400_node/share/mg400_node/package.ps1'
[3.870s] INFO:colcon.colcon_core.shell:Creating package descriptor '/root/ros2_ws/install/mg400_node/share/mg400_node/package.dsv'
[3.870s] INFO:colcon.colcon_core.shell:Creating package script '/root/ros2_ws/install/mg400_node/share/mg400_node/package.sh'
[3.871s] INFO:colcon.colcon_core.shell:Creating package script '/root/ros2_ws/install/mg400_node/share/mg400_node/package.bash'
[3.871s] INFO:colcon.colcon_core.shell:Creating package script '/root/ros2_ws/install/mg400_node/share/mg400_node/package.zsh'
[3.871s] Level 1:colcon.colcon_core.environment:create_file_with_runtime_dependencies(/root/ros2_ws/install/mg400_node/share/colcon-core/packages/mg400_node)
[13.611s] DEBUG:colcon.colcon_core.event_handler.log_command:Invoked command in '/root/ros2_ws/build/mg400_joy' returned '0': CMAKE_PREFIX_PATH=/root/ros2_ws/install/mg400_interface:/root/ros2_ws/install/p9n_interface:/root/ros2_ws/install/mg400_msgs:/root/ros2_ws/install/mg400_common:/root/ros2_ws/install/p9n:/root/ros2_ws/install/p9n_test:/root/ros2_ws/install/p9n_node:/root/ros2_ws/install/p9n_example:/root/ros2_ws/install/mg400:/root/ros2_ws/install/mg400_joy:/root/ros2_ws/install/mg400_tools:/root/ros2_ws/install/mg400_rviz_plugin:/root/ros2_ws/install/mg400_node:/root/ros2_ws/install/mg400_plugin:/root/ros2_ws/install/mg400_plugin_base:/root/ros2_ws/install/mg400_description:/root/ros2_ws/install/p9n_bringup:/root/ros2_ws/install/mg400_bringup:/opt/ros/humble LD_LIBRARY_PATH=/root/ros2_ws/install/mg400_msgs/lib:/root/ros2_ws/install/mg400_common/lib:/root/ros2_ws/install/p9n_test/lib:/root/ros2_ws/install/p9n_node/lib:/root/ros2_ws/install/p9n_example/lib:/root/ros2_ws/install/mg400_joy/lib:/root/ros2_ws/install/p9n_interface/lib:/root/ros2_ws/install/mg400_rviz_plugin/lib:/root/ros2_ws/install/mg400_node/lib:/root/ros2_ws/install/mg400_plugin/lib:/root/ros2_ws/install/mg400_interface/lib:/opt/ros/humble/opt/rviz_ogre_vendor/lib:/opt/ros/humble/lib/x86_64-linux-gnu:/opt/ros/humble/lib /usr/bin/cmake --build /root/ros2_ws/build/mg400_joy -- -j16 -l16
[13.613s] DEBUG:colcon.colcon_core.event_handler.log_command:Invoking command in '/root/ros2_ws/build/mg400_joy': CMAKE_PREFIX_PATH=/root/ros2_ws/install/mg400_interface:/root/ros2_ws/install/p9n_interface:/root/ros2_ws/install/mg400_msgs:/root/ros2_ws/install/mg400_common:/root/ros2_ws/install/p9n:/root/ros2_ws/install/p9n_test:/root/ros2_ws/install/p9n_node:/root/ros2_ws/install/p9n_example:/root/ros2_ws/install/mg400:/root/ros2_ws/install/mg400_joy:/root/ros2_ws/install/mg400_tools:/root/ros2_ws/install/mg400_rviz_plugin:/root/ros2_ws/install/mg400_node:/root/ros2_ws/install/mg400_plugin:/root/ros2_ws/install/mg400_plugin_base:/root/ros2_ws/install/mg400_description:/root/ros2_ws/install/p9n_bringup:/root/ros2_ws/install/mg400_bringup:/opt/ros/humble LD_LIBRARY_PATH=/root/ros2_ws/install/mg400_msgs/lib:/root/ros2_ws/install/mg400_common/lib:/root/ros2_ws/install/p9n_test/lib:/root/ros2_ws/install/p9n_node/lib:/root/ros2_ws/install/p9n_example/lib:/root/ros2_ws/install/mg400_joy/lib:/root/ros2_ws/install/p9n_interface/lib:/root/ros2_ws/install/mg400_rviz_plugin/lib:/root/ros2_ws/install/mg400_node/lib:/root/ros2_ws/install/mg400_plugin/lib:/root/ros2_ws/install/mg400_interface/lib:/opt/ros/humble/opt/rviz_ogre_vendor/lib:/opt/ros/humble/lib/x86_64-linux-gnu:/opt/ros/humble/lib /usr/bin/cmake --install /root/ros2_ws/build/mg400_joy
[13.635s] Level 1:colcon.colcon_core.environment:create_environment_scripts_only(mg400_joy)
[13.635s] Level 1:colcon.colcon_core.environment:checking '/root/ros2_ws/install/mg400_joy' for CMake module files
[13.636s] DEBUG:colcon.colcon_core.event_handler.log_command:Invoked command in '/root/ros2_ws/build/mg400_joy' returned '0': CMAKE_PREFIX_PATH=/root/ros2_ws/install/mg400_interface:/root/ros2_ws/install/p9n_interface:/root/ros2_ws/install/mg400_msgs:/root/ros2_ws/install/mg400_common:/root/ros2_ws/install/p9n:/root/ros2_ws/install/p9n_test:/root/ros2_ws/install/p9n_node:/root/ros2_ws/install/p9n_example:/root/ros2_ws/install/mg400:/root/ros2_ws/install/mg400_joy:/root/ros2_ws/install/mg400_tools:/root/ros2_ws/install/mg400_rviz_plugin:/root/ros2_ws/install/mg400_node:/root/ros2_ws/install/mg400_plugin:/root/ros2_ws/install/mg400_plugin_base:/root/ros2_ws/install/mg400_description:/root/ros2_ws/install/p9n_bringup:/root/ros2_ws/install/mg400_bringup:/opt/ros/humble LD_LIBRARY_PATH=/root/ros2_ws/install/mg400_msgs/lib:/root/ros2_ws/install/mg400_common/lib:/root/ros2_ws/install/p9n_test/lib:/root/ros2_ws/install/p9n_node/lib:/root/ros2_ws/install/p9n_example/lib:/root/ros2_ws/install/mg400_joy/lib:/root/ros2_ws/install/p9n_interface/lib:/root/ros2_ws/install/mg400_rviz_plugin/lib:/root/ros2_ws/install/mg400_node/lib:/root/ros2_ws/install/mg400_plugin/lib:/root/ros2_ws/install/mg400_interface/lib:/opt/ros/humble/opt/rviz_ogre_vendor/lib:/opt/ros/humble/lib/x86_64-linux-gnu:/opt/ros/humble/lib /usr/bin/cmake --install /root/ros2_ws/build/mg400_joy
[13.636s] Level 1:colcon.colcon_core.environment:checking '/root/ros2_ws/install/mg400_joy' for CMake config files
[13.636s] Level 1:colcon.colcon_core.shell:create_environment_hook('mg400_joy', 'cmake_prefix_path')
[13.637s] INFO:colcon.colcon_core.shell:Creating environment hook '/root/ros2_ws/install/mg400_joy/share/mg400_joy/hook/cmake_prefix_path.ps1'
[13.637s] INFO:colcon.colcon_core.shell:Creating environment descriptor '/root/ros2_ws/install/mg400_joy/share/mg400_joy/hook/cmake_prefix_path.dsv'
[13.637s] INFO:colcon.colcon_core.shell:Creating environment hook '/root/ros2_ws/install/mg400_joy/share/mg400_joy/hook/cmake_prefix_path.sh'
[13.638s] Level 1:colcon.colcon_core.environment:checking '/root/ros2_ws/install/mg400_joy/lib'
[13.638s] Level 1:colcon.colcon_core.shell:create_environment_hook('mg400_joy', 'ld_library_path_lib')
[13.638s] INFO:colcon.colcon_core.shell:Creating environment hook '/root/ros2_ws/install/mg400_joy/share/mg400_joy/hook/ld_library_path_lib.ps1'
[13.638s] INFO:colcon.colcon_core.shell:Creating environment descriptor '/root/ros2_ws/install/mg400_joy/share/mg400_joy/hook/ld_library_path_lib.dsv'
[13.638s] INFO:colcon.colcon_core.shell:Creating environment hook '/root/ros2_ws/install/mg400_joy/share/mg400_joy/hook/ld_library_path_lib.sh'
[13.639s] Level 1:colcon.colcon_core.environment:checking '/root/ros2_ws/install/mg400_joy/bin'
[13.639s] Level 1:colcon.colcon_core.environment:checking '/root/ros2_ws/install/mg400_joy/lib/pkgconfig/mg400_joy.pc'
[13.639s] Level 1:colcon.colcon_core.environment:checking '/root/ros2_ws/install/mg400_joy/lib/python3.10/site-packages'
[13.639s] Level 1:colcon.colcon_core.environment:checking '/root/ros2_ws/install/mg400_joy/bin'
[13.639s] INFO:colcon.colcon_core.shell:Creating package script '/root/ros2_ws/install/mg400_joy/share/mg400_joy/package.ps1'
[13.640s] INFO:colcon.colcon_core.shell:Creating package descriptor '/root/ros2_ws/install/mg400_joy/share/mg400_joy/package.dsv'
[13.640s] INFO:colcon.colcon_core.shell:Creating package script '/root/ros2_ws/install/mg400_joy/share/mg400_joy/package.sh'
[13.640s] INFO:colcon.colcon_core.shell:Creating package script '/root/ros2_ws/install/mg400_joy/share/mg400_joy/package.bash'
[13.641s] INFO:colcon.colcon_core.shell:Creating package script '/root/ros2_ws/install/mg400_joy/share/mg400_joy/package.zsh'
[13.641s] Level 1:colcon.colcon_core.environment:create_file_with_runtime_dependencies(/root/ros2_ws/install/mg400_joy/share/colcon-core/packages/mg400_joy)
[13.641s] Level 1:colcon.colcon_core.environment:create_environment_scripts_only(mg400_joy)
[13.641s] Level 1:colcon.colcon_core.environment:checking '/root/ros2_ws/install/mg400_joy' for CMake module files
[13.642s] Level 1:colcon.colcon_core.environment:checking '/root/ros2_ws/install/mg400_joy' for CMake config files
[13.642s] Level 1:colcon.colcon_core.shell:create_environment_hook('mg400_joy', 'cmake_prefix_path')
[13.642s] INFO:colcon.colcon_core.shell:Creating environment hook '/root/ros2_ws/install/mg400_joy/share/mg400_joy/hook/cmake_prefix_path.ps1'
[13.642s] INFO:colcon.colcon_core.shell:Creating environment descriptor '/root/ros2_ws/install/mg400_joy/share/mg400_joy/hook/cmake_prefix_path.dsv'
[13.643s] INFO:colcon.colcon_core.shell:Creating environment hook '/root/ros2_ws/install/mg400_joy/share/mg400_joy/hook/cmake_prefix_path.sh'
[13.643s] Level 1:colcon.colcon_core.environment:checking '/root/ros2_ws/install/mg400_joy/lib'
[13.643s] Level 1:colcon.colcon_core.shell:create_environment_hook('mg400_joy', 'ld_library_path_lib')
[13.643s] INFO:colcon.colcon_core.shell:Creating environment hook '/root/ros2_ws/install/mg400_joy/share/mg400_joy/hook/ld_library_path_lib.ps1'
[13.643s] INFO:colcon.colcon_core.shell:Creating environment descriptor '/root/ros2_ws/install/mg400_joy/share/mg400_joy/hook/ld_library_path_lib.dsv'
[13.644s] INFO:colcon.colcon_core.shell:Creating environment hook '/root/ros2_ws/install/mg400_joy/share/mg400_joy/hook/ld_library_path_lib.sh'
[13.644s] Level 1:colcon.colcon_core.environment:checking '/root/ros2_ws/install/mg400_joy/bin'
[13.644s] Level 1:colcon.colcon_core.environment:checking '/root/ros2_ws/install/mg400_joy/lib/pkgconfig/mg400_joy.pc'
[13.644s] Level 1:colcon.colcon_core.environment:checking '/root/ros2_ws/install/mg400_joy/lib/python3.10/site-packages'
[13.644s] Level 1:colcon.colcon_core.environment:checking '/root/ros2_ws/install/mg400_joy/bin'
[13.645s] INFO:colcon.colcon_core.shell:Creating package script '/root/ros2_ws/install/mg400_joy/share/mg400_joy/package.ps1'
[13.645s] INFO:colcon.colcon_core.shell:Creating package descriptor '/root/ros2_ws/install/mg400_joy/share/mg400_joy/package.dsv'
[13.645s] INFO:colcon.colcon_core.shell:Creating package script '/root/ros2_ws/install/mg400_joy/share/mg400_joy/package.sh'
[13.646s] INFO:colcon.colcon_core.shell:Creating package script '/root/ros2_ws/install/mg400_joy/share/mg400_joy/package.bash'
[13.646s] INFO:colcon.colcon_core.shell:Creating package script '/root/ros2_ws/install/mg400_joy/share/mg400_joy/package.zsh'
[13.646s] Level 1:colcon.colcon_core.environment:create_file_with_runtime_dependencies(/root/ros2_ws/install/mg400_joy/share/colcon-core/packages/mg400_joy)
[13.647s] INFO:colcon.colcon_ros.task.ament_python.build:Building ROS package in '/root/ros2_ws/src/MG400_ROS2/mg400_bringup' with build type 'ament_python'
[13.647s] Level 1:colcon.colcon_core.shell:create_environment_hook('mg400_bringup', 'ament_prefix_path')
[13.647s] INFO:colcon.colcon_core.shell:Creating environment hook '/root/ros2_ws/install/mg400_bringup/share/mg400_bringup/hook/ament_prefix_path.ps1'
[13.648s] INFO:colcon.colcon_core.shell:Creating environment descriptor '/root/ros2_ws/install/mg400_bringup/share/mg400_bringup/hook/ament_prefix_path.dsv'
[13.648s] INFO:colcon.colcon_core.shell:Creating environment hook '/root/ros2_ws/install/mg400_bringup/share/mg400_bringup/hook/ament_prefix_path.sh'
[13.648s] INFO:colcon.colcon_core.shell:Skip shell extension 'powershell' for command environment: Not usable outside of PowerShell
[13.648s] DEBUG:colcon.colcon_core.shell:Skip shell extension 'dsv' for command environment
[13.861s] INFO:colcon.colcon_core.task.python.build:Building Python package in '/root/ros2_ws/src/MG400_ROS2/mg400_bringup'
[13.862s] INFO:colcon.colcon_core.shell:Skip shell extension 'powershell' for command environment: Not usable outside of PowerShell
[13.862s] DEBUG:colcon.colcon_core.shell:Skip shell extension 'dsv' for command environment
[14.123s] DEBUG:colcon.colcon_core.task.python.build:Available setuptools commands: upload_docs, build_py, sdist, upload, build_clib, register, check, install_lib, bdist_dumb, alias, test, bdist_rpm, setopt, build, saveopts, install_scripts, install_headers, egg_info, develop, dist_info, easy_install, install, clean, symlink_data, build_scripts, build_ext, bdist, bdist_egg, install_data, install_egg_info, rotate
[14.124s] DEBUG:colcon.colcon_core.event_handler.log_command:Invoking command in '/root/ros2_ws/build/mg400_bringup': CMAKE_PREFIX_PATH=/root/ros2_ws/install/mg400_node:/root/ros2_ws/install/mg400_plugin:/root/ros2_ws/install/mg400_plugin_base:/root/ros2_ws/install/mg400_joy:/root/ros2_ws/install/mg400_interface:/root/ros2_ws/install/p9n_interface:/root/ros2_ws/install/mg400_msgs:/root/ros2_ws/install/mg400_description:/root/ros2_ws/install/mg400_common:/root/ros2_ws/install/p9n:/root/ros2_ws/install/p9n_test:/root/ros2_ws/install/p9n_node:/root/ros2_ws/install/p9n_example:/root/ros2_ws/install/mg400:/root/ros2_ws/install/mg400_tools:/root/ros2_ws/install/mg400_rviz_plugin LD_LIBRARY_PATH=/root/ros2_ws/install/mg400_node/lib:/root/ros2_ws/install/mg400_plugin/lib:/root/ros2_ws/install/mg400_joy/lib:/root/ros2_ws/install/mg400_msgs/lib:/root/ros2_ws/install/mg400_common/lib:/root/ros2_ws/install/p9n_test/lib:/root/ros2_ws/install/p9n_node/lib:/root/ros2_ws/install/p9n_example/lib:/root/ros2_ws/install/p9n_interface/lib:/root/ros2_ws/install/mg400_rviz_plugin/lib:/root/ros2_ws/install/mg400_interface/lib:/opt/ros/humble/opt/rviz_ogre_vendor/lib:/opt/ros/humble/lib/x86_64-linux-gnu:/opt/ros/humble/lib PYTHONPATH=/root/ros2_ws/build/mg400_bringup/prefix_override:/usr/lib/python3/dist-packages/colcon_core/task/python/colcon_distutils_commands:/root/ros2_ws/install/mg400_bringup/lib/python3.10/site-packages:${PYTHONPATH} /usr/bin/python3 -W ignore:setup.py install is deprecated -W ignore:easy_install command is deprecated setup.py develop --uninstall --editable --build-directory /root/ros2_ws/build/mg400_bringup/build
[14.432s] DEBUG:colcon.colcon_core.event_handler.log_command:Invoked command in '/root/ros2_ws/build/mg400_bringup' returned '0': CMAKE_PREFIX_PATH=/root/ros2_ws/install/mg400_node:/root/ros2_ws/install/mg400_plugin:/root/ros2_ws/install/mg400_plugin_base:/root/ros2_ws/install/mg400_joy:/root/ros2_ws/install/mg400_interface:/root/ros2_ws/install/p9n_interface:/root/ros2_ws/install/mg400_msgs:/root/ros2_ws/install/mg400_description:/root/ros2_ws/install/mg400_common:/root/ros2_ws/install/p9n:/root/ros2_ws/install/p9n_test:/root/ros2_ws/install/p9n_node:/root/ros2_ws/install/p9n_example:/root/ros2_ws/install/mg400:/root/ros2_ws/install/mg400_tools:/root/ros2_ws/install/mg400_rviz_plugin LD_LIBRARY_PATH=/root/ros2_ws/install/mg400_node/lib:/root/ros2_ws/install/mg400_plugin/lib:/root/ros2_ws/install/mg400_joy/lib:/root/ros2_ws/install/mg400_msgs/lib:/root/ros2_ws/install/mg400_common/lib:/root/ros2_ws/install/p9n_test/lib:/root/ros2_ws/install/p9n_node/lib:/root/ros2_ws/install/p9n_example/lib:/root/ros2_ws/install/p9n_interface/lib:/root/ros2_ws/install/mg400_rviz_plugin/lib:/root/ros2_ws/install/mg400_interface/lib:/opt/ros/humble/opt/rviz_ogre_vendor/lib:/opt/ros/humble/lib/x86_64-linux-gnu:/opt/ros/humble/lib PYTHONPATH=/root/ros2_ws/build/mg400_bringup/prefix_override:/usr/lib/python3/dist-packages/colcon_core/task/python/colcon_distutils_commands:/root/ros2_ws/install/mg400_bringup/lib/python3.10/site-packages:${PYTHONPATH} /usr/bin/python3 -W ignore:setup.py install is deprecated -W ignore:easy_install command is deprecated setup.py develop --uninstall --editable --build-directory /root/ros2_ws/build/mg400_bringup/build
[14.434s] DEBUG:colcon.colcon_core.event_handler.log_command:Invoking command in '/root/ros2_ws/src/MG400_ROS2/mg400_bringup': CMAKE_PREFIX_PATH=/root/ros2_ws/install/mg400_node:/root/ros2_ws/install/mg400_plugin:/root/ros2_ws/install/mg400_plugin_base:/root/ros2_ws/install/mg400_joy:/root/ros2_ws/install/mg400_interface:/root/ros2_ws/install/p9n_interface:/root/ros2_ws/install/mg400_msgs:/root/ros2_ws/install/mg400_description:/root/ros2_ws/install/mg400_common:/root/ros2_ws/install/p9n:/root/ros2_ws/install/p9n_test:/root/ros2_ws/install/p9n_node:/root/ros2_ws/install/p9n_example:/root/ros2_ws/install/mg400:/root/ros2_ws/install/mg400_tools:/root/ros2_ws/install/mg400_rviz_plugin LD_LIBRARY_PATH=/root/ros2_ws/install/mg400_node/lib:/root/ros2_ws/install/mg400_plugin/lib:/root/ros2_ws/install/mg400_joy/lib:/root/ros2_ws/install/mg400_msgs/lib:/root/ros2_ws/install/mg400_common/lib:/root/ros2_ws/install/p9n_test/lib:/root/ros2_ws/install/p9n_node/lib:/root/ros2_ws/install/p9n_example/lib:/root/ros2_ws/install/p9n_interface/lib:/root/ros2_ws/install/mg400_rviz_plugin/lib:/root/ros2_ws/install/mg400_interface/lib:/opt/ros/humble/opt/rviz_ogre_vendor/lib:/opt/ros/humble/lib/x86_64-linux-gnu:/opt/ros/humble/lib PYTHONPATH=/root/ros2_ws/build/mg400_bringup/prefix_override:/usr/lib/python3/dist-packages/colcon_core/task/python/colcon_distutils_commands:/root/ros2_ws/install/mg400_bringup/lib/python3.10/site-packages:${PYTHONPATH} /usr/bin/python3 -W ignore:setup.py install is deprecated -W ignore:easy_install command is deprecated setup.py egg_info --egg-base ../../../build/mg400_bringup build --build-base /root/ros2_ws/build/mg400_bringup/build install --record /root/ros2_ws/build/mg400_bringup/install.log --install-scripts $base/lib/mg400_bringup --single-version-externally-managed install_data --force
[14.651s] Level 1:colcon.colcon_core.environment:checking '/root/ros2_ws/install/mg400_bringup' for CMake module files
[14.652s] DEBUG:colcon.colcon_core.event_handler.log_command:Invoked command in '/root/ros2_ws/src/MG400_ROS2/mg400_bringup' returned '0': CMAKE_PREFIX_PATH=/root/ros2_ws/install/mg400_node:/root/ros2_ws/install/mg400_plugin:/root/ros2_ws/install/mg400_plugin_base:/root/ros2_ws/install/mg400_joy:/root/ros2_ws/install/mg400_interface:/root/ros2_ws/install/p9n_interface:/root/ros2_ws/install/mg400_msgs:/root/ros2_ws/install/mg400_description:/root/ros2_ws/install/mg400_common:/root/ros2_ws/install/p9n:/root/ros2_ws/install/p9n_test:/root/ros2_ws/install/p9n_node:/root/ros2_ws/install/p9n_example:/root/ros2_ws/install/mg400:/root/ros2_ws/install/mg400_tools:/root/ros2_ws/install/mg400_rviz_plugin LD_LIBRARY_PATH=/root/ros2_ws/install/mg400_node/lib:/root/ros2_ws/install/mg400_plugin/lib:/root/ros2_ws/install/mg400_joy/lib:/root/ros2_ws/install/mg400_msgs/lib:/root/ros2_ws/install/mg400_common/lib:/root/ros2_ws/install/p9n_test/lib:/root/ros2_ws/install/p9n_node/lib:/root/ros2_ws/install/p9n_example/lib:/root/ros2_ws/install/p9n_interface/lib:/root/ros2_ws/install/mg400_rviz_plugin/lib:/root/ros2_ws/install/mg400_interface/lib:/opt/ros/humble/opt/rviz_ogre_vendor/lib:/opt/ros/humble/lib/x86_64-linux-gnu:/opt/ros/humble/lib PYTHONPATH=/root/ros2_ws/build/mg400_bringup/prefix_override:/usr/lib/python3/dist-packages/colcon_core/task/python/colcon_distutils_commands:/root/ros2_ws/install/mg400_bringup/lib/python3.10/site-packages:${PYTHONPATH} /usr/bin/python3 -W ignore:setup.py install is deprecated -W ignore:easy_install command is deprecated setup.py egg_info --egg-base ../../../build/mg400_bringup build --build-base /root/ros2_ws/build/mg400_bringup/build install --record /root/ros2_ws/build/mg400_bringup/install.log --install-scripts $base/lib/mg400_bringup --single-version-externally-managed install_data --force
[14.652s] Level 1:colcon.colcon_core.environment:checking '/root/ros2_ws/install/mg400_bringup' for CMake config files
[14.652s] Level 1:colcon.colcon_core.environment:checking '/root/ros2_ws/install/mg400_bringup/lib'
[14.652s] Level 1:colcon.colcon_core.environment:checking '/root/ros2_ws/install/mg400_bringup/bin'
[14.653s] Level 1:colcon.colcon_core.environment:checking '/root/ros2_ws/install/mg400_bringup/lib/pkgconfig/mg400_bringup.pc'
[14.653s] Level 1:colcon.colcon_core.environment:checking '/root/ros2_ws/install/mg400_bringup/lib/python3.10/site-packages'
[14.653s] Level 1:colcon.colcon_core.shell:create_environment_hook('mg400_bringup', 'pythonpath')
[14.653s] INFO:colcon.colcon_core.shell:Creating environment hook '/root/ros2_ws/install/mg400_bringup/share/mg400_bringup/hook/pythonpath.ps1'
[14.653s] INFO:colcon.colcon_core.shell:Creating environment descriptor '/root/ros2_ws/install/mg400_bringup/share/mg400_bringup/hook/pythonpath.dsv'
[14.654s] INFO:colcon.colcon_core.shell:Creating environment hook '/root/ros2_ws/install/mg400_bringup/share/mg400_bringup/hook/pythonpath.sh'
[14.654s] Level 1:colcon.colcon_core.environment:checking '/root/ros2_ws/install/mg400_bringup/bin'
[14.654s] Level 1:colcon.colcon_core.environment:create_environment_scripts_only(mg400_bringup)
[14.654s] INFO:colcon.colcon_core.shell:Creating package script '/root/ros2_ws/install/mg400_bringup/share/mg400_bringup/package.ps1'
[14.655s] INFO:colcon.colcon_core.shell:Creating package descriptor '/root/ros2_ws/install/mg400_bringup/share/mg400_bringup/package.dsv'
[14.655s] INFO:colcon.colcon_core.shell:Creating package script '/root/ros2_ws/install/mg400_bringup/share/mg400_bringup/package.sh'
[14.655s] INFO:colcon.colcon_core.shell:Creating package script '/root/ros2_ws/install/mg400_bringup/share/mg400_bringup/package.bash'
[14.656s] INFO:colcon.colcon_core.shell:Creating package script '/root/ros2_ws/install/mg400_bringup/share/mg400_bringup/package.zsh'
[14.656s] Level 1:colcon.colcon_core.environment:create_file_with_runtime_dependencies(/root/ros2_ws/install/mg400_bringup/share/colcon-core/packages/mg400_bringup)
[14.656s] INFO:colcon.colcon_ros.task.ament_cmake.build:Building ROS package in '/root/ros2_ws/src/MG400_ROS2/mg400' with build type 'ament_cmake'
[14.656s] INFO:colcon.colcon_cmake.task.cmake.build:Building CMake package in '/root/ros2_ws/src/MG400_ROS2/mg400'
[14.657s] INFO:colcon.colcon_core.shell:Skip shell extension 'powershell' for command environment: Not usable outside of PowerShell
[14.657s] DEBUG:colcon.colcon_core.shell:Skip shell extension 'dsv' for command environment
[14.691s] DEBUG:colcon.colcon_core.event_handler.log_command:Invoking command in '/root/ros2_ws/build/mg400': AMENT_PREFIX_PATH=/root/ros2_ws/install/mg400_bringup:/root/ros2_ws/install/p9n:/root/ros2_ws/install/p9n_test:/root/ros2_ws/install/p9n_bringup:/root/ros2_ws/install/p9n_node:/root/ros2_ws/install/p9n_example:/root/ros2_ws/install/mg400:/root/ros2_ws/install/mg400_joy:/root/ros2_ws/install/p9n_interface:/root/ros2_ws/install/mg400_tools:/root/ros2_ws/install/mg400_rviz_plugin:/root/ros2_ws/install/mg400_node:/root/ros2_ws/install/mg400_plugin:/root/ros2_ws/install/mg400_plugin_base:/root/ros2_ws/install/mg400_interface:/root/ros2_ws/install/mg400_msgs:/root/ros2_ws/install/mg400_description:/root/ros2_ws/install/mg400_common:/opt/ros/humble CMAKE_PREFIX_PATH=/root/ros2_ws/install/mg400_node:/root/ros2_ws/install/mg400_plugin:/root/ros2_ws/install/mg400_plugin_base:/root/ros2_ws/install/mg400_joy:/root/ros2_ws/install/mg400_interface:/root/ros2_ws/install/p9n_interface:/root/ros2_ws/install/mg400_msgs:/root/ros2_ws/install/mg400_description:/root/ros2_ws/install/mg400_common:/root/ros2_ws/install/p9n:/root/ros2_ws/install/p9n_test:/root/ros2_ws/install/p9n_node:/root/ros2_ws/install/p9n_example:/root/ros2_ws/install/mg400:/root/ros2_ws/install/mg400_tools:/root/ros2_ws/install/mg400_rviz_plugin:/root/ros2_ws/install/p9n_bringup:/root/ros2_ws/install/mg400_bringup:/opt/ros/humble LD_LIBRARY_PATH=/root/ros2_ws/install/mg400_node/lib:/root/ros2_ws/install/mg400_plugin/lib:/root/ros2_ws/install/mg400_joy/lib:/root/ros2_ws/install/mg400_msgs/lib:/root/ros2_ws/install/mg400_common/lib:/root/ros2_ws/install/p9n_test/lib:/root/ros2_ws/install/p9n_node/lib:/root/ros2_ws/install/p9n_example/lib:/root/ros2_ws/install/p9n_interface/lib:/root/ros2_ws/install/mg400_rviz_plugin/lib:/root/ros2_ws/install/mg400_interface/lib:/opt/ros/humble/opt/rviz_ogre_vendor/lib:/opt/ros/humble/lib/x86_64-linux-gnu:/opt/ros/humble/lib PYTHONPATH=/root/ros2_ws/install/mg400_bringup/lib/python3.10/site-packages:/root/ros2_ws/build/p9n_bringup:/root/ros2_ws/install/p9n_bringup/lib/python3.10/site-packages:/root/ros2_ws/build/mg400_bringup:/root/ros2_ws/install/mg400_msgs/local/lib/python3.10/dist-packages:/opt/ros/humble/lib/python3.10/site-packages:/opt/ros/humble/local/lib/python3.10/dist-packages /usr/bin/cmake /root/ros2_ws/src/MG400_ROS2/mg400 -DCMAKE_INSTALL_PREFIX=/root/ros2_ws/install/mg400
[14.877s] DEBUG:colcon.colcon_core.event_handler.log_command:Invoked command in '/root/ros2_ws/build/mg400' returned '0': AMENT_PREFIX_PATH=/root/ros2_ws/install/mg400_bringup:/root/ros2_ws/install/p9n:/root/ros2_ws/install/p9n_test:/root/ros2_ws/install/p9n_bringup:/root/ros2_ws/install/p9n_node:/root/ros2_ws/install/p9n_example:/root/ros2_ws/install/mg400:/root/ros2_ws/install/mg400_joy:/root/ros2_ws/install/p9n_interface:/root/ros2_ws/install/mg400_tools:/root/ros2_ws/install/mg400_rviz_plugin:/root/ros2_ws/install/mg400_node:/root/ros2_ws/install/mg400_plugin:/root/ros2_ws/install/mg400_plugin_base:/root/ros2_ws/install/mg400_interface:/root/ros2_ws/install/mg400_msgs:/root/ros2_ws/install/mg400_description:/root/ros2_ws/install/mg400_common:/opt/ros/humble CMAKE_PREFIX_PATH=/root/ros2_ws/install/mg400_node:/root/ros2_ws/install/mg400_plugin:/root/ros2_ws/install/mg400_plugin_base:/root/ros2_ws/install/mg400_joy:/root/ros2_ws/install/mg400_interface:/root/ros2_ws/install/p9n_interface:/root/ros2_ws/install/mg400_msgs:/root/ros2_ws/install/mg400_description:/root/ros2_ws/install/mg400_common:/root/ros2_ws/install/p9n:/root/ros2_ws/install/p9n_test:/root/ros2_ws/install/p9n_node:/root/ros2_ws/install/p9n_example:/root/ros2_ws/install/mg400:/root/ros2_ws/install/mg400_tools:/root/ros2_ws/install/mg400_rviz_plugin:/root/ros2_ws/install/p9n_bringup:/root/ros2_ws/install/mg400_bringup:/opt/ros/humble LD_LIBRARY_PATH=/root/ros2_ws/install/mg400_node/lib:/root/ros2_ws/install/mg400_plugin/lib:/root/ros2_ws/install/mg400_joy/lib:/root/ros2_ws/install/mg400_msgs/lib:/root/ros2_ws/install/mg400_common/lib:/root/ros2_ws/install/p9n_test/lib:/root/ros2_ws/install/p9n_node/lib:/root/ros2_ws/install/p9n_example/lib:/root/ros2_ws/install/p9n_interface/lib:/root/ros2_ws/install/mg400_rviz_plugin/lib:/root/ros2_ws/install/mg400_interface/lib:/opt/ros/humble/opt/rviz_ogre_vendor/lib:/opt/ros/humble/lib/x86_64-linux-gnu:/opt/ros/humble/lib PYTHONPATH=/root/ros2_ws/install/mg400_bringup/lib/python3.10/site-packages:/root/ros2_ws/build/p9n_bringup:/root/ros2_ws/install/p9n_bringup/lib/python3.10/site-packages:/root/ros2_ws/build/mg400_bringup:/root/ros2_ws/install/mg400_msgs/local/lib/python3.10/dist-packages:/opt/ros/humble/lib/python3.10/site-packages:/opt/ros/humble/local/lib/python3.10/dist-packages /usr/bin/cmake /root/ros2_ws/src/MG400_ROS2/mg400 -DCMAKE_INSTALL_PREFIX=/root/ros2_ws/install/mg400
[14.878s] DEBUG:colcon.colcon_core.event_handler.log_command:Invoking command in '/root/ros2_ws/build/mg400': AMENT_PREFIX_PATH=/root/ros2_ws/install/mg400_bringup:/root/ros2_ws/install/p9n:/root/ros2_ws/install/p9n_test:/root/ros2_ws/install/p9n_bringup:/root/ros2_ws/install/p9n_node:/root/ros2_ws/install/p9n_example:/root/ros2_ws/install/mg400:/root/ros2_ws/install/mg400_joy:/root/ros2_ws/install/p9n_interface:/root/ros2_ws/install/mg400_tools:/root/ros2_ws/install/mg400_rviz_plugin:/root/ros2_ws/install/mg400_node:/root/ros2_ws/install/mg400_plugin:/root/ros2_ws/install/mg400_plugin_base:/root/ros2_ws/install/mg400_interface:/root/ros2_ws/install/mg400_msgs:/root/ros2_ws/install/mg400_description:/root/ros2_ws/install/mg400_common:/opt/ros/humble CMAKE_PREFIX_PATH=/root/ros2_ws/install/mg400_node:/root/ros2_ws/install/mg400_plugin:/root/ros2_ws/install/mg400_plugin_base:/root/ros2_ws/install/mg400_joy:/root/ros2_ws/install/mg400_interface:/root/ros2_ws/install/p9n_interface:/root/ros2_ws/install/mg400_msgs:/root/ros2_ws/install/mg400_description:/root/ros2_ws/install/mg400_common:/root/ros2_ws/install/p9n:/root/ros2_ws/install/p9n_test:/root/ros2_ws/install/p9n_node:/root/ros2_ws/install/p9n_example:/root/ros2_ws/install/mg400:/root/ros2_ws/install/mg400_tools:/root/ros2_ws/install/mg400_rviz_plugin:/root/ros2_ws/install/p9n_bringup:/root/ros2_ws/install/mg400_bringup:/opt/ros/humble LD_LIBRARY_PATH=/root/ros2_ws/install/mg400_node/lib:/root/ros2_ws/install/mg400_plugin/lib:/root/ros2_ws/install/mg400_joy/lib:/root/ros2_ws/install/mg400_msgs/lib:/root/ros2_ws/install/mg400_common/lib:/root/ros2_ws/install/p9n_test/lib:/root/ros2_ws/install/p9n_node/lib:/root/ros2_ws/install/p9n_example/lib:/root/ros2_ws/install/p9n_interface/lib:/root/ros2_ws/install/mg400_rviz_plugin/lib:/root/ros2_ws/install/mg400_interface/lib:/opt/ros/humble/opt/rviz_ogre_vendor/lib:/opt/ros/humble/lib/x86_64-linux-gnu:/opt/ros/humble/lib PYTHONPATH=/root/ros2_ws/install/mg400_bringup/lib/python3.10/site-packages:/root/ros2_ws/build/p9n_bringup:/root/ros2_ws/install/p9n_bringup/lib/python3.10/site-packages:/root/ros2_ws/build/mg400_bringup:/root/ros2_ws/install/mg400_msgs/local/lib/python3.10/dist-packages:/opt/ros/humble/lib/python3.10/site-packages:/opt/ros/humble/local/lib/python3.10/dist-packages /usr/bin/cmake --build /root/ros2_ws/build/mg400 -- -j16 -l16
[14.919s] DEBUG:colcon.colcon_core.event_handler.log_command:Invoked command in '/root/ros2_ws/build/mg400' returned '0': AMENT_PREFIX_PATH=/root/ros2_ws/install/mg400_bringup:/root/ros2_ws/install/p9n:/root/ros2_ws/install/p9n_test:/root/ros2_ws/install/p9n_bringup:/root/ros2_ws/install/p9n_node:/root/ros2_ws/install/p9n_example:/root/ros2_ws/install/mg400:/root/ros2_ws/install/mg400_joy:/root/ros2_ws/install/p9n_interface:/root/ros2_ws/install/mg400_tools:/root/ros2_ws/install/mg400_rviz_plugin:/root/ros2_ws/install/mg400_node:/root/ros2_ws/install/mg400_plugin:/root/ros2_ws/install/mg400_plugin_base:/root/ros2_ws/install/mg400_interface:/root/ros2_ws/install/mg400_msgs:/root/ros2_ws/install/mg400_description:/root/ros2_ws/install/mg400_common:/opt/ros/humble CMAKE_PREFIX_PATH=/root/ros2_ws/install/mg400_node:/root/ros2_ws/install/mg400_plugin:/root/ros2_ws/install/mg400_plugin_base:/root/ros2_ws/install/mg400_joy:/root/ros2_ws/install/mg400_interface:/root/ros2_ws/install/p9n_interface:/root/ros2_ws/install/mg400_msgs:/root/ros2_ws/install/mg400_description:/root/ros2_ws/install/mg400_common:/root/ros2_ws/install/p9n:/root/ros2_ws/install/p9n_test:/root/ros2_ws/install/p9n_node:/root/ros2_ws/install/p9n_example:/root/ros2_ws/install/mg400:/root/ros2_ws/install/mg400_tools:/root/ros2_ws/install/mg400_rviz_plugin:/root/ros2_ws/install/p9n_bringup:/root/ros2_ws/install/mg400_bringup:/opt/ros/humble LD_LIBRARY_PATH=/root/ros2_ws/install/mg400_node/lib:/root/ros2_ws/install/mg400_plugin/lib:/root/ros2_ws/install/mg400_joy/lib:/root/ros2_ws/install/mg400_msgs/lib:/root/ros2_ws/install/mg400_common/lib:/root/ros2_ws/install/p9n_test/lib:/root/ros2_ws/install/p9n_node/lib:/root/ros2_ws/install/p9n_example/lib:/root/ros2_ws/install/p9n_interface/lib:/root/ros2_ws/install/mg400_rviz_plugin/lib:/root/ros2_ws/install/mg400_interface/lib:/opt/ros/humble/opt/rviz_ogre_vendor/lib:/opt/ros/humble/lib/x86_64-linux-gnu:/opt/ros/humble/lib PYTHONPATH=/root/ros2_ws/install/mg400_bringup/lib/python3.10/site-packages:/root/ros2_ws/build/p9n_bringup:/root/ros2_ws/install/p9n_bringup/lib/python3.10/site-packages:/root/ros2_ws/build/mg400_bringup:/root/ros2_ws/install/mg400_msgs/local/lib/python3.10/dist-packages:/opt/ros/humble/lib/python3.10/site-packages:/opt/ros/humble/local/lib/python3.10/dist-packages /usr/bin/cmake --build /root/ros2_ws/build/mg400 -- -j16 -l16
[14.920s] DEBUG:colcon.colcon_core.event_handler.log_command:Invoking command in '/root/ros2_ws/build/mg400': AMENT_PREFIX_PATH=/root/ros2_ws/install/mg400_bringup:/root/ros2_ws/install/p9n:/root/ros2_ws/install/p9n_test:/root/ros2_ws/install/p9n_bringup:/root/ros2_ws/install/p9n_node:/root/ros2_ws/install/p9n_example:/root/ros2_ws/install/mg400:/root/ros2_ws/install/mg400_joy:/root/ros2_ws/install/p9n_interface:/root/ros2_ws/install/mg400_tools:/root/ros2_ws/install/mg400_rviz_plugin:/root/ros2_ws/install/mg400_node:/root/ros2_ws/install/mg400_plugin:/root/ros2_ws/install/mg400_plugin_base:/root/ros2_ws/install/mg400_interface:/root/ros2_ws/install/mg400_msgs:/root/ros2_ws/install/mg400_description:/root/ros2_ws/install/mg400_common:/opt/ros/humble CMAKE_PREFIX_PATH=/root/ros2_ws/install/mg400_node:/root/ros2_ws/install/mg400_plugin:/root/ros2_ws/install/mg400_plugin_base:/root/ros2_ws/install/mg400_joy:/root/ros2_ws/install/mg400_interface:/root/ros2_ws/install/p9n_interface:/root/ros2_ws/install/mg400_msgs:/root/ros2_ws/install/mg400_description:/root/ros2_ws/install/mg400_common:/root/ros2_ws/install/p9n:/root/ros2_ws/install/p9n_test:/root/ros2_ws/install/p9n_node:/root/ros2_ws/install/p9n_example:/root/ros2_ws/install/mg400:/root/ros2_ws/install/mg400_tools:/root/ros2_ws/install/mg400_rviz_plugin:/root/ros2_ws/install/p9n_bringup:/root/ros2_ws/install/mg400_bringup:/opt/ros/humble LD_LIBRARY_PATH=/root/ros2_ws/install/mg400_node/lib:/root/ros2_ws/install/mg400_plugin/lib:/root/ros2_ws/install/mg400_joy/lib:/root/ros2_ws/install/mg400_msgs/lib:/root/ros2_ws/install/mg400_common/lib:/root/ros2_ws/install/p9n_test/lib:/root/ros2_ws/install/p9n_node/lib:/root/ros2_ws/install/p9n_example/lib:/root/ros2_ws/install/p9n_interface/lib:/root/ros2_ws/install/mg400_rviz_plugin/lib:/root/ros2_ws/install/mg400_interface/lib:/opt/ros/humble/opt/rviz_ogre_vendor/lib:/opt/ros/humble/lib/x86_64-linux-gnu:/opt/ros/humble/lib PYTHONPATH=/root/ros2_ws/install/mg400_bringup/lib/python3.10/site-packages:/root/ros2_ws/build/p9n_bringup:/root/ros2_ws/install/p9n_bringup/lib/python3.10/site-packages:/root/ros2_ws/build/mg400_bringup:/root/ros2_ws/install/mg400_msgs/local/lib/python3.10/dist-packages:/opt/ros/humble/lib/python3.10/site-packages:/opt/ros/humble/local/lib/python3.10/dist-packages /usr/bin/cmake --install /root/ros2_ws/build/mg400
[14.942s] Level 1:colcon.colcon_core.environment:create_environment_scripts_only(mg400)
[14.943s] Level 1:colcon.colcon_core.environment:checking '/root/ros2_ws/install/mg400' for CMake module files
[14.943s] DEBUG:colcon.colcon_core.event_handler.log_command:Invoked command in '/root/ros2_ws/build/mg400' returned '0': AMENT_PREFIX_PATH=/root/ros2_ws/install/mg400_bringup:/root/ros2_ws/install/p9n:/root/ros2_ws/install/p9n_test:/root/ros2_ws/install/p9n_bringup:/root/ros2_ws/install/p9n_node:/root/ros2_ws/install/p9n_example:/root/ros2_ws/install/mg400:/root/ros2_ws/install/mg400_joy:/root/ros2_ws/install/p9n_interface:/root/ros2_ws/install/mg400_tools:/root/ros2_ws/install/mg400_rviz_plugin:/root/ros2_ws/install/mg400_node:/root/ros2_ws/install/mg400_plugin:/root/ros2_ws/install/mg400_plugin_base:/root/ros2_ws/install/mg400_interface:/root/ros2_ws/install/mg400_msgs:/root/ros2_ws/install/mg400_description:/root/ros2_ws/install/mg400_common:/opt/ros/humble CMAKE_PREFIX_PATH=/root/ros2_ws/install/mg400_node:/root/ros2_ws/install/mg400_plugin:/root/ros2_ws/install/mg400_plugin_base:/root/ros2_ws/install/mg400_joy:/root/ros2_ws/install/mg400_interface:/root/ros2_ws/install/p9n_interface:/root/ros2_ws/install/mg400_msgs:/root/ros2_ws/install/mg400_description:/root/ros2_ws/install/mg400_common:/root/ros2_ws/install/p9n:/root/ros2_ws/install/p9n_test:/root/ros2_ws/install/p9n_node:/root/ros2_ws/install/p9n_example:/root/ros2_ws/install/mg400:/root/ros2_ws/install/mg400_tools:/root/ros2_ws/install/mg400_rviz_plugin:/root/ros2_ws/install/p9n_bringup:/root/ros2_ws/install/mg400_bringup:/opt/ros/humble LD_LIBRARY_PATH=/root/ros2_ws/install/mg400_node/lib:/root/ros2_ws/install/mg400_plugin/lib:/root/ros2_ws/install/mg400_joy/lib:/root/ros2_ws/install/mg400_msgs/lib:/root/ros2_ws/install/mg400_common/lib:/root/ros2_ws/install/p9n_test/lib:/root/ros2_ws/install/p9n_node/lib:/root/ros2_ws/install/p9n_example/lib:/root/ros2_ws/install/p9n_interface/lib:/root/ros2_ws/install/mg400_rviz_plugin/lib:/root/ros2_ws/install/mg400_interface/lib:/opt/ros/humble/opt/rviz_ogre_vendor/lib:/opt/ros/humble/lib/x86_64-linux-gnu:/opt/ros/humble/lib PYTHONPATH=/root/ros2_ws/install/mg400_bringup/lib/python3.10/site-packages:/root/ros2_ws/build/p9n_bringup:/root/ros2_ws/install/p9n_bringup/lib/python3.10/site-packages:/root/ros2_ws/build/mg400_bringup:/root/ros2_ws/install/mg400_msgs/local/lib/python3.10/dist-packages:/opt/ros/humble/lib/python3.10/site-packages:/opt/ros/humble/local/lib/python3.10/dist-packages /usr/bin/cmake --install /root/ros2_ws/build/mg400
[14.943s] Level 1:colcon.colcon_core.environment:checking '/root/ros2_ws/install/mg400' for CMake config files
[14.944s] Level 1:colcon.colcon_core.shell:create_environment_hook('mg400', 'cmake_prefix_path')
[14.944s] INFO:colcon.colcon_core.shell:Creating environment hook '/root/ros2_ws/install/mg400/share/mg400/hook/cmake_prefix_path.ps1'
[14.944s] INFO:colcon.colcon_core.shell:Creating environment descriptor '/root/ros2_ws/install/mg400/share/mg400/hook/cmake_prefix_path.dsv'
[14.945s] INFO:colcon.colcon_core.shell:Creating environment hook '/root/ros2_ws/install/mg400/share/mg400/hook/cmake_prefix_path.sh'
[14.945s] Level 1:colcon.colcon_core.environment:checking '/root/ros2_ws/install/mg400/bin'
[14.945s] Level 1:colcon.colcon_core.environment:checking '/root/ros2_ws/install/mg400/lib/pkgconfig/mg400.pc'
[14.945s] Level 1:colcon.colcon_core.environment:checking '/root/ros2_ws/install/mg400/lib/python3.10/site-packages'
[14.945s] Level 1:colcon.colcon_core.environment:checking '/root/ros2_ws/install/mg400/bin'
[14.946s] INFO:colcon.colcon_core.shell:Creating package script '/root/ros2_ws/install/mg400/share/mg400/package.ps1'
[14.946s] INFO:colcon.colcon_core.shell:Creating package descriptor '/root/ros2_ws/install/mg400/share/mg400/package.dsv'
[14.946s] INFO:colcon.colcon_core.shell:Creating package script '/root/ros2_ws/install/mg400/share/mg400/package.sh'
[14.947s] INFO:colcon.colcon_core.shell:Creating package script '/root/ros2_ws/install/mg400/share/mg400/package.bash'
[14.947s] INFO:colcon.colcon_core.shell:Creating package script '/root/ros2_ws/install/mg400/share/mg400/package.zsh'
[14.947s] Level 1:colcon.colcon_core.environment:create_file_with_runtime_dependencies(/root/ros2_ws/install/mg400/share/colcon-core/packages/mg400)
[14.948s] Level 1:colcon.colcon_core.environment:create_environment_scripts_only(mg400)
[14.948s] Level 1:colcon.colcon_core.environment:checking '/root/ros2_ws/install/mg400' for CMake module files
[14.948s] Level 1:colcon.colcon_core.environment:checking '/root/ros2_ws/install/mg400' for CMake config files
[14.948s] Level 1:colcon.colcon_core.shell:create_environment_hook('mg400', 'cmake_prefix_path')
[14.948s] INFO:colcon.colcon_core.shell:Creating environment hook '/root/ros2_ws/install/mg400/share/mg400/hook/cmake_prefix_path.ps1'
[14.949s] INFO:colcon.colcon_core.shell:Creating environment descriptor '/root/ros2_ws/install/mg400/share/mg400/hook/cmake_prefix_path.dsv'
[14.949s] INFO:colcon.colcon_core.shell:Creating environment hook '/root/ros2_ws/install/mg400/share/mg400/hook/cmake_prefix_path.sh'
[14.949s] Level 1:colcon.colcon_core.environment:checking '/root/ros2_ws/install/mg400/bin'
[14.949s] Level 1:colcon.colcon_core.environment:checking '/root/ros2_ws/install/mg400/lib/pkgconfig/mg400.pc'
[14.950s] Level 1:colcon.colcon_core.environment:checking '/root/ros2_ws/install/mg400/lib/python3.10/site-packages'
[14.950s] Level 1:colcon.colcon_core.environment:checking '/root/ros2_ws/install/mg400/bin'
[14.950s] INFO:colcon.colcon_core.shell:Creating package script '/root/ros2_ws/install/mg400/share/mg400/package.ps1'
[14.950s] INFO:colcon.colcon_core.shell:Creating package descriptor '/root/ros2_ws/install/mg400/share/mg400/package.dsv'
[14.951s] INFO:colcon.colcon_core.shell:Creating package script '/root/ros2_ws/install/mg400/share/mg400/package.sh'
[14.951s] INFO:colcon.colcon_core.shell:Creating package script '/root/ros2_ws/install/mg400/share/mg400/package.bash'
[14.951s] INFO:colcon.colcon_core.shell:Creating package script '/root/ros2_ws/install/mg400/share/mg400/package.zsh'
[14.952s] Level 1:colcon.colcon_core.environment:create_file_with_runtime_dependencies(/root/ros2_ws/install/mg400/share/colcon-core/packages/mg400)
[14.952s] DEBUG:colcon.colcon_parallel_executor.executor.parallel:closing loop
[14.952s] DEBUG:colcon.colcon_parallel_executor.executor.parallel:loop closed
[14.952s] DEBUG:colcon.colcon_parallel_executor.executor.parallel:run_until_complete finished with '0'
[14.952s] DEBUG:colcon.colcon_core.event_reactor:joining thread
[14.958s] INFO:colcon.colcon_core.plugin_system:Skipping extension 'colcon_notification.desktop_notification.notify_send': Could not find 'notify-send'
[14.958s] INFO:colcon.colcon_core.plugin_system:Skipping extension 'colcon_notification.desktop_notification.terminal_notifier': Not used on non-Darwin systems
[14.958s] INFO:colcon.colcon_core.plugin_system:Skipping extension 'colcon_notification.desktop_notification.win32': Not used on non-Windows systems
[14.958s] INFO:colcon.colcon_notification.desktop_notification:Sending desktop notification using 'notify2'
[14.961s] DEBUG:colcon.colcon_notification.desktop_notification.notify2:Failed to initialize notify2: org.freedesktop.DBus.Error.Spawn.ExecFailed: /usr/bin/dbus-launch terminated abnormally without any error message
[14.961s] DEBUG:colcon.colcon_core.event_reactor:joined thread
[14.961s] INFO:colcon.colcon_core.shell:Creating prefix script '/root/ros2_ws/install/local_setup.ps1'
[14.962s] INFO:colcon.colcon_core.shell:Creating prefix util module '/root/ros2_ws/install/_local_setup_util_ps1.py'
[14.963s] INFO:colcon.colcon_core.shell:Creating prefix chain script '/root/ros2_ws/install/setup.ps1'
[14.965s] INFO:colcon.colcon_core.shell:Creating prefix script '/root/ros2_ws/install/local_setup.sh'
[14.965s] INFO:colcon.colcon_core.shell:Creating prefix util module '/root/ros2_ws/install/_local_setup_util_sh.py'
[14.966s] INFO:colcon.colcon_core.shell:Creating prefix chain script '/root/ros2_ws/install/setup.sh'
[14.967s] INFO:colcon.colcon_core.shell:Creating prefix script '/root/ros2_ws/install/local_setup.bash'
[14.968s] INFO:colcon.colcon_core.shell:Creating prefix chain script '/root/ros2_ws/install/setup.bash'
[14.969s] INFO:colcon.colcon_core.shell:Creating prefix script '/root/ros2_ws/install/local_setup.zsh'
[14.969s] INFO:colcon.colcon_core.shell:Creating prefix chain script '/root/ros2_ws/install/setup.zsh'
