[0.000000] (-) TimerEvent: {}
[0.000211] (mg400_common) JobQueued: {'identifier': 'mg400_common', 'dependencies': OrderedDict()}
[0.000382] (mg400_description) JobQueued: {'identifier': 'mg400_description', 'dependencies': OrderedDict()}
[0.000443] (mg400_msgs) JobQueued: {'identifier': 'mg400_msgs', 'dependencies': OrderedDict()}
[0.000488] (p9n_interface) JobQueued: {'identifier': 'p9n_interface', 'dependencies': OrderedDict()}
[0.000532] (mg400_interface) JobQueued: {'identifier': 'mg400_interface', 'dependencies': OrderedDict([('mg400_common', '/root/ros2_ws/install/mg400_common'), ('mg400_msgs', '/root/ros2_ws/install/mg400_msgs')])}
[0.000597] (mg400_tools) JobQueued: {'identifier': 'mg400_tools', 'dependencies': OrderedDict([('mg400_common', '/root/ros2_ws/install/mg400_common'), ('mg400_msgs', '/root/ros2_ws/install/mg400_msgs')])}
[0.000648] (p9n_example) JobQueued: {'identifier': 'p9n_example', 'dependencies': OrderedDict([('p9n_interface', '/root/ros2_ws/install/p9n_interface')])}
[0.000680] (p9n_node) JobQueued: {'identifier': 'p9n_node', 'dependencies': OrderedDict([('p9n_interface', '/root/ros2_ws/install/p9n_interface')])}
[0.000712] (p9n_test) JobQueued: {'identifier': 'p9n_test', 'dependencies': OrderedDict([('p9n_interface', '/root/ros2_ws/install/p9n_interface')])}
[0.000740] (mg400_joy) JobQueued: {'identifier': 'mg400_joy', 'dependencies': OrderedDict([('mg400_common', '/root/ros2_ws/install/mg400_common'), ('mg400_msgs', '/root/ros2_ws/install/mg400_msgs'), ('p9n_interface', '/root/ros2_ws/install/p9n_interface'), ('mg400_interface', '/root/ros2_ws/install/mg400_interface')])}
[0.000776] (mg400_plugin_base) JobQueued: {'identifier': 'mg400_plugin_base', 'dependencies': OrderedDict([('mg400_common', '/root/ros2_ws/install/mg400_common'), ('mg400_msgs', '/root/ros2_ws/install/mg400_msgs'), ('mg400_interface', '/root/ros2_ws/install/mg400_interface')])}
[0.000801] (mg400_rviz_plugin) JobQueued: {'identifier': 'mg400_rviz_plugin', 'dependencies': OrderedDict([('mg400_common', '/root/ros2_ws/install/mg400_common'), ('mg400_msgs', '/root/ros2_ws/install/mg400_msgs'), ('mg400_interface', '/root/ros2_ws/install/mg400_interface')])}
[0.000824] (p9n_bringup) JobQueued: {'identifier': 'p9n_bringup', 'dependencies': OrderedDict([('p9n_interface', '/root/ros2_ws/install/p9n_interface'), ('p9n_node', '/root/ros2_ws/install/p9n_node')])}
[0.000847] (mg400_plugin) JobQueued: {'identifier': 'mg400_plugin', 'dependencies': OrderedDict([('mg400_common', '/root/ros2_ws/install/mg400_common'), ('mg400_msgs', '/root/ros2_ws/install/mg400_msgs'), ('mg400_interface', '/root/ros2_ws/install/mg400_interface'), ('mg400_plugin_base', '/root/ros2_ws/install/mg400_plugin_base')])}
[0.000875] (p9n) JobQueued: {'identifier': 'p9n', 'dependencies': OrderedDict([('p9n_interface', '/root/ros2_ws/install/p9n_interface'), ('p9n_example', '/root/ros2_ws/install/p9n_example'), ('p9n_node', '/root/ros2_ws/install/p9n_node'), ('p9n_test', '/root/ros2_ws/install/p9n_test'), ('p9n_bringup', '/root/ros2_ws/install/p9n_bringup')])}
[0.000903] (mg400_node) JobQueued: {'identifier': 'mg400_node', 'dependencies': OrderedDict([('mg400_common', '/root/ros2_ws/install/mg400_common'), ('mg400_msgs', '/root/ros2_ws/install/mg400_msgs'), ('mg400_interface', '/root/ros2_ws/install/mg400_interface'), ('mg400_plugin_base', '/root/ros2_ws/install/mg400_plugin_base'), ('mg400_plugin', '/root/ros2_ws/install/mg400_plugin')])}
[0.000934] (mg400_bringup) JobQueued: {'identifier': 'mg400_bringup', 'dependencies': OrderedDict([('mg400_common', '/root/ros2_ws/install/mg400_common'), ('mg400_description', '/root/ros2_ws/install/mg400_description'), ('mg400_msgs', '/root/ros2_ws/install/mg400_msgs'), ('p9n_interface', '/root/ros2_ws/install/p9n_interface'), ('mg400_interface', '/root/ros2_ws/install/mg400_interface'), ('mg400_joy', '/root/ros2_ws/install/mg400_joy'), ('mg400_plugin_base', '/root/ros2_ws/install/mg400_plugin_base'), ('mg400_plugin', '/root/ros2_ws/install/mg400_plugin'), ('mg400_node', '/root/ros2_ws/install/mg400_node')])}
[0.000970] (mg400) JobQueued: {'identifier': 'mg400', 'dependencies': OrderedDict([('mg400_common', '/root/ros2_ws/install/mg400_common'), ('mg400_description', '/root/ros2_ws/install/mg400_description'), ('mg400_msgs', '/root/ros2_ws/install/mg400_msgs'), ('p9n_interface', '/root/ros2_ws/install/p9n_interface'), ('mg400_interface', '/root/ros2_ws/install/mg400_interface'), ('mg400_joy', '/root/ros2_ws/install/mg400_joy'), ('mg400_plugin_base', '/root/ros2_ws/install/mg400_plugin_base'), ('mg400_plugin', '/root/ros2_ws/install/mg400_plugin'), ('mg400_node', '/root/ros2_ws/install/mg400_node'), ('mg400_bringup', '/root/ros2_ws/install/mg400_bringup')])}
[0.001062] (mg400_common) JobStarted: {'identifier': 'mg400_common'}
[0.006910] (mg400_msgs) JobStarted: {'identifier': 'mg400_msgs'}
[0.009468] (p9n_interface) JobStarted: {'identifier': 'p9n_interface'}
[0.011930] (mg400_description) JobStarted: {'identifier': 'mg400_description'}
[0.015745] (mg400_common) JobProgress: {'identifier': 'mg400_common', 'progress': 'cmake'}
[0.016131] (mg400_common) Command: {'cmd': ['/usr/bin/cmake', '/root/ros2_ws/src/MG400_ROS2/mg400_common', '-DAMENT_CMAKE_SYMLINK_INSTALL=1', '-DCMAKE_INSTALL_PREFIX=/root/ros2_ws/install/mg400_common'], 'cwd': '/root/ros2_ws/build/mg400_common', 'env': OrderedDict([('HOSTNAME', 'zzz-2404'), ('SHLVL', '1'), ('LD_LIBRARY_PATH', '/opt/ros/humble/opt/rviz_ogre_vendor/lib:/opt/ros/humble/lib/x86_64-linux-gnu:/opt/ros/humble/lib'), ('HOME', '/root'), ('OLDPWD', '/root/ros2_ws'), ('ROS_PYTHON_VERSION', '3'), ('ROS_DISTRO', 'humble'), ('_', '/usr/bin/colcon'), ('ROS_VERSION', '2'), ('TERM', 'xterm'), ('ROS_LOCALHOST_ONLY', '0'), ('PATH', '/opt/ros/humble/bin:/usr/local/sbin:/usr/local/bin:/usr/sbin:/usr/bin:/sbin:/bin'), ('LANG', 'C.UTF-8'), ('LS_COLORS', 'rs=0:di=01;34:ln=01;36:mh=00:pi=40;33:so=01;35:do=01;35:bd=40;33;01:cd=40;33;01:or=40;31;01:mi=00:su=37;41:sg=30;43:ca=30;41:tw=30;42:ow=34;42:st=37;44:ex=01;32:*.tar=01;31:*.tgz=01;31:*.arc=01;31:*.arj=01;31:*.taz=01;31:*.lha=01;31:*.lz4=01;31:*.lzh=01;31:*.lzma=01;31:*.tlz=01;31:*.txz=01;31:*.tzo=01;31:*.t7z=01;31:*.zip=01;31:*.z=01;31:*.dz=01;31:*.gz=01;31:*.lrz=01;31:*.lz=01;31:*.lzo=01;31:*.xz=01;31:*.zst=01;31:*.tzst=01;31:*.bz2=01;31:*.bz=01;31:*.tbz=01;31:*.tbz2=01;31:*.tz=01;31:*.deb=01;31:*.rpm=01;31:*.jar=01;31:*.war=01;31:*.ear=01;31:*.sar=01;31:*.rar=01;31:*.alz=01;31:*.ace=01;31:*.zoo=01;31:*.cpio=01;31:*.7z=01;31:*.rz=01;31:*.cab=01;31:*.wim=01;31:*.swm=01;31:*.dwm=01;31:*.esd=01;31:*.jpg=01;35:*.jpeg=01;35:*.mjpg=01;35:*.mjpeg=01;35:*.gif=01;35:*.bmp=01;35:*.pbm=01;35:*.pgm=01;35:*.ppm=01;35:*.tga=01;35:*.xbm=01;35:*.xpm=01;35:*.tif=01;35:*.tiff=01;35:*.png=01;35:*.svg=01;35:*.svgz=01;35:*.mng=01;35:*.pcx=01;35:*.mov=01;35:*.mpg=01;35:*.mpeg=01;35:*.m2v=01;35:*.mkv=01;35:*.webm=01;35:*.webp=01;35:*.ogm=01;35:*.mp4=01;35:*.m4v=01;35:*.mp4v=01;35:*.vob=01;35:*.qt=01;35:*.nuv=01;35:*.wmv=01;35:*.asf=01;35:*.rm=01;35:*.rmvb=01;35:*.flc=01;35:*.avi=01;35:*.fli=01;35:*.flv=01;35:*.gl=01;35:*.dl=01;35:*.xcf=01;35:*.xwd=01;35:*.yuv=01;35:*.cgm=01;35:*.emf=01;35:*.ogv=01;35:*.ogx=01;35:*.aac=00;36:*.au=00;36:*.flac=00;36:*.m4a=00;36:*.mid=00;36:*.midi=00;36:*.mka=00;36:*.mp3=00;36:*.mpc=00;36:*.ogg=00;36:*.ra=00;36:*.wav=00;36:*.oga=00;36:*.opus=00;36:*.spx=00;36:*.xspf=00;36:'), ('AMENT_PREFIX_PATH', '/opt/ros/humble'), ('PWD', '/root/ros2_ws/build/mg400_common'), ('LC_ALL', 'C.UTF-8'), ('PYTHONPATH', '/opt/ros/humble/lib/python3.10/site-packages:/opt/ros/humble/local/lib/python3.10/dist-packages'), ('COLCON', '1'), ('CMAKE_PREFIX_PATH', '/opt/ros/humble')]), 'shell': False}
[0.017956] (mg400_msgs) JobProgress: {'identifier': 'mg400_msgs', 'progress': 'cmake'}
[0.018283] (mg400_msgs) Command: {'cmd': ['/usr/bin/cmake', '/root/ros2_ws/src/MG400_ROS2/mg400_msgs', '-DAMENT_CMAKE_SYMLINK_INSTALL=1', '-DCMAKE_INSTALL_PREFIX=/root/ros2_ws/install/mg400_msgs'], 'cwd': '/root/ros2_ws/build/mg400_msgs', 'env': OrderedDict([('HOSTNAME', 'zzz-2404'), ('SHLVL', '1'), ('LD_LIBRARY_PATH', '/opt/ros/humble/opt/rviz_ogre_vendor/lib:/opt/ros/humble/lib/x86_64-linux-gnu:/opt/ros/humble/lib'), ('HOME', '/root'), ('OLDPWD', '/root/ros2_ws'), ('ROS_PYTHON_VERSION', '3'), ('ROS_DISTRO', 'humble'), ('_', '/usr/bin/colcon'), ('ROS_VERSION', '2'), ('TERM', 'xterm'), ('ROS_LOCALHOST_ONLY', '0'), ('PATH', '/opt/ros/humble/bin:/usr/local/sbin:/usr/local/bin:/usr/sbin:/usr/bin:/sbin:/bin'), ('LANG', 'C.UTF-8'), ('LS_COLORS', 'rs=0:di=01;34:ln=01;36:mh=00:pi=40;33:so=01;35:do=01;35:bd=40;33;01:cd=40;33;01:or=40;31;01:mi=00:su=37;41:sg=30;43:ca=30;41:tw=30;42:ow=34;42:st=37;44:ex=01;32:*.tar=01;31:*.tgz=01;31:*.arc=01;31:*.arj=01;31:*.taz=01;31:*.lha=01;31:*.lz4=01;31:*.lzh=01;31:*.lzma=01;31:*.tlz=01;31:*.txz=01;31:*.tzo=01;31:*.t7z=01;31:*.zip=01;31:*.z=01;31:*.dz=01;31:*.gz=01;31:*.lrz=01;31:*.lz=01;31:*.lzo=01;31:*.xz=01;31:*.zst=01;31:*.tzst=01;31:*.bz2=01;31:*.bz=01;31:*.tbz=01;31:*.tbz2=01;31:*.tz=01;31:*.deb=01;31:*.rpm=01;31:*.jar=01;31:*.war=01;31:*.ear=01;31:*.sar=01;31:*.rar=01;31:*.alz=01;31:*.ace=01;31:*.zoo=01;31:*.cpio=01;31:*.7z=01;31:*.rz=01;31:*.cab=01;31:*.wim=01;31:*.swm=01;31:*.dwm=01;31:*.esd=01;31:*.jpg=01;35:*.jpeg=01;35:*.mjpg=01;35:*.mjpeg=01;35:*.gif=01;35:*.bmp=01;35:*.pbm=01;35:*.pgm=01;35:*.ppm=01;35:*.tga=01;35:*.xbm=01;35:*.xpm=01;35:*.tif=01;35:*.tiff=01;35:*.png=01;35:*.svg=01;35:*.svgz=01;35:*.mng=01;35:*.pcx=01;35:*.mov=01;35:*.mpg=01;35:*.mpeg=01;35:*.m2v=01;35:*.mkv=01;35:*.webm=01;35:*.webp=01;35:*.ogm=01;35:*.mp4=01;35:*.m4v=01;35:*.mp4v=01;35:*.vob=01;35:*.qt=01;35:*.nuv=01;35:*.wmv=01;35:*.asf=01;35:*.rm=01;35:*.rmvb=01;35:*.flc=01;35:*.avi=01;35:*.fli=01;35:*.flv=01;35:*.gl=01;35:*.dl=01;35:*.xcf=01;35:*.xwd=01;35:*.yuv=01;35:*.cgm=01;35:*.emf=01;35:*.ogv=01;35:*.ogx=01;35:*.aac=00;36:*.au=00;36:*.flac=00;36:*.m4a=00;36:*.mid=00;36:*.midi=00;36:*.mka=00;36:*.mp3=00;36:*.mpc=00;36:*.ogg=00;36:*.ra=00;36:*.wav=00;36:*.oga=00;36:*.opus=00;36:*.spx=00;36:*.xspf=00;36:'), ('AMENT_PREFIX_PATH', '/opt/ros/humble'), ('PWD', '/root/ros2_ws/build/mg400_msgs'), ('LC_ALL', 'C.UTF-8'), ('PYTHONPATH', '/opt/ros/humble/lib/python3.10/site-packages:/opt/ros/humble/local/lib/python3.10/dist-packages'), ('COLCON', '1'), ('CMAKE_PREFIX_PATH', '/opt/ros/humble')]), 'shell': False}
[0.019501] (p9n_interface) JobProgress: {'identifier': 'p9n_interface', 'progress': 'cmake'}
[0.019755] (p9n_interface) Command: {'cmd': ['/usr/bin/cmake', '/root/ros2_ws/src/PlayStation-JoyInterface-ROS2/p9n_interface', '-DAMENT_CMAKE_SYMLINK_INSTALL=1', '-DCMAKE_INSTALL_PREFIX=/root/ros2_ws/install/p9n_interface'], 'cwd': '/root/ros2_ws/build/p9n_interface', 'env': OrderedDict([('HOSTNAME', 'zzz-2404'), ('SHLVL', '1'), ('LD_LIBRARY_PATH', '/opt/ros/humble/opt/rviz_ogre_vendor/lib:/opt/ros/humble/lib/x86_64-linux-gnu:/opt/ros/humble/lib'), ('HOME', '/root'), ('OLDPWD', '/root/ros2_ws'), ('ROS_PYTHON_VERSION', '3'), ('ROS_DISTRO', 'humble'), ('_', '/usr/bin/colcon'), ('ROS_VERSION', '2'), ('TERM', 'xterm'), ('ROS_LOCALHOST_ONLY', '0'), ('PATH', '/opt/ros/humble/bin:/usr/local/sbin:/usr/local/bin:/usr/sbin:/usr/bin:/sbin:/bin'), ('LANG', 'C.UTF-8'), ('LS_COLORS', 'rs=0:di=01;34:ln=01;36:mh=00:pi=40;33:so=01;35:do=01;35:bd=40;33;01:cd=40;33;01:or=40;31;01:mi=00:su=37;41:sg=30;43:ca=30;41:tw=30;42:ow=34;42:st=37;44:ex=01;32:*.tar=01;31:*.tgz=01;31:*.arc=01;31:*.arj=01;31:*.taz=01;31:*.lha=01;31:*.lz4=01;31:*.lzh=01;31:*.lzma=01;31:*.tlz=01;31:*.txz=01;31:*.tzo=01;31:*.t7z=01;31:*.zip=01;31:*.z=01;31:*.dz=01;31:*.gz=01;31:*.lrz=01;31:*.lz=01;31:*.lzo=01;31:*.xz=01;31:*.zst=01;31:*.tzst=01;31:*.bz2=01;31:*.bz=01;31:*.tbz=01;31:*.tbz2=01;31:*.tz=01;31:*.deb=01;31:*.rpm=01;31:*.jar=01;31:*.war=01;31:*.ear=01;31:*.sar=01;31:*.rar=01;31:*.alz=01;31:*.ace=01;31:*.zoo=01;31:*.cpio=01;31:*.7z=01;31:*.rz=01;31:*.cab=01;31:*.wim=01;31:*.swm=01;31:*.dwm=01;31:*.esd=01;31:*.jpg=01;35:*.jpeg=01;35:*.mjpg=01;35:*.mjpeg=01;35:*.gif=01;35:*.bmp=01;35:*.pbm=01;35:*.pgm=01;35:*.ppm=01;35:*.tga=01;35:*.xbm=01;35:*.xpm=01;35:*.tif=01;35:*.tiff=01;35:*.png=01;35:*.svg=01;35:*.svgz=01;35:*.mng=01;35:*.pcx=01;35:*.mov=01;35:*.mpg=01;35:*.mpeg=01;35:*.m2v=01;35:*.mkv=01;35:*.webm=01;35:*.webp=01;35:*.ogm=01;35:*.mp4=01;35:*.m4v=01;35:*.mp4v=01;35:*.vob=01;35:*.qt=01;35:*.nuv=01;35:*.wmv=01;35:*.asf=01;35:*.rm=01;35:*.rmvb=01;35:*.flc=01;35:*.avi=01;35:*.fli=01;35:*.flv=01;35:*.gl=01;35:*.dl=01;35:*.xcf=01;35:*.xwd=01;35:*.yuv=01;35:*.cgm=01;35:*.emf=01;35:*.ogv=01;35:*.ogx=01;35:*.aac=00;36:*.au=00;36:*.flac=00;36:*.m4a=00;36:*.mid=00;36:*.midi=00;36:*.mka=00;36:*.mp3=00;36:*.mpc=00;36:*.ogg=00;36:*.ra=00;36:*.wav=00;36:*.oga=00;36:*.opus=00;36:*.spx=00;36:*.xspf=00;36:'), ('AMENT_PREFIX_PATH', '/opt/ros/humble'), ('PWD', '/root/ros2_ws/build/p9n_interface'), ('LC_ALL', 'C.UTF-8'), ('PYTHONPATH', '/opt/ros/humble/lib/python3.10/site-packages:/opt/ros/humble/local/lib/python3.10/dist-packages'), ('COLCON', '1'), ('CMAKE_PREFIX_PATH', '/opt/ros/humble')]), 'shell': False}
[0.022231] (mg400_description) JobProgress: {'identifier': 'mg400_description', 'progress': 'cmake'}
[0.022553] (mg400_description) Command: {'cmd': ['/usr/bin/cmake', '/root/ros2_ws/src/MG400_ROS2/mg400_description', '-DAMENT_CMAKE_SYMLINK_INSTALL=1', '-DCMAKE_INSTALL_PREFIX=/root/ros2_ws/install/mg400_description'], 'cwd': '/root/ros2_ws/build/mg400_description', 'env': OrderedDict([('HOSTNAME', 'zzz-2404'), ('SHLVL', '1'), ('LD_LIBRARY_PATH', '/opt/ros/humble/opt/rviz_ogre_vendor/lib:/opt/ros/humble/lib/x86_64-linux-gnu:/opt/ros/humble/lib'), ('HOME', '/root'), ('OLDPWD', '/root/ros2_ws'), ('ROS_PYTHON_VERSION', '3'), ('ROS_DISTRO', 'humble'), ('_', '/usr/bin/colcon'), ('ROS_VERSION', '2'), ('TERM', 'xterm'), ('ROS_LOCALHOST_ONLY', '0'), ('PATH', '/opt/ros/humble/bin:/usr/local/sbin:/usr/local/bin:/usr/sbin:/usr/bin:/sbin:/bin'), ('LANG', 'C.UTF-8'), ('LS_COLORS', 'rs=0:di=01;34:ln=01;36:mh=00:pi=40;33:so=01;35:do=01;35:bd=40;33;01:cd=40;33;01:or=40;31;01:mi=00:su=37;41:sg=30;43:ca=30;41:tw=30;42:ow=34;42:st=37;44:ex=01;32:*.tar=01;31:*.tgz=01;31:*.arc=01;31:*.arj=01;31:*.taz=01;31:*.lha=01;31:*.lz4=01;31:*.lzh=01;31:*.lzma=01;31:*.tlz=01;31:*.txz=01;31:*.tzo=01;31:*.t7z=01;31:*.zip=01;31:*.z=01;31:*.dz=01;31:*.gz=01;31:*.lrz=01;31:*.lz=01;31:*.lzo=01;31:*.xz=01;31:*.zst=01;31:*.tzst=01;31:*.bz2=01;31:*.bz=01;31:*.tbz=01;31:*.tbz2=01;31:*.tz=01;31:*.deb=01;31:*.rpm=01;31:*.jar=01;31:*.war=01;31:*.ear=01;31:*.sar=01;31:*.rar=01;31:*.alz=01;31:*.ace=01;31:*.zoo=01;31:*.cpio=01;31:*.7z=01;31:*.rz=01;31:*.cab=01;31:*.wim=01;31:*.swm=01;31:*.dwm=01;31:*.esd=01;31:*.jpg=01;35:*.jpeg=01;35:*.mjpg=01;35:*.mjpeg=01;35:*.gif=01;35:*.bmp=01;35:*.pbm=01;35:*.pgm=01;35:*.ppm=01;35:*.tga=01;35:*.xbm=01;35:*.xpm=01;35:*.tif=01;35:*.tiff=01;35:*.png=01;35:*.svg=01;35:*.svgz=01;35:*.mng=01;35:*.pcx=01;35:*.mov=01;35:*.mpg=01;35:*.mpeg=01;35:*.m2v=01;35:*.mkv=01;35:*.webm=01;35:*.webp=01;35:*.ogm=01;35:*.mp4=01;35:*.m4v=01;35:*.mp4v=01;35:*.vob=01;35:*.qt=01;35:*.nuv=01;35:*.wmv=01;35:*.asf=01;35:*.rm=01;35:*.rmvb=01;35:*.flc=01;35:*.avi=01;35:*.fli=01;35:*.flv=01;35:*.gl=01;35:*.dl=01;35:*.xcf=01;35:*.xwd=01;35:*.yuv=01;35:*.cgm=01;35:*.emf=01;35:*.ogv=01;35:*.ogx=01;35:*.aac=00;36:*.au=00;36:*.flac=00;36:*.m4a=00;36:*.mid=00;36:*.midi=00;36:*.mka=00;36:*.mp3=00;36:*.mpc=00;36:*.ogg=00;36:*.ra=00;36:*.wav=00;36:*.oga=00;36:*.opus=00;36:*.spx=00;36:*.xspf=00;36:'), ('AMENT_PREFIX_PATH', '/opt/ros/humble'), ('PWD', '/root/ros2_ws/build/mg400_description'), ('LC_ALL', 'C.UTF-8'), ('PYTHONPATH', '/opt/ros/humble/lib/python3.10/site-packages:/opt/ros/humble/local/lib/python3.10/dist-packages'), ('COLCON', '1'), ('CMAKE_PREFIX_PATH', '/opt/ros/humble')]), 'shell': False}
[0.061866] (mg400_common) StdoutLine: {'line': b'-- The C compiler identification is GNU 11.4.0\n'}
[0.062081] (mg400_msgs) StdoutLine: {'line': b'-- The C compiler identification is GNU 11.4.0\n'}
[0.062146] (p9n_interface) StdoutLine: {'line': b'-- The C compiler identification is GNU 11.4.0\n'}
[0.067852] (mg400_description) StdoutLine: {'line': b'-- The C compiler identification is GNU 11.4.0\n'}
[0.099282] (-) TimerEvent: {}
[0.106050] (p9n_interface) StdoutLine: {'line': b'-- The CXX compiler identification is GNU 11.4.0\n'}
[0.106439] (mg400_msgs) StdoutLine: {'line': b'-- The CXX compiler identification is GNU 11.4.0\n'}
[0.108074] (mg400_common) StdoutLine: {'line': b'-- The CXX compiler identification is GNU 11.4.0\n'}
[0.111769] (p9n_interface) StdoutLine: {'line': b'-- Detecting C compiler ABI info\n'}
[0.113734] (mg400_msgs) StdoutLine: {'line': b'-- Detecting C compiler ABI info\n'}
[0.115549] (mg400_common) StdoutLine: {'line': b'-- Detecting C compiler ABI info\n'}
[0.116344] (mg400_description) StdoutLine: {'line': b'-- The CXX compiler identification is GNU 11.4.0\n'}
[0.122017] (mg400_description) StdoutLine: {'line': b'-- Detecting C compiler ABI info\n'}
[0.168119] (p9n_interface) StdoutLine: {'line': b'-- Detecting C compiler ABI info - done\n'}
[0.169396] (mg400_common) StdoutLine: {'line': b'-- Detecting C compiler ABI info - done\n'}
[0.169561] (mg400_msgs) StdoutLine: {'line': b'-- Detecting C compiler ABI info - done\n'}
[0.173543] (p9n_interface) StdoutLine: {'line': b'-- Check for working C compiler: /usr/bin/cc - skipped\n'}
[0.173742] (p9n_interface) StdoutLine: {'line': b'-- Detecting C compile features\n'}
[0.174033] (p9n_interface) StdoutLine: {'line': b'-- Detecting C compile features - done\n'}
[0.174545] (mg400_msgs) StdoutLine: {'line': b'-- Check for working C compiler: /usr/bin/cc - skipped\n'}
[0.174750] (mg400_msgs) StdoutLine: {'line': b'-- Detecting C compile features\n'}
[0.175021] (mg400_msgs) StdoutLine: {'line': b'-- Detecting C compile features - done\n'}
[0.175392] (mg400_common) StdoutLine: {'line': b'-- Check for working C compiler: /usr/bin/cc - skipped\n'}
[0.175578] (mg400_common) StdoutLine: {'line': b'-- Detecting C compile features\n'}
[0.175866] (mg400_common) StdoutLine: {'line': b'-- Detecting C compile features - done\n'}
[0.176298] (p9n_interface) StdoutLine: {'line': b'-- Detecting CXX compiler ABI info\n'}
[0.177332] (mg400_msgs) StdoutLine: {'line': b'-- Detecting CXX compiler ABI info\n'}
[0.178325] (mg400_description) StdoutLine: {'line': b'-- Detecting C compiler ABI info - done\n'}
[0.178745] (mg400_common) StdoutLine: {'line': b'-- Detecting CXX compiler ABI info\n'}
[0.183254] (mg400_description) StdoutLine: {'line': b'-- Check for working C compiler: /usr/bin/cc - skipped\n'}
[0.183432] (mg400_description) StdoutLine: {'line': b'-- Detecting C compile features\n'}
[0.183718] (mg400_description) StdoutLine: {'line': b'-- Detecting C compile features - done\n'}
[0.185998] (mg400_description) StdoutLine: {'line': b'-- Detecting CXX compiler ABI info\n'}
[0.199384] (-) TimerEvent: {}
[0.241895] (mg400_common) StdoutLine: {'line': b'-- Detecting CXX compiler ABI info - done\n'}
[0.243470] (p9n_interface) StdoutLine: {'line': b'-- Detecting CXX compiler ABI info - done\n'}
[0.243812] (mg400_msgs) StdoutLine: {'line': b'-- Detecting CXX compiler ABI info - done\n'}
[0.247552] (mg400_common) StdoutLine: {'line': b'-- Check for working CXX compiler: /usr/bin/c++ - skipped\n'}
[0.247762] (mg400_common) StdoutLine: {'line': b'-- Detecting CXX compile features\n'}
[0.248092] (mg400_common) StdoutLine: {'line': b'-- Detecting CXX compile features - done\n'}
[0.248559] (p9n_interface) StdoutLine: {'line': b'-- Check for working CXX compiler: /usr/bin/c++ - skipped\n'}
[0.248779] (p9n_interface) StdoutLine: {'line': b'-- Detecting CXX compile features\n'}
[0.248949] (mg400_msgs) StdoutLine: {'line': b'-- Check for working CXX compiler: /usr/bin/c++ - skipped\n'}
[0.249104] (p9n_interface) StdoutLine: {'line': b'-- Detecting CXX compile features - done\n'}
[0.249172] (mg400_msgs) StdoutLine: {'line': b'-- Detecting CXX compile features\n'}
[0.249505] (mg400_msgs) StdoutLine: {'line': b'-- Detecting CXX compile features - done\n'}
[0.250010] (mg400_common) StdoutLine: {'line': b'-- Found ament_cmake_auto: 1.3.14 (/opt/ros/humble/share/ament_cmake_auto/cmake)\n'}
[0.250993] (p9n_interface) StdoutLine: {'line': b'-- Found ament_cmake_auto: 1.3.14 (/opt/ros/humble/share/ament_cmake_auto/cmake)\n'}
[0.251439] (mg400_msgs) StdoutLine: {'line': b'-- Found ament_cmake_auto: 1.3.14 (/opt/ros/humble/share/ament_cmake_auto/cmake)\n'}
[0.254479] (mg400_description) StdoutLine: {'line': b'-- Detecting CXX compiler ABI info - done\n'}
[0.259653] (mg400_description) StdoutLine: {'line': b'-- Check for working CXX compiler: /usr/bin/c++ - skipped\n'}
[0.259844] (mg400_description) StdoutLine: {'line': b'-- Detecting CXX compile features\n'}
[0.260169] (mg400_description) StdoutLine: {'line': b'-- Detecting CXX compile features - done\n'}
[0.262059] (mg400_description) StdoutLine: {'line': b'-- Found ament_cmake_auto: 1.3.14 (/opt/ros/humble/share/ament_cmake_auto/cmake)\n'}
[0.299470] (-) TimerEvent: {}
[0.369199] (mg400_common) StdoutLine: {'line': b'-- Found Python3: /usr/bin/python3 (found version "3.10.12") found components: Interpreter \n'}
[0.369915] (p9n_interface) StdoutLine: {'line': b'-- Found Python3: /usr/bin/python3 (found version "3.10.12") found components: Interpreter \n'}
[0.372950] (mg400_msgs) StdoutLine: {'line': b'-- Found Python3: /usr/bin/python3 (found version "3.10.12") found components: Interpreter \n'}
[0.382704] (mg400_description) StdoutLine: {'line': b'-- Found Python3: /usr/bin/python3 (found version "3.10.12") found components: Interpreter \n'}
[0.399596] (-) TimerEvent: {}
[0.421127] (mg400_common) StdoutLine: {'line': b'-- Override CMake install command with custom implementation using symlinks instead of copying resources\n'}
[0.422749] (p9n_interface) StdoutLine: {'line': b'-- Override CMake install command with custom implementation using symlinks instead of copying resources\n'}
[0.425861] (mg400_msgs) StdoutLine: {'line': b'-- Override CMake install command with custom implementation using symlinks instead of copying resources\n'}
[0.435141] (mg400_description) StdoutLine: {'line': b'-- Override CMake install command with custom implementation using symlinks instead of copying resources\n'}
[0.499712] (-) TimerEvent: {}
[0.507466] (mg400_common) StdoutLine: {'line': b'-- Found ament_lint_auto: 0.12.15 (/opt/ros/humble/share/ament_lint_auto/cmake)\n'}
[0.509272] (mg400_common) StdoutLine: {'line': b'-- Found ament_cmake_gtest: 1.3.14 (/opt/ros/humble/share/ament_cmake_gtest/cmake)\n'}
[0.526088] (mg400_common) StdoutLine: {'line': b"-- Found gtest sources under '/opt/ros/humble/src/gtest_vendor': C++ tests using 'Google Test' will be built\n"}
[0.527658] (mg400_common) StdoutLine: {'line': b'-- Looking for pthread.h\n'}
[0.530313] (mg400_msgs) StdoutLine: {'line': b'-- Found rosidl_generator_c: 3.1.9 (/opt/ros/humble/share/rosidl_generator_c/cmake)\n'}
[0.534596] (mg400_msgs) StdoutLine: {'line': b'-- Found rosidl_adapter: 3.1.9 (/opt/ros/humble/share/rosidl_adapter/cmake)\n'}
[0.536754] (p9n_interface) StdoutLine: {'line': b'-- Found rosidl_generator_c: 3.1.9 (/opt/ros/humble/share/rosidl_generator_c/cmake)\n'}
[0.540099] (mg400_description) StdoutLine: {'line': b'-- Found rosidl_generator_c: 3.1.9 (/opt/ros/humble/share/rosidl_generator_c/cmake)\n'}
[0.541011] (p9n_interface) StdoutLine: {'line': b'-- Found rosidl_adapter: 3.1.9 (/opt/ros/humble/share/rosidl_adapter/cmake)\n'}
[0.541515] (mg400_msgs) StdoutLine: {'line': b'-- Found rosidl_generator_cpp: 3.1.9 (/opt/ros/humble/share/rosidl_generator_cpp/cmake)\n'}
[0.544530] (mg400_description) StdoutLine: {'line': b'-- Found rosidl_adapter: 3.1.9 (/opt/ros/humble/share/rosidl_adapter/cmake)\n'}
[0.547989] (p9n_interface) StdoutLine: {'line': b'-- Found rosidl_generator_cpp: 3.1.9 (/opt/ros/humble/share/rosidl_generator_cpp/cmake)\n'}
[0.551290] (mg400_msgs) StdoutLine: {'line': b'-- Using all available rosidl_typesupport_c: rosidl_typesupport_fastrtps_c;rosidl_typesupport_introspection_c\n'}
[0.552055] (mg400_description) StdoutLine: {'line': b'-- Found rosidl_generator_cpp: 3.1.9 (/opt/ros/humble/share/rosidl_generator_cpp/cmake)\n'}
[0.557845] (p9n_interface) StdoutLine: {'line': b'-- Using all available rosidl_typesupport_c: rosidl_typesupport_fastrtps_c;rosidl_typesupport_introspection_c\n'}
[0.561972] (mg400_description) StdoutLine: {'line': b'-- Using all available rosidl_typesupport_c: rosidl_typesupport_fastrtps_c;rosidl_typesupport_introspection_c\n'}
[0.564066] (mg400_msgs) StdoutLine: {'line': b'-- Using all available rosidl_typesupport_cpp: rosidl_typesupport_fastrtps_cpp;rosidl_typesupport_introspection_cpp\n'}
[0.570667] (p9n_interface) StdoutLine: {'line': b'-- Using all available rosidl_typesupport_cpp: rosidl_typesupport_fastrtps_cpp;rosidl_typesupport_introspection_cpp\n'}
[0.574901] (mg400_description) StdoutLine: {'line': b'-- Using all available rosidl_typesupport_cpp: rosidl_typesupport_fastrtps_cpp;rosidl_typesupport_introspection_cpp\n'}
[0.596688] (mg400_common) StdoutLine: {'line': b'-- Looking for pthread.h - found\n'}
[0.596918] (mg400_common) StdoutLine: {'line': b'-- Performing Test CMAKE_HAVE_LIBC_PTHREAD\n'}
[0.597205] (mg400_description) StdoutLine: {'line': b'-- Found ament_lint_auto: 0.12.15 (/opt/ros/humble/share/ament_lint_auto/cmake)\n'}
[0.599770] (-) TimerEvent: {}
[0.608090] (p9n_interface) StdoutLine: {'line': b'-- Found rmw_implementation_cmake: 6.1.3 (/opt/ros/humble/share/rmw_implementation_cmake/cmake)\n'}
[0.610172] (p9n_interface) StdoutLine: {'line': b'-- Found rmw_fastrtps_cpp: 6.2.10 (/opt/ros/humble/share/rmw_fastrtps_cpp/cmake)\n'}
[0.616073] (mg400_description) StdoutLine: {'line': b"-- Added test 'lint_cmake' to check CMake code style\n"}
[0.618083] (mg400_description) StdoutLine: {'line': b"-- Added test 'xmllint' to check XML markup files\n"}
[0.619886] (mg400_description) StdoutLine: {'line': b'-- Configuring done\n'}
[0.623815] (mg400_description) StdoutLine: {'line': b'-- Generating done\n'}
[0.625316] (mg400_description) StdoutLine: {'line': b'-- Build files have been written to: /root/ros2_ws/build/mg400_description\n'}
[0.630882] (mg400_description) CommandEnded: {'returncode': 0}
[0.631382] (mg400_description) JobProgress: {'identifier': 'mg400_description', 'progress': 'build'}
[0.632000] (mg400_description) Command: {'cmd': ['/usr/bin/cmake', '--build', '/root/ros2_ws/build/mg400_description', '--', '-j16', '-l16'], 'cwd': '/root/ros2_ws/build/mg400_description', 'env': OrderedDict([('HOSTNAME', 'zzz-2404'), ('SHLVL', '1'), ('LD_LIBRARY_PATH', '/opt/ros/humble/opt/rviz_ogre_vendor/lib:/opt/ros/humble/lib/x86_64-linux-gnu:/opt/ros/humble/lib'), ('HOME', '/root'), ('OLDPWD', '/root/ros2_ws'), ('ROS_PYTHON_VERSION', '3'), ('ROS_DISTRO', 'humble'), ('_', '/usr/bin/colcon'), ('ROS_VERSION', '2'), ('TERM', 'xterm'), ('ROS_LOCALHOST_ONLY', '0'), ('PATH', '/opt/ros/humble/bin:/usr/local/sbin:/usr/local/bin:/usr/sbin:/usr/bin:/sbin:/bin'), ('LANG', 'C.UTF-8'), ('LS_COLORS', 'rs=0:di=01;34:ln=01;36:mh=00:pi=40;33:so=01;35:do=01;35:bd=40;33;01:cd=40;33;01:or=40;31;01:mi=00:su=37;41:sg=30;43:ca=30;41:tw=30;42:ow=34;42:st=37;44:ex=01;32:*.tar=01;31:*.tgz=01;31:*.arc=01;31:*.arj=01;31:*.taz=01;31:*.lha=01;31:*.lz4=01;31:*.lzh=01;31:*.lzma=01;31:*.tlz=01;31:*.txz=01;31:*.tzo=01;31:*.t7z=01;31:*.zip=01;31:*.z=01;31:*.dz=01;31:*.gz=01;31:*.lrz=01;31:*.lz=01;31:*.lzo=01;31:*.xz=01;31:*.zst=01;31:*.tzst=01;31:*.bz2=01;31:*.bz=01;31:*.tbz=01;31:*.tbz2=01;31:*.tz=01;31:*.deb=01;31:*.rpm=01;31:*.jar=01;31:*.war=01;31:*.ear=01;31:*.sar=01;31:*.rar=01;31:*.alz=01;31:*.ace=01;31:*.zoo=01;31:*.cpio=01;31:*.7z=01;31:*.rz=01;31:*.cab=01;31:*.wim=01;31:*.swm=01;31:*.dwm=01;31:*.esd=01;31:*.jpg=01;35:*.jpeg=01;35:*.mjpg=01;35:*.mjpeg=01;35:*.gif=01;35:*.bmp=01;35:*.pbm=01;35:*.pgm=01;35:*.ppm=01;35:*.tga=01;35:*.xbm=01;35:*.xpm=01;35:*.tif=01;35:*.tiff=01;35:*.png=01;35:*.svg=01;35:*.svgz=01;35:*.mng=01;35:*.pcx=01;35:*.mov=01;35:*.mpg=01;35:*.mpeg=01;35:*.m2v=01;35:*.mkv=01;35:*.webm=01;35:*.webp=01;35:*.ogm=01;35:*.mp4=01;35:*.m4v=01;35:*.mp4v=01;35:*.vob=01;35:*.qt=01;35:*.nuv=01;35:*.wmv=01;35:*.asf=01;35:*.rm=01;35:*.rmvb=01;35:*.flc=01;35:*.avi=01;35:*.fli=01;35:*.flv=01;35:*.gl=01;35:*.dl=01;35:*.xcf=01;35:*.xwd=01;35:*.yuv=01;35:*.cgm=01;35:*.emf=01;35:*.ogv=01;35:*.ogx=01;35:*.aac=00;36:*.au=00;36:*.flac=00;36:*.m4a=00;36:*.mid=00;36:*.midi=00;36:*.mka=00;36:*.mp3=00;36:*.mpc=00;36:*.ogg=00;36:*.ra=00;36:*.wav=00;36:*.oga=00;36:*.opus=00;36:*.spx=00;36:*.xspf=00;36:'), ('AMENT_PREFIX_PATH', '/opt/ros/humble'), ('PWD', '/root/ros2_ws/build/mg400_description'), ('LC_ALL', 'C.UTF-8'), ('PYTHONPATH', '/opt/ros/humble/lib/python3.10/site-packages:/opt/ros/humble/local/lib/python3.10/dist-packages'), ('COLCON', '1'), ('CMAKE_PREFIX_PATH', '/opt/ros/humble')]), 'shell': False}
[0.666506] (mg400_common) StdoutLine: {'line': b'-- Performing Test CMAKE_HAVE_LIBC_PTHREAD - Success\n'}
[0.667581] (mg400_common) StdoutLine: {'line': b'-- Found Threads: TRUE  \n'}
[0.667681] (mg400_description) CommandEnded: {'returncode': 0}
[0.668041] (mg400_description) JobProgress: {'identifier': 'mg400_description', 'progress': 'install'}
[0.668098] (mg400_common) StderrLine: {'line': b'\x1b[0mIn this package, headers install destination is set to `include` by ament_auto_package. It is recommended to install `include/mg400_common` instead and will be the default behavior of ament_auto_package from ROS 2 Kilted Kaiju. On distributions before Kilted, ament_auto_package behaves the same way when you use USE_SCOPED_HEADER_INSTALL_DIR option.\x1b[0m\n'}
[0.672482] (mg400_common) StdoutLine: {'line': b"-- Added test 'copyright' to check source files copyright and LICENSE\n"}
[0.673839] (mg400_common) StdoutLine: {'line': b"-- Added test 'cppcheck' to perform static code analysis on C / C++ code\n"}
[0.674113] (mg400_common) StdoutLine: {'line': b'-- Configured cppcheck include dirs: /root/ros2_ws/src/MG400_ROS2/mg400_common/include\n'}
[0.674164] (mg400_common) StdoutLine: {'line': b'-- Configured cppcheck exclude dirs and/or files: \n'}
[0.675523] (mg400_common) StdoutLine: {'line': b"-- Added test 'lint_cmake' to check CMake code style\n"}
[0.676422] (mg400_description) Command: {'cmd': ['/usr/bin/cmake', '--install', '/root/ros2_ws/build/mg400_description'], 'cwd': '/root/ros2_ws/build/mg400_description', 'env': OrderedDict([('HOSTNAME', 'zzz-2404'), ('SHLVL', '1'), ('LD_LIBRARY_PATH', '/opt/ros/humble/opt/rviz_ogre_vendor/lib:/opt/ros/humble/lib/x86_64-linux-gnu:/opt/ros/humble/lib'), ('HOME', '/root'), ('OLDPWD', '/root/ros2_ws'), ('ROS_PYTHON_VERSION', '3'), ('ROS_DISTRO', 'humble'), ('_', '/usr/bin/colcon'), ('ROS_VERSION', '2'), ('TERM', 'xterm'), ('ROS_LOCALHOST_ONLY', '0'), ('PATH', '/opt/ros/humble/bin:/usr/local/sbin:/usr/local/bin:/usr/sbin:/usr/bin:/sbin:/bin'), ('LANG', 'C.UTF-8'), ('LS_COLORS', 'rs=0:di=01;34:ln=01;36:mh=00:pi=40;33:so=01;35:do=01;35:bd=40;33;01:cd=40;33;01:or=40;31;01:mi=00:su=37;41:sg=30;43:ca=30;41:tw=30;42:ow=34;42:st=37;44:ex=01;32:*.tar=01;31:*.tgz=01;31:*.arc=01;31:*.arj=01;31:*.taz=01;31:*.lha=01;31:*.lz4=01;31:*.lzh=01;31:*.lzma=01;31:*.tlz=01;31:*.txz=01;31:*.tzo=01;31:*.t7z=01;31:*.zip=01;31:*.z=01;31:*.dz=01;31:*.gz=01;31:*.lrz=01;31:*.lz=01;31:*.lzo=01;31:*.xz=01;31:*.zst=01;31:*.tzst=01;31:*.bz2=01;31:*.bz=01;31:*.tbz=01;31:*.tbz2=01;31:*.tz=01;31:*.deb=01;31:*.rpm=01;31:*.jar=01;31:*.war=01;31:*.ear=01;31:*.sar=01;31:*.rar=01;31:*.alz=01;31:*.ace=01;31:*.zoo=01;31:*.cpio=01;31:*.7z=01;31:*.rz=01;31:*.cab=01;31:*.wim=01;31:*.swm=01;31:*.dwm=01;31:*.esd=01;31:*.jpg=01;35:*.jpeg=01;35:*.mjpg=01;35:*.mjpeg=01;35:*.gif=01;35:*.bmp=01;35:*.pbm=01;35:*.pgm=01;35:*.ppm=01;35:*.tga=01;35:*.xbm=01;35:*.xpm=01;35:*.tif=01;35:*.tiff=01;35:*.png=01;35:*.svg=01;35:*.svgz=01;35:*.mng=01;35:*.pcx=01;35:*.mov=01;35:*.mpg=01;35:*.mpeg=01;35:*.m2v=01;35:*.mkv=01;35:*.webm=01;35:*.webp=01;35:*.ogm=01;35:*.mp4=01;35:*.m4v=01;35:*.mp4v=01;35:*.vob=01;35:*.qt=01;35:*.nuv=01;35:*.wmv=01;35:*.asf=01;35:*.rm=01;35:*.rmvb=01;35:*.flc=01;35:*.avi=01;35:*.fli=01;35:*.flv=01;35:*.gl=01;35:*.dl=01;35:*.xcf=01;35:*.xwd=01;35:*.yuv=01;35:*.cgm=01;35:*.emf=01;35:*.ogv=01;35:*.ogx=01;35:*.aac=00;36:*.au=00;36:*.flac=00;36:*.m4a=00;36:*.mid=00;36:*.midi=00;36:*.mka=00;36:*.mp3=00;36:*.mpc=00;36:*.ogg=00;36:*.ra=00;36:*.wav=00;36:*.oga=00;36:*.opus=00;36:*.spx=00;36:*.xspf=00;36:'), ('AMENT_PREFIX_PATH', '/opt/ros/humble'), ('PWD', '/root/ros2_ws/build/mg400_description'), ('LC_ALL', 'C.UTF-8'), ('PYTHONPATH', '/opt/ros/humble/lib/python3.10/site-packages:/opt/ros/humble/local/lib/python3.10/dist-packages'), ('COLCON', '1'), ('CMAKE_PREFIX_PATH', '/opt/ros/humble')]), 'shell': False}
[0.676921] (mg400_common) StdoutLine: {'line': b"-- Added test 'uncrustify' to check C / C++ code style\n"}
[0.677057] (mg400_common) StdoutLine: {'line': b'-- Configured uncrustify additional arguments: \n'}
[0.677251] (mg400_common) StdoutLine: {'line': b"-- Added test 'xmllint' to check XML markup files\n"}
[0.679677] (mg400_common) StdoutLine: {'line': b'-- Configuring done\n'}
[0.682311] (mg400_description) StdoutLine: {'line': b'-- Install configuration: ""\n'}
[0.682731] (mg400_description) StdoutLine: {'line': b'-- Execute custom install script\n'}
[0.683194] (mg400_description) StdoutLine: {'line': b'-- Symlinking: /root/ros2_ws/install/mg400_description/share/mg400_description/urdf/.gitkeep\n'}
[0.687342] (mg400_common) StdoutLine: {'line': b'-- Generating done\n'}
[0.689825] (mg400_common) StdoutLine: {'line': b'-- Build files have been written to: /root/ros2_ws/build/mg400_common\n'}
[0.690635] (mg400_description) StdoutLine: {'line': b'-- Symlinking: /root/ros2_ws/install/mg400_description/share/mg400_description/urdf/common/constants.xacro\n'}
[0.693989] (p9n_interface) StdoutLine: {'line': b'-- Found OpenSSL: /usr/lib/x86_64-linux-gnu/libcrypto.so (found version "3.0.2")  \n'}
[0.694422] (mg400_common) CommandEnded: {'returncode': 0}
[0.694838] (mg400_common) JobProgress: {'identifier': 'mg400_common', 'progress': 'build'}
[0.695135] (mg400_common) Command: {'cmd': ['/usr/bin/cmake', '--build', '/root/ros2_ws/build/mg400_common', '--', '-j16', '-l16'], 'cwd': '/root/ros2_ws/build/mg400_common', 'env': OrderedDict([('HOSTNAME', 'zzz-2404'), ('SHLVL', '1'), ('LD_LIBRARY_PATH', '/opt/ros/humble/opt/rviz_ogre_vendor/lib:/opt/ros/humble/lib/x86_64-linux-gnu:/opt/ros/humble/lib'), ('HOME', '/root'), ('OLDPWD', '/root/ros2_ws'), ('ROS_PYTHON_VERSION', '3'), ('ROS_DISTRO', 'humble'), ('_', '/usr/bin/colcon'), ('ROS_VERSION', '2'), ('TERM', 'xterm'), ('ROS_LOCALHOST_ONLY', '0'), ('PATH', '/opt/ros/humble/bin:/usr/local/sbin:/usr/local/bin:/usr/sbin:/usr/bin:/sbin:/bin'), ('LANG', 'C.UTF-8'), ('LS_COLORS', 'rs=0:di=01;34:ln=01;36:mh=00:pi=40;33:so=01;35:do=01;35:bd=40;33;01:cd=40;33;01:or=40;31;01:mi=00:su=37;41:sg=30;43:ca=30;41:tw=30;42:ow=34;42:st=37;44:ex=01;32:*.tar=01;31:*.tgz=01;31:*.arc=01;31:*.arj=01;31:*.taz=01;31:*.lha=01;31:*.lz4=01;31:*.lzh=01;31:*.lzma=01;31:*.tlz=01;31:*.txz=01;31:*.tzo=01;31:*.t7z=01;31:*.zip=01;31:*.z=01;31:*.dz=01;31:*.gz=01;31:*.lrz=01;31:*.lz=01;31:*.lzo=01;31:*.xz=01;31:*.zst=01;31:*.tzst=01;31:*.bz2=01;31:*.bz=01;31:*.tbz=01;31:*.tbz2=01;31:*.tz=01;31:*.deb=01;31:*.rpm=01;31:*.jar=01;31:*.war=01;31:*.ear=01;31:*.sar=01;31:*.rar=01;31:*.alz=01;31:*.ace=01;31:*.zoo=01;31:*.cpio=01;31:*.7z=01;31:*.rz=01;31:*.cab=01;31:*.wim=01;31:*.swm=01;31:*.dwm=01;31:*.esd=01;31:*.jpg=01;35:*.jpeg=01;35:*.mjpg=01;35:*.mjpeg=01;35:*.gif=01;35:*.bmp=01;35:*.pbm=01;35:*.pgm=01;35:*.ppm=01;35:*.tga=01;35:*.xbm=01;35:*.xpm=01;35:*.tif=01;35:*.tiff=01;35:*.png=01;35:*.svg=01;35:*.svgz=01;35:*.mng=01;35:*.pcx=01;35:*.mov=01;35:*.mpg=01;35:*.mpeg=01;35:*.m2v=01;35:*.mkv=01;35:*.webm=01;35:*.webp=01;35:*.ogm=01;35:*.mp4=01;35:*.m4v=01;35:*.mp4v=01;35:*.vob=01;35:*.qt=01;35:*.nuv=01;35:*.wmv=01;35:*.asf=01;35:*.rm=01;35:*.rmvb=01;35:*.flc=01;35:*.avi=01;35:*.fli=01;35:*.flv=01;35:*.gl=01;35:*.dl=01;35:*.xcf=01;35:*.xwd=01;35:*.yuv=01;35:*.cgm=01;35:*.emf=01;35:*.ogv=01;35:*.ogx=01;35:*.aac=00;36:*.au=00;36:*.flac=00;36:*.m4a=00;36:*.mid=00;36:*.midi=00;36:*.mka=00;36:*.mp3=00;36:*.mpc=00;36:*.ogg=00;36:*.ra=00;36:*.wav=00;36:*.oga=00;36:*.opus=00;36:*.spx=00;36:*.xspf=00;36:'), ('AMENT_PREFIX_PATH', '/opt/ros/humble'), ('PWD', '/root/ros2_ws/build/mg400_common'), ('LC_ALL', 'C.UTF-8'), ('PYTHONPATH', '/opt/ros/humble/lib/python3.10/site-packages:/opt/ros/humble/local/lib/python3.10/dist-packages'), ('COLCON', '1'), ('CMAKE_PREFIX_PATH', '/opt/ros/humble')]), 'shell': False}
[0.698680] (mg400_description) StdoutLine: {'line': b'-- Symlinking: /root/ros2_ws/install/mg400_description/share/mg400_description/urdf/mg400.urdf.xacro\n'}
[0.699845] (-) TimerEvent: {}
[0.706652] (mg400_description) StdoutLine: {'line': b'-- Symlinking: /root/ros2_ws/install/mg400_description/share/mg400_description/urdf/mg400.xacro\n'}
[0.714571] (mg400_description) StdoutLine: {'line': b'-- Symlinking: /root/ros2_ws/install/mg400_description/share/mg400_description/meshes/.gitkeep\n'}
[0.720258] (p9n_interface) StdoutLine: {'line': b'-- Found FastRTPS: /opt/ros/humble/include  \n'}
[0.721238] (mg400_description) StdoutLine: {'line': b'-- Symlinking: /root/ros2_ws/install/mg400_description/share/mg400_description/meshes/base_link.dae\n'}
[0.729302] (mg400_description) StdoutLine: {'line': b'-- Symlinking: /root/ros2_ws/install/mg400_description/share/mg400_description/meshes/flange.dae\n'}
[0.736493] (mg400_common) StdoutLine: {'line': b'[ 12%] \x1b[32mBuilding CXX object CMakeFiles/mg400_common.dir/src/mg400_ik_util.cpp.o\x1b[0m\n'}
[0.736755] (mg400_description) StdoutLine: {'line': b'-- Symlinking: /root/ros2_ws/install/mg400_description/share/mg400_description/meshes/link1.dae\n'}
[0.736877] (mg400_common) StdoutLine: {'line': b'[ 37%] \x1b[32mBuilding CXX object gtest/CMakeFiles/gtest_main.dir/src/gtest_main.cc.o\x1b[0m\n'}
[0.736931] (mg400_common) StdoutLine: {'line': b'[ 37%] \x1b[32mBuilding CXX object gtest/CMakeFiles/gtest.dir/src/gtest-all.cc.o\x1b[0m\n'}
[0.744494] (mg400_description) StdoutLine: {'line': b'-- Symlinking: /root/ros2_ws/install/mg400_description/share/mg400_description/meshes/link2_1.dae\n'}
[0.752830] (mg400_description) StdoutLine: {'line': b'-- Symlinking: /root/ros2_ws/install/mg400_description/share/mg400_description/meshes/link2_2.dae\n'}
[0.760591] (mg400_description) StdoutLine: {'line': b'-- Symlinking: /root/ros2_ws/install/mg400_description/share/mg400_description/meshes/link3_1.dae\n'}
[0.763469] (p9n_interface) StdoutLine: {'line': b"-- Using RMW implementation 'rmw_fastrtps_cpp' as default\n"}
[0.768142] (mg400_description) StdoutLine: {'line': b'-- Symlinking: /root/ros2_ws/install/mg400_description/share/mg400_description/meshes/link3_2.dae\n'}
[0.771663] (p9n_interface) StdoutLine: {'line': b'-- Looking for pthread.h\n'}
[0.775765] (mg400_description) StdoutLine: {'line': b'-- Symlinking: /root/ros2_ws/install/mg400_description/share/mg400_description/meshes/link4_1.dae\n'}
[0.783406] (mg400_description) StdoutLine: {'line': b'-- Symlinking: /root/ros2_ws/install/mg400_description/share/mg400_description/meshes/link4_2.dae\n'}
[0.790946] (mg400_description) StdoutLine: {'line': b'-- Symlinking: /root/ros2_ws/install/mg400_description/share/mg400_description/meshes/link4_3.dae\n'}
[0.798827] (mg400_description) StdoutLine: {'line': b'-- Symlinking: /root/ros2_ws/install/mg400_description/share/mg400_description/meshes/link5.dae\n'}
[0.799926] (-) TimerEvent: {}
[0.807787] (mg400_description) StdoutLine: {'line': b'-- Symlinking: /root/ros2_ws/install/mg400_description/share/mg400_description/meshes/workspace.dae\n'}
[0.815967] (mg400_description) StdoutLine: {'line': b'-- Symlinking: /root/ros2_ws/install/mg400_description/share/ament_index/resource_index/package_run_dependencies/mg400_description\n'}
[0.823656] (mg400_description) StdoutLine: {'line': b'-- Symlinking: /root/ros2_ws/install/mg400_description/share/ament_index/resource_index/parent_prefix_path/mg400_description\n'}
[0.832553] (mg400_description) StdoutLine: {'line': b'-- Symlinking: /root/ros2_ws/install/mg400_description/share/mg400_description/environment/ament_prefix_path.sh\n'}
[0.838807] (p9n_interface) StdoutLine: {'line': b'-- Looking for pthread.h - found\n'}
[0.839009] (p9n_interface) StdoutLine: {'line': b'-- Performing Test CMAKE_HAVE_LIBC_PTHREAD\n'}
[0.841654] (mg400_description) StdoutLine: {'line': b'-- Symlinking: /root/ros2_ws/install/mg400_description/share/mg400_description/environment/ament_prefix_path.dsv\n'}
[0.849967] (mg400_description) StdoutLine: {'line': b'-- Symlinking: /root/ros2_ws/install/mg400_description/share/mg400_description/environment/path.sh\n'}
[0.857581] (mg400_description) StdoutLine: {'line': b'-- Symlinking: /root/ros2_ws/install/mg400_description/share/mg400_description/environment/path.dsv\n'}
[0.866314] (mg400_description) StdoutLine: {'line': b'-- Symlinking: /root/ros2_ws/install/mg400_description/share/mg400_description/local_setup.bash\n'}
[0.875088] (mg400_description) StdoutLine: {'line': b'-- Symlinking: /root/ros2_ws/install/mg400_description/share/mg400_description/local_setup.sh\n'}
[0.882926] (mg400_description) StdoutLine: {'line': b'-- Symlinking: /root/ros2_ws/install/mg400_description/share/mg400_description/local_setup.zsh\n'}
[0.890705] (mg400_description) StdoutLine: {'line': b'-- Symlinking: /root/ros2_ws/install/mg400_description/share/mg400_description/local_setup.dsv\n'}
[0.899404] (mg400_description) StdoutLine: {'line': b'-- Symlinking: /root/ros2_ws/install/mg400_description/share/mg400_description/package.dsv\n'}
[0.900003] (-) TimerEvent: {}
[0.906426] (p9n_interface) StdoutLine: {'line': b'-- Performing Test CMAKE_HAVE_LIBC_PTHREAD - Success\n'}
[0.907386] (p9n_interface) StdoutLine: {'line': b'-- Found Threads: TRUE  \n'}
[0.907834] (mg400_description) StdoutLine: {'line': b'-- Symlinking: /root/ros2_ws/install/mg400_description/share/ament_index/resource_index/packages/mg400_description\n'}
[0.916221] (mg400_description) StdoutLine: {'line': b'-- Symlinking: /root/ros2_ws/install/mg400_description/share/mg400_description/cmake/ament_cmake_export_dependencies-extras.cmake\n'}
[0.924706] (mg400_description) StdoutLine: {'line': b'-- Symlinking: /root/ros2_ws/install/mg400_description/share/mg400_description/cmake/mg400_descriptionConfig.cmake\n'}
[0.932903] (mg400_description) StdoutLine: {'line': b'-- Symlinking: /root/ros2_ws/install/mg400_description/share/mg400_description/cmake/mg400_descriptionConfig-version.cmake\n'}
[0.942175] (mg400_description) StdoutLine: {'line': b'-- Symlinking: /root/ros2_ws/install/mg400_description/share/mg400_description/package.xml\n'}
[0.952672] (mg400_description) CommandEnded: {'returncode': 0}
[0.968335] (mg400_description) JobEnded: {'identifier': 'mg400_description', 'rc': 0}
[0.979071] (p9n_interface) StdoutLine: {'line': b'-- Found ament_lint_auto: 0.12.15 (/opt/ros/humble/share/ament_lint_auto/cmake)\n'}
[0.992271] (p9n_interface) StderrLine: {'line': b'\x1b[0mIn this package, headers install destination is set to `include` by ament_auto_package. It is recommended to install `include/p9n_interface` instead and will be the default behavior of ament_auto_package from ROS 2 Kilted Kaiju. On distributions before Kilted, ament_auto_package behaves the same way when you use USE_SCOPED_HEADER_INSTALL_DIR option.\x1b[0m\n'}
[0.997850] (p9n_interface) StdoutLine: {'line': b"-- Added test 'cppcheck' to perform static code analysis on C / C++ code\n"}
[0.998094] (p9n_interface) StdoutLine: {'line': b'-- Configured cppcheck include dirs: /root/ros2_ws/src/PlayStation-JoyInterface-ROS2/p9n_interface/include\n'}
[0.998198] (p9n_interface) StdoutLine: {'line': b'-- Configured cppcheck exclude dirs and/or files: \n'}
[0.998604] (p9n_interface) StdoutLine: {'line': b"-- Added test 'lint_cmake' to check CMake code style\n"}
[0.999869] (p9n_interface) StdoutLine: {'line': b"-- Added test 'uncrustify' to check C / C++ code style\n"}
[0.999931] (p9n_interface) StdoutLine: {'line': b'-- Configured uncrustify additional arguments: \n'}
[1.000062] (-) TimerEvent: {}
[1.000268] (p9n_interface) StdoutLine: {'line': b"-- Added test 'xmllint' to check XML markup files\n"}
[1.003521] (p9n_interface) StdoutLine: {'line': b'-- Configuring done\n'}
[1.013094] (p9n_interface) StdoutLine: {'line': b'-- Generating done\n'}
[1.015904] (p9n_interface) StdoutLine: {'line': b'-- Build files have been written to: /root/ros2_ws/build/p9n_interface\n'}
[1.025563] (p9n_interface) CommandEnded: {'returncode': 0}
[1.026119] (p9n_interface) JobProgress: {'identifier': 'p9n_interface', 'progress': 'build'}
[1.026320] (p9n_interface) Command: {'cmd': ['/usr/bin/cmake', '--build', '/root/ros2_ws/build/p9n_interface', '--', '-j16', '-l16'], 'cwd': '/root/ros2_ws/build/p9n_interface', 'env': OrderedDict([('HOSTNAME', 'zzz-2404'), ('SHLVL', '1'), ('LD_LIBRARY_PATH', '/opt/ros/humble/opt/rviz_ogre_vendor/lib:/opt/ros/humble/lib/x86_64-linux-gnu:/opt/ros/humble/lib'), ('HOME', '/root'), ('OLDPWD', '/root/ros2_ws'), ('ROS_PYTHON_VERSION', '3'), ('ROS_DISTRO', 'humble'), ('_', '/usr/bin/colcon'), ('ROS_VERSION', '2'), ('TERM', 'xterm'), ('ROS_LOCALHOST_ONLY', '0'), ('PATH', '/opt/ros/humble/bin:/usr/local/sbin:/usr/local/bin:/usr/sbin:/usr/bin:/sbin:/bin'), ('LANG', 'C.UTF-8'), ('LS_COLORS', 'rs=0:di=01;34:ln=01;36:mh=00:pi=40;33:so=01;35:do=01;35:bd=40;33;01:cd=40;33;01:or=40;31;01:mi=00:su=37;41:sg=30;43:ca=30;41:tw=30;42:ow=34;42:st=37;44:ex=01;32:*.tar=01;31:*.tgz=01;31:*.arc=01;31:*.arj=01;31:*.taz=01;31:*.lha=01;31:*.lz4=01;31:*.lzh=01;31:*.lzma=01;31:*.tlz=01;31:*.txz=01;31:*.tzo=01;31:*.t7z=01;31:*.zip=01;31:*.z=01;31:*.dz=01;31:*.gz=01;31:*.lrz=01;31:*.lz=01;31:*.lzo=01;31:*.xz=01;31:*.zst=01;31:*.tzst=01;31:*.bz2=01;31:*.bz=01;31:*.tbz=01;31:*.tbz2=01;31:*.tz=01;31:*.deb=01;31:*.rpm=01;31:*.jar=01;31:*.war=01;31:*.ear=01;31:*.sar=01;31:*.rar=01;31:*.alz=01;31:*.ace=01;31:*.zoo=01;31:*.cpio=01;31:*.7z=01;31:*.rz=01;31:*.cab=01;31:*.wim=01;31:*.swm=01;31:*.dwm=01;31:*.esd=01;31:*.jpg=01;35:*.jpeg=01;35:*.mjpg=01;35:*.mjpeg=01;35:*.gif=01;35:*.bmp=01;35:*.pbm=01;35:*.pgm=01;35:*.ppm=01;35:*.tga=01;35:*.xbm=01;35:*.xpm=01;35:*.tif=01;35:*.tiff=01;35:*.png=01;35:*.svg=01;35:*.svgz=01;35:*.mng=01;35:*.pcx=01;35:*.mov=01;35:*.mpg=01;35:*.mpeg=01;35:*.m2v=01;35:*.mkv=01;35:*.webm=01;35:*.webp=01;35:*.ogm=01;35:*.mp4=01;35:*.m4v=01;35:*.mp4v=01;35:*.vob=01;35:*.qt=01;35:*.nuv=01;35:*.wmv=01;35:*.asf=01;35:*.rm=01;35:*.rmvb=01;35:*.flc=01;35:*.avi=01;35:*.fli=01;35:*.flv=01;35:*.gl=01;35:*.dl=01;35:*.xcf=01;35:*.xwd=01;35:*.yuv=01;35:*.cgm=01;35:*.emf=01;35:*.ogv=01;35:*.ogx=01;35:*.aac=00;36:*.au=00;36:*.flac=00;36:*.m4a=00;36:*.mid=00;36:*.midi=00;36:*.mka=00;36:*.mp3=00;36:*.mpc=00;36:*.ogg=00;36:*.ra=00;36:*.wav=00;36:*.oga=00;36:*.opus=00;36:*.spx=00;36:*.xspf=00;36:'), ('AMENT_PREFIX_PATH', '/opt/ros/humble'), ('PWD', '/root/ros2_ws/build/p9n_interface'), ('LC_ALL', 'C.UTF-8'), ('PYTHONPATH', '/opt/ros/humble/lib/python3.10/site-packages:/opt/ros/humble/local/lib/python3.10/dist-packages'), ('COLCON', '1'), ('CMAKE_PREFIX_PATH', '/opt/ros/humble')]), 'shell': False}
[1.077257] (p9n_interface) StdoutLine: {'line': b'[ 50%] \x1b[32mBuilding CXX object CMakeFiles/p9n_interface.dir/src/p9n_interface.cpp.o\x1b[0m\n'}
[1.100176] (-) TimerEvent: {}
[1.111403] (mg400_msgs) StdoutLine: {'line': b'-- Found ament_cmake_ros: 0.10.0 (/opt/ros/humble/share/ament_cmake_ros/cmake)\n'}
[1.200310] (-) TimerEvent: {}
[1.300674] (-) TimerEvent: {}
[1.400971] (-) TimerEvent: {}
[1.417726] (mg400_common) StdoutLine: {'line': b'[ 50%] \x1b[32m\x1b[1mLinking CXX static library libgtest_main.a\x1b[0m\n'}
[1.479940] (mg400_common) StdoutLine: {'line': b'[ 50%] Built target gtest_main\n'}
[1.484447] (mg400_msgs) StdoutLine: {'line': b'-- Using all available rosidl_typesupport_c: rosidl_typesupport_fastrtps_c;rosidl_typesupport_introspection_c\n'}
[1.501079] (-) TimerEvent: {}
[1.601394] (-) TimerEvent: {}
[1.626675] (mg400_msgs) StdoutLine: {'line': b'-- Using all available rosidl_typesupport_cpp: rosidl_typesupport_fastrtps_cpp;rosidl_typesupport_introspection_cpp\n'}
[1.645426] (mg400_msgs) StdoutLine: {'line': b'-- Found PythonInterp: /usr/bin/python3 (found suitable version "3.10.12", minimum required is "3.6") \n'}
[1.647011] (mg400_msgs) StdoutLine: {'line': b'-- Found python_cmake_module: 0.10.0 (/opt/ros/humble/share/python_cmake_module/cmake)\n'}
[1.667040] (mg400_msgs) StdoutLine: {'line': b'-- Found PythonLibs: /usr/lib/x86_64-linux-gnu/libpython3.10.so (found suitable version "3.10.12", minimum required is "3.5") \n'}
[1.667221] (mg400_msgs) StdoutLine: {'line': b'-- Using PYTHON_EXECUTABLE: /usr/bin/python3\n'}
[1.667295] (mg400_msgs) StdoutLine: {'line': b'-- Using PYTHON_INCLUDE_DIRS: /usr/include/python3.10\n'}
[1.667352] (mg400_msgs) StdoutLine: {'line': b'-- Using PYTHON_LIBRARIES: /usr/lib/x86_64-linux-gnu/libpython3.10.so\n'}
[1.684242] (mg400_msgs) StdoutLine: {'line': b'-- Found PythonExtra: .so  \n'}
[1.701510] (-) TimerEvent: {}
[1.801863] (-) TimerEvent: {}
[1.827192] (mg400_msgs) StdoutLine: {'line': b'-- Found ament_lint_auto: 0.12.15 (/opt/ros/humble/share/ament_lint_auto/cmake)\n'}
[1.850325] (mg400_msgs) StdoutLine: {'line': b"-- Added test 'lint_cmake' to check CMake code style\n"}
[1.854712] (mg400_msgs) StdoutLine: {'line': b"-- Added test 'xmllint' to check XML markup files\n"}
[1.858397] (mg400_msgs) StdoutLine: {'line': b'-- Configuring done\n'}
[1.901954] (-) TimerEvent: {}
[1.954313] (mg400_msgs) StdoutLine: {'line': b'-- Generating done\n'}
[1.968760] (mg400_msgs) StdoutLine: {'line': b'-- Build files have been written to: /root/ros2_ws/build/mg400_msgs\n'}
[1.980444] (mg400_msgs) CommandEnded: {'returncode': 0}
[1.981825] (mg400_msgs) JobProgress: {'identifier': 'mg400_msgs', 'progress': 'build'}
[1.981879] (mg400_msgs) Command: {'cmd': ['/usr/bin/cmake', '--build', '/root/ros2_ws/build/mg400_msgs', '--', '-j16', '-l16'], 'cwd': '/root/ros2_ws/build/mg400_msgs', 'env': OrderedDict([('HOSTNAME', 'zzz-2404'), ('SHLVL', '1'), ('LD_LIBRARY_PATH', '/opt/ros/humble/opt/rviz_ogre_vendor/lib:/opt/ros/humble/lib/x86_64-linux-gnu:/opt/ros/humble/lib'), ('HOME', '/root'), ('OLDPWD', '/root/ros2_ws'), ('ROS_PYTHON_VERSION', '3'), ('ROS_DISTRO', 'humble'), ('_', '/usr/bin/colcon'), ('ROS_VERSION', '2'), ('TERM', 'xterm'), ('ROS_LOCALHOST_ONLY', '0'), ('PATH', '/opt/ros/humble/bin:/usr/local/sbin:/usr/local/bin:/usr/sbin:/usr/bin:/sbin:/bin'), ('LANG', 'C.UTF-8'), ('LS_COLORS', 'rs=0:di=01;34:ln=01;36:mh=00:pi=40;33:so=01;35:do=01;35:bd=40;33;01:cd=40;33;01:or=40;31;01:mi=00:su=37;41:sg=30;43:ca=30;41:tw=30;42:ow=34;42:st=37;44:ex=01;32:*.tar=01;31:*.tgz=01;31:*.arc=01;31:*.arj=01;31:*.taz=01;31:*.lha=01;31:*.lz4=01;31:*.lzh=01;31:*.lzma=01;31:*.tlz=01;31:*.txz=01;31:*.tzo=01;31:*.t7z=01;31:*.zip=01;31:*.z=01;31:*.dz=01;31:*.gz=01;31:*.lrz=01;31:*.lz=01;31:*.lzo=01;31:*.xz=01;31:*.zst=01;31:*.tzst=01;31:*.bz2=01;31:*.bz=01;31:*.tbz=01;31:*.tbz2=01;31:*.tz=01;31:*.deb=01;31:*.rpm=01;31:*.jar=01;31:*.war=01;31:*.ear=01;31:*.sar=01;31:*.rar=01;31:*.alz=01;31:*.ace=01;31:*.zoo=01;31:*.cpio=01;31:*.7z=01;31:*.rz=01;31:*.cab=01;31:*.wim=01;31:*.swm=01;31:*.dwm=01;31:*.esd=01;31:*.jpg=01;35:*.jpeg=01;35:*.mjpg=01;35:*.mjpeg=01;35:*.gif=01;35:*.bmp=01;35:*.pbm=01;35:*.pgm=01;35:*.ppm=01;35:*.tga=01;35:*.xbm=01;35:*.xpm=01;35:*.tif=01;35:*.tiff=01;35:*.png=01;35:*.svg=01;35:*.svgz=01;35:*.mng=01;35:*.pcx=01;35:*.mov=01;35:*.mpg=01;35:*.mpeg=01;35:*.m2v=01;35:*.mkv=01;35:*.webm=01;35:*.webp=01;35:*.ogm=01;35:*.mp4=01;35:*.m4v=01;35:*.mp4v=01;35:*.vob=01;35:*.qt=01;35:*.nuv=01;35:*.wmv=01;35:*.asf=01;35:*.rm=01;35:*.rmvb=01;35:*.flc=01;35:*.avi=01;35:*.fli=01;35:*.flv=01;35:*.gl=01;35:*.dl=01;35:*.xcf=01;35:*.xwd=01;35:*.yuv=01;35:*.cgm=01;35:*.emf=01;35:*.ogv=01;35:*.ogx=01;35:*.aac=00;36:*.au=00;36:*.flac=00;36:*.m4a=00;36:*.mid=00;36:*.midi=00;36:*.mka=00;36:*.mp3=00;36:*.mpc=00;36:*.ogg=00;36:*.ra=00;36:*.wav=00;36:*.oga=00;36:*.opus=00;36:*.spx=00;36:*.xspf=00;36:'), ('AMENT_PREFIX_PATH', '/opt/ros/humble'), ('PWD', '/root/ros2_ws/build/mg400_msgs'), ('LC_ALL', 'C.UTF-8'), ('PYTHONPATH', '/opt/ros/humble/lib/python3.10/site-packages:/opt/ros/humble/local/lib/python3.10/dist-packages'), ('COLCON', '1'), ('CMAKE_PREFIX_PATH', '/opt/ros/humble')]), 'shell': False}
[2.002079] (-) TimerEvent: {}
[2.043292] (mg400_msgs) StdoutLine: {'line': b'[  0%] \x1b[34m\x1b[1mGenerating C code for ROS interfaces\x1b[0m\n'}
[2.049730] (mg400_msgs) StdoutLine: {'line': b'[  1%] \x1b[34m\x1b[1mGenerating Rust code for ROS interfaces\x1b[0m\n'}
[2.054193] (mg400_msgs) StdoutLine: {'line': b'[  1%] \x1b[34m\x1b[1mGenerating C++ code for ROS interfaces\x1b[0m\n'}
[2.057580] (mg400_msgs) StdoutLine: {'line': b'[  1%] Built target ament_cmake_python_symlink_mg400_msgs\n'}
[2.102180] (-) TimerEvent: {}
[2.202492] (-) TimerEvent: {}
[2.205269] (mg400_common) StdoutLine: {'line': b'[ 62%] \x1b[32m\x1b[1mLinking CXX shared library libmg400_common.so\x1b[0m\n'}
[2.231705] (mg400_msgs) StdoutLine: {'line': b'running egg_info\n'}
[2.232187] (mg400_msgs) StdoutLine: {'line': b'creating mg400_msgs.egg-info\n'}
[2.232357] (mg400_msgs) StdoutLine: {'line': b'writing mg400_msgs.egg-info/PKG-INFO\n'}
[2.232494] (mg400_msgs) StdoutLine: {'line': b'writing dependency_links to mg400_msgs.egg-info/dependency_links.txt\n'}
[2.232668] (mg400_msgs) StdoutLine: {'line': b'writing top-level names to mg400_msgs.egg-info/top_level.txt\n'}
[2.232848] (mg400_msgs) StdoutLine: {'line': b"writing manifest file 'mg400_msgs.egg-info/SOURCES.txt'\n"}
[2.234331] (mg400_msgs) StdoutLine: {'line': b"reading manifest file 'mg400_msgs.egg-info/SOURCES.txt'\n"}
[2.234791] (mg400_msgs) StdoutLine: {'line': b"writing manifest file 'mg400_msgs.egg-info/SOURCES.txt'\n"}
[2.269282] (mg400_msgs) StdoutLine: {'line': b'[  1%] Built target ament_cmake_python_build_mg400_msgs_egg\n'}
[2.300809] (mg400_common) StdoutLine: {'line': b'[ 62%] Built target mg400_common\n'}
[2.302552] (-) TimerEvent: {}
[2.402797] (-) TimerEvent: {}
[2.503143] (-) TimerEvent: {}
[2.603472] (-) TimerEvent: {}
[2.703820] (-) TimerEvent: {}
[2.804140] (-) TimerEvent: {}
[2.904464] (-) TimerEvent: {}
[3.004812] (-) TimerEvent: {}
[3.067570] (mg400_common) StdoutLine: {'line': b'[ 75%] \x1b[32m\x1b[1mLinking CXX static library libgtest.a\x1b[0m\n'}
[3.104897] (-) TimerEvent: {}
[3.152486] (mg400_common) StdoutLine: {'line': b'[ 75%] Built target gtest\n'}
[3.171492] (mg400_common) StdoutLine: {'line': b'[ 87%] \x1b[32mBuilding CXX object CMakeFiles/test_mg400_kinematics.dir/test/test_mg400_kinematics.cpp.o\x1b[0m\n'}
[3.204998] (-) TimerEvent: {}
[3.305307] (-) TimerEvent: {}
[3.405613] (-) TimerEvent: {}
[3.451614] (mg400_msgs) StdoutLine: {'line': b'[  1%] Built target mg400_msgs__rs\n'}
[3.464714] (p9n_interface) StdoutLine: {'line': b'[100%] \x1b[32m\x1b[1mLinking CXX static library libp9n_interface.a\x1b[0m\n'}
[3.505700] (-) TimerEvent: {}
[3.527077] (p9n_interface) StdoutLine: {'line': b'[100%] Built target p9n_interface\n'}
[3.538343] (p9n_interface) CommandEnded: {'returncode': 0}
[3.538904] (p9n_interface) JobProgress: {'identifier': 'p9n_interface', 'progress': 'install'}
[3.539143] (p9n_interface) Command: {'cmd': ['/usr/bin/cmake', '--install', '/root/ros2_ws/build/p9n_interface'], 'cwd': '/root/ros2_ws/build/p9n_interface', 'env': OrderedDict([('HOSTNAME', 'zzz-2404'), ('SHLVL', '1'), ('LD_LIBRARY_PATH', '/opt/ros/humble/opt/rviz_ogre_vendor/lib:/opt/ros/humble/lib/x86_64-linux-gnu:/opt/ros/humble/lib'), ('HOME', '/root'), ('OLDPWD', '/root/ros2_ws'), ('ROS_PYTHON_VERSION', '3'), ('ROS_DISTRO', 'humble'), ('_', '/usr/bin/colcon'), ('ROS_VERSION', '2'), ('TERM', 'xterm'), ('ROS_LOCALHOST_ONLY', '0'), ('PATH', '/opt/ros/humble/bin:/usr/local/sbin:/usr/local/bin:/usr/sbin:/usr/bin:/sbin:/bin'), ('LANG', 'C.UTF-8'), ('LS_COLORS', 'rs=0:di=01;34:ln=01;36:mh=00:pi=40;33:so=01;35:do=01;35:bd=40;33;01:cd=40;33;01:or=40;31;01:mi=00:su=37;41:sg=30;43:ca=30;41:tw=30;42:ow=34;42:st=37;44:ex=01;32:*.tar=01;31:*.tgz=01;31:*.arc=01;31:*.arj=01;31:*.taz=01;31:*.lha=01;31:*.lz4=01;31:*.lzh=01;31:*.lzma=01;31:*.tlz=01;31:*.txz=01;31:*.tzo=01;31:*.t7z=01;31:*.zip=01;31:*.z=01;31:*.dz=01;31:*.gz=01;31:*.lrz=01;31:*.lz=01;31:*.lzo=01;31:*.xz=01;31:*.zst=01;31:*.tzst=01;31:*.bz2=01;31:*.bz=01;31:*.tbz=01;31:*.tbz2=01;31:*.tz=01;31:*.deb=01;31:*.rpm=01;31:*.jar=01;31:*.war=01;31:*.ear=01;31:*.sar=01;31:*.rar=01;31:*.alz=01;31:*.ace=01;31:*.zoo=01;31:*.cpio=01;31:*.7z=01;31:*.rz=01;31:*.cab=01;31:*.wim=01;31:*.swm=01;31:*.dwm=01;31:*.esd=01;31:*.jpg=01;35:*.jpeg=01;35:*.mjpg=01;35:*.mjpeg=01;35:*.gif=01;35:*.bmp=01;35:*.pbm=01;35:*.pgm=01;35:*.ppm=01;35:*.tga=01;35:*.xbm=01;35:*.xpm=01;35:*.tif=01;35:*.tiff=01;35:*.png=01;35:*.svg=01;35:*.svgz=01;35:*.mng=01;35:*.pcx=01;35:*.mov=01;35:*.mpg=01;35:*.mpeg=01;35:*.m2v=01;35:*.mkv=01;35:*.webm=01;35:*.webp=01;35:*.ogm=01;35:*.mp4=01;35:*.m4v=01;35:*.mp4v=01;35:*.vob=01;35:*.qt=01;35:*.nuv=01;35:*.wmv=01;35:*.asf=01;35:*.rm=01;35:*.rmvb=01;35:*.flc=01;35:*.avi=01;35:*.fli=01;35:*.flv=01;35:*.gl=01;35:*.dl=01;35:*.xcf=01;35:*.xwd=01;35:*.yuv=01;35:*.cgm=01;35:*.emf=01;35:*.ogv=01;35:*.ogx=01;35:*.aac=00;36:*.au=00;36:*.flac=00;36:*.m4a=00;36:*.mid=00;36:*.midi=00;36:*.mka=00;36:*.mp3=00;36:*.mpc=00;36:*.ogg=00;36:*.ra=00;36:*.wav=00;36:*.oga=00;36:*.opus=00;36:*.spx=00;36:*.xspf=00;36:'), ('AMENT_PREFIX_PATH', '/opt/ros/humble'), ('PWD', '/root/ros2_ws/build/p9n_interface'), ('LC_ALL', 'C.UTF-8'), ('PYTHONPATH', '/opt/ros/humble/lib/python3.10/site-packages:/opt/ros/humble/local/lib/python3.10/dist-packages'), ('COLCON', '1'), ('CMAKE_PREFIX_PATH', '/opt/ros/humble')]), 'shell': False}
[3.546761] (p9n_interface) StdoutLine: {'line': b'-- Install configuration: ""\n'}
[3.547107] (p9n_interface) StdoutLine: {'line': b'-- Execute custom install script\n'}
[3.547501] (p9n_interface) StdoutLine: {'line': b'-- Symlinking: /root/ros2_ws/install/p9n_interface/include/p9n_interface/hw_types.hpp\n'}
[3.556666] (p9n_interface) StdoutLine: {'line': b'-- Symlinking: /root/ros2_ws/install/p9n_interface/include/p9n_interface/p9n_interface.hpp\n'}
[3.565342] (p9n_interface) StdoutLine: {'line': b'-- Symlinking: /root/ros2_ws/install/p9n_interface/include/p9n_interface/ps3_dualshock3.hpp\n'}
[3.574128] (p9n_interface) StdoutLine: {'line': b'-- Symlinking: /root/ros2_ws/install/p9n_interface/include/p9n_interface/ps4_dualshock4.hpp\n'}
[3.583025] (p9n_interface) StdoutLine: {'line': b'-- Symlinking: /root/ros2_ws/install/p9n_interface/include/p9n_interface/ps5_dualsense.hpp\n'}
[3.591342] (p9n_interface) StdoutLine: {'line': b'-- Symlinking: /root/ros2_ws/install/p9n_interface/share/p9n_interface/environment/library_path.sh\n'}
[3.600405] (p9n_interface) StdoutLine: {'line': b'-- Symlinking: /root/ros2_ws/install/p9n_interface/share/p9n_interface/environment/library_path.dsv\n'}
[3.605809] (-) TimerEvent: {}
[3.609800] (p9n_interface) StdoutLine: {'line': b'-- Symlinking: /root/ros2_ws/install/p9n_interface/lib/libp9n_interface.a\n'}
[3.619790] (p9n_interface) StdoutLine: {'line': b'-- Symlinking: /root/ros2_ws/install/p9n_interface/share/ament_index/resource_index/package_run_dependencies/p9n_interface\n'}
[3.628403] (p9n_interface) StdoutLine: {'line': b'-- Symlinking: /root/ros2_ws/install/p9n_interface/share/ament_index/resource_index/parent_prefix_path/p9n_interface\n'}
[3.637103] (p9n_interface) StdoutLine: {'line': b'-- Symlinking: /root/ros2_ws/install/p9n_interface/share/p9n_interface/environment/ament_prefix_path.sh\n'}
[3.645758] (p9n_interface) StdoutLine: {'line': b'-- Symlinking: /root/ros2_ws/install/p9n_interface/share/p9n_interface/environment/ament_prefix_path.dsv\n'}
[3.654093] (p9n_interface) StdoutLine: {'line': b'-- Symlinking: /root/ros2_ws/install/p9n_interface/share/p9n_interface/environment/path.sh\n'}
[3.662769] (p9n_interface) StdoutLine: {'line': b'-- Symlinking: /root/ros2_ws/install/p9n_interface/share/p9n_interface/environment/path.dsv\n'}
[3.671552] (p9n_interface) StdoutLine: {'line': b'-- Symlinking: /root/ros2_ws/install/p9n_interface/share/p9n_interface/local_setup.bash\n'}
[3.680272] (p9n_interface) StdoutLine: {'line': b'-- Symlinking: /root/ros2_ws/install/p9n_interface/share/p9n_interface/local_setup.sh\n'}
[3.688500] (p9n_interface) StdoutLine: {'line': b'-- Symlinking: /root/ros2_ws/install/p9n_interface/share/p9n_interface/local_setup.zsh\n'}
[3.696353] (p9n_interface) StdoutLine: {'line': b'-- Symlinking: /root/ros2_ws/install/p9n_interface/share/p9n_interface/local_setup.dsv\n'}
[3.705093] (p9n_interface) StdoutLine: {'line': b'-- Symlinking: /root/ros2_ws/install/p9n_interface/share/p9n_interface/package.dsv\n'}
[3.705891] (-) TimerEvent: {}
[3.714837] (p9n_interface) StdoutLine: {'line': b'-- Symlinking: /root/ros2_ws/install/p9n_interface/share/ament_index/resource_index/packages/p9n_interface\n'}
[3.722350] (p9n_interface) StdoutLine: {'line': b'-- Symlinking: /root/ros2_ws/install/p9n_interface/share/p9n_interface/cmake/ament_cmake_export_dependencies-extras.cmake\n'}
[3.731377] (p9n_interface) StdoutLine: {'line': b'-- Symlinking: /root/ros2_ws/install/p9n_interface/share/p9n_interface/cmake/ament_cmake_export_include_directories-extras.cmake\n'}
[3.739734] (p9n_interface) StdoutLine: {'line': b'-- Symlinking: /root/ros2_ws/install/p9n_interface/share/p9n_interface/cmake/ament_cmake_export_libraries-extras.cmake\n'}
[3.748569] (p9n_interface) StdoutLine: {'line': b'-- Symlinking: /root/ros2_ws/install/p9n_interface/share/p9n_interface/cmake/p9n_interfaceConfig.cmake\n'}
[3.756005] (p9n_interface) StdoutLine: {'line': b'-- Symlinking: /root/ros2_ws/install/p9n_interface/share/p9n_interface/cmake/p9n_interfaceConfig-version.cmake\n'}
[3.763508] (p9n_interface) StdoutLine: {'line': b'-- Symlinking: /root/ros2_ws/install/p9n_interface/share/p9n_interface/package.xml\n'}
[3.773958] (p9n_interface) CommandEnded: {'returncode': 0}
[3.784402] (p9n_interface) JobEnded: {'identifier': 'p9n_interface', 'rc': 0}
[3.784892] (p9n_node) JobStarted: {'identifier': 'p9n_node'}
[3.787910] (p9n_example) JobStarted: {'identifier': 'p9n_example'}
[3.791395] (p9n_test) JobStarted: {'identifier': 'p9n_test'}
[3.795599] (p9n_node) JobProgress: {'identifier': 'p9n_node', 'progress': 'cmake'}
[3.796037] (p9n_node) Command: {'cmd': ['/usr/bin/cmake', '/root/ros2_ws/src/PlayStation-JoyInterface-ROS2/p9n_node', '-DAMENT_CMAKE_SYMLINK_INSTALL=1', '-DCMAKE_INSTALL_PREFIX=/root/ros2_ws/install/p9n_node'], 'cwd': '/root/ros2_ws/build/p9n_node', 'env': OrderedDict([('HOSTNAME', 'zzz-2404'), ('SHLVL', '1'), ('LD_LIBRARY_PATH', '/root/ros2_ws/install/p9n_interface/lib:/opt/ros/humble/opt/rviz_ogre_vendor/lib:/opt/ros/humble/lib/x86_64-linux-gnu:/opt/ros/humble/lib'), ('HOME', '/root'), ('OLDPWD', '/root/ros2_ws'), ('ROS_PYTHON_VERSION', '3'), ('ROS_DISTRO', 'humble'), ('_', '/usr/bin/colcon'), ('ROS_VERSION', '2'), ('TERM', 'xterm'), ('ROS_LOCALHOST_ONLY', '0'), ('PATH', '/opt/ros/humble/bin:/usr/local/sbin:/usr/local/bin:/usr/sbin:/usr/bin:/sbin:/bin'), ('LANG', 'C.UTF-8'), ('LS_COLORS', 'rs=0:di=01;34:ln=01;36:mh=00:pi=40;33:so=01;35:do=01;35:bd=40;33;01:cd=40;33;01:or=40;31;01:mi=00:su=37;41:sg=30;43:ca=30;41:tw=30;42:ow=34;42:st=37;44:ex=01;32:*.tar=01;31:*.tgz=01;31:*.arc=01;31:*.arj=01;31:*.taz=01;31:*.lha=01;31:*.lz4=01;31:*.lzh=01;31:*.lzma=01;31:*.tlz=01;31:*.txz=01;31:*.tzo=01;31:*.t7z=01;31:*.zip=01;31:*.z=01;31:*.dz=01;31:*.gz=01;31:*.lrz=01;31:*.lz=01;31:*.lzo=01;31:*.xz=01;31:*.zst=01;31:*.tzst=01;31:*.bz2=01;31:*.bz=01;31:*.tbz=01;31:*.tbz2=01;31:*.tz=01;31:*.deb=01;31:*.rpm=01;31:*.jar=01;31:*.war=01;31:*.ear=01;31:*.sar=01;31:*.rar=01;31:*.alz=01;31:*.ace=01;31:*.zoo=01;31:*.cpio=01;31:*.7z=01;31:*.rz=01;31:*.cab=01;31:*.wim=01;31:*.swm=01;31:*.dwm=01;31:*.esd=01;31:*.jpg=01;35:*.jpeg=01;35:*.mjpg=01;35:*.mjpeg=01;35:*.gif=01;35:*.bmp=01;35:*.pbm=01;35:*.pgm=01;35:*.ppm=01;35:*.tga=01;35:*.xbm=01;35:*.xpm=01;35:*.tif=01;35:*.tiff=01;35:*.png=01;35:*.svg=01;35:*.svgz=01;35:*.mng=01;35:*.pcx=01;35:*.mov=01;35:*.mpg=01;35:*.mpeg=01;35:*.m2v=01;35:*.mkv=01;35:*.webm=01;35:*.webp=01;35:*.ogm=01;35:*.mp4=01;35:*.m4v=01;35:*.mp4v=01;35:*.vob=01;35:*.qt=01;35:*.nuv=01;35:*.wmv=01;35:*.asf=01;35:*.rm=01;35:*.rmvb=01;35:*.flc=01;35:*.avi=01;35:*.fli=01;35:*.flv=01;35:*.gl=01;35:*.dl=01;35:*.xcf=01;35:*.xwd=01;35:*.yuv=01;35:*.cgm=01;35:*.emf=01;35:*.ogv=01;35:*.ogx=01;35:*.aac=00;36:*.au=00;36:*.flac=00;36:*.m4a=00;36:*.mid=00;36:*.midi=00;36:*.mka=00;36:*.mp3=00;36:*.mpc=00;36:*.ogg=00;36:*.ra=00;36:*.wav=00;36:*.oga=00;36:*.opus=00;36:*.spx=00;36:*.xspf=00;36:'), ('AMENT_PREFIX_PATH', '/root/ros2_ws/install/p9n_interface:/opt/ros/humble'), ('PWD', '/root/ros2_ws/build/p9n_node'), ('LC_ALL', 'C.UTF-8'), ('PYTHONPATH', '/opt/ros/humble/lib/python3.10/site-packages:/opt/ros/humble/local/lib/python3.10/dist-packages'), ('COLCON', '1'), ('CMAKE_PREFIX_PATH', '/root/ros2_ws/install/p9n_interface:/opt/ros/humble')]), 'shell': False}
[3.797257] (p9n_example) JobProgress: {'identifier': 'p9n_example', 'progress': 'cmake'}
[3.797840] (p9n_example) Command: {'cmd': ['/usr/bin/cmake', '/root/ros2_ws/src/PlayStation-JoyInterface-ROS2/p9n_example', '-DAMENT_CMAKE_SYMLINK_INSTALL=1', '-DCMAKE_INSTALL_PREFIX=/root/ros2_ws/install/p9n_example'], 'cwd': '/root/ros2_ws/build/p9n_example', 'env': OrderedDict([('HOSTNAME', 'zzz-2404'), ('SHLVL', '1'), ('LD_LIBRARY_PATH', '/root/ros2_ws/install/p9n_interface/lib:/opt/ros/humble/opt/rviz_ogre_vendor/lib:/opt/ros/humble/lib/x86_64-linux-gnu:/opt/ros/humble/lib'), ('HOME', '/root'), ('OLDPWD', '/root/ros2_ws'), ('ROS_PYTHON_VERSION', '3'), ('ROS_DISTRO', 'humble'), ('_', '/usr/bin/colcon'), ('ROS_VERSION', '2'), ('TERM', 'xterm'), ('ROS_LOCALHOST_ONLY', '0'), ('PATH', '/opt/ros/humble/bin:/usr/local/sbin:/usr/local/bin:/usr/sbin:/usr/bin:/sbin:/bin'), ('LANG', 'C.UTF-8'), ('LS_COLORS', 'rs=0:di=01;34:ln=01;36:mh=00:pi=40;33:so=01;35:do=01;35:bd=40;33;01:cd=40;33;01:or=40;31;01:mi=00:su=37;41:sg=30;43:ca=30;41:tw=30;42:ow=34;42:st=37;44:ex=01;32:*.tar=01;31:*.tgz=01;31:*.arc=01;31:*.arj=01;31:*.taz=01;31:*.lha=01;31:*.lz4=01;31:*.lzh=01;31:*.lzma=01;31:*.tlz=01;31:*.txz=01;31:*.tzo=01;31:*.t7z=01;31:*.zip=01;31:*.z=01;31:*.dz=01;31:*.gz=01;31:*.lrz=01;31:*.lz=01;31:*.lzo=01;31:*.xz=01;31:*.zst=01;31:*.tzst=01;31:*.bz2=01;31:*.bz=01;31:*.tbz=01;31:*.tbz2=01;31:*.tz=01;31:*.deb=01;31:*.rpm=01;31:*.jar=01;31:*.war=01;31:*.ear=01;31:*.sar=01;31:*.rar=01;31:*.alz=01;31:*.ace=01;31:*.zoo=01;31:*.cpio=01;31:*.7z=01;31:*.rz=01;31:*.cab=01;31:*.wim=01;31:*.swm=01;31:*.dwm=01;31:*.esd=01;31:*.jpg=01;35:*.jpeg=01;35:*.mjpg=01;35:*.mjpeg=01;35:*.gif=01;35:*.bmp=01;35:*.pbm=01;35:*.pgm=01;35:*.ppm=01;35:*.tga=01;35:*.xbm=01;35:*.xpm=01;35:*.tif=01;35:*.tiff=01;35:*.png=01;35:*.svg=01;35:*.svgz=01;35:*.mng=01;35:*.pcx=01;35:*.mov=01;35:*.mpg=01;35:*.mpeg=01;35:*.m2v=01;35:*.mkv=01;35:*.webm=01;35:*.webp=01;35:*.ogm=01;35:*.mp4=01;35:*.m4v=01;35:*.mp4v=01;35:*.vob=01;35:*.qt=01;35:*.nuv=01;35:*.wmv=01;35:*.asf=01;35:*.rm=01;35:*.rmvb=01;35:*.flc=01;35:*.avi=01;35:*.fli=01;35:*.flv=01;35:*.gl=01;35:*.dl=01;35:*.xcf=01;35:*.xwd=01;35:*.yuv=01;35:*.cgm=01;35:*.emf=01;35:*.ogv=01;35:*.ogx=01;35:*.aac=00;36:*.au=00;36:*.flac=00;36:*.m4a=00;36:*.mid=00;36:*.midi=00;36:*.mka=00;36:*.mp3=00;36:*.mpc=00;36:*.ogg=00;36:*.ra=00;36:*.wav=00;36:*.oga=00;36:*.opus=00;36:*.spx=00;36:*.xspf=00;36:'), ('AMENT_PREFIX_PATH', '/root/ros2_ws/install/p9n_interface:/opt/ros/humble'), ('PWD', '/root/ros2_ws/build/p9n_example'), ('LC_ALL', 'C.UTF-8'), ('PYTHONPATH', '/opt/ros/humble/lib/python3.10/site-packages:/opt/ros/humble/local/lib/python3.10/dist-packages'), ('COLCON', '1'), ('CMAKE_PREFIX_PATH', '/root/ros2_ws/install/p9n_interface:/opt/ros/humble')]), 'shell': False}
[3.799455] (p9n_test) JobProgress: {'identifier': 'p9n_test', 'progress': 'cmake'}
[3.799992] (p9n_test) Command: {'cmd': ['/usr/bin/cmake', '/root/ros2_ws/src/PlayStation-JoyInterface-ROS2/p9n_test', '-DAMENT_CMAKE_SYMLINK_INSTALL=1', '-DCMAKE_INSTALL_PREFIX=/root/ros2_ws/install/p9n_test'], 'cwd': '/root/ros2_ws/build/p9n_test', 'env': OrderedDict([('HOSTNAME', 'zzz-2404'), ('SHLVL', '1'), ('LD_LIBRARY_PATH', '/root/ros2_ws/install/p9n_interface/lib:/opt/ros/humble/opt/rviz_ogre_vendor/lib:/opt/ros/humble/lib/x86_64-linux-gnu:/opt/ros/humble/lib'), ('HOME', '/root'), ('OLDPWD', '/root/ros2_ws'), ('ROS_PYTHON_VERSION', '3'), ('ROS_DISTRO', 'humble'), ('_', '/usr/bin/colcon'), ('ROS_VERSION', '2'), ('TERM', 'xterm'), ('ROS_LOCALHOST_ONLY', '0'), ('PATH', '/opt/ros/humble/bin:/usr/local/sbin:/usr/local/bin:/usr/sbin:/usr/bin:/sbin:/bin'), ('LANG', 'C.UTF-8'), ('LS_COLORS', 'rs=0:di=01;34:ln=01;36:mh=00:pi=40;33:so=01;35:do=01;35:bd=40;33;01:cd=40;33;01:or=40;31;01:mi=00:su=37;41:sg=30;43:ca=30;41:tw=30;42:ow=34;42:st=37;44:ex=01;32:*.tar=01;31:*.tgz=01;31:*.arc=01;31:*.arj=01;31:*.taz=01;31:*.lha=01;31:*.lz4=01;31:*.lzh=01;31:*.lzma=01;31:*.tlz=01;31:*.txz=01;31:*.tzo=01;31:*.t7z=01;31:*.zip=01;31:*.z=01;31:*.dz=01;31:*.gz=01;31:*.lrz=01;31:*.lz=01;31:*.lzo=01;31:*.xz=01;31:*.zst=01;31:*.tzst=01;31:*.bz2=01;31:*.bz=01;31:*.tbz=01;31:*.tbz2=01;31:*.tz=01;31:*.deb=01;31:*.rpm=01;31:*.jar=01;31:*.war=01;31:*.ear=01;31:*.sar=01;31:*.rar=01;31:*.alz=01;31:*.ace=01;31:*.zoo=01;31:*.cpio=01;31:*.7z=01;31:*.rz=01;31:*.cab=01;31:*.wim=01;31:*.swm=01;31:*.dwm=01;31:*.esd=01;31:*.jpg=01;35:*.jpeg=01;35:*.mjpg=01;35:*.mjpeg=01;35:*.gif=01;35:*.bmp=01;35:*.pbm=01;35:*.pgm=01;35:*.ppm=01;35:*.tga=01;35:*.xbm=01;35:*.xpm=01;35:*.tif=01;35:*.tiff=01;35:*.png=01;35:*.svg=01;35:*.svgz=01;35:*.mng=01;35:*.pcx=01;35:*.mov=01;35:*.mpg=01;35:*.mpeg=01;35:*.m2v=01;35:*.mkv=01;35:*.webm=01;35:*.webp=01;35:*.ogm=01;35:*.mp4=01;35:*.m4v=01;35:*.mp4v=01;35:*.vob=01;35:*.qt=01;35:*.nuv=01;35:*.wmv=01;35:*.asf=01;35:*.rm=01;35:*.rmvb=01;35:*.flc=01;35:*.avi=01;35:*.fli=01;35:*.flv=01;35:*.gl=01;35:*.dl=01;35:*.xcf=01;35:*.xwd=01;35:*.yuv=01;35:*.cgm=01;35:*.emf=01;35:*.ogv=01;35:*.ogx=01;35:*.aac=00;36:*.au=00;36:*.flac=00;36:*.m4a=00;36:*.mid=00;36:*.midi=00;36:*.mka=00;36:*.mp3=00;36:*.mpc=00;36:*.ogg=00;36:*.ra=00;36:*.wav=00;36:*.oga=00;36:*.opus=00;36:*.spx=00;36:*.xspf=00;36:'), ('AMENT_PREFIX_PATH', '/root/ros2_ws/install/p9n_interface:/opt/ros/humble'), ('PWD', '/root/ros2_ws/build/p9n_test'), ('LC_ALL', 'C.UTF-8'), ('PYTHONPATH', '/opt/ros/humble/lib/python3.10/site-packages:/opt/ros/humble/local/lib/python3.10/dist-packages'), ('COLCON', '1'), ('CMAKE_PREFIX_PATH', '/root/ros2_ws/install/p9n_interface:/opt/ros/humble')]), 'shell': False}
[3.805983] (-) TimerEvent: {}
[3.843436] (p9n_node) StdoutLine: {'line': b'-- The C compiler identification is GNU 11.4.0\n'}
[3.843776] (p9n_example) StdoutLine: {'line': b'-- The C compiler identification is GNU 11.4.0\n'}
[3.844402] (p9n_test) StdoutLine: {'line': b'-- The C compiler identification is GNU 11.4.0\n'}
[3.890697] (p9n_test) StdoutLine: {'line': b'-- The CXX compiler identification is GNU 11.4.0\n'}
[3.890932] (p9n_node) StdoutLine: {'line': b'-- The CXX compiler identification is GNU 11.4.0\n'}
[3.891998] (p9n_example) StdoutLine: {'line': b'-- The CXX compiler identification is GNU 11.4.0\n'}
[3.896848] (p9n_node) StdoutLine: {'line': b'-- Detecting C compiler ABI info\n'}
[3.898744] (p9n_example) StdoutLine: {'line': b'-- Detecting C compiler ABI info\n'}
[3.898937] (p9n_test) StdoutLine: {'line': b'-- Detecting C compiler ABI info\n'}
[3.906071] (-) TimerEvent: {}
[3.956864] (p9n_test) StdoutLine: {'line': b'-- Detecting C compiler ABI info - done\n'}
[3.957089] (p9n_node) StdoutLine: {'line': b'-- Detecting C compiler ABI info - done\n'}
[3.957152] (p9n_example) StdoutLine: {'line': b'-- Detecting C compiler ABI info - done\n'}
[3.962891] (p9n_test) StdoutLine: {'line': b'-- Check for working C compiler: /usr/bin/cc - skipped\n'}
[3.963113] (p9n_test) StdoutLine: {'line': b'-- Detecting C compile features\n'}
[3.963255] (p9n_node) StdoutLine: {'line': b'-- Check for working C compiler: /usr/bin/cc - skipped\n'}
[3.963381] (p9n_test) StdoutLine: {'line': b'-- Detecting C compile features - done\n'}
[3.963480] (p9n_node) StdoutLine: {'line': b'-- Detecting C compile features\n'}
[3.963746] (p9n_node) StdoutLine: {'line': b'-- Detecting C compile features - done\n'}
[3.964505] (p9n_example) StdoutLine: {'line': b'-- Check for working C compiler: /usr/bin/cc - skipped\n'}
[3.964748] (p9n_example) StdoutLine: {'line': b'-- Detecting C compile features\n'}
[3.965069] (p9n_example) StdoutLine: {'line': b'-- Detecting C compile features - done\n'}
[3.965905] (p9n_test) StdoutLine: {'line': b'-- Detecting CXX compiler ABI info\n'}
[3.966435] (p9n_node) StdoutLine: {'line': b'-- Detecting CXX compiler ABI info\n'}
[3.967668] (p9n_example) StdoutLine: {'line': b'-- Detecting CXX compiler ABI info\n'}
[4.006166] (-) TimerEvent: {}
[4.033918] (p9n_example) StdoutLine: {'line': b'-- Detecting CXX compiler ABI info - done\n'}
[4.034112] (p9n_test) StdoutLine: {'line': b'-- Detecting CXX compiler ABI info - done\n'}
[4.034407] (p9n_node) StdoutLine: {'line': b'-- Detecting CXX compiler ABI info - done\n'}
[4.039193] (p9n_example) StdoutLine: {'line': b'-- Check for working CXX compiler: /usr/bin/c++ - skipped\n'}
[4.039349] (p9n_test) StdoutLine: {'line': b'-- Check for working CXX compiler: /usr/bin/c++ - skipped\n'}
[4.039504] (p9n_example) StdoutLine: {'line': b'-- Detecting CXX compile features\n'}
[4.039594] (p9n_test) StdoutLine: {'line': b'-- Detecting CXX compile features\n'}
[4.039754] (p9n_example) StdoutLine: {'line': b'-- Detecting CXX compile features - done\n'}
[4.039907] (p9n_test) StdoutLine: {'line': b'-- Detecting CXX compile features - done\n'}
[4.041852] (p9n_example) StdoutLine: {'line': b'-- Found ament_cmake_auto: 1.3.14 (/opt/ros/humble/share/ament_cmake_auto/cmake)\n'}
[4.041973] (p9n_test) StdoutLine: {'line': b'-- Found ament_cmake_auto: 1.3.14 (/opt/ros/humble/share/ament_cmake_auto/cmake)\n'}
[4.042668] (p9n_node) StdoutLine: {'line': b'-- Check for working CXX compiler: /usr/bin/c++ - skipped\n'}
[4.042880] (p9n_node) StdoutLine: {'line': b'-- Detecting CXX compile features\n'}
[4.043235] (p9n_node) StdoutLine: {'line': b'-- Detecting CXX compile features - done\n'}
[4.045351] (p9n_node) StdoutLine: {'line': b'-- Found ament_cmake_auto: 1.3.14 (/opt/ros/humble/share/ament_cmake_auto/cmake)\n'}
[4.106264] (-) TimerEvent: {}
[4.170963] (p9n_test) StdoutLine: {'line': b'-- Found Python3: /usr/bin/python3 (found version "3.10.12") found components: Interpreter \n'}
[4.171236] (p9n_node) StdoutLine: {'line': b'-- Found Python3: /usr/bin/python3 (found version "3.10.12") found components: Interpreter \n'}
[4.172691] (p9n_example) StdoutLine: {'line': b'-- Found Python3: /usr/bin/python3 (found version "3.10.12") found components: Interpreter \n'}
[4.206364] (-) TimerEvent: {}
[4.226378] (p9n_test) StdoutLine: {'line': b'-- Override CMake install command with custom implementation using symlinks instead of copying resources\n'}
[4.226977] (p9n_node) StdoutLine: {'line': b'-- Override CMake install command with custom implementation using symlinks instead of copying resources\n'}
[4.227250] (p9n_example) StdoutLine: {'line': b'-- Override CMake install command with custom implementation using symlinks instead of copying resources\n'}
[4.306460] (-) TimerEvent: {}
[4.347513] (p9n_test) StdoutLine: {'line': b'-- Found rosidl_generator_c: 3.1.9 (/opt/ros/humble/share/rosidl_generator_c/cmake)\n'}
[4.352770] (p9n_test) StdoutLine: {'line': b'-- Found rosidl_adapter: 3.1.9 (/opt/ros/humble/share/rosidl_adapter/cmake)\n'}
[4.360187] (p9n_example) StdoutLine: {'line': b'-- Found rosidl_generator_c: 3.1.9 (/opt/ros/humble/share/rosidl_generator_c/cmake)\n'}
[4.360715] (p9n_node) StdoutLine: {'line': b'-- Found rosidl_generator_c: 3.1.9 (/opt/ros/humble/share/rosidl_generator_c/cmake)\n'}
[4.361268] (p9n_test) StdoutLine: {'line': b'-- Found rosidl_generator_cpp: 3.1.9 (/opt/ros/humble/share/rosidl_generator_cpp/cmake)\n'}
[4.365021] (p9n_example) StdoutLine: {'line': b'-- Found rosidl_adapter: 3.1.9 (/opt/ros/humble/share/rosidl_adapter/cmake)\n'}
[4.365450] (p9n_node) StdoutLine: {'line': b'-- Found rosidl_adapter: 3.1.9 (/opt/ros/humble/share/rosidl_adapter/cmake)\n'}
[4.371888] (p9n_test) StdoutLine: {'line': b'-- Using all available rosidl_typesupport_c: rosidl_typesupport_fastrtps_c;rosidl_typesupport_introspection_c\n'}
[4.372646] (p9n_example) StdoutLine: {'line': b'-- Found rosidl_generator_cpp: 3.1.9 (/opt/ros/humble/share/rosidl_generator_cpp/cmake)\n'}
[4.373128] (p9n_node) StdoutLine: {'line': b'-- Found rosidl_generator_cpp: 3.1.9 (/opt/ros/humble/share/rosidl_generator_cpp/cmake)\n'}
[4.383416] (p9n_example) StdoutLine: {'line': b'-- Using all available rosidl_typesupport_c: rosidl_typesupport_fastrtps_c;rosidl_typesupport_introspection_c\n'}
[4.383827] (p9n_node) StdoutLine: {'line': b'-- Using all available rosidl_typesupport_c: rosidl_typesupport_fastrtps_c;rosidl_typesupport_introspection_c\n'}
[4.386074] (p9n_test) StdoutLine: {'line': b'-- Using all available rosidl_typesupport_cpp: rosidl_typesupport_fastrtps_cpp;rosidl_typesupport_introspection_cpp\n'}
[4.394234] (p9n_example) StdoutLine: {'line': b'-- Using all available rosidl_typesupport_cpp: rosidl_typesupport_fastrtps_cpp;rosidl_typesupport_introspection_cpp\n'}
[4.394727] (p9n_node) StdoutLine: {'line': b'-- Using all available rosidl_typesupport_cpp: rosidl_typesupport_fastrtps_cpp;rosidl_typesupport_introspection_cpp\n'}
[4.406578] (-) TimerEvent: {}
[4.424790] (p9n_test) StdoutLine: {'line': b'-- Found rmw_implementation_cmake: 6.1.3 (/opt/ros/humble/share/rmw_implementation_cmake/cmake)\n'}
[4.427241] (p9n_test) StdoutLine: {'line': b'-- Found rmw_fastrtps_cpp: 6.2.10 (/opt/ros/humble/share/rmw_fastrtps_cpp/cmake)\n'}
[4.449373] (p9n_example) StdoutLine: {'line': b'-- Found rmw_implementation_cmake: 6.1.3 (/opt/ros/humble/share/rmw_implementation_cmake/cmake)\n'}
[4.450408] (p9n_node) StdoutLine: {'line': b'-- Found rmw_implementation_cmake: 6.1.3 (/opt/ros/humble/share/rmw_implementation_cmake/cmake)\n'}
[4.451833] (p9n_example) StdoutLine: {'line': b'-- Found rmw_fastrtps_cpp: 6.2.10 (/opt/ros/humble/share/rmw_fastrtps_cpp/cmake)\n'}
[4.452912] (p9n_node) StdoutLine: {'line': b'-- Found rmw_fastrtps_cpp: 6.2.10 (/opt/ros/humble/share/rmw_fastrtps_cpp/cmake)\n'}
[4.506673] (-) TimerEvent: {}
[4.511861] (p9n_test) StdoutLine: {'line': b'-- Found OpenSSL: /usr/lib/x86_64-linux-gnu/libcrypto.so (found version "3.0.2")  \n'}
[4.533657] (p9n_node) StdoutLine: {'line': b'-- Found OpenSSL: /usr/lib/x86_64-linux-gnu/libcrypto.so (found version "3.0.2")  \n'}
[4.536017] (p9n_example) StdoutLine: {'line': b'-- Found OpenSSL: /usr/lib/x86_64-linux-gnu/libcrypto.so (found version "3.0.2")  \n'}
[4.538528] (p9n_test) StdoutLine: {'line': b'-- Found FastRTPS: /opt/ros/humble/include  \n'}
[4.561926] (p9n_example) StdoutLine: {'line': b'-- Found FastRTPS: /opt/ros/humble/include  \n'}
[4.562387] (p9n_node) StdoutLine: {'line': b'-- Found FastRTPS: /opt/ros/humble/include  \n'}
[4.582699] (p9n_test) StdoutLine: {'line': b"-- Using RMW implementation 'rmw_fastrtps_cpp' as default\n"}
[4.591273] (p9n_test) StdoutLine: {'line': b'-- Looking for pthread.h\n'}
[4.602747] (p9n_example) StdoutLine: {'line': b"-- Using RMW implementation 'rmw_fastrtps_cpp' as default\n"}
[4.604162] (p9n_node) StdoutLine: {'line': b"-- Using RMW implementation 'rmw_fastrtps_cpp' as default\n"}
[4.606739] (-) TimerEvent: {}
[4.611937] (p9n_example) StdoutLine: {'line': b'-- Looking for pthread.h\n'}
[4.612808] (p9n_node) StdoutLine: {'line': b'-- Looking for pthread.h\n'}
[4.655959] (p9n_test) StdoutLine: {'line': b'-- Looking for pthread.h - found\n'}
[4.656335] (p9n_test) StdoutLine: {'line': b'-- Performing Test CMAKE_HAVE_LIBC_PTHREAD\n'}
[4.675679] (p9n_node) StdoutLine: {'line': b'-- Looking for pthread.h - found\n'}
[4.675860] (p9n_example) StdoutLine: {'line': b'-- Looking for pthread.h - found\n'}
[4.676000] (p9n_node) StdoutLine: {'line': b'-- Performing Test CMAKE_HAVE_LIBC_PTHREAD\n'}
[4.676063] (p9n_example) StdoutLine: {'line': b'-- Performing Test CMAKE_HAVE_LIBC_PTHREAD\n'}
[4.706847] (-) TimerEvent: {}
[4.727875] (p9n_test) StdoutLine: {'line': b'-- Performing Test CMAKE_HAVE_LIBC_PTHREAD - Success\n'}
[4.729071] (p9n_test) StdoutLine: {'line': b'-- Found Threads: TRUE  \n'}
[4.740654] (p9n_example) StdoutLine: {'line': b'-- Performing Test CMAKE_HAVE_LIBC_PTHREAD - Success\n'}
[4.741579] (p9n_example) StdoutLine: {'line': b'-- Found Threads: TRUE  \n'}
[4.741818] (p9n_node) StdoutLine: {'line': b'-- Performing Test CMAKE_HAVE_LIBC_PTHREAD - Success\n'}
[4.742486] (p9n_node) StdoutLine: {'line': b'-- Found Threads: TRUE  \n'}
[4.806944] (-) TimerEvent: {}
[4.821329] (p9n_example) StdoutLine: {'line': b'-- Found ament_lint_auto: 0.12.15 (/opt/ros/humble/share/ament_lint_auto/cmake)\n'}
[4.821555] (p9n_node) StdoutLine: {'line': b'-- Found ament_lint_auto: 0.12.15 (/opt/ros/humble/share/ament_lint_auto/cmake)\n'}
[4.830398] (p9n_test) StdoutLine: {'line': b'-- Found ament_lint_auto: 0.12.15 (/opt/ros/humble/share/ament_lint_auto/cmake)\n'}
[4.835360] (p9n_node) StderrLine: {'line': b'\x1b[0mIn this package, headers install destination is set to `include` by ament_auto_package. It is recommended to install `include/p9n_node` instead and will be the default behavior of ament_auto_package from ROS 2 Kilted Kaiju. On distributions before Kilted, ament_auto_package behaves the same way when you use USE_SCOPED_HEADER_INSTALL_DIR option.\x1b[0m\n'}
[4.835587] (p9n_example) StderrLine: {'line': b'\x1b[0mIn this package, headers install destination is set to `include` by ament_auto_package. It is recommended to install `include/p9n_example` instead and will be the default behavior of ament_auto_package from ROS 2 Kilted Kaiju. On distributions before Kilted, ament_auto_package behaves the same way when you use USE_SCOPED_HEADER_INSTALL_DIR option.\x1b[0m\n'}
[4.840881] (p9n_node) StdoutLine: {'line': b"-- Added test 'cppcheck' to perform static code analysis on C / C++ code\n"}
[4.841028] (p9n_node) StdoutLine: {'line': b'-- Configured cppcheck include dirs: /root/ros2_ws/src/PlayStation-JoyInterface-ROS2/p9n_node/include\n'}
[4.841086] (p9n_node) StdoutLine: {'line': b'-- Configured cppcheck exclude dirs and/or files: \n'}
[4.841173] (p9n_example) StdoutLine: {'line': b"-- Added test 'cppcheck' to perform static code analysis on C / C++ code\n"}
[4.841263] (p9n_example) StdoutLine: {'line': b'-- Configured cppcheck include dirs: /root/ros2_ws/src/PlayStation-JoyInterface-ROS2/p9n_example/include\n'}
[4.841309] (p9n_example) StdoutLine: {'line': b'-- Configured cppcheck exclude dirs and/or files: \n'}
[4.841668] (p9n_node) StdoutLine: {'line': b"-- Added test 'lint_cmake' to check CMake code style\n"}
[4.841743] (p9n_example) StdoutLine: {'line': b"-- Added test 'flake8' to check Python code syntax and style conventions\n"}
[4.842210] (p9n_example) StdoutLine: {'line': b"-- Added test 'lint_cmake' to check CMake code style\n"}
[4.842589] (p9n_example) StdoutLine: {'line': b"-- Added test 'pep257' to check Python code against some of the docstring style conventions in PEP 257\n"}
[4.842790] (p9n_node) StdoutLine: {'line': b"-- Added test 'uncrustify' to check C / C++ code style\n"}
[4.842859] (p9n_node) StdoutLine: {'line': b'-- Configured uncrustify additional arguments: \n'}
[4.843174] (p9n_node) StdoutLine: {'line': b"-- Added test 'xmllint' to check XML markup files\n"}
[4.843696] (p9n_example) StdoutLine: {'line': b"-- Added test 'uncrustify' to check C / C++ code style\n"}
[4.843772] (p9n_example) StdoutLine: {'line': b'-- Configured uncrustify additional arguments: \n'}
[4.844093] (p9n_example) StdoutLine: {'line': b"-- Added test 'xmllint' to check XML markup files\n"}
[4.844237] (p9n_test) StderrLine: {'line': b'\x1b[0mIn this package, headers install destination is set to `include` by ament_auto_package. It is recommended to install `include/p9n_test` instead and will be the default behavior of ament_auto_package from ROS 2 Kilted Kaiju. On distributions before Kilted, ament_auto_package behaves the same way when you use USE_SCOPED_HEADER_INSTALL_DIR option.\x1b[0m\n'}
[4.846300] (p9n_node) StdoutLine: {'line': b'-- Configuring done\n'}
[4.847140] (p9n_example) StdoutLine: {'line': b'-- Configuring done\n'}
[4.850246] (p9n_test) StdoutLine: {'line': b"-- Added test 'cppcheck' to perform static code analysis on C / C++ code\n"}
[4.850463] (p9n_test) StdoutLine: {'line': b'-- Configured cppcheck include dirs: /root/ros2_ws/src/PlayStation-JoyInterface-ROS2/p9n_test/include\n'}
[4.850550] (p9n_test) StdoutLine: {'line': b'-- Configured cppcheck exclude dirs and/or files: \n'}
[4.850920] (p9n_test) StdoutLine: {'line': b"-- Added test 'flake8' to check Python code syntax and style conventions\n"}
[4.851478] (p9n_test) StdoutLine: {'line': b"-- Added test 'lint_cmake' to check CMake code style\n"}
[4.851892] (p9n_test) StdoutLine: {'line': b"-- Added test 'pep257' to check Python code against some of the docstring style conventions in PEP 257\n"}
[4.853124] (p9n_test) StdoutLine: {'line': b"-- Added test 'uncrustify' to check C / C++ code style\n"}
[4.853177] (p9n_test) StdoutLine: {'line': b'-- Configured uncrustify additional arguments: \n'}
[4.853551] (p9n_test) StdoutLine: {'line': b"-- Added test 'xmllint' to check XML markup files\n"}
[4.856669] (p9n_test) StdoutLine: {'line': b'-- Configuring done\n'}
[4.870253] (p9n_node) StdoutLine: {'line': b'-- Generating done\n'}
[4.870459] (p9n_example) StdoutLine: {'line': b'-- Generating done\n'}
[4.874332] (p9n_node) StdoutLine: {'line': b'-- Build files have been written to: /root/ros2_ws/build/p9n_node\n'}
[4.874526] (p9n_example) StdoutLine: {'line': b'-- Build files have been written to: /root/ros2_ws/build/p9n_example\n'}
[4.876755] (p9n_test) StdoutLine: {'line': b'-- Generating done\n'}
[4.881372] (p9n_test) StdoutLine: {'line': b'-- Build files have been written to: /root/ros2_ws/build/p9n_test\n'}
[4.882918] (p9n_node) CommandEnded: {'returncode': 0}
[4.883306] (p9n_node) JobProgress: {'identifier': 'p9n_node', 'progress': 'build'}
[4.883669] (p9n_node) Command: {'cmd': ['/usr/bin/cmake', '--build', '/root/ros2_ws/build/p9n_node', '--', '-j16', '-l16'], 'cwd': '/root/ros2_ws/build/p9n_node', 'env': OrderedDict([('HOSTNAME', 'zzz-2404'), ('SHLVL', '1'), ('LD_LIBRARY_PATH', '/root/ros2_ws/install/p9n_interface/lib:/opt/ros/humble/opt/rviz_ogre_vendor/lib:/opt/ros/humble/lib/x86_64-linux-gnu:/opt/ros/humble/lib'), ('HOME', '/root'), ('OLDPWD', '/root/ros2_ws'), ('ROS_PYTHON_VERSION', '3'), ('ROS_DISTRO', 'humble'), ('_', '/usr/bin/colcon'), ('ROS_VERSION', '2'), ('TERM', 'xterm'), ('ROS_LOCALHOST_ONLY', '0'), ('PATH', '/opt/ros/humble/bin:/usr/local/sbin:/usr/local/bin:/usr/sbin:/usr/bin:/sbin:/bin'), ('LANG', 'C.UTF-8'), ('LS_COLORS', 'rs=0:di=01;34:ln=01;36:mh=00:pi=40;33:so=01;35:do=01;35:bd=40;33;01:cd=40;33;01:or=40;31;01:mi=00:su=37;41:sg=30;43:ca=30;41:tw=30;42:ow=34;42:st=37;44:ex=01;32:*.tar=01;31:*.tgz=01;31:*.arc=01;31:*.arj=01;31:*.taz=01;31:*.lha=01;31:*.lz4=01;31:*.lzh=01;31:*.lzma=01;31:*.tlz=01;31:*.txz=01;31:*.tzo=01;31:*.t7z=01;31:*.zip=01;31:*.z=01;31:*.dz=01;31:*.gz=01;31:*.lrz=01;31:*.lz=01;31:*.lzo=01;31:*.xz=01;31:*.zst=01;31:*.tzst=01;31:*.bz2=01;31:*.bz=01;31:*.tbz=01;31:*.tbz2=01;31:*.tz=01;31:*.deb=01;31:*.rpm=01;31:*.jar=01;31:*.war=01;31:*.ear=01;31:*.sar=01;31:*.rar=01;31:*.alz=01;31:*.ace=01;31:*.zoo=01;31:*.cpio=01;31:*.7z=01;31:*.rz=01;31:*.cab=01;31:*.wim=01;31:*.swm=01;31:*.dwm=01;31:*.esd=01;31:*.jpg=01;35:*.jpeg=01;35:*.mjpg=01;35:*.mjpeg=01;35:*.gif=01;35:*.bmp=01;35:*.pbm=01;35:*.pgm=01;35:*.ppm=01;35:*.tga=01;35:*.xbm=01;35:*.xpm=01;35:*.tif=01;35:*.tiff=01;35:*.png=01;35:*.svg=01;35:*.svgz=01;35:*.mng=01;35:*.pcx=01;35:*.mov=01;35:*.mpg=01;35:*.mpeg=01;35:*.m2v=01;35:*.mkv=01;35:*.webm=01;35:*.webp=01;35:*.ogm=01;35:*.mp4=01;35:*.m4v=01;35:*.mp4v=01;35:*.vob=01;35:*.qt=01;35:*.nuv=01;35:*.wmv=01;35:*.asf=01;35:*.rm=01;35:*.rmvb=01;35:*.flc=01;35:*.avi=01;35:*.fli=01;35:*.flv=01;35:*.gl=01;35:*.dl=01;35:*.xcf=01;35:*.xwd=01;35:*.yuv=01;35:*.cgm=01;35:*.emf=01;35:*.ogv=01;35:*.ogx=01;35:*.aac=00;36:*.au=00;36:*.flac=00;36:*.m4a=00;36:*.mid=00;36:*.midi=00;36:*.mka=00;36:*.mp3=00;36:*.mpc=00;36:*.ogg=00;36:*.ra=00;36:*.wav=00;36:*.oga=00;36:*.opus=00;36:*.spx=00;36:*.xspf=00;36:'), ('AMENT_PREFIX_PATH', '/root/ros2_ws/install/p9n_interface:/opt/ros/humble'), ('PWD', '/root/ros2_ws/build/p9n_node'), ('LC_ALL', 'C.UTF-8'), ('PYTHONPATH', '/opt/ros/humble/lib/python3.10/site-packages:/opt/ros/humble/local/lib/python3.10/dist-packages'), ('COLCON', '1'), ('CMAKE_PREFIX_PATH', '/root/ros2_ws/install/p9n_interface:/opt/ros/humble')]), 'shell': False}
[4.884966] (p9n_example) CommandEnded: {'returncode': 0}
[4.885228] (p9n_example) JobProgress: {'identifier': 'p9n_example', 'progress': 'build'}
[4.885529] (p9n_example) Command: {'cmd': ['/usr/bin/cmake', '--build', '/root/ros2_ws/build/p9n_example', '--', '-j16', '-l16'], 'cwd': '/root/ros2_ws/build/p9n_example', 'env': OrderedDict([('HOSTNAME', 'zzz-2404'), ('SHLVL', '1'), ('LD_LIBRARY_PATH', '/root/ros2_ws/install/p9n_interface/lib:/opt/ros/humble/opt/rviz_ogre_vendor/lib:/opt/ros/humble/lib/x86_64-linux-gnu:/opt/ros/humble/lib'), ('HOME', '/root'), ('OLDPWD', '/root/ros2_ws'), ('ROS_PYTHON_VERSION', '3'), ('ROS_DISTRO', 'humble'), ('_', '/usr/bin/colcon'), ('ROS_VERSION', '2'), ('TERM', 'xterm'), ('ROS_LOCALHOST_ONLY', '0'), ('PATH', '/opt/ros/humble/bin:/usr/local/sbin:/usr/local/bin:/usr/sbin:/usr/bin:/sbin:/bin'), ('LANG', 'C.UTF-8'), ('LS_COLORS', 'rs=0:di=01;34:ln=01;36:mh=00:pi=40;33:so=01;35:do=01;35:bd=40;33;01:cd=40;33;01:or=40;31;01:mi=00:su=37;41:sg=30;43:ca=30;41:tw=30;42:ow=34;42:st=37;44:ex=01;32:*.tar=01;31:*.tgz=01;31:*.arc=01;31:*.arj=01;31:*.taz=01;31:*.lha=01;31:*.lz4=01;31:*.lzh=01;31:*.lzma=01;31:*.tlz=01;31:*.txz=01;31:*.tzo=01;31:*.t7z=01;31:*.zip=01;31:*.z=01;31:*.dz=01;31:*.gz=01;31:*.lrz=01;31:*.lz=01;31:*.lzo=01;31:*.xz=01;31:*.zst=01;31:*.tzst=01;31:*.bz2=01;31:*.bz=01;31:*.tbz=01;31:*.tbz2=01;31:*.tz=01;31:*.deb=01;31:*.rpm=01;31:*.jar=01;31:*.war=01;31:*.ear=01;31:*.sar=01;31:*.rar=01;31:*.alz=01;31:*.ace=01;31:*.zoo=01;31:*.cpio=01;31:*.7z=01;31:*.rz=01;31:*.cab=01;31:*.wim=01;31:*.swm=01;31:*.dwm=01;31:*.esd=01;31:*.jpg=01;35:*.jpeg=01;35:*.mjpg=01;35:*.mjpeg=01;35:*.gif=01;35:*.bmp=01;35:*.pbm=01;35:*.pgm=01;35:*.ppm=01;35:*.tga=01;35:*.xbm=01;35:*.xpm=01;35:*.tif=01;35:*.tiff=01;35:*.png=01;35:*.svg=01;35:*.svgz=01;35:*.mng=01;35:*.pcx=01;35:*.mov=01;35:*.mpg=01;35:*.mpeg=01;35:*.m2v=01;35:*.mkv=01;35:*.webm=01;35:*.webp=01;35:*.ogm=01;35:*.mp4=01;35:*.m4v=01;35:*.mp4v=01;35:*.vob=01;35:*.qt=01;35:*.nuv=01;35:*.wmv=01;35:*.asf=01;35:*.rm=01;35:*.rmvb=01;35:*.flc=01;35:*.avi=01;35:*.fli=01;35:*.flv=01;35:*.gl=01;35:*.dl=01;35:*.xcf=01;35:*.xwd=01;35:*.yuv=01;35:*.cgm=01;35:*.emf=01;35:*.ogv=01;35:*.ogx=01;35:*.aac=00;36:*.au=00;36:*.flac=00;36:*.m4a=00;36:*.mid=00;36:*.midi=00;36:*.mka=00;36:*.mp3=00;36:*.mpc=00;36:*.ogg=00;36:*.ra=00;36:*.wav=00;36:*.oga=00;36:*.opus=00;36:*.spx=00;36:*.xspf=00;36:'), ('AMENT_PREFIX_PATH', '/root/ros2_ws/install/p9n_interface:/opt/ros/humble'), ('PWD', '/root/ros2_ws/build/p9n_example'), ('LC_ALL', 'C.UTF-8'), ('PYTHONPATH', '/opt/ros/humble/lib/python3.10/site-packages:/opt/ros/humble/local/lib/python3.10/dist-packages'), ('COLCON', '1'), ('CMAKE_PREFIX_PATH', '/root/ros2_ws/install/p9n_interface:/opt/ros/humble')]), 'shell': False}
[4.891808] (p9n_test) CommandEnded: {'returncode': 0}
[4.892332] (p9n_test) JobProgress: {'identifier': 'p9n_test', 'progress': 'build'}
[4.893063] (p9n_test) Command: {'cmd': ['/usr/bin/cmake', '--build', '/root/ros2_ws/build/p9n_test', '--', '-j16', '-l16'], 'cwd': '/root/ros2_ws/build/p9n_test', 'env': OrderedDict([('HOSTNAME', 'zzz-2404'), ('SHLVL', '1'), ('LD_LIBRARY_PATH', '/root/ros2_ws/install/p9n_interface/lib:/opt/ros/humble/opt/rviz_ogre_vendor/lib:/opt/ros/humble/lib/x86_64-linux-gnu:/opt/ros/humble/lib'), ('HOME', '/root'), ('OLDPWD', '/root/ros2_ws'), ('ROS_PYTHON_VERSION', '3'), ('ROS_DISTRO', 'humble'), ('_', '/usr/bin/colcon'), ('ROS_VERSION', '2'), ('TERM', 'xterm'), ('ROS_LOCALHOST_ONLY', '0'), ('PATH', '/opt/ros/humble/bin:/usr/local/sbin:/usr/local/bin:/usr/sbin:/usr/bin:/sbin:/bin'), ('LANG', 'C.UTF-8'), ('LS_COLORS', 'rs=0:di=01;34:ln=01;36:mh=00:pi=40;33:so=01;35:do=01;35:bd=40;33;01:cd=40;33;01:or=40;31;01:mi=00:su=37;41:sg=30;43:ca=30;41:tw=30;42:ow=34;42:st=37;44:ex=01;32:*.tar=01;31:*.tgz=01;31:*.arc=01;31:*.arj=01;31:*.taz=01;31:*.lha=01;31:*.lz4=01;31:*.lzh=01;31:*.lzma=01;31:*.tlz=01;31:*.txz=01;31:*.tzo=01;31:*.t7z=01;31:*.zip=01;31:*.z=01;31:*.dz=01;31:*.gz=01;31:*.lrz=01;31:*.lz=01;31:*.lzo=01;31:*.xz=01;31:*.zst=01;31:*.tzst=01;31:*.bz2=01;31:*.bz=01;31:*.tbz=01;31:*.tbz2=01;31:*.tz=01;31:*.deb=01;31:*.rpm=01;31:*.jar=01;31:*.war=01;31:*.ear=01;31:*.sar=01;31:*.rar=01;31:*.alz=01;31:*.ace=01;31:*.zoo=01;31:*.cpio=01;31:*.7z=01;31:*.rz=01;31:*.cab=01;31:*.wim=01;31:*.swm=01;31:*.dwm=01;31:*.esd=01;31:*.jpg=01;35:*.jpeg=01;35:*.mjpg=01;35:*.mjpeg=01;35:*.gif=01;35:*.bmp=01;35:*.pbm=01;35:*.pgm=01;35:*.ppm=01;35:*.tga=01;35:*.xbm=01;35:*.xpm=01;35:*.tif=01;35:*.tiff=01;35:*.png=01;35:*.svg=01;35:*.svgz=01;35:*.mng=01;35:*.pcx=01;35:*.mov=01;35:*.mpg=01;35:*.mpeg=01;35:*.m2v=01;35:*.mkv=01;35:*.webm=01;35:*.webp=01;35:*.ogm=01;35:*.mp4=01;35:*.m4v=01;35:*.mp4v=01;35:*.vob=01;35:*.qt=01;35:*.nuv=01;35:*.wmv=01;35:*.asf=01;35:*.rm=01;35:*.rmvb=01;35:*.flc=01;35:*.avi=01;35:*.fli=01;35:*.flv=01;35:*.gl=01;35:*.dl=01;35:*.xcf=01;35:*.xwd=01;35:*.yuv=01;35:*.cgm=01;35:*.emf=01;35:*.ogv=01;35:*.ogx=01;35:*.aac=00;36:*.au=00;36:*.flac=00;36:*.m4a=00;36:*.mid=00;36:*.midi=00;36:*.mka=00;36:*.mp3=00;36:*.mpc=00;36:*.ogg=00;36:*.ra=00;36:*.wav=00;36:*.oga=00;36:*.opus=00;36:*.spx=00;36:*.xspf=00;36:'), ('AMENT_PREFIX_PATH', '/root/ros2_ws/install/p9n_interface:/opt/ros/humble'), ('PWD', '/root/ros2_ws/build/p9n_test'), ('LC_ALL', 'C.UTF-8'), ('PYTHONPATH', '/opt/ros/humble/lib/python3.10/site-packages:/opt/ros/humble/local/lib/python3.10/dist-packages'), ('COLCON', '1'), ('CMAKE_PREFIX_PATH', '/root/ros2_ws/install/p9n_interface:/opt/ros/humble')]), 'shell': False}
[4.907041] (-) TimerEvent: {}
[4.932066] (p9n_example) StdoutLine: {'line': b'[ 50%] \x1b[32mBuilding CXX object CMakeFiles/display_node.dir/src/display_node.cpp.o\x1b[0m\n'}
[4.932239] (p9n_example) StdoutLine: {'line': b'[ 50%] \x1b[32mBuilding CXX object CMakeFiles/display_node_exec.dir/rclcpp_components/node_main_display_node_exec.cpp.o\x1b[0m\n'}
[4.932306] (p9n_node) StdoutLine: {'line': b'[ 50%] \x1b[32mBuilding CXX object CMakeFiles/p9n_node_teleop_twist_joy_node.dir/src/teleop_twist_joy_node.cpp.o\x1b[0m\n'}
[4.932380] (p9n_node) StdoutLine: {'line': b'[ 50%] \x1b[32mBuilding CXX object CMakeFiles/teleop_twist_joy_node_exec.dir/rclcpp_components/node_main_teleop_twist_joy_node_exec.cpp.o\x1b[0m\n'}
[4.942139] (p9n_test) StdoutLine: {'line': b'[ 20%] \x1b[32mBuilding CXX object CMakeFiles/p9n_test_node.dir/src/p9n_test_node.cpp.o\x1b[0m\n'}
[4.943004] (p9n_test) StdoutLine: {'line': b'[ 40%] \x1b[32mBuilding CXX object CMakeFiles/p9n_test_node.dir/src/workflow_handler.cpp.o\x1b[0m\n'}
[4.947112] (p9n_test) StdoutLine: {'line': b'[ 60%] \x1b[32mBuilding CXX object CMakeFiles/p9n_test_node_exec.dir/rclcpp_components/node_main_p9n_test_node_exec.cpp.o\x1b[0m\n'}
[5.007138] (-) TimerEvent: {}
[5.107434] (-) TimerEvent: {}
[5.207928] (-) TimerEvent: {}
[5.308239] (-) TimerEvent: {}
[5.408596] (-) TimerEvent: {}
[5.509078] (-) TimerEvent: {}
[5.609425] (-) TimerEvent: {}
[5.709692] (-) TimerEvent: {}
[5.816807] (-) TimerEvent: {}
[5.917167] (-) TimerEvent: {}
[5.960370] (mg400_common) StdoutLine: {'line': b'[100%] \x1b[32m\x1b[1mLinking CXX executable test_mg400_kinematics\x1b[0m\n'}
[6.017286] (-) TimerEvent: {}
[6.119712] (-) TimerEvent: {}
[6.208020] (mg400_msgs) StdoutLine: {'line': b'[  1%] \x1b[32mBuilding C object CMakeFiles/mg400_msgs__rosidl_generator_c.dir/rosidl_generator_c/mg400_msgs/msg/detail/arch__functions.c.o\x1b[0m\n'}
[6.208307] (mg400_msgs) StdoutLine: {'line': b'[  1%] \x1b[32mBuilding C object CMakeFiles/mg400_msgs__rosidl_generator_c.dir/rosidl_generator_c/mg400_msgs/msg/detail/do_index__functions.c.o\x1b[0m\n'}
[6.209254] (mg400_msgs) StdoutLine: {'line': b'[  1%] \x1b[32mBuilding C object CMakeFiles/mg400_msgs__rosidl_generator_c.dir/rosidl_generator_c/mg400_msgs/msg/detail/command__functions.c.o\x1b[0m\n'}
[6.210283] (mg400_msgs) StdoutLine: {'line': b'[  2%] \x1b[32mBuilding C object CMakeFiles/mg400_msgs__rosidl_generator_c.dir/rosidl_generator_c/mg400_msgs/msg/detail/collision_level__functions.c.o\x1b[0m\n'}
[6.211573] (mg400_msgs) StdoutLine: {'line': b'[  2%] \x1b[32mBuilding C object CMakeFiles/mg400_msgs__rosidl_generator_c.dir/rosidl_generator_c/mg400_msgs/msg/detail/do_status__functions.c.o\x1b[0m\n'}
[6.216282] (mg400_msgs) StdoutLine: {'line': b'[  2%] \x1b[32mBuilding C object CMakeFiles/mg400_msgs__rosidl_generator_c.dir/rosidl_generator_c/mg400_msgs/msg/detail/di_index__functions.c.o\x1b[0m\n'}
[6.216611] (mg400_msgs) StdoutLine: {'line': b'[  2%] \x1b[32mBuilding C object CMakeFiles/mg400_msgs__rosidl_generator_c.dir/rosidl_generator_c/mg400_msgs/msg/detail/error_id__functions.c.o\x1b[0m\n'}
[6.216867] (mg400_msgs) StdoutLine: {'line': b'[  2%] \x1b[32mBuilding C object CMakeFiles/mg400_msgs__rosidl_generator_c.dir/rosidl_generator_c/mg400_msgs/msg/detail/id_array__functions.c.o\x1b[0m\n'}
[6.217118] (mg400_msgs) StdoutLine: {'line': b'[  2%] \x1b[32mBuilding C object CMakeFiles/mg400_msgs__rosidl_generator_c.dir/rosidl_generator_c/mg400_msgs/msg/detail/mov_l__functions.c.o\x1b[0m\n'}
[6.219907] (mg400_msgs) StdoutLine: {'line': b'[  2%] \x1b[32mBuilding C object CMakeFiles/mg400_msgs__rosidl_generator_c.dir/rosidl_generator_c/mg400_msgs/msg/detail/mov_jio__functions.c.o\x1b[0m\n'}
[6.220146] (-) TimerEvent: {}
[6.226813] (mg400_msgs) StdoutLine: {'line': b'[  2%] \x1b[32mBuilding C object CMakeFiles/mg400_msgs__rosidl_generator_c.dir/rosidl_generator_c/mg400_msgs/msg/detail/joint_mov_j__functions.c.o\x1b[0m\n'}
[6.227081] (mg400_msgs) StdoutLine: {'line': b'[  3%] \x1b[32mBuilding C object CMakeFiles/mg400_msgs__rosidl_generator_c.dir/rosidl_generator_c/mg400_msgs/msg/detail/distance_mode__functions.c.o\x1b[0m\n'}
[6.236074] (mg400_msgs) StdoutLine: {'line': b'[  4%] \x1b[32mBuilding C object CMakeFiles/mg400_msgs__rosidl_generator_c.dir/rosidl_generator_c/mg400_msgs/msg/detail/mov_j__functions.c.o\x1b[0m\n'}
[6.239613] (mg400_msgs) StdoutLine: {'line': b'[  4%] \x1b[32mBuilding C object CMakeFiles/mg400_msgs__rosidl_generator_c.dir/rosidl_generator_c/mg400_msgs/msg/detail/move_jog__functions.c.o\x1b[0m\n'}
[6.242022] (mg400_msgs) StdoutLine: {'line': b'[  4%] \x1b[32mBuilding C object CMakeFiles/mg400_msgs__rosidl_generator_c.dir/rosidl_generator_c/mg400_msgs/msg/detail/mov_lio__functions.c.o\x1b[0m\n'}
[6.309531] (mg400_msgs) StdoutLine: {'line': b'[  5%] \x1b[32mBuilding C object CMakeFiles/mg400_msgs__rosidl_generator_c.dir/rosidl_generator_c/mg400_msgs/msg/detail/robot_mode__functions.c.o\x1b[0m\n'}
[6.315335] (mg400_msgs) StdoutLine: {'line': b'[  5%] \x1b[32mBuilding C object CMakeFiles/mg400_msgs__rosidl_generator_c.dir/rosidl_generator_c/mg400_msgs/msg/detail/tool__functions.c.o\x1b[0m\n'}
[6.320277] (-) TimerEvent: {}
[6.321751] (mg400_msgs) StdoutLine: {'line': b'[  5%] \x1b[32mBuilding C object CMakeFiles/mg400_msgs__rosidl_generator_c.dir/rosidl_generator_c/mg400_msgs/msg/detail/tool_do_index__functions.c.o\x1b[0m\n'}
[6.323890] (mg400_msgs) StdoutLine: {'line': b'[  5%] \x1b[32mBuilding C object CMakeFiles/mg400_msgs__rosidl_generator_c.dir/rosidl_generator_c/mg400_msgs/msg/detail/tool_di_index__functions.c.o\x1b[0m\n'}
[6.330703] (mg400_msgs) StdoutLine: {'line': b'[  6%] \x1b[32mBuilding C object CMakeFiles/mg400_msgs__rosidl_generator_c.dir/rosidl_generator_c/mg400_msgs/msg/detail/user__functions.c.o\x1b[0m\n'}
[6.336465] (mg400_msgs) StdoutLine: {'line': b'[  6%] \x1b[32mBuilding C object CMakeFiles/mg400_msgs__rosidl_generator_c.dir/rosidl_generator_c/mg400_msgs/srv/detail/acc_j__functions.c.o\x1b[0m\n'}
[6.338476] (mg400_msgs) StdoutLine: {'line': b'[  6%] \x1b[32mBuilding C object CMakeFiles/mg400_msgs__rosidl_generator_c.dir/rosidl_generator_c/mg400_msgs/srv/detail/acc_l__functions.c.o\x1b[0m\n'}
[6.353794] (mg400_common) StdoutLine: {'line': b'[100%] Built target test_mg400_kinematics\n'}
[6.362634] (mg400_msgs) StdoutLine: {'line': b'[  6%] \x1b[32mBuilding C object CMakeFiles/mg400_msgs__rosidl_generator_c.dir/rosidl_generator_c/mg400_msgs/srv/detail/cp__functions.c.o\x1b[0m\n'}
[6.369792] (mg400_msgs) StdoutLine: {'line': b'[  6%] \x1b[32mBuilding C object CMakeFiles/mg400_msgs__rosidl_generator_c.dir/rosidl_generator_c/mg400_msgs/srv/detail/arch__functions.c.o\x1b[0m\n'}
[6.371192] (mg400_msgs) StdoutLine: {'line': b'[  6%] \x1b[32mBuilding C object CMakeFiles/mg400_msgs__rosidl_generator_c.dir/rosidl_generator_c/mg400_msgs/srv/detail/enable_robot__functions.c.o\x1b[0m\n'}
[6.371417] (mg400_msgs) StdoutLine: {'line': b'[  6%] \x1b[32mBuilding C object CMakeFiles/mg400_msgs__rosidl_generator_c.dir/rosidl_generator_c/mg400_msgs/srv/detail/di__functions.c.o\x1b[0m\n'}
[6.373448] (mg400_msgs) StdoutLine: {'line': b'[  7%] \x1b[32mBuilding C object CMakeFiles/mg400_msgs__rosidl_generator_c.dir/rosidl_generator_c/mg400_msgs/srv/detail/emergency_stop__functions.c.o\x1b[0m\n'}
[6.374260] (mg400_msgs) StdoutLine: {'line': b'[  7%] \x1b[32mBuilding C object CMakeFiles/mg400_msgs__rosidl_generator_c.dir/rosidl_generator_c/mg400_msgs/srv/detail/disable_robot__functions.c.o\x1b[0m\n'}
[6.375132] (mg400_msgs) StdoutLine: {'line': b'[  7%] \x1b[32mBuilding C object CMakeFiles/mg400_msgs__rosidl_generator_c.dir/rosidl_generator_c/mg400_msgs/srv/detail/do__functions.c.o\x1b[0m\n'}
[6.375872] (mg400_msgs) StdoutLine: {'line': b'[  8%] \x1b[32mBuilding C object CMakeFiles/mg400_msgs__rosidl_generator_c.dir/rosidl_generator_c/mg400_msgs/srv/detail/clear_error__functions.c.o\x1b[0m\n'}
[6.382947] (mg400_common) CommandEnded: {'returncode': 0}
[6.383504] (mg400_common) JobProgress: {'identifier': 'mg400_common', 'progress': 'install'}
[6.383573] (mg400_common) Command: {'cmd': ['/usr/bin/cmake', '--install', '/root/ros2_ws/build/mg400_common'], 'cwd': '/root/ros2_ws/build/mg400_common', 'env': OrderedDict([('HOSTNAME', 'zzz-2404'), ('SHLVL', '1'), ('LD_LIBRARY_PATH', '/opt/ros/humble/opt/rviz_ogre_vendor/lib:/opt/ros/humble/lib/x86_64-linux-gnu:/opt/ros/humble/lib'), ('HOME', '/root'), ('OLDPWD', '/root/ros2_ws'), ('ROS_PYTHON_VERSION', '3'), ('ROS_DISTRO', 'humble'), ('_', '/usr/bin/colcon'), ('ROS_VERSION', '2'), ('TERM', 'xterm'), ('ROS_LOCALHOST_ONLY', '0'), ('PATH', '/opt/ros/humble/bin:/usr/local/sbin:/usr/local/bin:/usr/sbin:/usr/bin:/sbin:/bin'), ('LANG', 'C.UTF-8'), ('LS_COLORS', 'rs=0:di=01;34:ln=01;36:mh=00:pi=40;33:so=01;35:do=01;35:bd=40;33;01:cd=40;33;01:or=40;31;01:mi=00:su=37;41:sg=30;43:ca=30;41:tw=30;42:ow=34;42:st=37;44:ex=01;32:*.tar=01;31:*.tgz=01;31:*.arc=01;31:*.arj=01;31:*.taz=01;31:*.lha=01;31:*.lz4=01;31:*.lzh=01;31:*.lzma=01;31:*.tlz=01;31:*.txz=01;31:*.tzo=01;31:*.t7z=01;31:*.zip=01;31:*.z=01;31:*.dz=01;31:*.gz=01;31:*.lrz=01;31:*.lz=01;31:*.lzo=01;31:*.xz=01;31:*.zst=01;31:*.tzst=01;31:*.bz2=01;31:*.bz=01;31:*.tbz=01;31:*.tbz2=01;31:*.tz=01;31:*.deb=01;31:*.rpm=01;31:*.jar=01;31:*.war=01;31:*.ear=01;31:*.sar=01;31:*.rar=01;31:*.alz=01;31:*.ace=01;31:*.zoo=01;31:*.cpio=01;31:*.7z=01;31:*.rz=01;31:*.cab=01;31:*.wim=01;31:*.swm=01;31:*.dwm=01;31:*.esd=01;31:*.jpg=01;35:*.jpeg=01;35:*.mjpg=01;35:*.mjpeg=01;35:*.gif=01;35:*.bmp=01;35:*.pbm=01;35:*.pgm=01;35:*.ppm=01;35:*.tga=01;35:*.xbm=01;35:*.xpm=01;35:*.tif=01;35:*.tiff=01;35:*.png=01;35:*.svg=01;35:*.svgz=01;35:*.mng=01;35:*.pcx=01;35:*.mov=01;35:*.mpg=01;35:*.mpeg=01;35:*.m2v=01;35:*.mkv=01;35:*.webm=01;35:*.webp=01;35:*.ogm=01;35:*.mp4=01;35:*.m4v=01;35:*.mp4v=01;35:*.vob=01;35:*.qt=01;35:*.nuv=01;35:*.wmv=01;35:*.asf=01;35:*.rm=01;35:*.rmvb=01;35:*.flc=01;35:*.avi=01;35:*.fli=01;35:*.flv=01;35:*.gl=01;35:*.dl=01;35:*.xcf=01;35:*.xwd=01;35:*.yuv=01;35:*.cgm=01;35:*.emf=01;35:*.ogv=01;35:*.ogx=01;35:*.aac=00;36:*.au=00;36:*.flac=00;36:*.m4a=00;36:*.mid=00;36:*.midi=00;36:*.mka=00;36:*.mp3=00;36:*.mpc=00;36:*.ogg=00;36:*.ra=00;36:*.wav=00;36:*.oga=00;36:*.opus=00;36:*.spx=00;36:*.xspf=00;36:'), ('AMENT_PREFIX_PATH', '/opt/ros/humble'), ('PWD', '/root/ros2_ws/build/mg400_common'), ('LC_ALL', 'C.UTF-8'), ('PYTHONPATH', '/opt/ros/humble/lib/python3.10/site-packages:/opt/ros/humble/local/lib/python3.10/dist-packages'), ('COLCON', '1'), ('CMAKE_PREFIX_PATH', '/opt/ros/humble')]), 'shell': False}
[6.394320] (mg400_common) StdoutLine: {'line': b'-- Install configuration: ""\n'}
[6.394792] (mg400_common) StdoutLine: {'line': b'-- Execute custom install script\n'}
[6.395375] (mg400_common) StdoutLine: {'line': b'-- Symlinking: /root/ros2_ws/install/mg400_common/include/mg400_common/kinematics.hpp\n'}
[6.405895] (mg400_msgs) StdoutLine: {'line': b'[  8%] \x1b[32mBuilding C object CMakeFiles/mg400_msgs__rosidl_generator_c.dir/rosidl_generator_c/mg400_msgs/srv/detail/get_error_id__functions.c.o\x1b[0m\n'}
[6.408686] (mg400_common) StdoutLine: {'line': b'-- Symlinking: /root/ros2_ws/install/mg400_common/include/mg400_common/mg400_ik_util.hpp\n'}
[6.411925] (mg400_msgs) StdoutLine: {'line': b'[  8%] \x1b[32mBuilding C object CMakeFiles/mg400_msgs__rosidl_generator_c.dir/rosidl_generator_c/mg400_msgs/srv/detail/get_angle__functions.c.o\x1b[0m\n'}
[6.420719] (-) TimerEvent: {}
[6.426756] (mg400_msgs) StdoutLine: {'line': b'[  8%] \x1b[32mBuilding C object CMakeFiles/mg400_msgs__rosidl_generator_c.dir/rosidl_generator_c/mg400_msgs/srv/detail/get_pose__functions.c.o\x1b[0m\n'}
[6.428261] (mg400_msgs) StdoutLine: {'line': b'[  9%] \x1b[32mBuilding C object CMakeFiles/mg400_msgs__rosidl_generator_c.dir/rosidl_generator_c/mg400_msgs/srv/detail/inverse_solution__functions.c.o\x1b[0m\n'}
[6.430714] (mg400_common) StdoutLine: {'line': b'-- Symlinking: /root/ros2_ws/install/mg400_common/share/mg400_common/environment/library_path.sh\n'}
[6.458808] (mg400_common) StdoutLine: {'line': b'-- Symlinking: /root/ros2_ws/install/mg400_common/share/mg400_common/environment/library_path.dsv\n'}
[6.466903] (mg400_msgs) StdoutLine: {'line': b'[  9%] \x1b[32mBuilding C object CMakeFiles/mg400_msgs__rosidl_generator_c.dir/rosidl_generator_c/mg400_msgs/srv/detail/joint_mov_j__functions.c.o\x1b[0m\n'}
[6.471696] (mg400_msgs) StdoutLine: {'line': b'[  9%] \x1b[32mBuilding C object CMakeFiles/mg400_msgs__rosidl_generator_c.dir/rosidl_generator_c/mg400_msgs/srv/detail/move_jog__functions.c.o\x1b[0m\n'}
[6.479270] (mg400_msgs) StdoutLine: {'line': b'[  9%] \x1b[32mBuilding C object CMakeFiles/mg400_msgs__rosidl_generator_c.dir/rosidl_generator_c/mg400_msgs/srv/detail/pay_load__functions.c.o\x1b[0m\n'}
[6.481360] (mg400_common) StdoutLine: {'line': b'-- Symlinking: /root/ros2_ws/install/mg400_common/lib/libmg400_common.so\n'}
[6.487704] (mg400_msgs) StdoutLine: {'line': b'[  9%] \x1b[32mBuilding C object CMakeFiles/mg400_msgs__rosidl_generator_c.dir/rosidl_generator_c/mg400_msgs/srv/detail/positive_solution__functions.c.o\x1b[0m\n'}
[6.500641] (mg400_msgs) StdoutLine: {'line': b'[ 10%] \x1b[32mBuilding C object CMakeFiles/mg400_msgs__rosidl_generator_c.dir/rosidl_generator_c/mg400_msgs/srv/detail/reset_robot__functions.c.o\x1b[0m\n'}
[6.502711] (mg400_common) StdoutLine: {'line': b'-- Symlinking: /root/ros2_ws/install/mg400_common/share/ament_index/resource_index/package_run_dependencies/mg400_common\n'}
[6.506698] (mg400_msgs) StdoutLine: {'line': b'[ 10%] \x1b[32mBuilding C object CMakeFiles/mg400_msgs__rosidl_generator_c.dir/rosidl_generator_c/mg400_msgs/srv/detail/robot_mode__functions.c.o\x1b[0m\n'}
[6.515700] (mg400_msgs) StdoutLine: {'line': b'[ 10%] \x1b[32mBuilding C object CMakeFiles/mg400_msgs__rosidl_generator_c.dir/rosidl_generator_c/mg400_msgs/srv/detail/set_collision_level__functions.c.o\x1b[0m\n'}
[6.521713] (-) TimerEvent: {}
[6.523914] (mg400_common) StdoutLine: {'line': b'-- Symlinking: /root/ros2_ws/install/mg400_common/share/ament_index/resource_index/parent_prefix_path/mg400_common\n'}
[6.538781] (mg400_msgs) StdoutLine: {'line': b'[ 10%] \x1b[32mBuilding C object CMakeFiles/mg400_msgs__rosidl_generator_c.dir/rosidl_generator_c/mg400_msgs/srv/detail/speed_factor__functions.c.o\x1b[0m\n'}
[6.539083] (mg400_msgs) StdoutLine: {'line': b'[ 11%] \x1b[32mBuilding C object CMakeFiles/mg400_msgs__rosidl_generator_c.dir/rosidl_generator_c/mg400_msgs/srv/detail/speed_j__functions.c.o\x1b[0m\n'}
[6.543794] (mg400_common) StdoutLine: {'line': b'-- Symlinking: /root/ros2_ws/install/mg400_common/share/mg400_common/environment/ament_prefix_path.sh\n'}
[6.547492] (mg400_msgs) StdoutLine: {'line': b'[ 11%] \x1b[32mBuilding C object CMakeFiles/mg400_msgs__rosidl_generator_c.dir/rosidl_generator_c/mg400_msgs/srv/detail/speed_l__functions.c.o\x1b[0m\n'}
[6.557951] (mg400_common) StdoutLine: {'line': b'-- Symlinking: /root/ros2_ws/install/mg400_common/share/mg400_common/environment/ament_prefix_path.dsv\n'}
[6.578620] (mg400_common) StdoutLine: {'line': b'-- Symlinking: /root/ros2_ws/install/mg400_common/share/mg400_common/environment/path.sh\n'}
[6.579968] (mg400_msgs) StdoutLine: {'line': b'[ 11%] \x1b[32mBuilding C object CMakeFiles/mg400_msgs__rosidl_generator_c.dir/rosidl_generator_c/mg400_msgs/srv/detail/tool__functions.c.o\x1b[0m\n'}
[6.581297] (mg400_msgs) StdoutLine: {'line': b'[ 11%] \x1b[32mBuilding C object CMakeFiles/mg400_msgs__rosidl_generator_c.dir/rosidl_generator_c/mg400_msgs/srv/detail/tool_di__functions.c.o\x1b[0m\n'}
[6.591121] (mg400_msgs) StdoutLine: {'line': b'[ 11%] \x1b[32mBuilding C object CMakeFiles/mg400_msgs__rosidl_generator_c.dir/rosidl_generator_c/mg400_msgs/srv/detail/tool_do_execute__functions.c.o\x1b[0m\n'}
[6.600712] (mg400_msgs) StdoutLine: {'line': b'[ 11%] \x1b[32mBuilding C object CMakeFiles/mg400_msgs__rosidl_generator_c.dir/rosidl_generator_c/mg400_msgs/action/detail/command_queue__functions.c.o\x1b[0m\n'}
[6.601021] (mg400_common) StdoutLine: {'line': b'-- Symlinking: /root/ros2_ws/install/mg400_common/share/mg400_common/environment/path.dsv\n'}
[6.612596] (mg400_msgs) StdoutLine: {'line': b'[ 11%] \x1b[32mBuilding C object CMakeFiles/mg400_msgs__rosidl_generator_c.dir/rosidl_generator_c/mg400_msgs/action/detail/mov_j__functions.c.o\x1b[0m\n'}
[6.612932] (mg400_msgs) StdoutLine: {'line': b'[ 12%] \x1b[32mBuilding C object CMakeFiles/mg400_msgs__rosidl_generator_c.dir/rosidl_generator_c/mg400_msgs/srv/detail/user__functions.c.o\x1b[0m\n'}
[6.619716] (mg400_msgs) StdoutLine: {'line': b'[ 12%] \x1b[32mBuilding C object CMakeFiles/mg400_msgs__rosidl_generator_c.dir/rosidl_generator_c/mg400_msgs/action/detail/joint_mov_j__functions.c.o\x1b[0m\n'}
[6.621819] (-) TimerEvent: {}
[6.624667] (mg400_msgs) StdoutLine: {'line': b'[ 12%] \x1b[32mBuilding C object CMakeFiles/mg400_msgs__rosidl_generator_c.dir/rosidl_generator_c/mg400_msgs/action/detail/mov_l__functions.c.o\x1b[0m\n'}
[6.625470] (mg400_msgs) StdoutLine: {'line': b'[ 13%] \x1b[32mBuilding C object CMakeFiles/mg400_msgs__rosidl_generator_c.dir/rosidl_generator_c/mg400_msgs/action/detail/mov_jio__functions.c.o\x1b[0m\n'}
[6.629431] (mg400_common) StdoutLine: {'line': b'-- Symlinking: /root/ros2_ws/install/mg400_common/share/mg400_common/local_setup.bash\n'}
[6.649700] (mg400_msgs) StdoutLine: {'line': b'[ 13%] \x1b[32mBuilding C object CMakeFiles/mg400_msgs__rosidl_generator_c.dir/rosidl_generator_c/mg400_msgs/action/detail/mov_lio__functions.c.o\x1b[0m\n'}
[6.653017] (mg400_common) StdoutLine: {'line': b'-- Symlinking: /root/ros2_ws/install/mg400_common/share/mg400_common/local_setup.sh\n'}
[6.677585] (mg400_common) StdoutLine: {'line': b'-- Symlinking: /root/ros2_ws/install/mg400_common/share/mg400_common/local_setup.zsh\n'}
[6.707898] (mg400_common) StdoutLine: {'line': b'-- Symlinking: /root/ros2_ws/install/mg400_common/share/mg400_common/local_setup.dsv\n'}
[6.721950] (-) TimerEvent: {}
[6.741706] (mg400_common) StdoutLine: {'line': b'-- Symlinking: /root/ros2_ws/install/mg400_common/share/mg400_common/package.dsv\n'}
[6.768948] (mg400_common) StdoutLine: {'line': b'-- Symlinking: /root/ros2_ws/install/mg400_common/share/ament_index/resource_index/packages/mg400_common\n'}
[6.796872] (mg400_common) StdoutLine: {'line': b'-- Symlinking: /root/ros2_ws/install/mg400_common/share/mg400_common/cmake/ament_cmake_export_include_directories-extras.cmake\n'}
[6.815725] (mg400_common) StdoutLine: {'line': b'-- Symlinking: /root/ros2_ws/install/mg400_common/share/mg400_common/cmake/ament_cmake_export_libraries-extras.cmake\n'}
[6.822074] (-) TimerEvent: {}
[6.831850] (mg400_common) StdoutLine: {'line': b'-- Symlinking: /root/ros2_ws/install/mg400_common/share/mg400_common/cmake/mg400_commonConfig.cmake\n'}
[6.850926] (mg400_common) StdoutLine: {'line': b'-- Symlinking: /root/ros2_ws/install/mg400_common/share/mg400_common/cmake/mg400_commonConfig-version.cmake\n'}
[6.863757] (mg400_common) StdoutLine: {'line': b'-- Symlinking: /root/ros2_ws/install/mg400_common/share/mg400_common/package.xml\n'}
[6.879299] (mg400_common) CommandEnded: {'returncode': 0}
[6.893033] (mg400_msgs) StdoutLine: {'line': b'[ 13%] \x1b[32m\x1b[1mLinking C shared library libmg400_msgs__rosidl_generator_c.so\x1b[0m\n'}
[6.910353] (mg400_common) JobEnded: {'identifier': 'mg400_common', 'rc': 0}
[6.922718] (-) TimerEvent: {}
[6.974220] (mg400_msgs) StdoutLine: {'line': b'[ 13%] Built target mg400_msgs__rosidl_generator_c\n'}
[6.991352] (mg400_msgs) StdoutLine: {'line': b'[ 15%] \x1b[34m\x1b[1mGenerating C type support for eProsima Fast-RTPS\x1b[0m\n'}
[6.991620] (mg400_msgs) StdoutLine: {'line': b'[ 15%] \x1b[34m\x1b[1mGenerating C introspection for ROS interfaces\x1b[0m\n'}
[7.001059] (mg400_msgs) StdoutLine: {'line': b'[ 16%] \x1b[34m\x1b[1mGenerating C type support dispatch for ROS interfaces\x1b[0m\n'}
[7.022819] (-) TimerEvent: {}
[7.099539] (mg400_msgs) StdoutLine: {'line': b'[ 16%] Built target mg400_msgs__cpp\n'}
[7.116953] (mg400_msgs) StdoutLine: {'line': b'[ 16%] \x1b[34m\x1b[1mGenerating C++ introspection for ROS interfaces\x1b[0m\n'}
[7.117196] (mg400_msgs) StdoutLine: {'line': b'[ 16%] \x1b[34m\x1b[1mGenerating C++ type support for eProsima Fast-RTPS\x1b[0m\n'}
[7.117318] (mg400_msgs) StdoutLine: {'line': b'[ 16%] \x1b[34m\x1b[1mGenerating C++ type support dispatch for ROS interfaces\x1b[0m\n'}
[7.122925] (-) TimerEvent: {}
[7.223270] (-) TimerEvent: {}
[7.324048] (-) TimerEvent: {}
[7.424359] (-) TimerEvent: {}
[7.524691] (-) TimerEvent: {}
[7.625694] (-) TimerEvent: {}
[7.726051] (-) TimerEvent: {}
[7.826366] (-) TimerEvent: {}
[7.926690] (-) TimerEvent: {}
[8.027687] (-) TimerEvent: {}
[8.128048] (-) TimerEvent: {}
[8.228409] (-) TimerEvent: {}
[8.328975] (-) TimerEvent: {}
[8.429366] (-) TimerEvent: {}
[8.512412] (p9n_node) StdoutLine: {'line': b'[ 75%] \x1b[32m\x1b[1mLinking CXX executable teleop_twist_joy_node_exec\x1b[0m\n'}
[8.529468] (-) TimerEvent: {}
[8.629822] (-) TimerEvent: {}
[8.646210] (p9n_test) StdoutLine: {'line': b'[ 80%] \x1b[32m\x1b[1mLinking CXX executable p9n_test_node_exec\x1b[0m\n'}
[8.657947] (p9n_node) StdoutLine: {'line': b'[ 75%] Built target teleop_twist_joy_node_exec\n'}
[8.729921] (-) TimerEvent: {}
[8.781413] (p9n_test) StdoutLine: {'line': b'[ 80%] Built target p9n_test_node_exec\n'}
[8.792801] (p9n_example) StdoutLine: {'line': b'[ 75%] \x1b[32m\x1b[1mLinking CXX executable display_node_exec\x1b[0m\n'}
[8.830024] (-) TimerEvent: {}
[8.917778] (p9n_example) StdoutLine: {'line': b'[ 75%] Built target display_node_exec\n'}
[8.930119] (-) TimerEvent: {}
[9.030426] (-) TimerEvent: {}
[9.130741] (-) TimerEvent: {}
[9.231056] (-) TimerEvent: {}
[9.331362] (-) TimerEvent: {}
[9.431672] (-) TimerEvent: {}
[9.531955] (-) TimerEvent: {}
[9.632235] (-) TimerEvent: {}
[9.732538] (-) TimerEvent: {}
[9.824580] (mg400_msgs) StdoutLine: {'line': b'[ 16%] \x1b[32mBuilding CXX object CMakeFiles/mg400_msgs__rosidl_typesupport_cpp.dir/rosidl_typesupport_cpp/mg400_msgs/msg/command__type_support.cpp.o\x1b[0m\n'}
[9.825167] (mg400_msgs) StdoutLine: {'line': b'[ 16%] \x1b[32mBuilding CXX object CMakeFiles/mg400_msgs__rosidl_typesupport_cpp.dir/rosidl_typesupport_cpp/mg400_msgs/msg/arch__type_support.cpp.o\x1b[0m\n'}
[9.825487] (mg400_msgs) StdoutLine: {'line': b'[ 16%] \x1b[32mBuilding CXX object CMakeFiles/mg400_msgs__rosidl_typesupport_cpp.dir/rosidl_typesupport_cpp/mg400_msgs/msg/di_index__type_support.cpp.o\x1b[0m\n'}
[9.825581] (mg400_msgs) StdoutLine: {'line': b'[ 16%] \x1b[32mBuilding CXX object CMakeFiles/mg400_msgs__rosidl_typesupport_cpp.dir/rosidl_typesupport_cpp/mg400_msgs/msg/error_id__type_support.cpp.o\x1b[0m\n'}
[9.825670] (mg400_msgs) StdoutLine: {'line': b'[ 17%] \x1b[32mBuilding CXX object CMakeFiles/mg400_msgs__rosidl_typesupport_cpp.dir/rosidl_typesupport_cpp/mg400_msgs/msg/collision_level__type_support.cpp.o\x1b[0m\n'}
[9.826249] (mg400_msgs) StdoutLine: {'line': b'[ 17%] \x1b[32mBuilding CXX object CMakeFiles/mg400_msgs__rosidl_typesupport_cpp.dir/rosidl_typesupport_cpp/mg400_msgs/msg/do_index__type_support.cpp.o\x1b[0m\n'}
[9.826342] (mg400_msgs) StdoutLine: {'line': b'[ 17%] \x1b[32mBuilding CXX object CMakeFiles/mg400_msgs__rosidl_typesupport_cpp.dir/rosidl_typesupport_cpp/mg400_msgs/msg/distance_mode__type_support.cpp.o\x1b[0m\n'}
[9.829889] (mg400_msgs) StdoutLine: {'line': b'[ 18%] \x1b[32mBuilding CXX object CMakeFiles/mg400_msgs__rosidl_typesupport_cpp.dir/rosidl_typesupport_cpp/mg400_msgs/msg/do_status__type_support.cpp.o\x1b[0m\n'}
[9.832648] (mg400_msgs) StdoutLine: {'line': b'[ 18%] \x1b[32mBuilding CXX object CMakeFiles/mg400_msgs__rosidl_typesupport_cpp.dir/rosidl_typesupport_cpp/mg400_msgs/msg/id_array__type_support.cpp.o\x1b[0m\n'}
[9.832845] (-) TimerEvent: {}
[9.836863] (mg400_msgs) StdoutLine: {'line': b'[ 18%] \x1b[32mBuilding CXX object CMakeFiles/mg400_msgs__rosidl_typesupport_cpp.dir/rosidl_typesupport_cpp/mg400_msgs/msg/joint_mov_j__type_support.cpp.o\x1b[0m\n'}
[9.837127] (mg400_msgs) StdoutLine: {'line': b'[ 19%] \x1b[32mBuilding CXX object CMakeFiles/mg400_msgs__rosidl_typesupport_cpp.dir/rosidl_typesupport_cpp/mg400_msgs/msg/mov_j__type_support.cpp.o\x1b[0m\n'}
[9.932963] (-) TimerEvent: {}
[10.035693] (-) TimerEvent: {}
[10.137160] (-) TimerEvent: {}
[10.188485] (mg400_msgs) StdoutLine: {'line': b'[ 19%] \x1b[32mBuilding CXX object CMakeFiles/mg400_msgs__rosidl_typesupport_cpp.dir/rosidl_typesupport_cpp/mg400_msgs/msg/mov_lio__type_support.cpp.o\x1b[0m\n'}
[10.190277] (mg400_msgs) StdoutLine: {'line': b'[ 19%] \x1b[32mBuilding CXX object CMakeFiles/mg400_msgs__rosidl_typesupport_cpp.dir/rosidl_typesupport_cpp/mg400_msgs/msg/mov_l__type_support.cpp.o\x1b[0m\n'}
[10.193737] (mg400_msgs) StdoutLine: {'line': b'[ 19%] \x1b[32mBuilding CXX object CMakeFiles/mg400_msgs__rosidl_typesupport_cpp.dir/rosidl_typesupport_cpp/mg400_msgs/msg/mov_jio__type_support.cpp.o\x1b[0m\n'}
[10.196678] (mg400_msgs) StdoutLine: {'line': b'[ 20%] \x1b[32mBuilding CXX object CMakeFiles/mg400_msgs__rosidl_typesupport_cpp.dir/rosidl_typesupport_cpp/mg400_msgs/msg/move_jog__type_support.cpp.o\x1b[0m\n'}
[10.203691] (mg400_msgs) StdoutLine: {'line': b'[ 20%] \x1b[32mBuilding CXX object CMakeFiles/mg400_msgs__rosidl_typesupport_cpp.dir/rosidl_typesupport_cpp/mg400_msgs/msg/robot_mode__type_support.cpp.o\x1b[0m\n'}
[10.237266] (-) TimerEvent: {}
[10.271792] (mg400_msgs) StdoutLine: {'line': b'[ 20%] \x1b[32mBuilding CXX object CMakeFiles/mg400_msgs__rosidl_typesupport_cpp.dir/rosidl_typesupport_cpp/mg400_msgs/msg/tool__type_support.cpp.o\x1b[0m\n'}
[10.311687] (mg400_msgs) StdoutLine: {'line': b'[ 20%] \x1b[32mBuilding CXX object CMakeFiles/mg400_msgs__rosidl_typesupport_cpp.dir/rosidl_typesupport_cpp/mg400_msgs/msg/tool_di_index__type_support.cpp.o\x1b[0m\n'}
[10.337369] (-) TimerEvent: {}
[10.370754] (mg400_msgs) StdoutLine: {'line': b'[ 20%] \x1b[32mBuilding CXX object CMakeFiles/mg400_msgs__rosidl_typesupport_cpp.dir/rosidl_typesupport_cpp/mg400_msgs/msg/tool_do_index__type_support.cpp.o\x1b[0m\n'}
[10.377691] (mg400_msgs) StdoutLine: {'line': b'[ 21%] \x1b[32mBuilding CXX object CMakeFiles/mg400_msgs__rosidl_typesupport_cpp.dir/rosidl_typesupport_cpp/mg400_msgs/msg/user__type_support.cpp.o\x1b[0m\n'}
[10.428309] (mg400_msgs) StdoutLine: {'line': b'[ 21%] \x1b[32mBuilding CXX object CMakeFiles/mg400_msgs__rosidl_typesupport_cpp.dir/rosidl_typesupport_cpp/mg400_msgs/srv/acc_j__type_support.cpp.o\x1b[0m\n'}
[10.437481] (-) TimerEvent: {}
[10.477000] (mg400_msgs) StdoutLine: {'line': b'[ 21%] \x1b[32mBuilding CXX object CMakeFiles/mg400_msgs__rosidl_typesupport_cpp.dir/rosidl_typesupport_cpp/mg400_msgs/srv/acc_l__type_support.cpp.o\x1b[0m\n'}
[10.537589] (-) TimerEvent: {}
[10.580318] (mg400_msgs) StdoutLine: {'line': b'[ 21%] \x1b[32mBuilding CXX object CMakeFiles/mg400_msgs__rosidl_typesupport_cpp.dir/rosidl_typesupport_cpp/mg400_msgs/srv/cp__type_support.cpp.o\x1b[0m\n'}
[10.589009] (mg400_msgs) StdoutLine: {'line': b'[ 21%] \x1b[32mBuilding CXX object CMakeFiles/mg400_msgs__rosidl_typesupport_cpp.dir/rosidl_typesupport_cpp/mg400_msgs/srv/arch__type_support.cpp.o\x1b[0m\n'}
[10.627122] (mg400_msgs) StdoutLine: {'line': b'[ 22%] \x1b[32mBuilding CXX object CMakeFiles/mg400_msgs__rosidl_typesupport_cpp.dir/rosidl_typesupport_cpp/mg400_msgs/srv/clear_error__type_support.cpp.o\x1b[0m\n'}
[10.638704] (-) TimerEvent: {}
[10.667237] (mg400_msgs) StdoutLine: {'line': b'[ 22%] \x1b[32mBuilding CXX object CMakeFiles/mg400_msgs__rosidl_typesupport_cpp.dir/rosidl_typesupport_cpp/mg400_msgs/srv/di__type_support.cpp.o\x1b[0m\n'}
[10.705191] (mg400_msgs) StdoutLine: {'line': b'[ 22%] \x1b[32mBuilding CXX object CMakeFiles/mg400_msgs__rosidl_typesupport_cpp.dir/rosidl_typesupport_cpp/mg400_msgs/srv/do__type_support.cpp.o\x1b[0m\n'}
[10.720571] (mg400_msgs) StdoutLine: {'line': b'[ 22%] \x1b[32mBuilding CXX object CMakeFiles/mg400_msgs__rosidl_typesupport_cpp.dir/rosidl_typesupport_cpp/mg400_msgs/srv/disable_robot__type_support.cpp.o\x1b[0m\n'}
[10.732681] (mg400_msgs) StdoutLine: {'line': b'[ 23%] \x1b[32mBuilding CXX object CMakeFiles/mg400_msgs__rosidl_typesupport_cpp.dir/rosidl_typesupport_cpp/mg400_msgs/srv/emergency_stop__type_support.cpp.o\x1b[0m\n'}
[10.739707] (-) TimerEvent: {}
[10.825019] (mg400_msgs) StdoutLine: {'line': b'[ 23%] \x1b[32mBuilding CXX object CMakeFiles/mg400_msgs__rosidl_typesupport_cpp.dir/rosidl_typesupport_cpp/mg400_msgs/srv/enable_robot__type_support.cpp.o\x1b[0m\n'}
[10.839812] (-) TimerEvent: {}
[10.860935] (mg400_msgs) StdoutLine: {'line': b'[ 23%] \x1b[32mBuilding CXX object CMakeFiles/mg400_msgs__rosidl_typesupport_cpp.dir/rosidl_typesupport_cpp/mg400_msgs/srv/get_angle__type_support.cpp.o\x1b[0m\n'}
[10.941822] (-) TimerEvent: {}
[10.961716] (mg400_msgs) StdoutLine: {'line': b'[ 23%] \x1b[32mBuilding CXX object CMakeFiles/mg400_msgs__rosidl_typesupport_cpp.dir/rosidl_typesupport_cpp/mg400_msgs/srv/get_error_id__type_support.cpp.o\x1b[0m\n'}
[10.964571] (mg400_msgs) StdoutLine: {'line': b'[ 23%] \x1b[32mBuilding CXX object CMakeFiles/mg400_msgs__rosidl_typesupport_cpp.dir/rosidl_typesupport_cpp/mg400_msgs/srv/get_pose__type_support.cpp.o\x1b[0m\n'}
[10.977555] (mg400_msgs) StdoutLine: {'line': b'[ 24%] \x1b[32mBuilding CXX object CMakeFiles/mg400_msgs__rosidl_typesupport_cpp.dir/rosidl_typesupport_cpp/mg400_msgs/srv/inverse_solution__type_support.cpp.o\x1b[0m\n'}
[11.041930] (-) TimerEvent: {}
[11.070800] (mg400_msgs) StdoutLine: {'line': b'[ 24%] \x1b[32mBuilding CXX object CMakeFiles/mg400_msgs__rosidl_typesupport_cpp.dir/rosidl_typesupport_cpp/mg400_msgs/srv/joint_mov_j__type_support.cpp.o\x1b[0m\n'}
[11.118690] (mg400_msgs) StdoutLine: {'line': b'[ 24%] \x1b[32mBuilding CXX object CMakeFiles/mg400_msgs__rosidl_typesupport_cpp.dir/rosidl_typesupport_cpp/mg400_msgs/srv/move_jog__type_support.cpp.o\x1b[0m\n'}
[11.132772] (mg400_msgs) StdoutLine: {'line': b'[ 25%] \x1b[32mBuilding CXX object CMakeFiles/mg400_msgs__rosidl_typesupport_cpp.dir/rosidl_typesupport_cpp/mg400_msgs/srv/positive_solution__type_support.cpp.o\x1b[0m\n'}
[11.138724] (mg400_msgs) StdoutLine: {'line': b'[ 25%] \x1b[32mBuilding CXX object CMakeFiles/mg400_msgs__rosidl_typesupport_cpp.dir/rosidl_typesupport_cpp/mg400_msgs/srv/pay_load__type_support.cpp.o\x1b[0m\n'}
[11.142031] (-) TimerEvent: {}
[11.181615] (mg400_msgs) StdoutLine: {'line': b'[ 25%] \x1b[32mBuilding CXX object CMakeFiles/mg400_msgs__rosidl_typesupport_cpp.dir/rosidl_typesupport_cpp/mg400_msgs/srv/reset_robot__type_support.cpp.o\x1b[0m\n'}
[11.181914] (mg400_msgs) StdoutLine: {'line': b'[ 25%] \x1b[32mBuilding CXX object CMakeFiles/mg400_msgs__rosidl_typesupport_cpp.dir/rosidl_typesupport_cpp/mg400_msgs/srv/robot_mode__type_support.cpp.o\x1b[0m\n'}
[11.242146] (-) TimerEvent: {}
[11.344162] (-) TimerEvent: {}
[11.350356] (mg400_msgs) StdoutLine: {'line': b'[ 25%] \x1b[32mBuilding CXX object CMakeFiles/mg400_msgs__rosidl_typesupport_cpp.dir/rosidl_typesupport_cpp/mg400_msgs/srv/set_collision_level__type_support.cpp.o\x1b[0m\n'}
[11.357804] (mg400_msgs) StdoutLine: {'line': b'[ 26%] \x1b[32mBuilding CXX object CMakeFiles/mg400_msgs__rosidl_typesupport_cpp.dir/rosidl_typesupport_cpp/mg400_msgs/srv/speed_j__type_support.cpp.o\x1b[0m\n'}
[11.358059] (mg400_msgs) StdoutLine: {'line': b'[ 26%] \x1b[32mBuilding CXX object CMakeFiles/mg400_msgs__rosidl_typesupport_cpp.dir/rosidl_typesupport_cpp/mg400_msgs/srv/speed_factor__type_support.cpp.o\x1b[0m\n'}
[11.389305] (mg400_msgs) StdoutLine: {'line': b'[ 26%] \x1b[32mBuilding CXX object CMakeFiles/mg400_msgs__rosidl_typesupport_c.dir/rosidl_typesupport_c/mg400_msgs/msg/arch__type_support.cpp.o\x1b[0m\n'}
[11.419199] (mg400_msgs) StdoutLine: {'line': b'[ 26%] \x1b[32mBuilding CXX object CMakeFiles/mg400_msgs__rosidl_typesupport_c.dir/rosidl_typesupport_c/mg400_msgs/msg/collision_level__type_support.cpp.o\x1b[0m\n'}
[11.444279] (-) TimerEvent: {}
[11.460106] (mg400_msgs) StdoutLine: {'line': b'[ 26%] \x1b[32mBuilding CXX object CMakeFiles/mg400_msgs__rosidl_typesupport_c.dir/rosidl_typesupport_c/mg400_msgs/msg/command__type_support.cpp.o\x1b[0m\n'}
[11.466281] (mg400_msgs) StdoutLine: {'line': b'[ 26%] \x1b[32mBuilding CXX object CMakeFiles/mg400_msgs__rosidl_typesupport_c.dir/rosidl_typesupport_c/mg400_msgs/msg/di_index__type_support.cpp.o\x1b[0m\n'}
[11.501698] (mg400_msgs) StdoutLine: {'line': b'[ 26%] \x1b[32mBuilding CXX object CMakeFiles/mg400_msgs__rosidl_typesupport_cpp.dir/rosidl_typesupport_cpp/mg400_msgs/srv/speed_l__type_support.cpp.o\x1b[0m\n'}
[11.523775] (mg400_msgs) StdoutLine: {'line': b'[ 26%] \x1b[32mBuilding CXX object CMakeFiles/mg400_msgs__rosidl_typesupport_cpp.dir/rosidl_typesupport_cpp/mg400_msgs/srv/tool__type_support.cpp.o\x1b[0m\n'}
[11.540854] (mg400_msgs) StdoutLine: {'line': b'[ 27%] \x1b[32mBuilding CXX object CMakeFiles/mg400_msgs__rosidl_typesupport_cpp.dir/rosidl_typesupport_cpp/mg400_msgs/srv/tool_do_execute__type_support.cpp.o\x1b[0m\n'}
[11.544382] (-) TimerEvent: {}
[11.554697] (mg400_msgs) StdoutLine: {'line': b'[ 27%] \x1b[32mBuilding CXX object CMakeFiles/mg400_msgs__rosidl_typesupport_cpp.dir/rosidl_typesupport_cpp/mg400_msgs/srv/user__type_support.cpp.o\x1b[0m\n'}
[11.564000] (mg400_msgs) StdoutLine: {'line': b'[ 27%] \x1b[32mBuilding CXX object CMakeFiles/mg400_msgs__rosidl_typesupport_cpp.dir/rosidl_typesupport_cpp/mg400_msgs/srv/tool_di__type_support.cpp.o\x1b[0m\n'}
[11.564257] (mg400_msgs) StdoutLine: {'line': b'[ 28%] \x1b[32mBuilding CXX object CMakeFiles/mg400_msgs__rosidl_typesupport_c.dir/rosidl_typesupport_c/mg400_msgs/msg/do_index__type_support.cpp.o\x1b[0m\n'}
[11.627955] (mg400_msgs) StdoutLine: {'line': b'[ 28%] \x1b[32mBuilding CXX object CMakeFiles/mg400_msgs__rosidl_typesupport_cpp.dir/rosidl_typesupport_cpp/mg400_msgs/action/command_queue__type_support.cpp.o\x1b[0m\n'}
[11.632007] (mg400_msgs) StdoutLine: {'line': b'[ 28%] \x1b[32mBuilding CXX object CMakeFiles/mg400_msgs__rosidl_typesupport_c.dir/rosidl_typesupport_c/mg400_msgs/msg/do_status__type_support.cpp.o\x1b[0m\n'}
[11.644498] (-) TimerEvent: {}
[11.647111] (mg400_msgs) StdoutLine: {'line': b'[ 28%] \x1b[32mBuilding CXX object CMakeFiles/mg400_msgs__rosidl_typesupport_cpp.dir/rosidl_typesupport_cpp/mg400_msgs/action/joint_mov_j__type_support.cpp.o\x1b[0m\n'}
[11.652399] (mg400_msgs) StdoutLine: {'line': b'[ 28%] \x1b[32mBuilding CXX object CMakeFiles/mg400_msgs__rosidl_typesupport_c.dir/rosidl_typesupport_c/mg400_msgs/msg/distance_mode__type_support.cpp.o\x1b[0m\n'}
[11.708863] (mg400_msgs) StdoutLine: {'line': b'[ 28%] \x1b[32mBuilding CXX object CMakeFiles/mg400_msgs__rosidl_typesupport_c.dir/rosidl_typesupport_c/mg400_msgs/msg/error_id__type_support.cpp.o\x1b[0m\n'}
[11.713782] (mg400_msgs) StdoutLine: {'line': b'[ 28%] \x1b[32mBuilding CXX object CMakeFiles/mg400_msgs__rosidl_typesupport_c.dir/rosidl_typesupport_c/mg400_msgs/msg/id_array__type_support.cpp.o\x1b[0m\n'}
[11.744712] (-) TimerEvent: {}
[11.757699] (mg400_msgs) StdoutLine: {'line': b'[ 29%] \x1b[32mBuilding CXX object CMakeFiles/mg400_msgs__rosidl_typesupport_c.dir/rosidl_typesupport_c/mg400_msgs/msg/joint_mov_j__type_support.cpp.o\x1b[0m\n'}
[11.762777] (mg400_msgs) StdoutLine: {'line': b'[ 29%] \x1b[32mBuilding CXX object CMakeFiles/mg400_msgs__rosidl_typesupport_cpp.dir/rosidl_typesupport_cpp/mg400_msgs/action/mov_j__type_support.cpp.o\x1b[0m\n'}
[11.787141] (mg400_msgs) StdoutLine: {'line': b'[ 29%] \x1b[32mBuilding CXX object CMakeFiles/mg400_msgs__rosidl_typesupport_c.dir/rosidl_typesupport_c/mg400_msgs/msg/mov_jio__type_support.cpp.o\x1b[0m\n'}
[11.798188] (mg400_msgs) StdoutLine: {'line': b'[ 29%] \x1b[32mBuilding CXX object CMakeFiles/mg400_msgs__rosidl_typesupport_c.dir/rosidl_typesupport_c/mg400_msgs/msg/mov_j__type_support.cpp.o\x1b[0m\n'}
[11.802084] (mg400_msgs) StdoutLine: {'line': b'[ 29%] \x1b[32mBuilding CXX object CMakeFiles/mg400_msgs__rosidl_typesupport_c.dir/rosidl_typesupport_c/mg400_msgs/msg/mov_l__type_support.cpp.o\x1b[0m\n'}
[11.844817] (-) TimerEvent: {}
[11.862722] (mg400_msgs) StdoutLine: {'line': b'[ 30%] \x1b[32mBuilding CXX object CMakeFiles/mg400_msgs__rosidl_typesupport_cpp.dir/rosidl_typesupport_cpp/mg400_msgs/action/mov_jio__type_support.cpp.o\x1b[0m\n'}
[11.868982] (mg400_msgs) StdoutLine: {'line': b'[ 30%] \x1b[32mBuilding CXX object CMakeFiles/mg400_msgs__rosidl_typesupport_cpp.dir/rosidl_typesupport_cpp/mg400_msgs/action/mov_l__type_support.cpp.o\x1b[0m\n'}
[11.888756] (mg400_msgs) StdoutLine: {'line': b'[ 30%] \x1b[32mBuilding CXX object CMakeFiles/mg400_msgs__rosidl_typesupport_cpp.dir/rosidl_typesupport_cpp/mg400_msgs/action/mov_lio__type_support.cpp.o\x1b[0m\n'}
[11.903431] (mg400_msgs) StdoutLine: {'line': b'[ 31%] \x1b[32mBuilding CXX object CMakeFiles/mg400_msgs__rosidl_typesupport_c.dir/rosidl_typesupport_c/mg400_msgs/msg/mov_lio__type_support.cpp.o\x1b[0m\n'}
[11.944924] (-) TimerEvent: {}
[11.961673] (mg400_msgs) StdoutLine: {'line': b'[ 31%] \x1b[32mBuilding CXX object CMakeFiles/mg400_msgs__rosidl_typesupport_c.dir/rosidl_typesupport_c/mg400_msgs/msg/move_jog__type_support.cpp.o\x1b[0m\n'}
[11.974690] (mg400_msgs) StdoutLine: {'line': b'[ 31%] \x1b[32mBuilding CXX object CMakeFiles/mg400_msgs__rosidl_typesupport_c.dir/rosidl_typesupport_c/mg400_msgs/msg/robot_mode__type_support.cpp.o\x1b[0m\n'}
[11.988780] (mg400_msgs) StdoutLine: {'line': b'[ 31%] \x1b[32mBuilding CXX object CMakeFiles/mg400_msgs__rosidl_typesupport_c.dir/rosidl_typesupport_c/mg400_msgs/msg/tool__type_support.cpp.o\x1b[0m\n'}
[11.994710] (mg400_msgs) StdoutLine: {'line': b'[ 31%] \x1b[32mBuilding CXX object CMakeFiles/mg400_msgs__rosidl_typesupport_c.dir/rosidl_typesupport_c/mg400_msgs/msg/tool_di_index__type_support.cpp.o\x1b[0m\n'}
[11.999161] (mg400_msgs) StdoutLine: {'line': b'[ 31%] \x1b[32mBuilding CXX object CMakeFiles/mg400_msgs__rosidl_typesupport_c.dir/rosidl_typesupport_c/mg400_msgs/msg/user__type_support.cpp.o\x1b[0m\n'}
[12.000436] (mg400_msgs) StdoutLine: {'line': b'[ 32%] \x1b[32mBuilding CXX object CMakeFiles/mg400_msgs__rosidl_typesupport_c.dir/rosidl_typesupport_c/mg400_msgs/msg/tool_do_index__type_support.cpp.o\x1b[0m\n'}
[12.045037] (-) TimerEvent: {}
[12.049728] (mg400_msgs) StdoutLine: {'line': b'[ 32%] \x1b[32mBuilding CXX object CMakeFiles/mg400_msgs__rosidl_typesupport_c.dir/rosidl_typesupport_c/mg400_msgs/srv/acc_j__type_support.cpp.o\x1b[0m\n'}
[12.056179] (mg400_msgs) StdoutLine: {'line': b'[ 32%] \x1b[32mBuilding CXX object CMakeFiles/mg400_msgs__rosidl_typesupport_c.dir/rosidl_typesupport_c/mg400_msgs/srv/acc_l__type_support.cpp.o\x1b[0m\n'}
[12.061177] (mg400_msgs) StdoutLine: {'line': b'[ 32%] \x1b[32mBuilding CXX object CMakeFiles/mg400_msgs__rosidl_typesupport_c.dir/rosidl_typesupport_c/mg400_msgs/srv/di__type_support.cpp.o\x1b[0m\n'}
[12.064772] (mg400_msgs) StdoutLine: {'line': b'[ 32%] \x1b[32mBuilding CXX object CMakeFiles/mg400_msgs__rosidl_typesupport_c.dir/rosidl_typesupport_c/mg400_msgs/srv/clear_error__type_support.cpp.o\x1b[0m\n'}
[12.067539] (mg400_msgs) StdoutLine: {'line': b'[ 32%] \x1b[32mBuilding CXX object CMakeFiles/mg400_msgs__rosidl_typesupport_c.dir/rosidl_typesupport_c/mg400_msgs/srv/cp__type_support.cpp.o\x1b[0m\n'}
[12.073965] (mg400_msgs) StdoutLine: {'line': b'[ 33%] \x1b[32mBuilding CXX object CMakeFiles/mg400_msgs__rosidl_typesupport_c.dir/rosidl_typesupport_c/mg400_msgs/srv/arch__type_support.cpp.o\x1b[0m\n'}
[12.127416] (mg400_msgs) StdoutLine: {'line': b'[ 33%] \x1b[32mBuilding CXX object CMakeFiles/mg400_msgs__rosidl_typesupport_c.dir/rosidl_typesupport_c/mg400_msgs/srv/do__type_support.cpp.o\x1b[0m\n'}
[12.145170] (-) TimerEvent: {}
[12.148263] (mg400_msgs) StdoutLine: {'line': b'[ 34%] \x1b[32mBuilding CXX object CMakeFiles/mg400_msgs__rosidl_typesupport_c.dir/rosidl_typesupport_c/mg400_msgs/srv/disable_robot__type_support.cpp.o\x1b[0m\n'}
[12.161123] (mg400_msgs) StdoutLine: {'line': b'[ 34%] \x1b[32mBuilding CXX object CMakeFiles/mg400_msgs__rosidl_typesupport_c.dir/rosidl_typesupport_c/mg400_msgs/srv/emergency_stop__type_support.cpp.o\x1b[0m\n'}
[12.171688] (mg400_msgs) StdoutLine: {'line': b'[ 34%] \x1b[32mBuilding CXX object CMakeFiles/mg400_msgs__rosidl_typesupport_c.dir/rosidl_typesupport_c/mg400_msgs/srv/enable_robot__type_support.cpp.o\x1b[0m\n'}
[12.171951] (mg400_msgs) StdoutLine: {'line': b'[ 34%] \x1b[32mBuilding CXX object CMakeFiles/mg400_msgs__rosidl_typesupport_c.dir/rosidl_typesupport_c/mg400_msgs/srv/get_angle__type_support.cpp.o\x1b[0m\n'}
[12.184609] (mg400_msgs) StdoutLine: {'line': b'[ 35%] \x1b[32mBuilding CXX object CMakeFiles/mg400_msgs__rosidl_typesupport_c.dir/rosidl_typesupport_c/mg400_msgs/srv/get_error_id__type_support.cpp.o\x1b[0m\n'}
[12.223811] (mg400_msgs) StdoutLine: {'line': b'[ 35%] \x1b[32mBuilding CXX object CMakeFiles/mg400_msgs__rosidl_typesupport_c.dir/rosidl_typesupport_c/mg400_msgs/srv/get_pose__type_support.cpp.o\x1b[0m\n'}
[12.245288] (-) TimerEvent: {}
[12.266453] (mg400_msgs) StdoutLine: {'line': b'[ 35%] \x1b[32mBuilding CXX object CMakeFiles/mg400_msgs__rosidl_typesupport_c.dir/rosidl_typesupport_c/mg400_msgs/srv/inverse_solution__type_support.cpp.o\x1b[0m\n'}
[12.274777] (mg400_msgs) StdoutLine: {'line': b'[ 35%] \x1b[32mBuilding CXX object CMakeFiles/mg400_msgs__rosidl_typesupport_c.dir/rosidl_typesupport_c/mg400_msgs/srv/move_jog__type_support.cpp.o\x1b[0m\n'}
[12.278717] (mg400_msgs) StdoutLine: {'line': b'[ 36%] \x1b[32mBuilding CXX object CMakeFiles/mg400_msgs__rosidl_typesupport_c.dir/rosidl_typesupport_c/mg400_msgs/srv/pay_load__type_support.cpp.o\x1b[0m\n'}
[12.280337] (mg400_msgs) StdoutLine: {'line': b'[ 36%] \x1b[32mBuilding CXX object CMakeFiles/mg400_msgs__rosidl_typesupport_c.dir/rosidl_typesupport_c/mg400_msgs/srv/joint_mov_j__type_support.cpp.o\x1b[0m\n'}
[12.327190] (mg400_msgs) StdoutLine: {'line': b'[ 36%] \x1b[32mBuilding CXX object CMakeFiles/mg400_msgs__rosidl_typesupport_c.dir/rosidl_typesupport_c/mg400_msgs/srv/positive_solution__type_support.cpp.o\x1b[0m\n'}
[12.335060] (mg400_msgs) StdoutLine: {'line': b'[ 36%] \x1b[32mBuilding CXX object CMakeFiles/mg400_msgs__rosidl_typesupport_c.dir/rosidl_typesupport_c/mg400_msgs/srv/reset_robot__type_support.cpp.o\x1b[0m\n'}
[12.345700] (-) TimerEvent: {}
[12.352693] (mg400_msgs) StdoutLine: {'line': b'[ 36%] \x1b[32mBuilding CXX object CMakeFiles/mg400_msgs__rosidl_typesupport_c.dir/rosidl_typesupport_c/mg400_msgs/srv/robot_mode__type_support.cpp.o\x1b[0m\n'}
[12.360477] (mg400_msgs) StdoutLine: {'line': b'[ 37%] \x1b[32mBuilding CXX object CMakeFiles/mg400_msgs__rosidl_typesupport_c.dir/rosidl_typesupport_c/mg400_msgs/srv/speed_factor__type_support.cpp.o\x1b[0m\n'}
[12.361921] (mg400_msgs) StdoutLine: {'line': b'[ 37%] \x1b[32mBuilding CXX object CMakeFiles/mg400_msgs__rosidl_typesupport_c.dir/rosidl_typesupport_c/mg400_msgs/srv/set_collision_level__type_support.cpp.o\x1b[0m\n'}
[12.386508] (mg400_msgs) StdoutLine: {'line': b'[ 37%] \x1b[32mBuilding CXX object CMakeFiles/mg400_msgs__rosidl_typesupport_c.dir/rosidl_typesupport_c/mg400_msgs/srv/speed_j__type_support.cpp.o\x1b[0m\n'}
[12.397706] (mg400_msgs) StdoutLine: {'line': b'[ 37%] \x1b[32mBuilding CXX object CMakeFiles/mg400_msgs__rosidl_typesupport_c.dir/rosidl_typesupport_c/mg400_msgs/srv/speed_l__type_support.cpp.o\x1b[0m\n'}
[12.400897] (mg400_msgs) StdoutLine: {'line': b'[ 37%] \x1b[32mBuilding CXX object CMakeFiles/mg400_msgs__rosidl_typesupport_c.dir/rosidl_typesupport_c/mg400_msgs/srv/tool__type_support.cpp.o\x1b[0m\n'}
[12.423728] (mg400_msgs) StdoutLine: {'line': b'[ 38%] \x1b[32mBuilding CXX object CMakeFiles/mg400_msgs__rosidl_typesupport_c.dir/rosidl_typesupport_c/mg400_msgs/srv/tool_di__type_support.cpp.o\x1b[0m\n'}
[12.437744] (mg400_msgs) StdoutLine: {'line': b'[ 38%] \x1b[32mBuilding CXX object CMakeFiles/mg400_msgs__rosidl_typesupport_c.dir/rosidl_typesupport_c/mg400_msgs/srv/tool_do_execute__type_support.cpp.o\x1b[0m\n'}
[12.442798] (mg400_msgs) StdoutLine: {'line': b'[ 38%] \x1b[32mBuilding CXX object CMakeFiles/mg400_msgs__rosidl_typesupport_c.dir/rosidl_typesupport_c/mg400_msgs/srv/user__type_support.cpp.o\x1b[0m\n'}
[12.448447] (-) TimerEvent: {}
[12.459236] (mg400_msgs) StdoutLine: {'line': b'[ 38%] \x1b[32mBuilding CXX object CMakeFiles/mg400_msgs__rosidl_typesupport_c.dir/rosidl_typesupport_c/mg400_msgs/action/command_queue__type_support.cpp.o\x1b[0m\n'}
[12.459585] (mg400_msgs) StdoutLine: {'line': b'[ 38%] \x1b[32mBuilding CXX object CMakeFiles/mg400_msgs__rosidl_typesupport_c.dir/rosidl_typesupport_c/mg400_msgs/action/joint_mov_j__type_support.cpp.o\x1b[0m\n'}
[12.478721] (mg400_msgs) StdoutLine: {'line': b'[ 39%] \x1b[32mBuilding CXX object CMakeFiles/mg400_msgs__rosidl_typesupport_c.dir/rosidl_typesupport_c/mg400_msgs/action/mov_j__type_support.cpp.o\x1b[0m\n'}
[12.505706] (mg400_msgs) StdoutLine: {'line': b'[ 39%] \x1b[32mBuilding CXX object CMakeFiles/mg400_msgs__rosidl_typesupport_c.dir/rosidl_typesupport_c/mg400_msgs/action/mov_jio__type_support.cpp.o\x1b[0m\n'}
[12.519484] (mg400_msgs) StdoutLine: {'line': b'[ 39%] \x1b[32mBuilding CXX object CMakeFiles/mg400_msgs__rosidl_typesupport_c.dir/rosidl_typesupport_c/mg400_msgs/action/mov_l__type_support.cpp.o\x1b[0m\n'}
[12.522939] (mg400_msgs) StdoutLine: {'line': b'[ 39%] \x1b[32mBuilding CXX object CMakeFiles/mg400_msgs__rosidl_typesupport_c.dir/rosidl_typesupport_c/mg400_msgs/action/mov_lio__type_support.cpp.o\x1b[0m\n'}
[12.548575] (-) TimerEvent: {}
[12.557243] (mg400_msgs) StdoutLine: {'line': b'[ 39%] \x1b[32mBuilding C object CMakeFiles/mg400_msgs__rosidl_typesupport_introspection_c.dir/rosidl_typesupport_introspection_c/mg400_msgs/msg/detail/arch__type_support.c.o\x1b[0m\n'}
[12.572208] (mg400_msgs) StdoutLine: {'line': b'[ 39%] \x1b[32m\x1b[1mLinking CXX shared library libmg400_msgs__rosidl_typesupport_cpp.so\x1b[0m\n'}
[12.574511] (mg400_msgs) StdoutLine: {'line': b'[ 39%] \x1b[32mBuilding C object CMakeFiles/mg400_msgs__rosidl_typesupport_introspection_c.dir/rosidl_typesupport_introspection_c/mg400_msgs/msg/detail/collision_level__type_support.c.o\x1b[0m\n'}
[12.584483] (mg400_msgs) StdoutLine: {'line': b'[ 39%] \x1b[32mBuilding C object CMakeFiles/mg400_msgs__rosidl_typesupport_introspection_c.dir/rosidl_typesupport_introspection_c/mg400_msgs/msg/detail/command__type_support.c.o\x1b[0m\n'}
[12.589828] (mg400_msgs) StdoutLine: {'line': b'[ 39%] \x1b[32mBuilding C object CMakeFiles/mg400_msgs__rosidl_typesupport_introspection_c.dir/rosidl_typesupport_introspection_c/mg400_msgs/msg/detail/di_index__type_support.c.o\x1b[0m\n'}
[12.590749] (mg400_msgs) StdoutLine: {'line': b'[ 40%] \x1b[32mBuilding C object CMakeFiles/mg400_msgs__rosidl_typesupport_introspection_c.dir/rosidl_typesupport_introspection_c/mg400_msgs/msg/detail/do_index__type_support.c.o\x1b[0m\n'}
[12.599808] (mg400_msgs) StdoutLine: {'line': b'[ 41%] \x1b[32m\x1b[1mLinking CXX shared library libmg400_msgs__rosidl_typesupport_c.so\x1b[0m\n'}
[12.608705] (mg400_msgs) StdoutLine: {'line': b'[ 41%] \x1b[32mBuilding C object CMakeFiles/mg400_msgs__rosidl_typesupport_introspection_c.dir/rosidl_typesupport_introspection_c/mg400_msgs/msg/detail/do_status__type_support.c.o\x1b[0m\n'}
[12.619460] (mg400_msgs) StdoutLine: {'line': b'[ 41%] \x1b[32mBuilding C object CMakeFiles/mg400_msgs__rosidl_typesupport_introspection_c.dir/rosidl_typesupport_introspection_c/mg400_msgs/msg/detail/distance_mode__type_support.c.o\x1b[0m\n'}
[12.622005] (mg400_msgs) StdoutLine: {'line': b'[ 41%] \x1b[32mBuilding C object CMakeFiles/mg400_msgs__rosidl_typesupport_introspection_c.dir/rosidl_typesupport_introspection_c/mg400_msgs/msg/detail/error_id__type_support.c.o\x1b[0m\n'}
[12.630317] (mg400_msgs) StdoutLine: {'line': b'[ 41%] \x1b[32mBuilding C object CMakeFiles/mg400_msgs__rosidl_typesupport_introspection_c.dir/rosidl_typesupport_introspection_c/mg400_msgs/msg/detail/id_array__type_support.c.o\x1b[0m\n'}
[12.639541] (mg400_msgs) StdoutLine: {'line': b'[ 42%] \x1b[32mBuilding C object CMakeFiles/mg400_msgs__rosidl_typesupport_introspection_c.dir/rosidl_typesupport_introspection_c/mg400_msgs/msg/detail/joint_mov_j__type_support.c.o\x1b[0m\n'}
[12.642604] (mg400_msgs) StdoutLine: {'line': b'[ 42%] \x1b[32mBuilding C object CMakeFiles/mg400_msgs__rosidl_typesupport_introspection_c.dir/rosidl_typesupport_introspection_c/mg400_msgs/msg/detail/mov_j__type_support.c.o\x1b[0m\n'}
[12.648710] (-) TimerEvent: {}
[12.650719] (mg400_msgs) StdoutLine: {'line': b'[ 42%] \x1b[32mBuilding C object CMakeFiles/mg400_msgs__rosidl_typesupport_introspection_c.dir/rosidl_typesupport_introspection_c/mg400_msgs/msg/detail/mov_jio__type_support.c.o\x1b[0m\n'}
[12.655738] (mg400_msgs) StdoutLine: {'line': b'[ 42%] Built target mg400_msgs__rosidl_typesupport_cpp\n'}
[12.660786] (mg400_msgs) StdoutLine: {'line': b'[ 42%] \x1b[32mBuilding C object CMakeFiles/mg400_msgs__rosidl_typesupport_introspection_c.dir/rosidl_typesupport_introspection_c/mg400_msgs/msg/detail/mov_l__type_support.c.o\x1b[0m\n'}
[12.666123] (mg400_msgs) StdoutLine: {'line': b'[ 42%] \x1b[32mBuilding C object CMakeFiles/mg400_msgs__rosidl_typesupport_introspection_c.dir/rosidl_typesupport_introspection_c/mg400_msgs/msg/detail/move_jog__type_support.c.o\x1b[0m\n'}
[12.670793] (mg400_msgs) StdoutLine: {'line': b'[ 43%] \x1b[32mBuilding C object CMakeFiles/mg400_msgs__rosidl_typesupport_introspection_c.dir/rosidl_typesupport_introspection_c/mg400_msgs/msg/detail/mov_lio__type_support.c.o\x1b[0m\n'}
[12.679369] (mg400_msgs) StdoutLine: {'line': b'[ 43%] \x1b[32mBuilding C object CMakeFiles/mg400_msgs__rosidl_typesupport_introspection_c.dir/rosidl_typesupport_introspection_c/mg400_msgs/msg/detail/robot_mode__type_support.c.o\x1b[0m\n'}
[12.680377] (mg400_msgs) StdoutLine: {'line': b'[ 43%] Built target mg400_msgs__rosidl_typesupport_c\n'}
[12.684768] (mg400_msgs) StdoutLine: {'line': b'[ 43%] \x1b[32mBuilding C object CMakeFiles/mg400_msgs__rosidl_typesupport_introspection_c.dir/rosidl_typesupport_introspection_c/mg400_msgs/msg/detail/tool_di_index__type_support.c.o\x1b[0m\n'}
[12.690019] (mg400_msgs) StdoutLine: {'line': b'[ 43%] \x1b[32mBuilding C object CMakeFiles/mg400_msgs__rosidl_typesupport_introspection_c.dir/rosidl_typesupport_introspection_c/mg400_msgs/msg/detail/tool__type_support.c.o\x1b[0m\n'}
[12.695955] (mg400_msgs) StdoutLine: {'line': b'[ 44%] \x1b[32mBuilding C object CMakeFiles/mg400_msgs__rosidl_typesupport_introspection_c.dir/rosidl_typesupport_introspection_c/mg400_msgs/msg/detail/tool_do_index__type_support.c.o\x1b[0m\n'}
[12.701802] (mg400_msgs) StdoutLine: {'line': b'[ 44%] \x1b[32mBuilding C object CMakeFiles/mg400_msgs__rosidl_typesupport_introspection_c.dir/rosidl_typesupport_introspection_c/mg400_msgs/msg/detail/user__type_support.c.o\x1b[0m\n'}
[12.735213] (mg400_msgs) StdoutLine: {'line': b'[ 44%] \x1b[32mBuilding C object CMakeFiles/mg400_msgs__rosidl_typesupport_introspection_c.dir/rosidl_typesupport_introspection_c/mg400_msgs/srv/detail/acc_j__type_support.c.o\x1b[0m\n'}
[12.738774] (mg400_msgs) StdoutLine: {'line': b'[ 44%] \x1b[32mBuilding C object CMakeFiles/mg400_msgs__rosidl_typesupport_introspection_c.dir/rosidl_typesupport_introspection_c/mg400_msgs/srv/detail/acc_l__type_support.c.o\x1b[0m\n'}
[12.744253] (mg400_msgs) StdoutLine: {'line': b'[ 45%] \x1b[32mBuilding C object CMakeFiles/mg400_msgs__rosidl_typesupport_introspection_c.dir/rosidl_typesupport_introspection_c/mg400_msgs/srv/detail/arch__type_support.c.o\x1b[0m\n'}
[12.745375] (mg400_msgs) StdoutLine: {'line': b'[ 45%] \x1b[32mBuilding C object CMakeFiles/mg400_msgs__rosidl_typesupport_introspection_c.dir/rosidl_typesupport_introspection_c/mg400_msgs/srv/detail/cp__type_support.c.o\x1b[0m\n'}
[12.748823] (-) TimerEvent: {}
[12.754012] (mg400_msgs) StdoutLine: {'line': b'[ 45%] \x1b[32mBuilding C object CMakeFiles/mg400_msgs__rosidl_typesupport_introspection_c.dir/rosidl_typesupport_introspection_c/mg400_msgs/srv/detail/di__type_support.c.o\x1b[0m\n'}
[12.754257] (mg400_msgs) StdoutLine: {'line': b'[ 45%] \x1b[32mBuilding C object CMakeFiles/mg400_msgs__rosidl_typesupport_introspection_c.dir/rosidl_typesupport_introspection_c/mg400_msgs/srv/detail/clear_error__type_support.c.o\x1b[0m\n'}
[12.757128] (mg400_msgs) StdoutLine: {'line': b'[ 45%] \x1b[32mBuilding C object CMakeFiles/mg400_msgs__rosidl_typesupport_introspection_c.dir/rosidl_typesupport_introspection_c/mg400_msgs/srv/detail/do__type_support.c.o\x1b[0m\n'}
[12.762276] (mg400_msgs) StdoutLine: {'line': b'[ 46%] \x1b[32mBuilding C object CMakeFiles/mg400_msgs__rosidl_typesupport_introspection_c.dir/rosidl_typesupport_introspection_c/mg400_msgs/srv/detail/disable_robot__type_support.c.o\x1b[0m\n'}
[12.767713] (mg400_msgs) StdoutLine: {'line': b'[ 46%] \x1b[32mBuilding C object CMakeFiles/mg400_msgs__rosidl_typesupport_introspection_c.dir/rosidl_typesupport_introspection_c/mg400_msgs/srv/detail/emergency_stop__type_support.c.o\x1b[0m\n'}
[12.774780] (mg400_msgs) StdoutLine: {'line': b'[ 46%] \x1b[32mBuilding C object CMakeFiles/mg400_msgs__rosidl_typesupport_introspection_c.dir/rosidl_typesupport_introspection_c/mg400_msgs/srv/detail/enable_robot__type_support.c.o\x1b[0m\n'}
[12.802183] (mg400_msgs) StdoutLine: {'line': b'[ 46%] \x1b[32mBuilding C object CMakeFiles/mg400_msgs__rosidl_typesupport_introspection_c.dir/rosidl_typesupport_introspection_c/mg400_msgs/srv/detail/get_angle__type_support.c.o\x1b[0m\n'}
[12.810853] (mg400_msgs) StdoutLine: {'line': b'[ 47%] \x1b[32mBuilding C object CMakeFiles/mg400_msgs__rosidl_typesupport_introspection_c.dir/rosidl_typesupport_introspection_c/mg400_msgs/srv/detail/get_error_id__type_support.c.o\x1b[0m\n'}
[12.820470] (mg400_msgs) StdoutLine: {'line': b'[ 47%] \x1b[32mBuilding C object CMakeFiles/mg400_msgs__rosidl_typesupport_introspection_c.dir/rosidl_typesupport_introspection_c/mg400_msgs/srv/detail/joint_mov_j__type_support.c.o\x1b[0m\n'}
[12.822480] (mg400_msgs) StdoutLine: {'line': b'[ 48%] \x1b[32mBuilding C object CMakeFiles/mg400_msgs__rosidl_typesupport_introspection_c.dir/rosidl_typesupport_introspection_c/mg400_msgs/srv/detail/move_jog__type_support.c.o\x1b[0m\n'}
[12.822725] (mg400_msgs) StdoutLine: {'line': b'[ 48%] \x1b[32mBuilding C object CMakeFiles/mg400_msgs__rosidl_typesupport_introspection_c.dir/rosidl_typesupport_introspection_c/mg400_msgs/srv/detail/pay_load__type_support.c.o\x1b[0m\n'}
[12.824358] (mg400_msgs) StdoutLine: {'line': b'[ 48%] \x1b[32mBuilding C object CMakeFiles/mg400_msgs__rosidl_typesupport_introspection_c.dir/rosidl_typesupport_introspection_c/mg400_msgs/srv/detail/inverse_solution__type_support.c.o\x1b[0m\n'}
[12.824731] (mg400_msgs) StdoutLine: {'line': b'[ 47%] \x1b[32mBuilding C object CMakeFiles/mg400_msgs__rosidl_typesupport_introspection_c.dir/rosidl_typesupport_introspection_c/mg400_msgs/srv/detail/get_pose__type_support.c.o\x1b[0m\n'}
[12.829087] (mg400_msgs) StdoutLine: {'line': b'[ 48%] \x1b[32mBuilding C object CMakeFiles/mg400_msgs__rosidl_typesupport_introspection_c.dir/rosidl_typesupport_introspection_c/mg400_msgs/srv/detail/positive_solution__type_support.c.o\x1b[0m\n'}
[12.837224] (mg400_msgs) StdoutLine: {'line': b'[ 48%] \x1b[32mBuilding C object CMakeFiles/mg400_msgs__rosidl_typesupport_introspection_c.dir/rosidl_typesupport_introspection_c/mg400_msgs/srv/detail/reset_robot__type_support.c.o\x1b[0m\n'}
[12.845191] (mg400_msgs) StdoutLine: {'line': b'[ 48%] \x1b[32mBuilding CXX object CMakeFiles/mg400_msgs__rosidl_typesupport_fastrtps_c.dir/rosidl_typesupport_fastrtps_c/mg400_msgs/msg/detail/arch__type_support_c.cpp.o\x1b[0m\n'}
[12.848934] (-) TimerEvent: {}
[12.850492] (mg400_msgs) StdoutLine: {'line': b'[ 48%] \x1b[32mBuilding C object CMakeFiles/mg400_msgs__rosidl_typesupport_introspection_c.dir/rosidl_typesupport_introspection_c/mg400_msgs/srv/detail/robot_mode__type_support.c.o\x1b[0m\n'}
[12.850779] (mg400_msgs) StdoutLine: {'line': b'[ 48%] \x1b[32mBuilding C object CMakeFiles/mg400_msgs__rosidl_typesupport_introspection_c.dir/rosidl_typesupport_introspection_c/mg400_msgs/srv/detail/set_collision_level__type_support.c.o\x1b[0m\n'}
[12.857081] (mg400_msgs) StdoutLine: {'line': b'[ 48%] \x1b[32mBuilding C object CMakeFiles/mg400_msgs__rosidl_typesupport_introspection_c.dir/rosidl_typesupport_introspection_c/mg400_msgs/srv/detail/speed_j__type_support.c.o\x1b[0m\n'}
[12.858739] (mg400_msgs) StdoutLine: {'line': b'[ 48%] \x1b[32mBuilding CXX object CMakeFiles/mg400_msgs__rosidl_typesupport_fastrtps_c.dir/rosidl_typesupport_fastrtps_c/mg400_msgs/msg/detail/collision_level__type_support_c.cpp.o\x1b[0m\n'}
[12.861094] (mg400_msgs) StdoutLine: {'line': b'[ 48%] \x1b[32mBuilding CXX object CMakeFiles/mg400_msgs__rosidl_typesupport_fastrtps_c.dir/rosidl_typesupport_fastrtps_c/mg400_msgs/msg/detail/command__type_support_c.cpp.o\x1b[0m\n'}
[12.861631] (mg400_msgs) StdoutLine: {'line': b'[ 49%] \x1b[32mBuilding C object CMakeFiles/mg400_msgs__rosidl_typesupport_introspection_c.dir/rosidl_typesupport_introspection_c/mg400_msgs/srv/detail/speed_factor__type_support.c.o\x1b[0m\n'}
[12.867218] (mg400_msgs) StdoutLine: {'line': b'[ 49%] \x1b[32mBuilding CXX object CMakeFiles/mg400_msgs__rosidl_typesupport_introspection_cpp.dir/rosidl_typesupport_introspection_cpp/mg400_msgs/msg/detail/arch__type_support.cpp.o\x1b[0m\n'}
[12.876395] (mg400_msgs) StdoutLine: {'line': b'[ 49%] \x1b[32mBuilding C object CMakeFiles/mg400_msgs__rosidl_typesupport_introspection_c.dir/rosidl_typesupport_introspection_c/mg400_msgs/srv/detail/speed_l__type_support.c.o\x1b[0m\n'}
[12.876725] (mg400_msgs) StdoutLine: {'line': b'[ 49%] \x1b[32mBuilding CXX object CMakeFiles/mg400_msgs__rosidl_typesupport_fastrtps_c.dir/rosidl_typesupport_fastrtps_c/mg400_msgs/msg/detail/di_index__type_support_c.cpp.o\x1b[0m\n'}
[12.889760] (mg400_msgs) StdoutLine: {'line': b'[ 50%] \x1b[32mBuilding C object CMakeFiles/mg400_msgs__rosidl_typesupport_introspection_c.dir/rosidl_typesupport_introspection_c/mg400_msgs/srv/detail/tool__type_support.c.o\x1b[0m\n'}
[12.890016] (mg400_msgs) StdoutLine: {'line': b'[ 50%] \x1b[32mBuilding CXX object CMakeFiles/mg400_msgs__rosidl_typesupport_introspection_cpp.dir/rosidl_typesupport_introspection_cpp/mg400_msgs/msg/detail/collision_level__type_support.cpp.o\x1b[0m\n'}
[12.902164] (mg400_msgs) StdoutLine: {'line': b'[ 50%] \x1b[32mBuilding CXX object CMakeFiles/mg400_msgs__rosidl_typesupport_introspection_cpp.dir/rosidl_typesupport_introspection_cpp/mg400_msgs/msg/detail/command__type_support.cpp.o\x1b[0m\n'}
[12.904729] (mg400_msgs) StdoutLine: {'line': b'[ 51%] \x1b[32mBuilding C object CMakeFiles/mg400_msgs__rosidl_typesupport_introspection_c.dir/rosidl_typesupport_introspection_c/mg400_msgs/srv/detail/tool_di__type_support.c.o\x1b[0m\n'}
[12.910072] (mg400_msgs) StdoutLine: {'line': b'[ 51%] \x1b[32mBuilding CXX object CMakeFiles/mg400_msgs__rosidl_typesupport_fastrtps_c.dir/rosidl_typesupport_fastrtps_c/mg400_msgs/msg/detail/do_status__type_support_c.cpp.o\x1b[0m\n'}
[12.914293] (mg400_msgs) StdoutLine: {'line': b'[ 51%] \x1b[32mBuilding CXX object CMakeFiles/mg400_msgs__rosidl_typesupport_introspection_cpp.dir/rosidl_typesupport_introspection_cpp/mg400_msgs/msg/detail/do_index__type_support.cpp.o\x1b[0m\n'}
[12.916612] (mg400_msgs) StdoutLine: {'line': b'[ 52%] \x1b[32mBuilding CXX object CMakeFiles/mg400_msgs__rosidl_typesupport_fastrtps_c.dir/rosidl_typesupport_fastrtps_c/mg400_msgs/msg/detail/do_index__type_support_c.cpp.o\x1b[0m\n'}
[12.916845] (mg400_msgs) StdoutLine: {'line': b'[ 52%] \x1b[32mBuilding C object CMakeFiles/mg400_msgs__rosidl_typesupport_introspection_c.dir/rosidl_typesupport_introspection_c/mg400_msgs/srv/detail/tool_do_execute__type_support.c.o\x1b[0m\n'}
[12.916975] (mg400_msgs) StdoutLine: {'line': b'[ 52%] \x1b[32mBuilding CXX object CMakeFiles/mg400_msgs__rosidl_typesupport_introspection_cpp.dir/rosidl_typesupport_introspection_cpp/mg400_msgs/msg/detail/di_index__type_support.cpp.o\x1b[0m\n'}
[12.935034] (mg400_msgs) StdoutLine: {'line': b'[ 52%] \x1b[32mBuilding CXX object CMakeFiles/mg400_msgs__rosidl_typesupport_fastrtps_c.dir/rosidl_typesupport_fastrtps_c/mg400_msgs/msg/detail/distance_mode__type_support_c.cpp.o\x1b[0m\n'}
[12.950708] (-) TimerEvent: {}
[12.959410] (mg400_msgs) StdoutLine: {'line': b'[ 53%] \x1b[32mBuilding CXX object CMakeFiles/mg400_msgs__rosidl_typesupport_introspection_cpp.dir/rosidl_typesupport_introspection_cpp/mg400_msgs/msg/detail/do_status__type_support.cpp.o\x1b[0m\n'}
[13.001921] (mg400_msgs) StdoutLine: {'line': b'[ 53%] \x1b[32mBuilding CXX object CMakeFiles/mg400_msgs__rosidl_typesupport_introspection_cpp.dir/rosidl_typesupport_introspection_cpp/mg400_msgs/msg/detail/distance_mode__type_support.cpp.o\x1b[0m\n'}
[13.014664] (mg400_msgs) StdoutLine: {'line': b'[ 53%] \x1b[32mBuilding C object CMakeFiles/mg400_msgs__rosidl_typesupport_introspection_c.dir/rosidl_typesupport_introspection_c/mg400_msgs/srv/detail/user__type_support.c.o\x1b[0m\n'}
[13.050841] (-) TimerEvent: {}
[13.111122] (mg400_msgs) StdoutLine: {'line': b'[ 53%] \x1b[32mBuilding CXX object CMakeFiles/mg400_msgs__rosidl_typesupport_fastrtps_cpp.dir/rosidl_typesupport_fastrtps_cpp/mg400_msgs/msg/detail/dds_fastrtps/arch__type_support.cpp.o\x1b[0m\n'}
[13.129825] (mg400_msgs) StdoutLine: {'line': b'[ 53%] \x1b[32mBuilding C object CMakeFiles/mg400_msgs__rosidl_typesupport_introspection_c.dir/rosidl_typesupport_introspection_c/mg400_msgs/action/detail/command_queue__type_support.c.o\x1b[0m\n'}
[13.150963] (-) TimerEvent: {}
[13.240083] (mg400_msgs) StdoutLine: {'line': b'[ 53%] \x1b[32mBuilding C object CMakeFiles/mg400_msgs__rosidl_typesupport_introspection_c.dir/rosidl_typesupport_introspection_c/mg400_msgs/action/detail/joint_mov_j__type_support.c.o\x1b[0m\n'}
[13.252549] (-) TimerEvent: {}
[13.305901] (mg400_msgs) StdoutLine: {'line': b'[ 54%] \x1b[32mBuilding C object CMakeFiles/mg400_msgs__rosidl_typesupport_introspection_c.dir/rosidl_typesupport_introspection_c/mg400_msgs/action/detail/mov_j__type_support.c.o\x1b[0m\n'}
[13.351570] (-) TimerEvent: {}
[13.358518] (mg400_msgs) StdoutLine: {'line': b'[ 54%] \x1b[32mBuilding C object CMakeFiles/mg400_msgs__rosidl_typesupport_introspection_c.dir/rosidl_typesupport_introspection_c/mg400_msgs/action/detail/mov_jio__type_support.c.o\x1b[0m\n'}
[13.408522] (mg400_msgs) StdoutLine: {'line': b'[ 55%] \x1b[32mBuilding CXX object CMakeFiles/mg400_msgs__rosidl_typesupport_fastrtps_cpp.dir/rosidl_typesupport_fastrtps_cpp/mg400_msgs/msg/detail/dds_fastrtps/collision_level__type_support.cpp.o\x1b[0m\n'}
[13.415693] (mg400_msgs) StdoutLine: {'line': b'[ 55%] \x1b[32mBuilding CXX object CMakeFiles/mg400_msgs__rosidl_typesupport_fastrtps_c.dir/rosidl_typesupport_fastrtps_c/mg400_msgs/msg/detail/error_id__type_support_c.cpp.o\x1b[0m\n'}
[13.429768] (mg400_msgs) StdoutLine: {'line': b'[ 55%] \x1b[32mBuilding CXX object CMakeFiles/mg400_msgs__rosidl_typesupport_fastrtps_cpp.dir/rosidl_typesupport_fastrtps_cpp/mg400_msgs/msg/detail/dds_fastrtps/command__type_support.cpp.o\x1b[0m\n'}
[13.450074] (mg400_msgs) StdoutLine: {'line': b'[ 55%] \x1b[32mBuilding C object CMakeFiles/mg400_msgs__rosidl_typesupport_introspection_c.dir/rosidl_typesupport_introspection_c/mg400_msgs/action/detail/mov_l__type_support.c.o\x1b[0m\n'}
[13.451028] (mg400_msgs) StdoutLine: {'line': b'[ 55%] \x1b[32mBuilding CXX object CMakeFiles/mg400_msgs__rosidl_typesupport_fastrtps_c.dir/rosidl_typesupport_fastrtps_c/mg400_msgs/msg/detail/id_array__type_support_c.cpp.o\x1b[0m\n'}
[13.451634] (-) TimerEvent: {}
[13.463289] (mg400_msgs) StdoutLine: {'line': b'[ 55%] \x1b[32mBuilding CXX object CMakeFiles/mg400_msgs__rosidl_typesupport_fastrtps_cpp.dir/rosidl_typesupport_fastrtps_cpp/mg400_msgs/msg/detail/dds_fastrtps/di_index__type_support.cpp.o\x1b[0m\n'}
[13.479341] (mg400_msgs) StdoutLine: {'line': b'[ 55%] \x1b[32mBuilding CXX object CMakeFiles/mg400_msgs__rosidl_typesupport_fastrtps_c.dir/rosidl_typesupport_fastrtps_c/mg400_msgs/msg/detail/mov_j__type_support_c.cpp.o\x1b[0m\n'}
[13.486267] (mg400_msgs) StdoutLine: {'line': b'[ 56%] \x1b[32mBuilding CXX object CMakeFiles/mg400_msgs__rosidl_typesupport_fastrtps_c.dir/rosidl_typesupport_fastrtps_c/mg400_msgs/msg/detail/joint_mov_j__type_support_c.cpp.o\x1b[0m\n'}
[13.505709] (mg400_msgs) StdoutLine: {'line': b'[ 56%] \x1b[32mBuilding CXX object CMakeFiles/mg400_msgs__rosidl_typesupport_fastrtps_cpp.dir/rosidl_typesupport_fastrtps_cpp/mg400_msgs/msg/detail/dds_fastrtps/do_index__type_support.cpp.o\x1b[0m\n'}
[13.512798] (mg400_msgs) StdoutLine: {'line': b'[ 56%] \x1b[32mBuilding CXX object CMakeFiles/mg400_msgs__rosidl_typesupport_introspection_cpp.dir/rosidl_typesupport_introspection_cpp/mg400_msgs/msg/detail/error_id__type_support.cpp.o\x1b[0m\n'}
[13.528711] (mg400_msgs) StdoutLine: {'line': b'[ 56%] \x1b[32mBuilding C object CMakeFiles/mg400_msgs__rosidl_typesupport_introspection_c.dir/rosidl_typesupport_introspection_c/mg400_msgs/action/detail/mov_lio__type_support.c.o\x1b[0m\n'}
[13.546575] (mg400_msgs) StdoutLine: {'line': b'[ 56%] \x1b[32mBuilding CXX object CMakeFiles/mg400_msgs__rosidl_typesupport_fastrtps_cpp.dir/rosidl_typesupport_fastrtps_cpp/mg400_msgs/msg/detail/dds_fastrtps/distance_mode__type_support.cpp.o\x1b[0m\n'}
[13.546892] (mg400_msgs) StdoutLine: {'line': b'[ 57%] \x1b[32mBuilding CXX object CMakeFiles/mg400_msgs__rosidl_typesupport_fastrtps_cpp.dir/rosidl_typesupport_fastrtps_cpp/mg400_msgs/msg/detail/dds_fastrtps/do_status__type_support.cpp.o\x1b[0m\n'}
[13.550044] (mg400_msgs) StdoutLine: {'line': b'[ 57%] \x1b[32mBuilding CXX object CMakeFiles/mg400_msgs__rosidl_typesupport_introspection_cpp.dir/rosidl_typesupport_introspection_cpp/mg400_msgs/msg/detail/id_array__type_support.cpp.o\x1b[0m\n'}
[13.551725] (-) TimerEvent: {}
[13.617186] (mg400_msgs) StdoutLine: {'line': b'[ 57%] \x1b[32mBuilding CXX object CMakeFiles/mg400_msgs__rosidl_typesupport_fastrtps_c.dir/rosidl_typesupport_fastrtps_c/mg400_msgs/msg/detail/mov_jio__type_support_c.cpp.o\x1b[0m\n'}
[13.651848] (-) TimerEvent: {}
[13.675279] (mg400_msgs) StdoutLine: {'line': b'[ 57%] \x1b[32mBuilding CXX object CMakeFiles/mg400_msgs__rosidl_typesupport_fastrtps_cpp.dir/rosidl_typesupport_fastrtps_cpp/mg400_msgs/msg/detail/dds_fastrtps/error_id__type_support.cpp.o\x1b[0m\n'}
[13.677631] (mg400_msgs) StdoutLine: {'line': b'[ 58%] \x1b[32m\x1b[1mLinking C shared library libmg400_msgs__rosidl_typesupport_introspection_c.so\x1b[0m\n'}
[13.752713] (-) TimerEvent: {}
[13.781677] (mg400_msgs) StdoutLine: {'line': b'[ 58%] \x1b[32mBuilding CXX object CMakeFiles/mg400_msgs__rosidl_typesupport_fastrtps_c.dir/rosidl_typesupport_fastrtps_c/mg400_msgs/msg/detail/mov_l__type_support_c.cpp.o\x1b[0m\n'}
[13.812708] (mg400_msgs) StdoutLine: {'line': b'[ 58%] Built target mg400_msgs__rosidl_typesupport_introspection_c\n'}
[13.837767] (mg400_msgs) StdoutLine: {'line': b'[ 59%] \x1b[32mBuilding CXX object CMakeFiles/mg400_msgs__rosidl_typesupport_fastrtps_c.dir/rosidl_typesupport_fastrtps_c/mg400_msgs/msg/detail/mov_lio__type_support_c.cpp.o\x1b[0m\n'}
[13.852837] (-) TimerEvent: {}
[13.898407] (mg400_msgs) StdoutLine: {'line': b'[ 59%] \x1b[32mBuilding CXX object CMakeFiles/mg400_msgs__rosidl_typesupport_introspection_cpp.dir/rosidl_typesupport_introspection_cpp/mg400_msgs/msg/detail/joint_mov_j__type_support.cpp.o\x1b[0m\n'}
[13.936697] (mg400_msgs) StdoutLine: {'line': b'[ 59%] \x1b[32mBuilding CXX object CMakeFiles/mg400_msgs__rosidl_typesupport_fastrtps_cpp.dir/rosidl_typesupport_fastrtps_cpp/mg400_msgs/msg/detail/dds_fastrtps/id_array__type_support.cpp.o\x1b[0m\n'}
[13.950808] (mg400_msgs) StdoutLine: {'line': b'[ 60%] \x1b[32mBuilding CXX object CMakeFiles/mg400_msgs__rosidl_typesupport_introspection_cpp.dir/rosidl_typesupport_introspection_cpp/mg400_msgs/msg/detail/mov_j__type_support.cpp.o\x1b[0m\n'}
[13.952933] (-) TimerEvent: {}
[13.987694] (mg400_msgs) StdoutLine: {'line': b'[ 60%] \x1b[32mBuilding CXX object CMakeFiles/mg400_msgs__rosidl_typesupport_fastrtps_cpp.dir/rosidl_typesupport_fastrtps_cpp/mg400_msgs/msg/detail/dds_fastrtps/joint_mov_j__type_support.cpp.o\x1b[0m\n'}
[13.987960] (mg400_msgs) StdoutLine: {'line': b'[ 60%] \x1b[32mBuilding CXX object CMakeFiles/mg400_msgs__rosidl_typesupport_fastrtps_c.dir/rosidl_typesupport_fastrtps_c/mg400_msgs/msg/detail/move_jog__type_support_c.cpp.o\x1b[0m\n'}
[14.024695] (mg400_msgs) StdoutLine: {'line': b'[ 61%] \x1b[32mBuilding CXX object CMakeFiles/mg400_msgs__rosidl_typesupport_fastrtps_cpp.dir/rosidl_typesupport_fastrtps_cpp/mg400_msgs/msg/detail/dds_fastrtps/mov_j__type_support.cpp.o\x1b[0m\n'}
[14.053335] (-) TimerEvent: {}
[14.091899] (mg400_msgs) StdoutLine: {'line': b'[ 61%] \x1b[32mBuilding CXX object CMakeFiles/mg400_msgs__rosidl_typesupport_fastrtps_cpp.dir/rosidl_typesupport_fastrtps_cpp/mg400_msgs/msg/detail/dds_fastrtps/mov_jio__type_support.cpp.o\x1b[0m\n'}
[14.119595] (mg400_msgs) StdoutLine: {'line': b'[ 61%] \x1b[32mBuilding CXX object CMakeFiles/mg400_msgs__rosidl_typesupport_fastrtps_cpp.dir/rosidl_typesupport_fastrtps_cpp/mg400_msgs/msg/detail/dds_fastrtps/mov_l__type_support.cpp.o\x1b[0m\n'}
[14.131807] (mg400_msgs) StdoutLine: {'line': b'[ 61%] \x1b[32mBuilding CXX object CMakeFiles/mg400_msgs__rosidl_typesupport_fastrtps_cpp.dir/rosidl_typesupport_fastrtps_cpp/mg400_msgs/msg/detail/dds_fastrtps/mov_lio__type_support.cpp.o\x1b[0m\n'}
[14.153411] (-) TimerEvent: {}
[14.205042] (mg400_msgs) StdoutLine: {'line': b'[ 61%] \x1b[32mBuilding CXX object CMakeFiles/mg400_msgs__rosidl_typesupport_fastrtps_c.dir/rosidl_typesupport_fastrtps_c/mg400_msgs/msg/detail/robot_mode__type_support_c.cpp.o\x1b[0m\n'}
[14.236870] (mg400_msgs) StdoutLine: {'line': b'[ 61%] \x1b[32mBuilding CXX object CMakeFiles/mg400_msgs__rosidl_typesupport_introspection_cpp.dir/rosidl_typesupport_introspection_cpp/mg400_msgs/msg/detail/mov_jio__type_support.cpp.o\x1b[0m\n'}
[14.245858] (mg400_msgs) StdoutLine: {'line': b'[ 62%] \x1b[32mBuilding CXX object CMakeFiles/mg400_msgs__rosidl_typesupport_fastrtps_cpp.dir/rosidl_typesupport_fastrtps_cpp/mg400_msgs/msg/detail/dds_fastrtps/move_jog__type_support.cpp.o\x1b[0m\n'}
[14.253530] (-) TimerEvent: {}
[14.273872] (mg400_msgs) StdoutLine: {'line': b'[ 62%] \x1b[32mBuilding CXX object CMakeFiles/mg400_msgs__rosidl_typesupport_introspection_cpp.dir/rosidl_typesupport_introspection_cpp/mg400_msgs/msg/detail/mov_l__type_support.cpp.o\x1b[0m\n'}
[14.311087] (mg400_msgs) StdoutLine: {'line': b'[ 62%] \x1b[32mBuilding CXX object CMakeFiles/mg400_msgs__rosidl_typesupport_fastrtps_cpp.dir/rosidl_typesupport_fastrtps_cpp/mg400_msgs/msg/detail/dds_fastrtps/robot_mode__type_support.cpp.o\x1b[0m\n'}
[14.353723] (-) TimerEvent: {}
[14.375754] (mg400_msgs) StdoutLine: {'line': b'[ 62%] \x1b[32mBuilding CXX object CMakeFiles/mg400_msgs__rosidl_typesupport_introspection_cpp.dir/rosidl_typesupport_introspection_cpp/mg400_msgs/msg/detail/mov_lio__type_support.cpp.o\x1b[0m\n'}
[14.404651] (mg400_msgs) StdoutLine: {'line': b'[ 62%] \x1b[32mBuilding CXX object CMakeFiles/mg400_msgs__rosidl_typesupport_fastrtps_cpp.dir/rosidl_typesupport_fastrtps_cpp/mg400_msgs/msg/detail/dds_fastrtps/tool__type_support.cpp.o\x1b[0m\n'}
[14.453840] (-) TimerEvent: {}
[14.469285] (mg400_msgs) StdoutLine: {'line': b'[ 63%] \x1b[32mBuilding CXX object CMakeFiles/mg400_msgs__rosidl_typesupport_introspection_cpp.dir/rosidl_typesupport_introspection_cpp/mg400_msgs/msg/detail/move_jog__type_support.cpp.o\x1b[0m\n'}
[14.483683] (mg400_msgs) StdoutLine: {'line': b'[ 63%] \x1b[32mBuilding CXX object CMakeFiles/mg400_msgs__rosidl_typesupport_introspection_cpp.dir/rosidl_typesupport_introspection_cpp/mg400_msgs/msg/detail/robot_mode__type_support.cpp.o\x1b[0m\n'}
[14.553965] (-) TimerEvent: {}
[14.624730] (mg400_msgs) StdoutLine: {'line': b'[ 63%] \x1b[32mBuilding CXX object CMakeFiles/mg400_msgs__rosidl_typesupport_fastrtps_c.dir/rosidl_typesupport_fastrtps_c/mg400_msgs/msg/detail/tool__type_support_c.cpp.o\x1b[0m\n'}
[14.625360] (mg400_msgs) StdoutLine: {'line': b'[ 63%] \x1b[32mBuilding CXX object CMakeFiles/mg400_msgs__rosidl_typesupport_introspection_cpp.dir/rosidl_typesupport_introspection_cpp/mg400_msgs/msg/detail/tool__type_support.cpp.o\x1b[0m\n'}
[14.654085] (-) TimerEvent: {}
[14.689851] (mg400_msgs) StdoutLine: {'line': b'[ 63%] \x1b[32mBuilding CXX object CMakeFiles/mg400_msgs__rosidl_typesupport_introspection_cpp.dir/rosidl_typesupport_introspection_cpp/mg400_msgs/msg/detail/tool_di_index__type_support.cpp.o\x1b[0m\n'}
[14.703792] (mg400_msgs) StdoutLine: {'line': b'[ 63%] \x1b[32mBuilding CXX object CMakeFiles/mg400_msgs__rosidl_typesupport_introspection_cpp.dir/rosidl_typesupport_introspection_cpp/mg400_msgs/msg/detail/tool_do_index__type_support.cpp.o\x1b[0m\n'}
[14.738937] (mg400_msgs) StdoutLine: {'line': b'[ 63%] \x1b[32mBuilding CXX object CMakeFiles/mg400_msgs__rosidl_typesupport_fastrtps_c.dir/rosidl_typesupport_fastrtps_c/mg400_msgs/msg/detail/tool_di_index__type_support_c.cpp.o\x1b[0m\n'}
[14.757709] (-) TimerEvent: {}
[14.794710] (mg400_msgs) StdoutLine: {'line': b'[ 64%] \x1b[32mBuilding CXX object CMakeFiles/mg400_msgs__rosidl_typesupport_fastrtps_c.dir/rosidl_typesupport_fastrtps_c/mg400_msgs/msg/detail/tool_do_index__type_support_c.cpp.o\x1b[0m\n'}
[14.835313] (mg400_msgs) StdoutLine: {'line': b'[ 65%] \x1b[32mBuilding CXX object CMakeFiles/mg400_msgs__rosidl_typesupport_introspection_cpp.dir/rosidl_typesupport_introspection_cpp/mg400_msgs/msg/detail/user__type_support.cpp.o\x1b[0m\n'}
[14.857841] (-) TimerEvent: {}
[14.885361] (mg400_msgs) StdoutLine: {'line': b'[ 65%] \x1b[32mBuilding CXX object CMakeFiles/mg400_msgs__rosidl_typesupport_fastrtps_c.dir/rosidl_typesupport_fastrtps_c/mg400_msgs/msg/detail/user__type_support_c.cpp.o\x1b[0m\n'}
[14.887902] (mg400_msgs) StdoutLine: {'line': b'[ 65%] \x1b[32mBuilding CXX object CMakeFiles/mg400_msgs__rosidl_typesupport_fastrtps_cpp.dir/rosidl_typesupport_fastrtps_cpp/mg400_msgs/msg/detail/dds_fastrtps/tool_di_index__type_support.cpp.o\x1b[0m\n'}
[14.920683] (mg400_msgs) StdoutLine: {'line': b'[ 65%] \x1b[32mBuilding CXX object CMakeFiles/mg400_msgs__rosidl_typesupport_introspection_cpp.dir/rosidl_typesupport_introspection_cpp/mg400_msgs/srv/detail/acc_j__type_support.cpp.o\x1b[0m\n'}
[14.957966] (-) TimerEvent: {}
[15.006036] (mg400_msgs) StdoutLine: {'line': b'[ 65%] \x1b[32mBuilding CXX object CMakeFiles/mg400_msgs__rosidl_typesupport_fastrtps_c.dir/rosidl_typesupport_fastrtps_c/mg400_msgs/srv/detail/acc_j__type_support_c.cpp.o\x1b[0m\n'}
[15.019700] (mg400_msgs) StdoutLine: {'line': b'[ 65%] \x1b[32mBuilding CXX object CMakeFiles/mg400_msgs__rosidl_typesupport_introspection_cpp.dir/rosidl_typesupport_introspection_cpp/mg400_msgs/srv/detail/acc_l__type_support.cpp.o\x1b[0m\n'}
[15.022393] (mg400_msgs) StdoutLine: {'line': b'[ 65%] \x1b[32mBuilding CXX object CMakeFiles/mg400_msgs__rosidl_typesupport_introspection_cpp.dir/rosidl_typesupport_introspection_cpp/mg400_msgs/srv/detail/arch__type_support.cpp.o\x1b[0m\n'}
[15.034467] (mg400_msgs) StdoutLine: {'line': b'[ 65%] \x1b[32mBuilding CXX object CMakeFiles/mg400_msgs__rosidl_typesupport_fastrtps_cpp.dir/rosidl_typesupport_fastrtps_cpp/mg400_msgs/msg/detail/dds_fastrtps/tool_do_index__type_support.cpp.o\x1b[0m\n'}
[15.056702] (mg400_msgs) StdoutLine: {'line': b'[ 65%] \x1b[32mBuilding CXX object CMakeFiles/mg400_msgs__rosidl_typesupport_fastrtps_c.dir/rosidl_typesupport_fastrtps_c/mg400_msgs/srv/detail/acc_l__type_support_c.cpp.o\x1b[0m\n'}
[15.058045] (-) TimerEvent: {}
[15.082784] (mg400_msgs) StdoutLine: {'line': b'[ 66%] \x1b[32mBuilding CXX object CMakeFiles/mg400_msgs__rosidl_typesupport_fastrtps_cpp.dir/rosidl_typesupport_fastrtps_cpp/mg400_msgs/msg/detail/dds_fastrtps/user__type_support.cpp.o\x1b[0m\n'}
[15.089452] (mg400_msgs) StdoutLine: {'line': b'[ 66%] \x1b[32mBuilding CXX object CMakeFiles/mg400_msgs__rosidl_typesupport_introspection_cpp.dir/rosidl_typesupport_introspection_cpp/mg400_msgs/srv/detail/cp__type_support.cpp.o\x1b[0m\n'}
[15.159714] (-) TimerEvent: {}
[15.200461] (mg400_msgs) StdoutLine: {'line': b'[ 67%] \x1b[32mBuilding CXX object CMakeFiles/mg400_msgs__rosidl_typesupport_fastrtps_c.dir/rosidl_typesupport_fastrtps_c/mg400_msgs/srv/detail/arch__type_support_c.cpp.o\x1b[0m\n'}
[15.220652] (mg400_msgs) StdoutLine: {'line': b'[ 67%] \x1b[32mBuilding CXX object CMakeFiles/mg400_msgs__rosidl_typesupport_fastrtps_cpp.dir/rosidl_typesupport_fastrtps_cpp/mg400_msgs/srv/detail/dds_fastrtps/acc_j__type_support.cpp.o\x1b[0m\n'}
[15.260714] (-) TimerEvent: {}
[15.330089] (mg400_msgs) StdoutLine: {'line': b'[ 67%] \x1b[32mBuilding CXX object CMakeFiles/mg400_msgs__rosidl_typesupport_fastrtps_c.dir/rosidl_typesupport_fastrtps_c/mg400_msgs/srv/detail/cp__type_support_c.cpp.o\x1b[0m\n'}
[15.356600] (mg400_msgs) StdoutLine: {'line': b'[ 67%] \x1b[32mBuilding CXX object CMakeFiles/mg400_msgs__rosidl_typesupport_fastrtps_cpp.dir/rosidl_typesupport_fastrtps_cpp/mg400_msgs/srv/detail/dds_fastrtps/acc_l__type_support.cpp.o\x1b[0m\n'}
[15.360843] (-) TimerEvent: {}
[15.399069] (mg400_msgs) StdoutLine: {'line': b'[ 68%] \x1b[32mBuilding CXX object CMakeFiles/mg400_msgs__rosidl_typesupport_introspection_cpp.dir/rosidl_typesupport_introspection_cpp/mg400_msgs/srv/detail/clear_error__type_support.cpp.o\x1b[0m\n'}
[15.427804] (mg400_msgs) StdoutLine: {'line': b'[ 68%] \x1b[32mBuilding CXX object CMakeFiles/mg400_msgs__rosidl_typesupport_fastrtps_c.dir/rosidl_typesupport_fastrtps_c/mg400_msgs/srv/detail/clear_error__type_support_c.cpp.o\x1b[0m\n'}
[15.429724] (mg400_msgs) StdoutLine: {'line': b'[ 68%] \x1b[32mBuilding CXX object CMakeFiles/mg400_msgs__rosidl_typesupport_introspection_cpp.dir/rosidl_typesupport_introspection_cpp/mg400_msgs/srv/detail/di__type_support.cpp.o\x1b[0m\n'}
[15.435740] (mg400_msgs) StdoutLine: {'line': b'[ 68%] \x1b[32mBuilding CXX object CMakeFiles/mg400_msgs__rosidl_typesupport_fastrtps_cpp.dir/rosidl_typesupport_fastrtps_cpp/mg400_msgs/srv/detail/dds_fastrtps/arch__type_support.cpp.o\x1b[0m\n'}
[15.460948] (-) TimerEvent: {}
[15.562939] (-) TimerEvent: {}
[15.567621] (mg400_msgs) StdoutLine: {'line': b'[ 68%] \x1b[32mBuilding CXX object CMakeFiles/mg400_msgs__rosidl_typesupport_fastrtps_cpp.dir/rosidl_typesupport_fastrtps_cpp/mg400_msgs/srv/detail/dds_fastrtps/cp__type_support.cpp.o\x1b[0m\n'}
[15.579481] (mg400_msgs) StdoutLine: {'line': b'[ 68%] \x1b[32mBuilding CXX object CMakeFiles/mg400_msgs__rosidl_typesupport_fastrtps_c.dir/rosidl_typesupport_fastrtps_c/mg400_msgs/srv/detail/di__type_support_c.cpp.o\x1b[0m\n'}
[15.603234] (mg400_msgs) StdoutLine: {'line': b'[ 69%] \x1b[32mBuilding CXX object CMakeFiles/mg400_msgs__rosidl_typesupport_fastrtps_cpp.dir/rosidl_typesupport_fastrtps_cpp/mg400_msgs/srv/detail/dds_fastrtps/clear_error__type_support.cpp.o\x1b[0m\n'}
[15.634711] (mg400_msgs) StdoutLine: {'line': b'[ 69%] \x1b[32mBuilding CXX object CMakeFiles/mg400_msgs__rosidl_typesupport_introspection_cpp.dir/rosidl_typesupport_introspection_cpp/mg400_msgs/srv/detail/do__type_support.cpp.o\x1b[0m\n'}
[15.642057] (mg400_msgs) StdoutLine: {'line': b'[ 69%] \x1b[32mBuilding CXX object CMakeFiles/mg400_msgs__rosidl_typesupport_introspection_cpp.dir/rosidl_typesupport_introspection_cpp/mg400_msgs/srv/detail/disable_robot__type_support.cpp.o\x1b[0m\n'}
[15.655773] (p9n_example) StdoutLine: {'line': b'[100%] \x1b[32m\x1b[1mLinking CXX shared library libdisplay_node.so\x1b[0m\n'}
[15.663722] (-) TimerEvent: {}
[15.696784] (p9n_test) StdoutLine: {'line': b'[100%] \x1b[32m\x1b[1mLinking CXX shared library libp9n_test_node.so\x1b[0m\n'}
[15.727996] (mg400_msgs) StdoutLine: {'line': b'[ 69%] \x1b[32mBuilding CXX object CMakeFiles/mg400_msgs__rosidl_typesupport_fastrtps_c.dir/rosidl_typesupport_fastrtps_c/mg400_msgs/srv/detail/do__type_support_c.cpp.o\x1b[0m\n'}
[15.763856] (-) TimerEvent: {}
[15.782961] (mg400_msgs) StdoutLine: {'line': b'[ 70%] \x1b[32mBuilding CXX object CMakeFiles/mg400_msgs__rosidl_typesupport_fastrtps_c.dir/rosidl_typesupport_fastrtps_c/mg400_msgs/srv/detail/disable_robot__type_support_c.cpp.o\x1b[0m\n'}
[15.783899] (mg400_msgs) StdoutLine: {'line': b'[ 71%] \x1b[32mBuilding CXX object CMakeFiles/mg400_msgs__rosidl_typesupport_introspection_cpp.dir/rosidl_typesupport_introspection_cpp/mg400_msgs/srv/detail/emergency_stop__type_support.cpp.o\x1b[0m\n'}
[15.787709] (mg400_msgs) StdoutLine: {'line': b'[ 71%] \x1b[32mBuilding CXX object CMakeFiles/mg400_msgs__rosidl_typesupport_fastrtps_cpp.dir/rosidl_typesupport_fastrtps_cpp/mg400_msgs/srv/detail/dds_fastrtps/di__type_support.cpp.o\x1b[0m\n'}
[15.841258] (mg400_msgs) StdoutLine: {'line': b'[ 71%] \x1b[32mBuilding CXX object CMakeFiles/mg400_msgs__rosidl_typesupport_fastrtps_cpp.dir/rosidl_typesupport_fastrtps_cpp/mg400_msgs/srv/detail/dds_fastrtps/do__type_support.cpp.o\x1b[0m\n'}
[15.860786] (mg400_msgs) StdoutLine: {'line': b'[ 71%] \x1b[32mBuilding CXX object CMakeFiles/mg400_msgs__rosidl_typesupport_introspection_cpp.dir/rosidl_typesupport_introspection_cpp/mg400_msgs/srv/detail/enable_robot__type_support.cpp.o\x1b[0m\n'}
[15.863982] (-) TimerEvent: {}
[15.945842] (mg400_msgs) StdoutLine: {'line': b'[ 71%] \x1b[32mBuilding CXX object CMakeFiles/mg400_msgs__rosidl_typesupport_fastrtps_cpp.dir/rosidl_typesupport_fastrtps_cpp/mg400_msgs/srv/detail/dds_fastrtps/disable_robot__type_support.cpp.o\x1b[0m\n'}
[15.964129] (-) TimerEvent: {}
[15.994931] (mg400_msgs) StdoutLine: {'line': b'[ 71%] \x1b[32mBuilding CXX object CMakeFiles/mg400_msgs__rosidl_typesupport_introspection_cpp.dir/rosidl_typesupport_introspection_cpp/mg400_msgs/srv/detail/get_angle__type_support.cpp.o\x1b[0m\n'}
[16.043709] (mg400_msgs) StdoutLine: {'line': b'[ 72%] \x1b[32mBuilding CXX object CMakeFiles/mg400_msgs__rosidl_typesupport_fastrtps_cpp.dir/rosidl_typesupport_fastrtps_cpp/mg400_msgs/srv/detail/dds_fastrtps/emergency_stop__type_support.cpp.o\x1b[0m\n'}
[16.064731] (-) TimerEvent: {}
[16.092800] (mg400_msgs) StdoutLine: {'line': b'[ 72%] \x1b[32mBuilding CXX object CMakeFiles/mg400_msgs__rosidl_typesupport_introspection_cpp.dir/rosidl_typesupport_introspection_cpp/mg400_msgs/srv/detail/get_error_id__type_support.cpp.o\x1b[0m\n'}
[16.136817] (p9n_node) StdoutLine: {'line': b'[100%] \x1b[32m\x1b[1mLinking CXX shared library libp9n_node_teleop_twist_joy_node.so\x1b[0m\n'}
[16.141498] (mg400_msgs) StdoutLine: {'line': b'[ 72%] \x1b[32mBuilding CXX object CMakeFiles/mg400_msgs__rosidl_typesupport_fastrtps_c.dir/rosidl_typesupport_fastrtps_c/mg400_msgs/srv/detail/emergency_stop__type_support_c.cpp.o\x1b[0m\n'}
[16.164871] (-) TimerEvent: {}
[16.202771] (mg400_msgs) StdoutLine: {'line': b'[ 72%] \x1b[32mBuilding CXX object CMakeFiles/mg400_msgs__rosidl_typesupport_introspection_cpp.dir/rosidl_typesupport_introspection_cpp/mg400_msgs/srv/detail/get_pose__type_support.cpp.o\x1b[0m\n'}
[16.223755] (mg400_msgs) StdoutLine: {'line': b'[ 72%] \x1b[32mBuilding CXX object CMakeFiles/mg400_msgs__rosidl_typesupport_fastrtps_c.dir/rosidl_typesupport_fastrtps_c/mg400_msgs/srv/detail/enable_robot__type_support_c.cpp.o\x1b[0m\n'}
[16.244762] (mg400_msgs) StdoutLine: {'line': b'[ 73%] \x1b[32mBuilding CXX object CMakeFiles/mg400_msgs__rosidl_typesupport_introspection_cpp.dir/rosidl_typesupport_introspection_cpp/mg400_msgs/srv/detail/inverse_solution__type_support.cpp.o\x1b[0m\n'}
[16.253265] (mg400_msgs) StdoutLine: {'line': b'[ 73%] \x1b[32mBuilding CXX object CMakeFiles/mg400_msgs__rosidl_typesupport_fastrtps_cpp.dir/rosidl_typesupport_fastrtps_cpp/mg400_msgs/srv/detail/dds_fastrtps/enable_robot__type_support.cpp.o\x1b[0m\n'}
[16.265006] (-) TimerEvent: {}
[16.296573] (mg400_msgs) StdoutLine: {'line': b'[ 73%] \x1b[32mBuilding CXX object CMakeFiles/mg400_msgs__rosidl_typesupport_fastrtps_c.dir/rosidl_typesupport_fastrtps_c/mg400_msgs/srv/detail/get_angle__type_support_c.cpp.o\x1b[0m\n'}
[16.341468] (mg400_msgs) StdoutLine: {'line': b'[ 73%] \x1b[32mBuilding CXX object CMakeFiles/mg400_msgs__rosidl_typesupport_fastrtps_cpp.dir/rosidl_typesupport_fastrtps_cpp/mg400_msgs/srv/detail/dds_fastrtps/get_angle__type_support.cpp.o\x1b[0m\n'}
[16.341784] (mg400_msgs) StdoutLine: {'line': b'[ 73%] \x1b[32mBuilding CXX object CMakeFiles/mg400_msgs__rosidl_typesupport_introspection_cpp.dir/rosidl_typesupport_introspection_cpp/mg400_msgs/srv/detail/joint_mov_j__type_support.cpp.o\x1b[0m\n'}
[16.365713] (-) TimerEvent: {}
[16.386203] (mg400_msgs) StdoutLine: {'line': b'[ 73%] \x1b[32mBuilding CXX object CMakeFiles/mg400_msgs__rosidl_typesupport_introspection_cpp.dir/rosidl_typesupport_introspection_cpp/mg400_msgs/srv/detail/move_jog__type_support.cpp.o\x1b[0m\n'}
[16.434023] (mg400_msgs) StdoutLine: {'line': b'[ 74%] \x1b[32mBuilding CXX object CMakeFiles/mg400_msgs__rosidl_typesupport_fastrtps_c.dir/rosidl_typesupport_fastrtps_c/mg400_msgs/srv/detail/get_error_id__type_support_c.cpp.o\x1b[0m\n'}
[16.465853] (-) TimerEvent: {}
[16.524409] (mg400_msgs) StdoutLine: {'line': b'[ 74%] \x1b[32mBuilding CXX object CMakeFiles/mg400_msgs__rosidl_typesupport_fastrtps_cpp.dir/rosidl_typesupport_fastrtps_cpp/mg400_msgs/srv/detail/dds_fastrtps/get_error_id__type_support.cpp.o\x1b[0m\n'}
[16.565973] (-) TimerEvent: {}
[16.576658] (mg400_msgs) StdoutLine: {'line': b'[ 74%] \x1b[32mBuilding CXX object CMakeFiles/mg400_msgs__rosidl_typesupport_introspection_cpp.dir/rosidl_typesupport_introspection_cpp/mg400_msgs/srv/detail/pay_load__type_support.cpp.o\x1b[0m\n'}
[16.660710] (p9n_example) StdoutLine: {'line': b'[100%] Built target display_node\n'}
[16.666717] (-) TimerEvent: {}
[16.673872] (mg400_msgs) StdoutLine: {'line': b'[ 74%] \x1b[32mBuilding CXX object CMakeFiles/mg400_msgs__rosidl_typesupport_fastrtps_cpp.dir/rosidl_typesupport_fastrtps_cpp/mg400_msgs/srv/detail/dds_fastrtps/get_pose__type_support.cpp.o\x1b[0m\n'}
[16.684164] (p9n_example) CommandEnded: {'returncode': 0}
[16.684743] (p9n_example) JobProgress: {'identifier': 'p9n_example', 'progress': 'install'}
[16.684984] (p9n_example) Command: {'cmd': ['/usr/bin/cmake', '--install', '/root/ros2_ws/build/p9n_example'], 'cwd': '/root/ros2_ws/build/p9n_example', 'env': OrderedDict([('HOSTNAME', 'zzz-2404'), ('SHLVL', '1'), ('LD_LIBRARY_PATH', '/root/ros2_ws/install/p9n_interface/lib:/opt/ros/humble/opt/rviz_ogre_vendor/lib:/opt/ros/humble/lib/x86_64-linux-gnu:/opt/ros/humble/lib'), ('HOME', '/root'), ('OLDPWD', '/root/ros2_ws'), ('ROS_PYTHON_VERSION', '3'), ('ROS_DISTRO', 'humble'), ('_', '/usr/bin/colcon'), ('ROS_VERSION', '2'), ('TERM', 'xterm'), ('ROS_LOCALHOST_ONLY', '0'), ('PATH', '/opt/ros/humble/bin:/usr/local/sbin:/usr/local/bin:/usr/sbin:/usr/bin:/sbin:/bin'), ('LANG', 'C.UTF-8'), ('LS_COLORS', 'rs=0:di=01;34:ln=01;36:mh=00:pi=40;33:so=01;35:do=01;35:bd=40;33;01:cd=40;33;01:or=40;31;01:mi=00:su=37;41:sg=30;43:ca=30;41:tw=30;42:ow=34;42:st=37;44:ex=01;32:*.tar=01;31:*.tgz=01;31:*.arc=01;31:*.arj=01;31:*.taz=01;31:*.lha=01;31:*.lz4=01;31:*.lzh=01;31:*.lzma=01;31:*.tlz=01;31:*.txz=01;31:*.tzo=01;31:*.t7z=01;31:*.zip=01;31:*.z=01;31:*.dz=01;31:*.gz=01;31:*.lrz=01;31:*.lz=01;31:*.lzo=01;31:*.xz=01;31:*.zst=01;31:*.tzst=01;31:*.bz2=01;31:*.bz=01;31:*.tbz=01;31:*.tbz2=01;31:*.tz=01;31:*.deb=01;31:*.rpm=01;31:*.jar=01;31:*.war=01;31:*.ear=01;31:*.sar=01;31:*.rar=01;31:*.alz=01;31:*.ace=01;31:*.zoo=01;31:*.cpio=01;31:*.7z=01;31:*.rz=01;31:*.cab=01;31:*.wim=01;31:*.swm=01;31:*.dwm=01;31:*.esd=01;31:*.jpg=01;35:*.jpeg=01;35:*.mjpg=01;35:*.mjpeg=01;35:*.gif=01;35:*.bmp=01;35:*.pbm=01;35:*.pgm=01;35:*.ppm=01;35:*.tga=01;35:*.xbm=01;35:*.xpm=01;35:*.tif=01;35:*.tiff=01;35:*.png=01;35:*.svg=01;35:*.svgz=01;35:*.mng=01;35:*.pcx=01;35:*.mov=01;35:*.mpg=01;35:*.mpeg=01;35:*.m2v=01;35:*.mkv=01;35:*.webm=01;35:*.webp=01;35:*.ogm=01;35:*.mp4=01;35:*.m4v=01;35:*.mp4v=01;35:*.vob=01;35:*.qt=01;35:*.nuv=01;35:*.wmv=01;35:*.asf=01;35:*.rm=01;35:*.rmvb=01;35:*.flc=01;35:*.avi=01;35:*.fli=01;35:*.flv=01;35:*.gl=01;35:*.dl=01;35:*.xcf=01;35:*.xwd=01;35:*.yuv=01;35:*.cgm=01;35:*.emf=01;35:*.ogv=01;35:*.ogx=01;35:*.aac=00;36:*.au=00;36:*.flac=00;36:*.m4a=00;36:*.mid=00;36:*.midi=00;36:*.mka=00;36:*.mp3=00;36:*.mpc=00;36:*.ogg=00;36:*.ra=00;36:*.wav=00;36:*.oga=00;36:*.opus=00;36:*.spx=00;36:*.xspf=00;36:'), ('AMENT_PREFIX_PATH', '/root/ros2_ws/install/p9n_interface:/opt/ros/humble'), ('PWD', '/root/ros2_ws/build/p9n_example'), ('LC_ALL', 'C.UTF-8'), ('PYTHONPATH', '/opt/ros/humble/lib/python3.10/site-packages:/opt/ros/humble/local/lib/python3.10/dist-packages'), ('COLCON', '1'), ('CMAKE_PREFIX_PATH', '/root/ros2_ws/install/p9n_interface:/opt/ros/humble')]), 'shell': False}
[16.686043] (mg400_msgs) StdoutLine: {'line': b'[ 75%] \x1b[32mBuilding CXX object CMakeFiles/mg400_msgs__rosidl_typesupport_introspection_cpp.dir/rosidl_typesupport_introspection_cpp/mg400_msgs/srv/detail/positive_solution__type_support.cpp.o\x1b[0m\n'}
[16.686227] (mg400_msgs) StdoutLine: {'line': b'[ 75%] \x1b[32mBuilding CXX object CMakeFiles/mg400_msgs__rosidl_typesupport_fastrtps_c.dir/rosidl_typesupport_fastrtps_c/mg400_msgs/srv/detail/get_pose__type_support_c.cpp.o\x1b[0m\n'}
[16.703991] (p9n_example) StdoutLine: {'line': b'-- Install configuration: ""\n'}
[16.704669] (p9n_example) StdoutLine: {'line': b'-- Execute custom install script\n'}
[16.705189] (p9n_example) StdoutLine: {'line': b'-- Symlinking: /root/ros2_ws/install/p9n_example/lib/p9n_example/display_node_exec\n'}
[16.712060] (p9n_test) StdoutLine: {'line': b'[100%] Built target p9n_test_node\n'}
[16.733928] (p9n_example) StdoutLine: {'line': b'-- Symlinking: /root/ros2_ws/install/p9n_example/include/p9n_example/display_node.hpp\n'}
[16.757819] (p9n_test) CommandEnded: {'returncode': 0}
[16.758291] (p9n_test) JobProgress: {'identifier': 'p9n_test', 'progress': 'install'}
[16.758344] (p9n_test) Command: {'cmd': ['/usr/bin/cmake', '--install', '/root/ros2_ws/build/p9n_test'], 'cwd': '/root/ros2_ws/build/p9n_test', 'env': OrderedDict([('HOSTNAME', 'zzz-2404'), ('SHLVL', '1'), ('LD_LIBRARY_PATH', '/root/ros2_ws/install/p9n_interface/lib:/opt/ros/humble/opt/rviz_ogre_vendor/lib:/opt/ros/humble/lib/x86_64-linux-gnu:/opt/ros/humble/lib'), ('HOME', '/root'), ('OLDPWD', '/root/ros2_ws'), ('ROS_PYTHON_VERSION', '3'), ('ROS_DISTRO', 'humble'), ('_', '/usr/bin/colcon'), ('ROS_VERSION', '2'), ('TERM', 'xterm'), ('ROS_LOCALHOST_ONLY', '0'), ('PATH', '/opt/ros/humble/bin:/usr/local/sbin:/usr/local/bin:/usr/sbin:/usr/bin:/sbin:/bin'), ('LANG', 'C.UTF-8'), ('LS_COLORS', 'rs=0:di=01;34:ln=01;36:mh=00:pi=40;33:so=01;35:do=01;35:bd=40;33;01:cd=40;33;01:or=40;31;01:mi=00:su=37;41:sg=30;43:ca=30;41:tw=30;42:ow=34;42:st=37;44:ex=01;32:*.tar=01;31:*.tgz=01;31:*.arc=01;31:*.arj=01;31:*.taz=01;31:*.lha=01;31:*.lz4=01;31:*.lzh=01;31:*.lzma=01;31:*.tlz=01;31:*.txz=01;31:*.tzo=01;31:*.t7z=01;31:*.zip=01;31:*.z=01;31:*.dz=01;31:*.gz=01;31:*.lrz=01;31:*.lz=01;31:*.lzo=01;31:*.xz=01;31:*.zst=01;31:*.tzst=01;31:*.bz2=01;31:*.bz=01;31:*.tbz=01;31:*.tbz2=01;31:*.tz=01;31:*.deb=01;31:*.rpm=01;31:*.jar=01;31:*.war=01;31:*.ear=01;31:*.sar=01;31:*.rar=01;31:*.alz=01;31:*.ace=01;31:*.zoo=01;31:*.cpio=01;31:*.7z=01;31:*.rz=01;31:*.cab=01;31:*.wim=01;31:*.swm=01;31:*.dwm=01;31:*.esd=01;31:*.jpg=01;35:*.jpeg=01;35:*.mjpg=01;35:*.mjpeg=01;35:*.gif=01;35:*.bmp=01;35:*.pbm=01;35:*.pgm=01;35:*.ppm=01;35:*.tga=01;35:*.xbm=01;35:*.xpm=01;35:*.tif=01;35:*.tiff=01;35:*.png=01;35:*.svg=01;35:*.svgz=01;35:*.mng=01;35:*.pcx=01;35:*.mov=01;35:*.mpg=01;35:*.mpeg=01;35:*.m2v=01;35:*.mkv=01;35:*.webm=01;35:*.webp=01;35:*.ogm=01;35:*.mp4=01;35:*.m4v=01;35:*.mp4v=01;35:*.vob=01;35:*.qt=01;35:*.nuv=01;35:*.wmv=01;35:*.asf=01;35:*.rm=01;35:*.rmvb=01;35:*.flc=01;35:*.avi=01;35:*.fli=01;35:*.flv=01;35:*.gl=01;35:*.dl=01;35:*.xcf=01;35:*.xwd=01;35:*.yuv=01;35:*.cgm=01;35:*.emf=01;35:*.ogv=01;35:*.ogx=01;35:*.aac=00;36:*.au=00;36:*.flac=00;36:*.m4a=00;36:*.mid=00;36:*.midi=00;36:*.mka=00;36:*.mp3=00;36:*.mpc=00;36:*.ogg=00;36:*.ra=00;36:*.wav=00;36:*.oga=00;36:*.opus=00;36:*.spx=00;36:*.xspf=00;36:'), ('AMENT_PREFIX_PATH', '/root/ros2_ws/install/p9n_interface:/opt/ros/humble'), ('PWD', '/root/ros2_ws/build/p9n_test'), ('LC_ALL', 'C.UTF-8'), ('PYTHONPATH', '/opt/ros/humble/lib/python3.10/site-packages:/opt/ros/humble/local/lib/python3.10/dist-packages'), ('COLCON', '1'), ('CMAKE_PREFIX_PATH', '/root/ros2_ws/install/p9n_interface:/opt/ros/humble')]), 'shell': False}
[16.765052] (p9n_example) StdoutLine: {'line': b'-- Symlinking: /root/ros2_ws/install/p9n_example/share/p9n_example/environment/library_path.sh\n'}
[16.767698] (-) TimerEvent: {}
[16.772244] (p9n_test) StdoutLine: {'line': b'-- Install configuration: ""\n'}
[16.772828] (p9n_test) StdoutLine: {'line': b'-- Execute custom install script\n'}
[16.773271] (p9n_test) StdoutLine: {'line': b'-- Symlinking: /root/ros2_ws/install/p9n_test/lib/p9n_test/p9n_test_node_exec\n'}
[16.787736] (p9n_test) StdoutLine: {'line': b'-- Symlinking: /root/ros2_ws/install/p9n_test/include/p9n_test/p9n_test_node.hpp\n'}
[16.791875] (p9n_example) StdoutLine: {'line': b'-- Symlinking: /root/ros2_ws/install/p9n_example/share/p9n_example/environment/library_path.dsv\n'}
[16.793733] (mg400_msgs) StdoutLine: {'line': b'[ 75%] \x1b[32mBuilding CXX object CMakeFiles/mg400_msgs__rosidl_typesupport_introspection_cpp.dir/rosidl_typesupport_introspection_cpp/mg400_msgs/srv/detail/reset_robot__type_support.cpp.o\x1b[0m\n'}
[16.801345] (p9n_test) StdoutLine: {'line': b'-- Symlinking: /root/ros2_ws/install/p9n_test/include/p9n_test/workflow_handler.hpp\n'}
[16.809712] (mg400_msgs) StdoutLine: {'line': b'[ 75%] \x1b[32mBuilding CXX object CMakeFiles/mg400_msgs__rosidl_typesupport_fastrtps_c.dir/rosidl_typesupport_fastrtps_c/mg400_msgs/srv/detail/inverse_solution__type_support_c.cpp.o\x1b[0m\n'}
[16.814017] (p9n_test) StdoutLine: {'line': b'-- Symlinking: /root/ros2_ws/install/p9n_test/share/p9n_test/environment/library_path.sh\n'}
[16.819690] (p9n_example) StdoutLine: {'line': b'-- Symlinking: /root/ros2_ws/install/p9n_example/lib/libdisplay_node.so\n'}
[16.821192] (mg400_msgs) StdoutLine: {'line': b'[ 75%] \x1b[32mBuilding CXX object CMakeFiles/mg400_msgs__rosidl_typesupport_fastrtps_c.dir/rosidl_typesupport_fastrtps_c/mg400_msgs/srv/detail/joint_mov_j__type_support_c.cpp.o\x1b[0m\n'}
[16.827706] (p9n_test) StdoutLine: {'line': b'-- Symlinking: /root/ros2_ws/install/p9n_test/share/p9n_test/environment/library_path.dsv\n'}
[16.836158] (mg400_msgs) StdoutLine: {'line': b'[ 76%] \x1b[32mBuilding CXX object CMakeFiles/mg400_msgs__rosidl_typesupport_fastrtps_cpp.dir/rosidl_typesupport_fastrtps_cpp/mg400_msgs/srv/detail/dds_fastrtps/inverse_solution__type_support.cpp.o\x1b[0m\n'}
[16.841704] (p9n_test) StdoutLine: {'line': b'-- Symlinking: /root/ros2_ws/install/p9n_test/lib/libp9n_test_node.so\n'}
[16.843132] (p9n_example) StdoutLine: {'line': b'-- Symlinking: /root/ros2_ws/install/p9n_example/share/p9n_example/launch/display.launch.py\n'}
[16.853129] (p9n_test) StdoutLine: {'line': b'-- Symlinking: /root/ros2_ws/install/p9n_test/share/p9n_test/launch/test.launch.py\n'}
[16.864621] (mg400_msgs) StdoutLine: {'line': b'[ 76%] \x1b[32mBuilding CXX object CMakeFiles/mg400_msgs__rosidl_typesupport_fastrtps_c.dir/rosidl_typesupport_fastrtps_c/mg400_msgs/srv/detail/move_jog__type_support_c.cpp.o\x1b[0m\n'}
[16.867836] (p9n_test) StdoutLine: {'line': b'-- Symlinking: /root/ros2_ws/install/p9n_test/share/ament_index/resource_index/package_run_dependencies/p9n_test\n'}
[16.868080] (-) TimerEvent: {}
[16.872832] (p9n_example) StdoutLine: {'line': b'-- Symlinking: /root/ros2_ws/install/p9n_example/share/ament_index/resource_index/package_run_dependencies/p9n_example\n'}
[16.879167] (p9n_test) StdoutLine: {'line': b'-- Symlinking: /root/ros2_ws/install/p9n_test/share/ament_index/resource_index/parent_prefix_path/p9n_test\n'}
[16.888515] (mg400_msgs) StdoutLine: {'line': b'[ 76%] \x1b[32mBuilding CXX object CMakeFiles/mg400_msgs__rosidl_typesupport_fastrtps_cpp.dir/rosidl_typesupport_fastrtps_cpp/mg400_msgs/srv/detail/dds_fastrtps/joint_mov_j__type_support.cpp.o\x1b[0m\n'}
[16.891473] (p9n_test) StdoutLine: {'line': b'-- Symlinking: /root/ros2_ws/install/p9n_test/share/p9n_test/environment/ament_prefix_path.sh\n'}
[16.894144] (p9n_example) StdoutLine: {'line': b'-- Symlinking: /root/ros2_ws/install/p9n_example/share/ament_index/resource_index/parent_prefix_path/p9n_example\n'}
[16.905490] (p9n_test) StdoutLine: {'line': b'-- Symlinking: /root/ros2_ws/install/p9n_test/share/p9n_test/environment/ament_prefix_path.dsv\n'}
[16.923844] (p9n_example) StdoutLine: {'line': b'-- Symlinking: /root/ros2_ws/install/p9n_example/share/p9n_example/environment/ament_prefix_path.sh\n'}
[16.934642] (p9n_test) StdoutLine: {'line': b'-- Symlinking: /root/ros2_ws/install/p9n_test/share/p9n_test/environment/path.sh\n'}
[16.951453] (p9n_example) StdoutLine: {'line': b'-- Symlinking: /root/ros2_ws/install/p9n_example/share/p9n_example/environment/ament_prefix_path.dsv\n'}
[16.964428] (p9n_test) StdoutLine: {'line': b'-- Symlinking: /root/ros2_ws/install/p9n_test/share/p9n_test/environment/path.dsv\n'}
[16.968239] (-) TimerEvent: {}
[16.982797] (p9n_example) StdoutLine: {'line': b'-- Symlinking: /root/ros2_ws/install/p9n_example/share/p9n_example/environment/path.sh\n'}
[16.987110] (p9n_test) StdoutLine: {'line': b'-- Symlinking: /root/ros2_ws/install/p9n_test/share/p9n_test/local_setup.bash\n'}
[17.004505] (p9n_test) StdoutLine: {'line': b'-- Symlinking: /root/ros2_ws/install/p9n_test/share/p9n_test/local_setup.sh\n'}
[17.014589] (p9n_example) StdoutLine: {'line': b'-- Symlinking: /root/ros2_ws/install/p9n_example/share/p9n_example/environment/path.dsv\n'}
[17.015735] (mg400_msgs) StdoutLine: {'line': b'[ 76%] \x1b[32mBuilding CXX object CMakeFiles/mg400_msgs__rosidl_typesupport_introspection_cpp.dir/rosidl_typesupport_introspection_cpp/mg400_msgs/srv/detail/robot_mode__type_support.cpp.o\x1b[0m\n'}
[17.019962] (mg400_msgs) StdoutLine: {'line': b'[ 76%] \x1b[32mBuilding CXX object CMakeFiles/mg400_msgs__rosidl_typesupport_fastrtps_cpp.dir/rosidl_typesupport_fastrtps_cpp/mg400_msgs/srv/detail/dds_fastrtps/move_jog__type_support.cpp.o\x1b[0m\n'}
[17.022209] (mg400_msgs) StdoutLine: {'line': b'[ 76%] \x1b[32mBuilding CXX object CMakeFiles/mg400_msgs__rosidl_typesupport_introspection_cpp.dir/rosidl_typesupport_introspection_cpp/mg400_msgs/srv/detail/set_collision_level__type_support.cpp.o\x1b[0m\n'}
[17.027290] (p9n_test) StdoutLine: {'line': b'-- Symlinking: /root/ros2_ws/install/p9n_test/share/p9n_test/local_setup.zsh\n'}
[17.042342] (p9n_example) StdoutLine: {'line': b'-- Symlinking: /root/ros2_ws/install/p9n_example/share/p9n_example/local_setup.bash\n'}
[17.060745] (p9n_test) StdoutLine: {'line': b'-- Symlinking: /root/ros2_ws/install/p9n_test/share/p9n_test/local_setup.dsv\n'}
[17.068371] (-) TimerEvent: {}
[17.072801] (p9n_example) StdoutLine: {'line': b'-- Symlinking: /root/ros2_ws/install/p9n_example/share/p9n_example/local_setup.sh\n'}
[17.089843] (p9n_test) StdoutLine: {'line': b'-- Symlinking: /root/ros2_ws/install/p9n_test/share/p9n_test/package.dsv\n'}
[17.097247] (mg400_msgs) StdoutLine: {'line': b'[ 77%] \x1b[32mBuilding CXX object CMakeFiles/mg400_msgs__rosidl_typesupport_fastrtps_c.dir/rosidl_typesupport_fastrtps_c/mg400_msgs/srv/detail/pay_load__type_support_c.cpp.o\x1b[0m\n'}
[17.103420] (p9n_example) StdoutLine: {'line': b'-- Symlinking: /root/ros2_ws/install/p9n_example/share/p9n_example/local_setup.zsh\n'}
[17.116725] (p9n_test) StdoutLine: {'line': b'-- Symlinking: /root/ros2_ws/install/p9n_test/share/ament_index/resource_index/packages/p9n_test\n'}
[17.136767] (p9n_example) StdoutLine: {'line': b'-- Symlinking: /root/ros2_ws/install/p9n_example/share/p9n_example/local_setup.dsv\n'}
[17.143773] (p9n_test) StdoutLine: {'line': b'-- Symlinking: /root/ros2_ws/install/p9n_test/share/ament_index/resource_index/rclcpp_components/p9n_test\n'}
[17.145235] (mg400_msgs) StdoutLine: {'line': b'[ 77%] \x1b[32mBuilding CXX object CMakeFiles/mg400_msgs__rosidl_typesupport_introspection_cpp.dir/rosidl_typesupport_introspection_cpp/mg400_msgs/srv/detail/speed_factor__type_support.cpp.o\x1b[0m\n'}
[17.158475] (p9n_example) StdoutLine: {'line': b'-- Symlinking: /root/ros2_ws/install/p9n_example/share/p9n_example/package.dsv\n'}
[17.168498] (-) TimerEvent: {}
[17.174164] (p9n_test) StdoutLine: {'line': b'-- Symlinking: /root/ros2_ws/install/p9n_test/share/p9n_test/cmake/ament_cmake_export_dependencies-extras.cmake\n'}
[17.191750] (p9n_example) StdoutLine: {'line': b'-- Symlinking: /root/ros2_ws/install/p9n_example/share/ament_index/resource_index/packages/p9n_example\n'}
[17.199123] (mg400_msgs) StdoutLine: {'line': b'[ 77%] \x1b[32mBuilding CXX object CMakeFiles/mg400_msgs__rosidl_typesupport_fastrtps_cpp.dir/rosidl_typesupport_fastrtps_cpp/mg400_msgs/srv/detail/dds_fastrtps/pay_load__type_support.cpp.o\x1b[0m\n'}
[17.203360] (p9n_test) StdoutLine: {'line': b'-- Symlinking: /root/ros2_ws/install/p9n_test/share/p9n_test/cmake/ament_cmake_export_include_directories-extras.cmake\n'}
[17.215510] (p9n_example) StdoutLine: {'line': b'-- Symlinking: /root/ros2_ws/install/p9n_example/share/ament_index/resource_index/rclcpp_components/p9n_example\n'}
[17.233227] (p9n_test) StdoutLine: {'line': b'-- Symlinking: /root/ros2_ws/install/p9n_test/share/p9n_test/cmake/ament_cmake_export_libraries-extras.cmake\n'}
[17.243290] (p9n_example) StdoutLine: {'line': b'-- Symlinking: /root/ros2_ws/install/p9n_example/share/p9n_example/cmake/ament_cmake_export_dependencies-extras.cmake\n'}
[17.247900] (p9n_test) StdoutLine: {'line': b'-- Symlinking: /root/ros2_ws/install/p9n_test/share/p9n_test/cmake/p9n_testConfig.cmake\n'}
[17.262533] (p9n_test) StdoutLine: {'line': b'-- Symlinking: /root/ros2_ws/install/p9n_test/share/p9n_test/cmake/p9n_testConfig-version.cmake\n'}
[17.268631] (-) TimerEvent: {}
[17.273530] (p9n_example) StdoutLine: {'line': b'-- Symlinking: /root/ros2_ws/install/p9n_example/share/p9n_example/cmake/ament_cmake_export_include_directories-extras.cmake\n'}
[17.280463] (p9n_test) StdoutLine: {'line': b'-- Symlinking: /root/ros2_ws/install/p9n_test/share/p9n_test/package.xml\n'}
[17.298755] (p9n_test) CommandEnded: {'returncode': 0}
[17.305752] (p9n_example) StdoutLine: {'line': b'-- Symlinking: /root/ros2_ws/install/p9n_example/share/p9n_example/cmake/ament_cmake_export_libraries-extras.cmake\n'}
[17.310293] (p9n_node) StdoutLine: {'line': b'[100%] Built target p9n_node_teleop_twist_joy_node\n'}
[17.313820] (mg400_msgs) StdoutLine: {'line': b'[ 78%] \x1b[32mBuilding CXX object CMakeFiles/mg400_msgs__rosidl_typesupport_fastrtps_cpp.dir/rosidl_typesupport_fastrtps_cpp/mg400_msgs/srv/detail/dds_fastrtps/positive_solution__type_support.cpp.o\x1b[0m\n'}
[17.323648] (p9n_test) JobEnded: {'identifier': 'p9n_test', 'rc': 0}
[17.334743] (p9n_node) CommandEnded: {'returncode': 0}
[17.335500] (p9n_node) JobProgress: {'identifier': 'p9n_node', 'progress': 'install'}
[17.335558] (p9n_node) Command: {'cmd': ['/usr/bin/cmake', '--install', '/root/ros2_ws/build/p9n_node'], 'cwd': '/root/ros2_ws/build/p9n_node', 'env': OrderedDict([('HOSTNAME', 'zzz-2404'), ('SHLVL', '1'), ('LD_LIBRARY_PATH', '/root/ros2_ws/install/p9n_interface/lib:/opt/ros/humble/opt/rviz_ogre_vendor/lib:/opt/ros/humble/lib/x86_64-linux-gnu:/opt/ros/humble/lib'), ('HOME', '/root'), ('OLDPWD', '/root/ros2_ws'), ('ROS_PYTHON_VERSION', '3'), ('ROS_DISTRO', 'humble'), ('_', '/usr/bin/colcon'), ('ROS_VERSION', '2'), ('TERM', 'xterm'), ('ROS_LOCALHOST_ONLY', '0'), ('PATH', '/opt/ros/humble/bin:/usr/local/sbin:/usr/local/bin:/usr/sbin:/usr/bin:/sbin:/bin'), ('LANG', 'C.UTF-8'), ('LS_COLORS', 'rs=0:di=01;34:ln=01;36:mh=00:pi=40;33:so=01;35:do=01;35:bd=40;33;01:cd=40;33;01:or=40;31;01:mi=00:su=37;41:sg=30;43:ca=30;41:tw=30;42:ow=34;42:st=37;44:ex=01;32:*.tar=01;31:*.tgz=01;31:*.arc=01;31:*.arj=01;31:*.taz=01;31:*.lha=01;31:*.lz4=01;31:*.lzh=01;31:*.lzma=01;31:*.tlz=01;31:*.txz=01;31:*.tzo=01;31:*.t7z=01;31:*.zip=01;31:*.z=01;31:*.dz=01;31:*.gz=01;31:*.lrz=01;31:*.lz=01;31:*.lzo=01;31:*.xz=01;31:*.zst=01;31:*.tzst=01;31:*.bz2=01;31:*.bz=01;31:*.tbz=01;31:*.tbz2=01;31:*.tz=01;31:*.deb=01;31:*.rpm=01;31:*.jar=01;31:*.war=01;31:*.ear=01;31:*.sar=01;31:*.rar=01;31:*.alz=01;31:*.ace=01;31:*.zoo=01;31:*.cpio=01;31:*.7z=01;31:*.rz=01;31:*.cab=01;31:*.wim=01;31:*.swm=01;31:*.dwm=01;31:*.esd=01;31:*.jpg=01;35:*.jpeg=01;35:*.mjpg=01;35:*.mjpeg=01;35:*.gif=01;35:*.bmp=01;35:*.pbm=01;35:*.pgm=01;35:*.ppm=01;35:*.tga=01;35:*.xbm=01;35:*.xpm=01;35:*.tif=01;35:*.tiff=01;35:*.png=01;35:*.svg=01;35:*.svgz=01;35:*.mng=01;35:*.pcx=01;35:*.mov=01;35:*.mpg=01;35:*.mpeg=01;35:*.m2v=01;35:*.mkv=01;35:*.webm=01;35:*.webp=01;35:*.ogm=01;35:*.mp4=01;35:*.m4v=01;35:*.mp4v=01;35:*.vob=01;35:*.qt=01;35:*.nuv=01;35:*.wmv=01;35:*.asf=01;35:*.rm=01;35:*.rmvb=01;35:*.flc=01;35:*.avi=01;35:*.fli=01;35:*.flv=01;35:*.gl=01;35:*.dl=01;35:*.xcf=01;35:*.xwd=01;35:*.yuv=01;35:*.cgm=01;35:*.emf=01;35:*.ogv=01;35:*.ogx=01;35:*.aac=00;36:*.au=00;36:*.flac=00;36:*.m4a=00;36:*.mid=00;36:*.midi=00;36:*.mka=00;36:*.mp3=00;36:*.mpc=00;36:*.ogg=00;36:*.ra=00;36:*.wav=00;36:*.oga=00;36:*.opus=00;36:*.spx=00;36:*.xspf=00;36:'), ('AMENT_PREFIX_PATH', '/root/ros2_ws/install/p9n_interface:/opt/ros/humble'), ('PWD', '/root/ros2_ws/build/p9n_node'), ('LC_ALL', 'C.UTF-8'), ('PYTHONPATH', '/opt/ros/humble/lib/python3.10/site-packages:/opt/ros/humble/local/lib/python3.10/dist-packages'), ('COLCON', '1'), ('CMAKE_PREFIX_PATH', '/root/ros2_ws/install/p9n_interface:/opt/ros/humble')]), 'shell': False}
[17.340523] (p9n_example) StdoutLine: {'line': b'-- Symlinking: /root/ros2_ws/install/p9n_example/share/p9n_example/cmake/p9n_exampleConfig.cmake\n'}
[17.344526] (p9n_node) StdoutLine: {'line': b'-- Install configuration: ""\n'}
[17.345084] (p9n_node) StdoutLine: {'line': b'-- Execute custom install script\n'}
[17.345595] (p9n_node) StdoutLine: {'line': b'-- Symlinking: /root/ros2_ws/install/p9n_node/lib/p9n_node/teleop_twist_joy_node_exec\n'}
[17.347635] (mg400_msgs) StdoutLine: {'line': b'[ 78%] \x1b[32mBuilding CXX object CMakeFiles/mg400_msgs__rosidl_typesupport_fastrtps_c.dir/rosidl_typesupport_fastrtps_c/mg400_msgs/srv/detail/positive_solution__type_support_c.cpp.o\x1b[0m\n'}
[17.357963] (p9n_example) StdoutLine: {'line': b'-- Symlinking: /root/ros2_ws/install/p9n_example/share/p9n_example/cmake/p9n_exampleConfig-version.cmake\n'}
[17.365965] (mg400_msgs) StdoutLine: {'line': b'[ 78%] \x1b[32mBuilding CXX object CMakeFiles/mg400_msgs__rosidl_typesupport_fastrtps_c.dir/rosidl_typesupport_fastrtps_c/mg400_msgs/srv/detail/reset_robot__type_support_c.cpp.o\x1b[0m\n'}
[17.368697] (-) TimerEvent: {}
[17.370756] (mg400_msgs) StdoutLine: {'line': b'[ 78%] \x1b[32mBuilding CXX object CMakeFiles/mg400_msgs__rosidl_typesupport_fastrtps_c.dir/rosidl_typesupport_fastrtps_c/mg400_msgs/srv/detail/robot_mode__type_support_c.cpp.o\x1b[0m\n'}
[17.371853] (mg400_msgs) StdoutLine: {'line': b'[ 79%] \x1b[32mBuilding CXX object CMakeFiles/mg400_msgs__rosidl_typesupport_introspection_cpp.dir/rosidl_typesupport_introspection_cpp/mg400_msgs/srv/detail/speed_j__type_support.cpp.o\x1b[0m\n'}
[17.372544] (p9n_example) StdoutLine: {'line': b'-- Symlinking: /root/ros2_ws/install/p9n_example/share/p9n_example/package.xml\n'}
[17.376724] (p9n_node) StdoutLine: {'line': b'-- Symlinking: /root/ros2_ws/install/p9n_node/include/p9n_node/teleop_twist_joy_node.hpp\n'}
[17.403080] (p9n_node) StdoutLine: {'line': b'-- Symlinking: /root/ros2_ws/install/p9n_node/share/p9n_node/environment/library_path.sh\n'}
[17.404288] (p9n_example) CommandEnded: {'returncode': 0}
[17.409773] (mg400_msgs) StdoutLine: {'line': b'[ 79%] \x1b[32mBuilding CXX object CMakeFiles/mg400_msgs__rosidl_typesupport_introspection_cpp.dir/rosidl_typesupport_introspection_cpp/mg400_msgs/srv/detail/speed_l__type_support.cpp.o\x1b[0m\n'}
[17.418412] (p9n_node) StdoutLine: {'line': b'-- Symlinking: /root/ros2_ws/install/p9n_node/share/p9n_node/environment/library_path.dsv\n'}
[17.438685] (p9n_example) JobEnded: {'identifier': 'p9n_example', 'rc': 0}
[17.444937] (p9n_node) StdoutLine: {'line': b'-- Symlinking: /root/ros2_ws/install/p9n_node/lib/libp9n_node_teleop_twist_joy_node.so\n'}
[17.446974] (mg400_msgs) StdoutLine: {'line': b'[ 79%] \x1b[32mBuilding CXX object CMakeFiles/mg400_msgs__rosidl_typesupport_introspection_cpp.dir/rosidl_typesupport_introspection_cpp/mg400_msgs/srv/detail/tool__type_support.cpp.o\x1b[0m\n'}
[17.468817] (-) TimerEvent: {}
[17.469649] (p9n_node) StdoutLine: {'line': b'-- Symlinking: /root/ros2_ws/install/p9n_node/share/ament_index/resource_index/package_run_dependencies/p9n_node\n'}
[17.476692] (mg400_msgs) StdoutLine: {'line': b'[ 79%] \x1b[32mBuilding CXX object CMakeFiles/mg400_msgs__rosidl_typesupport_fastrtps_c.dir/rosidl_typesupport_fastrtps_c/mg400_msgs/srv/detail/set_collision_level__type_support_c.cpp.o\x1b[0m\n'}
[17.495776] (p9n_node) StdoutLine: {'line': b'-- Symlinking: /root/ros2_ws/install/p9n_node/share/ament_index/resource_index/parent_prefix_path/p9n_node\n'}
[17.509429] (p9n_node) StdoutLine: {'line': b'-- Symlinking: /root/ros2_ws/install/p9n_node/share/p9n_node/environment/ament_prefix_path.sh\n'}
[17.522933] (p9n_node) StdoutLine: {'line': b'-- Symlinking: /root/ros2_ws/install/p9n_node/share/p9n_node/environment/ament_prefix_path.dsv\n'}
[17.525793] (mg400_msgs) StdoutLine: {'line': b'[ 79%] \x1b[32mBuilding CXX object CMakeFiles/mg400_msgs__rosidl_typesupport_fastrtps_cpp.dir/rosidl_typesupport_fastrtps_cpp/mg400_msgs/srv/detail/dds_fastrtps/reset_robot__type_support.cpp.o\x1b[0m\n'}
[17.537700] (p9n_node) StdoutLine: {'line': b'-- Symlinking: /root/ros2_ws/install/p9n_node/share/p9n_node/environment/path.sh\n'}
[17.551389] (p9n_node) StdoutLine: {'line': b'-- Symlinking: /root/ros2_ws/install/p9n_node/share/p9n_node/environment/path.dsv\n'}
[17.566695] (p9n_node) StdoutLine: {'line': b'-- Symlinking: /root/ros2_ws/install/p9n_node/share/p9n_node/local_setup.bash\n'}
[17.568925] (-) TimerEvent: {}
[17.588670] (p9n_node) StdoutLine: {'line': b'-- Symlinking: /root/ros2_ws/install/p9n_node/share/p9n_node/local_setup.sh\n'}
[17.610713] (p9n_node) StdoutLine: {'line': b'-- Symlinking: /root/ros2_ws/install/p9n_node/share/p9n_node/local_setup.zsh\n'}
[17.634724] (p9n_node) StdoutLine: {'line': b'-- Symlinking: /root/ros2_ws/install/p9n_node/share/p9n_node/local_setup.dsv\n'}
[17.636501] (mg400_msgs) StdoutLine: {'line': b'[ 79%] \x1b[32mBuilding CXX object CMakeFiles/mg400_msgs__rosidl_typesupport_introspection_cpp.dir/rosidl_typesupport_introspection_cpp/mg400_msgs/srv/detail/tool_di__type_support.cpp.o\x1b[0m\n'}
[17.651808] (mg400_msgs) StdoutLine: {'line': b'[ 80%] \x1b[32mBuilding CXX object CMakeFiles/mg400_msgs__rosidl_typesupport_fastrtps_c.dir/rosidl_typesupport_fastrtps_c/mg400_msgs/srv/detail/speed_factor__type_support_c.cpp.o\x1b[0m\n'}
[17.652312] (mg400_msgs) StdoutLine: {'line': b'[ 81%] \x1b[32mBuilding CXX object CMakeFiles/mg400_msgs__rosidl_typesupport_introspection_cpp.dir/rosidl_typesupport_introspection_cpp/mg400_msgs/srv/detail/tool_do_execute__type_support.cpp.o\x1b[0m\n'}
[17.653607] (p9n_node) StdoutLine: {'line': b'-- Symlinking: /root/ros2_ws/install/p9n_node/share/p9n_node/package.dsv\n'}
[17.655106] (mg400_msgs) StdoutLine: {'line': b'[ 81%] \x1b[32mBuilding CXX object CMakeFiles/mg400_msgs__rosidl_typesupport_fastrtps_cpp.dir/rosidl_typesupport_fastrtps_cpp/mg400_msgs/srv/detail/dds_fastrtps/robot_mode__type_support.cpp.o\x1b[0m\n'}
[17.665723] (mg400_msgs) StdoutLine: {'line': b'[ 81%] \x1b[32mBuilding CXX object CMakeFiles/mg400_msgs__rosidl_typesupport_fastrtps_cpp.dir/rosidl_typesupport_fastrtps_cpp/mg400_msgs/srv/detail/dds_fastrtps/set_collision_level__type_support.cpp.o\x1b[0m\n'}
[17.669035] (-) TimerEvent: {}
[17.670240] (p9n_node) StdoutLine: {'line': b'-- Symlinking: /root/ros2_ws/install/p9n_node/share/ament_index/resource_index/packages/p9n_node\n'}
[17.680785] (mg400_msgs) StdoutLine: {'line': b'[ 81%] \x1b[32mBuilding CXX object CMakeFiles/mg400_msgs__rosidl_typesupport_introspection_cpp.dir/rosidl_typesupport_introspection_cpp/mg400_msgs/srv/detail/user__type_support.cpp.o\x1b[0m\n'}
[17.708455] (p9n_node) StdoutLine: {'line': b'-- Symlinking: /root/ros2_ws/install/p9n_node/share/ament_index/resource_index/rclcpp_components/p9n_node\n'}
[17.745705] (p9n_node) StdoutLine: {'line': b'-- Symlinking: /root/ros2_ws/install/p9n_node/share/p9n_node/cmake/ament_cmake_export_dependencies-extras.cmake\n'}
[17.769169] (-) TimerEvent: {}
[17.771522] (p9n_node) StdoutLine: {'line': b'-- Symlinking: /root/ros2_ws/install/p9n_node/share/p9n_node/cmake/ament_cmake_export_include_directories-extras.cmake\n'}
[17.800704] (p9n_node) StdoutLine: {'line': b'-- Symlinking: /root/ros2_ws/install/p9n_node/share/p9n_node/cmake/ament_cmake_export_libraries-extras.cmake\n'}
[17.833050] (p9n_node) StdoutLine: {'line': b'-- Symlinking: /root/ros2_ws/install/p9n_node/share/p9n_node/cmake/p9n_nodeConfig.cmake\n'}
[17.855267] (mg400_msgs) StdoutLine: {'line': b'[ 81%] \x1b[32mBuilding CXX object CMakeFiles/mg400_msgs__rosidl_typesupport_fastrtps_cpp.dir/rosidl_typesupport_fastrtps_cpp/mg400_msgs/srv/detail/dds_fastrtps/speed_factor__type_support.cpp.o\x1b[0m\n'}
[17.857174] (p9n_node) StdoutLine: {'line': b'-- Symlinking: /root/ros2_ws/install/p9n_node/share/p9n_node/cmake/p9n_nodeConfig-version.cmake\n'}
[17.869299] (-) TimerEvent: {}
[17.872618] (p9n_node) StdoutLine: {'line': b'-- Symlinking: /root/ros2_ws/install/p9n_node/share/p9n_node/package.xml\n'}
[17.884114] (mg400_msgs) StdoutLine: {'line': b'[ 81%] \x1b[32mBuilding CXX object CMakeFiles/mg400_msgs__rosidl_typesupport_fastrtps_c.dir/rosidl_typesupport_fastrtps_c/mg400_msgs/srv/detail/speed_j__type_support_c.cpp.o\x1b[0m\n'}
[17.906188] (p9n_node) CommandEnded: {'returncode': 0}
[17.926713] (mg400_msgs) StdoutLine: {'line': b'[ 81%] \x1b[32mBuilding CXX object CMakeFiles/mg400_msgs__rosidl_typesupport_introspection_cpp.dir/rosidl_typesupport_introspection_cpp/mg400_msgs/action/detail/command_queue__type_support.cpp.o\x1b[0m\n'}
[17.929226] (mg400_msgs) StdoutLine: {'line': b'[ 81%] \x1b[32mBuilding CXX object CMakeFiles/mg400_msgs__rosidl_typesupport_introspection_cpp.dir/rosidl_typesupport_introspection_cpp/mg400_msgs/action/detail/joint_mov_j__type_support.cpp.o\x1b[0m\n'}
[17.941106] (mg400_msgs) StdoutLine: {'line': b'[ 82%] \x1b[32mBuilding CXX object CMakeFiles/mg400_msgs__rosidl_typesupport_fastrtps_cpp.dir/rosidl_typesupport_fastrtps_cpp/mg400_msgs/srv/detail/dds_fastrtps/speed_l__type_support.cpp.o\x1b[0m\n'}
[17.941308] (mg400_msgs) StdoutLine: {'line': b'[ 82%] \x1b[32mBuilding CXX object CMakeFiles/mg400_msgs__rosidl_typesupport_fastrtps_cpp.dir/rosidl_typesupport_fastrtps_cpp/mg400_msgs/srv/detail/dds_fastrtps/speed_j__type_support.cpp.o\x1b[0m\n'}
[17.941505] (mg400_msgs) StdoutLine: {'line': b'[ 82%] \x1b[32mBuilding CXX object CMakeFiles/mg400_msgs__rosidl_typesupport_fastrtps_cpp.dir/rosidl_typesupport_fastrtps_cpp/mg400_msgs/srv/detail/dds_fastrtps/tool__type_support.cpp.o\x1b[0m\n'}
[17.942940] (p9n_node) JobEnded: {'identifier': 'p9n_node', 'rc': 0}
[17.944089] (p9n_bringup) JobStarted: {'identifier': 'p9n_bringup'}
[17.967999] (mg400_msgs) StdoutLine: {'line': b'[ 82%] \x1b[32mBuilding CXX object CMakeFiles/mg400_msgs__rosidl_typesupport_fastrtps_c.dir/rosidl_typesupport_fastrtps_c/mg400_msgs/srv/detail/speed_l__type_support_c.cpp.o\x1b[0m\n'}
[17.969367] (-) TimerEvent: {}
[18.001980] (mg400_msgs) StdoutLine: {'line': b'[ 82%] \x1b[32mBuilding CXX object CMakeFiles/mg400_msgs__rosidl_typesupport_fastrtps_cpp.dir/rosidl_typesupport_fastrtps_cpp/mg400_msgs/srv/detail/dds_fastrtps/tool_di__type_support.cpp.o\x1b[0m\n'}
[18.069535] (-) TimerEvent: {}
[18.157084] (mg400_msgs) StdoutLine: {'line': b'[ 82%] \x1b[32mBuilding CXX object CMakeFiles/mg400_msgs__rosidl_typesupport_introspection_cpp.dir/rosidl_typesupport_introspection_cpp/mg400_msgs/action/detail/mov_j__type_support.cpp.o\x1b[0m\n'}
[18.169694] (-) TimerEvent: {}
[18.178780] (mg400_msgs) StdoutLine: {'line': b'[ 83%] \x1b[32mBuilding CXX object CMakeFiles/mg400_msgs__rosidl_typesupport_fastrtps_cpp.dir/rosidl_typesupport_fastrtps_cpp/mg400_msgs/srv/detail/dds_fastrtps/tool_do_execute__type_support.cpp.o\x1b[0m\n'}
[18.184351] (mg400_msgs) StdoutLine: {'line': b'[ 83%] \x1b[32mBuilding CXX object CMakeFiles/mg400_msgs__rosidl_typesupport_fastrtps_c.dir/rosidl_typesupport_fastrtps_c/mg400_msgs/srv/detail/tool__type_support_c.cpp.o\x1b[0m\n'}
[18.229318] (mg400_msgs) StdoutLine: {'line': b'[ 83%] \x1b[32mBuilding CXX object CMakeFiles/mg400_msgs__rosidl_typesupport_fastrtps_cpp.dir/rosidl_typesupport_fastrtps_cpp/mg400_msgs/srv/detail/dds_fastrtps/user__type_support.cpp.o\x1b[0m\n'}
[18.232642] (mg400_msgs) StdoutLine: {'line': b'[ 84%] \x1b[32mBuilding CXX object CMakeFiles/mg400_msgs__rosidl_typesupport_introspection_cpp.dir/rosidl_typesupport_introspection_cpp/mg400_msgs/action/detail/mov_jio__type_support.cpp.o\x1b[0m\n'}
[18.268752] (mg400_msgs) StdoutLine: {'line': b'[ 84%] \x1b[32mBuilding CXX object CMakeFiles/mg400_msgs__rosidl_typesupport_introspection_cpp.dir/rosidl_typesupport_introspection_cpp/mg400_msgs/action/detail/mov_l__type_support.cpp.o\x1b[0m\n'}
[18.269805] (-) TimerEvent: {}
[18.321530] (mg400_msgs) StdoutLine: {'line': b'[ 84%] \x1b[32mBuilding CXX object CMakeFiles/mg400_msgs__rosidl_typesupport_fastrtps_cpp.dir/rosidl_typesupport_fastrtps_cpp/mg400_msgs/action/detail/dds_fastrtps/command_queue__type_support.cpp.o\x1b[0m\n'}
[18.369937] (-) TimerEvent: {}
[18.411701] (mg400_msgs) StdoutLine: {'line': b'[ 84%] \x1b[32mBuilding CXX object CMakeFiles/mg400_msgs__rosidl_typesupport_fastrtps_cpp.dir/rosidl_typesupport_fastrtps_cpp/mg400_msgs/action/detail/dds_fastrtps/joint_mov_j__type_support.cpp.o\x1b[0m\n'}
[18.442715] (mg400_msgs) StdoutLine: {'line': b'[ 84%] \x1b[32mBuilding CXX object CMakeFiles/mg400_msgs__rosidl_typesupport_introspection_cpp.dir/rosidl_typesupport_introspection_cpp/mg400_msgs/action/detail/mov_lio__type_support.cpp.o\x1b[0m\n'}
[18.474101] (-) TimerEvent: {}
[18.532788] (mg400_msgs) StdoutLine: {'line': b'[ 85%] \x1b[32mBuilding CXX object CMakeFiles/mg400_msgs__rosidl_typesupport_fastrtps_c.dir/rosidl_typesupport_fastrtps_c/mg400_msgs/srv/detail/tool_di__type_support_c.cpp.o\x1b[0m\n'}
[18.569697] (mg400_msgs) StdoutLine: {'line': b'[ 85%] \x1b[32mBuilding CXX object CMakeFiles/mg400_msgs__rosidl_typesupport_fastrtps_c.dir/rosidl_typesupport_fastrtps_c/mg400_msgs/srv/detail/tool_do_execute__type_support_c.cpp.o\x1b[0m\n'}
[18.574239] (-) TimerEvent: {}
[18.600692] (mg400_msgs) StdoutLine: {'line': b'[ 85%] \x1b[32mBuilding CXX object CMakeFiles/mg400_msgs__rosidl_typesupport_fastrtps_c.dir/rosidl_typesupport_fastrtps_c/mg400_msgs/srv/detail/user__type_support_c.cpp.o\x1b[0m\n'}
[18.638789] (mg400_msgs) StdoutLine: {'line': b'[ 85%] \x1b[32mBuilding CXX object CMakeFiles/mg400_msgs__rosidl_typesupport_fastrtps_cpp.dir/rosidl_typesupport_fastrtps_cpp/mg400_msgs/action/detail/dds_fastrtps/mov_j__type_support.cpp.o\x1b[0m\n'}
[18.674709] (-) TimerEvent: {}
[18.675326] (mg400_msgs) StdoutLine: {'line': b'[ 86%] \x1b[32mBuilding CXX object CMakeFiles/mg400_msgs__rosidl_typesupport_fastrtps_cpp.dir/rosidl_typesupport_fastrtps_cpp/mg400_msgs/action/detail/dds_fastrtps/mov_jio__type_support.cpp.o\x1b[0m\n'}
[18.742684] (mg400_msgs) StdoutLine: {'line': b'[ 86%] \x1b[32mBuilding CXX object CMakeFiles/mg400_msgs__rosidl_typesupport_fastrtps_c.dir/rosidl_typesupport_fastrtps_c/mg400_msgs/action/detail/command_queue__type_support_c.cpp.o\x1b[0m\n'}
[18.770820] (mg400_msgs) StdoutLine: {'line': b'[ 86%] \x1b[32mBuilding CXX object CMakeFiles/mg400_msgs__rosidl_typesupport_fastrtps_c.dir/rosidl_typesupport_fastrtps_c/mg400_msgs/action/detail/joint_mov_j__type_support_c.cpp.o\x1b[0m\n'}
[18.775688] (-) TimerEvent: {}
[18.860321] (mg400_msgs) StdoutLine: {'line': b'[ 86%] \x1b[32mBuilding CXX object CMakeFiles/mg400_msgs__rosidl_typesupport_fastrtps_cpp.dir/rosidl_typesupport_fastrtps_cpp/mg400_msgs/action/detail/dds_fastrtps/mov_l__type_support.cpp.o\x1b[0m\n'}
[18.875805] (-) TimerEvent: {}
[18.960583] (mg400_msgs) StdoutLine: {'line': b'[ 87%] \x1b[32mBuilding CXX object CMakeFiles/mg400_msgs__rosidl_typesupport_fastrtps_c.dir/rosidl_typesupport_fastrtps_c/mg400_msgs/action/detail/mov_j__type_support_c.cpp.o\x1b[0m\n'}
[18.967785] (mg400_msgs) StdoutLine: {'line': b'[ 87%] \x1b[32mBuilding CXX object CMakeFiles/mg400_msgs__rosidl_typesupport_fastrtps_c.dir/rosidl_typesupport_fastrtps_c/mg400_msgs/action/detail/mov_jio__type_support_c.cpp.o\x1b[0m\n'}
[18.975925] (-) TimerEvent: {}
[19.076344] (-) TimerEvent: {}
[19.077471] (mg400_msgs) StdoutLine: {'line': b'[ 87%] \x1b[32mBuilding CXX object CMakeFiles/mg400_msgs__rosidl_typesupport_fastrtps_cpp.dir/rosidl_typesupport_fastrtps_cpp/mg400_msgs/action/detail/dds_fastrtps/mov_lio__type_support.cpp.o\x1b[0m\n'}
[19.099143] (mg400_msgs) StdoutLine: {'line': b'[ 87%] \x1b[32mBuilding CXX object CMakeFiles/mg400_msgs__rosidl_typesupport_fastrtps_c.dir/rosidl_typesupport_fastrtps_c/mg400_msgs/action/detail/mov_l__type_support_c.cpp.o\x1b[0m\n'}
[19.153262] (mg400_msgs) StdoutLine: {'line': b'[ 87%] \x1b[32mBuilding CXX object CMakeFiles/mg400_msgs__rosidl_typesupport_fastrtps_c.dir/rosidl_typesupport_fastrtps_c/mg400_msgs/action/detail/mov_lio__type_support_c.cpp.o\x1b[0m\n'}
[19.176691] (-) TimerEvent: {}
[19.277027] (-) TimerEvent: {}
[19.377475] (-) TimerEvent: {}
[19.471616] (p9n_bringup) Command: {'cmd': ['/usr/bin/python3', '-W', 'ignore:setup.py install is deprecated', '-W', 'ignore:easy_install command is deprecated', 'setup.py', 'develop', '--editable', '--build-directory', '/root/ros2_ws/build/p9n_bringup/build', '--no-deps', 'symlink_data'], 'cwd': '/root/ros2_ws/build/p9n_bringup', 'env': {'HOSTNAME': 'zzz-2404', 'SHLVL': '1', 'LD_LIBRARY_PATH': '/root/ros2_ws/install/p9n_node/lib:/root/ros2_ws/install/p9n_interface/lib:/opt/ros/humble/opt/rviz_ogre_vendor/lib:/opt/ros/humble/lib/x86_64-linux-gnu:/opt/ros/humble/lib', 'HOME': '/root', 'OLDPWD': '/root/ros2_ws', 'ROS_PYTHON_VERSION': '3', 'ROS_DISTRO': 'humble', '_': '/usr/bin/colcon', 'ROS_VERSION': '2', 'TERM': 'xterm', 'ROS_LOCALHOST_ONLY': '0', 'PATH': '/opt/ros/humble/bin:/usr/local/sbin:/usr/local/bin:/usr/sbin:/usr/bin:/sbin:/bin', 'LANG': 'C.UTF-8', 'LS_COLORS': 'rs=0:di=01;34:ln=01;36:mh=00:pi=40;33:so=01;35:do=01;35:bd=40;33;01:cd=40;33;01:or=40;31;01:mi=00:su=37;41:sg=30;43:ca=30;41:tw=30;42:ow=34;42:st=37;44:ex=01;32:*.tar=01;31:*.tgz=01;31:*.arc=01;31:*.arj=01;31:*.taz=01;31:*.lha=01;31:*.lz4=01;31:*.lzh=01;31:*.lzma=01;31:*.tlz=01;31:*.txz=01;31:*.tzo=01;31:*.t7z=01;31:*.zip=01;31:*.z=01;31:*.dz=01;31:*.gz=01;31:*.lrz=01;31:*.lz=01;31:*.lzo=01;31:*.xz=01;31:*.zst=01;31:*.tzst=01;31:*.bz2=01;31:*.bz=01;31:*.tbz=01;31:*.tbz2=01;31:*.tz=01;31:*.deb=01;31:*.rpm=01;31:*.jar=01;31:*.war=01;31:*.ear=01;31:*.sar=01;31:*.rar=01;31:*.alz=01;31:*.ace=01;31:*.zoo=01;31:*.cpio=01;31:*.7z=01;31:*.rz=01;31:*.cab=01;31:*.wim=01;31:*.swm=01;31:*.dwm=01;31:*.esd=01;31:*.jpg=01;35:*.jpeg=01;35:*.mjpg=01;35:*.mjpeg=01;35:*.gif=01;35:*.bmp=01;35:*.pbm=01;35:*.pgm=01;35:*.ppm=01;35:*.tga=01;35:*.xbm=01;35:*.xpm=01;35:*.tif=01;35:*.tiff=01;35:*.png=01;35:*.svg=01;35:*.svgz=01;35:*.mng=01;35:*.pcx=01;35:*.mov=01;35:*.mpg=01;35:*.mpeg=01;35:*.m2v=01;35:*.mkv=01;35:*.webm=01;35:*.webp=01;35:*.ogm=01;35:*.mp4=01;35:*.m4v=01;35:*.mp4v=01;35:*.vob=01;35:*.qt=01;35:*.nuv=01;35:*.wmv=01;35:*.asf=01;35:*.rm=01;35:*.rmvb=01;35:*.flc=01;35:*.avi=01;35:*.fli=01;35:*.flv=01;35:*.gl=01;35:*.dl=01;35:*.xcf=01;35:*.xwd=01;35:*.yuv=01;35:*.cgm=01;35:*.emf=01;35:*.ogv=01;35:*.ogx=01;35:*.aac=00;36:*.au=00;36:*.flac=00;36:*.m4a=00;36:*.mid=00;36:*.midi=00;36:*.mka=00;36:*.mp3=00;36:*.mpc=00;36:*.ogg=00;36:*.ra=00;36:*.wav=00;36:*.oga=00;36:*.opus=00;36:*.spx=00;36:*.xspf=00;36:', 'AMENT_PREFIX_PATH': '/root/ros2_ws/install/p9n_node:/root/ros2_ws/install/p9n_interface:/opt/ros/humble', 'PWD': '/root/ros2_ws/build/p9n_bringup', 'LC_ALL': 'C.UTF-8', 'PYTHONPATH': '/root/ros2_ws/build/p9n_bringup/prefix_override:/usr/lib/python3/dist-packages/colcon_core/task/python/colcon_distutils_commands:/root/ros2_ws/install/p9n_bringup/lib/python3.10/site-packages:/opt/ros/humble/lib/python3.10/site-packages:/opt/ros/humble/local/lib/python3.10/dist-packages', 'COLCON': '1', 'CMAKE_PREFIX_PATH': '/root/ros2_ws/install/p9n_node:/root/ros2_ws/install/p9n_interface'}, 'shell': False}
[19.477598] (-) TimerEvent: {}
[19.497563] (mg400_msgs) StdoutLine: {'line': b'[ 87%] \x1b[32m\x1b[1mLinking CXX shared library libmg400_msgs__rosidl_typesupport_introspection_cpp.so\x1b[0m\n'}
[19.577712] (-) TimerEvent: {}
[19.598767] (mg400_msgs) StdoutLine: {'line': b'[ 88%] \x1b[32m\x1b[1mLinking CXX shared library libmg400_msgs__rosidl_typesupport_fastrtps_c.so\x1b[0m\n'}
[19.605126] (mg400_msgs) StdoutLine: {'line': b'[ 88%] Built target mg400_msgs__rosidl_typesupport_introspection_cpp\n'}
[19.666172] (mg400_msgs) StdoutLine: {'line': b'[ 88%] \x1b[32m\x1b[1mLinking CXX shared library libmg400_msgs__rosidl_typesupport_fastrtps_cpp.so\x1b[0m\n'}
[19.673169] (p9n_bringup) StdoutLine: {'line': b'running develop\n'}
[19.677877] (-) TimerEvent: {}
[19.694685] (mg400_msgs) StdoutLine: {'line': b'[ 88%] Built target mg400_msgs__rosidl_typesupport_fastrtps_c\n'}
[19.762184] (mg400_msgs) StdoutLine: {'line': b'[ 88%] Built target mg400_msgs__rosidl_typesupport_fastrtps_cpp\n'}
[19.777968] (-) TimerEvent: {}
[19.779856] (p9n_bringup) StdoutLine: {'line': b'running egg_info\n'}
[19.780051] (p9n_bringup) StdoutLine: {'line': b'creating p9n_bringup.egg-info\n'}
[19.780101] (p9n_bringup) StdoutLine: {'line': b'writing p9n_bringup.egg-info/PKG-INFO\n'}
[19.780290] (p9n_bringup) StdoutLine: {'line': b'writing dependency_links to p9n_bringup.egg-info/dependency_links.txt\n'}
[19.780406] (p9n_bringup) StdoutLine: {'line': b'writing entry points to p9n_bringup.egg-info/entry_points.txt\n'}
[19.780507] (p9n_bringup) StdoutLine: {'line': b'writing requirements to p9n_bringup.egg-info/requires.txt\n'}
[19.780580] (p9n_bringup) StdoutLine: {'line': b'writing top-level names to p9n_bringup.egg-info/top_level.txt\n'}
[19.780755] (p9n_bringup) StdoutLine: {'line': b"writing manifest file 'p9n_bringup.egg-info/SOURCES.txt'\n"}
[19.782345] (p9n_bringup) StdoutLine: {'line': b"reading manifest file 'p9n_bringup.egg-info/SOURCES.txt'\n"}
[19.782873] (p9n_bringup) StdoutLine: {'line': b"writing manifest file 'p9n_bringup.egg-info/SOURCES.txt'\n"}
[19.784276] (p9n_bringup) StdoutLine: {'line': b'running build_ext\n'}
[19.784529] (p9n_bringup) StdoutLine: {'line': b'Creating /root/ros2_ws/install/p9n_bringup/lib/python3.10/site-packages/p9n-bringup.egg-link (link to .)\n'}
[19.785237] (p9n_bringup) StdoutLine: {'line': b'\n'}
[19.785327] (p9n_bringup) StdoutLine: {'line': b'Installed /root/ros2_ws/build/p9n_bringup\n'}
[19.785431] (p9n_bringup) StdoutLine: {'line': b'running symlink_data\n'}
[19.785483] (p9n_bringup) StdoutLine: {'line': b'creating /root/ros2_ws/install/p9n_bringup/share/ament_index\n'}
[19.785532] (mg400_msgs) StdoutLine: {'line': b'[ 88%] Built target mg400_msgs\n'}
[19.785667] (p9n_bringup) StdoutLine: {'line': b'creating /root/ros2_ws/install/p9n_bringup/share/ament_index/resource_index\n'}
[19.785769] (p9n_bringup) StdoutLine: {'line': b'creating /root/ros2_ws/install/p9n_bringup/share/ament_index/resource_index/packages\n'}
[19.785859] (p9n_bringup) StdoutLine: {'line': b'symbolically linking /root/ros2_ws/build/p9n_bringup/resource/p9n_bringup -> /root/ros2_ws/install/p9n_bringup/share/ament_index/resource_index/packages\n'}
[19.785907] (p9n_bringup) StdoutLine: {'line': b'symbolically linking /root/ros2_ws/build/p9n_bringup/package.xml -> /root/ros2_ws/install/p9n_bringup/share/p9n_bringup\n'}
[19.785970] (p9n_bringup) StdoutLine: {'line': b'creating /root/ros2_ws/install/p9n_bringup/share/p9n_bringup/launch\n'}
[19.786025] (p9n_bringup) StdoutLine: {'line': b'symbolically linking /root/ros2_ws/build/p9n_bringup/launch/teleop_turtlesim.launch.py -> /root/ros2_ws/install/p9n_bringup/share/p9n_bringup/launch\n'}
[19.786083] (p9n_bringup) StdoutLine: {'line': b'symbolically linking /root/ros2_ws/build/p9n_bringup/launch/teleop.launch.py -> /root/ros2_ws/install/p9n_bringup/share/p9n_bringup/launch\n'}
[19.811723] (mg400_msgs) StdoutLine: {'line': b'[ 88%] \x1b[34m\x1b[1mGenerating Python code for ROS interfaces\x1b[0m\n'}
[19.833317] (p9n_bringup) CommandEnded: {'returncode': 0}
[19.840470] (p9n_bringup) JobEnded: {'identifier': 'p9n_bringup', 'rc': 0}
[19.841934] (p9n) JobStarted: {'identifier': 'p9n'}
[19.856858] (p9n) JobProgress: {'identifier': 'p9n', 'progress': 'cmake'}
[19.857412] (p9n) Command: {'cmd': ['/usr/bin/cmake', '/root/ros2_ws/src/PlayStation-JoyInterface-ROS2/p9n', '-DAMENT_CMAKE_SYMLINK_INSTALL=1', '-DCMAKE_INSTALL_PREFIX=/root/ros2_ws/install/p9n'], 'cwd': '/root/ros2_ws/build/p9n', 'env': OrderedDict([('HOSTNAME', 'zzz-2404'), ('SHLVL', '1'), ('LD_LIBRARY_PATH', '/root/ros2_ws/install/p9n_test/lib:/root/ros2_ws/install/p9n_node/lib:/root/ros2_ws/install/p9n_example/lib:/root/ros2_ws/install/p9n_interface/lib:/opt/ros/humble/opt/rviz_ogre_vendor/lib:/opt/ros/humble/lib/x86_64-linux-gnu:/opt/ros/humble/lib'), ('HOME', '/root'), ('OLDPWD', '/root/ros2_ws'), ('ROS_PYTHON_VERSION', '3'), ('ROS_DISTRO', 'humble'), ('_', '/usr/bin/colcon'), ('ROS_VERSION', '2'), ('TERM', 'xterm'), ('ROS_LOCALHOST_ONLY', '0'), ('PATH', '/opt/ros/humble/bin:/usr/local/sbin:/usr/local/bin:/usr/sbin:/usr/bin:/sbin:/bin'), ('LANG', 'C.UTF-8'), ('LS_COLORS', 'rs=0:di=01;34:ln=01;36:mh=00:pi=40;33:so=01;35:do=01;35:bd=40;33;01:cd=40;33;01:or=40;31;01:mi=00:su=37;41:sg=30;43:ca=30;41:tw=30;42:ow=34;42:st=37;44:ex=01;32:*.tar=01;31:*.tgz=01;31:*.arc=01;31:*.arj=01;31:*.taz=01;31:*.lha=01;31:*.lz4=01;31:*.lzh=01;31:*.lzma=01;31:*.tlz=01;31:*.txz=01;31:*.tzo=01;31:*.t7z=01;31:*.zip=01;31:*.z=01;31:*.dz=01;31:*.gz=01;31:*.lrz=01;31:*.lz=01;31:*.lzo=01;31:*.xz=01;31:*.zst=01;31:*.tzst=01;31:*.bz2=01;31:*.bz=01;31:*.tbz=01;31:*.tbz2=01;31:*.tz=01;31:*.deb=01;31:*.rpm=01;31:*.jar=01;31:*.war=01;31:*.ear=01;31:*.sar=01;31:*.rar=01;31:*.alz=01;31:*.ace=01;31:*.zoo=01;31:*.cpio=01;31:*.7z=01;31:*.rz=01;31:*.cab=01;31:*.wim=01;31:*.swm=01;31:*.dwm=01;31:*.esd=01;31:*.jpg=01;35:*.jpeg=01;35:*.mjpg=01;35:*.mjpeg=01;35:*.gif=01;35:*.bmp=01;35:*.pbm=01;35:*.pgm=01;35:*.ppm=01;35:*.tga=01;35:*.xbm=01;35:*.xpm=01;35:*.tif=01;35:*.tiff=01;35:*.png=01;35:*.svg=01;35:*.svgz=01;35:*.mng=01;35:*.pcx=01;35:*.mov=01;35:*.mpg=01;35:*.mpeg=01;35:*.m2v=01;35:*.mkv=01;35:*.webm=01;35:*.webp=01;35:*.ogm=01;35:*.mp4=01;35:*.m4v=01;35:*.mp4v=01;35:*.vob=01;35:*.qt=01;35:*.nuv=01;35:*.wmv=01;35:*.asf=01;35:*.rm=01;35:*.rmvb=01;35:*.flc=01;35:*.avi=01;35:*.fli=01;35:*.flv=01;35:*.gl=01;35:*.dl=01;35:*.xcf=01;35:*.xwd=01;35:*.yuv=01;35:*.cgm=01;35:*.emf=01;35:*.ogv=01;35:*.ogx=01;35:*.aac=00;36:*.au=00;36:*.flac=00;36:*.m4a=00;36:*.mid=00;36:*.midi=00;36:*.mka=00;36:*.mp3=00;36:*.mpc=00;36:*.ogg=00;36:*.ra=00;36:*.wav=00;36:*.oga=00;36:*.opus=00;36:*.spx=00;36:*.xspf=00;36:'), ('AMENT_PREFIX_PATH', '/root/ros2_ws/install/p9n_bringup:/root/ros2_ws/install/p9n_test:/root/ros2_ws/install/p9n_node:/root/ros2_ws/install/p9n_example:/root/ros2_ws/install/p9n_interface:/opt/ros/humble'), ('PWD', '/root/ros2_ws/build/p9n'), ('LC_ALL', 'C.UTF-8'), ('PYTHONPATH', '/root/ros2_ws/build/p9n_bringup:/root/ros2_ws/install/p9n_bringup/lib/python3.10/site-packages:/opt/ros/humble/lib/python3.10/site-packages:/opt/ros/humble/local/lib/python3.10/dist-packages'), ('COLCON', '1'), ('CMAKE_PREFIX_PATH', '/root/ros2_ws/install/p9n_test:/root/ros2_ws/install/p9n_node:/root/ros2_ws/install/p9n_example:/root/ros2_ws/install/p9n_interface:/opt/ros/humble')]), 'shell': False}
[19.878140] (-) TimerEvent: {}
[19.912667] (p9n) StdoutLine: {'line': b'-- The C compiler identification is GNU 11.4.0\n'}
[19.964071] (p9n) StdoutLine: {'line': b'-- The CXX compiler identification is GNU 11.4.0\n'}
[19.971234] (p9n) StdoutLine: {'line': b'-- Detecting C compiler ABI info\n'}
[19.978234] (-) TimerEvent: {}
[20.037911] (p9n) StdoutLine: {'line': b'-- Detecting C compiler ABI info - done\n'}
[20.043044] (p9n) StdoutLine: {'line': b'-- Check for working C compiler: /usr/bin/cc - skipped\n'}
[20.043246] (p9n) StdoutLine: {'line': b'-- Detecting C compile features\n'}
[20.043519] (p9n) StdoutLine: {'line': b'-- Detecting C compile features - done\n'}
[20.046220] (p9n) StdoutLine: {'line': b'-- Detecting CXX compiler ABI info\n'}
[20.078393] (-) TimerEvent: {}
[20.123902] (p9n) StdoutLine: {'line': b'-- Detecting CXX compiler ABI info - done\n'}
[20.129952] (p9n) StdoutLine: {'line': b'-- Check for working CXX compiler: /usr/bin/c++ - skipped\n'}
[20.130240] (p9n) StdoutLine: {'line': b'-- Detecting CXX compile features\n'}
[20.130620] (p9n) StdoutLine: {'line': b'-- Detecting CXX compile features - done\n'}
[20.134064] (p9n) StdoutLine: {'line': b'-- Found ament_cmake: 1.3.14 (/opt/ros/humble/share/ament_cmake/cmake)\n'}
[20.178456] (-) TimerEvent: {}
[20.263473] (p9n) StdoutLine: {'line': b'-- Found Python3: /usr/bin/python3 (found version "3.10.12") found components: Interpreter \n'}
[20.278555] (-) TimerEvent: {}
[20.321277] (p9n) StdoutLine: {'line': b'-- Override CMake install command with custom implementation using symlinks instead of copying resources\n'}
[20.355905] (p9n) StdoutLine: {'line': b'-- Found ament_lint_auto: 0.12.15 (/opt/ros/humble/share/ament_lint_auto/cmake)\n'}
[20.378643] (-) TimerEvent: {}
[20.430755] (p9n) StdoutLine: {'line': b"-- Added test 'lint_cmake' to check CMake code style\n"}
[20.431515] (p9n) StdoutLine: {'line': b"-- Added test 'xmllint' to check XML markup files\n"}
[20.432856] (p9n) StdoutLine: {'line': b'-- Configuring done\n'}
[20.435666] (p9n) StdoutLine: {'line': b'-- Generating done\n'}
[20.436947] (p9n) StdoutLine: {'line': b'-- Build files have been written to: /root/ros2_ws/build/p9n\n'}
[20.441226] (p9n) CommandEnded: {'returncode': 0}
[20.441768] (p9n) JobProgress: {'identifier': 'p9n', 'progress': 'build'}
[20.442090] (p9n) Command: {'cmd': ['/usr/bin/cmake', '--build', '/root/ros2_ws/build/p9n', '--', '-j16', '-l16'], 'cwd': '/root/ros2_ws/build/p9n', 'env': OrderedDict([('HOSTNAME', 'zzz-2404'), ('SHLVL', '1'), ('LD_LIBRARY_PATH', '/root/ros2_ws/install/p9n_test/lib:/root/ros2_ws/install/p9n_node/lib:/root/ros2_ws/install/p9n_example/lib:/root/ros2_ws/install/p9n_interface/lib:/opt/ros/humble/opt/rviz_ogre_vendor/lib:/opt/ros/humble/lib/x86_64-linux-gnu:/opt/ros/humble/lib'), ('HOME', '/root'), ('OLDPWD', '/root/ros2_ws'), ('ROS_PYTHON_VERSION', '3'), ('ROS_DISTRO', 'humble'), ('_', '/usr/bin/colcon'), ('ROS_VERSION', '2'), ('TERM', 'xterm'), ('ROS_LOCALHOST_ONLY', '0'), ('PATH', '/opt/ros/humble/bin:/usr/local/sbin:/usr/local/bin:/usr/sbin:/usr/bin:/sbin:/bin'), ('LANG', 'C.UTF-8'), ('LS_COLORS', 'rs=0:di=01;34:ln=01;36:mh=00:pi=40;33:so=01;35:do=01;35:bd=40;33;01:cd=40;33;01:or=40;31;01:mi=00:su=37;41:sg=30;43:ca=30;41:tw=30;42:ow=34;42:st=37;44:ex=01;32:*.tar=01;31:*.tgz=01;31:*.arc=01;31:*.arj=01;31:*.taz=01;31:*.lha=01;31:*.lz4=01;31:*.lzh=01;31:*.lzma=01;31:*.tlz=01;31:*.txz=01;31:*.tzo=01;31:*.t7z=01;31:*.zip=01;31:*.z=01;31:*.dz=01;31:*.gz=01;31:*.lrz=01;31:*.lz=01;31:*.lzo=01;31:*.xz=01;31:*.zst=01;31:*.tzst=01;31:*.bz2=01;31:*.bz=01;31:*.tbz=01;31:*.tbz2=01;31:*.tz=01;31:*.deb=01;31:*.rpm=01;31:*.jar=01;31:*.war=01;31:*.ear=01;31:*.sar=01;31:*.rar=01;31:*.alz=01;31:*.ace=01;31:*.zoo=01;31:*.cpio=01;31:*.7z=01;31:*.rz=01;31:*.cab=01;31:*.wim=01;31:*.swm=01;31:*.dwm=01;31:*.esd=01;31:*.jpg=01;35:*.jpeg=01;35:*.mjpg=01;35:*.mjpeg=01;35:*.gif=01;35:*.bmp=01;35:*.pbm=01;35:*.pgm=01;35:*.ppm=01;35:*.tga=01;35:*.xbm=01;35:*.xpm=01;35:*.tif=01;35:*.tiff=01;35:*.png=01;35:*.svg=01;35:*.svgz=01;35:*.mng=01;35:*.pcx=01;35:*.mov=01;35:*.mpg=01;35:*.mpeg=01;35:*.m2v=01;35:*.mkv=01;35:*.webm=01;35:*.webp=01;35:*.ogm=01;35:*.mp4=01;35:*.m4v=01;35:*.mp4v=01;35:*.vob=01;35:*.qt=01;35:*.nuv=01;35:*.wmv=01;35:*.asf=01;35:*.rm=01;35:*.rmvb=01;35:*.flc=01;35:*.avi=01;35:*.fli=01;35:*.flv=01;35:*.gl=01;35:*.dl=01;35:*.xcf=01;35:*.xwd=01;35:*.yuv=01;35:*.cgm=01;35:*.emf=01;35:*.ogv=01;35:*.ogx=01;35:*.aac=00;36:*.au=00;36:*.flac=00;36:*.m4a=00;36:*.mid=00;36:*.midi=00;36:*.mka=00;36:*.mp3=00;36:*.mpc=00;36:*.ogg=00;36:*.ra=00;36:*.wav=00;36:*.oga=00;36:*.opus=00;36:*.spx=00;36:*.xspf=00;36:'), ('AMENT_PREFIX_PATH', '/root/ros2_ws/install/p9n_bringup:/root/ros2_ws/install/p9n_test:/root/ros2_ws/install/p9n_node:/root/ros2_ws/install/p9n_example:/root/ros2_ws/install/p9n_interface:/opt/ros/humble'), ('PWD', '/root/ros2_ws/build/p9n'), ('LC_ALL', 'C.UTF-8'), ('PYTHONPATH', '/root/ros2_ws/build/p9n_bringup:/root/ros2_ws/install/p9n_bringup/lib/python3.10/site-packages:/opt/ros/humble/lib/python3.10/site-packages:/opt/ros/humble/local/lib/python3.10/dist-packages'), ('COLCON', '1'), ('CMAKE_PREFIX_PATH', '/root/ros2_ws/install/p9n_test:/root/ros2_ws/install/p9n_node:/root/ros2_ws/install/p9n_example:/root/ros2_ws/install/p9n_interface:/opt/ros/humble')]), 'shell': False}
[20.478735] (-) TimerEvent: {}
[20.481569] (p9n) CommandEnded: {'returncode': 0}
[20.482160] (p9n) JobProgress: {'identifier': 'p9n', 'progress': 'install'}
[20.482579] (p9n) Command: {'cmd': ['/usr/bin/cmake', '--install', '/root/ros2_ws/build/p9n'], 'cwd': '/root/ros2_ws/build/p9n', 'env': OrderedDict([('HOSTNAME', 'zzz-2404'), ('SHLVL', '1'), ('LD_LIBRARY_PATH', '/root/ros2_ws/install/p9n_test/lib:/root/ros2_ws/install/p9n_node/lib:/root/ros2_ws/install/p9n_example/lib:/root/ros2_ws/install/p9n_interface/lib:/opt/ros/humble/opt/rviz_ogre_vendor/lib:/opt/ros/humble/lib/x86_64-linux-gnu:/opt/ros/humble/lib'), ('HOME', '/root'), ('OLDPWD', '/root/ros2_ws'), ('ROS_PYTHON_VERSION', '3'), ('ROS_DISTRO', 'humble'), ('_', '/usr/bin/colcon'), ('ROS_VERSION', '2'), ('TERM', 'xterm'), ('ROS_LOCALHOST_ONLY', '0'), ('PATH', '/opt/ros/humble/bin:/usr/local/sbin:/usr/local/bin:/usr/sbin:/usr/bin:/sbin:/bin'), ('LANG', 'C.UTF-8'), ('LS_COLORS', 'rs=0:di=01;34:ln=01;36:mh=00:pi=40;33:so=01;35:do=01;35:bd=40;33;01:cd=40;33;01:or=40;31;01:mi=00:su=37;41:sg=30;43:ca=30;41:tw=30;42:ow=34;42:st=37;44:ex=01;32:*.tar=01;31:*.tgz=01;31:*.arc=01;31:*.arj=01;31:*.taz=01;31:*.lha=01;31:*.lz4=01;31:*.lzh=01;31:*.lzma=01;31:*.tlz=01;31:*.txz=01;31:*.tzo=01;31:*.t7z=01;31:*.zip=01;31:*.z=01;31:*.dz=01;31:*.gz=01;31:*.lrz=01;31:*.lz=01;31:*.lzo=01;31:*.xz=01;31:*.zst=01;31:*.tzst=01;31:*.bz2=01;31:*.bz=01;31:*.tbz=01;31:*.tbz2=01;31:*.tz=01;31:*.deb=01;31:*.rpm=01;31:*.jar=01;31:*.war=01;31:*.ear=01;31:*.sar=01;31:*.rar=01;31:*.alz=01;31:*.ace=01;31:*.zoo=01;31:*.cpio=01;31:*.7z=01;31:*.rz=01;31:*.cab=01;31:*.wim=01;31:*.swm=01;31:*.dwm=01;31:*.esd=01;31:*.jpg=01;35:*.jpeg=01;35:*.mjpg=01;35:*.mjpeg=01;35:*.gif=01;35:*.bmp=01;35:*.pbm=01;35:*.pgm=01;35:*.ppm=01;35:*.tga=01;35:*.xbm=01;35:*.xpm=01;35:*.tif=01;35:*.tiff=01;35:*.png=01;35:*.svg=01;35:*.svgz=01;35:*.mng=01;35:*.pcx=01;35:*.mov=01;35:*.mpg=01;35:*.mpeg=01;35:*.m2v=01;35:*.mkv=01;35:*.webm=01;35:*.webp=01;35:*.ogm=01;35:*.mp4=01;35:*.m4v=01;35:*.mp4v=01;35:*.vob=01;35:*.qt=01;35:*.nuv=01;35:*.wmv=01;35:*.asf=01;35:*.rm=01;35:*.rmvb=01;35:*.flc=01;35:*.avi=01;35:*.fli=01;35:*.flv=01;35:*.gl=01;35:*.dl=01;35:*.xcf=01;35:*.xwd=01;35:*.yuv=01;35:*.cgm=01;35:*.emf=01;35:*.ogv=01;35:*.ogx=01;35:*.aac=00;36:*.au=00;36:*.flac=00;36:*.m4a=00;36:*.mid=00;36:*.midi=00;36:*.mka=00;36:*.mp3=00;36:*.mpc=00;36:*.ogg=00;36:*.ra=00;36:*.wav=00;36:*.oga=00;36:*.opus=00;36:*.spx=00;36:*.xspf=00;36:'), ('AMENT_PREFIX_PATH', '/root/ros2_ws/install/p9n_bringup:/root/ros2_ws/install/p9n_test:/root/ros2_ws/install/p9n_node:/root/ros2_ws/install/p9n_example:/root/ros2_ws/install/p9n_interface:/opt/ros/humble'), ('PWD', '/root/ros2_ws/build/p9n'), ('LC_ALL', 'C.UTF-8'), ('PYTHONPATH', '/root/ros2_ws/build/p9n_bringup:/root/ros2_ws/install/p9n_bringup/lib/python3.10/site-packages:/opt/ros/humble/lib/python3.10/site-packages:/opt/ros/humble/local/lib/python3.10/dist-packages'), ('COLCON', '1'), ('CMAKE_PREFIX_PATH', '/root/ros2_ws/install/p9n_test:/root/ros2_ws/install/p9n_node:/root/ros2_ws/install/p9n_example:/root/ros2_ws/install/p9n_interface:/opt/ros/humble')]), 'shell': False}
[20.489959] (p9n) StdoutLine: {'line': b'-- Install configuration: ""\n'}
[20.490343] (p9n) StdoutLine: {'line': b'-- Execute custom install script\n'}
[20.490609] (p9n) StdoutLine: {'line': b'-- Symlinking: /root/ros2_ws/install/p9n/share/ament_index/resource_index/package_run_dependencies/p9n\n'}
[20.499718] (p9n) StdoutLine: {'line': b'-- Symlinking: /root/ros2_ws/install/p9n/share/ament_index/resource_index/parent_prefix_path/p9n\n'}
[20.508793] (p9n) StdoutLine: {'line': b'-- Symlinking: /root/ros2_ws/install/p9n/share/p9n/environment/ament_prefix_path.sh\n'}
[20.517971] (p9n) StdoutLine: {'line': b'-- Symlinking: /root/ros2_ws/install/p9n/share/p9n/environment/ament_prefix_path.dsv\n'}
[20.526773] (p9n) StdoutLine: {'line': b'-- Symlinking: /root/ros2_ws/install/p9n/share/p9n/environment/path.sh\n'}
[20.534771] (p9n) StdoutLine: {'line': b'-- Symlinking: /root/ros2_ws/install/p9n/share/p9n/environment/path.dsv\n'}
[20.543667] (p9n) StdoutLine: {'line': b'-- Symlinking: /root/ros2_ws/install/p9n/share/p9n/local_setup.bash\n'}
[20.552028] (p9n) StdoutLine: {'line': b'-- Symlinking: /root/ros2_ws/install/p9n/share/p9n/local_setup.sh\n'}
[20.560354] (p9n) StdoutLine: {'line': b'-- Symlinking: /root/ros2_ws/install/p9n/share/p9n/local_setup.zsh\n'}
[20.568233] (p9n) StdoutLine: {'line': b'-- Symlinking: /root/ros2_ws/install/p9n/share/p9n/local_setup.dsv\n'}
[20.576095] (p9n) StdoutLine: {'line': b'-- Symlinking: /root/ros2_ws/install/p9n/share/p9n/package.dsv\n'}
[20.578800] (-) TimerEvent: {}
[20.585135] (p9n) StdoutLine: {'line': b'-- Symlinking: /root/ros2_ws/install/p9n/share/ament_index/resource_index/packages/p9n\n'}
[20.593811] (p9n) StdoutLine: {'line': b'-- Symlinking: /root/ros2_ws/install/p9n/share/p9n/cmake/p9nConfig.cmake\n'}
[20.601768] (p9n) StdoutLine: {'line': b'-- Symlinking: /root/ros2_ws/install/p9n/share/p9n/cmake/p9nConfig-version.cmake\n'}
[20.609136] (p9n) StdoutLine: {'line': b'-- Symlinking: /root/ros2_ws/install/p9n/share/p9n/package.xml\n'}
[20.618630] (p9n) CommandEnded: {'returncode': 0}
[20.628180] (p9n) JobEnded: {'identifier': 'p9n', 'rc': 0}
[20.678918] (-) TimerEvent: {}
[20.779197] (-) TimerEvent: {}
[20.879489] (-) TimerEvent: {}
[20.979822] (-) TimerEvent: {}
[21.080119] (-) TimerEvent: {}
[21.180430] (-) TimerEvent: {}
[21.280759] (-) TimerEvent: {}
[21.381019] (-) TimerEvent: {}
[21.481320] (-) TimerEvent: {}
[21.581585] (-) TimerEvent: {}
[21.681866] (-) TimerEvent: {}
[21.782144] (-) TimerEvent: {}
[21.882421] (-) TimerEvent: {}
[21.982709] (-) TimerEvent: {}
[22.082988] (-) TimerEvent: {}
[22.183279] (-) TimerEvent: {}
[22.283564] (-) TimerEvent: {}
[22.383909] (-) TimerEvent: {}
[22.484192] (-) TimerEvent: {}
[22.584486] (-) TimerEvent: {}
[22.684780] (-) TimerEvent: {}
[22.785058] (-) TimerEvent: {}
[22.885338] (-) TimerEvent: {}
[22.985678] (-) TimerEvent: {}
[23.085979] (-) TimerEvent: {}
[23.186258] (-) TimerEvent: {}
[23.286572] (-) TimerEvent: {}
[23.386859] (-) TimerEvent: {}
[23.487108] (-) TimerEvent: {}
[23.587379] (-) TimerEvent: {}
[23.687621] (-) TimerEvent: {}
[23.787870] (-) TimerEvent: {}
[23.888115] (-) TimerEvent: {}
[23.988375] (-) TimerEvent: {}
[24.088666] (-) TimerEvent: {}
[24.188935] (-) TimerEvent: {}
[24.289246] (-) TimerEvent: {}
[24.389670] (-) TimerEvent: {}
[24.489966] (-) TimerEvent: {}
[24.590232] (-) TimerEvent: {}
[24.690514] (-) TimerEvent: {}
[24.790845] (-) TimerEvent: {}
[24.891094] (-) TimerEvent: {}
[24.991374] (-) TimerEvent: {}
[25.091601] (-) TimerEvent: {}
[25.191892] (-) TimerEvent: {}
[25.292191] (-) TimerEvent: {}
[25.392486] (-) TimerEvent: {}
[25.492775] (-) TimerEvent: {}
[25.593075] (-) TimerEvent: {}
[25.693437] (-) TimerEvent: {}
[25.793715] (-) TimerEvent: {}
[25.893983] (-) TimerEvent: {}
[25.994273] (-) TimerEvent: {}
[26.094521] (-) TimerEvent: {}
[26.194782] (-) TimerEvent: {}
[26.295054] (-) TimerEvent: {}
[26.395335] (-) TimerEvent: {}
[26.495592] (-) TimerEvent: {}
[26.595956] (-) TimerEvent: {}
[26.696241] (-) TimerEvent: {}
[26.796504] (-) TimerEvent: {}
[26.870177] (mg400_msgs) StdoutLine: {'line': b'[ 88%] Built target mg400_msgs__py\n'}
[26.893285] (mg400_msgs) StdoutLine: {'line': b'[ 89%] \x1b[32mBuilding C object CMakeFiles/mg400_msgs__rosidl_generator_py.dir/rosidl_generator_py/mg400_msgs/msg/_arch_s.c.o\x1b[0m\n'}
[26.893490] (mg400_msgs) StdoutLine: {'line': b'[ 89%] \x1b[32mBuilding C object CMakeFiles/mg400_msgs__rosidl_generator_py.dir/rosidl_generator_py/mg400_msgs/msg/_command_s.c.o\x1b[0m\n'}
[26.893689] (mg400_msgs) StdoutLine: {'line': b'[ 89%] \x1b[32mBuilding C object CMakeFiles/mg400_msgs__rosidl_generator_py.dir/rosidl_generator_py/mg400_msgs/msg/_do_index_s.c.o\x1b[0m\n'}
[26.893857] (mg400_msgs) StdoutLine: {'line': b'[ 89%] \x1b[32mBuilding C object CMakeFiles/mg400_msgs__rosidl_generator_py.dir/rosidl_generator_py/mg400_msgs/msg/_distance_mode_s.c.o\x1b[0m\n'}
[26.893998] (mg400_msgs) StdoutLine: {'line': b'[ 89%] \x1b[32mBuilding C object CMakeFiles/mg400_msgs__rosidl_generator_py.dir/rosidl_generator_py/mg400_msgs/msg/_collision_level_s.c.o\x1b[0m\n'}
[26.894068] (mg400_msgs) StdoutLine: {'line': b'[ 89%] \x1b[32mBuilding C object CMakeFiles/mg400_msgs__rosidl_generator_py.dir/rosidl_generator_py/mg400_msgs/msg/_error_id_s.c.o\x1b[0m\n'}
[26.894137] (mg400_msgs) StdoutLine: {'line': b'[ 90%] \x1b[32mBuilding C object CMakeFiles/mg400_msgs__rosidl_generator_py.dir/rosidl_generator_py/mg400_msgs/msg/_do_status_s.c.o\x1b[0m\n'}
[26.894193] (mg400_msgs) StdoutLine: {'line': b'[ 90%] \x1b[32mBuilding C object CMakeFiles/mg400_msgs__rosidl_generator_py.dir/rosidl_generator_py/mg400_msgs/msg/_id_array_s.c.o\x1b[0m\n'}
[26.894250] (mg400_msgs) StdoutLine: {'line': b'[ 90%] \x1b[32mBuilding C object CMakeFiles/mg400_msgs__rosidl_generator_py.dir/rosidl_generator_py/mg400_msgs/msg/_di_index_s.c.o\x1b[0m\n'}
[26.894303] (mg400_msgs) StdoutLine: {'line': b'[ 90%] \x1b[32mBuilding C object CMakeFiles/mg400_msgs__rosidl_generator_py.dir/rosidl_generator_py/mg400_msgs/msg/_joint_mov_j_s.c.o\x1b[0m\n'}
[26.894357] (mg400_msgs) StdoutLine: {'line': b'[ 90%] \x1b[32mBuilding C object CMakeFiles/mg400_msgs__rosidl_generator_py.dir/rosidl_generator_py/mg400_msgs/msg/_mov_jio_s.c.o\x1b[0m\n'}
[26.894410] (mg400_msgs) StdoutLine: {'line': b'[ 90%] \x1b[32mBuilding C object CMakeFiles/mg400_msgs__rosidl_generator_py.dir/rosidl_generator_py/mg400_msgs/msg/_mov_l_s.c.o\x1b[0m\n'}
[26.894461] (mg400_msgs) StdoutLine: {'line': b'[ 91%] \x1b[32mBuilding C object CMakeFiles/mg400_msgs__rosidl_generator_py.dir/rosidl_generator_py/mg400_msgs/msg/_mov_j_s.c.o\x1b[0m\n'}
[26.894512] (mg400_msgs) StdoutLine: {'line': b'[ 91%] \x1b[32mBuilding C object CMakeFiles/mg400_msgs__rosidl_generator_py.dir/rosidl_generator_py/mg400_msgs/msg/_mov_lio_s.c.o\x1b[0m\n'}
[26.894565] (mg400_msgs) StdoutLine: {'line': b'[ 92%] \x1b[32mBuilding C object CMakeFiles/mg400_msgs__rosidl_generator_py.dir/rosidl_generator_py/mg400_msgs/msg/_move_jog_s.c.o\x1b[0m\n'}
[26.894618] (mg400_msgs) StdoutLine: {'line': b'[ 92%] \x1b[32mBuilding C object CMakeFiles/mg400_msgs__rosidl_generator_py.dir/rosidl_generator_py/mg400_msgs/msg/_robot_mode_s.c.o\x1b[0m\n'}
[26.896588] (-) TimerEvent: {}
[26.997706] (-) TimerEvent: {}
[27.021176] (mg400_msgs) StdoutLine: {'line': b'[ 92%] \x1b[32mBuilding C object CMakeFiles/mg400_msgs__rosidl_generator_py.dir/rosidl_generator_py/mg400_msgs/msg/_tool_s.c.o\x1b[0m\n'}
[27.021425] (mg400_msgs) StdoutLine: {'line': b'[ 92%] \x1b[32mBuilding C object CMakeFiles/mg400_msgs__rosidl_generator_py.dir/rosidl_generator_py/mg400_msgs/msg/_tool_di_index_s.c.o\x1b[0m\n'}
[27.021554] (mg400_msgs) StdoutLine: {'line': b'[ 92%] \x1b[32mBuilding C object CMakeFiles/mg400_msgs__rosidl_generator_py.dir/rosidl_generator_py/mg400_msgs/msg/_tool_do_index_s.c.o\x1b[0m\n'}
[27.021706] (mg400_msgs) StdoutLine: {'line': b'[ 93%] \x1b[32mBuilding C object CMakeFiles/mg400_msgs__rosidl_generator_py.dir/rosidl_generator_py/mg400_msgs/msg/_user_s.c.o\x1b[0m\n'}
[27.023672] (mg400_msgs) StdoutLine: {'line': b'[ 93%] \x1b[32mBuilding C object CMakeFiles/mg400_msgs__rosidl_generator_py.dir/rosidl_generator_py/mg400_msgs/srv/_arch_s.c.o\x1b[0m\n'}
[27.023865] (mg400_msgs) StdoutLine: {'line': b'[ 93%] \x1b[32mBuilding C object CMakeFiles/mg400_msgs__rosidl_generator_py.dir/rosidl_generator_py/mg400_msgs/srv/_acc_j_s.c.o\x1b[0m\n'}
[27.023975] (mg400_msgs) StdoutLine: {'line': b'[ 93%] \x1b[32mBuilding C object CMakeFiles/mg400_msgs__rosidl_generator_py.dir/rosidl_generator_py/mg400_msgs/srv/_acc_l_s.c.o\x1b[0m\n'}
[27.026916] (mg400_msgs) StdoutLine: {'line': b'[ 93%] \x1b[32mBuilding C object CMakeFiles/mg400_msgs__rosidl_generator_py.dir/rosidl_generator_py/mg400_msgs/srv/_cp_s.c.o\x1b[0m\n'}
[27.028418] (mg400_msgs) StdoutLine: {'line': b'[ 94%] \x1b[32mBuilding C object CMakeFiles/mg400_msgs__rosidl_generator_py.dir/rosidl_generator_py/mg400_msgs/srv/_do_s.c.o\x1b[0m\n'}
[27.028613] (mg400_msgs) StdoutLine: {'line': b'[ 94%] \x1b[32mBuilding C object CMakeFiles/mg400_msgs__rosidl_generator_py.dir/rosidl_generator_py/mg400_msgs/srv/_disable_robot_s.c.o\x1b[0m\n'}
[27.028707] (mg400_msgs) StdoutLine: {'line': b'[ 94%] \x1b[32mBuilding C object CMakeFiles/mg400_msgs__rosidl_generator_py.dir/rosidl_generator_py/mg400_msgs/srv/_emergency_stop_s.c.o\x1b[0m\n'}
[27.028975] (mg400_msgs) StdoutLine: {'line': b'[ 94%] \x1b[32mBuilding C object CMakeFiles/mg400_msgs__rosidl_generator_py.dir/rosidl_generator_py/mg400_msgs/srv/_di_s.c.o\x1b[0m\n'}
[27.029082] (mg400_msgs) StdoutLine: {'line': b'[ 95%] \x1b[32mBuilding C object CMakeFiles/mg400_msgs__rosidl_generator_py.dir/rosidl_generator_py/mg400_msgs/srv/_clear_error_s.c.o\x1b[0m\n'}
[27.030239] (mg400_msgs) StdoutLine: {'line': b'[ 95%] \x1b[32mBuilding C object CMakeFiles/mg400_msgs__rosidl_generator_py.dir/rosidl_generator_py/mg400_msgs/srv/_enable_robot_s.c.o\x1b[0m\n'}
[27.030677] (mg400_msgs) StdoutLine: {'line': b'[ 95%] \x1b[32mBuilding C object CMakeFiles/mg400_msgs__rosidl_generator_py.dir/rosidl_generator_py/mg400_msgs/srv/_get_angle_s.c.o\x1b[0m\n'}
[27.030807] (mg400_msgs) StdoutLine: {'line': b'[ 95%] \x1b[32mBuilding C object CMakeFiles/mg400_msgs__rosidl_generator_py.dir/rosidl_generator_py/mg400_msgs/srv/_get_error_id_s.c.o\x1b[0m\n'}
[27.098654] (-) TimerEvent: {}
[27.149638] (mg400_msgs) StdoutLine: {'line': b'[ 95%] \x1b[32mBuilding C object CMakeFiles/mg400_msgs__rosidl_generator_py.dir/rosidl_generator_py/mg400_msgs/srv/_get_pose_s.c.o\x1b[0m\n'}
[27.153544] (mg400_msgs) StdoutLine: {'line': b'[ 95%] \x1b[32mBuilding C object CMakeFiles/mg400_msgs__rosidl_generator_py.dir/rosidl_generator_py/mg400_msgs/srv/_joint_mov_j_s.c.o\x1b[0m\n'}
[27.156829] (mg400_msgs) StdoutLine: {'line': b'[ 97%] \x1b[32mBuilding C object CMakeFiles/mg400_msgs__rosidl_generator_py.dir/rosidl_generator_py/mg400_msgs/srv/_inverse_solution_s.c.o\x1b[0m\n'}
[27.157075] (mg400_msgs) StdoutLine: {'line': b'[ 97%] \x1b[32mBuilding C object CMakeFiles/mg400_msgs__rosidl_generator_py.dir/rosidl_generator_py/mg400_msgs/srv/_pay_load_s.c.o\x1b[0m\n'}
[27.157219] (mg400_msgs) StdoutLine: {'line': b'[ 97%] \x1b[32mBuilding C object CMakeFiles/mg400_msgs__rosidl_generator_py.dir/rosidl_generator_py/mg400_msgs/srv/_move_jog_s.c.o\x1b[0m\n'}
[27.157334] (mg400_msgs) StdoutLine: {'line': b'[ 97%] \x1b[32mBuilding C object CMakeFiles/mg400_msgs__rosidl_generator_py.dir/rosidl_generator_py/mg400_msgs/srv/_positive_solution_s.c.o\x1b[0m\n'}
[27.160967] (mg400_msgs) StdoutLine: {'line': b'[ 97%] \x1b[32mBuilding C object CMakeFiles/mg400_msgs__rosidl_generator_py.dir/rosidl_generator_py/mg400_msgs/srv/_reset_robot_s.c.o\x1b[0m\n'}
[27.170490] (mg400_msgs) StdoutLine: {'line': b'[ 97%] \x1b[32mBuilding C object CMakeFiles/mg400_msgs__rosidl_generator_py.dir/rosidl_generator_py/mg400_msgs/srv/_tool_di_s.c.o\x1b[0m\n'}
[27.171314] (mg400_msgs) StdoutLine: {'line': b'[ 98%] \x1b[32mBuilding C object CMakeFiles/mg400_msgs__rosidl_generator_py.dir/rosidl_generator_py/mg400_msgs/srv/_speed_j_s.c.o\x1b[0m\n'}
[27.171446] (mg400_msgs) StdoutLine: {'line': b'[ 98%] \x1b[32mBuilding C object CMakeFiles/mg400_msgs__rosidl_generator_py.dir/rosidl_generator_py/mg400_msgs/srv/_speed_l_s.c.o\x1b[0m\n'}
[27.171549] (mg400_msgs) StdoutLine: {'line': b'[ 98%] \x1b[32mBuilding C object CMakeFiles/mg400_msgs__rosidl_generator_py.dir/rosidl_generator_py/mg400_msgs/srv/_tool_s.c.o\x1b[0m\n'}
[27.171626] (mg400_msgs) StdoutLine: {'line': b'[ 98%] \x1b[32mBuilding C object CMakeFiles/mg400_msgs__rosidl_generator_py.dir/rosidl_generator_py/mg400_msgs/srv/_set_collision_level_s.c.o\x1b[0m\n'}
[27.174959] (mg400_msgs) StdoutLine: {'line': b'[ 98%] \x1b[32mBuilding C object CMakeFiles/mg400_msgs__rosidl_generator_py.dir/rosidl_generator_py/mg400_msgs/srv/_speed_factor_s.c.o\x1b[0m\n'}
[27.175225] (mg400_msgs) StdoutLine: {'line': b'[ 98%] \x1b[32mBuilding C object CMakeFiles/mg400_msgs__rosidl_generator_py.dir/rosidl_generator_py/mg400_msgs/srv/_robot_mode_s.c.o\x1b[0m\n'}
[27.176982] (mg400_msgs) StdoutLine: {'line': b'[ 99%] \x1b[32mBuilding C object CMakeFiles/mg400_msgs__rosidl_generator_py.dir/rosidl_generator_py/mg400_msgs/srv/_tool_do_execute_s.c.o\x1b[0m\n'}
[27.190605] (mg400_msgs) StdoutLine: {'line': b'[ 99%] \x1b[32mBuilding C object CMakeFiles/mg400_msgs__rosidl_generator_py.dir/rosidl_generator_py/mg400_msgs/srv/_user_s.c.o\x1b[0m\n'}
[27.198900] (-) TimerEvent: {}
[27.300721] (-) TimerEvent: {}
[27.306807] (mg400_msgs) StdoutLine: {'line': b'[ 99%] \x1b[32mBuilding C object CMakeFiles/mg400_msgs__rosidl_generator_py.dir/rosidl_generator_py/mg400_msgs/action/_command_queue_s.c.o\x1b[0m\n'}
[27.309017] (mg400_msgs) StdoutLine: {'line': b'[ 99%] \x1b[32mBuilding C object CMakeFiles/mg400_msgs__rosidl_generator_py.dir/rosidl_generator_py/mg400_msgs/action/_joint_mov_j_s.c.o\x1b[0m\n'}
[27.309321] (mg400_msgs) StdoutLine: {'line': b'[ 99%] \x1b[32mBuilding C object CMakeFiles/mg400_msgs__rosidl_generator_py.dir/rosidl_generator_py/mg400_msgs/action/_mov_j_s.c.o\x1b[0m\n'}
[27.309592] (mg400_msgs) StdoutLine: {'line': b'[100%] \x1b[32mBuilding C object CMakeFiles/mg400_msgs__rosidl_generator_py.dir/rosidl_generator_py/mg400_msgs/action/_mov_jio_s.c.o\x1b[0m\n'}
[27.313163] (mg400_msgs) StdoutLine: {'line': b'[100%] \x1b[32mBuilding C object CMakeFiles/mg400_msgs__rosidl_generator_py.dir/rosidl_generator_py/mg400_msgs/action/_mov_l_s.c.o\x1b[0m\n'}
[27.314447] (mg400_msgs) StdoutLine: {'line': b'[100%] \x1b[32mBuilding C object CMakeFiles/mg400_msgs__rosidl_generator_py.dir/rosidl_generator_py/mg400_msgs/action/_mov_lio_s.c.o\x1b[0m\n'}
[27.400809] (-) TimerEvent: {}
[27.445243] (mg400_msgs) StdoutLine: {'line': b'[100%] \x1b[32m\x1b[1mLinking C shared library rosidl_generator_py/mg400_msgs/libmg400_msgs__rosidl_generator_py.so\x1b[0m\n'}
[27.498661] (mg400_msgs) StdoutLine: {'line': b'[100%] Built target mg400_msgs__rosidl_generator_py\n'}
[27.500867] (-) TimerEvent: {}
[27.517416] (mg400_msgs) StdoutLine: {'line': b'[100%] \x1b[32mBuilding C object CMakeFiles/mg400_msgs__rosidl_typesupport_fastrtps_c__pyext.dir/rosidl_generator_py/mg400_msgs/_mg400_msgs_s.ep.rosidl_typesupport_fastrtps_c.c.o\x1b[0m\n'}
[27.517582] (mg400_msgs) StdoutLine: {'line': b'[100%] \x1b[32mBuilding C object CMakeFiles/mg400_msgs__rosidl_typesupport_c__pyext.dir/rosidl_generator_py/mg400_msgs/_mg400_msgs_s.ep.rosidl_typesupport_c.c.o\x1b[0m\n'}
[27.517663] (mg400_msgs) StdoutLine: {'line': b'[100%] \x1b[32mBuilding C object CMakeFiles/mg400_msgs__rosidl_typesupport_introspection_c__pyext.dir/rosidl_generator_py/mg400_msgs/_mg400_msgs_s.ep.rosidl_typesupport_introspection_c.c.o\x1b[0m\n'}
[27.600986] (-) TimerEvent: {}
[27.701288] (-) TimerEvent: {}
[27.801713] (-) TimerEvent: {}
[27.867276] (mg400_msgs) StdoutLine: {'line': b'[100%] \x1b[32m\x1b[1mLinking C shared library rosidl_generator_py/mg400_msgs/mg400_msgs_s__rosidl_typesupport_introspection_c.cpython-310-x86_64-linux-gnu.so\x1b[0m\n'}
[27.867512] (mg400_msgs) StdoutLine: {'line': b'[100%] \x1b[32m\x1b[1mLinking C shared library rosidl_generator_py/mg400_msgs/mg400_msgs_s__rosidl_typesupport_fastrtps_c.cpython-310-x86_64-linux-gnu.so\x1b[0m\n'}
[27.876303] (mg400_msgs) StdoutLine: {'line': b'[100%] \x1b[32m\x1b[1mLinking C shared library rosidl_generator_py/mg400_msgs/mg400_msgs_s__rosidl_typesupport_c.cpython-310-x86_64-linux-gnu.so\x1b[0m\n'}
[27.901827] (-) TimerEvent: {}
[27.913722] (mg400_msgs) StdoutLine: {'line': b'[100%] Built target mg400_msgs__rosidl_typesupport_introspection_c__pyext\n'}
[27.914327] (mg400_msgs) StdoutLine: {'line': b'[100%] Built target mg400_msgs__rosidl_typesupport_fastrtps_c__pyext\n'}
[27.921178] (mg400_msgs) StdoutLine: {'line': b'[100%] Built target mg400_msgs__rosidl_typesupport_c__pyext\n'}
[27.933023] (mg400_msgs) CommandEnded: {'returncode': 0}
[27.933600] (mg400_msgs) JobProgress: {'identifier': 'mg400_msgs', 'progress': 'install'}
[27.933781] (mg400_msgs) Command: {'cmd': ['/usr/bin/cmake', '--install', '/root/ros2_ws/build/mg400_msgs'], 'cwd': '/root/ros2_ws/build/mg400_msgs', 'env': OrderedDict([('HOSTNAME', 'zzz-2404'), ('SHLVL', '1'), ('LD_LIBRARY_PATH', '/opt/ros/humble/opt/rviz_ogre_vendor/lib:/opt/ros/humble/lib/x86_64-linux-gnu:/opt/ros/humble/lib'), ('HOME', '/root'), ('OLDPWD', '/root/ros2_ws'), ('ROS_PYTHON_VERSION', '3'), ('ROS_DISTRO', 'humble'), ('_', '/usr/bin/colcon'), ('ROS_VERSION', '2'), ('TERM', 'xterm'), ('ROS_LOCALHOST_ONLY', '0'), ('PATH', '/opt/ros/humble/bin:/usr/local/sbin:/usr/local/bin:/usr/sbin:/usr/bin:/sbin:/bin'), ('LANG', 'C.UTF-8'), ('LS_COLORS', 'rs=0:di=01;34:ln=01;36:mh=00:pi=40;33:so=01;35:do=01;35:bd=40;33;01:cd=40;33;01:or=40;31;01:mi=00:su=37;41:sg=30;43:ca=30;41:tw=30;42:ow=34;42:st=37;44:ex=01;32:*.tar=01;31:*.tgz=01;31:*.arc=01;31:*.arj=01;31:*.taz=01;31:*.lha=01;31:*.lz4=01;31:*.lzh=01;31:*.lzma=01;31:*.tlz=01;31:*.txz=01;31:*.tzo=01;31:*.t7z=01;31:*.zip=01;31:*.z=01;31:*.dz=01;31:*.gz=01;31:*.lrz=01;31:*.lz=01;31:*.lzo=01;31:*.xz=01;31:*.zst=01;31:*.tzst=01;31:*.bz2=01;31:*.bz=01;31:*.tbz=01;31:*.tbz2=01;31:*.tz=01;31:*.deb=01;31:*.rpm=01;31:*.jar=01;31:*.war=01;31:*.ear=01;31:*.sar=01;31:*.rar=01;31:*.alz=01;31:*.ace=01;31:*.zoo=01;31:*.cpio=01;31:*.7z=01;31:*.rz=01;31:*.cab=01;31:*.wim=01;31:*.swm=01;31:*.dwm=01;31:*.esd=01;31:*.jpg=01;35:*.jpeg=01;35:*.mjpg=01;35:*.mjpeg=01;35:*.gif=01;35:*.bmp=01;35:*.pbm=01;35:*.pgm=01;35:*.ppm=01;35:*.tga=01;35:*.xbm=01;35:*.xpm=01;35:*.tif=01;35:*.tiff=01;35:*.png=01;35:*.svg=01;35:*.svgz=01;35:*.mng=01;35:*.pcx=01;35:*.mov=01;35:*.mpg=01;35:*.mpeg=01;35:*.m2v=01;35:*.mkv=01;35:*.webm=01;35:*.webp=01;35:*.ogm=01;35:*.mp4=01;35:*.m4v=01;35:*.mp4v=01;35:*.vob=01;35:*.qt=01;35:*.nuv=01;35:*.wmv=01;35:*.asf=01;35:*.rm=01;35:*.rmvb=01;35:*.flc=01;35:*.avi=01;35:*.fli=01;35:*.flv=01;35:*.gl=01;35:*.dl=01;35:*.xcf=01;35:*.xwd=01;35:*.yuv=01;35:*.cgm=01;35:*.emf=01;35:*.ogv=01;35:*.ogx=01;35:*.aac=00;36:*.au=00;36:*.flac=00;36:*.m4a=00;36:*.mid=00;36:*.midi=00;36:*.mka=00;36:*.mp3=00;36:*.mpc=00;36:*.ogg=00;36:*.ra=00;36:*.wav=00;36:*.oga=00;36:*.opus=00;36:*.spx=00;36:*.xspf=00;36:'), ('AMENT_PREFIX_PATH', '/opt/ros/humble'), ('PWD', '/root/ros2_ws/build/mg400_msgs'), ('LC_ALL', 'C.UTF-8'), ('PYTHONPATH', '/opt/ros/humble/lib/python3.10/site-packages:/opt/ros/humble/local/lib/python3.10/dist-packages'), ('COLCON', '1'), ('CMAKE_PREFIX_PATH', '/opt/ros/humble')]), 'shell': False}
[27.941862] (mg400_msgs) StdoutLine: {'line': b'-- Install configuration: ""\n'}
[27.942793] (mg400_msgs) StdoutLine: {'line': b'-- Execute custom install script\n'}
[27.943038] (mg400_msgs) StdoutLine: {'line': b'-- Symlinking: /root/ros2_ws/install/mg400_msgs/share/ament_index/resource_index/rosidl_interfaces/mg400_msgs\n'}
[27.955004] (mg400_msgs) StdoutLine: {'line': b'-- Symlinking: /root/ros2_ws/install/mg400_msgs/include/mg400_msgs/mg400_msgs/action/command_queue.h\n'}
[27.962649] (mg400_msgs) StdoutLine: {'line': b'-- Symlinking: /root/ros2_ws/install/mg400_msgs/include/mg400_msgs/mg400_msgs/action/detail/command_queue__functions.h\n'}
[27.970274] (mg400_msgs) StdoutLine: {'line': b'-- Symlinking: /root/ros2_ws/install/mg400_msgs/include/mg400_msgs/mg400_msgs/action/detail/command_queue__struct.h\n'}
[27.977137] (mg400_msgs) StdoutLine: {'line': b'-- Symlinking: /root/ros2_ws/install/mg400_msgs/include/mg400_msgs/mg400_msgs/action/detail/command_queue__type_support.h\n'}
[27.984836] (mg400_msgs) StdoutLine: {'line': b'-- Symlinking: /root/ros2_ws/install/mg400_msgs/include/mg400_msgs/mg400_msgs/action/detail/joint_mov_j__functions.h\n'}
[27.991844] (mg400_msgs) StdoutLine: {'line': b'-- Symlinking: /root/ros2_ws/install/mg400_msgs/include/mg400_msgs/mg400_msgs/action/detail/joint_mov_j__struct.h\n'}
[27.999454] (mg400_msgs) StdoutLine: {'line': b'-- Symlinking: /root/ros2_ws/install/mg400_msgs/include/mg400_msgs/mg400_msgs/action/detail/joint_mov_j__type_support.h\n'}
[28.001880] (-) TimerEvent: {}
[28.006533] (mg400_msgs) StdoutLine: {'line': b'-- Symlinking: /root/ros2_ws/install/mg400_msgs/include/mg400_msgs/mg400_msgs/action/detail/mov_j__functions.h\n'}
[28.014226] (mg400_msgs) StdoutLine: {'line': b'-- Symlinking: /root/ros2_ws/install/mg400_msgs/include/mg400_msgs/mg400_msgs/action/detail/mov_j__struct.h\n'}
[28.020960] (mg400_msgs) StdoutLine: {'line': b'-- Symlinking: /root/ros2_ws/install/mg400_msgs/include/mg400_msgs/mg400_msgs/action/detail/mov_j__type_support.h\n'}
[28.027810] (mg400_msgs) StdoutLine: {'line': b'-- Symlinking: /root/ros2_ws/install/mg400_msgs/include/mg400_msgs/mg400_msgs/action/detail/mov_jio__functions.h\n'}
[28.034567] (mg400_msgs) StdoutLine: {'line': b'-- Symlinking: /root/ros2_ws/install/mg400_msgs/include/mg400_msgs/mg400_msgs/action/detail/mov_jio__struct.h\n'}
[28.041422] (mg400_msgs) StdoutLine: {'line': b'-- Symlinking: /root/ros2_ws/install/mg400_msgs/include/mg400_msgs/mg400_msgs/action/detail/mov_jio__type_support.h\n'}
[28.048410] (mg400_msgs) StdoutLine: {'line': b'-- Symlinking: /root/ros2_ws/install/mg400_msgs/include/mg400_msgs/mg400_msgs/action/detail/mov_l__functions.h\n'}
[28.055286] (mg400_msgs) StdoutLine: {'line': b'-- Symlinking: /root/ros2_ws/install/mg400_msgs/include/mg400_msgs/mg400_msgs/action/detail/mov_l__struct.h\n'}
[28.063583] (mg400_msgs) StdoutLine: {'line': b'-- Symlinking: /root/ros2_ws/install/mg400_msgs/include/mg400_msgs/mg400_msgs/action/detail/mov_l__type_support.h\n'}
[28.071578] (mg400_msgs) StdoutLine: {'line': b'-- Symlinking: /root/ros2_ws/install/mg400_msgs/include/mg400_msgs/mg400_msgs/action/detail/mov_lio__functions.h\n'}
[28.079681] (mg400_msgs) StdoutLine: {'line': b'-- Symlinking: /root/ros2_ws/install/mg400_msgs/include/mg400_msgs/mg400_msgs/action/detail/mov_lio__struct.h\n'}
[28.086799] (mg400_msgs) StdoutLine: {'line': b'-- Symlinking: /root/ros2_ws/install/mg400_msgs/include/mg400_msgs/mg400_msgs/action/detail/mov_lio__type_support.h\n'}
[28.095140] (mg400_msgs) StdoutLine: {'line': b'-- Symlinking: /root/ros2_ws/install/mg400_msgs/include/mg400_msgs/mg400_msgs/action/joint_mov_j.h\n'}
[28.101995] (-) TimerEvent: {}
[28.103087] (mg400_msgs) StdoutLine: {'line': b'-- Symlinking: /root/ros2_ws/install/mg400_msgs/include/mg400_msgs/mg400_msgs/action/mov_j.h\n'}
[28.111289] (mg400_msgs) StdoutLine: {'line': b'-- Symlinking: /root/ros2_ws/install/mg400_msgs/include/mg400_msgs/mg400_msgs/action/mov_jio.h\n'}
[28.119668] (mg400_msgs) StdoutLine: {'line': b'-- Symlinking: /root/ros2_ws/install/mg400_msgs/include/mg400_msgs/mg400_msgs/action/mov_l.h\n'}
[28.127565] (mg400_msgs) StdoutLine: {'line': b'-- Symlinking: /root/ros2_ws/install/mg400_msgs/include/mg400_msgs/mg400_msgs/action/mov_lio.h\n'}
[28.135483] (mg400_msgs) StdoutLine: {'line': b'-- Symlinking: /root/ros2_ws/install/mg400_msgs/include/mg400_msgs/mg400_msgs/msg/arch.h\n'}
[28.144313] (mg400_msgs) StdoutLine: {'line': b'-- Symlinking: /root/ros2_ws/install/mg400_msgs/include/mg400_msgs/mg400_msgs/msg/collision_level.h\n'}
[28.152237] (mg400_msgs) StdoutLine: {'line': b'-- Symlinking: /root/ros2_ws/install/mg400_msgs/include/mg400_msgs/mg400_msgs/msg/command.h\n'}
[28.160755] (mg400_msgs) StdoutLine: {'line': b'-- Symlinking: /root/ros2_ws/install/mg400_msgs/include/mg400_msgs/mg400_msgs/msg/detail/arch__functions.h\n'}
[28.168756] (mg400_msgs) StdoutLine: {'line': b'-- Symlinking: /root/ros2_ws/install/mg400_msgs/include/mg400_msgs/mg400_msgs/msg/detail/arch__struct.h\n'}
[28.176469] (mg400_msgs) StdoutLine: {'line': b'-- Symlinking: /root/ros2_ws/install/mg400_msgs/include/mg400_msgs/mg400_msgs/msg/detail/arch__type_support.h\n'}
[28.184583] (mg400_msgs) StdoutLine: {'line': b'-- Symlinking: /root/ros2_ws/install/mg400_msgs/include/mg400_msgs/mg400_msgs/msg/detail/collision_level__functions.h\n'}
[28.191871] (mg400_msgs) StdoutLine: {'line': b'-- Symlinking: /root/ros2_ws/install/mg400_msgs/include/mg400_msgs/mg400_msgs/msg/detail/collision_level__struct.h\n'}
[28.199086] (mg400_msgs) StdoutLine: {'line': b'-- Symlinking: /root/ros2_ws/install/mg400_msgs/include/mg400_msgs/mg400_msgs/msg/detail/collision_level__type_support.h\n'}
[28.202067] (-) TimerEvent: {}
[28.208760] (mg400_msgs) StdoutLine: {'line': b'-- Symlinking: /root/ros2_ws/install/mg400_msgs/include/mg400_msgs/mg400_msgs/msg/detail/command__functions.h\n'}
[28.215328] (mg400_msgs) StdoutLine: {'line': b'-- Symlinking: /root/ros2_ws/install/mg400_msgs/include/mg400_msgs/mg400_msgs/msg/detail/command__struct.h\n'}
[28.222350] (mg400_msgs) StdoutLine: {'line': b'-- Symlinking: /root/ros2_ws/install/mg400_msgs/include/mg400_msgs/mg400_msgs/msg/detail/command__type_support.h\n'}
[28.230225] (mg400_msgs) StdoutLine: {'line': b'-- Symlinking: /root/ros2_ws/install/mg400_msgs/include/mg400_msgs/mg400_msgs/msg/detail/di_index__functions.h\n'}
[28.237708] (mg400_msgs) StdoutLine: {'line': b'-- Symlinking: /root/ros2_ws/install/mg400_msgs/include/mg400_msgs/mg400_msgs/msg/detail/di_index__struct.h\n'}
[28.244585] (mg400_msgs) StdoutLine: {'line': b'-- Symlinking: /root/ros2_ws/install/mg400_msgs/include/mg400_msgs/mg400_msgs/msg/detail/di_index__type_support.h\n'}
[28.252667] (mg400_msgs) StdoutLine: {'line': b'-- Symlinking: /root/ros2_ws/install/mg400_msgs/include/mg400_msgs/mg400_msgs/msg/detail/distance_mode__functions.h\n'}
[28.260555] (mg400_msgs) StdoutLine: {'line': b'-- Symlinking: /root/ros2_ws/install/mg400_msgs/include/mg400_msgs/mg400_msgs/msg/detail/distance_mode__struct.h\n'}
[28.268031] (mg400_msgs) StdoutLine: {'line': b'-- Symlinking: /root/ros2_ws/install/mg400_msgs/include/mg400_msgs/mg400_msgs/msg/detail/distance_mode__type_support.h\n'}
[28.275854] (mg400_msgs) StdoutLine: {'line': b'-- Symlinking: /root/ros2_ws/install/mg400_msgs/include/mg400_msgs/mg400_msgs/msg/detail/do_index__functions.h\n'}
[28.283111] (mg400_msgs) StdoutLine: {'line': b'-- Symlinking: /root/ros2_ws/install/mg400_msgs/include/mg400_msgs/mg400_msgs/msg/detail/do_index__struct.h\n'}
[28.290967] (mg400_msgs) StdoutLine: {'line': b'-- Symlinking: /root/ros2_ws/install/mg400_msgs/include/mg400_msgs/mg400_msgs/msg/detail/do_index__type_support.h\n'}
[28.299154] (mg400_msgs) StdoutLine: {'line': b'-- Symlinking: /root/ros2_ws/install/mg400_msgs/include/mg400_msgs/mg400_msgs/msg/detail/do_status__functions.h\n'}
[28.302140] (-) TimerEvent: {}
[28.307954] (mg400_msgs) StdoutLine: {'line': b'-- Symlinking: /root/ros2_ws/install/mg400_msgs/include/mg400_msgs/mg400_msgs/msg/detail/do_status__struct.h\n'}
[28.316622] (mg400_msgs) StdoutLine: {'line': b'-- Symlinking: /root/ros2_ws/install/mg400_msgs/include/mg400_msgs/mg400_msgs/msg/detail/do_status__type_support.h\n'}
[28.324708] (mg400_msgs) StdoutLine: {'line': b'-- Symlinking: /root/ros2_ws/install/mg400_msgs/include/mg400_msgs/mg400_msgs/msg/detail/error_id__functions.h\n'}
[28.333020] (mg400_msgs) StdoutLine: {'line': b'-- Symlinking: /root/ros2_ws/install/mg400_msgs/include/mg400_msgs/mg400_msgs/msg/detail/error_id__struct.h\n'}
[28.340485] (mg400_msgs) StdoutLine: {'line': b'-- Symlinking: /root/ros2_ws/install/mg400_msgs/include/mg400_msgs/mg400_msgs/msg/detail/error_id__type_support.h\n'}
[28.347563] (mg400_msgs) StdoutLine: {'line': b'-- Symlinking: /root/ros2_ws/install/mg400_msgs/include/mg400_msgs/mg400_msgs/msg/detail/id_array__functions.h\n'}
[28.355822] (mg400_msgs) StdoutLine: {'line': b'-- Symlinking: /root/ros2_ws/install/mg400_msgs/include/mg400_msgs/mg400_msgs/msg/detail/id_array__struct.h\n'}
[28.363192] (mg400_msgs) StdoutLine: {'line': b'-- Symlinking: /root/ros2_ws/install/mg400_msgs/include/mg400_msgs/mg400_msgs/msg/detail/id_array__type_support.h\n'}
[28.370701] (mg400_msgs) StdoutLine: {'line': b'-- Symlinking: /root/ros2_ws/install/mg400_msgs/include/mg400_msgs/mg400_msgs/msg/detail/joint_mov_j__functions.h\n'}
[28.378020] (mg400_msgs) StdoutLine: {'line': b'-- Symlinking: /root/ros2_ws/install/mg400_msgs/include/mg400_msgs/mg400_msgs/msg/detail/joint_mov_j__struct.h\n'}
[28.386846] (mg400_msgs) StdoutLine: {'line': b'-- Symlinking: /root/ros2_ws/install/mg400_msgs/include/mg400_msgs/mg400_msgs/msg/detail/joint_mov_j__type_support.h\n'}
[28.394546] (mg400_msgs) StdoutLine: {'line': b'-- Symlinking: /root/ros2_ws/install/mg400_msgs/include/mg400_msgs/mg400_msgs/msg/detail/mov_j__functions.h\n'}
[28.401614] (mg400_msgs) StdoutLine: {'line': b'-- Symlinking: /root/ros2_ws/install/mg400_msgs/include/mg400_msgs/mg400_msgs/msg/detail/mov_j__struct.h\n'}
[28.402200] (-) TimerEvent: {}
[28.409054] (mg400_msgs) StdoutLine: {'line': b'-- Symlinking: /root/ros2_ws/install/mg400_msgs/include/mg400_msgs/mg400_msgs/msg/detail/mov_j__type_support.h\n'}
[28.416957] (mg400_msgs) StdoutLine: {'line': b'-- Symlinking: /root/ros2_ws/install/mg400_msgs/include/mg400_msgs/mg400_msgs/msg/detail/mov_jio__functions.h\n'}
[28.424016] (mg400_msgs) StdoutLine: {'line': b'-- Symlinking: /root/ros2_ws/install/mg400_msgs/include/mg400_msgs/mg400_msgs/msg/detail/mov_jio__struct.h\n'}
[28.433142] (mg400_msgs) StdoutLine: {'line': b'-- Symlinking: /root/ros2_ws/install/mg400_msgs/include/mg400_msgs/mg400_msgs/msg/detail/mov_jio__type_support.h\n'}
[28.441316] (mg400_msgs) StdoutLine: {'line': b'-- Symlinking: /root/ros2_ws/install/mg400_msgs/include/mg400_msgs/mg400_msgs/msg/detail/mov_l__functions.h\n'}
[28.449739] (mg400_msgs) StdoutLine: {'line': b'-- Symlinking: /root/ros2_ws/install/mg400_msgs/include/mg400_msgs/mg400_msgs/msg/detail/mov_l__struct.h\n'}
[28.458049] (mg400_msgs) StdoutLine: {'line': b'-- Symlinking: /root/ros2_ws/install/mg400_msgs/include/mg400_msgs/mg400_msgs/msg/detail/mov_l__type_support.h\n'}
[28.465215] (mg400_msgs) StdoutLine: {'line': b'-- Symlinking: /root/ros2_ws/install/mg400_msgs/include/mg400_msgs/mg400_msgs/msg/detail/mov_lio__functions.h\n'}
[28.473716] (mg400_msgs) StdoutLine: {'line': b'-- Symlinking: /root/ros2_ws/install/mg400_msgs/include/mg400_msgs/mg400_msgs/msg/detail/mov_lio__struct.h\n'}
[28.481015] (mg400_msgs) StdoutLine: {'line': b'-- Symlinking: /root/ros2_ws/install/mg400_msgs/include/mg400_msgs/mg400_msgs/msg/detail/mov_lio__type_support.h\n'}
[28.490076] (mg400_msgs) StdoutLine: {'line': b'-- Symlinking: /root/ros2_ws/install/mg400_msgs/include/mg400_msgs/mg400_msgs/msg/detail/move_jog__functions.h\n'}
[28.497588] (mg400_msgs) StdoutLine: {'line': b'-- Symlinking: /root/ros2_ws/install/mg400_msgs/include/mg400_msgs/mg400_msgs/msg/detail/move_jog__struct.h\n'}
[28.502276] (-) TimerEvent: {}
[28.504839] (mg400_msgs) StdoutLine: {'line': b'-- Symlinking: /root/ros2_ws/install/mg400_msgs/include/mg400_msgs/mg400_msgs/msg/detail/move_jog__type_support.h\n'}
[28.513779] (mg400_msgs) StdoutLine: {'line': b'-- Symlinking: /root/ros2_ws/install/mg400_msgs/include/mg400_msgs/mg400_msgs/msg/detail/robot_mode__functions.h\n'}
[28.521147] (mg400_msgs) StdoutLine: {'line': b'-- Symlinking: /root/ros2_ws/install/mg400_msgs/include/mg400_msgs/mg400_msgs/msg/detail/robot_mode__struct.h\n'}
[28.529235] (mg400_msgs) StdoutLine: {'line': b'-- Symlinking: /root/ros2_ws/install/mg400_msgs/include/mg400_msgs/mg400_msgs/msg/detail/robot_mode__type_support.h\n'}
[28.537302] (mg400_msgs) StdoutLine: {'line': b'-- Symlinking: /root/ros2_ws/install/mg400_msgs/include/mg400_msgs/mg400_msgs/msg/detail/tool__functions.h\n'}
[28.545266] (mg400_msgs) StdoutLine: {'line': b'-- Symlinking: /root/ros2_ws/install/mg400_msgs/include/mg400_msgs/mg400_msgs/msg/detail/tool__struct.h\n'}
[28.553052] (mg400_msgs) StdoutLine: {'line': b'-- Symlinking: /root/ros2_ws/install/mg400_msgs/include/mg400_msgs/mg400_msgs/msg/detail/tool__type_support.h\n'}
[28.561170] (mg400_msgs) StdoutLine: {'line': b'-- Symlinking: /root/ros2_ws/install/mg400_msgs/include/mg400_msgs/mg400_msgs/msg/detail/tool_di_index__functions.h\n'}
[28.568645] (mg400_msgs) StdoutLine: {'line': b'-- Symlinking: /root/ros2_ws/install/mg400_msgs/include/mg400_msgs/mg400_msgs/msg/detail/tool_di_index__struct.h\n'}
[28.576618] (mg400_msgs) StdoutLine: {'line': b'-- Symlinking: /root/ros2_ws/install/mg400_msgs/include/mg400_msgs/mg400_msgs/msg/detail/tool_di_index__type_support.h\n'}
[28.583576] (mg400_msgs) StdoutLine: {'line': b'-- Symlinking: /root/ros2_ws/install/mg400_msgs/include/mg400_msgs/mg400_msgs/msg/detail/tool_do_index__functions.h\n'}
[28.590540] (mg400_msgs) StdoutLine: {'line': b'-- Symlinking: /root/ros2_ws/install/mg400_msgs/include/mg400_msgs/mg400_msgs/msg/detail/tool_do_index__struct.h\n'}
[28.598397] (mg400_msgs) StdoutLine: {'line': b'-- Symlinking: /root/ros2_ws/install/mg400_msgs/include/mg400_msgs/mg400_msgs/msg/detail/tool_do_index__type_support.h\n'}
[28.602345] (-) TimerEvent: {}
[28.605961] (mg400_msgs) StdoutLine: {'line': b'-- Symlinking: /root/ros2_ws/install/mg400_msgs/include/mg400_msgs/mg400_msgs/msg/detail/user__functions.h\n'}
[28.614070] (mg400_msgs) StdoutLine: {'line': b'-- Symlinking: /root/ros2_ws/install/mg400_msgs/include/mg400_msgs/mg400_msgs/msg/detail/user__struct.h\n'}
[28.621427] (mg400_msgs) StdoutLine: {'line': b'-- Symlinking: /root/ros2_ws/install/mg400_msgs/include/mg400_msgs/mg400_msgs/msg/detail/user__type_support.h\n'}
[28.629353] (mg400_msgs) StdoutLine: {'line': b'-- Symlinking: /root/ros2_ws/install/mg400_msgs/include/mg400_msgs/mg400_msgs/msg/di_index.h\n'}
[28.637314] (mg400_msgs) StdoutLine: {'line': b'-- Symlinking: /root/ros2_ws/install/mg400_msgs/include/mg400_msgs/mg400_msgs/msg/distance_mode.h\n'}
[28.645853] (mg400_msgs) StdoutLine: {'line': b'-- Symlinking: /root/ros2_ws/install/mg400_msgs/include/mg400_msgs/mg400_msgs/msg/do_index.h\n'}
[28.653550] (mg400_msgs) StdoutLine: {'line': b'-- Symlinking: /root/ros2_ws/install/mg400_msgs/include/mg400_msgs/mg400_msgs/msg/do_status.h\n'}
[28.661893] (mg400_msgs) StdoutLine: {'line': b'-- Symlinking: /root/ros2_ws/install/mg400_msgs/include/mg400_msgs/mg400_msgs/msg/error_id.h\n'}
[28.669482] (mg400_msgs) StdoutLine: {'line': b'-- Symlinking: /root/ros2_ws/install/mg400_msgs/include/mg400_msgs/mg400_msgs/msg/id_array.h\n'}
[28.677892] (mg400_msgs) StdoutLine: {'line': b'-- Symlinking: /root/ros2_ws/install/mg400_msgs/include/mg400_msgs/mg400_msgs/msg/joint_mov_j.h\n'}
[28.685793] (mg400_msgs) StdoutLine: {'line': b'-- Symlinking: /root/ros2_ws/install/mg400_msgs/include/mg400_msgs/mg400_msgs/msg/mov_j.h\n'}
[28.693567] (mg400_msgs) StdoutLine: {'line': b'-- Symlinking: /root/ros2_ws/install/mg400_msgs/include/mg400_msgs/mg400_msgs/msg/mov_jio.h\n'}
[28.701762] (mg400_msgs) StdoutLine: {'line': b'-- Symlinking: /root/ros2_ws/install/mg400_msgs/include/mg400_msgs/mg400_msgs/msg/mov_l.h\n'}
[28.702414] (-) TimerEvent: {}
[28.710212] (mg400_msgs) StdoutLine: {'line': b'-- Symlinking: /root/ros2_ws/install/mg400_msgs/include/mg400_msgs/mg400_msgs/msg/mov_lio.h\n'}
[28.718088] (mg400_msgs) StdoutLine: {'line': b'-- Symlinking: /root/ros2_ws/install/mg400_msgs/include/mg400_msgs/mg400_msgs/msg/move_jog.h\n'}
[28.724909] (mg400_msgs) StdoutLine: {'line': b'-- Symlinking: /root/ros2_ws/install/mg400_msgs/include/mg400_msgs/mg400_msgs/msg/robot_mode.h\n'}
[28.732034] (mg400_msgs) StdoutLine: {'line': b'-- Symlinking: /root/ros2_ws/install/mg400_msgs/include/mg400_msgs/mg400_msgs/msg/rosidl_generator_c__visibility_control.h\n'}
[28.740469] (mg400_msgs) StdoutLine: {'line': b'-- Symlinking: /root/ros2_ws/install/mg400_msgs/include/mg400_msgs/mg400_msgs/msg/tool.h\n'}
[28.747873] (mg400_msgs) StdoutLine: {'line': b'-- Symlinking: /root/ros2_ws/install/mg400_msgs/include/mg400_msgs/mg400_msgs/msg/tool_di_index.h\n'}
[28.755543] (mg400_msgs) StdoutLine: {'line': b'-- Symlinking: /root/ros2_ws/install/mg400_msgs/include/mg400_msgs/mg400_msgs/msg/tool_do_index.h\n'}
[28.762390] (mg400_msgs) StdoutLine: {'line': b'-- Symlinking: /root/ros2_ws/install/mg400_msgs/include/mg400_msgs/mg400_msgs/msg/user.h\n'}
[28.769627] (mg400_msgs) StdoutLine: {'line': b'-- Symlinking: /root/ros2_ws/install/mg400_msgs/include/mg400_msgs/mg400_msgs/srv/acc_j.h\n'}
[28.776941] (mg400_msgs) StdoutLine: {'line': b'-- Symlinking: /root/ros2_ws/install/mg400_msgs/include/mg400_msgs/mg400_msgs/srv/acc_l.h\n'}
[28.784493] (mg400_msgs) StdoutLine: {'line': b'-- Symlinking: /root/ros2_ws/install/mg400_msgs/include/mg400_msgs/mg400_msgs/srv/arch.h\n'}
[28.793518] (mg400_msgs) StdoutLine: {'line': b'-- Symlinking: /root/ros2_ws/install/mg400_msgs/include/mg400_msgs/mg400_msgs/srv/clear_error.h\n'}
[28.802036] (mg400_msgs) StdoutLine: {'line': b'-- Symlinking: /root/ros2_ws/install/mg400_msgs/include/mg400_msgs/mg400_msgs/srv/cp.h\n'}
[28.802475] (-) TimerEvent: {}
[28.811169] (mg400_msgs) StdoutLine: {'line': b'-- Symlinking: /root/ros2_ws/install/mg400_msgs/include/mg400_msgs/mg400_msgs/srv/detail/acc_j__functions.h\n'}
[28.819130] (mg400_msgs) StdoutLine: {'line': b'-- Symlinking: /root/ros2_ws/install/mg400_msgs/include/mg400_msgs/mg400_msgs/srv/detail/acc_j__struct.h\n'}
[28.826397] (mg400_msgs) StdoutLine: {'line': b'-- Symlinking: /root/ros2_ws/install/mg400_msgs/include/mg400_msgs/mg400_msgs/srv/detail/acc_j__type_support.h\n'}
[28.834763] (mg400_msgs) StdoutLine: {'line': b'-- Symlinking: /root/ros2_ws/install/mg400_msgs/include/mg400_msgs/mg400_msgs/srv/detail/acc_l__functions.h\n'}
[28.842906] (mg400_msgs) StdoutLine: {'line': b'-- Symlinking: /root/ros2_ws/install/mg400_msgs/include/mg400_msgs/mg400_msgs/srv/detail/acc_l__struct.h\n'}
[28.850563] (mg400_msgs) StdoutLine: {'line': b'-- Symlinking: /root/ros2_ws/install/mg400_msgs/include/mg400_msgs/mg400_msgs/srv/detail/acc_l__type_support.h\n'}
[28.858765] (mg400_msgs) StdoutLine: {'line': b'-- Symlinking: /root/ros2_ws/install/mg400_msgs/include/mg400_msgs/mg400_msgs/srv/detail/arch__functions.h\n'}
[28.866324] (mg400_msgs) StdoutLine: {'line': b'-- Symlinking: /root/ros2_ws/install/mg400_msgs/include/mg400_msgs/mg400_msgs/srv/detail/arch__struct.h\n'}
[28.873954] (mg400_msgs) StdoutLine: {'line': b'-- Symlinking: /root/ros2_ws/install/mg400_msgs/include/mg400_msgs/mg400_msgs/srv/detail/arch__type_support.h\n'}
[28.882058] (mg400_msgs) StdoutLine: {'line': b'-- Symlinking: /root/ros2_ws/install/mg400_msgs/include/mg400_msgs/mg400_msgs/srv/detail/clear_error__functions.h\n'}
[28.889230] (mg400_msgs) StdoutLine: {'line': b'-- Symlinking: /root/ros2_ws/install/mg400_msgs/include/mg400_msgs/mg400_msgs/srv/detail/clear_error__struct.h\n'}
[28.897370] (mg400_msgs) StdoutLine: {'line': b'-- Symlinking: /root/ros2_ws/install/mg400_msgs/include/mg400_msgs/mg400_msgs/srv/detail/clear_error__type_support.h\n'}
[28.902551] (-) TimerEvent: {}
[28.905368] (mg400_msgs) StdoutLine: {'line': b'-- Symlinking: /root/ros2_ws/install/mg400_msgs/include/mg400_msgs/mg400_msgs/srv/detail/cp__functions.h\n'}
[28.913314] (mg400_msgs) StdoutLine: {'line': b'-- Symlinking: /root/ros2_ws/install/mg400_msgs/include/mg400_msgs/mg400_msgs/srv/detail/cp__struct.h\n'}
[28.921054] (mg400_msgs) StdoutLine: {'line': b'-- Symlinking: /root/ros2_ws/install/mg400_msgs/include/mg400_msgs/mg400_msgs/srv/detail/cp__type_support.h\n'}
[28.927942] (mg400_msgs) StdoutLine: {'line': b'-- Symlinking: /root/ros2_ws/install/mg400_msgs/include/mg400_msgs/mg400_msgs/srv/detail/di__functions.h\n'}
[28.934794] (mg400_msgs) StdoutLine: {'line': b'-- Symlinking: /root/ros2_ws/install/mg400_msgs/include/mg400_msgs/mg400_msgs/srv/detail/di__struct.h\n'}
[28.941119] (mg400_msgs) StdoutLine: {'line': b'-- Symlinking: /root/ros2_ws/install/mg400_msgs/include/mg400_msgs/mg400_msgs/srv/detail/di__type_support.h\n'}
[28.948531] (mg400_msgs) StdoutLine: {'line': b'-- Symlinking: /root/ros2_ws/install/mg400_msgs/include/mg400_msgs/mg400_msgs/srv/detail/disable_robot__functions.h\n'}
[28.956248] (mg400_msgs) StdoutLine: {'line': b'-- Symlinking: /root/ros2_ws/install/mg400_msgs/include/mg400_msgs/mg400_msgs/srv/detail/disable_robot__struct.h\n'}
[28.964097] (mg400_msgs) StdoutLine: {'line': b'-- Symlinking: /root/ros2_ws/install/mg400_msgs/include/mg400_msgs/mg400_msgs/srv/detail/disable_robot__type_support.h\n'}
[28.971761] (mg400_msgs) StdoutLine: {'line': b'-- Symlinking: /root/ros2_ws/install/mg400_msgs/include/mg400_msgs/mg400_msgs/srv/detail/do__functions.h\n'}
[28.979983] (mg400_msgs) StdoutLine: {'line': b'-- Symlinking: /root/ros2_ws/install/mg400_msgs/include/mg400_msgs/mg400_msgs/srv/detail/do__struct.h\n'}
[28.988463] (mg400_msgs) StdoutLine: {'line': b'-- Symlinking: /root/ros2_ws/install/mg400_msgs/include/mg400_msgs/mg400_msgs/srv/detail/do__type_support.h\n'}
[28.997067] (mg400_msgs) StdoutLine: {'line': b'-- Symlinking: /root/ros2_ws/install/mg400_msgs/include/mg400_msgs/mg400_msgs/srv/detail/emergency_stop__functions.h\n'}
[29.002657] (-) TimerEvent: {}
[29.005209] (mg400_msgs) StdoutLine: {'line': b'-- Symlinking: /root/ros2_ws/install/mg400_msgs/include/mg400_msgs/mg400_msgs/srv/detail/emergency_stop__struct.h\n'}
[29.012810] (mg400_msgs) StdoutLine: {'line': b'-- Symlinking: /root/ros2_ws/install/mg400_msgs/include/mg400_msgs/mg400_msgs/srv/detail/emergency_stop__type_support.h\n'}
[29.021966] (mg400_msgs) StdoutLine: {'line': b'-- Symlinking: /root/ros2_ws/install/mg400_msgs/include/mg400_msgs/mg400_msgs/srv/detail/enable_robot__functions.h\n'}
[29.031269] (mg400_msgs) StdoutLine: {'line': b'-- Symlinking: /root/ros2_ws/install/mg400_msgs/include/mg400_msgs/mg400_msgs/srv/detail/enable_robot__struct.h\n'}
[29.039427] (mg400_msgs) StdoutLine: {'line': b'-- Symlinking: /root/ros2_ws/install/mg400_msgs/include/mg400_msgs/mg400_msgs/srv/detail/enable_robot__type_support.h\n'}
[29.049430] (mg400_msgs) StdoutLine: {'line': b'-- Symlinking: /root/ros2_ws/install/mg400_msgs/include/mg400_msgs/mg400_msgs/srv/detail/get_angle__functions.h\n'}
[29.057568] (mg400_msgs) StdoutLine: {'line': b'-- Symlinking: /root/ros2_ws/install/mg400_msgs/include/mg400_msgs/mg400_msgs/srv/detail/get_angle__struct.h\n'}
[29.065654] (mg400_msgs) StdoutLine: {'line': b'-- Symlinking: /root/ros2_ws/install/mg400_msgs/include/mg400_msgs/mg400_msgs/srv/detail/get_angle__type_support.h\n'}
[29.074265] (mg400_msgs) StdoutLine: {'line': b'-- Symlinking: /root/ros2_ws/install/mg400_msgs/include/mg400_msgs/mg400_msgs/srv/detail/get_error_id__functions.h\n'}
[29.082854] (mg400_msgs) StdoutLine: {'line': b'-- Symlinking: /root/ros2_ws/install/mg400_msgs/include/mg400_msgs/mg400_msgs/srv/detail/get_error_id__struct.h\n'}
[29.090870] (mg400_msgs) StdoutLine: {'line': b'-- Symlinking: /root/ros2_ws/install/mg400_msgs/include/mg400_msgs/mg400_msgs/srv/detail/get_error_id__type_support.h\n'}
[29.099466] (mg400_msgs) StdoutLine: {'line': b'-- Symlinking: /root/ros2_ws/install/mg400_msgs/include/mg400_msgs/mg400_msgs/srv/detail/get_pose__functions.h\n'}
[29.102740] (-) TimerEvent: {}
[29.107567] (mg400_msgs) StdoutLine: {'line': b'-- Symlinking: /root/ros2_ws/install/mg400_msgs/include/mg400_msgs/mg400_msgs/srv/detail/get_pose__struct.h\n'}
[29.114842] (mg400_msgs) StdoutLine: {'line': b'-- Symlinking: /root/ros2_ws/install/mg400_msgs/include/mg400_msgs/mg400_msgs/srv/detail/get_pose__type_support.h\n'}
[29.122246] (mg400_msgs) StdoutLine: {'line': b'-- Symlinking: /root/ros2_ws/install/mg400_msgs/include/mg400_msgs/mg400_msgs/srv/detail/inverse_solution__functions.h\n'}
[29.129670] (mg400_msgs) StdoutLine: {'line': b'-- Symlinking: /root/ros2_ws/install/mg400_msgs/include/mg400_msgs/mg400_msgs/srv/detail/inverse_solution__struct.h\n'}
[29.137851] (mg400_msgs) StdoutLine: {'line': b'-- Symlinking: /root/ros2_ws/install/mg400_msgs/include/mg400_msgs/mg400_msgs/srv/detail/inverse_solution__type_support.h\n'}
[29.147497] (mg400_msgs) StdoutLine: {'line': b'-- Symlinking: /root/ros2_ws/install/mg400_msgs/include/mg400_msgs/mg400_msgs/srv/detail/joint_mov_j__functions.h\n'}
[29.155857] (mg400_msgs) StdoutLine: {'line': b'-- Symlinking: /root/ros2_ws/install/mg400_msgs/include/mg400_msgs/mg400_msgs/srv/detail/joint_mov_j__struct.h\n'}
[29.164514] (mg400_msgs) StdoutLine: {'line': b'-- Symlinking: /root/ros2_ws/install/mg400_msgs/include/mg400_msgs/mg400_msgs/srv/detail/joint_mov_j__type_support.h\n'}
[29.172772] (mg400_msgs) StdoutLine: {'line': b'-- Symlinking: /root/ros2_ws/install/mg400_msgs/include/mg400_msgs/mg400_msgs/srv/detail/move_jog__functions.h\n'}
[29.181324] (mg400_msgs) StdoutLine: {'line': b'-- Symlinking: /root/ros2_ws/install/mg400_msgs/include/mg400_msgs/mg400_msgs/srv/detail/move_jog__struct.h\n'}
[29.189907] (mg400_msgs) StdoutLine: {'line': b'-- Symlinking: /root/ros2_ws/install/mg400_msgs/include/mg400_msgs/mg400_msgs/srv/detail/move_jog__type_support.h\n'}
[29.197456] (mg400_msgs) StdoutLine: {'line': b'-- Symlinking: /root/ros2_ws/install/mg400_msgs/include/mg400_msgs/mg400_msgs/srv/detail/pay_load__functions.h\n'}
[29.202805] (-) TimerEvent: {}
[29.205948] (mg400_msgs) StdoutLine: {'line': b'-- Symlinking: /root/ros2_ws/install/mg400_msgs/include/mg400_msgs/mg400_msgs/srv/detail/pay_load__struct.h\n'}
[29.214176] (mg400_msgs) StdoutLine: {'line': b'-- Symlinking: /root/ros2_ws/install/mg400_msgs/include/mg400_msgs/mg400_msgs/srv/detail/pay_load__type_support.h\n'}
[29.221748] (mg400_msgs) StdoutLine: {'line': b'-- Symlinking: /root/ros2_ws/install/mg400_msgs/include/mg400_msgs/mg400_msgs/srv/detail/positive_solution__functions.h\n'}
[29.230347] (mg400_msgs) StdoutLine: {'line': b'-- Symlinking: /root/ros2_ws/install/mg400_msgs/include/mg400_msgs/mg400_msgs/srv/detail/positive_solution__struct.h\n'}
[29.237924] (mg400_msgs) StdoutLine: {'line': b'-- Symlinking: /root/ros2_ws/install/mg400_msgs/include/mg400_msgs/mg400_msgs/srv/detail/positive_solution__type_support.h\n'}
[29.245921] (mg400_msgs) StdoutLine: {'line': b'-- Symlinking: /root/ros2_ws/install/mg400_msgs/include/mg400_msgs/mg400_msgs/srv/detail/reset_robot__functions.h\n'}
[29.253516] (mg400_msgs) StdoutLine: {'line': b'-- Symlinking: /root/ros2_ws/install/mg400_msgs/include/mg400_msgs/mg400_msgs/srv/detail/reset_robot__struct.h\n'}
[29.261577] (mg400_msgs) StdoutLine: {'line': b'-- Symlinking: /root/ros2_ws/install/mg400_msgs/include/mg400_msgs/mg400_msgs/srv/detail/reset_robot__type_support.h\n'}
[29.269164] (mg400_msgs) StdoutLine: {'line': b'-- Symlinking: /root/ros2_ws/install/mg400_msgs/include/mg400_msgs/mg400_msgs/srv/detail/robot_mode__functions.h\n'}
[29.277269] (mg400_msgs) StdoutLine: {'line': b'-- Symlinking: /root/ros2_ws/install/mg400_msgs/include/mg400_msgs/mg400_msgs/srv/detail/robot_mode__struct.h\n'}
[29.284606] (mg400_msgs) StdoutLine: {'line': b'-- Symlinking: /root/ros2_ws/install/mg400_msgs/include/mg400_msgs/mg400_msgs/srv/detail/robot_mode__type_support.h\n'}
[29.291831] (mg400_msgs) StdoutLine: {'line': b'-- Symlinking: /root/ros2_ws/install/mg400_msgs/include/mg400_msgs/mg400_msgs/srv/detail/set_collision_level__functions.h\n'}
[29.298802] (mg400_msgs) StdoutLine: {'line': b'-- Symlinking: /root/ros2_ws/install/mg400_msgs/include/mg400_msgs/mg400_msgs/srv/detail/set_collision_level__struct.h\n'}
[29.302875] (-) TimerEvent: {}
[29.306136] (mg400_msgs) StdoutLine: {'line': b'-- Symlinking: /root/ros2_ws/install/mg400_msgs/include/mg400_msgs/mg400_msgs/srv/detail/set_collision_level__type_support.h\n'}
[29.313885] (mg400_msgs) StdoutLine: {'line': b'-- Symlinking: /root/ros2_ws/install/mg400_msgs/include/mg400_msgs/mg400_msgs/srv/detail/speed_factor__functions.h\n'}
[29.320951] (mg400_msgs) StdoutLine: {'line': b'-- Symlinking: /root/ros2_ws/install/mg400_msgs/include/mg400_msgs/mg400_msgs/srv/detail/speed_factor__struct.h\n'}
[29.328560] (mg400_msgs) StdoutLine: {'line': b'-- Symlinking: /root/ros2_ws/install/mg400_msgs/include/mg400_msgs/mg400_msgs/srv/detail/speed_factor__type_support.h\n'}
[29.335705] (mg400_msgs) StdoutLine: {'line': b'-- Symlinking: /root/ros2_ws/install/mg400_msgs/include/mg400_msgs/mg400_msgs/srv/detail/speed_j__functions.h\n'}
[29.343774] (mg400_msgs) StdoutLine: {'line': b'-- Symlinking: /root/ros2_ws/install/mg400_msgs/include/mg400_msgs/mg400_msgs/srv/detail/speed_j__struct.h\n'}
[29.351508] (mg400_msgs) StdoutLine: {'line': b'-- Symlinking: /root/ros2_ws/install/mg400_msgs/include/mg400_msgs/mg400_msgs/srv/detail/speed_j__type_support.h\n'}
[29.358806] (mg400_msgs) StdoutLine: {'line': b'-- Symlinking: /root/ros2_ws/install/mg400_msgs/include/mg400_msgs/mg400_msgs/srv/detail/speed_l__functions.h\n'}
[29.365975] (mg400_msgs) StdoutLine: {'line': b'-- Symlinking: /root/ros2_ws/install/mg400_msgs/include/mg400_msgs/mg400_msgs/srv/detail/speed_l__struct.h\n'}
[29.373061] (mg400_msgs) StdoutLine: {'line': b'-- Symlinking: /root/ros2_ws/install/mg400_msgs/include/mg400_msgs/mg400_msgs/srv/detail/speed_l__type_support.h\n'}
[29.380448] (mg400_msgs) StdoutLine: {'line': b'-- Symlinking: /root/ros2_ws/install/mg400_msgs/include/mg400_msgs/mg400_msgs/srv/detail/tool__functions.h\n'}
[29.387505] (mg400_msgs) StdoutLine: {'line': b'-- Symlinking: /root/ros2_ws/install/mg400_msgs/include/mg400_msgs/mg400_msgs/srv/detail/tool__struct.h\n'}
[29.395990] (mg400_msgs) StdoutLine: {'line': b'-- Symlinking: /root/ros2_ws/install/mg400_msgs/include/mg400_msgs/mg400_msgs/srv/detail/tool__type_support.h\n'}
[29.402981] (-) TimerEvent: {}
[29.403191] (mg400_msgs) StdoutLine: {'line': b'-- Symlinking: /root/ros2_ws/install/mg400_msgs/include/mg400_msgs/mg400_msgs/srv/detail/tool_di__functions.h\n'}
[29.410179] (mg400_msgs) StdoutLine: {'line': b'-- Symlinking: /root/ros2_ws/install/mg400_msgs/include/mg400_msgs/mg400_msgs/srv/detail/tool_di__struct.h\n'}
[29.416817] (mg400_msgs) StdoutLine: {'line': b'-- Symlinking: /root/ros2_ws/install/mg400_msgs/include/mg400_msgs/mg400_msgs/srv/detail/tool_di__type_support.h\n'}
[29.424888] (mg400_msgs) StdoutLine: {'line': b'-- Symlinking: /root/ros2_ws/install/mg400_msgs/include/mg400_msgs/mg400_msgs/srv/detail/tool_do_execute__functions.h\n'}
[29.432362] (mg400_msgs) StdoutLine: {'line': b'-- Symlinking: /root/ros2_ws/install/mg400_msgs/include/mg400_msgs/mg400_msgs/srv/detail/tool_do_execute__struct.h\n'}
[29.440264] (mg400_msgs) StdoutLine: {'line': b'-- Symlinking: /root/ros2_ws/install/mg400_msgs/include/mg400_msgs/mg400_msgs/srv/detail/tool_do_execute__type_support.h\n'}
[29.448105] (mg400_msgs) StdoutLine: {'line': b'-- Symlinking: /root/ros2_ws/install/mg400_msgs/include/mg400_msgs/mg400_msgs/srv/detail/user__functions.h\n'}
[29.455740] (mg400_msgs) StdoutLine: {'line': b'-- Symlinking: /root/ros2_ws/install/mg400_msgs/include/mg400_msgs/mg400_msgs/srv/detail/user__struct.h\n'}
[29.463505] (mg400_msgs) StdoutLine: {'line': b'-- Symlinking: /root/ros2_ws/install/mg400_msgs/include/mg400_msgs/mg400_msgs/srv/detail/user__type_support.h\n'}
[29.471308] (mg400_msgs) StdoutLine: {'line': b'-- Symlinking: /root/ros2_ws/install/mg400_msgs/include/mg400_msgs/mg400_msgs/srv/di.h\n'}
[29.479115] (mg400_msgs) StdoutLine: {'line': b'-- Symlinking: /root/ros2_ws/install/mg400_msgs/include/mg400_msgs/mg400_msgs/srv/disable_robot.h\n'}
[29.487137] (mg400_msgs) StdoutLine: {'line': b'-- Symlinking: /root/ros2_ws/install/mg400_msgs/include/mg400_msgs/mg400_msgs/srv/do.h\n'}
[29.494874] (mg400_msgs) StdoutLine: {'line': b'-- Symlinking: /root/ros2_ws/install/mg400_msgs/include/mg400_msgs/mg400_msgs/srv/emergency_stop.h\n'}
[29.502608] (mg400_msgs) StdoutLine: {'line': b'-- Symlinking: /root/ros2_ws/install/mg400_msgs/include/mg400_msgs/mg400_msgs/srv/enable_robot.h\n'}
[29.503037] (-) TimerEvent: {}
[29.510543] (mg400_msgs) StdoutLine: {'line': b'-- Symlinking: /root/ros2_ws/install/mg400_msgs/include/mg400_msgs/mg400_msgs/srv/get_angle.h\n'}
[29.517497] (mg400_msgs) StdoutLine: {'line': b'-- Symlinking: /root/ros2_ws/install/mg400_msgs/include/mg400_msgs/mg400_msgs/srv/get_error_id.h\n'}
[29.525280] (mg400_msgs) StdoutLine: {'line': b'-- Symlinking: /root/ros2_ws/install/mg400_msgs/include/mg400_msgs/mg400_msgs/srv/get_pose.h\n'}
[29.532894] (mg400_msgs) StdoutLine: {'line': b'-- Symlinking: /root/ros2_ws/install/mg400_msgs/include/mg400_msgs/mg400_msgs/srv/inverse_solution.h\n'}
[29.539863] (mg400_msgs) StdoutLine: {'line': b'-- Symlinking: /root/ros2_ws/install/mg400_msgs/include/mg400_msgs/mg400_msgs/srv/joint_mov_j.h\n'}
[29.547775] (mg400_msgs) StdoutLine: {'line': b'-- Symlinking: /root/ros2_ws/install/mg400_msgs/include/mg400_msgs/mg400_msgs/srv/move_jog.h\n'}
[29.556306] (mg400_msgs) StdoutLine: {'line': b'-- Symlinking: /root/ros2_ws/install/mg400_msgs/include/mg400_msgs/mg400_msgs/srv/pay_load.h\n'}
[29.564639] (mg400_msgs) StdoutLine: {'line': b'-- Symlinking: /root/ros2_ws/install/mg400_msgs/include/mg400_msgs/mg400_msgs/srv/positive_solution.h\n'}
[29.572675] (mg400_msgs) StdoutLine: {'line': b'-- Symlinking: /root/ros2_ws/install/mg400_msgs/include/mg400_msgs/mg400_msgs/srv/reset_robot.h\n'}
[29.581654] (mg400_msgs) StdoutLine: {'line': b'-- Symlinking: /root/ros2_ws/install/mg400_msgs/include/mg400_msgs/mg400_msgs/srv/robot_mode.h\n'}
[29.588451] (mg400_msgs) StdoutLine: {'line': b'-- Symlinking: /root/ros2_ws/install/mg400_msgs/include/mg400_msgs/mg400_msgs/srv/set_collision_level.h\n'}
[29.597416] (mg400_msgs) StdoutLine: {'line': b'-- Symlinking: /root/ros2_ws/install/mg400_msgs/include/mg400_msgs/mg400_msgs/srv/speed_factor.h\n'}
[29.603146] (-) TimerEvent: {}
[29.605449] (mg400_msgs) StdoutLine: {'line': b'-- Symlinking: /root/ros2_ws/install/mg400_msgs/include/mg400_msgs/mg400_msgs/srv/speed_j.h\n'}
[29.614761] (mg400_msgs) StdoutLine: {'line': b'-- Symlinking: /root/ros2_ws/install/mg400_msgs/include/mg400_msgs/mg400_msgs/srv/speed_l.h\n'}
[29.621654] (mg400_msgs) StdoutLine: {'line': b'-- Symlinking: /root/ros2_ws/install/mg400_msgs/include/mg400_msgs/mg400_msgs/srv/tool.h\n'}
[29.629936] (mg400_msgs) StdoutLine: {'line': b'-- Symlinking: /root/ros2_ws/install/mg400_msgs/include/mg400_msgs/mg400_msgs/srv/tool_di.h\n'}
[29.637477] (mg400_msgs) StdoutLine: {'line': b'-- Symlinking: /root/ros2_ws/install/mg400_msgs/include/mg400_msgs/mg400_msgs/srv/tool_do_execute.h\n'}
[29.645228] (mg400_msgs) StdoutLine: {'line': b'-- Symlinking: /root/ros2_ws/install/mg400_msgs/include/mg400_msgs/mg400_msgs/srv/user.h\n'}
[29.653701] (mg400_msgs) StdoutLine: {'line': b'-- Symlinking: /root/ros2_ws/install/mg400_msgs/share/mg400_msgs/environment/library_path.sh\n'}
[29.662463] (mg400_msgs) StdoutLine: {'line': b'-- Symlinking: /root/ros2_ws/install/mg400_msgs/share/mg400_msgs/environment/library_path.dsv\n'}
[29.672841] (mg400_msgs) StdoutLine: {'line': b'-- Symlinking: /root/ros2_ws/install/mg400_msgs/include/mg400_msgs/mg400_msgs/action/detail/command_queue__rosidl_typesupport_fastrtps_c.h\n'}
[29.680599] (mg400_msgs) StdoutLine: {'line': b'-- Symlinking: /root/ros2_ws/install/mg400_msgs/include/mg400_msgs/mg400_msgs/action/detail/joint_mov_j__rosidl_typesupport_fastrtps_c.h\n'}
[29.687950] (mg400_msgs) StdoutLine: {'line': b'-- Symlinking: /root/ros2_ws/install/mg400_msgs/include/mg400_msgs/mg400_msgs/action/detail/mov_j__rosidl_typesupport_fastrtps_c.h\n'}
[29.696040] (mg400_msgs) StdoutLine: {'line': b'-- Symlinking: /root/ros2_ws/install/mg400_msgs/include/mg400_msgs/mg400_msgs/action/detail/mov_jio__rosidl_typesupport_fastrtps_c.h\n'}
[29.703225] (-) TimerEvent: {}
[29.703597] (mg400_msgs) StdoutLine: {'line': b'-- Symlinking: /root/ros2_ws/install/mg400_msgs/include/mg400_msgs/mg400_msgs/action/detail/mov_l__rosidl_typesupport_fastrtps_c.h\n'}
[29.711239] (mg400_msgs) StdoutLine: {'line': b'-- Symlinking: /root/ros2_ws/install/mg400_msgs/include/mg400_msgs/mg400_msgs/action/detail/mov_lio__rosidl_typesupport_fastrtps_c.h\n'}
[29.719746] (mg400_msgs) StdoutLine: {'line': b'-- Symlinking: /root/ros2_ws/install/mg400_msgs/include/mg400_msgs/mg400_msgs/msg/detail/arch__rosidl_typesupport_fastrtps_c.h\n'}
[29.727716] (mg400_msgs) StdoutLine: {'line': b'-- Symlinking: /root/ros2_ws/install/mg400_msgs/include/mg400_msgs/mg400_msgs/msg/detail/collision_level__rosidl_typesupport_fastrtps_c.h\n'}
[29.736066] (mg400_msgs) StdoutLine: {'line': b'-- Symlinking: /root/ros2_ws/install/mg400_msgs/include/mg400_msgs/mg400_msgs/msg/detail/command__rosidl_typesupport_fastrtps_c.h\n'}
[29.744193] (mg400_msgs) StdoutLine: {'line': b'-- Symlinking: /root/ros2_ws/install/mg400_msgs/include/mg400_msgs/mg400_msgs/msg/detail/di_index__rosidl_typesupport_fastrtps_c.h\n'}
[29.751109] (mg400_msgs) StdoutLine: {'line': b'-- Symlinking: /root/ros2_ws/install/mg400_msgs/include/mg400_msgs/mg400_msgs/msg/detail/distance_mode__rosidl_typesupport_fastrtps_c.h\n'}
[29.757594] (mg400_msgs) StdoutLine: {'line': b'-- Symlinking: /root/ros2_ws/install/mg400_msgs/include/mg400_msgs/mg400_msgs/msg/detail/do_index__rosidl_typesupport_fastrtps_c.h\n'}
[29.765133] (mg400_msgs) StdoutLine: {'line': b'-- Symlinking: /root/ros2_ws/install/mg400_msgs/include/mg400_msgs/mg400_msgs/msg/detail/do_status__rosidl_typesupport_fastrtps_c.h\n'}
[29.773464] (mg400_msgs) StdoutLine: {'line': b'-- Symlinking: /root/ros2_ws/install/mg400_msgs/include/mg400_msgs/mg400_msgs/msg/detail/error_id__rosidl_typesupport_fastrtps_c.h\n'}
[29.781356] (mg400_msgs) StdoutLine: {'line': b'-- Symlinking: /root/ros2_ws/install/mg400_msgs/include/mg400_msgs/mg400_msgs/msg/detail/id_array__rosidl_typesupport_fastrtps_c.h\n'}
[29.788898] (mg400_msgs) StdoutLine: {'line': b'-- Symlinking: /root/ros2_ws/install/mg400_msgs/include/mg400_msgs/mg400_msgs/msg/detail/joint_mov_j__rosidl_typesupport_fastrtps_c.h\n'}
[29.795800] (mg400_msgs) StdoutLine: {'line': b'-- Symlinking: /root/ros2_ws/install/mg400_msgs/include/mg400_msgs/mg400_msgs/msg/detail/mov_j__rosidl_typesupport_fastrtps_c.h\n'}
[29.803230] (mg400_msgs) StdoutLine: {'line': b'-- Symlinking: /root/ros2_ws/install/mg400_msgs/include/mg400_msgs/mg400_msgs/msg/detail/mov_jio__rosidl_typesupport_fastrtps_c.h\n'}
[29.803390] (-) TimerEvent: {}
[29.812305] (mg400_msgs) StdoutLine: {'line': b'-- Symlinking: /root/ros2_ws/install/mg400_msgs/include/mg400_msgs/mg400_msgs/msg/detail/mov_l__rosidl_typesupport_fastrtps_c.h\n'}
[29.820440] (mg400_msgs) StdoutLine: {'line': b'-- Symlinking: /root/ros2_ws/install/mg400_msgs/include/mg400_msgs/mg400_msgs/msg/detail/mov_lio__rosidl_typesupport_fastrtps_c.h\n'}
[29.828576] (mg400_msgs) StdoutLine: {'line': b'-- Symlinking: /root/ros2_ws/install/mg400_msgs/include/mg400_msgs/mg400_msgs/msg/detail/move_jog__rosidl_typesupport_fastrtps_c.h\n'}
[29.836760] (mg400_msgs) StdoutLine: {'line': b'-- Symlinking: /root/ros2_ws/install/mg400_msgs/include/mg400_msgs/mg400_msgs/msg/detail/robot_mode__rosidl_typesupport_fastrtps_c.h\n'}
[29.844275] (mg400_msgs) StdoutLine: {'line': b'-- Symlinking: /root/ros2_ws/install/mg400_msgs/include/mg400_msgs/mg400_msgs/msg/detail/tool__rosidl_typesupport_fastrtps_c.h\n'}
[29.852221] (mg400_msgs) StdoutLine: {'line': b'-- Symlinking: /root/ros2_ws/install/mg400_msgs/include/mg400_msgs/mg400_msgs/msg/detail/tool_di_index__rosidl_typesupport_fastrtps_c.h\n'}
[29.859584] (mg400_msgs) StdoutLine: {'line': b'-- Symlinking: /root/ros2_ws/install/mg400_msgs/include/mg400_msgs/mg400_msgs/msg/detail/tool_do_index__rosidl_typesupport_fastrtps_c.h\n'}
[29.867371] (mg400_msgs) StdoutLine: {'line': b'-- Symlinking: /root/ros2_ws/install/mg400_msgs/include/mg400_msgs/mg400_msgs/msg/detail/user__rosidl_typesupport_fastrtps_c.h\n'}
[29.875329] (mg400_msgs) StdoutLine: {'line': b'-- Symlinking: /root/ros2_ws/install/mg400_msgs/include/mg400_msgs/mg400_msgs/msg/rosidl_typesupport_fastrtps_c__visibility_control.h\n'}
[29.883390] (mg400_msgs) StdoutLine: {'line': b'-- Symlinking: /root/ros2_ws/install/mg400_msgs/include/mg400_msgs/mg400_msgs/srv/detail/acc_j__rosidl_typesupport_fastrtps_c.h\n'}
[29.890958] (mg400_msgs) StdoutLine: {'line': b'-- Symlinking: /root/ros2_ws/install/mg400_msgs/include/mg400_msgs/mg400_msgs/srv/detail/acc_l__rosidl_typesupport_fastrtps_c.h\n'}
[29.899029] (mg400_msgs) StdoutLine: {'line': b'-- Symlinking: /root/ros2_ws/install/mg400_msgs/include/mg400_msgs/mg400_msgs/srv/detail/arch__rosidl_typesupport_fastrtps_c.h\n'}
[29.903466] (-) TimerEvent: {}
[29.906571] (mg400_msgs) StdoutLine: {'line': b'-- Symlinking: /root/ros2_ws/install/mg400_msgs/include/mg400_msgs/mg400_msgs/srv/detail/clear_error__rosidl_typesupport_fastrtps_c.h\n'}
[29.914401] (mg400_msgs) StdoutLine: {'line': b'-- Symlinking: /root/ros2_ws/install/mg400_msgs/include/mg400_msgs/mg400_msgs/srv/detail/cp__rosidl_typesupport_fastrtps_c.h\n'}
[29.922289] (mg400_msgs) StdoutLine: {'line': b'-- Symlinking: /root/ros2_ws/install/mg400_msgs/include/mg400_msgs/mg400_msgs/srv/detail/di__rosidl_typesupport_fastrtps_c.h\n'}
[29.929262] (mg400_msgs) StdoutLine: {'line': b'-- Symlinking: /root/ros2_ws/install/mg400_msgs/include/mg400_msgs/mg400_msgs/srv/detail/disable_robot__rosidl_typesupport_fastrtps_c.h\n'}
[29.936505] (mg400_msgs) StdoutLine: {'line': b'-- Symlinking: /root/ros2_ws/install/mg400_msgs/include/mg400_msgs/mg400_msgs/srv/detail/do__rosidl_typesupport_fastrtps_c.h\n'}
[29.943939] (mg400_msgs) StdoutLine: {'line': b'-- Symlinking: /root/ros2_ws/install/mg400_msgs/include/mg400_msgs/mg400_msgs/srv/detail/emergency_stop__rosidl_typesupport_fastrtps_c.h\n'}
[29.950454] (mg400_msgs) StdoutLine: {'line': b'-- Symlinking: /root/ros2_ws/install/mg400_msgs/include/mg400_msgs/mg400_msgs/srv/detail/enable_robot__rosidl_typesupport_fastrtps_c.h\n'}
[29.957327] (mg400_msgs) StdoutLine: {'line': b'-- Symlinking: /root/ros2_ws/install/mg400_msgs/include/mg400_msgs/mg400_msgs/srv/detail/get_angle__rosidl_typesupport_fastrtps_c.h\n'}
[29.964845] (mg400_msgs) StdoutLine: {'line': b'-- Symlinking: /root/ros2_ws/install/mg400_msgs/include/mg400_msgs/mg400_msgs/srv/detail/get_error_id__rosidl_typesupport_fastrtps_c.h\n'}
[29.972321] (mg400_msgs) StdoutLine: {'line': b'-- Symlinking: /root/ros2_ws/install/mg400_msgs/include/mg400_msgs/mg400_msgs/srv/detail/get_pose__rosidl_typesupport_fastrtps_c.h\n'}
[29.980087] (mg400_msgs) StdoutLine: {'line': b'-- Symlinking: /root/ros2_ws/install/mg400_msgs/include/mg400_msgs/mg400_msgs/srv/detail/inverse_solution__rosidl_typesupport_fastrtps_c.h\n'}
[29.987131] (mg400_msgs) StdoutLine: {'line': b'-- Symlinking: /root/ros2_ws/install/mg400_msgs/include/mg400_msgs/mg400_msgs/srv/detail/joint_mov_j__rosidl_typesupport_fastrtps_c.h\n'}
[29.994538] (mg400_msgs) StdoutLine: {'line': b'-- Symlinking: /root/ros2_ws/install/mg400_msgs/include/mg400_msgs/mg400_msgs/srv/detail/move_jog__rosidl_typesupport_fastrtps_c.h\n'}
[30.002254] (mg400_msgs) StdoutLine: {'line': b'-- Symlinking: /root/ros2_ws/install/mg400_msgs/include/mg400_msgs/mg400_msgs/srv/detail/pay_load__rosidl_typesupport_fastrtps_c.h\n'}
[30.003533] (-) TimerEvent: {}
[30.011735] (mg400_msgs) StdoutLine: {'line': b'-- Symlinking: /root/ros2_ws/install/mg400_msgs/include/mg400_msgs/mg400_msgs/srv/detail/positive_solution__rosidl_typesupport_fastrtps_c.h\n'}
[30.018953] (mg400_msgs) StdoutLine: {'line': b'-- Symlinking: /root/ros2_ws/install/mg400_msgs/include/mg400_msgs/mg400_msgs/srv/detail/reset_robot__rosidl_typesupport_fastrtps_c.h\n'}
[30.027257] (mg400_msgs) StdoutLine: {'line': b'-- Symlinking: /root/ros2_ws/install/mg400_msgs/include/mg400_msgs/mg400_msgs/srv/detail/robot_mode__rosidl_typesupport_fastrtps_c.h\n'}
[30.034256] (mg400_msgs) StdoutLine: {'line': b'-- Symlinking: /root/ros2_ws/install/mg400_msgs/include/mg400_msgs/mg400_msgs/srv/detail/set_collision_level__rosidl_typesupport_fastrtps_c.h\n'}
[30.043054] (mg400_msgs) StdoutLine: {'line': b'-- Symlinking: /root/ros2_ws/install/mg400_msgs/include/mg400_msgs/mg400_msgs/srv/detail/speed_factor__rosidl_typesupport_fastrtps_c.h\n'}
[30.050918] (mg400_msgs) StdoutLine: {'line': b'-- Symlinking: /root/ros2_ws/install/mg400_msgs/include/mg400_msgs/mg400_msgs/srv/detail/speed_j__rosidl_typesupport_fastrtps_c.h\n'}
[30.058731] (mg400_msgs) StdoutLine: {'line': b'-- Symlinking: /root/ros2_ws/install/mg400_msgs/include/mg400_msgs/mg400_msgs/srv/detail/speed_l__rosidl_typesupport_fastrtps_c.h\n'}
[30.065609] (mg400_msgs) StdoutLine: {'line': b'-- Symlinking: /root/ros2_ws/install/mg400_msgs/include/mg400_msgs/mg400_msgs/srv/detail/tool__rosidl_typesupport_fastrtps_c.h\n'}
[30.074334] (mg400_msgs) StdoutLine: {'line': b'-- Symlinking: /root/ros2_ws/install/mg400_msgs/include/mg400_msgs/mg400_msgs/srv/detail/tool_di__rosidl_typesupport_fastrtps_c.h\n'}
[30.081170] (mg400_msgs) StdoutLine: {'line': b'-- Symlinking: /root/ros2_ws/install/mg400_msgs/include/mg400_msgs/mg400_msgs/srv/detail/tool_do_execute__rosidl_typesupport_fastrtps_c.h\n'}
[30.087573] (mg400_msgs) StdoutLine: {'line': b'-- Symlinking: /root/ros2_ws/install/mg400_msgs/include/mg400_msgs/mg400_msgs/srv/detail/user__rosidl_typesupport_fastrtps_c.h\n'}
[30.099323] (mg400_msgs) StdoutLine: {'line': b'-- Symlinking: /root/ros2_ws/install/mg400_msgs/include/mg400_msgs/mg400_msgs/action/command_queue.hpp\n'}
[30.103634] (-) TimerEvent: {}
[30.107687] (mg400_msgs) StdoutLine: {'line': b'-- Symlinking: /root/ros2_ws/install/mg400_msgs/include/mg400_msgs/mg400_msgs/action/detail/command_queue__builder.hpp\n'}
[30.116834] (mg400_msgs) StdoutLine: {'line': b'-- Symlinking: /root/ros2_ws/install/mg400_msgs/include/mg400_msgs/mg400_msgs/action/detail/command_queue__struct.hpp\n'}
[30.124074] (mg400_msgs) StdoutLine: {'line': b'-- Symlinking: /root/ros2_ws/install/mg400_msgs/include/mg400_msgs/mg400_msgs/action/detail/command_queue__traits.hpp\n'}
[30.132467] (mg400_msgs) StdoutLine: {'line': b'-- Symlinking: /root/ros2_ws/install/mg400_msgs/include/mg400_msgs/mg400_msgs/action/detail/command_queue__type_support.hpp\n'}
[30.139769] (mg400_msgs) StdoutLine: {'line': b'-- Symlinking: /root/ros2_ws/install/mg400_msgs/include/mg400_msgs/mg400_msgs/action/detail/joint_mov_j__builder.hpp\n'}
[30.148598] (mg400_msgs) StdoutLine: {'line': b'-- Symlinking: /root/ros2_ws/install/mg400_msgs/include/mg400_msgs/mg400_msgs/action/detail/joint_mov_j__struct.hpp\n'}
[30.156522] (mg400_msgs) StdoutLine: {'line': b'-- Symlinking: /root/ros2_ws/install/mg400_msgs/include/mg400_msgs/mg400_msgs/action/detail/joint_mov_j__traits.hpp\n'}
[30.165254] (mg400_msgs) StdoutLine: {'line': b'-- Symlinking: /root/ros2_ws/install/mg400_msgs/include/mg400_msgs/mg400_msgs/action/detail/joint_mov_j__type_support.hpp\n'}
[30.173047] (mg400_msgs) StdoutLine: {'line': b'-- Symlinking: /root/ros2_ws/install/mg400_msgs/include/mg400_msgs/mg400_msgs/action/detail/mov_j__builder.hpp\n'}
[30.181815] (mg400_msgs) StdoutLine: {'line': b'-- Symlinking: /root/ros2_ws/install/mg400_msgs/include/mg400_msgs/mg400_msgs/action/detail/mov_j__struct.hpp\n'}
[30.189703] (mg400_msgs) StdoutLine: {'line': b'-- Symlinking: /root/ros2_ws/install/mg400_msgs/include/mg400_msgs/mg400_msgs/action/detail/mov_j__traits.hpp\n'}
[30.198179] (mg400_msgs) StdoutLine: {'line': b'-- Symlinking: /root/ros2_ws/install/mg400_msgs/include/mg400_msgs/mg400_msgs/action/detail/mov_j__type_support.hpp\n'}
[30.203705] (-) TimerEvent: {}
[30.205425] (mg400_msgs) StdoutLine: {'line': b'-- Symlinking: /root/ros2_ws/install/mg400_msgs/include/mg400_msgs/mg400_msgs/action/detail/mov_jio__builder.hpp\n'}
[30.213795] (mg400_msgs) StdoutLine: {'line': b'-- Symlinking: /root/ros2_ws/install/mg400_msgs/include/mg400_msgs/mg400_msgs/action/detail/mov_jio__struct.hpp\n'}
[30.221642] (mg400_msgs) StdoutLine: {'line': b'-- Symlinking: /root/ros2_ws/install/mg400_msgs/include/mg400_msgs/mg400_msgs/action/detail/mov_jio__traits.hpp\n'}
[30.229338] (mg400_msgs) StdoutLine: {'line': b'-- Symlinking: /root/ros2_ws/install/mg400_msgs/include/mg400_msgs/mg400_msgs/action/detail/mov_jio__type_support.hpp\n'}
[30.236159] (mg400_msgs) StdoutLine: {'line': b'-- Symlinking: /root/ros2_ws/install/mg400_msgs/include/mg400_msgs/mg400_msgs/action/detail/mov_l__builder.hpp\n'}
[30.243837] (mg400_msgs) StdoutLine: {'line': b'-- Symlinking: /root/ros2_ws/install/mg400_msgs/include/mg400_msgs/mg400_msgs/action/detail/mov_l__struct.hpp\n'}
[30.252628] (mg400_msgs) StdoutLine: {'line': b'-- Symlinking: /root/ros2_ws/install/mg400_msgs/include/mg400_msgs/mg400_msgs/action/detail/mov_l__traits.hpp\n'}
[30.261084] (mg400_msgs) StdoutLine: {'line': b'-- Symlinking: /root/ros2_ws/install/mg400_msgs/include/mg400_msgs/mg400_msgs/action/detail/mov_l__type_support.hpp\n'}
[30.268815] (mg400_msgs) StdoutLine: {'line': b'-- Symlinking: /root/ros2_ws/install/mg400_msgs/include/mg400_msgs/mg400_msgs/action/detail/mov_lio__builder.hpp\n'}
[30.276729] (mg400_msgs) StdoutLine: {'line': b'-- Symlinking: /root/ros2_ws/install/mg400_msgs/include/mg400_msgs/mg400_msgs/action/detail/mov_lio__struct.hpp\n'}
[30.284778] (mg400_msgs) StdoutLine: {'line': b'-- Symlinking: /root/ros2_ws/install/mg400_msgs/include/mg400_msgs/mg400_msgs/action/detail/mov_lio__traits.hpp\n'}
[30.293010] (mg400_msgs) StdoutLine: {'line': b'-- Symlinking: /root/ros2_ws/install/mg400_msgs/include/mg400_msgs/mg400_msgs/action/detail/mov_lio__type_support.hpp\n'}
[30.301518] (mg400_msgs) StdoutLine: {'line': b'-- Symlinking: /root/ros2_ws/install/mg400_msgs/include/mg400_msgs/mg400_msgs/action/joint_mov_j.hpp\n'}
[30.303787] (-) TimerEvent: {}
[30.309651] (mg400_msgs) StdoutLine: {'line': b'-- Symlinking: /root/ros2_ws/install/mg400_msgs/include/mg400_msgs/mg400_msgs/action/mov_j.hpp\n'}
[30.318202] (mg400_msgs) StdoutLine: {'line': b'-- Symlinking: /root/ros2_ws/install/mg400_msgs/include/mg400_msgs/mg400_msgs/action/mov_jio.hpp\n'}
[30.326845] (mg400_msgs) StdoutLine: {'line': b'-- Symlinking: /root/ros2_ws/install/mg400_msgs/include/mg400_msgs/mg400_msgs/action/mov_l.hpp\n'}
[30.334664] (mg400_msgs) StdoutLine: {'line': b'-- Symlinking: /root/ros2_ws/install/mg400_msgs/include/mg400_msgs/mg400_msgs/action/mov_lio.hpp\n'}
[30.343126] (mg400_msgs) StdoutLine: {'line': b'-- Symlinking: /root/ros2_ws/install/mg400_msgs/include/mg400_msgs/mg400_msgs/msg/arch.hpp\n'}
[30.351132] (mg400_msgs) StdoutLine: {'line': b'-- Symlinking: /root/ros2_ws/install/mg400_msgs/include/mg400_msgs/mg400_msgs/msg/collision_level.hpp\n'}
[30.358885] (mg400_msgs) StdoutLine: {'line': b'-- Symlinking: /root/ros2_ws/install/mg400_msgs/include/mg400_msgs/mg400_msgs/msg/command.hpp\n'}
[30.366680] (mg400_msgs) StdoutLine: {'line': b'-- Symlinking: /root/ros2_ws/install/mg400_msgs/include/mg400_msgs/mg400_msgs/msg/detail/arch__builder.hpp\n'}
[30.374870] (mg400_msgs) StdoutLine: {'line': b'-- Symlinking: /root/ros2_ws/install/mg400_msgs/include/mg400_msgs/mg400_msgs/msg/detail/arch__struct.hpp\n'}
[30.382192] (mg400_msgs) StdoutLine: {'line': b'-- Symlinking: /root/ros2_ws/install/mg400_msgs/include/mg400_msgs/mg400_msgs/msg/detail/arch__traits.hpp\n'}
[30.390651] (mg400_msgs) StdoutLine: {'line': b'-- Symlinking: /root/ros2_ws/install/mg400_msgs/include/mg400_msgs/mg400_msgs/msg/detail/arch__type_support.hpp\n'}
[30.397840] (mg400_msgs) StdoutLine: {'line': b'-- Symlinking: /root/ros2_ws/install/mg400_msgs/include/mg400_msgs/mg400_msgs/msg/detail/collision_level__builder.hpp\n'}
[30.403858] (-) TimerEvent: {}
[30.406302] (mg400_msgs) StdoutLine: {'line': b'-- Symlinking: /root/ros2_ws/install/mg400_msgs/include/mg400_msgs/mg400_msgs/msg/detail/collision_level__struct.hpp\n'}
[30.414706] (mg400_msgs) StdoutLine: {'line': b'-- Symlinking: /root/ros2_ws/install/mg400_msgs/include/mg400_msgs/mg400_msgs/msg/detail/collision_level__traits.hpp\n'}
[30.422475] (mg400_msgs) StdoutLine: {'line': b'-- Symlinking: /root/ros2_ws/install/mg400_msgs/include/mg400_msgs/mg400_msgs/msg/detail/collision_level__type_support.hpp\n'}
[30.430632] (mg400_msgs) StdoutLine: {'line': b'-- Symlinking: /root/ros2_ws/install/mg400_msgs/include/mg400_msgs/mg400_msgs/msg/detail/command__builder.hpp\n'}
[30.438806] (mg400_msgs) StdoutLine: {'line': b'-- Symlinking: /root/ros2_ws/install/mg400_msgs/include/mg400_msgs/mg400_msgs/msg/detail/command__struct.hpp\n'}
[30.446445] (mg400_msgs) StdoutLine: {'line': b'-- Symlinking: /root/ros2_ws/install/mg400_msgs/include/mg400_msgs/mg400_msgs/msg/detail/command__traits.hpp\n'}
[30.454651] (mg400_msgs) StdoutLine: {'line': b'-- Symlinking: /root/ros2_ws/install/mg400_msgs/include/mg400_msgs/mg400_msgs/msg/detail/command__type_support.hpp\n'}
[30.462950] (mg400_msgs) StdoutLine: {'line': b'-- Symlinking: /root/ros2_ws/install/mg400_msgs/include/mg400_msgs/mg400_msgs/msg/detail/di_index__builder.hpp\n'}
[30.470600] (mg400_msgs) StdoutLine: {'line': b'-- Symlinking: /root/ros2_ws/install/mg400_msgs/include/mg400_msgs/mg400_msgs/msg/detail/di_index__struct.hpp\n'}
[30.478782] (mg400_msgs) StdoutLine: {'line': b'-- Symlinking: /root/ros2_ws/install/mg400_msgs/include/mg400_msgs/mg400_msgs/msg/detail/di_index__traits.hpp\n'}
[30.487198] (mg400_msgs) StdoutLine: {'line': b'-- Symlinking: /root/ros2_ws/install/mg400_msgs/include/mg400_msgs/mg400_msgs/msg/detail/di_index__type_support.hpp\n'}
[30.494816] (mg400_msgs) StdoutLine: {'line': b'-- Symlinking: /root/ros2_ws/install/mg400_msgs/include/mg400_msgs/mg400_msgs/msg/detail/distance_mode__builder.hpp\n'}
[30.502792] (mg400_msgs) StdoutLine: {'line': b'-- Symlinking: /root/ros2_ws/install/mg400_msgs/include/mg400_msgs/mg400_msgs/msg/detail/distance_mode__struct.hpp\n'}
[30.503940] (-) TimerEvent: {}
[30.511592] (mg400_msgs) StdoutLine: {'line': b'-- Symlinking: /root/ros2_ws/install/mg400_msgs/include/mg400_msgs/mg400_msgs/msg/detail/distance_mode__traits.hpp\n'}
[30.519617] (mg400_msgs) StdoutLine: {'line': b'-- Symlinking: /root/ros2_ws/install/mg400_msgs/include/mg400_msgs/mg400_msgs/msg/detail/distance_mode__type_support.hpp\n'}
[30.527100] (mg400_msgs) StdoutLine: {'line': b'-- Symlinking: /root/ros2_ws/install/mg400_msgs/include/mg400_msgs/mg400_msgs/msg/detail/do_index__builder.hpp\n'}
[30.535183] (mg400_msgs) StdoutLine: {'line': b'-- Symlinking: /root/ros2_ws/install/mg400_msgs/include/mg400_msgs/mg400_msgs/msg/detail/do_index__struct.hpp\n'}
[30.542650] (mg400_msgs) StdoutLine: {'line': b'-- Symlinking: /root/ros2_ws/install/mg400_msgs/include/mg400_msgs/mg400_msgs/msg/detail/do_index__traits.hpp\n'}
[30.550632] (mg400_msgs) StdoutLine: {'line': b'-- Symlinking: /root/ros2_ws/install/mg400_msgs/include/mg400_msgs/mg400_msgs/msg/detail/do_index__type_support.hpp\n'}
[30.558002] (mg400_msgs) StdoutLine: {'line': b'-- Symlinking: /root/ros2_ws/install/mg400_msgs/include/mg400_msgs/mg400_msgs/msg/detail/do_status__builder.hpp\n'}
[30.565985] (mg400_msgs) StdoutLine: {'line': b'-- Symlinking: /root/ros2_ws/install/mg400_msgs/include/mg400_msgs/mg400_msgs/msg/detail/do_status__struct.hpp\n'}
[30.573633] (mg400_msgs) StdoutLine: {'line': b'-- Symlinking: /root/ros2_ws/install/mg400_msgs/include/mg400_msgs/mg400_msgs/msg/detail/do_status__traits.hpp\n'}
[30.581267] (mg400_msgs) StdoutLine: {'line': b'-- Symlinking: /root/ros2_ws/install/mg400_msgs/include/mg400_msgs/mg400_msgs/msg/detail/do_status__type_support.hpp\n'}
[30.589505] (mg400_msgs) StdoutLine: {'line': b'-- Symlinking: /root/ros2_ws/install/mg400_msgs/include/mg400_msgs/mg400_msgs/msg/detail/error_id__builder.hpp\n'}
[30.597460] (mg400_msgs) StdoutLine: {'line': b'-- Symlinking: /root/ros2_ws/install/mg400_msgs/include/mg400_msgs/mg400_msgs/msg/detail/error_id__struct.hpp\n'}
[30.604010] (-) TimerEvent: {}
[30.604145] (mg400_msgs) StdoutLine: {'line': b'-- Symlinking: /root/ros2_ws/install/mg400_msgs/include/mg400_msgs/mg400_msgs/msg/detail/error_id__traits.hpp\n'}
[30.611381] (mg400_msgs) StdoutLine: {'line': b'-- Symlinking: /root/ros2_ws/install/mg400_msgs/include/mg400_msgs/mg400_msgs/msg/detail/error_id__type_support.hpp\n'}
[30.619332] (mg400_msgs) StdoutLine: {'line': b'-- Symlinking: /root/ros2_ws/install/mg400_msgs/include/mg400_msgs/mg400_msgs/msg/detail/id_array__builder.hpp\n'}
[30.627702] (mg400_msgs) StdoutLine: {'line': b'-- Symlinking: /root/ros2_ws/install/mg400_msgs/include/mg400_msgs/mg400_msgs/msg/detail/id_array__struct.hpp\n'}
[30.636519] (mg400_msgs) StdoutLine: {'line': b'-- Symlinking: /root/ros2_ws/install/mg400_msgs/include/mg400_msgs/mg400_msgs/msg/detail/id_array__traits.hpp\n'}
[30.643944] (mg400_msgs) StdoutLine: {'line': b'-- Symlinking: /root/ros2_ws/install/mg400_msgs/include/mg400_msgs/mg400_msgs/msg/detail/id_array__type_support.hpp\n'}
[30.652260] (mg400_msgs) StdoutLine: {'line': b'-- Symlinking: /root/ros2_ws/install/mg400_msgs/include/mg400_msgs/mg400_msgs/msg/detail/joint_mov_j__builder.hpp\n'}
[30.660107] (mg400_msgs) StdoutLine: {'line': b'-- Symlinking: /root/ros2_ws/install/mg400_msgs/include/mg400_msgs/mg400_msgs/msg/detail/joint_mov_j__struct.hpp\n'}
[30.667958] (mg400_msgs) StdoutLine: {'line': b'-- Symlinking: /root/ros2_ws/install/mg400_msgs/include/mg400_msgs/mg400_msgs/msg/detail/joint_mov_j__traits.hpp\n'}
[30.675590] (mg400_msgs) StdoutLine: {'line': b'-- Symlinking: /root/ros2_ws/install/mg400_msgs/include/mg400_msgs/mg400_msgs/msg/detail/joint_mov_j__type_support.hpp\n'}
[30.683794] (mg400_msgs) StdoutLine: {'line': b'-- Symlinking: /root/ros2_ws/install/mg400_msgs/include/mg400_msgs/mg400_msgs/msg/detail/mov_j__builder.hpp\n'}
[30.691698] (mg400_msgs) StdoutLine: {'line': b'-- Symlinking: /root/ros2_ws/install/mg400_msgs/include/mg400_msgs/mg400_msgs/msg/detail/mov_j__struct.hpp\n'}
[30.700110] (mg400_msgs) StdoutLine: {'line': b'-- Symlinking: /root/ros2_ws/install/mg400_msgs/include/mg400_msgs/mg400_msgs/msg/detail/mov_j__traits.hpp\n'}
[30.704078] (-) TimerEvent: {}
[30.708141] (mg400_msgs) StdoutLine: {'line': b'-- Symlinking: /root/ros2_ws/install/mg400_msgs/include/mg400_msgs/mg400_msgs/msg/detail/mov_j__type_support.hpp\n'}
[30.716978] (mg400_msgs) StdoutLine: {'line': b'-- Symlinking: /root/ros2_ws/install/mg400_msgs/include/mg400_msgs/mg400_msgs/msg/detail/mov_jio__builder.hpp\n'}
[30.724232] (mg400_msgs) StdoutLine: {'line': b'-- Symlinking: /root/ros2_ws/install/mg400_msgs/include/mg400_msgs/mg400_msgs/msg/detail/mov_jio__struct.hpp\n'}
[30.732786] (mg400_msgs) StdoutLine: {'line': b'-- Symlinking: /root/ros2_ws/install/mg400_msgs/include/mg400_msgs/mg400_msgs/msg/detail/mov_jio__traits.hpp\n'}
[30.739730] (mg400_msgs) StdoutLine: {'line': b'-- Symlinking: /root/ros2_ws/install/mg400_msgs/include/mg400_msgs/mg400_msgs/msg/detail/mov_jio__type_support.hpp\n'}
[30.746912] (mg400_msgs) StdoutLine: {'line': b'-- Symlinking: /root/ros2_ws/install/mg400_msgs/include/mg400_msgs/mg400_msgs/msg/detail/mov_l__builder.hpp\n'}
[30.754776] (mg400_msgs) StdoutLine: {'line': b'-- Symlinking: /root/ros2_ws/install/mg400_msgs/include/mg400_msgs/mg400_msgs/msg/detail/mov_l__struct.hpp\n'}
[30.761739] (mg400_msgs) StdoutLine: {'line': b'-- Symlinking: /root/ros2_ws/install/mg400_msgs/include/mg400_msgs/mg400_msgs/msg/detail/mov_l__traits.hpp\n'}
[30.769167] (mg400_msgs) StdoutLine: {'line': b'-- Symlinking: /root/ros2_ws/install/mg400_msgs/include/mg400_msgs/mg400_msgs/msg/detail/mov_l__type_support.hpp\n'}
[30.776887] (mg400_msgs) StdoutLine: {'line': b'-- Symlinking: /root/ros2_ws/install/mg400_msgs/include/mg400_msgs/mg400_msgs/msg/detail/mov_lio__builder.hpp\n'}
[30.784701] (mg400_msgs) StdoutLine: {'line': b'-- Symlinking: /root/ros2_ws/install/mg400_msgs/include/mg400_msgs/mg400_msgs/msg/detail/mov_lio__struct.hpp\n'}
[30.792508] (mg400_msgs) StdoutLine: {'line': b'-- Symlinking: /root/ros2_ws/install/mg400_msgs/include/mg400_msgs/mg400_msgs/msg/detail/mov_lio__traits.hpp\n'}
[30.800008] (mg400_msgs) StdoutLine: {'line': b'-- Symlinking: /root/ros2_ws/install/mg400_msgs/include/mg400_msgs/mg400_msgs/msg/detail/mov_lio__type_support.hpp\n'}
[30.804151] (-) TimerEvent: {}
[30.807788] (mg400_msgs) StdoutLine: {'line': b'-- Symlinking: /root/ros2_ws/install/mg400_msgs/include/mg400_msgs/mg400_msgs/msg/detail/move_jog__builder.hpp\n'}
[30.816314] (mg400_msgs) StdoutLine: {'line': b'-- Symlinking: /root/ros2_ws/install/mg400_msgs/include/mg400_msgs/mg400_msgs/msg/detail/move_jog__struct.hpp\n'}
[30.824206] (mg400_msgs) StdoutLine: {'line': b'-- Symlinking: /root/ros2_ws/install/mg400_msgs/include/mg400_msgs/mg400_msgs/msg/detail/move_jog__traits.hpp\n'}
[30.832546] (mg400_msgs) StdoutLine: {'line': b'-- Symlinking: /root/ros2_ws/install/mg400_msgs/include/mg400_msgs/mg400_msgs/msg/detail/move_jog__type_support.hpp\n'}
[30.840511] (mg400_msgs) StdoutLine: {'line': b'-- Symlinking: /root/ros2_ws/install/mg400_msgs/include/mg400_msgs/mg400_msgs/msg/detail/robot_mode__builder.hpp\n'}
[30.849204] (mg400_msgs) StdoutLine: {'line': b'-- Symlinking: /root/ros2_ws/install/mg400_msgs/include/mg400_msgs/mg400_msgs/msg/detail/robot_mode__struct.hpp\n'}
[30.856872] (mg400_msgs) StdoutLine: {'line': b'-- Symlinking: /root/ros2_ws/install/mg400_msgs/include/mg400_msgs/mg400_msgs/msg/detail/robot_mode__traits.hpp\n'}
[30.865309] (mg400_msgs) StdoutLine: {'line': b'-- Symlinking: /root/ros2_ws/install/mg400_msgs/include/mg400_msgs/mg400_msgs/msg/detail/robot_mode__type_support.hpp\n'}
[30.873328] (mg400_msgs) StdoutLine: {'line': b'-- Symlinking: /root/ros2_ws/install/mg400_msgs/include/mg400_msgs/mg400_msgs/msg/detail/tool__builder.hpp\n'}
[30.881731] (mg400_msgs) StdoutLine: {'line': b'-- Symlinking: /root/ros2_ws/install/mg400_msgs/include/mg400_msgs/mg400_msgs/msg/detail/tool__struct.hpp\n'}
[30.889632] (mg400_msgs) StdoutLine: {'line': b'-- Symlinking: /root/ros2_ws/install/mg400_msgs/include/mg400_msgs/mg400_msgs/msg/detail/tool__traits.hpp\n'}
[30.897519] (mg400_msgs) StdoutLine: {'line': b'-- Symlinking: /root/ros2_ws/install/mg400_msgs/include/mg400_msgs/mg400_msgs/msg/detail/tool__type_support.hpp\n'}
[30.904231] (-) TimerEvent: {}
[30.905542] (mg400_msgs) StdoutLine: {'line': b'-- Symlinking: /root/ros2_ws/install/mg400_msgs/include/mg400_msgs/mg400_msgs/msg/detail/tool_di_index__builder.hpp\n'}
[30.913787] (mg400_msgs) StdoutLine: {'line': b'-- Symlinking: /root/ros2_ws/install/mg400_msgs/include/mg400_msgs/mg400_msgs/msg/detail/tool_di_index__struct.hpp\n'}
[30.921647] (mg400_msgs) StdoutLine: {'line': b'-- Symlinking: /root/ros2_ws/install/mg400_msgs/include/mg400_msgs/mg400_msgs/msg/detail/tool_di_index__traits.hpp\n'}
[30.930610] (mg400_msgs) StdoutLine: {'line': b'-- Symlinking: /root/ros2_ws/install/mg400_msgs/include/mg400_msgs/mg400_msgs/msg/detail/tool_di_index__type_support.hpp\n'}
[30.938200] (mg400_msgs) StdoutLine: {'line': b'-- Symlinking: /root/ros2_ws/install/mg400_msgs/include/mg400_msgs/mg400_msgs/msg/detail/tool_do_index__builder.hpp\n'}
[30.945900] (mg400_msgs) StdoutLine: {'line': b'-- Symlinking: /root/ros2_ws/install/mg400_msgs/include/mg400_msgs/mg400_msgs/msg/detail/tool_do_index__struct.hpp\n'}
[30.953964] (mg400_msgs) StdoutLine: {'line': b'-- Symlinking: /root/ros2_ws/install/mg400_msgs/include/mg400_msgs/mg400_msgs/msg/detail/tool_do_index__traits.hpp\n'}
[30.961455] (mg400_msgs) StdoutLine: {'line': b'-- Symlinking: /root/ros2_ws/install/mg400_msgs/include/mg400_msgs/mg400_msgs/msg/detail/tool_do_index__type_support.hpp\n'}
[30.969428] (mg400_msgs) StdoutLine: {'line': b'-- Symlinking: /root/ros2_ws/install/mg400_msgs/include/mg400_msgs/mg400_msgs/msg/detail/user__builder.hpp\n'}
[30.976496] (mg400_msgs) StdoutLine: {'line': b'-- Symlinking: /root/ros2_ws/install/mg400_msgs/include/mg400_msgs/mg400_msgs/msg/detail/user__struct.hpp\n'}
[30.983739] (mg400_msgs) StdoutLine: {'line': b'-- Symlinking: /root/ros2_ws/install/mg400_msgs/include/mg400_msgs/mg400_msgs/msg/detail/user__traits.hpp\n'}
[30.991228] (mg400_msgs) StdoutLine: {'line': b'-- Symlinking: /root/ros2_ws/install/mg400_msgs/include/mg400_msgs/mg400_msgs/msg/detail/user__type_support.hpp\n'}
[30.999829] (mg400_msgs) StdoutLine: {'line': b'-- Symlinking: /root/ros2_ws/install/mg400_msgs/include/mg400_msgs/mg400_msgs/msg/di_index.hpp\n'}
[31.004306] (-) TimerEvent: {}
[31.006395] (mg400_msgs) StdoutLine: {'line': b'-- Symlinking: /root/ros2_ws/install/mg400_msgs/include/mg400_msgs/mg400_msgs/msg/distance_mode.hpp\n'}
[31.014533] (mg400_msgs) StdoutLine: {'line': b'-- Symlinking: /root/ros2_ws/install/mg400_msgs/include/mg400_msgs/mg400_msgs/msg/do_index.hpp\n'}
[31.021722] (mg400_msgs) StdoutLine: {'line': b'-- Symlinking: /root/ros2_ws/install/mg400_msgs/include/mg400_msgs/mg400_msgs/msg/do_status.hpp\n'}
[31.029497] (mg400_msgs) StdoutLine: {'line': b'-- Symlinking: /root/ros2_ws/install/mg400_msgs/include/mg400_msgs/mg400_msgs/msg/error_id.hpp\n'}
[31.037056] (mg400_msgs) StdoutLine: {'line': b'-- Symlinking: /root/ros2_ws/install/mg400_msgs/include/mg400_msgs/mg400_msgs/msg/id_array.hpp\n'}
[31.045253] (mg400_msgs) StdoutLine: {'line': b'-- Symlinking: /root/ros2_ws/install/mg400_msgs/include/mg400_msgs/mg400_msgs/msg/joint_mov_j.hpp\n'}
[31.053020] (mg400_msgs) StdoutLine: {'line': b'-- Symlinking: /root/ros2_ws/install/mg400_msgs/include/mg400_msgs/mg400_msgs/msg/mov_j.hpp\n'}
[31.060894] (mg400_msgs) StdoutLine: {'line': b'-- Symlinking: /root/ros2_ws/install/mg400_msgs/include/mg400_msgs/mg400_msgs/msg/mov_jio.hpp\n'}
[31.068563] (mg400_msgs) StdoutLine: {'line': b'-- Symlinking: /root/ros2_ws/install/mg400_msgs/include/mg400_msgs/mg400_msgs/msg/mov_l.hpp\n'}
[31.076615] (mg400_msgs) StdoutLine: {'line': b'-- Symlinking: /root/ros2_ws/install/mg400_msgs/include/mg400_msgs/mg400_msgs/msg/mov_lio.hpp\n'}
[31.084620] (mg400_msgs) StdoutLine: {'line': b'-- Symlinking: /root/ros2_ws/install/mg400_msgs/include/mg400_msgs/mg400_msgs/msg/move_jog.hpp\n'}
[31.093113] (mg400_msgs) StdoutLine: {'line': b'-- Symlinking: /root/ros2_ws/install/mg400_msgs/include/mg400_msgs/mg400_msgs/msg/robot_mode.hpp\n'}
[31.101214] (mg400_msgs) StdoutLine: {'line': b'-- Symlinking: /root/ros2_ws/install/mg400_msgs/include/mg400_msgs/mg400_msgs/msg/rosidl_generator_cpp__visibility_control.hpp\n'}
[31.104393] (-) TimerEvent: {}
[31.108949] (mg400_msgs) StdoutLine: {'line': b'-- Symlinking: /root/ros2_ws/install/mg400_msgs/include/mg400_msgs/mg400_msgs/msg/tool.hpp\n'}
[31.115777] (mg400_msgs) StdoutLine: {'line': b'-- Symlinking: /root/ros2_ws/install/mg400_msgs/include/mg400_msgs/mg400_msgs/msg/tool_di_index.hpp\n'}
[31.122378] (mg400_msgs) StdoutLine: {'line': b'-- Symlinking: /root/ros2_ws/install/mg400_msgs/include/mg400_msgs/mg400_msgs/msg/tool_do_index.hpp\n'}
[31.129112] (mg400_msgs) StdoutLine: {'line': b'-- Symlinking: /root/ros2_ws/install/mg400_msgs/include/mg400_msgs/mg400_msgs/msg/user.hpp\n'}
[31.137434] (mg400_msgs) StdoutLine: {'line': b'-- Symlinking: /root/ros2_ws/install/mg400_msgs/include/mg400_msgs/mg400_msgs/srv/acc_j.hpp\n'}
[31.145148] (mg400_msgs) StdoutLine: {'line': b'-- Symlinking: /root/ros2_ws/install/mg400_msgs/include/mg400_msgs/mg400_msgs/srv/acc_l.hpp\n'}
[31.153817] (mg400_msgs) StdoutLine: {'line': b'-- Symlinking: /root/ros2_ws/install/mg400_msgs/include/mg400_msgs/mg400_msgs/srv/arch.hpp\n'}
[31.160980] (mg400_msgs) StdoutLine: {'line': b'-- Symlinking: /root/ros2_ws/install/mg400_msgs/include/mg400_msgs/mg400_msgs/srv/clear_error.hpp\n'}
[31.169004] (mg400_msgs) StdoutLine: {'line': b'-- Symlinking: /root/ros2_ws/install/mg400_msgs/include/mg400_msgs/mg400_msgs/srv/cp.hpp\n'}
[31.177474] (mg400_msgs) StdoutLine: {'line': b'-- Symlinking: /root/ros2_ws/install/mg400_msgs/include/mg400_msgs/mg400_msgs/srv/detail/acc_j__builder.hpp\n'}
[31.185089] (mg400_msgs) StdoutLine: {'line': b'-- Symlinking: /root/ros2_ws/install/mg400_msgs/include/mg400_msgs/mg400_msgs/srv/detail/acc_j__struct.hpp\n'}
[31.192689] (mg400_msgs) StdoutLine: {'line': b'-- Symlinking: /root/ros2_ws/install/mg400_msgs/include/mg400_msgs/mg400_msgs/srv/detail/acc_j__traits.hpp\n'}
[31.200252] (mg400_msgs) StdoutLine: {'line': b'-- Symlinking: /root/ros2_ws/install/mg400_msgs/include/mg400_msgs/mg400_msgs/srv/detail/acc_j__type_support.hpp\n'}
[31.204493] (-) TimerEvent: {}
[31.208395] (mg400_msgs) StdoutLine: {'line': b'-- Symlinking: /root/ros2_ws/install/mg400_msgs/include/mg400_msgs/mg400_msgs/srv/detail/acc_l__builder.hpp\n'}
[31.215647] (mg400_msgs) StdoutLine: {'line': b'-- Symlinking: /root/ros2_ws/install/mg400_msgs/include/mg400_msgs/mg400_msgs/srv/detail/acc_l__struct.hpp\n'}
[31.223254] (mg400_msgs) StdoutLine: {'line': b'-- Symlinking: /root/ros2_ws/install/mg400_msgs/include/mg400_msgs/mg400_msgs/srv/detail/acc_l__traits.hpp\n'}
[31.230428] (mg400_msgs) StdoutLine: {'line': b'-- Symlinking: /root/ros2_ws/install/mg400_msgs/include/mg400_msgs/mg400_msgs/srv/detail/acc_l__type_support.hpp\n'}
[31.238316] (mg400_msgs) StdoutLine: {'line': b'-- Symlinking: /root/ros2_ws/install/mg400_msgs/include/mg400_msgs/mg400_msgs/srv/detail/arch__builder.hpp\n'}
[31.245937] (mg400_msgs) StdoutLine: {'line': b'-- Symlinking: /root/ros2_ws/install/mg400_msgs/include/mg400_msgs/mg400_msgs/srv/detail/arch__struct.hpp\n'}
[31.253534] (mg400_msgs) StdoutLine: {'line': b'-- Symlinking: /root/ros2_ws/install/mg400_msgs/include/mg400_msgs/mg400_msgs/srv/detail/arch__traits.hpp\n'}
[31.260671] (mg400_msgs) StdoutLine: {'line': b'-- Symlinking: /root/ros2_ws/install/mg400_msgs/include/mg400_msgs/mg400_msgs/srv/detail/arch__type_support.hpp\n'}
[31.267690] (mg400_msgs) StdoutLine: {'line': b'-- Symlinking: /root/ros2_ws/install/mg400_msgs/include/mg400_msgs/mg400_msgs/srv/detail/clear_error__builder.hpp\n'}
[31.275361] (mg400_msgs) StdoutLine: {'line': b'-- Symlinking: /root/ros2_ws/install/mg400_msgs/include/mg400_msgs/mg400_msgs/srv/detail/clear_error__struct.hpp\n'}
[31.282616] (mg400_msgs) StdoutLine: {'line': b'-- Symlinking: /root/ros2_ws/install/mg400_msgs/include/mg400_msgs/mg400_msgs/srv/detail/clear_error__traits.hpp\n'}
[31.290755] (mg400_msgs) StdoutLine: {'line': b'-- Symlinking: /root/ros2_ws/install/mg400_msgs/include/mg400_msgs/mg400_msgs/srv/detail/clear_error__type_support.hpp\n'}
[31.297861] (mg400_msgs) StdoutLine: {'line': b'-- Symlinking: /root/ros2_ws/install/mg400_msgs/include/mg400_msgs/mg400_msgs/srv/detail/cp__builder.hpp\n'}
[31.304573] (-) TimerEvent: {}
[31.305897] (mg400_msgs) StdoutLine: {'line': b'-- Symlinking: /root/ros2_ws/install/mg400_msgs/include/mg400_msgs/mg400_msgs/srv/detail/cp__struct.hpp\n'}
[31.313842] (mg400_msgs) StdoutLine: {'line': b'-- Symlinking: /root/ros2_ws/install/mg400_msgs/include/mg400_msgs/mg400_msgs/srv/detail/cp__traits.hpp\n'}
[31.320580] (mg400_msgs) StdoutLine: {'line': b'-- Symlinking: /root/ros2_ws/install/mg400_msgs/include/mg400_msgs/mg400_msgs/srv/detail/cp__type_support.hpp\n'}
[31.328807] (mg400_msgs) StdoutLine: {'line': b'-- Symlinking: /root/ros2_ws/install/mg400_msgs/include/mg400_msgs/mg400_msgs/srv/detail/di__builder.hpp\n'}
[31.336685] (mg400_msgs) StdoutLine: {'line': b'-- Symlinking: /root/ros2_ws/install/mg400_msgs/include/mg400_msgs/mg400_msgs/srv/detail/di__struct.hpp\n'}
[31.344963] (mg400_msgs) StdoutLine: {'line': b'-- Symlinking: /root/ros2_ws/install/mg400_msgs/include/mg400_msgs/mg400_msgs/srv/detail/di__traits.hpp\n'}
[31.353178] (mg400_msgs) StdoutLine: {'line': b'-- Symlinking: /root/ros2_ws/install/mg400_msgs/include/mg400_msgs/mg400_msgs/srv/detail/di__type_support.hpp\n'}
[31.362061] (mg400_msgs) StdoutLine: {'line': b'-- Symlinking: /root/ros2_ws/install/mg400_msgs/include/mg400_msgs/mg400_msgs/srv/detail/disable_robot__builder.hpp\n'}
[31.369397] (mg400_msgs) StdoutLine: {'line': b'-- Symlinking: /root/ros2_ws/install/mg400_msgs/include/mg400_msgs/mg400_msgs/srv/detail/disable_robot__struct.hpp\n'}
[31.378002] (mg400_msgs) StdoutLine: {'line': b'-- Symlinking: /root/ros2_ws/install/mg400_msgs/include/mg400_msgs/mg400_msgs/srv/detail/disable_robot__traits.hpp\n'}
[31.385017] (mg400_msgs) StdoutLine: {'line': b'-- Symlinking: /root/ros2_ws/install/mg400_msgs/include/mg400_msgs/mg400_msgs/srv/detail/disable_robot__type_support.hpp\n'}
[31.393593] (mg400_msgs) StdoutLine: {'line': b'-- Symlinking: /root/ros2_ws/install/mg400_msgs/include/mg400_msgs/mg400_msgs/srv/detail/do__builder.hpp\n'}
[31.401694] (mg400_msgs) StdoutLine: {'line': b'-- Symlinking: /root/ros2_ws/install/mg400_msgs/include/mg400_msgs/mg400_msgs/srv/detail/do__struct.hpp\n'}
[31.404651] (-) TimerEvent: {}
[31.410655] (mg400_msgs) StdoutLine: {'line': b'-- Symlinking: /root/ros2_ws/install/mg400_msgs/include/mg400_msgs/mg400_msgs/srv/detail/do__traits.hpp\n'}
[31.418040] (mg400_msgs) StdoutLine: {'line': b'-- Symlinking: /root/ros2_ws/install/mg400_msgs/include/mg400_msgs/mg400_msgs/srv/detail/do__type_support.hpp\n'}
[31.425228] (mg400_msgs) StdoutLine: {'line': b'-- Symlinking: /root/ros2_ws/install/mg400_msgs/include/mg400_msgs/mg400_msgs/srv/detail/emergency_stop__builder.hpp\n'}
[31.432937] (mg400_msgs) StdoutLine: {'line': b'-- Symlinking: /root/ros2_ws/install/mg400_msgs/include/mg400_msgs/mg400_msgs/srv/detail/emergency_stop__struct.hpp\n'}
[31.440762] (mg400_msgs) StdoutLine: {'line': b'-- Symlinking: /root/ros2_ws/install/mg400_msgs/include/mg400_msgs/mg400_msgs/srv/detail/emergency_stop__traits.hpp\n'}
[31.448466] (mg400_msgs) StdoutLine: {'line': b'-- Symlinking: /root/ros2_ws/install/mg400_msgs/include/mg400_msgs/mg400_msgs/srv/detail/emergency_stop__type_support.hpp\n'}
[31.456565] (mg400_msgs) StdoutLine: {'line': b'-- Symlinking: /root/ros2_ws/install/mg400_msgs/include/mg400_msgs/mg400_msgs/srv/detail/enable_robot__builder.hpp\n'}
[31.464486] (mg400_msgs) StdoutLine: {'line': b'-- Symlinking: /root/ros2_ws/install/mg400_msgs/include/mg400_msgs/mg400_msgs/srv/detail/enable_robot__struct.hpp\n'}
[31.472270] (mg400_msgs) StdoutLine: {'line': b'-- Symlinking: /root/ros2_ws/install/mg400_msgs/include/mg400_msgs/mg400_msgs/srv/detail/enable_robot__traits.hpp\n'}
[31.481766] (mg400_msgs) StdoutLine: {'line': b'-- Symlinking: /root/ros2_ws/install/mg400_msgs/include/mg400_msgs/mg400_msgs/srv/detail/enable_robot__type_support.hpp\n'}
[31.489008] (mg400_msgs) StdoutLine: {'line': b'-- Symlinking: /root/ros2_ws/install/mg400_msgs/include/mg400_msgs/mg400_msgs/srv/detail/get_angle__builder.hpp\n'}
[31.497598] (mg400_msgs) StdoutLine: {'line': b'-- Symlinking: /root/ros2_ws/install/mg400_msgs/include/mg400_msgs/mg400_msgs/srv/detail/get_angle__struct.hpp\n'}
[31.504725] (-) TimerEvent: {}
[31.505189] (mg400_msgs) StdoutLine: {'line': b'-- Symlinking: /root/ros2_ws/install/mg400_msgs/include/mg400_msgs/mg400_msgs/srv/detail/get_angle__traits.hpp\n'}
[31.513795] (mg400_msgs) StdoutLine: {'line': b'-- Symlinking: /root/ros2_ws/install/mg400_msgs/include/mg400_msgs/mg400_msgs/srv/detail/get_angle__type_support.hpp\n'}
[31.521794] (mg400_msgs) StdoutLine: {'line': b'-- Symlinking: /root/ros2_ws/install/mg400_msgs/include/mg400_msgs/mg400_msgs/srv/detail/get_error_id__builder.hpp\n'}
[31.530281] (mg400_msgs) StdoutLine: {'line': b'-- Symlinking: /root/ros2_ws/install/mg400_msgs/include/mg400_msgs/mg400_msgs/srv/detail/get_error_id__struct.hpp\n'}
[31.538178] (mg400_msgs) StdoutLine: {'line': b'-- Symlinking: /root/ros2_ws/install/mg400_msgs/include/mg400_msgs/mg400_msgs/srv/detail/get_error_id__traits.hpp\n'}
[31.545120] (mg400_msgs) StdoutLine: {'line': b'-- Symlinking: /root/ros2_ws/install/mg400_msgs/include/mg400_msgs/mg400_msgs/srv/detail/get_error_id__type_support.hpp\n'}
[31.551549] (mg400_msgs) StdoutLine: {'line': b'-- Symlinking: /root/ros2_ws/install/mg400_msgs/include/mg400_msgs/mg400_msgs/srv/detail/get_pose__builder.hpp\n'}
[31.559809] (mg400_msgs) StdoutLine: {'line': b'-- Symlinking: /root/ros2_ws/install/mg400_msgs/include/mg400_msgs/mg400_msgs/srv/detail/get_pose__struct.hpp\n'}
[31.567760] (mg400_msgs) StdoutLine: {'line': b'-- Symlinking: /root/ros2_ws/install/mg400_msgs/include/mg400_msgs/mg400_msgs/srv/detail/get_pose__traits.hpp\n'}
[31.575524] (mg400_msgs) StdoutLine: {'line': b'-- Symlinking: /root/ros2_ws/install/mg400_msgs/include/mg400_msgs/mg400_msgs/srv/detail/get_pose__type_support.hpp\n'}
[31.583135] (mg400_msgs) StdoutLine: {'line': b'-- Symlinking: /root/ros2_ws/install/mg400_msgs/include/mg400_msgs/mg400_msgs/srv/detail/inverse_solution__builder.hpp\n'}
[31.591586] (mg400_msgs) StdoutLine: {'line': b'-- Symlinking: /root/ros2_ws/install/mg400_msgs/include/mg400_msgs/mg400_msgs/srv/detail/inverse_solution__struct.hpp\n'}
[31.599442] (mg400_msgs) StdoutLine: {'line': b'-- Symlinking: /root/ros2_ws/install/mg400_msgs/include/mg400_msgs/mg400_msgs/srv/detail/inverse_solution__traits.hpp\n'}
[31.604798] (-) TimerEvent: {}
[31.608062] (mg400_msgs) StdoutLine: {'line': b'-- Symlinking: /root/ros2_ws/install/mg400_msgs/include/mg400_msgs/mg400_msgs/srv/detail/inverse_solution__type_support.hpp\n'}
[31.615713] (mg400_msgs) StdoutLine: {'line': b'-- Symlinking: /root/ros2_ws/install/mg400_msgs/include/mg400_msgs/mg400_msgs/srv/detail/joint_mov_j__builder.hpp\n'}
[31.622104] (mg400_msgs) StdoutLine: {'line': b'-- Symlinking: /root/ros2_ws/install/mg400_msgs/include/mg400_msgs/mg400_msgs/srv/detail/joint_mov_j__struct.hpp\n'}
[31.629980] (mg400_msgs) StdoutLine: {'line': b'-- Symlinking: /root/ros2_ws/install/mg400_msgs/include/mg400_msgs/mg400_msgs/srv/detail/joint_mov_j__traits.hpp\n'}
[31.637646] (mg400_msgs) StdoutLine: {'line': b'-- Symlinking: /root/ros2_ws/install/mg400_msgs/include/mg400_msgs/mg400_msgs/srv/detail/joint_mov_j__type_support.hpp\n'}
[31.644831] (mg400_msgs) StdoutLine: {'line': b'-- Symlinking: /root/ros2_ws/install/mg400_msgs/include/mg400_msgs/mg400_msgs/srv/detail/move_jog__builder.hpp\n'}
[31.651390] (mg400_msgs) StdoutLine: {'line': b'-- Symlinking: /root/ros2_ws/install/mg400_msgs/include/mg400_msgs/mg400_msgs/srv/detail/move_jog__struct.hpp\n'}
[31.659321] (mg400_msgs) StdoutLine: {'line': b'-- Symlinking: /root/ros2_ws/install/mg400_msgs/include/mg400_msgs/mg400_msgs/srv/detail/move_jog__traits.hpp\n'}
[31.666283] (mg400_msgs) StdoutLine: {'line': b'-- Symlinking: /root/ros2_ws/install/mg400_msgs/include/mg400_msgs/mg400_msgs/srv/detail/move_jog__type_support.hpp\n'}
[31.673598] (mg400_msgs) StdoutLine: {'line': b'-- Symlinking: /root/ros2_ws/install/mg400_msgs/include/mg400_msgs/mg400_msgs/srv/detail/pay_load__builder.hpp\n'}
[31.680953] (mg400_msgs) StdoutLine: {'line': b'-- Symlinking: /root/ros2_ws/install/mg400_msgs/include/mg400_msgs/mg400_msgs/srv/detail/pay_load__struct.hpp\n'}
[31.688583] (mg400_msgs) StdoutLine: {'line': b'-- Symlinking: /root/ros2_ws/install/mg400_msgs/include/mg400_msgs/mg400_msgs/srv/detail/pay_load__traits.hpp\n'}
[31.696751] (mg400_msgs) StdoutLine: {'line': b'-- Symlinking: /root/ros2_ws/install/mg400_msgs/include/mg400_msgs/mg400_msgs/srv/detail/pay_load__type_support.hpp\n'}
[31.704781] (mg400_msgs) StdoutLine: {'line': b'-- Symlinking: /root/ros2_ws/install/mg400_msgs/include/mg400_msgs/mg400_msgs/srv/detail/positive_solution__builder.hpp\n'}
[31.704875] (-) TimerEvent: {}
[31.713209] (mg400_msgs) StdoutLine: {'line': b'-- Symlinking: /root/ros2_ws/install/mg400_msgs/include/mg400_msgs/mg400_msgs/srv/detail/positive_solution__struct.hpp\n'}
[31.719828] (mg400_msgs) StdoutLine: {'line': b'-- Symlinking: /root/ros2_ws/install/mg400_msgs/include/mg400_msgs/mg400_msgs/srv/detail/positive_solution__traits.hpp\n'}
[31.727694] (mg400_msgs) StdoutLine: {'line': b'-- Symlinking: /root/ros2_ws/install/mg400_msgs/include/mg400_msgs/mg400_msgs/srv/detail/positive_solution__type_support.hpp\n'}
[31.734498] (mg400_msgs) StdoutLine: {'line': b'-- Symlinking: /root/ros2_ws/install/mg400_msgs/include/mg400_msgs/mg400_msgs/srv/detail/reset_robot__builder.hpp\n'}
[31.741636] (mg400_msgs) StdoutLine: {'line': b'-- Symlinking: /root/ros2_ws/install/mg400_msgs/include/mg400_msgs/mg400_msgs/srv/detail/reset_robot__struct.hpp\n'}
[31.748842] (mg400_msgs) StdoutLine: {'line': b'-- Symlinking: /root/ros2_ws/install/mg400_msgs/include/mg400_msgs/mg400_msgs/srv/detail/reset_robot__traits.hpp\n'}
[31.756283] (mg400_msgs) StdoutLine: {'line': b'-- Symlinking: /root/ros2_ws/install/mg400_msgs/include/mg400_msgs/mg400_msgs/srv/detail/reset_robot__type_support.hpp\n'}
[31.764992] (mg400_msgs) StdoutLine: {'line': b'-- Symlinking: /root/ros2_ws/install/mg400_msgs/include/mg400_msgs/mg400_msgs/srv/detail/robot_mode__builder.hpp\n'}
[31.772511] (mg400_msgs) StdoutLine: {'line': b'-- Symlinking: /root/ros2_ws/install/mg400_msgs/include/mg400_msgs/mg400_msgs/srv/detail/robot_mode__struct.hpp\n'}
[31.781682] (mg400_msgs) StdoutLine: {'line': b'-- Symlinking: /root/ros2_ws/install/mg400_msgs/include/mg400_msgs/mg400_msgs/srv/detail/robot_mode__traits.hpp\n'}
[31.788885] (mg400_msgs) StdoutLine: {'line': b'-- Symlinking: /root/ros2_ws/install/mg400_msgs/include/mg400_msgs/mg400_msgs/srv/detail/robot_mode__type_support.hpp\n'}
[31.795823] (mg400_msgs) StdoutLine: {'line': b'-- Symlinking: /root/ros2_ws/install/mg400_msgs/include/mg400_msgs/mg400_msgs/srv/detail/set_collision_level__builder.hpp\n'}
[31.802959] (mg400_msgs) StdoutLine: {'line': b'-- Symlinking: /root/ros2_ws/install/mg400_msgs/include/mg400_msgs/mg400_msgs/srv/detail/set_collision_level__struct.hpp\n'}
[31.804944] (-) TimerEvent: {}
[31.811059] (mg400_msgs) StdoutLine: {'line': b'-- Symlinking: /root/ros2_ws/install/mg400_msgs/include/mg400_msgs/mg400_msgs/srv/detail/set_collision_level__traits.hpp\n'}
[31.817708] (mg400_msgs) StdoutLine: {'line': b'-- Symlinking: /root/ros2_ws/install/mg400_msgs/include/mg400_msgs/mg400_msgs/srv/detail/set_collision_level__type_support.hpp\n'}
[31.824075] (mg400_msgs) StdoutLine: {'line': b'-- Symlinking: /root/ros2_ws/install/mg400_msgs/include/mg400_msgs/mg400_msgs/srv/detail/speed_factor__builder.hpp\n'}
[31.830532] (mg400_msgs) StdoutLine: {'line': b'-- Symlinking: /root/ros2_ws/install/mg400_msgs/include/mg400_msgs/mg400_msgs/srv/detail/speed_factor__struct.hpp\n'}
[31.836952] (mg400_msgs) StdoutLine: {'line': b'-- Symlinking: /root/ros2_ws/install/mg400_msgs/include/mg400_msgs/mg400_msgs/srv/detail/speed_factor__traits.hpp\n'}
[31.843541] (mg400_msgs) StdoutLine: {'line': b'-- Symlinking: /root/ros2_ws/install/mg400_msgs/include/mg400_msgs/mg400_msgs/srv/detail/speed_factor__type_support.hpp\n'}
[31.850061] (mg400_msgs) StdoutLine: {'line': b'-- Symlinking: /root/ros2_ws/install/mg400_msgs/include/mg400_msgs/mg400_msgs/srv/detail/speed_j__builder.hpp\n'}
[31.856715] (mg400_msgs) StdoutLine: {'line': b'-- Symlinking: /root/ros2_ws/install/mg400_msgs/include/mg400_msgs/mg400_msgs/srv/detail/speed_j__struct.hpp\n'}
[31.865305] (mg400_msgs) StdoutLine: {'line': b'-- Symlinking: /root/ros2_ws/install/mg400_msgs/include/mg400_msgs/mg400_msgs/srv/detail/speed_j__traits.hpp\n'}
[31.874142] (mg400_msgs) StdoutLine: {'line': b'-- Symlinking: /root/ros2_ws/install/mg400_msgs/include/mg400_msgs/mg400_msgs/srv/detail/speed_j__type_support.hpp\n'}
[31.880702] (mg400_msgs) StdoutLine: {'line': b'-- Symlinking: /root/ros2_ws/install/mg400_msgs/include/mg400_msgs/mg400_msgs/srv/detail/speed_l__builder.hpp\n'}
[31.887800] (mg400_msgs) StdoutLine: {'line': b'-- Symlinking: /root/ros2_ws/install/mg400_msgs/include/mg400_msgs/mg400_msgs/srv/detail/speed_l__struct.hpp\n'}
[31.894541] (mg400_msgs) StdoutLine: {'line': b'-- Symlinking: /root/ros2_ws/install/mg400_msgs/include/mg400_msgs/mg400_msgs/srv/detail/speed_l__traits.hpp\n'}
[31.901863] (mg400_msgs) StdoutLine: {'line': b'-- Symlinking: /root/ros2_ws/install/mg400_msgs/include/mg400_msgs/mg400_msgs/srv/detail/speed_l__type_support.hpp\n'}
[31.905023] (-) TimerEvent: {}
[31.909522] (mg400_msgs) StdoutLine: {'line': b'-- Symlinking: /root/ros2_ws/install/mg400_msgs/include/mg400_msgs/mg400_msgs/srv/detail/tool__builder.hpp\n'}
[31.917055] (mg400_msgs) StdoutLine: {'line': b'-- Symlinking: /root/ros2_ws/install/mg400_msgs/include/mg400_msgs/mg400_msgs/srv/detail/tool__struct.hpp\n'}
[31.924973] (mg400_msgs) StdoutLine: {'line': b'-- Symlinking: /root/ros2_ws/install/mg400_msgs/include/mg400_msgs/mg400_msgs/srv/detail/tool__traits.hpp\n'}
[31.933611] (mg400_msgs) StdoutLine: {'line': b'-- Symlinking: /root/ros2_ws/install/mg400_msgs/include/mg400_msgs/mg400_msgs/srv/detail/tool__type_support.hpp\n'}
[31.942153] (mg400_msgs) StdoutLine: {'line': b'-- Symlinking: /root/ros2_ws/install/mg400_msgs/include/mg400_msgs/mg400_msgs/srv/detail/tool_di__builder.hpp\n'}
[31.951202] (mg400_msgs) StdoutLine: {'line': b'-- Symlinking: /root/ros2_ws/install/mg400_msgs/include/mg400_msgs/mg400_msgs/srv/detail/tool_di__struct.hpp\n'}
[31.960636] (mg400_msgs) StdoutLine: {'line': b'-- Symlinking: /root/ros2_ws/install/mg400_msgs/include/mg400_msgs/mg400_msgs/srv/detail/tool_di__traits.hpp\n'}
[31.968538] (mg400_msgs) StdoutLine: {'line': b'-- Symlinking: /root/ros2_ws/install/mg400_msgs/include/mg400_msgs/mg400_msgs/srv/detail/tool_di__type_support.hpp\n'}
[31.977042] (mg400_msgs) StdoutLine: {'line': b'-- Symlinking: /root/ros2_ws/install/mg400_msgs/include/mg400_msgs/mg400_msgs/srv/detail/tool_do_execute__builder.hpp\n'}
[31.984488] (mg400_msgs) StdoutLine: {'line': b'-- Symlinking: /root/ros2_ws/install/mg400_msgs/include/mg400_msgs/mg400_msgs/srv/detail/tool_do_execute__struct.hpp\n'}
[31.993167] (mg400_msgs) StdoutLine: {'line': b'-- Symlinking: /root/ros2_ws/install/mg400_msgs/include/mg400_msgs/mg400_msgs/srv/detail/tool_do_execute__traits.hpp\n'}
[32.000811] (mg400_msgs) StdoutLine: {'line': b'-- Symlinking: /root/ros2_ws/install/mg400_msgs/include/mg400_msgs/mg400_msgs/srv/detail/tool_do_execute__type_support.hpp\n'}
[32.005128] (-) TimerEvent: {}
[32.010034] (mg400_msgs) StdoutLine: {'line': b'-- Symlinking: /root/ros2_ws/install/mg400_msgs/include/mg400_msgs/mg400_msgs/srv/detail/user__builder.hpp\n'}
[32.017345] (mg400_msgs) StdoutLine: {'line': b'-- Symlinking: /root/ros2_ws/install/mg400_msgs/include/mg400_msgs/mg400_msgs/srv/detail/user__struct.hpp\n'}
[32.025567] (mg400_msgs) StdoutLine: {'line': b'-- Symlinking: /root/ros2_ws/install/mg400_msgs/include/mg400_msgs/mg400_msgs/srv/detail/user__traits.hpp\n'}
[32.033519] (mg400_msgs) StdoutLine: {'line': b'-- Symlinking: /root/ros2_ws/install/mg400_msgs/include/mg400_msgs/mg400_msgs/srv/detail/user__type_support.hpp\n'}
[32.041655] (mg400_msgs) StdoutLine: {'line': b'-- Symlinking: /root/ros2_ws/install/mg400_msgs/include/mg400_msgs/mg400_msgs/srv/di.hpp\n'}
[32.049327] (mg400_msgs) StdoutLine: {'line': b'-- Symlinking: /root/ros2_ws/install/mg400_msgs/include/mg400_msgs/mg400_msgs/srv/disable_robot.hpp\n'}
[32.057843] (mg400_msgs) StdoutLine: {'line': b'-- Symlinking: /root/ros2_ws/install/mg400_msgs/include/mg400_msgs/mg400_msgs/srv/do.hpp\n'}
[32.064645] (mg400_msgs) StdoutLine: {'line': b'-- Symlinking: /root/ros2_ws/install/mg400_msgs/include/mg400_msgs/mg400_msgs/srv/emergency_stop.hpp\n'}
[32.072800] (mg400_msgs) StdoutLine: {'line': b'-- Symlinking: /root/ros2_ws/install/mg400_msgs/include/mg400_msgs/mg400_msgs/srv/enable_robot.hpp\n'}
[32.081510] (mg400_msgs) StdoutLine: {'line': b'-- Symlinking: /root/ros2_ws/install/mg400_msgs/include/mg400_msgs/mg400_msgs/srv/get_angle.hpp\n'}
[32.088413] (mg400_msgs) StdoutLine: {'line': b'-- Symlinking: /root/ros2_ws/install/mg400_msgs/include/mg400_msgs/mg400_msgs/srv/get_error_id.hpp\n'}
[32.096706] (mg400_msgs) StdoutLine: {'line': b'-- Symlinking: /root/ros2_ws/install/mg400_msgs/include/mg400_msgs/mg400_msgs/srv/get_pose.hpp\n'}
[32.105228] (-) TimerEvent: {}
[32.106520] (mg400_msgs) StdoutLine: {'line': b'-- Symlinking: /root/ros2_ws/install/mg400_msgs/include/mg400_msgs/mg400_msgs/srv/inverse_solution.hpp\n'}
[32.113992] (mg400_msgs) StdoutLine: {'line': b'-- Symlinking: /root/ros2_ws/install/mg400_msgs/include/mg400_msgs/mg400_msgs/srv/joint_mov_j.hpp\n'}
[32.122682] (mg400_msgs) StdoutLine: {'line': b'-- Symlinking: /root/ros2_ws/install/mg400_msgs/include/mg400_msgs/mg400_msgs/srv/move_jog.hpp\n'}
[32.130524] (mg400_msgs) StdoutLine: {'line': b'-- Symlinking: /root/ros2_ws/install/mg400_msgs/include/mg400_msgs/mg400_msgs/srv/pay_load.hpp\n'}
[32.138476] (mg400_msgs) StdoutLine: {'line': b'-- Symlinking: /root/ros2_ws/install/mg400_msgs/include/mg400_msgs/mg400_msgs/srv/positive_solution.hpp\n'}
[32.146473] (mg400_msgs) StdoutLine: {'line': b'-- Symlinking: /root/ros2_ws/install/mg400_msgs/include/mg400_msgs/mg400_msgs/srv/reset_robot.hpp\n'}
[32.153851] (mg400_msgs) StdoutLine: {'line': b'-- Symlinking: /root/ros2_ws/install/mg400_msgs/include/mg400_msgs/mg400_msgs/srv/robot_mode.hpp\n'}
[32.160652] (mg400_msgs) StdoutLine: {'line': b'-- Symlinking: /root/ros2_ws/install/mg400_msgs/include/mg400_msgs/mg400_msgs/srv/set_collision_level.hpp\n'}
[32.167555] (mg400_msgs) StdoutLine: {'line': b'-- Symlinking: /root/ros2_ws/install/mg400_msgs/include/mg400_msgs/mg400_msgs/srv/speed_factor.hpp\n'}
[32.174597] (mg400_msgs) StdoutLine: {'line': b'-- Symlinking: /root/ros2_ws/install/mg400_msgs/include/mg400_msgs/mg400_msgs/srv/speed_j.hpp\n'}
[32.182101] (mg400_msgs) StdoutLine: {'line': b'-- Symlinking: /root/ros2_ws/install/mg400_msgs/include/mg400_msgs/mg400_msgs/srv/speed_l.hpp\n'}
[32.189251] (mg400_msgs) StdoutLine: {'line': b'-- Symlinking: /root/ros2_ws/install/mg400_msgs/include/mg400_msgs/mg400_msgs/srv/tool.hpp\n'}
[32.196355] (mg400_msgs) StdoutLine: {'line': b'-- Symlinking: /root/ros2_ws/install/mg400_msgs/include/mg400_msgs/mg400_msgs/srv/tool_di.hpp\n'}
[32.203233] (mg400_msgs) StdoutLine: {'line': b'-- Symlinking: /root/ros2_ws/install/mg400_msgs/include/mg400_msgs/mg400_msgs/srv/tool_do_execute.hpp\n'}
[32.205324] (-) TimerEvent: {}
[32.211463] (mg400_msgs) StdoutLine: {'line': b'-- Symlinking: /root/ros2_ws/install/mg400_msgs/include/mg400_msgs/mg400_msgs/srv/user.hpp\n'}
[32.221917] (mg400_msgs) StdoutLine: {'line': b'-- Symlinking: /root/ros2_ws/install/mg400_msgs/include/mg400_msgs/mg400_msgs/action/detail/command_queue__rosidl_typesupport_fastrtps_cpp.hpp\n'}
[32.229054] (mg400_msgs) StdoutLine: {'line': b'-- Symlinking: /root/ros2_ws/install/mg400_msgs/include/mg400_msgs/mg400_msgs/action/detail/joint_mov_j__rosidl_typesupport_fastrtps_cpp.hpp\n'}
[32.237034] (mg400_msgs) StdoutLine: {'line': b'-- Symlinking: /root/ros2_ws/install/mg400_msgs/include/mg400_msgs/mg400_msgs/action/detail/mov_j__rosidl_typesupport_fastrtps_cpp.hpp\n'}
[32.244762] (mg400_msgs) StdoutLine: {'line': b'-- Symlinking: /root/ros2_ws/install/mg400_msgs/include/mg400_msgs/mg400_msgs/action/detail/mov_jio__rosidl_typesupport_fastrtps_cpp.hpp\n'}
[32.251885] (mg400_msgs) StdoutLine: {'line': b'-- Symlinking: /root/ros2_ws/install/mg400_msgs/include/mg400_msgs/mg400_msgs/action/detail/mov_l__rosidl_typesupport_fastrtps_cpp.hpp\n'}
[32.258977] (mg400_msgs) StdoutLine: {'line': b'-- Symlinking: /root/ros2_ws/install/mg400_msgs/include/mg400_msgs/mg400_msgs/action/detail/mov_lio__rosidl_typesupport_fastrtps_cpp.hpp\n'}
[32.265274] (mg400_msgs) StdoutLine: {'line': b'-- Symlinking: /root/ros2_ws/install/mg400_msgs/include/mg400_msgs/mg400_msgs/msg/detail/arch__rosidl_typesupport_fastrtps_cpp.hpp\n'}
[32.273232] (mg400_msgs) StdoutLine: {'line': b'-- Symlinking: /root/ros2_ws/install/mg400_msgs/include/mg400_msgs/mg400_msgs/msg/detail/collision_level__rosidl_typesupport_fastrtps_cpp.hpp\n'}
[32.281117] (mg400_msgs) StdoutLine: {'line': b'-- Symlinking: /root/ros2_ws/install/mg400_msgs/include/mg400_msgs/mg400_msgs/msg/detail/command__rosidl_typesupport_fastrtps_cpp.hpp\n'}
[32.287809] (mg400_msgs) StdoutLine: {'line': b'-- Symlinking: /root/ros2_ws/install/mg400_msgs/include/mg400_msgs/mg400_msgs/msg/detail/di_index__rosidl_typesupport_fastrtps_cpp.hpp\n'}
[32.294953] (mg400_msgs) StdoutLine: {'line': b'-- Symlinking: /root/ros2_ws/install/mg400_msgs/include/mg400_msgs/mg400_msgs/msg/detail/distance_mode__rosidl_typesupport_fastrtps_cpp.hpp\n'}
[32.302026] (mg400_msgs) StdoutLine: {'line': b'-- Symlinking: /root/ros2_ws/install/mg400_msgs/include/mg400_msgs/mg400_msgs/msg/detail/do_index__rosidl_typesupport_fastrtps_cpp.hpp\n'}
[32.305428] (-) TimerEvent: {}
[32.309800] (mg400_msgs) StdoutLine: {'line': b'-- Symlinking: /root/ros2_ws/install/mg400_msgs/include/mg400_msgs/mg400_msgs/msg/detail/do_status__rosidl_typesupport_fastrtps_cpp.hpp\n'}
[32.318590] (mg400_msgs) StdoutLine: {'line': b'-- Symlinking: /root/ros2_ws/install/mg400_msgs/include/mg400_msgs/mg400_msgs/msg/detail/error_id__rosidl_typesupport_fastrtps_cpp.hpp\n'}
[32.326524] (mg400_msgs) StdoutLine: {'line': b'-- Symlinking: /root/ros2_ws/install/mg400_msgs/include/mg400_msgs/mg400_msgs/msg/detail/id_array__rosidl_typesupport_fastrtps_cpp.hpp\n'}
[32.334278] (mg400_msgs) StdoutLine: {'line': b'-- Symlinking: /root/ros2_ws/install/mg400_msgs/include/mg400_msgs/mg400_msgs/msg/detail/joint_mov_j__rosidl_typesupport_fastrtps_cpp.hpp\n'}
[32.341670] (mg400_msgs) StdoutLine: {'line': b'-- Symlinking: /root/ros2_ws/install/mg400_msgs/include/mg400_msgs/mg400_msgs/msg/detail/mov_j__rosidl_typesupport_fastrtps_cpp.hpp\n'}
[32.349512] (mg400_msgs) StdoutLine: {'line': b'-- Symlinking: /root/ros2_ws/install/mg400_msgs/include/mg400_msgs/mg400_msgs/msg/detail/mov_jio__rosidl_typesupport_fastrtps_cpp.hpp\n'}
[32.356226] (mg400_msgs) StdoutLine: {'line': b'-- Symlinking: /root/ros2_ws/install/mg400_msgs/include/mg400_msgs/mg400_msgs/msg/detail/mov_l__rosidl_typesupport_fastrtps_cpp.hpp\n'}
[32.363890] (mg400_msgs) StdoutLine: {'line': b'-- Symlinking: /root/ros2_ws/install/mg400_msgs/include/mg400_msgs/mg400_msgs/msg/detail/mov_lio__rosidl_typesupport_fastrtps_cpp.hpp\n'}
[32.371186] (mg400_msgs) StdoutLine: {'line': b'-- Symlinking: /root/ros2_ws/install/mg400_msgs/include/mg400_msgs/mg400_msgs/msg/detail/move_jog__rosidl_typesupport_fastrtps_cpp.hpp\n'}
[32.377831] (mg400_msgs) StdoutLine: {'line': b'-- Symlinking: /root/ros2_ws/install/mg400_msgs/include/mg400_msgs/mg400_msgs/msg/detail/robot_mode__rosidl_typesupport_fastrtps_cpp.hpp\n'}
[32.385469] (mg400_msgs) StdoutLine: {'line': b'-- Symlinking: /root/ros2_ws/install/mg400_msgs/include/mg400_msgs/mg400_msgs/msg/detail/tool__rosidl_typesupport_fastrtps_cpp.hpp\n'}
[32.392223] (mg400_msgs) StdoutLine: {'line': b'-- Symlinking: /root/ros2_ws/install/mg400_msgs/include/mg400_msgs/mg400_msgs/msg/detail/tool_di_index__rosidl_typesupport_fastrtps_cpp.hpp\n'}
[32.400524] (mg400_msgs) StdoutLine: {'line': b'-- Symlinking: /root/ros2_ws/install/mg400_msgs/include/mg400_msgs/mg400_msgs/msg/detail/tool_do_index__rosidl_typesupport_fastrtps_cpp.hpp\n'}
[32.405533] (-) TimerEvent: {}
[32.407400] (mg400_msgs) StdoutLine: {'line': b'-- Symlinking: /root/ros2_ws/install/mg400_msgs/include/mg400_msgs/mg400_msgs/msg/detail/user__rosidl_typesupport_fastrtps_cpp.hpp\n'}
[32.414678] (mg400_msgs) StdoutLine: {'line': b'-- Symlinking: /root/ros2_ws/install/mg400_msgs/include/mg400_msgs/mg400_msgs/msg/rosidl_typesupport_fastrtps_cpp__visibility_control.h\n'}
[32.423871] (mg400_msgs) StdoutLine: {'line': b'-- Symlinking: /root/ros2_ws/install/mg400_msgs/include/mg400_msgs/mg400_msgs/srv/detail/acc_j__rosidl_typesupport_fastrtps_cpp.hpp\n'}
[32.431020] (mg400_msgs) StdoutLine: {'line': b'-- Symlinking: /root/ros2_ws/install/mg400_msgs/include/mg400_msgs/mg400_msgs/srv/detail/acc_l__rosidl_typesupport_fastrtps_cpp.hpp\n'}
[32.438116] (mg400_msgs) StdoutLine: {'line': b'-- Symlinking: /root/ros2_ws/install/mg400_msgs/include/mg400_msgs/mg400_msgs/srv/detail/arch__rosidl_typesupport_fastrtps_cpp.hpp\n'}
[32.445398] (mg400_msgs) StdoutLine: {'line': b'-- Symlinking: /root/ros2_ws/install/mg400_msgs/include/mg400_msgs/mg400_msgs/srv/detail/clear_error__rosidl_typesupport_fastrtps_cpp.hpp\n'}
[32.451704] (mg400_msgs) StdoutLine: {'line': b'-- Symlinking: /root/ros2_ws/install/mg400_msgs/include/mg400_msgs/mg400_msgs/srv/detail/cp__rosidl_typesupport_fastrtps_cpp.hpp\n'}
[32.458799] (mg400_msgs) StdoutLine: {'line': b'-- Symlinking: /root/ros2_ws/install/mg400_msgs/include/mg400_msgs/mg400_msgs/srv/detail/di__rosidl_typesupport_fastrtps_cpp.hpp\n'}
[32.465944] (mg400_msgs) StdoutLine: {'line': b'-- Symlinking: /root/ros2_ws/install/mg400_msgs/include/mg400_msgs/mg400_msgs/srv/detail/disable_robot__rosidl_typesupport_fastrtps_cpp.hpp\n'}
[32.473205] (mg400_msgs) StdoutLine: {'line': b'-- Symlinking: /root/ros2_ws/install/mg400_msgs/include/mg400_msgs/mg400_msgs/srv/detail/do__rosidl_typesupport_fastrtps_cpp.hpp\n'}
[32.482305] (mg400_msgs) StdoutLine: {'line': b'-- Symlinking: /root/ros2_ws/install/mg400_msgs/include/mg400_msgs/mg400_msgs/srv/detail/emergency_stop__rosidl_typesupport_fastrtps_cpp.hpp\n'}
[32.489426] (mg400_msgs) StdoutLine: {'line': b'-- Symlinking: /root/ros2_ws/install/mg400_msgs/include/mg400_msgs/mg400_msgs/srv/detail/enable_robot__rosidl_typesupport_fastrtps_cpp.hpp\n'}
[32.496732] (mg400_msgs) StdoutLine: {'line': b'-- Symlinking: /root/ros2_ws/install/mg400_msgs/include/mg400_msgs/mg400_msgs/srv/detail/get_angle__rosidl_typesupport_fastrtps_cpp.hpp\n'}
[32.503523] (mg400_msgs) StdoutLine: {'line': b'-- Symlinking: /root/ros2_ws/install/mg400_msgs/include/mg400_msgs/mg400_msgs/srv/detail/get_error_id__rosidl_typesupport_fastrtps_cpp.hpp\n'}
[32.505609] (-) TimerEvent: {}
[32.511684] (mg400_msgs) StdoutLine: {'line': b'-- Symlinking: /root/ros2_ws/install/mg400_msgs/include/mg400_msgs/mg400_msgs/srv/detail/get_pose__rosidl_typesupport_fastrtps_cpp.hpp\n'}
[32.518990] (mg400_msgs) StdoutLine: {'line': b'-- Symlinking: /root/ros2_ws/install/mg400_msgs/include/mg400_msgs/mg400_msgs/srv/detail/inverse_solution__rosidl_typesupport_fastrtps_cpp.hpp\n'}
[32.526996] (mg400_msgs) StdoutLine: {'line': b'-- Symlinking: /root/ros2_ws/install/mg400_msgs/include/mg400_msgs/mg400_msgs/srv/detail/joint_mov_j__rosidl_typesupport_fastrtps_cpp.hpp\n'}
[32.534048] (mg400_msgs) StdoutLine: {'line': b'-- Symlinking: /root/ros2_ws/install/mg400_msgs/include/mg400_msgs/mg400_msgs/srv/detail/move_jog__rosidl_typesupport_fastrtps_cpp.hpp\n'}
[32.540517] (mg400_msgs) StdoutLine: {'line': b'-- Symlinking: /root/ros2_ws/install/mg400_msgs/include/mg400_msgs/mg400_msgs/srv/detail/pay_load__rosidl_typesupport_fastrtps_cpp.hpp\n'}
[32.547208] (mg400_msgs) StdoutLine: {'line': b'-- Symlinking: /root/ros2_ws/install/mg400_msgs/include/mg400_msgs/mg400_msgs/srv/detail/positive_solution__rosidl_typesupport_fastrtps_cpp.hpp\n'}
[32.554045] (mg400_msgs) StdoutLine: {'line': b'-- Symlinking: /root/ros2_ws/install/mg400_msgs/include/mg400_msgs/mg400_msgs/srv/detail/reset_robot__rosidl_typesupport_fastrtps_cpp.hpp\n'}
[32.561395] (mg400_msgs) StdoutLine: {'line': b'-- Symlinking: /root/ros2_ws/install/mg400_msgs/include/mg400_msgs/mg400_msgs/srv/detail/robot_mode__rosidl_typesupport_fastrtps_cpp.hpp\n'}
[32.568317] (mg400_msgs) StdoutLine: {'line': b'-- Symlinking: /root/ros2_ws/install/mg400_msgs/include/mg400_msgs/mg400_msgs/srv/detail/set_collision_level__rosidl_typesupport_fastrtps_cpp.hpp\n'}
[32.576578] (mg400_msgs) StdoutLine: {'line': b'-- Symlinking: /root/ros2_ws/install/mg400_msgs/include/mg400_msgs/mg400_msgs/srv/detail/speed_factor__rosidl_typesupport_fastrtps_cpp.hpp\n'}
[32.583257] (mg400_msgs) StdoutLine: {'line': b'-- Symlinking: /root/ros2_ws/install/mg400_msgs/include/mg400_msgs/mg400_msgs/srv/detail/speed_j__rosidl_typesupport_fastrtps_cpp.hpp\n'}
[32.590222] (mg400_msgs) StdoutLine: {'line': b'-- Symlinking: /root/ros2_ws/install/mg400_msgs/include/mg400_msgs/mg400_msgs/srv/detail/speed_l__rosidl_typesupport_fastrtps_cpp.hpp\n'}
[32.597898] (mg400_msgs) StdoutLine: {'line': b'-- Symlinking: /root/ros2_ws/install/mg400_msgs/include/mg400_msgs/mg400_msgs/srv/detail/tool__rosidl_typesupport_fastrtps_cpp.hpp\n'}
[32.604225] (mg400_msgs) StdoutLine: {'line': b'-- Symlinking: /root/ros2_ws/install/mg400_msgs/include/mg400_msgs/mg400_msgs/srv/detail/tool_di__rosidl_typesupport_fastrtps_cpp.hpp\n'}
[32.605652] (-) TimerEvent: {}
[32.611517] (mg400_msgs) StdoutLine: {'line': b'-- Symlinking: /root/ros2_ws/install/mg400_msgs/include/mg400_msgs/mg400_msgs/srv/detail/tool_do_execute__rosidl_typesupport_fastrtps_cpp.hpp\n'}
[32.619173] (mg400_msgs) StdoutLine: {'line': b'-- Symlinking: /root/ros2_ws/install/mg400_msgs/include/mg400_msgs/mg400_msgs/srv/detail/user__rosidl_typesupport_fastrtps_cpp.hpp\n'}
[32.627561] (mg400_msgs) StdoutLine: {'line': b'-- Symlinking: /root/ros2_ws/install/mg400_msgs/include/mg400_msgs/mg400_msgs/action/detail/command_queue__rosidl_typesupport_introspection_c.h\n'}
[32.634819] (mg400_msgs) StdoutLine: {'line': b'-- Symlinking: /root/ros2_ws/install/mg400_msgs/include/mg400_msgs/mg400_msgs/action/detail/joint_mov_j__rosidl_typesupport_introspection_c.h\n'}
[32.642594] (mg400_msgs) StdoutLine: {'line': b'-- Symlinking: /root/ros2_ws/install/mg400_msgs/include/mg400_msgs/mg400_msgs/action/detail/mov_j__rosidl_typesupport_introspection_c.h\n'}
[32.650338] (mg400_msgs) StdoutLine: {'line': b'-- Symlinking: /root/ros2_ws/install/mg400_msgs/include/mg400_msgs/mg400_msgs/action/detail/mov_jio__rosidl_typesupport_introspection_c.h\n'}
[32.657482] (mg400_msgs) StdoutLine: {'line': b'-- Symlinking: /root/ros2_ws/install/mg400_msgs/include/mg400_msgs/mg400_msgs/action/detail/mov_l__rosidl_typesupport_introspection_c.h\n'}
[32.664637] (mg400_msgs) StdoutLine: {'line': b'-- Symlinking: /root/ros2_ws/install/mg400_msgs/include/mg400_msgs/mg400_msgs/action/detail/mov_lio__rosidl_typesupport_introspection_c.h\n'}
[32.672282] (mg400_msgs) StdoutLine: {'line': b'-- Symlinking: /root/ros2_ws/install/mg400_msgs/include/mg400_msgs/mg400_msgs/msg/detail/arch__rosidl_typesupport_introspection_c.h\n'}
[32.680256] (mg400_msgs) StdoutLine: {'line': b'-- Symlinking: /root/ros2_ws/install/mg400_msgs/include/mg400_msgs/mg400_msgs/msg/detail/collision_level__rosidl_typesupport_introspection_c.h\n'}
[32.687589] (mg400_msgs) StdoutLine: {'line': b'-- Symlinking: /root/ros2_ws/install/mg400_msgs/include/mg400_msgs/mg400_msgs/msg/detail/command__rosidl_typesupport_introspection_c.h\n'}
[32.695223] (mg400_msgs) StdoutLine: {'line': b'-- Symlinking: /root/ros2_ws/install/mg400_msgs/include/mg400_msgs/mg400_msgs/msg/detail/di_index__rosidl_typesupport_introspection_c.h\n'}
[32.702764] (mg400_msgs) StdoutLine: {'line': b'-- Symlinking: /root/ros2_ws/install/mg400_msgs/include/mg400_msgs/mg400_msgs/msg/detail/distance_mode__rosidl_typesupport_introspection_c.h\n'}
[32.705772] (-) TimerEvent: {}
[32.709807] (mg400_msgs) StdoutLine: {'line': b'-- Symlinking: /root/ros2_ws/install/mg400_msgs/include/mg400_msgs/mg400_msgs/msg/detail/do_index__rosidl_typesupport_introspection_c.h\n'}
[32.717770] (mg400_msgs) StdoutLine: {'line': b'-- Symlinking: /root/ros2_ws/install/mg400_msgs/include/mg400_msgs/mg400_msgs/msg/detail/do_status__rosidl_typesupport_introspection_c.h\n'}
[32.725311] (mg400_msgs) StdoutLine: {'line': b'-- Symlinking: /root/ros2_ws/install/mg400_msgs/include/mg400_msgs/mg400_msgs/msg/detail/error_id__rosidl_typesupport_introspection_c.h\n'}
[32.732454] (mg400_msgs) StdoutLine: {'line': b'-- Symlinking: /root/ros2_ws/install/mg400_msgs/include/mg400_msgs/mg400_msgs/msg/detail/id_array__rosidl_typesupport_introspection_c.h\n'}
[32.740482] (mg400_msgs) StdoutLine: {'line': b'-- Symlinking: /root/ros2_ws/install/mg400_msgs/include/mg400_msgs/mg400_msgs/msg/detail/joint_mov_j__rosidl_typesupport_introspection_c.h\n'}
[32.748189] (mg400_msgs) StdoutLine: {'line': b'-- Symlinking: /root/ros2_ws/install/mg400_msgs/include/mg400_msgs/mg400_msgs/msg/detail/mov_j__rosidl_typesupport_introspection_c.h\n'}
[32.755400] (mg400_msgs) StdoutLine: {'line': b'-- Symlinking: /root/ros2_ws/install/mg400_msgs/include/mg400_msgs/mg400_msgs/msg/detail/mov_jio__rosidl_typesupport_introspection_c.h\n'}
[32.762141] (mg400_msgs) StdoutLine: {'line': b'-- Symlinking: /root/ros2_ws/install/mg400_msgs/include/mg400_msgs/mg400_msgs/msg/detail/mov_l__rosidl_typesupport_introspection_c.h\n'}
[32.769217] (mg400_msgs) StdoutLine: {'line': b'-- Symlinking: /root/ros2_ws/install/mg400_msgs/include/mg400_msgs/mg400_msgs/msg/detail/mov_lio__rosidl_typesupport_introspection_c.h\n'}
[32.777297] (mg400_msgs) StdoutLine: {'line': b'-- Symlinking: /root/ros2_ws/install/mg400_msgs/include/mg400_msgs/mg400_msgs/msg/detail/move_jog__rosidl_typesupport_introspection_c.h\n'}
[32.785101] (mg400_msgs) StdoutLine: {'line': b'-- Symlinking: /root/ros2_ws/install/mg400_msgs/include/mg400_msgs/mg400_msgs/msg/detail/robot_mode__rosidl_typesupport_introspection_c.h\n'}
[32.791946] (mg400_msgs) StdoutLine: {'line': b'-- Symlinking: /root/ros2_ws/install/mg400_msgs/include/mg400_msgs/mg400_msgs/msg/detail/tool__rosidl_typesupport_introspection_c.h\n'}
[32.799672] (mg400_msgs) StdoutLine: {'line': b'-- Symlinking: /root/ros2_ws/install/mg400_msgs/include/mg400_msgs/mg400_msgs/msg/detail/tool_di_index__rosidl_typesupport_introspection_c.h\n'}
[32.805880] (-) TimerEvent: {}
[32.806966] (mg400_msgs) StdoutLine: {'line': b'-- Symlinking: /root/ros2_ws/install/mg400_msgs/include/mg400_msgs/mg400_msgs/msg/detail/tool_do_index__rosidl_typesupport_introspection_c.h\n'}
[32.814570] (mg400_msgs) StdoutLine: {'line': b'-- Symlinking: /root/ros2_ws/install/mg400_msgs/include/mg400_msgs/mg400_msgs/msg/detail/user__rosidl_typesupport_introspection_c.h\n'}
[32.822447] (mg400_msgs) StdoutLine: {'line': b'-- Symlinking: /root/ros2_ws/install/mg400_msgs/include/mg400_msgs/mg400_msgs/msg/rosidl_typesupport_introspection_c__visibility_control.h\n'}
[32.829596] (mg400_msgs) StdoutLine: {'line': b'-- Symlinking: /root/ros2_ws/install/mg400_msgs/include/mg400_msgs/mg400_msgs/srv/detail/acc_j__rosidl_typesupport_introspection_c.h\n'}
[32.835759] (mg400_msgs) StdoutLine: {'line': b'-- Symlinking: /root/ros2_ws/install/mg400_msgs/include/mg400_msgs/mg400_msgs/srv/detail/acc_l__rosidl_typesupport_introspection_c.h\n'}
[32.842134] (mg400_msgs) StdoutLine: {'line': b'-- Symlinking: /root/ros2_ws/install/mg400_msgs/include/mg400_msgs/mg400_msgs/srv/detail/arch__rosidl_typesupport_introspection_c.h\n'}
[32.849145] (mg400_msgs) StdoutLine: {'line': b'-- Symlinking: /root/ros2_ws/install/mg400_msgs/include/mg400_msgs/mg400_msgs/srv/detail/clear_error__rosidl_typesupport_introspection_c.h\n'}
[32.856895] (mg400_msgs) StdoutLine: {'line': b'-- Symlinking: /root/ros2_ws/install/mg400_msgs/include/mg400_msgs/mg400_msgs/srv/detail/cp__rosidl_typesupport_introspection_c.h\n'}
[32.864100] (mg400_msgs) StdoutLine: {'line': b'-- Symlinking: /root/ros2_ws/install/mg400_msgs/include/mg400_msgs/mg400_msgs/srv/detail/di__rosidl_typesupport_introspection_c.h\n'}
[32.871303] (mg400_msgs) StdoutLine: {'line': b'-- Symlinking: /root/ros2_ws/install/mg400_msgs/include/mg400_msgs/mg400_msgs/srv/detail/disable_robot__rosidl_typesupport_introspection_c.h\n'}
[32.879188] (mg400_msgs) StdoutLine: {'line': b'-- Symlinking: /root/ros2_ws/install/mg400_msgs/include/mg400_msgs/mg400_msgs/srv/detail/do__rosidl_typesupport_introspection_c.h\n'}
[32.886167] (mg400_msgs) StdoutLine: {'line': b'-- Symlinking: /root/ros2_ws/install/mg400_msgs/include/mg400_msgs/mg400_msgs/srv/detail/emergency_stop__rosidl_typesupport_introspection_c.h\n'}
[32.893713] (mg400_msgs) StdoutLine: {'line': b'-- Symlinking: /root/ros2_ws/install/mg400_msgs/include/mg400_msgs/mg400_msgs/srv/detail/enable_robot__rosidl_typesupport_introspection_c.h\n'}
[32.901827] (mg400_msgs) StdoutLine: {'line': b'-- Symlinking: /root/ros2_ws/install/mg400_msgs/include/mg400_msgs/mg400_msgs/srv/detail/get_angle__rosidl_typesupport_introspection_c.h\n'}
[32.905973] (-) TimerEvent: {}
[32.911317] (mg400_msgs) StdoutLine: {'line': b'-- Symlinking: /root/ros2_ws/install/mg400_msgs/include/mg400_msgs/mg400_msgs/srv/detail/get_error_id__rosidl_typesupport_introspection_c.h\n'}
[32.920078] (mg400_msgs) StdoutLine: {'line': b'-- Symlinking: /root/ros2_ws/install/mg400_msgs/include/mg400_msgs/mg400_msgs/srv/detail/get_pose__rosidl_typesupport_introspection_c.h\n'}
[32.927862] (mg400_msgs) StdoutLine: {'line': b'-- Symlinking: /root/ros2_ws/install/mg400_msgs/include/mg400_msgs/mg400_msgs/srv/detail/inverse_solution__rosidl_typesupport_introspection_c.h\n'}
[32.934687] (mg400_msgs) StdoutLine: {'line': b'-- Symlinking: /root/ros2_ws/install/mg400_msgs/include/mg400_msgs/mg400_msgs/srv/detail/joint_mov_j__rosidl_typesupport_introspection_c.h\n'}
[32.942480] (mg400_msgs) StdoutLine: {'line': b'-- Symlinking: /root/ros2_ws/install/mg400_msgs/include/mg400_msgs/mg400_msgs/srv/detail/move_jog__rosidl_typesupport_introspection_c.h\n'}
[32.949874] (mg400_msgs) StdoutLine: {'line': b'-- Symlinking: /root/ros2_ws/install/mg400_msgs/include/mg400_msgs/mg400_msgs/srv/detail/pay_load__rosidl_typesupport_introspection_c.h\n'}
[32.958220] (mg400_msgs) StdoutLine: {'line': b'-- Symlinking: /root/ros2_ws/install/mg400_msgs/include/mg400_msgs/mg400_msgs/srv/detail/positive_solution__rosidl_typesupport_introspection_c.h\n'}
[32.965018] (mg400_msgs) StdoutLine: {'line': b'-- Symlinking: /root/ros2_ws/install/mg400_msgs/include/mg400_msgs/mg400_msgs/srv/detail/reset_robot__rosidl_typesupport_introspection_c.h\n'}
[32.971593] (mg400_msgs) StdoutLine: {'line': b'-- Symlinking: /root/ros2_ws/install/mg400_msgs/include/mg400_msgs/mg400_msgs/srv/detail/robot_mode__rosidl_typesupport_introspection_c.h\n'}
[32.979375] (mg400_msgs) StdoutLine: {'line': b'-- Symlinking: /root/ros2_ws/install/mg400_msgs/include/mg400_msgs/mg400_msgs/srv/detail/set_collision_level__rosidl_typesupport_introspection_c.h\n'}
[32.986518] (mg400_msgs) StdoutLine: {'line': b'-- Symlinking: /root/ros2_ws/install/mg400_msgs/include/mg400_msgs/mg400_msgs/srv/detail/speed_factor__rosidl_typesupport_introspection_c.h\n'}
[32.994607] (mg400_msgs) StdoutLine: {'line': b'-- Symlinking: /root/ros2_ws/install/mg400_msgs/include/mg400_msgs/mg400_msgs/srv/detail/speed_j__rosidl_typesupport_introspection_c.h\n'}
[33.001871] (mg400_msgs) StdoutLine: {'line': b'-- Symlinking: /root/ros2_ws/install/mg400_msgs/include/mg400_msgs/mg400_msgs/srv/detail/speed_l__rosidl_typesupport_introspection_c.h\n'}
[33.006051] (-) TimerEvent: {}
[33.010082] (mg400_msgs) StdoutLine: {'line': b'-- Symlinking: /root/ros2_ws/install/mg400_msgs/include/mg400_msgs/mg400_msgs/srv/detail/tool__rosidl_typesupport_introspection_c.h\n'}
[33.017401] (mg400_msgs) StdoutLine: {'line': b'-- Symlinking: /root/ros2_ws/install/mg400_msgs/include/mg400_msgs/mg400_msgs/srv/detail/tool_di__rosidl_typesupport_introspection_c.h\n'}
[33.025608] (mg400_msgs) StdoutLine: {'line': b'-- Symlinking: /root/ros2_ws/install/mg400_msgs/include/mg400_msgs/mg400_msgs/srv/detail/tool_do_execute__rosidl_typesupport_introspection_c.h\n'}
[33.033070] (mg400_msgs) StdoutLine: {'line': b'-- Symlinking: /root/ros2_ws/install/mg400_msgs/include/mg400_msgs/mg400_msgs/srv/detail/user__rosidl_typesupport_introspection_c.h\n'}
[33.041536] (mg400_msgs) StdoutLine: {'line': b'-- Symlinking: /root/ros2_ws/install/mg400_msgs/include/mg400_msgs/mg400_msgs/action/detail/command_queue__rosidl_typesupport_introspection_cpp.hpp\n'}
[33.048504] (mg400_msgs) StdoutLine: {'line': b'-- Symlinking: /root/ros2_ws/install/mg400_msgs/include/mg400_msgs/mg400_msgs/action/detail/joint_mov_j__rosidl_typesupport_introspection_cpp.hpp\n'}
[33.055673] (mg400_msgs) StdoutLine: {'line': b'-- Symlinking: /root/ros2_ws/install/mg400_msgs/include/mg400_msgs/mg400_msgs/action/detail/mov_j__rosidl_typesupport_introspection_cpp.hpp\n'}
[33.063039] (mg400_msgs) StdoutLine: {'line': b'-- Symlinking: /root/ros2_ws/install/mg400_msgs/include/mg400_msgs/mg400_msgs/action/detail/mov_jio__rosidl_typesupport_introspection_cpp.hpp\n'}
[33.071073] (mg400_msgs) StdoutLine: {'line': b'-- Symlinking: /root/ros2_ws/install/mg400_msgs/include/mg400_msgs/mg400_msgs/action/detail/mov_l__rosidl_typesupport_introspection_cpp.hpp\n'}
[33.078033] (mg400_msgs) StdoutLine: {'line': b'-- Symlinking: /root/ros2_ws/install/mg400_msgs/include/mg400_msgs/mg400_msgs/action/detail/mov_lio__rosidl_typesupport_introspection_cpp.hpp\n'}
[33.085469] (mg400_msgs) StdoutLine: {'line': b'-- Symlinking: /root/ros2_ws/install/mg400_msgs/include/mg400_msgs/mg400_msgs/msg/detail/arch__rosidl_typesupport_introspection_cpp.hpp\n'}
[33.094715] (mg400_msgs) StdoutLine: {'line': b'-- Symlinking: /root/ros2_ws/install/mg400_msgs/include/mg400_msgs/mg400_msgs/msg/detail/collision_level__rosidl_typesupport_introspection_cpp.hpp\n'}
[33.102817] (mg400_msgs) StdoutLine: {'line': b'-- Symlinking: /root/ros2_ws/install/mg400_msgs/include/mg400_msgs/mg400_msgs/msg/detail/command__rosidl_typesupport_introspection_cpp.hpp\n'}
[33.106126] (-) TimerEvent: {}
[33.110639] (mg400_msgs) StdoutLine: {'line': b'-- Symlinking: /root/ros2_ws/install/mg400_msgs/include/mg400_msgs/mg400_msgs/msg/detail/di_index__rosidl_typesupport_introspection_cpp.hpp\n'}
[33.120275] (mg400_msgs) StdoutLine: {'line': b'-- Symlinking: /root/ros2_ws/install/mg400_msgs/include/mg400_msgs/mg400_msgs/msg/detail/distance_mode__rosidl_typesupport_introspection_cpp.hpp\n'}
[33.128511] (mg400_msgs) StdoutLine: {'line': b'-- Symlinking: /root/ros2_ws/install/mg400_msgs/include/mg400_msgs/mg400_msgs/msg/detail/do_index__rosidl_typesupport_introspection_cpp.hpp\n'}
[33.137092] (mg400_msgs) StdoutLine: {'line': b'-- Symlinking: /root/ros2_ws/install/mg400_msgs/include/mg400_msgs/mg400_msgs/msg/detail/do_status__rosidl_typesupport_introspection_cpp.hpp\n'}
[33.145543] (mg400_msgs) StdoutLine: {'line': b'-- Symlinking: /root/ros2_ws/install/mg400_msgs/include/mg400_msgs/mg400_msgs/msg/detail/error_id__rosidl_typesupport_introspection_cpp.hpp\n'}
[33.153222] (mg400_msgs) StdoutLine: {'line': b'-- Symlinking: /root/ros2_ws/install/mg400_msgs/include/mg400_msgs/mg400_msgs/msg/detail/id_array__rosidl_typesupport_introspection_cpp.hpp\n'}
[33.161072] (mg400_msgs) StdoutLine: {'line': b'-- Symlinking: /root/ros2_ws/install/mg400_msgs/include/mg400_msgs/mg400_msgs/msg/detail/joint_mov_j__rosidl_typesupport_introspection_cpp.hpp\n'}
[33.168362] (mg400_msgs) StdoutLine: {'line': b'-- Symlinking: /root/ros2_ws/install/mg400_msgs/include/mg400_msgs/mg400_msgs/msg/detail/mov_j__rosidl_typesupport_introspection_cpp.hpp\n'}
[33.176066] (mg400_msgs) StdoutLine: {'line': b'-- Symlinking: /root/ros2_ws/install/mg400_msgs/include/mg400_msgs/mg400_msgs/msg/detail/mov_jio__rosidl_typesupport_introspection_cpp.hpp\n'}
[33.184176] (mg400_msgs) StdoutLine: {'line': b'-- Symlinking: /root/ros2_ws/install/mg400_msgs/include/mg400_msgs/mg400_msgs/msg/detail/mov_l__rosidl_typesupport_introspection_cpp.hpp\n'}
[33.192570] (mg400_msgs) StdoutLine: {'line': b'-- Symlinking: /root/ros2_ws/install/mg400_msgs/include/mg400_msgs/mg400_msgs/msg/detail/mov_lio__rosidl_typesupport_introspection_cpp.hpp\n'}
[33.199958] (mg400_msgs) StdoutLine: {'line': b'-- Symlinking: /root/ros2_ws/install/mg400_msgs/include/mg400_msgs/mg400_msgs/msg/detail/move_jog__rosidl_typesupport_introspection_cpp.hpp\n'}
[33.206210] (-) TimerEvent: {}
[33.207155] (mg400_msgs) StdoutLine: {'line': b'-- Symlinking: /root/ros2_ws/install/mg400_msgs/include/mg400_msgs/mg400_msgs/msg/detail/robot_mode__rosidl_typesupport_introspection_cpp.hpp\n'}
[33.215905] (mg400_msgs) StdoutLine: {'line': b'-- Symlinking: /root/ros2_ws/install/mg400_msgs/include/mg400_msgs/mg400_msgs/msg/detail/tool__rosidl_typesupport_introspection_cpp.hpp\n'}
[33.223351] (mg400_msgs) StdoutLine: {'line': b'-- Symlinking: /root/ros2_ws/install/mg400_msgs/include/mg400_msgs/mg400_msgs/msg/detail/tool_di_index__rosidl_typesupport_introspection_cpp.hpp\n'}
[33.232145] (mg400_msgs) StdoutLine: {'line': b'-- Symlinking: /root/ros2_ws/install/mg400_msgs/include/mg400_msgs/mg400_msgs/msg/detail/tool_do_index__rosidl_typesupport_introspection_cpp.hpp\n'}
[33.240204] (mg400_msgs) StdoutLine: {'line': b'-- Symlinking: /root/ros2_ws/install/mg400_msgs/include/mg400_msgs/mg400_msgs/msg/detail/user__rosidl_typesupport_introspection_cpp.hpp\n'}
[33.248136] (mg400_msgs) StdoutLine: {'line': b'-- Symlinking: /root/ros2_ws/install/mg400_msgs/include/mg400_msgs/mg400_msgs/srv/detail/acc_j__rosidl_typesupport_introspection_cpp.hpp\n'}
[33.255422] (mg400_msgs) StdoutLine: {'line': b'-- Symlinking: /root/ros2_ws/install/mg400_msgs/include/mg400_msgs/mg400_msgs/srv/detail/acc_l__rosidl_typesupport_introspection_cpp.hpp\n'}
[33.264869] (mg400_msgs) StdoutLine: {'line': b'-- Symlinking: /root/ros2_ws/install/mg400_msgs/include/mg400_msgs/mg400_msgs/srv/detail/arch__rosidl_typesupport_introspection_cpp.hpp\n'}
[33.272325] (mg400_msgs) StdoutLine: {'line': b'-- Symlinking: /root/ros2_ws/install/mg400_msgs/include/mg400_msgs/mg400_msgs/srv/detail/clear_error__rosidl_typesupport_introspection_cpp.hpp\n'}
[33.281138] (mg400_msgs) StdoutLine: {'line': b'-- Symlinking: /root/ros2_ws/install/mg400_msgs/include/mg400_msgs/mg400_msgs/srv/detail/cp__rosidl_typesupport_introspection_cpp.hpp\n'}
[33.288369] (mg400_msgs) StdoutLine: {'line': b'-- Symlinking: /root/ros2_ws/install/mg400_msgs/include/mg400_msgs/mg400_msgs/srv/detail/di__rosidl_typesupport_introspection_cpp.hpp\n'}
[33.295863] (mg400_msgs) StdoutLine: {'line': b'-- Symlinking: /root/ros2_ws/install/mg400_msgs/include/mg400_msgs/mg400_msgs/srv/detail/disable_robot__rosidl_typesupport_introspection_cpp.hpp\n'}
[33.303181] (mg400_msgs) StdoutLine: {'line': b'-- Symlinking: /root/ros2_ws/install/mg400_msgs/include/mg400_msgs/mg400_msgs/srv/detail/do__rosidl_typesupport_introspection_cpp.hpp\n'}
[33.306284] (-) TimerEvent: {}
[33.310697] (mg400_msgs) StdoutLine: {'line': b'-- Symlinking: /root/ros2_ws/install/mg400_msgs/include/mg400_msgs/mg400_msgs/srv/detail/emergency_stop__rosidl_typesupport_introspection_cpp.hpp\n'}
[33.317881] (mg400_msgs) StdoutLine: {'line': b'-- Symlinking: /root/ros2_ws/install/mg400_msgs/include/mg400_msgs/mg400_msgs/srv/detail/enable_robot__rosidl_typesupport_introspection_cpp.hpp\n'}
[33.325117] (mg400_msgs) StdoutLine: {'line': b'-- Symlinking: /root/ros2_ws/install/mg400_msgs/include/mg400_msgs/mg400_msgs/srv/detail/get_angle__rosidl_typesupport_introspection_cpp.hpp\n'}
[33.332698] (mg400_msgs) StdoutLine: {'line': b'-- Symlinking: /root/ros2_ws/install/mg400_msgs/include/mg400_msgs/mg400_msgs/srv/detail/get_error_id__rosidl_typesupport_introspection_cpp.hpp\n'}
[33.340172] (mg400_msgs) StdoutLine: {'line': b'-- Symlinking: /root/ros2_ws/install/mg400_msgs/include/mg400_msgs/mg400_msgs/srv/detail/get_pose__rosidl_typesupport_introspection_cpp.hpp\n'}
[33.348365] (mg400_msgs) StdoutLine: {'line': b'-- Symlinking: /root/ros2_ws/install/mg400_msgs/include/mg400_msgs/mg400_msgs/srv/detail/inverse_solution__rosidl_typesupport_introspection_cpp.hpp\n'}
[33.355664] (mg400_msgs) StdoutLine: {'line': b'-- Symlinking: /root/ros2_ws/install/mg400_msgs/include/mg400_msgs/mg400_msgs/srv/detail/joint_mov_j__rosidl_typesupport_introspection_cpp.hpp\n'}
[33.362532] (mg400_msgs) StdoutLine: {'line': b'-- Symlinking: /root/ros2_ws/install/mg400_msgs/include/mg400_msgs/mg400_msgs/srv/detail/move_jog__rosidl_typesupport_introspection_cpp.hpp\n'}
[33.369743] (mg400_msgs) StdoutLine: {'line': b'-- Symlinking: /root/ros2_ws/install/mg400_msgs/include/mg400_msgs/mg400_msgs/srv/detail/pay_load__rosidl_typesupport_introspection_cpp.hpp\n'}
[33.377359] (mg400_msgs) StdoutLine: {'line': b'-- Symlinking: /root/ros2_ws/install/mg400_msgs/include/mg400_msgs/mg400_msgs/srv/detail/positive_solution__rosidl_typesupport_introspection_cpp.hpp\n'}
[33.384245] (mg400_msgs) StdoutLine: {'line': b'-- Symlinking: /root/ros2_ws/install/mg400_msgs/include/mg400_msgs/mg400_msgs/srv/detail/reset_robot__rosidl_typesupport_introspection_cpp.hpp\n'}
[33.393472] (mg400_msgs) StdoutLine: {'line': b'-- Symlinking: /root/ros2_ws/install/mg400_msgs/include/mg400_msgs/mg400_msgs/srv/detail/robot_mode__rosidl_typesupport_introspection_cpp.hpp\n'}
[33.400284] (mg400_msgs) StdoutLine: {'line': b'-- Symlinking: /root/ros2_ws/install/mg400_msgs/include/mg400_msgs/mg400_msgs/srv/detail/set_collision_level__rosidl_typesupport_introspection_cpp.hpp\n'}
[33.406367] (-) TimerEvent: {}
[33.406969] (mg400_msgs) StdoutLine: {'line': b'-- Symlinking: /root/ros2_ws/install/mg400_msgs/include/mg400_msgs/mg400_msgs/srv/detail/speed_factor__rosidl_typesupport_introspection_cpp.hpp\n'}
[33.414177] (mg400_msgs) StdoutLine: {'line': b'-- Symlinking: /root/ros2_ws/install/mg400_msgs/include/mg400_msgs/mg400_msgs/srv/detail/speed_j__rosidl_typesupport_introspection_cpp.hpp\n'}
[33.420924] (mg400_msgs) StdoutLine: {'line': b'-- Symlinking: /root/ros2_ws/install/mg400_msgs/include/mg400_msgs/mg400_msgs/srv/detail/speed_l__rosidl_typesupport_introspection_cpp.hpp\n'}
[33.427492] (mg400_msgs) StdoutLine: {'line': b'-- Symlinking: /root/ros2_ws/install/mg400_msgs/include/mg400_msgs/mg400_msgs/srv/detail/tool__rosidl_typesupport_introspection_cpp.hpp\n'}
[33.434148] (mg400_msgs) StdoutLine: {'line': b'-- Symlinking: /root/ros2_ws/install/mg400_msgs/include/mg400_msgs/mg400_msgs/srv/detail/tool_di__rosidl_typesupport_introspection_cpp.hpp\n'}
[33.440740] (mg400_msgs) StdoutLine: {'line': b'-- Symlinking: /root/ros2_ws/install/mg400_msgs/include/mg400_msgs/mg400_msgs/srv/detail/tool_do_execute__rosidl_typesupport_introspection_cpp.hpp\n'}
[33.447221] (mg400_msgs) StdoutLine: {'line': b'-- Symlinking: /root/ros2_ws/install/mg400_msgs/include/mg400_msgs/mg400_msgs/srv/detail/user__rosidl_typesupport_introspection_cpp.hpp\n'}
[33.454559] (mg400_msgs) StdoutLine: {'line': b'-- Symlinking: /root/ros2_ws/install/mg400_msgs/share/mg400_msgs/environment/pythonpath.sh\n'}
[33.462120] (mg400_msgs) StdoutLine: {'line': b'-- Symlinking: /root/ros2_ws/install/mg400_msgs/share/mg400_msgs/environment/pythonpath.dsv\n'}
[33.469033] (mg400_msgs) StdoutLine: {'line': b'-- Symlinking: /root/ros2_ws/install/mg400_msgs/local/lib/python3.10/dist-packages/mg400_msgs-1.7.0-py3.10.egg-info/PKG-INFO\n'}
[33.476165] (mg400_msgs) StdoutLine: {'line': b'-- Symlinking: /root/ros2_ws/install/mg400_msgs/local/lib/python3.10/dist-packages/mg400_msgs-1.7.0-py3.10.egg-info/SOURCES.txt\n'}
[33.483940] (mg400_msgs) StdoutLine: {'line': b'-- Symlinking: /root/ros2_ws/install/mg400_msgs/local/lib/python3.10/dist-packages/mg400_msgs-1.7.0-py3.10.egg-info/dependency_links.txt\n'}
[33.491794] (mg400_msgs) StdoutLine: {'line': b'-- Symlinking: /root/ros2_ws/install/mg400_msgs/local/lib/python3.10/dist-packages/mg400_msgs-1.7.0-py3.10.egg-info/top_level.txt\n'}
[33.502500] (mg400_msgs) StdoutLine: {'line': b'-- Symlinking: /root/ros2_ws/install/mg400_msgs/local/lib/python3.10/dist-packages/mg400_msgs/__init__.py\n'}
[33.506467] (-) TimerEvent: {}
[33.511684] (mg400_msgs) StdoutLine: {'line': b'-- Symlinking: /root/ros2_ws/install/mg400_msgs/local/lib/python3.10/dist-packages/mg400_msgs/_mg400_msgs_s.ep.rosidl_typesupport_c.c\n'}
[33.519994] (mg400_msgs) StdoutLine: {'line': b'-- Symlinking: /root/ros2_ws/install/mg400_msgs/local/lib/python3.10/dist-packages/mg400_msgs/_mg400_msgs_s.ep.rosidl_typesupport_fastrtps_c.c\n'}
[33.529008] (mg400_msgs) StdoutLine: {'line': b'-- Symlinking: /root/ros2_ws/install/mg400_msgs/local/lib/python3.10/dist-packages/mg400_msgs/_mg400_msgs_s.ep.rosidl_typesupport_introspection_c.c\n'}
[33.536828] (mg400_msgs) StdoutLine: {'line': b'-- Symlinking: /root/ros2_ws/install/mg400_msgs/local/lib/python3.10/dist-packages/mg400_msgs/action/__init__.py\n'}
[33.544903] (mg400_msgs) StdoutLine: {'line': b'-- Symlinking: /root/ros2_ws/install/mg400_msgs/local/lib/python3.10/dist-packages/mg400_msgs/action/_command_queue.py\n'}
[33.553551] (mg400_msgs) StdoutLine: {'line': b'-- Symlinking: /root/ros2_ws/install/mg400_msgs/local/lib/python3.10/dist-packages/mg400_msgs/action/_command_queue_s.c\n'}
[33.561870] (mg400_msgs) StdoutLine: {'line': b'-- Symlinking: /root/ros2_ws/install/mg400_msgs/local/lib/python3.10/dist-packages/mg400_msgs/action/_joint_mov_j.py\n'}
[33.569571] (mg400_msgs) StdoutLine: {'line': b'-- Symlinking: /root/ros2_ws/install/mg400_msgs/local/lib/python3.10/dist-packages/mg400_msgs/action/_joint_mov_j_s.c\n'}
[33.577371] (mg400_msgs) StdoutLine: {'line': b'-- Symlinking: /root/ros2_ws/install/mg400_msgs/local/lib/python3.10/dist-packages/mg400_msgs/action/_mov_j.py\n'}
[33.585094] (mg400_msgs) StdoutLine: {'line': b'-- Symlinking: /root/ros2_ws/install/mg400_msgs/local/lib/python3.10/dist-packages/mg400_msgs/action/_mov_j_s.c\n'}
[33.592949] (mg400_msgs) StdoutLine: {'line': b'-- Symlinking: /root/ros2_ws/install/mg400_msgs/local/lib/python3.10/dist-packages/mg400_msgs/action/_mov_jio.py\n'}
[33.600753] (mg400_msgs) StdoutLine: {'line': b'-- Symlinking: /root/ros2_ws/install/mg400_msgs/local/lib/python3.10/dist-packages/mg400_msgs/action/_mov_jio_s.c\n'}
[33.606561] (-) TimerEvent: {}
[33.609098] (mg400_msgs) StdoutLine: {'line': b'-- Symlinking: /root/ros2_ws/install/mg400_msgs/local/lib/python3.10/dist-packages/mg400_msgs/action/_mov_l.py\n'}
[33.618305] (mg400_msgs) StdoutLine: {'line': b'-- Symlinking: /root/ros2_ws/install/mg400_msgs/local/lib/python3.10/dist-packages/mg400_msgs/action/_mov_l_s.c\n'}
[33.626979] (mg400_msgs) StdoutLine: {'line': b'-- Symlinking: /root/ros2_ws/install/mg400_msgs/local/lib/python3.10/dist-packages/mg400_msgs/action/_mov_lio.py\n'}
[33.635525] (mg400_msgs) StdoutLine: {'line': b'-- Symlinking: /root/ros2_ws/install/mg400_msgs/local/lib/python3.10/dist-packages/mg400_msgs/action/_mov_lio_s.c\n'}
[33.644391] (mg400_msgs) StdoutLine: {'line': b'-- Symlinking: /root/ros2_ws/install/mg400_msgs/local/lib/python3.10/dist-packages/mg400_msgs/libmg400_msgs__rosidl_generator_py.so\n'}
[33.651856] (mg400_msgs) StdoutLine: {'line': b'-- Symlinking: /root/ros2_ws/install/mg400_msgs/local/lib/python3.10/dist-packages/mg400_msgs/mg400_msgs_s__rosidl_typesupport_c.cpython-310-x86_64-linux-gnu.so\n'}
[33.660011] (mg400_msgs) StdoutLine: {'line': b'-- Symlinking: /root/ros2_ws/install/mg400_msgs/local/lib/python3.10/dist-packages/mg400_msgs/mg400_msgs_s__rosidl_typesupport_fastrtps_c.cpython-310-x86_64-linux-gnu.so\n'}
[33.667165] (mg400_msgs) StdoutLine: {'line': b'-- Symlinking: /root/ros2_ws/install/mg400_msgs/local/lib/python3.10/dist-packages/mg400_msgs/mg400_msgs_s__rosidl_typesupport_introspection_c.cpython-310-x86_64-linux-gnu.so\n'}
[33.674353] (mg400_msgs) StdoutLine: {'line': b'-- Symlinking: /root/ros2_ws/install/mg400_msgs/local/lib/python3.10/dist-packages/mg400_msgs/msg/__init__.py\n'}
[33.681996] (mg400_msgs) StdoutLine: {'line': b'-- Symlinking: /root/ros2_ws/install/mg400_msgs/local/lib/python3.10/dist-packages/mg400_msgs/msg/_arch.py\n'}
[33.689721] (mg400_msgs) StdoutLine: {'line': b'-- Symlinking: /root/ros2_ws/install/mg400_msgs/local/lib/python3.10/dist-packages/mg400_msgs/msg/_arch_s.c\n'}
[33.697280] (mg400_msgs) StdoutLine: {'line': b'-- Symlinking: /root/ros2_ws/install/mg400_msgs/local/lib/python3.10/dist-packages/mg400_msgs/msg/_collision_level.py\n'}
[33.705904] (mg400_msgs) StdoutLine: {'line': b'-- Symlinking: /root/ros2_ws/install/mg400_msgs/local/lib/python3.10/dist-packages/mg400_msgs/msg/_collision_level_s.c\n'}
[33.706635] (-) TimerEvent: {}
[33.714854] (mg400_msgs) StdoutLine: {'line': b'-- Symlinking: /root/ros2_ws/install/mg400_msgs/local/lib/python3.10/dist-packages/mg400_msgs/msg/_command.py\n'}
[33.723979] (mg400_msgs) StdoutLine: {'line': b'-- Symlinking: /root/ros2_ws/install/mg400_msgs/local/lib/python3.10/dist-packages/mg400_msgs/msg/_command_s.c\n'}
[33.732791] (mg400_msgs) StdoutLine: {'line': b'-- Symlinking: /root/ros2_ws/install/mg400_msgs/local/lib/python3.10/dist-packages/mg400_msgs/msg/_di_index.py\n'}
[33.742423] (mg400_msgs) StdoutLine: {'line': b'-- Symlinking: /root/ros2_ws/install/mg400_msgs/local/lib/python3.10/dist-packages/mg400_msgs/msg/_di_index_s.c\n'}
[33.751666] (mg400_msgs) StdoutLine: {'line': b'-- Symlinking: /root/ros2_ws/install/mg400_msgs/local/lib/python3.10/dist-packages/mg400_msgs/msg/_distance_mode.py\n'}
[33.760483] (mg400_msgs) StdoutLine: {'line': b'-- Symlinking: /root/ros2_ws/install/mg400_msgs/local/lib/python3.10/dist-packages/mg400_msgs/msg/_distance_mode_s.c\n'}
[33.769116] (mg400_msgs) StdoutLine: {'line': b'-- Symlinking: /root/ros2_ws/install/mg400_msgs/local/lib/python3.10/dist-packages/mg400_msgs/msg/_do_index.py\n'}
[33.777394] (mg400_msgs) StdoutLine: {'line': b'-- Symlinking: /root/ros2_ws/install/mg400_msgs/local/lib/python3.10/dist-packages/mg400_msgs/msg/_do_index_s.c\n'}
[33.785849] (mg400_msgs) StdoutLine: {'line': b'-- Symlinking: /root/ros2_ws/install/mg400_msgs/local/lib/python3.10/dist-packages/mg400_msgs/msg/_do_status.py\n'}
[33.794211] (mg400_msgs) StdoutLine: {'line': b'-- Symlinking: /root/ros2_ws/install/mg400_msgs/local/lib/python3.10/dist-packages/mg400_msgs/msg/_do_status_s.c\n'}
[33.802562] (mg400_msgs) StdoutLine: {'line': b'-- Symlinking: /root/ros2_ws/install/mg400_msgs/local/lib/python3.10/dist-packages/mg400_msgs/msg/_error_id.py\n'}
[33.806816] (-) TimerEvent: {}
[33.811931] (mg400_msgs) StdoutLine: {'line': b'-- Symlinking: /root/ros2_ws/install/mg400_msgs/local/lib/python3.10/dist-packages/mg400_msgs/msg/_error_id_s.c\n'}
[33.821023] (mg400_msgs) StdoutLine: {'line': b'-- Symlinking: /root/ros2_ws/install/mg400_msgs/local/lib/python3.10/dist-packages/mg400_msgs/msg/_id_array.py\n'}
[33.830295] (mg400_msgs) StdoutLine: {'line': b'-- Symlinking: /root/ros2_ws/install/mg400_msgs/local/lib/python3.10/dist-packages/mg400_msgs/msg/_id_array_s.c\n'}
[33.839877] (mg400_msgs) StdoutLine: {'line': b'-- Symlinking: /root/ros2_ws/install/mg400_msgs/local/lib/python3.10/dist-packages/mg400_msgs/msg/_joint_mov_j.py\n'}
[33.848405] (mg400_msgs) StdoutLine: {'line': b'-- Symlinking: /root/ros2_ws/install/mg400_msgs/local/lib/python3.10/dist-packages/mg400_msgs/msg/_joint_mov_j_s.c\n'}
[33.858147] (mg400_msgs) StdoutLine: {'line': b'-- Symlinking: /root/ros2_ws/install/mg400_msgs/local/lib/python3.10/dist-packages/mg400_msgs/msg/_mov_j.py\n'}
[33.867070] (mg400_msgs) StdoutLine: {'line': b'-- Symlinking: /root/ros2_ws/install/mg400_msgs/local/lib/python3.10/dist-packages/mg400_msgs/msg/_mov_j_s.c\n'}
[33.876258] (mg400_msgs) StdoutLine: {'line': b'-- Symlinking: /root/ros2_ws/install/mg400_msgs/local/lib/python3.10/dist-packages/mg400_msgs/msg/_mov_jio.py\n'}
[33.884915] (mg400_msgs) StdoutLine: {'line': b'-- Symlinking: /root/ros2_ws/install/mg400_msgs/local/lib/python3.10/dist-packages/mg400_msgs/msg/_mov_jio_s.c\n'}
[33.893303] (mg400_msgs) StdoutLine: {'line': b'-- Symlinking: /root/ros2_ws/install/mg400_msgs/local/lib/python3.10/dist-packages/mg400_msgs/msg/_mov_l.py\n'}
[33.901603] (mg400_msgs) StdoutLine: {'line': b'-- Symlinking: /root/ros2_ws/install/mg400_msgs/local/lib/python3.10/dist-packages/mg400_msgs/msg/_mov_l_s.c\n'}
[33.906897] (-) TimerEvent: {}
[33.909837] (mg400_msgs) StdoutLine: {'line': b'-- Symlinking: /root/ros2_ws/install/mg400_msgs/local/lib/python3.10/dist-packages/mg400_msgs/msg/_mov_lio.py\n'}
[33.917692] (mg400_msgs) StdoutLine: {'line': b'-- Symlinking: /root/ros2_ws/install/mg400_msgs/local/lib/python3.10/dist-packages/mg400_msgs/msg/_mov_lio_s.c\n'}
[33.925134] (mg400_msgs) StdoutLine: {'line': b'-- Symlinking: /root/ros2_ws/install/mg400_msgs/local/lib/python3.10/dist-packages/mg400_msgs/msg/_move_jog.py\n'}
[33.932387] (mg400_msgs) StdoutLine: {'line': b'-- Symlinking: /root/ros2_ws/install/mg400_msgs/local/lib/python3.10/dist-packages/mg400_msgs/msg/_move_jog_s.c\n'}
[33.939288] (mg400_msgs) StdoutLine: {'line': b'-- Symlinking: /root/ros2_ws/install/mg400_msgs/local/lib/python3.10/dist-packages/mg400_msgs/msg/_robot_mode.py\n'}
[33.947289] (mg400_msgs) StdoutLine: {'line': b'-- Symlinking: /root/ros2_ws/install/mg400_msgs/local/lib/python3.10/dist-packages/mg400_msgs/msg/_robot_mode_s.c\n'}
[33.954819] (mg400_msgs) StdoutLine: {'line': b'-- Symlinking: /root/ros2_ws/install/mg400_msgs/local/lib/python3.10/dist-packages/mg400_msgs/msg/_tool.py\n'}
[33.962043] (mg400_msgs) StdoutLine: {'line': b'-- Symlinking: /root/ros2_ws/install/mg400_msgs/local/lib/python3.10/dist-packages/mg400_msgs/msg/_tool_di_index.py\n'}
[33.969091] (mg400_msgs) StdoutLine: {'line': b'-- Symlinking: /root/ros2_ws/install/mg400_msgs/local/lib/python3.10/dist-packages/mg400_msgs/msg/_tool_di_index_s.c\n'}
[33.976117] (mg400_msgs) StdoutLine: {'line': b'-- Symlinking: /root/ros2_ws/install/mg400_msgs/local/lib/python3.10/dist-packages/mg400_msgs/msg/_tool_do_index.py\n'}
[33.982874] (mg400_msgs) StdoutLine: {'line': b'-- Symlinking: /root/ros2_ws/install/mg400_msgs/local/lib/python3.10/dist-packages/mg400_msgs/msg/_tool_do_index_s.c\n'}
[33.990781] (mg400_msgs) StdoutLine: {'line': b'-- Symlinking: /root/ros2_ws/install/mg400_msgs/local/lib/python3.10/dist-packages/mg400_msgs/msg/_tool_s.c\n'}
[33.998375] (mg400_msgs) StdoutLine: {'line': b'-- Symlinking: /root/ros2_ws/install/mg400_msgs/local/lib/python3.10/dist-packages/mg400_msgs/msg/_user.py\n'}
[34.006684] (mg400_msgs) StdoutLine: {'line': b'-- Symlinking: /root/ros2_ws/install/mg400_msgs/local/lib/python3.10/dist-packages/mg400_msgs/msg/_user_s.c\n'}
[34.006994] (-) TimerEvent: {}
[34.014697] (mg400_msgs) StdoutLine: {'line': b'-- Symlinking: /root/ros2_ws/install/mg400_msgs/local/lib/python3.10/dist-packages/mg400_msgs/srv/__init__.py\n'}
[34.022108] (mg400_msgs) StdoutLine: {'line': b'-- Symlinking: /root/ros2_ws/install/mg400_msgs/local/lib/python3.10/dist-packages/mg400_msgs/srv/_acc_j.py\n'}
[34.029691] (mg400_msgs) StdoutLine: {'line': b'-- Symlinking: /root/ros2_ws/install/mg400_msgs/local/lib/python3.10/dist-packages/mg400_msgs/srv/_acc_j_s.c\n'}
[34.036910] (mg400_msgs) StdoutLine: {'line': b'-- Symlinking: /root/ros2_ws/install/mg400_msgs/local/lib/python3.10/dist-packages/mg400_msgs/srv/_acc_l.py\n'}
[34.044246] (mg400_msgs) StdoutLine: {'line': b'-- Symlinking: /root/ros2_ws/install/mg400_msgs/local/lib/python3.10/dist-packages/mg400_msgs/srv/_acc_l_s.c\n'}
[34.052901] (mg400_msgs) StdoutLine: {'line': b'-- Symlinking: /root/ros2_ws/install/mg400_msgs/local/lib/python3.10/dist-packages/mg400_msgs/srv/_arch.py\n'}
[34.059255] (mg400_msgs) StdoutLine: {'line': b'-- Symlinking: /root/ros2_ws/install/mg400_msgs/local/lib/python3.10/dist-packages/mg400_msgs/srv/_arch_s.c\n'}
[34.065845] (mg400_msgs) StdoutLine: {'line': b'-- Symlinking: /root/ros2_ws/install/mg400_msgs/local/lib/python3.10/dist-packages/mg400_msgs/srv/_clear_error.py\n'}
[34.072834] (mg400_msgs) StdoutLine: {'line': b'-- Symlinking: /root/ros2_ws/install/mg400_msgs/local/lib/python3.10/dist-packages/mg400_msgs/srv/_clear_error_s.c\n'}
[34.079602] (mg400_msgs) StdoutLine: {'line': b'-- Symlinking: /root/ros2_ws/install/mg400_msgs/local/lib/python3.10/dist-packages/mg400_msgs/srv/_cp.py\n'}
[34.085635] (mg400_msgs) StdoutLine: {'line': b'-- Symlinking: /root/ros2_ws/install/mg400_msgs/local/lib/python3.10/dist-packages/mg400_msgs/srv/_cp_s.c\n'}
[34.092065] (mg400_msgs) StdoutLine: {'line': b'-- Symlinking: /root/ros2_ws/install/mg400_msgs/local/lib/python3.10/dist-packages/mg400_msgs/srv/_di.py\n'}
[34.100029] (mg400_msgs) StdoutLine: {'line': b'-- Symlinking: /root/ros2_ws/install/mg400_msgs/local/lib/python3.10/dist-packages/mg400_msgs/srv/_di_s.c\n'}
[34.107077] (-) TimerEvent: {}
[34.107271] (mg400_msgs) StdoutLine: {'line': b'-- Symlinking: /root/ros2_ws/install/mg400_msgs/local/lib/python3.10/dist-packages/mg400_msgs/srv/_disable_robot.py\n'}
[34.116061] (mg400_msgs) StdoutLine: {'line': b'-- Symlinking: /root/ros2_ws/install/mg400_msgs/local/lib/python3.10/dist-packages/mg400_msgs/srv/_disable_robot_s.c\n'}
[34.123131] (mg400_msgs) StdoutLine: {'line': b'-- Symlinking: /root/ros2_ws/install/mg400_msgs/local/lib/python3.10/dist-packages/mg400_msgs/srv/_do.py\n'}
[34.129649] (mg400_msgs) StdoutLine: {'line': b'-- Symlinking: /root/ros2_ws/install/mg400_msgs/local/lib/python3.10/dist-packages/mg400_msgs/srv/_do_s.c\n'}
[34.136233] (mg400_msgs) StdoutLine: {'line': b'-- Symlinking: /root/ros2_ws/install/mg400_msgs/local/lib/python3.10/dist-packages/mg400_msgs/srv/_emergency_stop.py\n'}
[34.143726] (mg400_msgs) StdoutLine: {'line': b'-- Symlinking: /root/ros2_ws/install/mg400_msgs/local/lib/python3.10/dist-packages/mg400_msgs/srv/_emergency_stop_s.c\n'}
[34.150679] (mg400_msgs) StdoutLine: {'line': b'-- Symlinking: /root/ros2_ws/install/mg400_msgs/local/lib/python3.10/dist-packages/mg400_msgs/srv/_enable_robot.py\n'}
[34.157563] (mg400_msgs) StdoutLine: {'line': b'-- Symlinking: /root/ros2_ws/install/mg400_msgs/local/lib/python3.10/dist-packages/mg400_msgs/srv/_enable_robot_s.c\n'}
[34.164254] (mg400_msgs) StdoutLine: {'line': b'-- Symlinking: /root/ros2_ws/install/mg400_msgs/local/lib/python3.10/dist-packages/mg400_msgs/srv/_get_angle.py\n'}
[34.171092] (mg400_msgs) StdoutLine: {'line': b'-- Symlinking: /root/ros2_ws/install/mg400_msgs/local/lib/python3.10/dist-packages/mg400_msgs/srv/_get_angle_s.c\n'}
[34.178263] (mg400_msgs) StdoutLine: {'line': b'-- Symlinking: /root/ros2_ws/install/mg400_msgs/local/lib/python3.10/dist-packages/mg400_msgs/srv/_get_error_id.py\n'}
[34.185603] (mg400_msgs) StdoutLine: {'line': b'-- Symlinking: /root/ros2_ws/install/mg400_msgs/local/lib/python3.10/dist-packages/mg400_msgs/srv/_get_error_id_s.c\n'}
[34.192846] (mg400_msgs) StdoutLine: {'line': b'-- Symlinking: /root/ros2_ws/install/mg400_msgs/local/lib/python3.10/dist-packages/mg400_msgs/srv/_get_pose.py\n'}
[34.199974] (mg400_msgs) StdoutLine: {'line': b'-- Symlinking: /root/ros2_ws/install/mg400_msgs/local/lib/python3.10/dist-packages/mg400_msgs/srv/_get_pose_s.c\n'}
[34.207043] (mg400_msgs) StdoutLine: {'line': b'-- Symlinking: /root/ros2_ws/install/mg400_msgs/local/lib/python3.10/dist-packages/mg400_msgs/srv/_inverse_solution.py\n'}
[34.207175] (-) TimerEvent: {}
[34.214683] (mg400_msgs) StdoutLine: {'line': b'-- Symlinking: /root/ros2_ws/install/mg400_msgs/local/lib/python3.10/dist-packages/mg400_msgs/srv/_inverse_solution_s.c\n'}
[34.222337] (mg400_msgs) StdoutLine: {'line': b'-- Symlinking: /root/ros2_ws/install/mg400_msgs/local/lib/python3.10/dist-packages/mg400_msgs/srv/_joint_mov_j.py\n'}
[34.229715] (mg400_msgs) StdoutLine: {'line': b'-- Symlinking: /root/ros2_ws/install/mg400_msgs/local/lib/python3.10/dist-packages/mg400_msgs/srv/_joint_mov_j_s.c\n'}
[34.237685] (mg400_msgs) StdoutLine: {'line': b'-- Symlinking: /root/ros2_ws/install/mg400_msgs/local/lib/python3.10/dist-packages/mg400_msgs/srv/_move_jog.py\n'}
[34.246394] (mg400_msgs) StdoutLine: {'line': b'-- Symlinking: /root/ros2_ws/install/mg400_msgs/local/lib/python3.10/dist-packages/mg400_msgs/srv/_move_jog_s.c\n'}
[34.254258] (mg400_msgs) StdoutLine: {'line': b'-- Symlinking: /root/ros2_ws/install/mg400_msgs/local/lib/python3.10/dist-packages/mg400_msgs/srv/_pay_load.py\n'}
[34.261385] (mg400_msgs) StdoutLine: {'line': b'-- Symlinking: /root/ros2_ws/install/mg400_msgs/local/lib/python3.10/dist-packages/mg400_msgs/srv/_pay_load_s.c\n'}
[34.268763] (mg400_msgs) StdoutLine: {'line': b'-- Symlinking: /root/ros2_ws/install/mg400_msgs/local/lib/python3.10/dist-packages/mg400_msgs/srv/_positive_solution.py\n'}
[34.275719] (mg400_msgs) StdoutLine: {'line': b'-- Symlinking: /root/ros2_ws/install/mg400_msgs/local/lib/python3.10/dist-packages/mg400_msgs/srv/_positive_solution_s.c\n'}
[34.283011] (mg400_msgs) StdoutLine: {'line': b'-- Symlinking: /root/ros2_ws/install/mg400_msgs/local/lib/python3.10/dist-packages/mg400_msgs/srv/_reset_robot.py\n'}
[34.290549] (mg400_msgs) StdoutLine: {'line': b'-- Symlinking: /root/ros2_ws/install/mg400_msgs/local/lib/python3.10/dist-packages/mg400_msgs/srv/_reset_robot_s.c\n'}
[34.297247] (mg400_msgs) StdoutLine: {'line': b'-- Symlinking: /root/ros2_ws/install/mg400_msgs/local/lib/python3.10/dist-packages/mg400_msgs/srv/_robot_mode.py\n'}
[34.304218] (mg400_msgs) StdoutLine: {'line': b'-- Symlinking: /root/ros2_ws/install/mg400_msgs/local/lib/python3.10/dist-packages/mg400_msgs/srv/_robot_mode_s.c\n'}
[34.307260] (-) TimerEvent: {}
[34.311183] (mg400_msgs) StdoutLine: {'line': b'-- Symlinking: /root/ros2_ws/install/mg400_msgs/local/lib/python3.10/dist-packages/mg400_msgs/srv/_set_collision_level.py\n'}
[34.318406] (mg400_msgs) StdoutLine: {'line': b'-- Symlinking: /root/ros2_ws/install/mg400_msgs/local/lib/python3.10/dist-packages/mg400_msgs/srv/_set_collision_level_s.c\n'}
[34.325536] (mg400_msgs) StdoutLine: {'line': b'-- Symlinking: /root/ros2_ws/install/mg400_msgs/local/lib/python3.10/dist-packages/mg400_msgs/srv/_speed_factor.py\n'}
[34.333188] (mg400_msgs) StdoutLine: {'line': b'-- Symlinking: /root/ros2_ws/install/mg400_msgs/local/lib/python3.10/dist-packages/mg400_msgs/srv/_speed_factor_s.c\n'}
[34.339978] (mg400_msgs) StdoutLine: {'line': b'-- Symlinking: /root/ros2_ws/install/mg400_msgs/local/lib/python3.10/dist-packages/mg400_msgs/srv/_speed_j.py\n'}
[34.346421] (mg400_msgs) StdoutLine: {'line': b'-- Symlinking: /root/ros2_ws/install/mg400_msgs/local/lib/python3.10/dist-packages/mg400_msgs/srv/_speed_j_s.c\n'}
[34.353809] (mg400_msgs) StdoutLine: {'line': b'-- Symlinking: /root/ros2_ws/install/mg400_msgs/local/lib/python3.10/dist-packages/mg400_msgs/srv/_speed_l.py\n'}
[34.361608] (mg400_msgs) StdoutLine: {'line': b'-- Symlinking: /root/ros2_ws/install/mg400_msgs/local/lib/python3.10/dist-packages/mg400_msgs/srv/_speed_l_s.c\n'}
[34.369281] (mg400_msgs) StdoutLine: {'line': b'-- Symlinking: /root/ros2_ws/install/mg400_msgs/local/lib/python3.10/dist-packages/mg400_msgs/srv/_tool.py\n'}
[34.376402] (mg400_msgs) StdoutLine: {'line': b'-- Symlinking: /root/ros2_ws/install/mg400_msgs/local/lib/python3.10/dist-packages/mg400_msgs/srv/_tool_di.py\n'}
[34.383609] (mg400_msgs) StdoutLine: {'line': b'-- Symlinking: /root/ros2_ws/install/mg400_msgs/local/lib/python3.10/dist-packages/mg400_msgs/srv/_tool_di_s.c\n'}
[34.390647] (mg400_msgs) StdoutLine: {'line': b'-- Symlinking: /root/ros2_ws/install/mg400_msgs/local/lib/python3.10/dist-packages/mg400_msgs/srv/_tool_do_execute.py\n'}
[34.397816] (mg400_msgs) StdoutLine: {'line': b'-- Symlinking: /root/ros2_ws/install/mg400_msgs/local/lib/python3.10/dist-packages/mg400_msgs/srv/_tool_do_execute_s.c\n'}
[34.405006] (mg400_msgs) StdoutLine: {'line': b'-- Symlinking: /root/ros2_ws/install/mg400_msgs/local/lib/python3.10/dist-packages/mg400_msgs/srv/_tool_s.c\n'}
[34.407341] (-) TimerEvent: {}
[34.411736] (mg400_msgs) StdoutLine: {'line': b'-- Symlinking: /root/ros2_ws/install/mg400_msgs/local/lib/python3.10/dist-packages/mg400_msgs/srv/_user.py\n'}
[34.418485] (mg400_msgs) StdoutLine: {'line': b'-- Symlinking: /root/ros2_ws/install/mg400_msgs/local/lib/python3.10/dist-packages/mg400_msgs/srv/_user_s.c\n'}
[34.425149] (mg400_msgs) StdoutLine: {'line': b'-- Up-to-date symlink: /root/ros2_ws/install/mg400_msgs/local/lib/python3.10/dist-packages/mg400_msgs/mg400_msgs_s__rosidl_typesupport_fastrtps_c.cpython-310-x86_64-linux-gnu.so\n'}
[34.425349] (mg400_msgs) StdoutLine: {'line': b'-- Up-to-date symlink: /root/ros2_ws/install/mg400_msgs/local/lib/python3.10/dist-packages/mg400_msgs/mg400_msgs_s__rosidl_typesupport_introspection_c.cpython-310-x86_64-linux-gnu.so\n'}
[34.425505] (mg400_msgs) StdoutLine: {'line': b'-- Up-to-date symlink: /root/ros2_ws/install/mg400_msgs/local/lib/python3.10/dist-packages/mg400_msgs/mg400_msgs_s__rosidl_typesupport_c.cpython-310-x86_64-linux-gnu.so\n'}
[34.425658] (mg400_msgs) StdoutLine: {'line': b'-- Symlinking: /root/ros2_ws/install/mg400_msgs/share/ament_index/resource_index/rust_packages/mg400_msgs\n'}
[34.433277] (mg400_msgs) StdoutLine: {'line': b'-- Symlinking: /root/ros2_ws/install/mg400_msgs/share/mg400_msgs/rust/Cargo.toml\n'}
[34.440353] (mg400_msgs) StdoutLine: {'line': b'-- Symlinking: /root/ros2_ws/install/mg400_msgs/share/mg400_msgs/rust/build.rs\n'}
[34.446830] (mg400_msgs) StdoutLine: {'line': b'-- Symlinking: /root/ros2_ws/install/mg400_msgs/share/mg400_msgs/rust/src/action.rs\n'}
[34.453123] (mg400_msgs) StdoutLine: {'line': b'-- Symlinking: /root/ros2_ws/install/mg400_msgs/share/mg400_msgs/rust/src/action/rmw.rs\n'}
[34.459833] (mg400_msgs) StdoutLine: {'line': b'-- Symlinking: /root/ros2_ws/install/mg400_msgs/share/mg400_msgs/rust/src/lib.rs\n'}
[34.466187] (mg400_msgs) StdoutLine: {'line': b'-- Symlinking: /root/ros2_ws/install/mg400_msgs/share/mg400_msgs/rust/src/msg.rs\n'}
[34.472897] (mg400_msgs) StdoutLine: {'line': b'-- Symlinking: /root/ros2_ws/install/mg400_msgs/share/mg400_msgs/rust/src/msg/rmw.rs\n'}
[34.479097] (mg400_msgs) StdoutLine: {'line': b'-- Symlinking: /root/ros2_ws/install/mg400_msgs/share/mg400_msgs/rust/src/srv.rs\n'}
[34.485128] (mg400_msgs) StdoutLine: {'line': b'-- Symlinking: /root/ros2_ws/install/mg400_msgs/share/mg400_msgs/rust/src/srv/rmw.rs\n'}
[34.492093] (mg400_msgs) StdoutLine: {'line': b'-- Symlinking: /root/ros2_ws/install/mg400_msgs/share/mg400_msgs/msg/Arch.idl\n'}
[34.498374] (mg400_msgs) StdoutLine: {'line': b'-- Symlinking: /root/ros2_ws/install/mg400_msgs/share/mg400_msgs/msg/CollisionLevel.idl\n'}
[34.505104] (mg400_msgs) StdoutLine: {'line': b'-- Symlinking: /root/ros2_ws/install/mg400_msgs/share/mg400_msgs/msg/Command.idl\n'}
[34.507408] (-) TimerEvent: {}
[34.512233] (mg400_msgs) StdoutLine: {'line': b'-- Symlinking: /root/ros2_ws/install/mg400_msgs/share/mg400_msgs/msg/DIIndex.idl\n'}
[34.519546] (mg400_msgs) StdoutLine: {'line': b'-- Symlinking: /root/ros2_ws/install/mg400_msgs/share/mg400_msgs/msg/DOIndex.idl\n'}
[34.526136] (mg400_msgs) StdoutLine: {'line': b'-- Symlinking: /root/ros2_ws/install/mg400_msgs/share/mg400_msgs/msg/DOStatus.idl\n'}
[34.533041] (mg400_msgs) StdoutLine: {'line': b'-- Symlinking: /root/ros2_ws/install/mg400_msgs/share/mg400_msgs/msg/DistanceMode.idl\n'}
[34.540069] (mg400_msgs) StdoutLine: {'line': b'-- Symlinking: /root/ros2_ws/install/mg400_msgs/share/mg400_msgs/msg/ErrorID.idl\n'}
[34.547237] (mg400_msgs) StdoutLine: {'line': b'-- Symlinking: /root/ros2_ws/install/mg400_msgs/share/mg400_msgs/msg/IDArray.idl\n'}
[34.554404] (mg400_msgs) StdoutLine: {'line': b'-- Symlinking: /root/ros2_ws/install/mg400_msgs/share/mg400_msgs/msg/JointMovJ.idl\n'}
[34.561901] (mg400_msgs) StdoutLine: {'line': b'-- Symlinking: /root/ros2_ws/install/mg400_msgs/share/mg400_msgs/msg/MovJ.idl\n'}
[34.568394] (mg400_msgs) StdoutLine: {'line': b'-- Symlinking: /root/ros2_ws/install/mg400_msgs/share/mg400_msgs/msg/MovJIO.idl\n'}
[34.575408] (mg400_msgs) StdoutLine: {'line': b'-- Symlinking: /root/ros2_ws/install/mg400_msgs/share/mg400_msgs/msg/MovL.idl\n'}
[34.581864] (mg400_msgs) StdoutLine: {'line': b'-- Symlinking: /root/ros2_ws/install/mg400_msgs/share/mg400_msgs/msg/MovLIO.idl\n'}
[34.589106] (mg400_msgs) StdoutLine: {'line': b'-- Symlinking: /root/ros2_ws/install/mg400_msgs/share/mg400_msgs/msg/MoveJog.idl\n'}
[34.596638] (mg400_msgs) StdoutLine: {'line': b'-- Symlinking: /root/ros2_ws/install/mg400_msgs/share/mg400_msgs/msg/RobotMode.idl\n'}
[34.603914] (mg400_msgs) StdoutLine: {'line': b'-- Symlinking: /root/ros2_ws/install/mg400_msgs/share/mg400_msgs/msg/Tool.idl\n'}
[34.607520] (-) TimerEvent: {}
[34.610660] (mg400_msgs) StdoutLine: {'line': b'-- Symlinking: /root/ros2_ws/install/mg400_msgs/share/mg400_msgs/msg/ToolDIIndex.idl\n'}
[34.617393] (mg400_msgs) StdoutLine: {'line': b'-- Symlinking: /root/ros2_ws/install/mg400_msgs/share/mg400_msgs/msg/ToolDOIndex.idl\n'}
[34.623934] (mg400_msgs) StdoutLine: {'line': b'-- Symlinking: /root/ros2_ws/install/mg400_msgs/share/mg400_msgs/msg/User.idl\n'}
[34.630667] (mg400_msgs) StdoutLine: {'line': b'-- Symlinking: /root/ros2_ws/install/mg400_msgs/share/mg400_msgs/srv/AccJ.idl\n'}
[34.637044] (mg400_msgs) StdoutLine: {'line': b'-- Symlinking: /root/ros2_ws/install/mg400_msgs/share/mg400_msgs/srv/AccL.idl\n'}
[34.643819] (mg400_msgs) StdoutLine: {'line': b'-- Symlinking: /root/ros2_ws/install/mg400_msgs/share/mg400_msgs/srv/Arch.idl\n'}
[34.650214] (mg400_msgs) StdoutLine: {'line': b'-- Symlinking: /root/ros2_ws/install/mg400_msgs/share/mg400_msgs/srv/CP.idl\n'}
[34.657543] (mg400_msgs) StdoutLine: {'line': b'-- Symlinking: /root/ros2_ws/install/mg400_msgs/share/mg400_msgs/srv/ClearError.idl\n'}
[34.664761] (mg400_msgs) StdoutLine: {'line': b'-- Symlinking: /root/ros2_ws/install/mg400_msgs/share/mg400_msgs/srv/DI.idl\n'}
[34.671086] (mg400_msgs) StdoutLine: {'line': b'-- Symlinking: /root/ros2_ws/install/mg400_msgs/share/mg400_msgs/srv/DO.idl\n'}
[34.677449] (mg400_msgs) StdoutLine: {'line': b'-- Symlinking: /root/ros2_ws/install/mg400_msgs/share/mg400_msgs/srv/DisableRobot.idl\n'}
[34.684304] (mg400_msgs) StdoutLine: {'line': b'-- Symlinking: /root/ros2_ws/install/mg400_msgs/share/mg400_msgs/srv/EmergencyStop.idl\n'}
[34.691357] (mg400_msgs) StdoutLine: {'line': b'-- Symlinking: /root/ros2_ws/install/mg400_msgs/share/mg400_msgs/srv/EnableRobot.idl\n'}
[34.698483] (mg400_msgs) StdoutLine: {'line': b'-- Symlinking: /root/ros2_ws/install/mg400_msgs/share/mg400_msgs/srv/GetAngle.idl\n'}
[34.704832] (mg400_msgs) StdoutLine: {'line': b'-- Symlinking: /root/ros2_ws/install/mg400_msgs/share/mg400_msgs/srv/GetErrorID.idl\n'}
[34.707636] (-) TimerEvent: {}
[34.712314] (mg400_msgs) StdoutLine: {'line': b'-- Symlinking: /root/ros2_ws/install/mg400_msgs/share/mg400_msgs/srv/GetPose.idl\n'}
[34.718808] (mg400_msgs) StdoutLine: {'line': b'-- Symlinking: /root/ros2_ws/install/mg400_msgs/share/mg400_msgs/srv/InverseSolution.idl\n'}
[34.725275] (mg400_msgs) StdoutLine: {'line': b'-- Symlinking: /root/ros2_ws/install/mg400_msgs/share/mg400_msgs/srv/JointMovJ.idl\n'}
[34.732358] (mg400_msgs) StdoutLine: {'line': b'-- Symlinking: /root/ros2_ws/install/mg400_msgs/share/mg400_msgs/srv/MoveJog.idl\n'}
[34.739515] (mg400_msgs) StdoutLine: {'line': b'-- Symlinking: /root/ros2_ws/install/mg400_msgs/share/mg400_msgs/srv/PayLoad.idl\n'}
[34.746557] (mg400_msgs) StdoutLine: {'line': b'-- Symlinking: /root/ros2_ws/install/mg400_msgs/share/mg400_msgs/srv/PositiveSolution.idl\n'}
[34.753664] (mg400_msgs) StdoutLine: {'line': b'-- Symlinking: /root/ros2_ws/install/mg400_msgs/share/mg400_msgs/srv/ResetRobot.idl\n'}
[34.760888] (mg400_msgs) StdoutLine: {'line': b'-- Symlinking: /root/ros2_ws/install/mg400_msgs/share/mg400_msgs/srv/RobotMode.idl\n'}
[34.767969] (mg400_msgs) StdoutLine: {'line': b'-- Symlinking: /root/ros2_ws/install/mg400_msgs/share/mg400_msgs/srv/SetCollisionLevel.idl\n'}
[34.775267] (mg400_msgs) StdoutLine: {'line': b'-- Symlinking: /root/ros2_ws/install/mg400_msgs/share/mg400_msgs/srv/SpeedFactor.idl\n'}
[34.781671] (mg400_msgs) StdoutLine: {'line': b'-- Symlinking: /root/ros2_ws/install/mg400_msgs/share/mg400_msgs/srv/SpeedJ.idl\n'}
[34.788655] (mg400_msgs) StdoutLine: {'line': b'-- Symlinking: /root/ros2_ws/install/mg400_msgs/share/mg400_msgs/srv/SpeedL.idl\n'}
[34.795774] (mg400_msgs) StdoutLine: {'line': b'-- Symlinking: /root/ros2_ws/install/mg400_msgs/share/mg400_msgs/srv/Tool.idl\n'}
[34.802877] (mg400_msgs) StdoutLine: {'line': b'-- Symlinking: /root/ros2_ws/install/mg400_msgs/share/mg400_msgs/srv/ToolDI.idl\n'}
[34.807731] (-) TimerEvent: {}
[34.809501] (mg400_msgs) StdoutLine: {'line': b'-- Symlinking: /root/ros2_ws/install/mg400_msgs/share/mg400_msgs/srv/ToolDOExecute.idl\n'}
[34.816810] (mg400_msgs) StdoutLine: {'line': b'-- Symlinking: /root/ros2_ws/install/mg400_msgs/share/mg400_msgs/srv/User.idl\n'}
[34.824436] (mg400_msgs) StdoutLine: {'line': b'-- Symlinking: /root/ros2_ws/install/mg400_msgs/share/mg400_msgs/action/CommandQueue.idl\n'}
[34.830873] (mg400_msgs) StdoutLine: {'line': b'-- Symlinking: /root/ros2_ws/install/mg400_msgs/share/mg400_msgs/action/JointMovJ.idl\n'}
[34.837141] (mg400_msgs) StdoutLine: {'line': b'-- Symlinking: /root/ros2_ws/install/mg400_msgs/share/mg400_msgs/action/MovJ.idl\n'}
[34.845316] (mg400_msgs) StdoutLine: {'line': b'-- Symlinking: /root/ros2_ws/install/mg400_msgs/share/mg400_msgs/action/MovJIO.idl\n'}
[34.853602] (mg400_msgs) StdoutLine: {'line': b'-- Symlinking: /root/ros2_ws/install/mg400_msgs/share/mg400_msgs/action/MovL.idl\n'}
[34.862301] (mg400_msgs) StdoutLine: {'line': b'-- Symlinking: /root/ros2_ws/install/mg400_msgs/share/mg400_msgs/action/MovLIO.idl\n'}
[34.869675] (mg400_msgs) StdoutLine: {'line': b'-- Symlinking: /root/ros2_ws/install/mg400_msgs/share/mg400_msgs/msg/Arch.msg\n'}
[34.877016] (mg400_msgs) StdoutLine: {'line': b'-- Symlinking: /root/ros2_ws/install/mg400_msgs/share/mg400_msgs/msg/CollisionLevel.msg\n'}
[34.884022] (mg400_msgs) StdoutLine: {'line': b'-- Symlinking: /root/ros2_ws/install/mg400_msgs/share/mg400_msgs/msg/Command.msg\n'}
[34.891374] (mg400_msgs) StdoutLine: {'line': b'-- Symlinking: /root/ros2_ws/install/mg400_msgs/share/mg400_msgs/msg/DIIndex.msg\n'}
[34.899372] (mg400_msgs) StdoutLine: {'line': b'-- Symlinking: /root/ros2_ws/install/mg400_msgs/share/mg400_msgs/msg/DOIndex.msg\n'}
[34.906871] (mg400_msgs) StdoutLine: {'line': b'-- Symlinking: /root/ros2_ws/install/mg400_msgs/share/mg400_msgs/msg/DOStatus.msg\n'}
[34.907834] (-) TimerEvent: {}
[34.914112] (mg400_msgs) StdoutLine: {'line': b'-- Symlinking: /root/ros2_ws/install/mg400_msgs/share/mg400_msgs/msg/DistanceMode.msg\n'}
[34.920698] (mg400_msgs) StdoutLine: {'line': b'-- Symlinking: /root/ros2_ws/install/mg400_msgs/share/mg400_msgs/msg/ErrorID.msg\n'}
[34.927059] (mg400_msgs) StdoutLine: {'line': b'-- Symlinking: /root/ros2_ws/install/mg400_msgs/share/mg400_msgs/msg/IDArray.msg\n'}
[34.934386] (mg400_msgs) StdoutLine: {'line': b'-- Symlinking: /root/ros2_ws/install/mg400_msgs/share/mg400_msgs/msg/JointMovJ.msg\n'}
[34.942595] (mg400_msgs) StdoutLine: {'line': b'-- Symlinking: /root/ros2_ws/install/mg400_msgs/share/mg400_msgs/msg/MovJ.msg\n'}
[34.950226] (mg400_msgs) StdoutLine: {'line': b'-- Symlinking: /root/ros2_ws/install/mg400_msgs/share/mg400_msgs/msg/MovJIO.msg\n'}
[34.957812] (mg400_msgs) StdoutLine: {'line': b'-- Symlinking: /root/ros2_ws/install/mg400_msgs/share/mg400_msgs/msg/MovL.msg\n'}
[34.965502] (mg400_msgs) StdoutLine: {'line': b'-- Symlinking: /root/ros2_ws/install/mg400_msgs/share/mg400_msgs/msg/MovLIO.msg\n'}
[34.974294] (mg400_msgs) StdoutLine: {'line': b'-- Symlinking: /root/ros2_ws/install/mg400_msgs/share/mg400_msgs/msg/MoveJog.msg\n'}
[34.981705] (mg400_msgs) StdoutLine: {'line': b'-- Symlinking: /root/ros2_ws/install/mg400_msgs/share/mg400_msgs/msg/RobotMode.msg\n'}
[34.988785] (mg400_msgs) StdoutLine: {'line': b'-- Symlinking: /root/ros2_ws/install/mg400_msgs/share/mg400_msgs/msg/Tool.msg\n'}
[34.996562] (mg400_msgs) StdoutLine: {'line': b'-- Symlinking: /root/ros2_ws/install/mg400_msgs/share/mg400_msgs/msg/ToolDIIndex.msg\n'}
[35.003708] (mg400_msgs) StdoutLine: {'line': b'-- Symlinking: /root/ros2_ws/install/mg400_msgs/share/mg400_msgs/msg/ToolDOIndex.msg\n'}
[35.007907] (-) TimerEvent: {}
[35.009968] (mg400_msgs) StdoutLine: {'line': b'-- Symlinking: /root/ros2_ws/install/mg400_msgs/share/mg400_msgs/msg/User.msg\n'}
[35.016413] (mg400_msgs) StdoutLine: {'line': b'-- Symlinking: /root/ros2_ws/install/mg400_msgs/share/mg400_msgs/srv/AccJ.srv\n'}
[35.023754] (mg400_msgs) StdoutLine: {'line': b'-- Symlinking: /root/ros2_ws/install/mg400_msgs/share/mg400_msgs/srv/AccJ_Request.msg\n'}
[35.030961] (mg400_msgs) StdoutLine: {'line': b'-- Symlinking: /root/ros2_ws/install/mg400_msgs/share/mg400_msgs/srv/AccJ_Response.msg\n'}
[35.039415] (mg400_msgs) StdoutLine: {'line': b'-- Symlinking: /root/ros2_ws/install/mg400_msgs/share/mg400_msgs/srv/AccL.srv\n'}
[35.046308] (mg400_msgs) StdoutLine: {'line': b'-- Symlinking: /root/ros2_ws/install/mg400_msgs/share/mg400_msgs/srv/AccL_Request.msg\n'}
[35.054512] (mg400_msgs) StdoutLine: {'line': b'-- Symlinking: /root/ros2_ws/install/mg400_msgs/share/mg400_msgs/srv/AccL_Response.msg\n'}
[35.062470] (mg400_msgs) StdoutLine: {'line': b'-- Symlinking: /root/ros2_ws/install/mg400_msgs/share/mg400_msgs/srv/Arch.srv\n'}
[35.070991] (mg400_msgs) StdoutLine: {'line': b'-- Symlinking: /root/ros2_ws/install/mg400_msgs/share/mg400_msgs/srv/Arch_Request.msg\n'}
[35.077976] (mg400_msgs) StdoutLine: {'line': b'-- Symlinking: /root/ros2_ws/install/mg400_msgs/share/mg400_msgs/srv/Arch_Response.msg\n'}
[35.085698] (mg400_msgs) StdoutLine: {'line': b'-- Symlinking: /root/ros2_ws/install/mg400_msgs/share/mg400_msgs/srv/CP.srv\n'}
[35.094019] (mg400_msgs) StdoutLine: {'line': b'-- Symlinking: /root/ros2_ws/install/mg400_msgs/share/mg400_msgs/srv/CP_Request.msg\n'}
[35.101887] (mg400_msgs) StdoutLine: {'line': b'-- Symlinking: /root/ros2_ws/install/mg400_msgs/share/mg400_msgs/srv/CP_Response.msg\n'}
[35.107980] (-) TimerEvent: {}
[35.110528] (mg400_msgs) StdoutLine: {'line': b'-- Symlinking: /root/ros2_ws/install/mg400_msgs/share/mg400_msgs/srv/ClearError.srv\n'}
[35.118364] (mg400_msgs) StdoutLine: {'line': b'-- Symlinking: /root/ros2_ws/install/mg400_msgs/share/mg400_msgs/srv/ClearError_Request.msg\n'}
[35.126323] (mg400_msgs) StdoutLine: {'line': b'-- Symlinking: /root/ros2_ws/install/mg400_msgs/share/mg400_msgs/srv/ClearError_Response.msg\n'}
[35.134149] (mg400_msgs) StdoutLine: {'line': b'-- Symlinking: /root/ros2_ws/install/mg400_msgs/share/mg400_msgs/srv/DI.srv\n'}
[35.141801] (mg400_msgs) StdoutLine: {'line': b'-- Symlinking: /root/ros2_ws/install/mg400_msgs/share/mg400_msgs/srv/DI_Request.msg\n'}
[35.150859] (mg400_msgs) StdoutLine: {'line': b'-- Symlinking: /root/ros2_ws/install/mg400_msgs/share/mg400_msgs/srv/DI_Response.msg\n'}
[35.158036] (mg400_msgs) StdoutLine: {'line': b'-- Symlinking: /root/ros2_ws/install/mg400_msgs/share/mg400_msgs/srv/DO.srv\n'}
[35.165688] (mg400_msgs) StdoutLine: {'line': b'-- Symlinking: /root/ros2_ws/install/mg400_msgs/share/mg400_msgs/srv/DO_Request.msg\n'}
[35.173044] (mg400_msgs) StdoutLine: {'line': b'-- Symlinking: /root/ros2_ws/install/mg400_msgs/share/mg400_msgs/srv/DO_Response.msg\n'}
[35.180898] (mg400_msgs) StdoutLine: {'line': b'-- Symlinking: /root/ros2_ws/install/mg400_msgs/share/mg400_msgs/srv/DisableRobot.srv\n'}
[35.188301] (mg400_msgs) StdoutLine: {'line': b'-- Symlinking: /root/ros2_ws/install/mg400_msgs/share/mg400_msgs/srv/DisableRobot_Request.msg\n'}
[35.196071] (mg400_msgs) StdoutLine: {'line': b'-- Symlinking: /root/ros2_ws/install/mg400_msgs/share/mg400_msgs/srv/DisableRobot_Response.msg\n'}
[35.203263] (mg400_msgs) StdoutLine: {'line': b'-- Symlinking: /root/ros2_ws/install/mg400_msgs/share/mg400_msgs/srv/EmergencyStop.srv\n'}
[35.208061] (-) TimerEvent: {}
[35.209988] (mg400_msgs) StdoutLine: {'line': b'-- Symlinking: /root/ros2_ws/install/mg400_msgs/share/mg400_msgs/srv/EmergencyStop_Request.msg\n'}
[35.218247] (mg400_msgs) StdoutLine: {'line': b'-- Symlinking: /root/ros2_ws/install/mg400_msgs/share/mg400_msgs/srv/EmergencyStop_Response.msg\n'}
[35.225800] (mg400_msgs) StdoutLine: {'line': b'-- Symlinking: /root/ros2_ws/install/mg400_msgs/share/mg400_msgs/srv/EnableRobot.srv\n'}
[35.233336] (mg400_msgs) StdoutLine: {'line': b'-- Symlinking: /root/ros2_ws/install/mg400_msgs/share/mg400_msgs/srv/EnableRobot_Request.msg\n'}
[35.241140] (mg400_msgs) StdoutLine: {'line': b'-- Symlinking: /root/ros2_ws/install/mg400_msgs/share/mg400_msgs/srv/EnableRobot_Response.msg\n'}
[35.250124] (mg400_msgs) StdoutLine: {'line': b'-- Symlinking: /root/ros2_ws/install/mg400_msgs/share/mg400_msgs/srv/GetAngle.srv\n'}
[35.260672] (mg400_msgs) StdoutLine: {'line': b'-- Symlinking: /root/ros2_ws/install/mg400_msgs/share/mg400_msgs/srv/GetAngle_Request.msg\n'}
[35.269363] (mg400_msgs) StdoutLine: {'line': b'-- Symlinking: /root/ros2_ws/install/mg400_msgs/share/mg400_msgs/srv/GetAngle_Response.msg\n'}
[35.278212] (mg400_msgs) StdoutLine: {'line': b'-- Symlinking: /root/ros2_ws/install/mg400_msgs/share/mg400_msgs/srv/GetErrorID.srv\n'}
[35.287271] (mg400_msgs) StdoutLine: {'line': b'-- Symlinking: /root/ros2_ws/install/mg400_msgs/share/mg400_msgs/srv/GetErrorID_Request.msg\n'}
[35.296308] (mg400_msgs) StdoutLine: {'line': b'-- Symlinking: /root/ros2_ws/install/mg400_msgs/share/mg400_msgs/srv/GetErrorID_Response.msg\n'}
[35.304566] (mg400_msgs) StdoutLine: {'line': b'-- Symlinking: /root/ros2_ws/install/mg400_msgs/share/mg400_msgs/srv/GetPose.srv\n'}
[35.308193] (-) TimerEvent: {}
[35.313460] (mg400_msgs) StdoutLine: {'line': b'-- Symlinking: /root/ros2_ws/install/mg400_msgs/share/mg400_msgs/srv/GetPose_Request.msg\n'}
[35.322280] (mg400_msgs) StdoutLine: {'line': b'-- Symlinking: /root/ros2_ws/install/mg400_msgs/share/mg400_msgs/srv/GetPose_Response.msg\n'}
[35.330204] (mg400_msgs) StdoutLine: {'line': b'-- Symlinking: /root/ros2_ws/install/mg400_msgs/share/mg400_msgs/srv/InverseSolution.srv\n'}
[35.337515] (mg400_msgs) StdoutLine: {'line': b'-- Symlinking: /root/ros2_ws/install/mg400_msgs/share/mg400_msgs/srv/InverseSolution_Request.msg\n'}
[35.345111] (mg400_msgs) StdoutLine: {'line': b'-- Symlinking: /root/ros2_ws/install/mg400_msgs/share/mg400_msgs/srv/InverseSolution_Response.msg\n'}
[35.353964] (mg400_msgs) StdoutLine: {'line': b'-- Symlinking: /root/ros2_ws/install/mg400_msgs/share/mg400_msgs/srv/JointMovJ.srv\n'}
[35.362443] (mg400_msgs) StdoutLine: {'line': b'-- Symlinking: /root/ros2_ws/install/mg400_msgs/share/mg400_msgs/srv/JointMovJ_Request.msg\n'}
[35.370793] (mg400_msgs) StdoutLine: {'line': b'-- Symlinking: /root/ros2_ws/install/mg400_msgs/share/mg400_msgs/srv/JointMovJ_Response.msg\n'}
[35.378481] (mg400_msgs) StdoutLine: {'line': b'-- Symlinking: /root/ros2_ws/install/mg400_msgs/share/mg400_msgs/srv/MoveJog.srv\n'}
[35.386037] (mg400_msgs) StdoutLine: {'line': b'-- Symlinking: /root/ros2_ws/install/mg400_msgs/share/mg400_msgs/srv/MoveJog_Request.msg\n'}
[35.393757] (mg400_msgs) StdoutLine: {'line': b'-- Symlinking: /root/ros2_ws/install/mg400_msgs/share/mg400_msgs/srv/MoveJog_Response.msg\n'}
[35.401934] (mg400_msgs) StdoutLine: {'line': b'-- Symlinking: /root/ros2_ws/install/mg400_msgs/share/mg400_msgs/srv/PayLoad.srv\n'}
[35.408268] (-) TimerEvent: {}
[35.409291] (mg400_msgs) StdoutLine: {'line': b'-- Symlinking: /root/ros2_ws/install/mg400_msgs/share/mg400_msgs/srv/PayLoad_Request.msg\n'}
[35.417411] (mg400_msgs) StdoutLine: {'line': b'-- Symlinking: /root/ros2_ws/install/mg400_msgs/share/mg400_msgs/srv/PayLoad_Response.msg\n'}
[35.425815] (mg400_msgs) StdoutLine: {'line': b'-- Symlinking: /root/ros2_ws/install/mg400_msgs/share/mg400_msgs/srv/PositiveSolution.srv\n'}
[35.434765] (mg400_msgs) StdoutLine: {'line': b'-- Symlinking: /root/ros2_ws/install/mg400_msgs/share/mg400_msgs/srv/PositiveSolution_Request.msg\n'}
[35.442675] (mg400_msgs) StdoutLine: {'line': b'-- Symlinking: /root/ros2_ws/install/mg400_msgs/share/mg400_msgs/srv/PositiveSolution_Response.msg\n'}
[35.452169] (mg400_msgs) StdoutLine: {'line': b'-- Symlinking: /root/ros2_ws/install/mg400_msgs/share/mg400_msgs/srv/ResetRobot.srv\n'}
[35.459969] (mg400_msgs) StdoutLine: {'line': b'-- Symlinking: /root/ros2_ws/install/mg400_msgs/share/mg400_msgs/srv/ResetRobot_Request.msg\n'}
[35.467777] (mg400_msgs) StdoutLine: {'line': b'-- Symlinking: /root/ros2_ws/install/mg400_msgs/share/mg400_msgs/srv/ResetRobot_Response.msg\n'}
[35.476402] (mg400_msgs) StdoutLine: {'line': b'-- Symlinking: /root/ros2_ws/install/mg400_msgs/share/mg400_msgs/srv/RobotMode.srv\n'}
[35.485056] (mg400_msgs) StdoutLine: {'line': b'-- Symlinking: /root/ros2_ws/install/mg400_msgs/share/mg400_msgs/srv/RobotMode_Request.msg\n'}
[35.492856] (mg400_msgs) StdoutLine: {'line': b'-- Symlinking: /root/ros2_ws/install/mg400_msgs/share/mg400_msgs/srv/RobotMode_Response.msg\n'}
[35.500940] (mg400_msgs) StdoutLine: {'line': b'-- Symlinking: /root/ros2_ws/install/mg400_msgs/share/mg400_msgs/srv/SetCollisionLevel.srv\n'}
[35.508373] (-) TimerEvent: {}
[35.509390] (mg400_msgs) StdoutLine: {'line': b'-- Symlinking: /root/ros2_ws/install/mg400_msgs/share/mg400_msgs/srv/SetCollisionLevel_Request.msg\n'}
[35.517452] (mg400_msgs) StdoutLine: {'line': b'-- Symlinking: /root/ros2_ws/install/mg400_msgs/share/mg400_msgs/srv/SetCollisionLevel_Response.msg\n'}
[35.526693] (mg400_msgs) StdoutLine: {'line': b'-- Symlinking: /root/ros2_ws/install/mg400_msgs/share/mg400_msgs/srv/SpeedFactor.srv\n'}
[35.534926] (mg400_msgs) StdoutLine: {'line': b'-- Symlinking: /root/ros2_ws/install/mg400_msgs/share/mg400_msgs/srv/SpeedFactor_Request.msg\n'}
[35.542969] (mg400_msgs) StdoutLine: {'line': b'-- Symlinking: /root/ros2_ws/install/mg400_msgs/share/mg400_msgs/srv/SpeedFactor_Response.msg\n'}
[35.551622] (mg400_msgs) StdoutLine: {'line': b'-- Symlinking: /root/ros2_ws/install/mg400_msgs/share/mg400_msgs/srv/SpeedJ.srv\n'}
[35.559182] (mg400_msgs) StdoutLine: {'line': b'-- Symlinking: /root/ros2_ws/install/mg400_msgs/share/mg400_msgs/srv/SpeedJ_Request.msg\n'}
[35.566758] (mg400_msgs) StdoutLine: {'line': b'-- Symlinking: /root/ros2_ws/install/mg400_msgs/share/mg400_msgs/srv/SpeedJ_Response.msg\n'}
[35.574151] (mg400_msgs) StdoutLine: {'line': b'-- Symlinking: /root/ros2_ws/install/mg400_msgs/share/mg400_msgs/srv/SpeedL.srv\n'}
[35.581901] (mg400_msgs) StdoutLine: {'line': b'-- Symlinking: /root/ros2_ws/install/mg400_msgs/share/mg400_msgs/srv/SpeedL_Request.msg\n'}
[35.590226] (mg400_msgs) StdoutLine: {'line': b'-- Symlinking: /root/ros2_ws/install/mg400_msgs/share/mg400_msgs/srv/SpeedL_Response.msg\n'}
[35.598203] (mg400_msgs) StdoutLine: {'line': b'-- Symlinking: /root/ros2_ws/install/mg400_msgs/share/mg400_msgs/srv/Tool.srv\n'}
[35.606398] (mg400_msgs) StdoutLine: {'line': b'-- Symlinking: /root/ros2_ws/install/mg400_msgs/share/mg400_msgs/srv/Tool_Request.msg\n'}
[35.608428] (-) TimerEvent: {}
[35.614014] (mg400_msgs) StdoutLine: {'line': b'-- Symlinking: /root/ros2_ws/install/mg400_msgs/share/mg400_msgs/srv/Tool_Response.msg\n'}
[35.621823] (mg400_msgs) StdoutLine: {'line': b'-- Symlinking: /root/ros2_ws/install/mg400_msgs/share/mg400_msgs/srv/ToolDI.srv\n'}
[35.630250] (mg400_msgs) StdoutLine: {'line': b'-- Symlinking: /root/ros2_ws/install/mg400_msgs/share/mg400_msgs/srv/ToolDI_Request.msg\n'}
[35.638694] (mg400_msgs) StdoutLine: {'line': b'-- Symlinking: /root/ros2_ws/install/mg400_msgs/share/mg400_msgs/srv/ToolDI_Response.msg\n'}
[35.647500] (mg400_msgs) StdoutLine: {'line': b'-- Symlinking: /root/ros2_ws/install/mg400_msgs/share/mg400_msgs/srv/ToolDOExecute.srv\n'}
[35.656158] (mg400_msgs) StdoutLine: {'line': b'-- Symlinking: /root/ros2_ws/install/mg400_msgs/share/mg400_msgs/srv/ToolDOExecute_Request.msg\n'}
[35.665200] (mg400_msgs) StdoutLine: {'line': b'-- Symlinking: /root/ros2_ws/install/mg400_msgs/share/mg400_msgs/srv/ToolDOExecute_Response.msg\n'}
[35.673331] (mg400_msgs) StdoutLine: {'line': b'-- Symlinking: /root/ros2_ws/install/mg400_msgs/share/mg400_msgs/srv/User.srv\n'}
[35.680995] (mg400_msgs) StdoutLine: {'line': b'-- Symlinking: /root/ros2_ws/install/mg400_msgs/share/mg400_msgs/srv/User_Request.msg\n'}
[35.689466] (mg400_msgs) StdoutLine: {'line': b'-- Symlinking: /root/ros2_ws/install/mg400_msgs/share/mg400_msgs/srv/User_Response.msg\n'}
[35.697572] (mg400_msgs) StdoutLine: {'line': b'-- Symlinking: /root/ros2_ws/install/mg400_msgs/share/mg400_msgs/action/CommandQueue.action\n'}
[35.705540] (mg400_msgs) StdoutLine: {'line': b'-- Symlinking: /root/ros2_ws/install/mg400_msgs/share/mg400_msgs/action/JointMovJ.action\n'}
[35.708529] (-) TimerEvent: {}
[35.714658] (mg400_msgs) StdoutLine: {'line': b'-- Symlinking: /root/ros2_ws/install/mg400_msgs/share/mg400_msgs/action/MovJ.action\n'}
[35.722106] (mg400_msgs) StdoutLine: {'line': b'-- Symlinking: /root/ros2_ws/install/mg400_msgs/share/mg400_msgs/action/MovJIO.action\n'}
[35.729540] (mg400_msgs) StdoutLine: {'line': b'-- Symlinking: /root/ros2_ws/install/mg400_msgs/share/mg400_msgs/action/MovL.action\n'}
[35.736923] (mg400_msgs) StdoutLine: {'line': b'-- Symlinking: /root/ros2_ws/install/mg400_msgs/share/mg400_msgs/action/MovLIO.action\n'}
[35.745056] (mg400_msgs) StdoutLine: {'line': b'-- Symlinking: /root/ros2_ws/install/mg400_msgs/share/ament_index/resource_index/package_run_dependencies/mg400_msgs\n'}
[35.753699] (mg400_msgs) StdoutLine: {'line': b'-- Symlinking: /root/ros2_ws/install/mg400_msgs/share/ament_index/resource_index/parent_prefix_path/mg400_msgs\n'}
[35.762252] (mg400_msgs) StdoutLine: {'line': b'-- Symlinking: /root/ros2_ws/install/mg400_msgs/share/mg400_msgs/environment/ament_prefix_path.sh\n'}
[35.770723] (mg400_msgs) StdoutLine: {'line': b'-- Symlinking: /root/ros2_ws/install/mg400_msgs/share/mg400_msgs/environment/ament_prefix_path.dsv\n'}
[35.778759] (mg400_msgs) StdoutLine: {'line': b'-- Symlinking: /root/ros2_ws/install/mg400_msgs/share/mg400_msgs/environment/path.sh\n'}
[35.787070] (mg400_msgs) StdoutLine: {'line': b'-- Symlinking: /root/ros2_ws/install/mg400_msgs/share/mg400_msgs/environment/path.dsv\n'}
[35.795257] (mg400_msgs) StdoutLine: {'line': b'-- Symlinking: /root/ros2_ws/install/mg400_msgs/share/mg400_msgs/local_setup.bash\n'}
[35.803257] (mg400_msgs) StdoutLine: {'line': b'-- Symlinking: /root/ros2_ws/install/mg400_msgs/share/mg400_msgs/local_setup.sh\n'}
[35.808644] (-) TimerEvent: {}
[35.811376] (mg400_msgs) StdoutLine: {'line': b'-- Symlinking: /root/ros2_ws/install/mg400_msgs/share/mg400_msgs/local_setup.zsh\n'}
[35.819439] (mg400_msgs) StdoutLine: {'line': b'-- Symlinking: /root/ros2_ws/install/mg400_msgs/share/mg400_msgs/local_setup.dsv\n'}
[35.827420] (mg400_msgs) StdoutLine: {'line': b'-- Symlinking: /root/ros2_ws/install/mg400_msgs/share/mg400_msgs/package.dsv\n'}
[35.835163] (mg400_msgs) StdoutLine: {'line': b'-- Symlinking: /root/ros2_ws/install/mg400_msgs/share/ament_index/resource_index/packages/mg400_msgs\n'}
[35.843233] (mg400_msgs) StdoutLine: {'line': b'-- Symlinking: /root/ros2_ws/install/mg400_msgs/share/mg400_msgs/cmake/rosidl_cmake-extras.cmake\n'}
[35.853007] (mg400_msgs) StdoutLine: {'line': b'-- Symlinking: /root/ros2_ws/install/mg400_msgs/share/mg400_msgs/cmake/ament_cmake_export_dependencies-extras.cmake\n'}
[35.861898] (mg400_msgs) StdoutLine: {'line': b'-- Symlinking: /root/ros2_ws/install/mg400_msgs/share/mg400_msgs/cmake/ament_cmake_export_include_directories-extras.cmake\n'}
[35.871281] (mg400_msgs) StdoutLine: {'line': b'-- Symlinking: /root/ros2_ws/install/mg400_msgs/share/mg400_msgs/cmake/ament_cmake_export_libraries-extras.cmake\n'}
[35.882133] (mg400_msgs) StdoutLine: {'line': b'-- Symlinking: /root/ros2_ws/install/mg400_msgs/share/mg400_msgs/cmake/ament_cmake_export_targets-extras.cmake\n'}
[35.891754] (mg400_msgs) StdoutLine: {'line': b'-- Symlinking: /root/ros2_ws/install/mg400_msgs/share/mg400_msgs/cmake/rosidl_cmake_export_typesupport_targets-extras.cmake\n'}
[35.901011] (mg400_msgs) StdoutLine: {'line': b'-- Symlinking: /root/ros2_ws/install/mg400_msgs/share/mg400_msgs/cmake/rosidl_cmake_export_typesupport_libraries-extras.cmake\n'}
[35.908755] (-) TimerEvent: {}
[35.911102] (mg400_msgs) StdoutLine: {'line': b'-- Symlinking: /root/ros2_ws/install/mg400_msgs/share/mg400_msgs/cmake/rosidl_cmake_aggregate_target-extras.cmake\n'}
[35.919733] (mg400_msgs) StdoutLine: {'line': b'-- Symlinking: /root/ros2_ws/install/mg400_msgs/share/mg400_msgs/cmake/mg400_msgsConfig.cmake\n'}
[35.928137] (mg400_msgs) StdoutLine: {'line': b'-- Symlinking: /root/ros2_ws/install/mg400_msgs/share/mg400_msgs/cmake/mg400_msgsConfig-version.cmake\n'}
[35.938905] (mg400_msgs) StdoutLine: {'line': b'-- Symlinking: /root/ros2_ws/install/mg400_msgs/share/mg400_msgs/package.xml\n'}
[35.950092] (mg400_msgs) StdoutLine: {'line': b'-- Installing: /root/ros2_ws/install/mg400_msgs/lib/libmg400_msgs__rosidl_generator_c.so\n'}
[35.951012] (mg400_msgs) StdoutLine: {'line': b'-- Set runtime path of "/root/ros2_ws/install/mg400_msgs/lib/libmg400_msgs__rosidl_generator_c.so" to ""\n'}
[35.951134] (mg400_msgs) StdoutLine: {'line': b'-- Installing: /root/ros2_ws/install/mg400_msgs/lib/libmg400_msgs__rosidl_typesupport_fastrtps_c.so\n'}
[35.951786] (mg400_msgs) StdoutLine: {'line': b'-- Set runtime path of "/root/ros2_ws/install/mg400_msgs/lib/libmg400_msgs__rosidl_typesupport_fastrtps_c.so" to ""\n'}
[35.951871] (mg400_msgs) StdoutLine: {'line': b'-- Installing: /root/ros2_ws/install/mg400_msgs/lib/libmg400_msgs__rosidl_typesupport_fastrtps_cpp.so\n'}
[35.952902] (mg400_msgs) StdoutLine: {'line': b'-- Set runtime path of "/root/ros2_ws/install/mg400_msgs/lib/libmg400_msgs__rosidl_typesupport_fastrtps_cpp.so" to ""\n'}
[35.952997] (mg400_msgs) StdoutLine: {'line': b'-- Installing: /root/ros2_ws/install/mg400_msgs/lib/libmg400_msgs__rosidl_typesupport_introspection_c.so\n'}
[35.953653] (mg400_msgs) StdoutLine: {'line': b'-- Set runtime path of "/root/ros2_ws/install/mg400_msgs/lib/libmg400_msgs__rosidl_typesupport_introspection_c.so" to ""\n'}
[35.953735] (mg400_msgs) StdoutLine: {'line': b'-- Installing: /root/ros2_ws/install/mg400_msgs/lib/libmg400_msgs__rosidl_typesupport_c.so\n'}
[35.954328] (mg400_msgs) StdoutLine: {'line': b'-- Set runtime path of "/root/ros2_ws/install/mg400_msgs/lib/libmg400_msgs__rosidl_typesupport_c.so" to ""\n'}
[35.954441] (mg400_msgs) StdoutLine: {'line': b'-- Installing: /root/ros2_ws/install/mg400_msgs/lib/libmg400_msgs__rosidl_typesupport_introspection_cpp.so\n'}
[35.955549] (mg400_msgs) StdoutLine: {'line': b'-- Set runtime path of "/root/ros2_ws/install/mg400_msgs/lib/libmg400_msgs__rosidl_typesupport_introspection_cpp.so" to ""\n'}
[35.955676] (mg400_msgs) StdoutLine: {'line': b'-- Installing: /root/ros2_ws/install/mg400_msgs/lib/libmg400_msgs__rosidl_typesupport_cpp.so\n'}
[35.956599] (mg400_msgs) StdoutLine: {'line': b'-- Set runtime path of "/root/ros2_ws/install/mg400_msgs/lib/libmg400_msgs__rosidl_typesupport_cpp.so" to ""\n'}
[36.008840] (-) TimerEvent: {}
[36.088552] (mg400_msgs) StdoutLine: {'line': b"Listing '/root/ros2_ws/install/mg400_msgs/local/lib/python3.10/dist-packages/mg400_msgs'...\n"}
[36.089003] (mg400_msgs) StdoutLine: {'line': b"Compiling '/root/ros2_ws/install/mg400_msgs/local/lib/python3.10/dist-packages/mg400_msgs/__init__.py'...\n"}
[36.089123] (mg400_msgs) StdoutLine: {'line': b"Listing '/root/ros2_ws/install/mg400_msgs/local/lib/python3.10/dist-packages/mg400_msgs/action'...\n"}
[36.089208] (mg400_msgs) StdoutLine: {'line': b"Compiling '/root/ros2_ws/install/mg400_msgs/local/lib/python3.10/dist-packages/mg400_msgs/action/__init__.py'...\n"}
[36.089279] (mg400_msgs) StdoutLine: {'line': b"Compiling '/root/ros2_ws/install/mg400_msgs/local/lib/python3.10/dist-packages/mg400_msgs/action/_command_queue.py'...\n"}
[36.089357] (mg400_msgs) StdoutLine: {'line': b"Compiling '/root/ros2_ws/install/mg400_msgs/local/lib/python3.10/dist-packages/mg400_msgs/action/_joint_mov_j.py'...\n"}
[36.089419] (mg400_msgs) StdoutLine: {'line': b"Compiling '/root/ros2_ws/install/mg400_msgs/local/lib/python3.10/dist-packages/mg400_msgs/action/_mov_j.py'...\n"}
[36.089474] (mg400_msgs) StdoutLine: {'line': b"Compiling '/root/ros2_ws/install/mg400_msgs/local/lib/python3.10/dist-packages/mg400_msgs/action/_mov_jio.py'...\n"}
[36.089528] (mg400_msgs) StdoutLine: {'line': b"Compiling '/root/ros2_ws/install/mg400_msgs/local/lib/python3.10/dist-packages/mg400_msgs/action/_mov_l.py'...\n"}
[36.089582] (mg400_msgs) StdoutLine: {'line': b"Compiling '/root/ros2_ws/install/mg400_msgs/local/lib/python3.10/dist-packages/mg400_msgs/action/_mov_lio.py'...\n"}
[36.089643] (mg400_msgs) StdoutLine: {'line': b"Listing '/root/ros2_ws/install/mg400_msgs/local/lib/python3.10/dist-packages/mg400_msgs/msg'...\n"}
[36.089706] (mg400_msgs) StdoutLine: {'line': b"Compiling '/root/ros2_ws/install/mg400_msgs/local/lib/python3.10/dist-packages/mg400_msgs/msg/__init__.py'...\n"}
[36.089760] (mg400_msgs) StdoutLine: {'line': b"Compiling '/root/ros2_ws/install/mg400_msgs/local/lib/python3.10/dist-packages/mg400_msgs/msg/_arch.py'...\n"}
[36.089813] (mg400_msgs) StdoutLine: {'line': b"Compiling '/root/ros2_ws/install/mg400_msgs/local/lib/python3.10/dist-packages/mg400_msgs/msg/_collision_level.py'...\n"}
[36.089864] (mg400_msgs) StdoutLine: {'line': b"Compiling '/root/ros2_ws/install/mg400_msgs/local/lib/python3.10/dist-packages/mg400_msgs/msg/_command.py'...\n"}
[36.089930] (mg400_msgs) StdoutLine: {'line': b"Compiling '/root/ros2_ws/install/mg400_msgs/local/lib/python3.10/dist-packages/mg400_msgs/msg/_di_index.py'...\n"}
[36.089981] (mg400_msgs) StdoutLine: {'line': b"Compiling '/root/ros2_ws/install/mg400_msgs/local/lib/python3.10/dist-packages/mg400_msgs/msg/_distance_mode.py'...\n"}
[36.090032] (mg400_msgs) StdoutLine: {'line': b"Compiling '/root/ros2_ws/install/mg400_msgs/local/lib/python3.10/dist-packages/mg400_msgs/msg/_do_index.py'...\n"}
[36.090083] (mg400_msgs) StdoutLine: {'line': b"Compiling '/root/ros2_ws/install/mg400_msgs/local/lib/python3.10/dist-packages/mg400_msgs/msg/_do_status.py'...\n"}
[36.090140] (mg400_msgs) StdoutLine: {'line': b"Compiling '/root/ros2_ws/install/mg400_msgs/local/lib/python3.10/dist-packages/mg400_msgs/msg/_error_id.py'...\n"}
[36.090191] (mg400_msgs) StdoutLine: {'line': b"Compiling '/root/ros2_ws/install/mg400_msgs/local/lib/python3.10/dist-packages/mg400_msgs/msg/_id_array.py'...\n"}
[36.090241] (mg400_msgs) StdoutLine: {'line': b"Compiling '/root/ros2_ws/install/mg400_msgs/local/lib/python3.10/dist-packages/mg400_msgs/msg/_joint_mov_j.py'...\n"}
[36.090301] (mg400_msgs) StdoutLine: {'line': b"Compiling '/root/ros2_ws/install/mg400_msgs/local/lib/python3.10/dist-packages/mg400_msgs/msg/_mov_j.py'...\n"}
[36.090352] (mg400_msgs) StdoutLine: {'line': b"Compiling '/root/ros2_ws/install/mg400_msgs/local/lib/python3.10/dist-packages/mg400_msgs/msg/_mov_jio.py'...\n"}
[36.090401] (mg400_msgs) StdoutLine: {'line': b"Compiling '/root/ros2_ws/install/mg400_msgs/local/lib/python3.10/dist-packages/mg400_msgs/msg/_mov_l.py'...\n"}
[36.090451] (mg400_msgs) StdoutLine: {'line': b"Compiling '/root/ros2_ws/install/mg400_msgs/local/lib/python3.10/dist-packages/mg400_msgs/msg/_mov_lio.py'...\n"}
[36.090501] (mg400_msgs) StdoutLine: {'line': b"Compiling '/root/ros2_ws/install/mg400_msgs/local/lib/python3.10/dist-packages/mg400_msgs/msg/_move_jog.py'...\n"}
[36.090552] (mg400_msgs) StdoutLine: {'line': b"Compiling '/root/ros2_ws/install/mg400_msgs/local/lib/python3.10/dist-packages/mg400_msgs/msg/_robot_mode.py'...\n"}
[36.090600] (mg400_msgs) StdoutLine: {'line': b"Compiling '/root/ros2_ws/install/mg400_msgs/local/lib/python3.10/dist-packages/mg400_msgs/msg/_tool.py'...\n"}
[36.090667] (mg400_msgs) StdoutLine: {'line': b"Compiling '/root/ros2_ws/install/mg400_msgs/local/lib/python3.10/dist-packages/mg400_msgs/msg/_tool_di_index.py'...\n"}
[36.090726] (mg400_msgs) StdoutLine: {'line': b"Compiling '/root/ros2_ws/install/mg400_msgs/local/lib/python3.10/dist-packages/mg400_msgs/msg/_tool_do_index.py'...\n"}
[36.090779] (mg400_msgs) StdoutLine: {'line': b"Compiling '/root/ros2_ws/install/mg400_msgs/local/lib/python3.10/dist-packages/mg400_msgs/msg/_user.py'...\n"}
[36.090832] (mg400_msgs) StdoutLine: {'line': b"Listing '/root/ros2_ws/install/mg400_msgs/local/lib/python3.10/dist-packages/mg400_msgs/srv'...\n"}
[36.090881] (mg400_msgs) StdoutLine: {'line': b"Compiling '/root/ros2_ws/install/mg400_msgs/local/lib/python3.10/dist-packages/mg400_msgs/srv/__init__.py'...\n"}
[36.090932] (mg400_msgs) StdoutLine: {'line': b"Compiling '/root/ros2_ws/install/mg400_msgs/local/lib/python3.10/dist-packages/mg400_msgs/srv/_acc_j.py'...\n"}
[36.090982] (mg400_msgs) StdoutLine: {'line': b"Compiling '/root/ros2_ws/install/mg400_msgs/local/lib/python3.10/dist-packages/mg400_msgs/srv/_acc_l.py'...\n"}
[36.091038] (mg400_msgs) StdoutLine: {'line': b"Compiling '/root/ros2_ws/install/mg400_msgs/local/lib/python3.10/dist-packages/mg400_msgs/srv/_arch.py'...\n"}
[36.091093] (mg400_msgs) StdoutLine: {'line': b"Compiling '/root/ros2_ws/install/mg400_msgs/local/lib/python3.10/dist-packages/mg400_msgs/srv/_clear_error.py'...\n"}
[36.091148] (mg400_msgs) StdoutLine: {'line': b"Compiling '/root/ros2_ws/install/mg400_msgs/local/lib/python3.10/dist-packages/mg400_msgs/srv/_cp.py'...\n"}
[36.091201] (mg400_msgs) StdoutLine: {'line': b"Compiling '/root/ros2_ws/install/mg400_msgs/local/lib/python3.10/dist-packages/mg400_msgs/srv/_di.py'...\n"}
[36.091256] (mg400_msgs) StdoutLine: {'line': b"Compiling '/root/ros2_ws/install/mg400_msgs/local/lib/python3.10/dist-packages/mg400_msgs/srv/_disable_robot.py'...\n"}
[36.091318] (mg400_msgs) StdoutLine: {'line': b"Compiling '/root/ros2_ws/install/mg400_msgs/local/lib/python3.10/dist-packages/mg400_msgs/srv/_do.py'...\n"}
[36.091373] (mg400_msgs) StdoutLine: {'line': b"Compiling '/root/ros2_ws/install/mg400_msgs/local/lib/python3.10/dist-packages/mg400_msgs/srv/_emergency_stop.py'...\n"}
[36.091428] (mg400_msgs) StdoutLine: {'line': b"Compiling '/root/ros2_ws/install/mg400_msgs/local/lib/python3.10/dist-packages/mg400_msgs/srv/_enable_robot.py'...\n"}
[36.091483] (mg400_msgs) StdoutLine: {'line': b"Compiling '/root/ros2_ws/install/mg400_msgs/local/lib/python3.10/dist-packages/mg400_msgs/srv/_get_angle.py'...\n"}
[36.091537] (mg400_msgs) StdoutLine: {'line': b"Compiling '/root/ros2_ws/install/mg400_msgs/local/lib/python3.10/dist-packages/mg400_msgs/srv/_get_error_id.py'...\n"}
[36.091589] (mg400_msgs) StdoutLine: {'line': b"Compiling '/root/ros2_ws/install/mg400_msgs/local/lib/python3.10/dist-packages/mg400_msgs/srv/_get_pose.py'...\n"}
[36.091652] (mg400_msgs) StdoutLine: {'line': b"Compiling '/root/ros2_ws/install/mg400_msgs/local/lib/python3.10/dist-packages/mg400_msgs/srv/_inverse_solution.py'...\n"}
[36.091712] (mg400_msgs) StdoutLine: {'line': b"Compiling '/root/ros2_ws/install/mg400_msgs/local/lib/python3.10/dist-packages/mg400_msgs/srv/_joint_mov_j.py'...\n"}
[36.091764] (mg400_msgs) StdoutLine: {'line': b"Compiling '/root/ros2_ws/install/mg400_msgs/local/lib/python3.10/dist-packages/mg400_msgs/srv/_move_jog.py'...\n"}
[36.091819] (mg400_msgs) StdoutLine: {'line': b"Compiling '/root/ros2_ws/install/mg400_msgs/local/lib/python3.10/dist-packages/mg400_msgs/srv/_pay_load.py'...\n"}
[36.091875] (mg400_msgs) StdoutLine: {'line': b"Compiling '/root/ros2_ws/install/mg400_msgs/local/lib/python3.10/dist-packages/mg400_msgs/srv/_positive_solution.py'...\n"}
[36.091929] (mg400_msgs) StdoutLine: {'line': b"Compiling '/root/ros2_ws/install/mg400_msgs/local/lib/python3.10/dist-packages/mg400_msgs/srv/_reset_robot.py'...\n"}
[36.091990] (mg400_msgs) StdoutLine: {'line': b"Compiling '/root/ros2_ws/install/mg400_msgs/local/lib/python3.10/dist-packages/mg400_msgs/srv/_robot_mode.py'...\n"}
[36.092043] (mg400_msgs) StdoutLine: {'line': b"Compiling '/root/ros2_ws/install/mg400_msgs/local/lib/python3.10/dist-packages/mg400_msgs/srv/_set_collision_level.py'...\n"}
[36.092097] (mg400_msgs) StdoutLine: {'line': b"Compiling '/root/ros2_ws/install/mg400_msgs/local/lib/python3.10/dist-packages/mg400_msgs/srv/_speed_factor.py'...\n"}
[36.092153] (mg400_msgs) StdoutLine: {'line': b"Compiling '/root/ros2_ws/install/mg400_msgs/local/lib/python3.10/dist-packages/mg400_msgs/srv/_speed_j.py'...\n"}
[36.092207] (mg400_msgs) StdoutLine: {'line': b"Compiling '/root/ros2_ws/install/mg400_msgs/local/lib/python3.10/dist-packages/mg400_msgs/srv/_speed_l.py'...\n"}
[36.092264] (mg400_msgs) StdoutLine: {'line': b"Compiling '/root/ros2_ws/install/mg400_msgs/local/lib/python3.10/dist-packages/mg400_msgs/srv/_tool.py'...\n"}
[36.092337] (mg400_msgs) StdoutLine: {'line': b"Compiling '/root/ros2_ws/install/mg400_msgs/local/lib/python3.10/dist-packages/mg400_msgs/srv/_tool_di.py'...\n"}
[36.092388] (mg400_msgs) StdoutLine: {'line': b"Compiling '/root/ros2_ws/install/mg400_msgs/local/lib/python3.10/dist-packages/mg400_msgs/srv/_tool_do_execute.py'...\n"}
[36.092441] (mg400_msgs) StdoutLine: {'line': b"Compiling '/root/ros2_ws/install/mg400_msgs/local/lib/python3.10/dist-packages/mg400_msgs/srv/_user.py'...\n"}
[36.095600] (mg400_msgs) StdoutLine: {'line': b'-- Installing: /root/ros2_ws/install/mg400_msgs/lib/libmg400_msgs__rosidl_generator_py.so\n'}
[36.096725] (mg400_msgs) StdoutLine: {'line': b'-- Set runtime path of "/root/ros2_ws/install/mg400_msgs/lib/libmg400_msgs__rosidl_generator_py.so" to ""\n'}
[36.096875] (mg400_msgs) StdoutLine: {'line': b'-- Installing: /root/ros2_ws/install/mg400_msgs/share/mg400_msgs/cmake/export_mg400_msgs__rosidl_generator_cExport.cmake\n'}
[36.097080] (mg400_msgs) StdoutLine: {'line': b'-- Installing: /root/ros2_ws/install/mg400_msgs/share/mg400_msgs/cmake/export_mg400_msgs__rosidl_generator_cExport-noconfig.cmake\n'}
[36.097342] (mg400_msgs) StdoutLine: {'line': b'-- Installing: /root/ros2_ws/install/mg400_msgs/share/mg400_msgs/cmake/export_mg400_msgs__rosidl_typesupport_fastrtps_cExport.cmake\n'}
[36.097592] (mg400_msgs) StdoutLine: {'line': b'-- Installing: /root/ros2_ws/install/mg400_msgs/share/mg400_msgs/cmake/export_mg400_msgs__rosidl_typesupport_fastrtps_cExport-noconfig.cmake\n'}
[36.097859] (mg400_msgs) StdoutLine: {'line': b'-- Installing: /root/ros2_ws/install/mg400_msgs/share/mg400_msgs/cmake/export_mg400_msgs__rosidl_generator_cppExport.cmake\n'}
[36.098097] (mg400_msgs) StdoutLine: {'line': b'-- Installing: /root/ros2_ws/install/mg400_msgs/share/mg400_msgs/cmake/export_mg400_msgs__rosidl_typesupport_fastrtps_cppExport.cmake\n'}
[36.098363] (mg400_msgs) StdoutLine: {'line': b'-- Installing: /root/ros2_ws/install/mg400_msgs/share/mg400_msgs/cmake/export_mg400_msgs__rosidl_typesupport_fastrtps_cppExport-noconfig.cmake\n'}
[36.098590] (mg400_msgs) StdoutLine: {'line': b'-- Installing: /root/ros2_ws/install/mg400_msgs/share/mg400_msgs/cmake/mg400_msgs__rosidl_typesupport_introspection_cExport.cmake\n'}
[36.098849] (mg400_msgs) StdoutLine: {'line': b'-- Installing: /root/ros2_ws/install/mg400_msgs/share/mg400_msgs/cmake/mg400_msgs__rosidl_typesupport_introspection_cExport-noconfig.cmake\n'}
[36.099080] (mg400_msgs) StdoutLine: {'line': b'-- Installing: /root/ros2_ws/install/mg400_msgs/share/mg400_msgs/cmake/mg400_msgs__rosidl_typesupport_cExport.cmake\n'}
[36.099311] (mg400_msgs) StdoutLine: {'line': b'-- Installing: /root/ros2_ws/install/mg400_msgs/share/mg400_msgs/cmake/mg400_msgs__rosidl_typesupport_cExport-noconfig.cmake\n'}
[36.099568] (mg400_msgs) StdoutLine: {'line': b'-- Installing: /root/ros2_ws/install/mg400_msgs/share/mg400_msgs/cmake/mg400_msgs__rosidl_typesupport_introspection_cppExport.cmake\n'}
[36.099828] (mg400_msgs) StdoutLine: {'line': b'-- Installing: /root/ros2_ws/install/mg400_msgs/share/mg400_msgs/cmake/mg400_msgs__rosidl_typesupport_introspection_cppExport-noconfig.cmake\n'}
[36.100078] (mg400_msgs) StdoutLine: {'line': b'-- Installing: /root/ros2_ws/install/mg400_msgs/share/mg400_msgs/cmake/mg400_msgs__rosidl_typesupport_cppExport.cmake\n'}
[36.100249] (mg400_msgs) StdoutLine: {'line': b'-- Installing: /root/ros2_ws/install/mg400_msgs/share/mg400_msgs/cmake/mg400_msgs__rosidl_typesupport_cppExport-noconfig.cmake\n'}
[36.100437] (mg400_msgs) StdoutLine: {'line': b'-- Installing: /root/ros2_ws/install/mg400_msgs/share/mg400_msgs/cmake/export_mg400_msgs__rosidl_generator_pyExport.cmake\n'}
[36.100634] (mg400_msgs) StdoutLine: {'line': b'-- Installing: /root/ros2_ws/install/mg400_msgs/share/mg400_msgs/cmake/export_mg400_msgs__rosidl_generator_pyExport-noconfig.cmake\n'}
[36.103574] (mg400_msgs) CommandEnded: {'returncode': 0}
[36.109014] (-) TimerEvent: {}
[36.129278] (mg400_msgs) JobEnded: {'identifier': 'mg400_msgs', 'rc': 0}
[36.130101] (mg400_interface) JobStarted: {'identifier': 'mg400_interface'}
[36.133696] (mg400_tools) JobStarted: {'identifier': 'mg400_tools'}
[36.141897] (mg400_interface) JobProgress: {'identifier': 'mg400_interface', 'progress': 'cmake'}
[36.142583] (mg400_interface) Command: {'cmd': ['/usr/bin/cmake', '/root/ros2_ws/src/MG400_ROS2/mg400_interface', '-DAMENT_CMAKE_SYMLINK_INSTALL=1', '-DCMAKE_INSTALL_PREFIX=/root/ros2_ws/install/mg400_interface'], 'cwd': '/root/ros2_ws/build/mg400_interface', 'env': OrderedDict([('HOSTNAME', 'zzz-2404'), ('SHLVL', '1'), ('LD_LIBRARY_PATH', '/root/ros2_ws/install/mg400_msgs/lib:/root/ros2_ws/install/mg400_common/lib:/opt/ros/humble/opt/rviz_ogre_vendor/lib:/opt/ros/humble/lib/x86_64-linux-gnu:/opt/ros/humble/lib'), ('HOME', '/root'), ('OLDPWD', '/root/ros2_ws'), ('ROS_PYTHON_VERSION', '3'), ('ROS_DISTRO', 'humble'), ('_', '/usr/bin/colcon'), ('ROS_VERSION', '2'), ('TERM', 'xterm'), ('ROS_LOCALHOST_ONLY', '0'), ('PATH', '/opt/ros/humble/bin:/usr/local/sbin:/usr/local/bin:/usr/sbin:/usr/bin:/sbin:/bin'), ('LANG', 'C.UTF-8'), ('LS_COLORS', 'rs=0:di=01;34:ln=01;36:mh=00:pi=40;33:so=01;35:do=01;35:bd=40;33;01:cd=40;33;01:or=40;31;01:mi=00:su=37;41:sg=30;43:ca=30;41:tw=30;42:ow=34;42:st=37;44:ex=01;32:*.tar=01;31:*.tgz=01;31:*.arc=01;31:*.arj=01;31:*.taz=01;31:*.lha=01;31:*.lz4=01;31:*.lzh=01;31:*.lzma=01;31:*.tlz=01;31:*.txz=01;31:*.tzo=01;31:*.t7z=01;31:*.zip=01;31:*.z=01;31:*.dz=01;31:*.gz=01;31:*.lrz=01;31:*.lz=01;31:*.lzo=01;31:*.xz=01;31:*.zst=01;31:*.tzst=01;31:*.bz2=01;31:*.bz=01;31:*.tbz=01;31:*.tbz2=01;31:*.tz=01;31:*.deb=01;31:*.rpm=01;31:*.jar=01;31:*.war=01;31:*.ear=01;31:*.sar=01;31:*.rar=01;31:*.alz=01;31:*.ace=01;31:*.zoo=01;31:*.cpio=01;31:*.7z=01;31:*.rz=01;31:*.cab=01;31:*.wim=01;31:*.swm=01;31:*.dwm=01;31:*.esd=01;31:*.jpg=01;35:*.jpeg=01;35:*.mjpg=01;35:*.mjpeg=01;35:*.gif=01;35:*.bmp=01;35:*.pbm=01;35:*.pgm=01;35:*.ppm=01;35:*.tga=01;35:*.xbm=01;35:*.xpm=01;35:*.tif=01;35:*.tiff=01;35:*.png=01;35:*.svg=01;35:*.svgz=01;35:*.mng=01;35:*.pcx=01;35:*.mov=01;35:*.mpg=01;35:*.mpeg=01;35:*.m2v=01;35:*.mkv=01;35:*.webm=01;35:*.webp=01;35:*.ogm=01;35:*.mp4=01;35:*.m4v=01;35:*.mp4v=01;35:*.vob=01;35:*.qt=01;35:*.nuv=01;35:*.wmv=01;35:*.asf=01;35:*.rm=01;35:*.rmvb=01;35:*.flc=01;35:*.avi=01;35:*.fli=01;35:*.flv=01;35:*.gl=01;35:*.dl=01;35:*.xcf=01;35:*.xwd=01;35:*.yuv=01;35:*.cgm=01;35:*.emf=01;35:*.ogv=01;35:*.ogx=01;35:*.aac=00;36:*.au=00;36:*.flac=00;36:*.m4a=00;36:*.mid=00;36:*.midi=00;36:*.mka=00;36:*.mp3=00;36:*.mpc=00;36:*.ogg=00;36:*.ra=00;36:*.wav=00;36:*.oga=00;36:*.opus=00;36:*.spx=00;36:*.xspf=00;36:'), ('AMENT_PREFIX_PATH', '/root/ros2_ws/install/mg400_msgs:/root/ros2_ws/install/mg400_common:/opt/ros/humble'), ('PWD', '/root/ros2_ws/build/mg400_interface'), ('LC_ALL', 'C.UTF-8'), ('PYTHONPATH', '/root/ros2_ws/install/mg400_msgs/local/lib/python3.10/dist-packages:/opt/ros/humble/lib/python3.10/site-packages:/opt/ros/humble/local/lib/python3.10/dist-packages'), ('COLCON', '1'), ('CMAKE_PREFIX_PATH', '/root/ros2_ws/install/mg400_msgs:/root/ros2_ws/install/mg400_common:/opt/ros/humble')]), 'shell': False}
[36.144960] (mg400_tools) JobProgress: {'identifier': 'mg400_tools', 'progress': 'cmake'}
[36.145428] (mg400_tools) Command: {'cmd': ['/usr/bin/cmake', '/root/ros2_ws/src/MG400_ROS2/mg400_tools', '-DAMENT_CMAKE_SYMLINK_INSTALL=1', '-DCMAKE_INSTALL_PREFIX=/root/ros2_ws/install/mg400_tools'], 'cwd': '/root/ros2_ws/build/mg400_tools', 'env': OrderedDict([('HOSTNAME', 'zzz-2404'), ('SHLVL', '1'), ('LD_LIBRARY_PATH', '/root/ros2_ws/install/mg400_msgs/lib:/root/ros2_ws/install/mg400_common/lib:/opt/ros/humble/opt/rviz_ogre_vendor/lib:/opt/ros/humble/lib/x86_64-linux-gnu:/opt/ros/humble/lib'), ('HOME', '/root'), ('OLDPWD', '/root/ros2_ws'), ('ROS_PYTHON_VERSION', '3'), ('ROS_DISTRO', 'humble'), ('_', '/usr/bin/colcon'), ('ROS_VERSION', '2'), ('TERM', 'xterm'), ('ROS_LOCALHOST_ONLY', '0'), ('PATH', '/opt/ros/humble/bin:/usr/local/sbin:/usr/local/bin:/usr/sbin:/usr/bin:/sbin:/bin'), ('LANG', 'C.UTF-8'), ('LS_COLORS', 'rs=0:di=01;34:ln=01;36:mh=00:pi=40;33:so=01;35:do=01;35:bd=40;33;01:cd=40;33;01:or=40;31;01:mi=00:su=37;41:sg=30;43:ca=30;41:tw=30;42:ow=34;42:st=37;44:ex=01;32:*.tar=01;31:*.tgz=01;31:*.arc=01;31:*.arj=01;31:*.taz=01;31:*.lha=01;31:*.lz4=01;31:*.lzh=01;31:*.lzma=01;31:*.tlz=01;31:*.txz=01;31:*.tzo=01;31:*.t7z=01;31:*.zip=01;31:*.z=01;31:*.dz=01;31:*.gz=01;31:*.lrz=01;31:*.lz=01;31:*.lzo=01;31:*.xz=01;31:*.zst=01;31:*.tzst=01;31:*.bz2=01;31:*.bz=01;31:*.tbz=01;31:*.tbz2=01;31:*.tz=01;31:*.deb=01;31:*.rpm=01;31:*.jar=01;31:*.war=01;31:*.ear=01;31:*.sar=01;31:*.rar=01;31:*.alz=01;31:*.ace=01;31:*.zoo=01;31:*.cpio=01;31:*.7z=01;31:*.rz=01;31:*.cab=01;31:*.wim=01;31:*.swm=01;31:*.dwm=01;31:*.esd=01;31:*.jpg=01;35:*.jpeg=01;35:*.mjpg=01;35:*.mjpeg=01;35:*.gif=01;35:*.bmp=01;35:*.pbm=01;35:*.pgm=01;35:*.ppm=01;35:*.tga=01;35:*.xbm=01;35:*.xpm=01;35:*.tif=01;35:*.tiff=01;35:*.png=01;35:*.svg=01;35:*.svgz=01;35:*.mng=01;35:*.pcx=01;35:*.mov=01;35:*.mpg=01;35:*.mpeg=01;35:*.m2v=01;35:*.mkv=01;35:*.webm=01;35:*.webp=01;35:*.ogm=01;35:*.mp4=01;35:*.m4v=01;35:*.mp4v=01;35:*.vob=01;35:*.qt=01;35:*.nuv=01;35:*.wmv=01;35:*.asf=01;35:*.rm=01;35:*.rmvb=01;35:*.flc=01;35:*.avi=01;35:*.fli=01;35:*.flv=01;35:*.gl=01;35:*.dl=01;35:*.xcf=01;35:*.xwd=01;35:*.yuv=01;35:*.cgm=01;35:*.emf=01;35:*.ogv=01;35:*.ogx=01;35:*.aac=00;36:*.au=00;36:*.flac=00;36:*.m4a=00;36:*.mid=00;36:*.midi=00;36:*.mka=00;36:*.mp3=00;36:*.mpc=00;36:*.ogg=00;36:*.ra=00;36:*.wav=00;36:*.oga=00;36:*.opus=00;36:*.spx=00;36:*.xspf=00;36:'), ('AMENT_PREFIX_PATH', '/root/ros2_ws/install/mg400_msgs:/root/ros2_ws/install/mg400_common:/opt/ros/humble'), ('PWD', '/root/ros2_ws/build/mg400_tools'), ('LC_ALL', 'C.UTF-8'), ('PYTHONPATH', '/root/ros2_ws/install/mg400_msgs/local/lib/python3.10/dist-packages:/opt/ros/humble/lib/python3.10/site-packages:/opt/ros/humble/local/lib/python3.10/dist-packages'), ('COLCON', '1'), ('CMAKE_PREFIX_PATH', '/root/ros2_ws/install/mg400_msgs:/root/ros2_ws/install/mg400_common:/opt/ros/humble')]), 'shell': False}
[36.199766] (mg400_interface) StdoutLine: {'line': b'-- The C compiler identification is GNU 11.4.0\n'}
[36.200109] (mg400_tools) StdoutLine: {'line': b'-- The C compiler identification is GNU 11.4.0\n'}
[36.209135] (-) TimerEvent: {}
[36.258514] (mg400_interface) StdoutLine: {'line': b'-- The CXX compiler identification is GNU 11.4.0\n'}
[36.259369] (mg400_tools) StdoutLine: {'line': b'-- The CXX compiler identification is GNU 11.4.0\n'}
[36.266268] (mg400_tools) StdoutLine: {'line': b'-- Detecting C compiler ABI info\n'}
[36.266740] (mg400_interface) StdoutLine: {'line': b'-- Detecting C compiler ABI info\n'}
[36.309225] (-) TimerEvent: {}
[36.334216] (mg400_tools) StdoutLine: {'line': b'-- Detecting C compiler ABI info - done\n'}
[36.334532] (mg400_interface) StdoutLine: {'line': b'-- Detecting C compiler ABI info - done\n'}
[36.340189] (mg400_interface) StdoutLine: {'line': b'-- Check for working C compiler: /usr/bin/cc - skipped\n'}
[36.340485] (mg400_tools) StdoutLine: {'line': b'-- Check for working C compiler: /usr/bin/cc - skipped\n'}
[36.340657] (mg400_tools) StdoutLine: {'line': b'-- Detecting C compile features\n'}
[36.340802] (mg400_interface) StdoutLine: {'line': b'-- Detecting C compile features\n'}
[36.340915] (mg400_tools) StdoutLine: {'line': b'-- Detecting C compile features - done\n'}
[36.341005] (mg400_interface) StdoutLine: {'line': b'-- Detecting C compile features - done\n'}
[36.343530] (mg400_tools) StdoutLine: {'line': b'-- Detecting CXX compiler ABI info\n'}
[36.343788] (mg400_interface) StdoutLine: {'line': b'-- Detecting CXX compiler ABI info\n'}
[36.409351] (-) TimerEvent: {}
[36.420173] (mg400_tools) StdoutLine: {'line': b'-- Detecting CXX compiler ABI info - done\n'}
[36.420483] (mg400_interface) StdoutLine: {'line': b'-- Detecting CXX compiler ABI info - done\n'}
[36.425512] (mg400_tools) StdoutLine: {'line': b'-- Check for working CXX compiler: /usr/bin/c++ - skipped\n'}
[36.425754] (mg400_tools) StdoutLine: {'line': b'-- Detecting CXX compile features\n'}
[36.426054] (mg400_tools) StdoutLine: {'line': b'-- Detecting CXX compile features - done\n'}
[36.427152] (mg400_interface) StdoutLine: {'line': b'-- Check for working CXX compiler: /usr/bin/c++ - skipped\n'}
[36.427359] (mg400_interface) StdoutLine: {'line': b'-- Detecting CXX compile features\n'}
[36.427707] (mg400_interface) StdoutLine: {'line': b'-- Detecting CXX compile features - done\n'}
[36.428355] (mg400_tools) StdoutLine: {'line': b'-- Found ament_cmake_auto: 1.3.14 (/opt/ros/humble/share/ament_cmake_auto/cmake)\n'}
[36.429990] (mg400_interface) StdoutLine: {'line': b'-- Found ament_cmake_auto: 1.3.14 (/opt/ros/humble/share/ament_cmake_auto/cmake)\n'}
[36.509486] (-) TimerEvent: {}
[36.571492] (mg400_interface) StdoutLine: {'line': b'-- Found Python3: /usr/bin/python3 (found version "3.10.12") found components: Interpreter \n'}
[36.572519] (mg400_tools) StdoutLine: {'line': b'-- Found Python3: /usr/bin/python3 (found version "3.10.12") found components: Interpreter \n'}
[36.609571] (-) TimerEvent: {}
[36.627018] (mg400_tools) StdoutLine: {'line': b'-- Override CMake install command with custom implementation using symlinks instead of copying resources\n'}
[36.633828] (mg400_interface) StdoutLine: {'line': b'-- Override CMake install command with custom implementation using symlinks instead of copying resources\n'}
[36.709694] (-) TimerEvent: {}
[36.757008] (mg400_tools) StdoutLine: {'line': b'-- Found rosidl_generator_c: 3.1.9 (/opt/ros/humble/share/rosidl_generator_c/cmake)\n'}
[36.762174] (mg400_tools) StdoutLine: {'line': b'-- Found rosidl_adapter: 3.1.9 (/opt/ros/humble/share/rosidl_adapter/cmake)\n'}
[36.770177] (mg400_tools) StdoutLine: {'line': b'-- Found rosidl_generator_cpp: 3.1.9 (/opt/ros/humble/share/rosidl_generator_cpp/cmake)\n'}
[36.780733] (mg400_interface) StdoutLine: {'line': b'-- Found rosidl_generator_c: 3.1.9 (/opt/ros/humble/share/rosidl_generator_c/cmake)\n'}
[36.781125] (mg400_tools) StdoutLine: {'line': b'-- Using all available rosidl_typesupport_c: rosidl_typesupport_fastrtps_c;rosidl_typesupport_introspection_c\n'}
[36.785796] (mg400_interface) StdoutLine: {'line': b'-- Found rosidl_adapter: 3.1.9 (/opt/ros/humble/share/rosidl_adapter/cmake)\n'}
[36.793880] (mg400_interface) StdoutLine: {'line': b'-- Found rosidl_generator_cpp: 3.1.9 (/opt/ros/humble/share/rosidl_generator_cpp/cmake)\n'}
[36.795790] (mg400_tools) StdoutLine: {'line': b'-- Using all available rosidl_typesupport_cpp: rosidl_typesupport_fastrtps_cpp;rosidl_typesupport_introspection_cpp\n'}
[36.804601] (mg400_interface) StdoutLine: {'line': b'-- Using all available rosidl_typesupport_c: rosidl_typesupport_fastrtps_c;rosidl_typesupport_introspection_c\n'}
[36.809775] (-) TimerEvent: {}
[36.819497] (mg400_interface) StdoutLine: {'line': b'-- Using all available rosidl_typesupport_cpp: rosidl_typesupport_fastrtps_cpp;rosidl_typesupport_introspection_cpp\n'}
[36.909886] (-) TimerEvent: {}
[36.911346] (mg400_tools) StdoutLine: {'line': b'-- Found rmw_implementation_cmake: 6.1.3 (/opt/ros/humble/share/rmw_implementation_cmake/cmake)\n'}
[36.913873] (mg400_tools) StdoutLine: {'line': b'-- Found rmw_fastrtps_cpp: 6.2.10 (/opt/ros/humble/share/rmw_fastrtps_cpp/cmake)\n'}
[36.941562] (mg400_interface) StdoutLine: {'line': b'-- Found rmw_implementation_cmake: 6.1.3 (/opt/ros/humble/share/rmw_implementation_cmake/cmake)\n'}
[36.944535] (mg400_interface) StdoutLine: {'line': b'-- Found rmw_fastrtps_cpp: 6.2.10 (/opt/ros/humble/share/rmw_fastrtps_cpp/cmake)\n'}
[37.008181] (mg400_tools) StdoutLine: {'line': b'-- Found OpenSSL: /usr/lib/x86_64-linux-gnu/libcrypto.so (found version "3.0.2")  \n'}
[37.009972] (-) TimerEvent: {}
[37.034705] (mg400_interface) StdoutLine: {'line': b'-- Found OpenSSL: /usr/lib/x86_64-linux-gnu/libcrypto.so (found version "3.0.2")  \n'}
[37.035416] (mg400_tools) StdoutLine: {'line': b'-- Found FastRTPS: /opt/ros/humble/include  \n'}
[37.062962] (mg400_interface) StdoutLine: {'line': b'-- Found FastRTPS: /opt/ros/humble/include  \n'}
[37.079374] (mg400_tools) StdoutLine: {'line': b"-- Using RMW implementation 'rmw_fastrtps_cpp' as default\n"}
[37.088112] (mg400_tools) StdoutLine: {'line': b'-- Looking for pthread.h\n'}
[37.109419] (mg400_interface) StdoutLine: {'line': b"-- Using RMW implementation 'rmw_fastrtps_cpp' as default\n"}
[37.110028] (-) TimerEvent: {}
[37.119965] (mg400_interface) StdoutLine: {'line': b'-- Looking for pthread.h\n'}
[37.160366] (mg400_tools) StdoutLine: {'line': b'-- Looking for pthread.h - found\n'}
[37.160597] (mg400_tools) StdoutLine: {'line': b'-- Performing Test CMAKE_HAVE_LIBC_PTHREAD\n'}
[37.195881] (mg400_interface) StdoutLine: {'line': b'-- Looking for pthread.h - found\n'}
[37.196098] (mg400_interface) StdoutLine: {'line': b'-- Performing Test CMAKE_HAVE_LIBC_PTHREAD\n'}
[37.210145] (-) TimerEvent: {}
[37.240613] (mg400_tools) StdoutLine: {'line': b'-- Performing Test CMAKE_HAVE_LIBC_PTHREAD - Success\n'}
[37.241649] (mg400_tools) StdoutLine: {'line': b'-- Found Threads: TRUE  \n'}
[37.273416] (mg400_interface) StdoutLine: {'line': b'-- Performing Test CMAKE_HAVE_LIBC_PTHREAD - Success\n'}
[37.274320] (mg400_interface) StdoutLine: {'line': b'-- Found Threads: TRUE  \n'}
[37.310248] (-) TimerEvent: {}
[37.317399] (mg400_tools) StdoutLine: {'line': b'-- Found eigen3_cmake_module: 0.1.1 (/opt/ros/humble/share/eigen3_cmake_module/cmake)\n'}
[37.318520] (mg400_tools) StdoutLine: {'line': b'-- Found Eigen3: TRUE (found version "3.4.0") \n'}
[37.318734] (mg400_tools) StdoutLine: {'line': b'-- Ensuring Eigen3 include directory is part of orocos-kdl CMake target\n'}
[37.381106] (mg400_tools) StdoutLine: {'line': b'-- Found ament_lint_auto: 0.12.15 (/opt/ros/humble/share/ament_lint_auto/cmake)\n'}
[37.410361] (-) TimerEvent: {}
[37.415206] (mg400_tools) StderrLine: {'line': b'\x1b[0mIn this package, headers install destination is set to `include` by ament_auto_package. It is recommended to install `include/mg400_tools` instead and will be the default behavior of ament_auto_package from ROS 2 Kilted Kaiju. On distributions before Kilted, ament_auto_package behaves the same way when you use USE_SCOPED_HEADER_INSTALL_DIR option.\x1b[0m\n'}
[37.420121] (mg400_interface) StdoutLine: {'line': b'-- Found eigen3_cmake_module: 0.1.1 (/opt/ros/humble/share/eigen3_cmake_module/cmake)\n'}
[37.420439] (mg400_tools) StdoutLine: {'line': b"-- Added test 'cppcheck' to perform static code analysis on C / C++ code\n"}
[37.420614] (mg400_tools) StdoutLine: {'line': b'-- Configured cppcheck include dirs: /root/ros2_ws/src/MG400_ROS2/mg400_tools/include;/root/ros2_ws/src/MG400_ROS2/mg400_tools/../mg400_common/include;/root/ros2_ws/src/MG400_ROS2/mg400_tools/../install/mg400_msgs/include/mg400_msgs\n'}
[37.420752] (mg400_tools) StdoutLine: {'line': b'-- Configured cppcheck exclude dirs and/or files: \n'}
[37.421351] (mg400_interface) StdoutLine: {'line': b'-- Found Eigen3: TRUE (found version "3.4.0") \n'}
[37.421496] (mg400_interface) StdoutLine: {'line': b'-- Ensuring Eigen3 include directory is part of orocos-kdl CMake target\n'}
[37.421863] (mg400_tools) StdoutLine: {'line': b"-- Added test 'cpplint' to check C / C++ code against the Google style\n"}
[37.421944] (mg400_tools) StdoutLine: {'line': b'-- Configured cpplint exclude dirs and/or files: \n'}
[37.422475] (mg400_tools) StdoutLine: {'line': b"-- Added test 'lint_cmake' to check CMake code style\n"}
[37.422985] (mg400_tools) StdoutLine: {'line': b"-- Added test 'xmllint' to check XML markup files\n"}
[37.425944] (mg400_tools) StdoutLine: {'line': b'-- Configuring done\n'}
[37.429328] (mg400_interface) StdoutLine: {'line': b'-- Found ament_lint_auto: 0.12.15 (/opt/ros/humble/share/ament_lint_auto/cmake)\n'}
[37.450178] (mg400_tools) StdoutLine: {'line': b'-- Generating done\n'}
[37.452084] (mg400_interface) StdoutLine: {'line': b"-- Found gtest sources under '/opt/ros/humble/src/gtest_vendor': C++ tests using 'Google Test' will be built\n"}
[37.457103] (mg400_tools) StdoutLine: {'line': b'-- Build files have been written to: /root/ros2_ws/build/mg400_tools\n'}
[37.458580] (mg400_interface) StdoutLine: {'line': b"-- Found gmock sources under '/opt/ros/humble/src/gmock_vendor': C++ tests using 'Google Mock' will be built\n"}
[37.462453] (mg400_interface) StderrLine: {'line': b'\x1b[0mIn this package, headers install destination is set to `include` by ament_auto_package. It is recommended to install `include/mg400_interface` instead and will be the default behavior of ament_auto_package from ROS 2 Kilted Kaiju. On distributions before Kilted, ament_auto_package behaves the same way when you use USE_SCOPED_HEADER_INSTALL_DIR option.\x1b[0m\n'}
[37.467285] (mg400_tools) CommandEnded: {'returncode': 0}
[37.468067] (mg400_tools) JobProgress: {'identifier': 'mg400_tools', 'progress': 'build'}
[37.468644] (mg400_tools) Command: {'cmd': ['/usr/bin/cmake', '--build', '/root/ros2_ws/build/mg400_tools', '--', '-j16', '-l16'], 'cwd': '/root/ros2_ws/build/mg400_tools', 'env': OrderedDict([('HOSTNAME', 'zzz-2404'), ('SHLVL', '1'), ('LD_LIBRARY_PATH', '/root/ros2_ws/install/mg400_msgs/lib:/root/ros2_ws/install/mg400_common/lib:/opt/ros/humble/opt/rviz_ogre_vendor/lib:/opt/ros/humble/lib/x86_64-linux-gnu:/opt/ros/humble/lib'), ('HOME', '/root'), ('OLDPWD', '/root/ros2_ws'), ('ROS_PYTHON_VERSION', '3'), ('ROS_DISTRO', 'humble'), ('_', '/usr/bin/colcon'), ('ROS_VERSION', '2'), ('TERM', 'xterm'), ('ROS_LOCALHOST_ONLY', '0'), ('PATH', '/opt/ros/humble/bin:/usr/local/sbin:/usr/local/bin:/usr/sbin:/usr/bin:/sbin:/bin'), ('LANG', 'C.UTF-8'), ('LS_COLORS', 'rs=0:di=01;34:ln=01;36:mh=00:pi=40;33:so=01;35:do=01;35:bd=40;33;01:cd=40;33;01:or=40;31;01:mi=00:su=37;41:sg=30;43:ca=30;41:tw=30;42:ow=34;42:st=37;44:ex=01;32:*.tar=01;31:*.tgz=01;31:*.arc=01;31:*.arj=01;31:*.taz=01;31:*.lha=01;31:*.lz4=01;31:*.lzh=01;31:*.lzma=01;31:*.tlz=01;31:*.txz=01;31:*.tzo=01;31:*.t7z=01;31:*.zip=01;31:*.z=01;31:*.dz=01;31:*.gz=01;31:*.lrz=01;31:*.lz=01;31:*.lzo=01;31:*.xz=01;31:*.zst=01;31:*.tzst=01;31:*.bz2=01;31:*.bz=01;31:*.tbz=01;31:*.tbz2=01;31:*.tz=01;31:*.deb=01;31:*.rpm=01;31:*.jar=01;31:*.war=01;31:*.ear=01;31:*.sar=01;31:*.rar=01;31:*.alz=01;31:*.ace=01;31:*.zoo=01;31:*.cpio=01;31:*.7z=01;31:*.rz=01;31:*.cab=01;31:*.wim=01;31:*.swm=01;31:*.dwm=01;31:*.esd=01;31:*.jpg=01;35:*.jpeg=01;35:*.mjpg=01;35:*.mjpeg=01;35:*.gif=01;35:*.bmp=01;35:*.pbm=01;35:*.pgm=01;35:*.ppm=01;35:*.tga=01;35:*.xbm=01;35:*.xpm=01;35:*.tif=01;35:*.tiff=01;35:*.png=01;35:*.svg=01;35:*.svgz=01;35:*.mng=01;35:*.pcx=01;35:*.mov=01;35:*.mpg=01;35:*.mpeg=01;35:*.m2v=01;35:*.mkv=01;35:*.webm=01;35:*.webp=01;35:*.ogm=01;35:*.mp4=01;35:*.m4v=01;35:*.mp4v=01;35:*.vob=01;35:*.qt=01;35:*.nuv=01;35:*.wmv=01;35:*.asf=01;35:*.rm=01;35:*.rmvb=01;35:*.flc=01;35:*.avi=01;35:*.fli=01;35:*.flv=01;35:*.gl=01;35:*.dl=01;35:*.xcf=01;35:*.xwd=01;35:*.yuv=01;35:*.cgm=01;35:*.emf=01;35:*.ogv=01;35:*.ogx=01;35:*.aac=00;36:*.au=00;36:*.flac=00;36:*.m4a=00;36:*.mid=00;36:*.midi=00;36:*.mka=00;36:*.mp3=00;36:*.mpc=00;36:*.ogg=00;36:*.ra=00;36:*.wav=00;36:*.oga=00;36:*.opus=00;36:*.spx=00;36:*.xspf=00;36:'), ('AMENT_PREFIX_PATH', '/root/ros2_ws/install/mg400_msgs:/root/ros2_ws/install/mg400_common:/opt/ros/humble'), ('PWD', '/root/ros2_ws/build/mg400_tools'), ('LC_ALL', 'C.UTF-8'), ('PYTHONPATH', '/root/ros2_ws/install/mg400_msgs/local/lib/python3.10/dist-packages:/opt/ros/humble/lib/python3.10/site-packages:/opt/ros/humble/local/lib/python3.10/dist-packages'), ('COLCON', '1'), ('CMAKE_PREFIX_PATH', '/root/ros2_ws/install/mg400_msgs:/root/ros2_ws/install/mg400_common:/opt/ros/humble')]), 'shell': False}
[37.471031] (mg400_interface) StdoutLine: {'line': b"-- Added test 'cppcheck' to perform static code analysis on C / C++ code\n"}
[37.471353] (mg400_interface) StdoutLine: {'line': b'-- Configured cppcheck include dirs: /root/ros2_ws/src/MG400_ROS2/mg400_interface/include\n'}
[37.471427] (mg400_interface) StdoutLine: {'line': b'-- Configured cppcheck exclude dirs and/or files: \n'}
[37.473581] (mg400_interface) StdoutLine: {'line': b"-- Added test 'lint_cmake' to check CMake code style\n"}
[37.478014] (mg400_interface) StdoutLine: {'line': b"-- Added test 'uncrustify' to check C / C++ code style\n"}
[37.478205] (mg400_interface) StdoutLine: {'line': b'-- Configured uncrustify additional arguments: \n'}
[37.478879] (mg400_interface) StdoutLine: {'line': b"-- Added test 'xmllint' to check XML markup files\n"}
[37.482410] (mg400_interface) StdoutLine: {'line': b'-- Configuring done\n'}
[37.510466] (-) TimerEvent: {}
[37.521112] (mg400_tools) StdoutLine: {'line': b'[ 50%] \x1b[32mBuilding CXX object CMakeFiles/command_queue_client.dir/src/command_queue_client.cpp.o\x1b[0m\n'}
[37.521329] (mg400_tools) StdoutLine: {'line': b'[ 50%] \x1b[32mBuilding CXX object CMakeFiles/mg400_kinematics_cli.dir/src/mg400_kinematics_cli.cpp.o\x1b[0m\n'}
[37.521432] (mg400_tools) StdoutLine: {'line': b'[ 50%] \x1b[32mBuilding CXX object CMakeFiles/validate_kinematics_with_solutions.dir/src/validate_kinematics_with_solutions.cpp.o\x1b[0m\n'}
[37.530382] (mg400_interface) StdoutLine: {'line': b'-- Generating done\n'}
[37.544574] (mg400_interface) StdoutLine: {'line': b'-- Build files have been written to: /root/ros2_ws/build/mg400_interface\n'}
[37.557334] (mg400_interface) CommandEnded: {'returncode': 0}
[37.557811] (mg400_interface) JobProgress: {'identifier': 'mg400_interface', 'progress': 'build'}
[37.558276] (mg400_interface) Command: {'cmd': ['/usr/bin/cmake', '--build', '/root/ros2_ws/build/mg400_interface', '--', '-j16', '-l16'], 'cwd': '/root/ros2_ws/build/mg400_interface', 'env': OrderedDict([('HOSTNAME', 'zzz-2404'), ('SHLVL', '1'), ('LD_LIBRARY_PATH', '/root/ros2_ws/install/mg400_msgs/lib:/root/ros2_ws/install/mg400_common/lib:/opt/ros/humble/opt/rviz_ogre_vendor/lib:/opt/ros/humble/lib/x86_64-linux-gnu:/opt/ros/humble/lib'), ('HOME', '/root'), ('OLDPWD', '/root/ros2_ws'), ('ROS_PYTHON_VERSION', '3'), ('ROS_DISTRO', 'humble'), ('_', '/usr/bin/colcon'), ('ROS_VERSION', '2'), ('TERM', 'xterm'), ('ROS_LOCALHOST_ONLY', '0'), ('PATH', '/opt/ros/humble/bin:/usr/local/sbin:/usr/local/bin:/usr/sbin:/usr/bin:/sbin:/bin'), ('LANG', 'C.UTF-8'), ('LS_COLORS', 'rs=0:di=01;34:ln=01;36:mh=00:pi=40;33:so=01;35:do=01;35:bd=40;33;01:cd=40;33;01:or=40;31;01:mi=00:su=37;41:sg=30;43:ca=30;41:tw=30;42:ow=34;42:st=37;44:ex=01;32:*.tar=01;31:*.tgz=01;31:*.arc=01;31:*.arj=01;31:*.taz=01;31:*.lha=01;31:*.lz4=01;31:*.lzh=01;31:*.lzma=01;31:*.tlz=01;31:*.txz=01;31:*.tzo=01;31:*.t7z=01;31:*.zip=01;31:*.z=01;31:*.dz=01;31:*.gz=01;31:*.lrz=01;31:*.lz=01;31:*.lzo=01;31:*.xz=01;31:*.zst=01;31:*.tzst=01;31:*.bz2=01;31:*.bz=01;31:*.tbz=01;31:*.tbz2=01;31:*.tz=01;31:*.deb=01;31:*.rpm=01;31:*.jar=01;31:*.war=01;31:*.ear=01;31:*.sar=01;31:*.rar=01;31:*.alz=01;31:*.ace=01;31:*.zoo=01;31:*.cpio=01;31:*.7z=01;31:*.rz=01;31:*.cab=01;31:*.wim=01;31:*.swm=01;31:*.dwm=01;31:*.esd=01;31:*.jpg=01;35:*.jpeg=01;35:*.mjpg=01;35:*.mjpeg=01;35:*.gif=01;35:*.bmp=01;35:*.pbm=01;35:*.pgm=01;35:*.ppm=01;35:*.tga=01;35:*.xbm=01;35:*.xpm=01;35:*.tif=01;35:*.tiff=01;35:*.png=01;35:*.svg=01;35:*.svgz=01;35:*.mng=01;35:*.pcx=01;35:*.mov=01;35:*.mpg=01;35:*.mpeg=01;35:*.m2v=01;35:*.mkv=01;35:*.webm=01;35:*.webp=01;35:*.ogm=01;35:*.mp4=01;35:*.m4v=01;35:*.mp4v=01;35:*.vob=01;35:*.qt=01;35:*.nuv=01;35:*.wmv=01;35:*.asf=01;35:*.rm=01;35:*.rmvb=01;35:*.flc=01;35:*.avi=01;35:*.fli=01;35:*.flv=01;35:*.gl=01;35:*.dl=01;35:*.xcf=01;35:*.xwd=01;35:*.yuv=01;35:*.cgm=01;35:*.emf=01;35:*.ogv=01;35:*.ogx=01;35:*.aac=00;36:*.au=00;36:*.flac=00;36:*.m4a=00;36:*.mid=00;36:*.midi=00;36:*.mka=00;36:*.mp3=00;36:*.mpc=00;36:*.ogg=00;36:*.ra=00;36:*.wav=00;36:*.oga=00;36:*.opus=00;36:*.spx=00;36:*.xspf=00;36:'), ('AMENT_PREFIX_PATH', '/root/ros2_ws/install/mg400_msgs:/root/ros2_ws/install/mg400_common:/opt/ros/humble'), ('PWD', '/root/ros2_ws/build/mg400_interface'), ('LC_ALL', 'C.UTF-8'), ('PYTHONPATH', '/root/ros2_ws/install/mg400_msgs/local/lib/python3.10/dist-packages:/opt/ros/humble/lib/python3.10/site-packages:/opt/ros/humble/local/lib/python3.10/dist-packages'), ('COLCON', '1'), ('CMAKE_PREFIX_PATH', '/root/ros2_ws/install/mg400_msgs:/root/ros2_ws/install/mg400_common:/opt/ros/humble')]), 'shell': False}
[37.610593] (-) TimerEvent: {}
[37.613996] (mg400_interface) StdoutLine: {'line': b'[  2%] \x1b[32mBuilding CXX object gtest/CMakeFiles/gtest.dir/src/gtest-all.cc.o\x1b[0m\n'}
[37.614238] (mg400_interface) StdoutLine: {'line': b'[  5%] \x1b[32mBuilding CXX object gtest/CMakeFiles/gtest_main.dir/src/gtest_main.cc.o\x1b[0m\n'}
[37.614427] (mg400_interface) StdoutLine: {'line': b'[  8%] \x1b[32mBuilding CXX object CMakeFiles/mg400_interface.dir/src/commander/dashboard_commander.cpp.o\x1b[0m\n'}
[37.614526] (mg400_interface) StdoutLine: {'line': b'[ 11%] \x1b[32mBuilding CXX object CMakeFiles/mg400_interface.dir/src/error_msg_generator.cpp.o\x1b[0m\n'}
[37.614606] (mg400_interface) StdoutLine: {'line': b'[ 14%] \x1b[32mBuilding CXX object gmock/CMakeFiles/gmock.dir/opt/ros/humble/src/gtest_vendor/src/gtest-all.cc.o\x1b[0m\n'}
[37.614998] (mg400_interface) StdoutLine: {'line': b'[ 17%] \x1b[32mBuilding CXX object CMakeFiles/mg400_interface.dir/src/joint_handler.cpp.o\x1b[0m\n'}
[37.615087] (mg400_interface) StdoutLine: {'line': b'[ 20%] \x1b[32mBuilding CXX object CMakeFiles/mg400_interface.dir/src/tcp_interface/motion_tcp_interface.cpp.o\x1b[0m\n'}
[37.616844] (mg400_interface) StdoutLine: {'line': b'[ 23%] \x1b[32mBuilding CXX object gmock/CMakeFiles/gmock.dir/src/gmock-all.cc.o\x1b[0m\n'}
[37.617064] (mg400_interface) StdoutLine: {'line': b'[ 26%] \x1b[32mBuilding CXX object CMakeFiles/mg400_interface.dir/src/commander/motion_commander.cpp.o\x1b[0m\n'}
[37.617167] (mg400_interface) StdoutLine: {'line': b'[ 29%] \x1b[32mBuilding CXX object CMakeFiles/mg400_interface.dir/src/tcp_interface/realtime_feedback_tcp_interface.cpp.o\x1b[0m\n'}
[37.617254] (mg400_interface) StdoutLine: {'line': b'[ 32%] \x1b[32mBuilding CXX object gmock/CMakeFiles/gmock_main.dir/src/gmock_main.cc.o\x1b[0m\n'}
[37.617325] (mg400_interface) StdoutLine: {'line': b'[ 35%] \x1b[32mBuilding CXX object CMakeFiles/mg400_interface.dir/src/commander/response_parser.cpp.o\x1b[0m\n'}
[37.620300] (mg400_interface) StdoutLine: {'line': b'[ 38%] \x1b[32mBuilding CXX object CMakeFiles/mg400_interface.dir/src/tcp_interface/tcp_socket_handler.cpp.o\x1b[0m\n'}
[37.621791] (mg400_interface) StdoutLine: {'line': b'[ 41%] \x1b[32mBuilding CXX object CMakeFiles/mg400_interface.dir/src/tcp_interface/dashboard_tcp_interface.cpp.o\x1b[0m\n'}
[37.622288] (mg400_interface) StdoutLine: {'line': b'[ 44%] \x1b[32mBuilding CXX object CMakeFiles/mg400_interface.dir/src/mg400_interface.cpp.o\x1b[0m\n'}
[37.711698] (-) TimerEvent: {}
[37.812025] (-) TimerEvent: {}
[37.912394] (-) TimerEvent: {}
[38.012983] (-) TimerEvent: {}
[38.114858] (-) TimerEvent: {}
[38.215272] (-) TimerEvent: {}
[38.315801] (-) TimerEvent: {}
[38.416410] (-) TimerEvent: {}
[38.517713] (-) TimerEvent: {}
[38.618113] (-) TimerEvent: {}
[38.718503] (-) TimerEvent: {}
[38.820742] (-) TimerEvent: {}
[38.921719] (-) TimerEvent: {}
[39.022465] (-) TimerEvent: {}
[39.126722] (-) TimerEvent: {}
[39.165721] (mg400_interface) StdoutLine: {'line': b'[ 47%] \x1b[32m\x1b[1mLinking CXX static library libgtest_main.a\x1b[0m\n'}
[39.226843] (-) TimerEvent: {}
[39.327253] (-) TimerEvent: {}
[39.398756] (mg400_interface) StdoutLine: {'line': b'[ 47%] Built target gtest_main\n'}
[39.427381] (-) TimerEvent: {}
[39.527896] (-) TimerEvent: {}
[39.628319] (-) TimerEvent: {}
[39.728714] (-) TimerEvent: {}
[39.829150] (-) TimerEvent: {}
[39.913796] (mg400_interface) StdoutLine: {'line': b'[ 50%] \x1b[32m\x1b[1mLinking CXX static library libgmock_main.a\x1b[0m\n'}
[39.929719] (-) TimerEvent: {}
[40.030134] (-) TimerEvent: {}
[40.125773] (mg400_interface) StdoutLine: {'line': b'[ 50%] Built target gmock_main\n'}
[40.130260] (-) TimerEvent: {}
[40.230721] (-) TimerEvent: {}
[40.334877] (-) TimerEvent: {}
[40.436335] (-) TimerEvent: {}
[40.539952] (-) TimerEvent: {}
[40.640705] (-) TimerEvent: {}
[40.741076] (-) TimerEvent: {}
[40.843836] (-) TimerEvent: {}
[40.944241] (-) TimerEvent: {}
[41.044614] (-) TimerEvent: {}
[41.144982] (-) TimerEvent: {}
[41.245443] (-) TimerEvent: {}
[41.346014] (-) TimerEvent: {}
[41.446967] (-) TimerEvent: {}
[41.547718] (-) TimerEvent: {}
[41.648106] (-) TimerEvent: {}
[41.748707] (-) TimerEvent: {}
[41.849904] (-) TimerEvent: {}
[41.950389] (-) TimerEvent: {}
[42.051716] (-) TimerEvent: {}
[42.152811] (-) TimerEvent: {}
[42.253230] (-) TimerEvent: {}
[42.256538] (mg400_interface) StdoutLine: {'line': b'[ 52%] \x1b[32m\x1b[1mLinking CXX static library libgtest.a\x1b[0m\n'}
[42.257663] (mg400_interface) StdoutLine: {'line': b'[ 55%] \x1b[32m\x1b[1mLinking CXX static library libgmock.a\x1b[0m\n'}
[42.353353] (-) TimerEvent: {}
[42.395543] (mg400_interface) StdoutLine: {'line': b'[ 55%] Built target gtest\n'}
[42.410468] (mg400_interface) StdoutLine: {'line': b'[ 55%] Built target gmock\n'}
[42.453462] (-) TimerEvent: {}
[42.553840] (-) TimerEvent: {}
[42.654197] (-) TimerEvent: {}
[42.754578] (-) TimerEvent: {}
[42.854983] (-) TimerEvent: {}
[42.955350] (-) TimerEvent: {}
[43.055711] (-) TimerEvent: {}
[43.156054] (-) TimerEvent: {}
[43.256406] (-) TimerEvent: {}
[43.356706] (-) TimerEvent: {}
[43.457051] (-) TimerEvent: {}
[43.557385] (-) TimerEvent: {}
[43.657697] (-) TimerEvent: {}
[43.758120] (-) TimerEvent: {}
[43.858448] (-) TimerEvent: {}
[43.958837] (-) TimerEvent: {}
[44.059181] (-) TimerEvent: {}
[44.159514] (-) TimerEvent: {}
[44.259868] (-) TimerEvent: {}
[44.360131] (-) TimerEvent: {}
[44.401388] (mg400_interface) StdoutLine: {'line': b'[ 58%] \x1b[32m\x1b[1mLinking CXX static library libmg400_interface.a\x1b[0m\n'}
[44.460247] (-) TimerEvent: {}
[44.510750] (mg400_interface) StdoutLine: {'line': b'[ 58%] Built target mg400_interface\n'}
[44.529148] (mg400_tools) StdoutLine: {'line': b'[ 66%] \x1b[32m\x1b[1mLinking CXX executable mg400_kinematics_cli\x1b[0m\n'}
[44.530622] (mg400_interface) StdoutLine: {'line': b'[ 67%] \x1b[32mBuilding CXX object CMakeFiles/test_error_msg_generator.dir/test/src/test_error_msg_generator.cpp.o\x1b[0m\n'}
[44.530806] (mg400_interface) StdoutLine: {'line': b'[ 67%] \x1b[32mBuilding CXX object CMakeFiles/show_realtime_data.dir/example/show_realtime_data.cpp.o\x1b[0m\n'}
[44.530882] (mg400_interface) StdoutLine: {'line': b'[ 67%] \x1b[32mBuilding CXX object CMakeFiles/commander_check.dir/example/commander_check.cpp.o\x1b[0m\n'}
[44.530943] (mg400_interface) StdoutLine: {'line': b'[ 70%] \x1b[32mBuilding CXX object CMakeFiles/test_dashboard_commander.dir/test/src/commander/test_dashboard_commander.cpp.o\x1b[0m\n'}
[44.531249] (mg400_interface) StdoutLine: {'line': b'[ 73%] \x1b[32mBuilding CXX object CMakeFiles/test_response_parser.dir/test/src/commander/test_response_parser.cpp.o\x1b[0m\n'}
[44.531423] (mg400_interface) StdoutLine: {'line': b'[ 76%] \x1b[32mBuilding CXX object CMakeFiles/test_joint_handler.dir/test/src/test_joint_handler.cpp.o\x1b[0m\n'}
[44.531698] (mg400_interface) StdoutLine: {'line': b'[ 79%] \x1b[32mBuilding CXX object CMakeFiles/test_motion_commander.dir/test/src/commander/test_motion_commander.cpp.o\x1b[0m\n'}
[44.560355] (-) TimerEvent: {}
[44.660706] (-) TimerEvent: {}
[44.761034] (-) TimerEvent: {}
[44.783186] (mg400_tools) StdoutLine: {'line': b'[ 66%] Built target mg400_kinematics_cli\n'}
[44.861141] (-) TimerEvent: {}
[44.961450] (-) TimerEvent: {}
[45.061780] (-) TimerEvent: {}
[45.162124] (-) TimerEvent: {}
[45.186145] (mg400_tools) StdoutLine: {'line': b'[ 83%] \x1b[32m\x1b[1mLinking CXX executable command_queue_client\x1b[0m\n'}
[45.262238] (-) TimerEvent: {}
[45.362609] (-) TimerEvent: {}
[45.443353] (mg400_tools) StdoutLine: {'line': b'[ 83%] Built target command_queue_client\n'}
[45.462700] (-) TimerEvent: {}
[45.563041] (-) TimerEvent: {}
[45.663380] (-) TimerEvent: {}
[45.763735] (-) TimerEvent: {}
[45.791195] (mg400_interface) StdoutLine: {'line': b'[ 82%] \x1b[32m\x1b[1mLinking CXX executable test_response_parser\x1b[0m\n'}
[45.863850] (-) TimerEvent: {}
[45.913600] (mg400_tools) StdoutLine: {'line': b'[100%] \x1b[32m\x1b[1mLinking CXX executable validate_kinematics_with_solutions\x1b[0m\n'}
[45.963978] (-) TimerEvent: {}
[46.064545] (-) TimerEvent: {}
[46.130934] (mg400_interface) StdoutLine: {'line': b'[ 82%] Built target test_response_parser\n'}
[46.164738] (-) TimerEvent: {}
[46.236436] (mg400_tools) StdoutLine: {'line': b'[100%] Built target validate_kinematics_with_solutions\n'}
[46.249048] (mg400_tools) CommandEnded: {'returncode': 0}
[46.249894] (mg400_tools) JobProgress: {'identifier': 'mg400_tools', 'progress': 'install'}
[46.250308] (mg400_tools) Command: {'cmd': ['/usr/bin/cmake', '--install', '/root/ros2_ws/build/mg400_tools'], 'cwd': '/root/ros2_ws/build/mg400_tools', 'env': OrderedDict([('HOSTNAME', 'zzz-2404'), ('SHLVL', '1'), ('LD_LIBRARY_PATH', '/root/ros2_ws/install/mg400_msgs/lib:/root/ros2_ws/install/mg400_common/lib:/opt/ros/humble/opt/rviz_ogre_vendor/lib:/opt/ros/humble/lib/x86_64-linux-gnu:/opt/ros/humble/lib'), ('HOME', '/root'), ('OLDPWD', '/root/ros2_ws'), ('ROS_PYTHON_VERSION', '3'), ('ROS_DISTRO', 'humble'), ('_', '/usr/bin/colcon'), ('ROS_VERSION', '2'), ('TERM', 'xterm'), ('ROS_LOCALHOST_ONLY', '0'), ('PATH', '/opt/ros/humble/bin:/usr/local/sbin:/usr/local/bin:/usr/sbin:/usr/bin:/sbin:/bin'), ('LANG', 'C.UTF-8'), ('LS_COLORS', 'rs=0:di=01;34:ln=01;36:mh=00:pi=40;33:so=01;35:do=01;35:bd=40;33;01:cd=40;33;01:or=40;31;01:mi=00:su=37;41:sg=30;43:ca=30;41:tw=30;42:ow=34;42:st=37;44:ex=01;32:*.tar=01;31:*.tgz=01;31:*.arc=01;31:*.arj=01;31:*.taz=01;31:*.lha=01;31:*.lz4=01;31:*.lzh=01;31:*.lzma=01;31:*.tlz=01;31:*.txz=01;31:*.tzo=01;31:*.t7z=01;31:*.zip=01;31:*.z=01;31:*.dz=01;31:*.gz=01;31:*.lrz=01;31:*.lz=01;31:*.lzo=01;31:*.xz=01;31:*.zst=01;31:*.tzst=01;31:*.bz2=01;31:*.bz=01;31:*.tbz=01;31:*.tbz2=01;31:*.tz=01;31:*.deb=01;31:*.rpm=01;31:*.jar=01;31:*.war=01;31:*.ear=01;31:*.sar=01;31:*.rar=01;31:*.alz=01;31:*.ace=01;31:*.zoo=01;31:*.cpio=01;31:*.7z=01;31:*.rz=01;31:*.cab=01;31:*.wim=01;31:*.swm=01;31:*.dwm=01;31:*.esd=01;31:*.jpg=01;35:*.jpeg=01;35:*.mjpg=01;35:*.mjpeg=01;35:*.gif=01;35:*.bmp=01;35:*.pbm=01;35:*.pgm=01;35:*.ppm=01;35:*.tga=01;35:*.xbm=01;35:*.xpm=01;35:*.tif=01;35:*.tiff=01;35:*.png=01;35:*.svg=01;35:*.svgz=01;35:*.mng=01;35:*.pcx=01;35:*.mov=01;35:*.mpg=01;35:*.mpeg=01;35:*.m2v=01;35:*.mkv=01;35:*.webm=01;35:*.webp=01;35:*.ogm=01;35:*.mp4=01;35:*.m4v=01;35:*.mp4v=01;35:*.vob=01;35:*.qt=01;35:*.nuv=01;35:*.wmv=01;35:*.asf=01;35:*.rm=01;35:*.rmvb=01;35:*.flc=01;35:*.avi=01;35:*.fli=01;35:*.flv=01;35:*.gl=01;35:*.dl=01;35:*.xcf=01;35:*.xwd=01;35:*.yuv=01;35:*.cgm=01;35:*.emf=01;35:*.ogv=01;35:*.ogx=01;35:*.aac=00;36:*.au=00;36:*.flac=00;36:*.m4a=00;36:*.mid=00;36:*.midi=00;36:*.mka=00;36:*.mp3=00;36:*.mpc=00;36:*.ogg=00;36:*.ra=00;36:*.wav=00;36:*.oga=00;36:*.opus=00;36:*.spx=00;36:*.xspf=00;36:'), ('AMENT_PREFIX_PATH', '/root/ros2_ws/install/mg400_msgs:/root/ros2_ws/install/mg400_common:/opt/ros/humble'), ('PWD', '/root/ros2_ws/build/mg400_tools'), ('LC_ALL', 'C.UTF-8'), ('PYTHONPATH', '/root/ros2_ws/install/mg400_msgs/local/lib/python3.10/dist-packages:/opt/ros/humble/lib/python3.10/site-packages:/opt/ros/humble/local/lib/python3.10/dist-packages'), ('COLCON', '1'), ('CMAKE_PREFIX_PATH', '/root/ros2_ws/install/mg400_msgs:/root/ros2_ws/install/mg400_common:/opt/ros/humble')]), 'shell': False}
[46.259367] (mg400_tools) StdoutLine: {'line': b'-- Install configuration: ""\n'}
[46.259735] (mg400_tools) StdoutLine: {'line': b'-- Execute custom install script\n'}
[46.260160] (mg400_tools) StdoutLine: {'line': b'-- Symlinking: /root/ros2_ws/install/mg400_tools/share/mg400_tools/config/commands.yaml\n'}
[46.264846] (-) TimerEvent: {}
[46.271779] (mg400_tools) StdoutLine: {'line': b'-- Symlinking: /root/ros2_ws/install/mg400_tools/include/mg400_tools/command_queue_client.hpp\n'}
[46.283063] (mg400_tools) StdoutLine: {'line': b'-- Symlinking: /root/ros2_ws/install/mg400_tools/lib/mg400_tools/command_queue_client\n'}
[46.293972] (mg400_tools) StdoutLine: {'line': b'-- Symlinking: /root/ros2_ws/install/mg400_tools/lib/mg400_tools/validate_kinematics_with_solutions\n'}
[46.304800] (mg400_tools) StdoutLine: {'line': b'-- Symlinking: /root/ros2_ws/install/mg400_tools/lib/mg400_tools/mg400_kinematics_cli\n'}
[46.314730] (mg400_tools) StdoutLine: {'line': b'-- Symlinking: /root/ros2_ws/install/mg400_tools/share/ament_index/resource_index/package_run_dependencies/mg400_tools\n'}
[46.324683] (mg400_tools) StdoutLine: {'line': b'-- Symlinking: /root/ros2_ws/install/mg400_tools/share/ament_index/resource_index/parent_prefix_path/mg400_tools\n'}
[46.335640] (mg400_tools) StdoutLine: {'line': b'-- Symlinking: /root/ros2_ws/install/mg400_tools/share/mg400_tools/environment/ament_prefix_path.sh\n'}
[46.345760] (mg400_tools) StdoutLine: {'line': b'-- Symlinking: /root/ros2_ws/install/mg400_tools/share/mg400_tools/environment/ament_prefix_path.dsv\n'}
[46.356100] (mg400_tools) StdoutLine: {'line': b'-- Symlinking: /root/ros2_ws/install/mg400_tools/share/mg400_tools/environment/path.sh\n'}
[46.364968] (-) TimerEvent: {}
[46.365909] (mg400_tools) StdoutLine: {'line': b'-- Symlinking: /root/ros2_ws/install/mg400_tools/share/mg400_tools/environment/path.dsv\n'}
[46.375848] (mg400_tools) StdoutLine: {'line': b'-- Symlinking: /root/ros2_ws/install/mg400_tools/share/mg400_tools/local_setup.bash\n'}
[46.385702] (mg400_tools) StdoutLine: {'line': b'-- Symlinking: /root/ros2_ws/install/mg400_tools/share/mg400_tools/local_setup.sh\n'}
[46.395094] (mg400_tools) StdoutLine: {'line': b'-- Symlinking: /root/ros2_ws/install/mg400_tools/share/mg400_tools/local_setup.zsh\n'}
[46.404298] (mg400_tools) StdoutLine: {'line': b'-- Symlinking: /root/ros2_ws/install/mg400_tools/share/mg400_tools/local_setup.dsv\n'}
[46.413492] (mg400_tools) StdoutLine: {'line': b'-- Symlinking: /root/ros2_ws/install/mg400_tools/share/mg400_tools/package.dsv\n'}
[46.423387] (mg400_tools) StdoutLine: {'line': b'-- Symlinking: /root/ros2_ws/install/mg400_tools/share/ament_index/resource_index/packages/mg400_tools\n'}
[46.432491] (mg400_tools) StdoutLine: {'line': b'-- Symlinking: /root/ros2_ws/install/mg400_tools/share/mg400_tools/cmake/ament_cmake_export_dependencies-extras.cmake\n'}
[46.441828] (mg400_tools) StdoutLine: {'line': b'-- Symlinking: /root/ros2_ws/install/mg400_tools/share/mg400_tools/cmake/ament_cmake_export_include_directories-extras.cmake\n'}
[46.450956] (mg400_tools) StdoutLine: {'line': b'-- Symlinking: /root/ros2_ws/install/mg400_tools/share/mg400_tools/cmake/mg400_toolsConfig.cmake\n'}
[46.460821] (mg400_tools) StdoutLine: {'line': b'-- Symlinking: /root/ros2_ws/install/mg400_tools/share/mg400_tools/cmake/mg400_toolsConfig-version.cmake\n'}
[46.465073] (-) TimerEvent: {}
[46.470797] (mg400_tools) StdoutLine: {'line': b'-- Symlinking: /root/ros2_ws/install/mg400_tools/share/mg400_tools/package.xml\n'}
[46.482368] (mg400_tools) CommandEnded: {'returncode': 0}
[46.494437] (mg400_tools) JobEnded: {'identifier': 'mg400_tools', 'rc': 0}
[46.565250] (-) TimerEvent: {}
[46.665583] (-) TimerEvent: {}
[46.765888] (-) TimerEvent: {}
[46.866264] (-) TimerEvent: {}
[46.966592] (-) TimerEvent: {}
[47.066918] (-) TimerEvent: {}
[47.167268] (-) TimerEvent: {}
[47.267583] (-) TimerEvent: {}
[47.367921] (-) TimerEvent: {}
[47.468229] (-) TimerEvent: {}
[47.568545] (-) TimerEvent: {}
[47.668838] (-) TimerEvent: {}
[47.769158] (-) TimerEvent: {}
[47.869432] (-) TimerEvent: {}
[47.969767] (-) TimerEvent: {}
[48.070099] (-) TimerEvent: {}
[48.086587] (mg400_interface) StdoutLine: {'line': b'[ 85%] \x1b[32m\x1b[1mLinking CXX executable show_realtime_data\x1b[0m\n'}
[48.170211] (-) TimerEvent: {}
[48.249913] (mg400_interface) StdoutLine: {'line': b'[ 85%] Built target show_realtime_data\n'}
[48.270317] (-) TimerEvent: {}
[48.370594] (-) TimerEvent: {}
[48.470982] (-) TimerEvent: {}
[48.571363] (-) TimerEvent: {}
[48.671694] (-) TimerEvent: {}
[48.772122] (-) TimerEvent: {}
[48.872483] (-) TimerEvent: {}
[48.972841] (-) TimerEvent: {}
[49.073148] (-) TimerEvent: {}
[49.076999] (mg400_interface) StdoutLine: {'line': b'[ 88%] \x1b[32m\x1b[1mLinking CXX executable test_error_msg_generator\x1b[0m\n'}
[49.118441] (mg400_interface) StdoutLine: {'line': b'[ 91%] \x1b[32m\x1b[1mLinking CXX executable commander_check\x1b[0m\n'}
[49.173259] (-) TimerEvent: {}
[49.273574] (-) TimerEvent: {}
[49.313773] (mg400_interface) StdoutLine: {'line': b'[ 91%] Built target test_error_msg_generator\n'}
[49.373685] (-) TimerEvent: {}
[49.385030] (mg400_interface) StdoutLine: {'line': b'[ 94%] \x1b[32m\x1b[1mLinking CXX executable test_motion_commander\x1b[0m\n'}
[49.391835] (mg400_interface) StdoutLine: {'line': b'[ 94%] Built target commander_check\n'}
[49.473786] (-) TimerEvent: {}
[49.574070] (-) TimerEvent: {}
[49.596290] (mg400_interface) StdoutLine: {'line': b'[ 94%] Built target test_motion_commander\n'}
[49.674176] (-) TimerEvent: {}
[49.684517] (mg400_interface) StdoutLine: {'line': b'[ 97%] \x1b[32m\x1b[1mLinking CXX executable test_dashboard_commander\x1b[0m\n'}
[49.774322] (-) TimerEvent: {}
[49.874673] (-) TimerEvent: {}
[49.950845] (mg400_interface) StdoutLine: {'line': b'[ 97%] Built target test_dashboard_commander\n'}
[49.974767] (-) TimerEvent: {}
[50.075092] (-) TimerEvent: {}
[50.175455] (-) TimerEvent: {}
[50.275861] (-) TimerEvent: {}
[50.376205] (-) TimerEvent: {}
[50.465949] (mg400_interface) StdoutLine: {'line': b'[100%] \x1b[32m\x1b[1mLinking CXX executable test_joint_handler\x1b[0m\n'}
[50.476314] (-) TimerEvent: {}
[50.576607] (-) TimerEvent: {}
[50.639148] (mg400_interface) StdoutLine: {'line': b'[100%] Built target test_joint_handler\n'}
[50.650387] (mg400_interface) CommandEnded: {'returncode': 0}
[50.650913] (mg400_interface) JobProgress: {'identifier': 'mg400_interface', 'progress': 'install'}
[50.651587] (mg400_interface) Command: {'cmd': ['/usr/bin/cmake', '--install', '/root/ros2_ws/build/mg400_interface'], 'cwd': '/root/ros2_ws/build/mg400_interface', 'env': OrderedDict([('HOSTNAME', 'zzz-2404'), ('SHLVL', '1'), ('LD_LIBRARY_PATH', '/root/ros2_ws/install/mg400_msgs/lib:/root/ros2_ws/install/mg400_common/lib:/opt/ros/humble/opt/rviz_ogre_vendor/lib:/opt/ros/humble/lib/x86_64-linux-gnu:/opt/ros/humble/lib'), ('HOME', '/root'), ('OLDPWD', '/root/ros2_ws'), ('ROS_PYTHON_VERSION', '3'), ('ROS_DISTRO', 'humble'), ('_', '/usr/bin/colcon'), ('ROS_VERSION', '2'), ('TERM', 'xterm'), ('ROS_LOCALHOST_ONLY', '0'), ('PATH', '/opt/ros/humble/bin:/usr/local/sbin:/usr/local/bin:/usr/sbin:/usr/bin:/sbin:/bin'), ('LANG', 'C.UTF-8'), ('LS_COLORS', 'rs=0:di=01;34:ln=01;36:mh=00:pi=40;33:so=01;35:do=01;35:bd=40;33;01:cd=40;33;01:or=40;31;01:mi=00:su=37;41:sg=30;43:ca=30;41:tw=30;42:ow=34;42:st=37;44:ex=01;32:*.tar=01;31:*.tgz=01;31:*.arc=01;31:*.arj=01;31:*.taz=01;31:*.lha=01;31:*.lz4=01;31:*.lzh=01;31:*.lzma=01;31:*.tlz=01;31:*.txz=01;31:*.tzo=01;31:*.t7z=01;31:*.zip=01;31:*.z=01;31:*.dz=01;31:*.gz=01;31:*.lrz=01;31:*.lz=01;31:*.lzo=01;31:*.xz=01;31:*.zst=01;31:*.tzst=01;31:*.bz2=01;31:*.bz=01;31:*.tbz=01;31:*.tbz2=01;31:*.tz=01;31:*.deb=01;31:*.rpm=01;31:*.jar=01;31:*.war=01;31:*.ear=01;31:*.sar=01;31:*.rar=01;31:*.alz=01;31:*.ace=01;31:*.zoo=01;31:*.cpio=01;31:*.7z=01;31:*.rz=01;31:*.cab=01;31:*.wim=01;31:*.swm=01;31:*.dwm=01;31:*.esd=01;31:*.jpg=01;35:*.jpeg=01;35:*.mjpg=01;35:*.mjpeg=01;35:*.gif=01;35:*.bmp=01;35:*.pbm=01;35:*.pgm=01;35:*.ppm=01;35:*.tga=01;35:*.xbm=01;35:*.xpm=01;35:*.tif=01;35:*.tiff=01;35:*.png=01;35:*.svg=01;35:*.svgz=01;35:*.mng=01;35:*.pcx=01;35:*.mov=01;35:*.mpg=01;35:*.mpeg=01;35:*.m2v=01;35:*.mkv=01;35:*.webm=01;35:*.webp=01;35:*.ogm=01;35:*.mp4=01;35:*.m4v=01;35:*.mp4v=01;35:*.vob=01;35:*.qt=01;35:*.nuv=01;35:*.wmv=01;35:*.asf=01;35:*.rm=01;35:*.rmvb=01;35:*.flc=01;35:*.avi=01;35:*.fli=01;35:*.flv=01;35:*.gl=01;35:*.dl=01;35:*.xcf=01;35:*.xwd=01;35:*.yuv=01;35:*.cgm=01;35:*.emf=01;35:*.ogv=01;35:*.ogx=01;35:*.aac=00;36:*.au=00;36:*.flac=00;36:*.m4a=00;36:*.mid=00;36:*.midi=00;36:*.mka=00;36:*.mp3=00;36:*.mpc=00;36:*.ogg=00;36:*.ra=00;36:*.wav=00;36:*.oga=00;36:*.opus=00;36:*.spx=00;36:*.xspf=00;36:'), ('AMENT_PREFIX_PATH', '/root/ros2_ws/install/mg400_msgs:/root/ros2_ws/install/mg400_common:/opt/ros/humble'), ('PWD', '/root/ros2_ws/build/mg400_interface'), ('LC_ALL', 'C.UTF-8'), ('PYTHONPATH', '/root/ros2_ws/install/mg400_msgs/local/lib/python3.10/dist-packages:/opt/ros/humble/lib/python3.10/site-packages:/opt/ros/humble/local/lib/python3.10/dist-packages'), ('COLCON', '1'), ('CMAKE_PREFIX_PATH', '/root/ros2_ws/install/mg400_msgs:/root/ros2_ws/install/mg400_common:/opt/ros/humble')]), 'shell': False}
[50.657861] (mg400_interface) StdoutLine: {'line': b'-- Install configuration: ""\n'}
[50.658228] (mg400_interface) StdoutLine: {'line': b'-- Execute custom install script\n'}
[50.658726] (mg400_interface) StdoutLine: {'line': b'-- Symlinking: /root/ros2_ws/install/mg400_interface/include/mg400_interface/command_utils.hpp\n'}
[50.666345] (mg400_interface) StdoutLine: {'line': b'-- Symlinking: /root/ros2_ws/install/mg400_interface/include/mg400_interface/commander/dashboard_commander.hpp\n'}
[50.673459] (mg400_interface) StdoutLine: {'line': b'-- Symlinking: /root/ros2_ws/install/mg400_interface/include/mg400_interface/commander/motion_commander.hpp\n'}
[50.676648] (-) TimerEvent: {}
[50.680327] (mg400_interface) StdoutLine: {'line': b'-- Symlinking: /root/ros2_ws/install/mg400_interface/include/mg400_interface/commander/response_parser.hpp\n'}
[50.687679] (mg400_interface) StdoutLine: {'line': b'-- Symlinking: /root/ros2_ws/install/mg400_interface/include/mg400_interface/error_msg_generator.hpp\n'}
[50.695757] (mg400_interface) StdoutLine: {'line': b'-- Symlinking: /root/ros2_ws/install/mg400_interface/include/mg400_interface/joint_handler.hpp\n'}
[50.703918] (mg400_interface) StdoutLine: {'line': b'-- Symlinking: /root/ros2_ws/install/mg400_interface/include/mg400_interface/mg400_interface.hpp\n'}
[50.711683] (mg400_interface) StdoutLine: {'line': b'-- Symlinking: /root/ros2_ws/install/mg400_interface/include/mg400_interface/tcp_interface/dashboard_tcp_interface.hpp\n'}
[50.719415] (mg400_interface) StdoutLine: {'line': b'-- Symlinking: /root/ros2_ws/install/mg400_interface/include/mg400_interface/tcp_interface/motion_tcp_interface.hpp\n'}
[50.727228] (mg400_interface) StdoutLine: {'line': b'-- Symlinking: /root/ros2_ws/install/mg400_interface/include/mg400_interface/tcp_interface/realtime_data.hpp\n'}
[50.734975] (mg400_interface) StdoutLine: {'line': b'-- Symlinking: /root/ros2_ws/install/mg400_interface/include/mg400_interface/tcp_interface/realtime_feedback_tcp_interface.hpp\n'}
[50.742830] (mg400_interface) StdoutLine: {'line': b'-- Symlinking: /root/ros2_ws/install/mg400_interface/include/mg400_interface/tcp_interface/tcp_socket_handler.hpp\n'}
[50.750920] (mg400_interface) StdoutLine: {'line': b'-- Symlinking: /root/ros2_ws/install/mg400_interface/share/mg400_interface/environment/library_path.sh\n'}
[50.757481] (mg400_interface) StdoutLine: {'line': b'-- Symlinking: /root/ros2_ws/install/mg400_interface/share/mg400_interface/environment/library_path.dsv\n'}
[50.764274] (mg400_interface) StdoutLine: {'line': b'-- Symlinking: /root/ros2_ws/install/mg400_interface/lib/libmg400_interface.a\n'}
[50.771018] (mg400_interface) StdoutLine: {'line': b'-- Symlinking: /root/ros2_ws/install/mg400_interface/lib/mg400_interface/show_realtime_data\n'}
[50.776741] (-) TimerEvent: {}
[50.778814] (mg400_interface) StdoutLine: {'line': b'-- Symlinking: /root/ros2_ws/install/mg400_interface/lib/mg400_interface/commander_check\n'}
[50.786385] (mg400_interface) StdoutLine: {'line': b'-- Symlinking: /root/ros2_ws/install/mg400_interface/share/mg400_interface/resources/README.md\n'}
[50.794100] (mg400_interface) StdoutLine: {'line': b'-- Symlinking: /root/ros2_ws/install/mg400_interface/share/mg400_interface/resources/alarm_controller.json\n'}
[50.800842] (mg400_interface) StdoutLine: {'line': b'-- Symlinking: /root/ros2_ws/install/mg400_interface/share/mg400_interface/resources/alarm_servo.json\n'}
[50.809177] (mg400_interface) StdoutLine: {'line': b'-- Symlinking: /root/ros2_ws/install/mg400_interface/share/ament_index/resource_index/package_run_dependencies/mg400_interface\n'}
[50.815817] (mg400_interface) StdoutLine: {'line': b'-- Symlinking: /root/ros2_ws/install/mg400_interface/share/ament_index/resource_index/parent_prefix_path/mg400_interface\n'}
[50.822463] (mg400_interface) StdoutLine: {'line': b'-- Symlinking: /root/ros2_ws/install/mg400_interface/share/mg400_interface/environment/ament_prefix_path.sh\n'}
[50.831162] (mg400_interface) StdoutLine: {'line': b'-- Symlinking: /root/ros2_ws/install/mg400_interface/share/mg400_interface/environment/ament_prefix_path.dsv\n'}
[50.838616] (mg400_interface) StdoutLine: {'line': b'-- Symlinking: /root/ros2_ws/install/mg400_interface/share/mg400_interface/environment/path.sh\n'}
[50.845213] (mg400_interface) StdoutLine: {'line': b'-- Symlinking: /root/ros2_ws/install/mg400_interface/share/mg400_interface/environment/path.dsv\n'}
[50.853461] (mg400_interface) StdoutLine: {'line': b'-- Symlinking: /root/ros2_ws/install/mg400_interface/share/mg400_interface/local_setup.bash\n'}
[50.861223] (mg400_interface) StdoutLine: {'line': b'-- Symlinking: /root/ros2_ws/install/mg400_interface/share/mg400_interface/local_setup.sh\n'}
[50.868619] (mg400_interface) StdoutLine: {'line': b'-- Symlinking: /root/ros2_ws/install/mg400_interface/share/mg400_interface/local_setup.zsh\n'}
[50.876788] (mg400_interface) StdoutLine: {'line': b'-- Symlinking: /root/ros2_ws/install/mg400_interface/share/mg400_interface/local_setup.dsv\n'}
[50.876891] (-) TimerEvent: {}
[50.885091] (mg400_interface) StdoutLine: {'line': b'-- Symlinking: /root/ros2_ws/install/mg400_interface/share/mg400_interface/package.dsv\n'}
[50.892328] (mg400_interface) StdoutLine: {'line': b'-- Symlinking: /root/ros2_ws/install/mg400_interface/share/ament_index/resource_index/packages/mg400_interface\n'}
[50.900681] (mg400_interface) StdoutLine: {'line': b'-- Symlinking: /root/ros2_ws/install/mg400_interface/share/mg400_interface/cmake/ament_cmake_export_dependencies-extras.cmake\n'}
[50.908467] (mg400_interface) StdoutLine: {'line': b'-- Symlinking: /root/ros2_ws/install/mg400_interface/share/mg400_interface/cmake/ament_cmake_export_include_directories-extras.cmake\n'}
[50.915159] (mg400_interface) StdoutLine: {'line': b'-- Symlinking: /root/ros2_ws/install/mg400_interface/share/mg400_interface/cmake/ament_cmake_export_libraries-extras.cmake\n'}
[50.923833] (mg400_interface) StdoutLine: {'line': b'-- Symlinking: /root/ros2_ws/install/mg400_interface/share/mg400_interface/cmake/mg400_interfaceConfig.cmake\n'}
[50.932090] (mg400_interface) StdoutLine: {'line': b'-- Symlinking: /root/ros2_ws/install/mg400_interface/share/mg400_interface/cmake/mg400_interfaceConfig-version.cmake\n'}
[50.940060] (mg400_interface) StdoutLine: {'line': b'-- Symlinking: /root/ros2_ws/install/mg400_interface/share/mg400_interface/package.xml\n'}
[50.950525] (mg400_interface) CommandEnded: {'returncode': 0}
[50.959746] (mg400_interface) JobEnded: {'identifier': 'mg400_interface', 'rc': 0}
[50.960755] (mg400_plugin_base) JobStarted: {'identifier': 'mg400_plugin_base'}
[50.963848] (mg400_joy) JobStarted: {'identifier': 'mg400_joy'}
[50.967385] (mg400_rviz_plugin) JobStarted: {'identifier': 'mg400_rviz_plugin'}
[50.971033] (mg400_plugin_base) JobProgress: {'identifier': 'mg400_plugin_base', 'progress': 'cmake'}
[50.971384] (mg400_plugin_base) Command: {'cmd': ['/usr/bin/cmake', '/root/ros2_ws/src/MG400_ROS2/mg400_plugin_base', '-DAMENT_CMAKE_SYMLINK_INSTALL=1', '-DCMAKE_INSTALL_PREFIX=/root/ros2_ws/install/mg400_plugin_base'], 'cwd': '/root/ros2_ws/build/mg400_plugin_base', 'env': OrderedDict([('HOSTNAME', 'zzz-2404'), ('SHLVL', '1'), ('LD_LIBRARY_PATH', '/root/ros2_ws/install/mg400_interface/lib:/root/ros2_ws/install/mg400_msgs/lib:/root/ros2_ws/install/mg400_common/lib:/opt/ros/humble/opt/rviz_ogre_vendor/lib:/opt/ros/humble/lib/x86_64-linux-gnu:/opt/ros/humble/lib'), ('HOME', '/root'), ('OLDPWD', '/root/ros2_ws'), ('ROS_PYTHON_VERSION', '3'), ('ROS_DISTRO', 'humble'), ('_', '/usr/bin/colcon'), ('ROS_VERSION', '2'), ('TERM', 'xterm'), ('ROS_LOCALHOST_ONLY', '0'), ('PATH', '/opt/ros/humble/bin:/usr/local/sbin:/usr/local/bin:/usr/sbin:/usr/bin:/sbin:/bin'), ('LANG', 'C.UTF-8'), ('LS_COLORS', 'rs=0:di=01;34:ln=01;36:mh=00:pi=40;33:so=01;35:do=01;35:bd=40;33;01:cd=40;33;01:or=40;31;01:mi=00:su=37;41:sg=30;43:ca=30;41:tw=30;42:ow=34;42:st=37;44:ex=01;32:*.tar=01;31:*.tgz=01;31:*.arc=01;31:*.arj=01;31:*.taz=01;31:*.lha=01;31:*.lz4=01;31:*.lzh=01;31:*.lzma=01;31:*.tlz=01;31:*.txz=01;31:*.tzo=01;31:*.t7z=01;31:*.zip=01;31:*.z=01;31:*.dz=01;31:*.gz=01;31:*.lrz=01;31:*.lz=01;31:*.lzo=01;31:*.xz=01;31:*.zst=01;31:*.tzst=01;31:*.bz2=01;31:*.bz=01;31:*.tbz=01;31:*.tbz2=01;31:*.tz=01;31:*.deb=01;31:*.rpm=01;31:*.jar=01;31:*.war=01;31:*.ear=01;31:*.sar=01;31:*.rar=01;31:*.alz=01;31:*.ace=01;31:*.zoo=01;31:*.cpio=01;31:*.7z=01;31:*.rz=01;31:*.cab=01;31:*.wim=01;31:*.swm=01;31:*.dwm=01;31:*.esd=01;31:*.jpg=01;35:*.jpeg=01;35:*.mjpg=01;35:*.mjpeg=01;35:*.gif=01;35:*.bmp=01;35:*.pbm=01;35:*.pgm=01;35:*.ppm=01;35:*.tga=01;35:*.xbm=01;35:*.xpm=01;35:*.tif=01;35:*.tiff=01;35:*.png=01;35:*.svg=01;35:*.svgz=01;35:*.mng=01;35:*.pcx=01;35:*.mov=01;35:*.mpg=01;35:*.mpeg=01;35:*.m2v=01;35:*.mkv=01;35:*.webm=01;35:*.webp=01;35:*.ogm=01;35:*.mp4=01;35:*.m4v=01;35:*.mp4v=01;35:*.vob=01;35:*.qt=01;35:*.nuv=01;35:*.wmv=01;35:*.asf=01;35:*.rm=01;35:*.rmvb=01;35:*.flc=01;35:*.avi=01;35:*.fli=01;35:*.flv=01;35:*.gl=01;35:*.dl=01;35:*.xcf=01;35:*.xwd=01;35:*.yuv=01;35:*.cgm=01;35:*.emf=01;35:*.ogv=01;35:*.ogx=01;35:*.aac=00;36:*.au=00;36:*.flac=00;36:*.m4a=00;36:*.mid=00;36:*.midi=00;36:*.mka=00;36:*.mp3=00;36:*.mpc=00;36:*.ogg=00;36:*.ra=00;36:*.wav=00;36:*.oga=00;36:*.opus=00;36:*.spx=00;36:*.xspf=00;36:'), ('AMENT_PREFIX_PATH', '/root/ros2_ws/install/mg400_interface:/root/ros2_ws/install/mg400_msgs:/root/ros2_ws/install/mg400_common:/opt/ros/humble'), ('PWD', '/root/ros2_ws/build/mg400_plugin_base'), ('LC_ALL', 'C.UTF-8'), ('PYTHONPATH', '/root/ros2_ws/install/mg400_msgs/local/lib/python3.10/dist-packages:/opt/ros/humble/lib/python3.10/site-packages:/opt/ros/humble/local/lib/python3.10/dist-packages'), ('COLCON', '1'), ('CMAKE_PREFIX_PATH', '/root/ros2_ws/install/mg400_interface:/root/ros2_ws/install/mg400_msgs:/root/ros2_ws/install/mg400_common:/opt/ros/humble')]), 'shell': False}
[50.976364] (mg400_joy) JobProgress: {'identifier': 'mg400_joy', 'progress': 'cmake'}
[50.976968] (-) TimerEvent: {}
[50.977469] (mg400_joy) Command: {'cmd': ['/usr/bin/cmake', '/root/ros2_ws/src/MG400_ROS2/mg400_joy', '-DAMENT_CMAKE_SYMLINK_INSTALL=1', '-DCMAKE_INSTALL_PREFIX=/root/ros2_ws/install/mg400_joy'], 'cwd': '/root/ros2_ws/build/mg400_joy', 'env': OrderedDict([('HOSTNAME', 'zzz-2404'), ('SHLVL', '1'), ('LD_LIBRARY_PATH', '/root/ros2_ws/install/mg400_interface/lib:/root/ros2_ws/install/p9n_interface/lib:/root/ros2_ws/install/mg400_msgs/lib:/root/ros2_ws/install/mg400_common/lib:/opt/ros/humble/opt/rviz_ogre_vendor/lib:/opt/ros/humble/lib/x86_64-linux-gnu:/opt/ros/humble/lib'), ('HOME', '/root'), ('OLDPWD', '/root/ros2_ws'), ('ROS_PYTHON_VERSION', '3'), ('ROS_DISTRO', 'humble'), ('_', '/usr/bin/colcon'), ('ROS_VERSION', '2'), ('TERM', 'xterm'), ('ROS_LOCALHOST_ONLY', '0'), ('PATH', '/opt/ros/humble/bin:/usr/local/sbin:/usr/local/bin:/usr/sbin:/usr/bin:/sbin:/bin'), ('LANG', 'C.UTF-8'), ('LS_COLORS', 'rs=0:di=01;34:ln=01;36:mh=00:pi=40;33:so=01;35:do=01;35:bd=40;33;01:cd=40;33;01:or=40;31;01:mi=00:su=37;41:sg=30;43:ca=30;41:tw=30;42:ow=34;42:st=37;44:ex=01;32:*.tar=01;31:*.tgz=01;31:*.arc=01;31:*.arj=01;31:*.taz=01;31:*.lha=01;31:*.lz4=01;31:*.lzh=01;31:*.lzma=01;31:*.tlz=01;31:*.txz=01;31:*.tzo=01;31:*.t7z=01;31:*.zip=01;31:*.z=01;31:*.dz=01;31:*.gz=01;31:*.lrz=01;31:*.lz=01;31:*.lzo=01;31:*.xz=01;31:*.zst=01;31:*.tzst=01;31:*.bz2=01;31:*.bz=01;31:*.tbz=01;31:*.tbz2=01;31:*.tz=01;31:*.deb=01;31:*.rpm=01;31:*.jar=01;31:*.war=01;31:*.ear=01;31:*.sar=01;31:*.rar=01;31:*.alz=01;31:*.ace=01;31:*.zoo=01;31:*.cpio=01;31:*.7z=01;31:*.rz=01;31:*.cab=01;31:*.wim=01;31:*.swm=01;31:*.dwm=01;31:*.esd=01;31:*.jpg=01;35:*.jpeg=01;35:*.mjpg=01;35:*.mjpeg=01;35:*.gif=01;35:*.bmp=01;35:*.pbm=01;35:*.pgm=01;35:*.ppm=01;35:*.tga=01;35:*.xbm=01;35:*.xpm=01;35:*.tif=01;35:*.tiff=01;35:*.png=01;35:*.svg=01;35:*.svgz=01;35:*.mng=01;35:*.pcx=01;35:*.mov=01;35:*.mpg=01;35:*.mpeg=01;35:*.m2v=01;35:*.mkv=01;35:*.webm=01;35:*.webp=01;35:*.ogm=01;35:*.mp4=01;35:*.m4v=01;35:*.mp4v=01;35:*.vob=01;35:*.qt=01;35:*.nuv=01;35:*.wmv=01;35:*.asf=01;35:*.rm=01;35:*.rmvb=01;35:*.flc=01;35:*.avi=01;35:*.fli=01;35:*.flv=01;35:*.gl=01;35:*.dl=01;35:*.xcf=01;35:*.xwd=01;35:*.yuv=01;35:*.cgm=01;35:*.emf=01;35:*.ogv=01;35:*.ogx=01;35:*.aac=00;36:*.au=00;36:*.flac=00;36:*.m4a=00;36:*.mid=00;36:*.midi=00;36:*.mka=00;36:*.mp3=00;36:*.mpc=00;36:*.ogg=00;36:*.ra=00;36:*.wav=00;36:*.oga=00;36:*.opus=00;36:*.spx=00;36:*.xspf=00;36:'), ('AMENT_PREFIX_PATH', '/root/ros2_ws/install/mg400_interface:/root/ros2_ws/install/p9n_interface:/root/ros2_ws/install/mg400_msgs:/root/ros2_ws/install/mg400_common:/opt/ros/humble'), ('PWD', '/root/ros2_ws/build/mg400_joy'), ('LC_ALL', 'C.UTF-8'), ('PYTHONPATH', '/root/ros2_ws/install/mg400_msgs/local/lib/python3.10/dist-packages:/opt/ros/humble/lib/python3.10/site-packages:/opt/ros/humble/local/lib/python3.10/dist-packages'), ('COLCON', '1'), ('CMAKE_PREFIX_PATH', '/root/ros2_ws/install/mg400_interface:/root/ros2_ws/install/p9n_interface:/root/ros2_ws/install/mg400_msgs:/root/ros2_ws/install/mg400_common:/opt/ros/humble')]), 'shell': False}
[50.978676] (mg400_rviz_plugin) JobProgress: {'identifier': 'mg400_rviz_plugin', 'progress': 'cmake'}
[50.978864] (mg400_rviz_plugin) Command: {'cmd': ['/usr/bin/cmake', '/root/ros2_ws/src/MG400_ROS2/mg400_rviz_plugin', '-DAMENT_CMAKE_SYMLINK_INSTALL=1', '-DCMAKE_INSTALL_PREFIX=/root/ros2_ws/install/mg400_rviz_plugin'], 'cwd': '/root/ros2_ws/build/mg400_rviz_plugin', 'env': OrderedDict([('HOSTNAME', 'zzz-2404'), ('SHLVL', '1'), ('LD_LIBRARY_PATH', '/root/ros2_ws/install/mg400_interface/lib:/root/ros2_ws/install/mg400_msgs/lib:/root/ros2_ws/install/mg400_common/lib:/opt/ros/humble/opt/rviz_ogre_vendor/lib:/opt/ros/humble/lib/x86_64-linux-gnu:/opt/ros/humble/lib'), ('HOME', '/root'), ('OLDPWD', '/root/ros2_ws'), ('ROS_PYTHON_VERSION', '3'), ('ROS_DISTRO', 'humble'), ('_', '/usr/bin/colcon'), ('ROS_VERSION', '2'), ('TERM', 'xterm'), ('ROS_LOCALHOST_ONLY', '0'), ('PATH', '/opt/ros/humble/bin:/usr/local/sbin:/usr/local/bin:/usr/sbin:/usr/bin:/sbin:/bin'), ('LANG', 'C.UTF-8'), ('LS_COLORS', 'rs=0:di=01;34:ln=01;36:mh=00:pi=40;33:so=01;35:do=01;35:bd=40;33;01:cd=40;33;01:or=40;31;01:mi=00:su=37;41:sg=30;43:ca=30;41:tw=30;42:ow=34;42:st=37;44:ex=01;32:*.tar=01;31:*.tgz=01;31:*.arc=01;31:*.arj=01;31:*.taz=01;31:*.lha=01;31:*.lz4=01;31:*.lzh=01;31:*.lzma=01;31:*.tlz=01;31:*.txz=01;31:*.tzo=01;31:*.t7z=01;31:*.zip=01;31:*.z=01;31:*.dz=01;31:*.gz=01;31:*.lrz=01;31:*.lz=01;31:*.lzo=01;31:*.xz=01;31:*.zst=01;31:*.tzst=01;31:*.bz2=01;31:*.bz=01;31:*.tbz=01;31:*.tbz2=01;31:*.tz=01;31:*.deb=01;31:*.rpm=01;31:*.jar=01;31:*.war=01;31:*.ear=01;31:*.sar=01;31:*.rar=01;31:*.alz=01;31:*.ace=01;31:*.zoo=01;31:*.cpio=01;31:*.7z=01;31:*.rz=01;31:*.cab=01;31:*.wim=01;31:*.swm=01;31:*.dwm=01;31:*.esd=01;31:*.jpg=01;35:*.jpeg=01;35:*.mjpg=01;35:*.mjpeg=01;35:*.gif=01;35:*.bmp=01;35:*.pbm=01;35:*.pgm=01;35:*.ppm=01;35:*.tga=01;35:*.xbm=01;35:*.xpm=01;35:*.tif=01;35:*.tiff=01;35:*.png=01;35:*.svg=01;35:*.svgz=01;35:*.mng=01;35:*.pcx=01;35:*.mov=01;35:*.mpg=01;35:*.mpeg=01;35:*.m2v=01;35:*.mkv=01;35:*.webm=01;35:*.webp=01;35:*.ogm=01;35:*.mp4=01;35:*.m4v=01;35:*.mp4v=01;35:*.vob=01;35:*.qt=01;35:*.nuv=01;35:*.wmv=01;35:*.asf=01;35:*.rm=01;35:*.rmvb=01;35:*.flc=01;35:*.avi=01;35:*.fli=01;35:*.flv=01;35:*.gl=01;35:*.dl=01;35:*.xcf=01;35:*.xwd=01;35:*.yuv=01;35:*.cgm=01;35:*.emf=01;35:*.ogv=01;35:*.ogx=01;35:*.aac=00;36:*.au=00;36:*.flac=00;36:*.m4a=00;36:*.mid=00;36:*.midi=00;36:*.mka=00;36:*.mp3=00;36:*.mpc=00;36:*.ogg=00;36:*.ra=00;36:*.wav=00;36:*.oga=00;36:*.opus=00;36:*.spx=00;36:*.xspf=00;36:'), ('AMENT_PREFIX_PATH', '/root/ros2_ws/install/mg400_interface:/root/ros2_ws/install/mg400_msgs:/root/ros2_ws/install/mg400_common:/opt/ros/humble'), ('PWD', '/root/ros2_ws/build/mg400_rviz_plugin'), ('LC_ALL', 'C.UTF-8'), ('PYTHONPATH', '/root/ros2_ws/install/mg400_msgs/local/lib/python3.10/dist-packages:/opt/ros/humble/lib/python3.10/site-packages:/opt/ros/humble/local/lib/python3.10/dist-packages'), ('COLCON', '1'), ('CMAKE_PREFIX_PATH', '/root/ros2_ws/install/mg400_interface:/root/ros2_ws/install/mg400_msgs:/root/ros2_ws/install/mg400_common:/opt/ros/humble')]), 'shell': False}
[51.019939] (mg400_plugin_base) StdoutLine: {'line': b'-- The C compiler identification is GNU 11.4.0\n'}
[51.024061] (mg400_joy) StdoutLine: {'line': b'-- The C compiler identification is GNU 11.4.0\n'}
[51.024404] (mg400_rviz_plugin) StdoutLine: {'line': b'-- The C compiler identification is GNU 11.4.0\n'}
[51.066813] (mg400_plugin_base) StdoutLine: {'line': b'-- The CXX compiler identification is GNU 11.4.0\n'}
[51.068886] (mg400_joy) StdoutLine: {'line': b'-- The CXX compiler identification is GNU 11.4.0\n'}
[51.071631] (mg400_rviz_plugin) StdoutLine: {'line': b'-- The CXX compiler identification is GNU 11.4.0\n'}
[51.072448] (mg400_plugin_base) StdoutLine: {'line': b'-- Detecting C compiler ABI info\n'}
[51.074979] (mg400_joy) StdoutLine: {'line': b'-- Detecting C compiler ABI info\n'}
[51.077038] (-) TimerEvent: {}
[51.077423] (mg400_rviz_plugin) StdoutLine: {'line': b'-- Detecting C compiler ABI info\n'}
[51.133442] (mg400_plugin_base) StdoutLine: {'line': b'-- Detecting C compiler ABI info - done\n'}
[51.133750] (mg400_joy) StdoutLine: {'line': b'-- Detecting C compiler ABI info - done\n'}
[51.134573] (mg400_rviz_plugin) StdoutLine: {'line': b'-- Detecting C compiler ABI info - done\n'}
[51.139283] (mg400_plugin_base) StdoutLine: {'line': b'-- Check for working C compiler: /usr/bin/cc - skipped\n'}
[51.139479] (mg400_plugin_base) StdoutLine: {'line': b'-- Detecting C compile features\n'}
[51.139765] (mg400_plugin_base) StdoutLine: {'line': b'-- Detecting C compile features - done\n'}
[51.139940] (mg400_joy) StdoutLine: {'line': b'-- Check for working C compiler: /usr/bin/cc - skipped\n'}
[51.140128] (mg400_joy) StdoutLine: {'line': b'-- Detecting C compile features\n'}
[51.140397] (mg400_joy) StdoutLine: {'line': b'-- Detecting C compile features - done\n'}
[51.141830] (mg400_rviz_plugin) StdoutLine: {'line': b'-- Check for working C compiler: /usr/bin/cc - skipped\n'}
[51.142010] (mg400_rviz_plugin) StdoutLine: {'line': b'-- Detecting C compile features\n'}
[51.142140] (mg400_plugin_base) StdoutLine: {'line': b'-- Detecting CXX compiler ABI info\n'}
[51.142280] (mg400_rviz_plugin) StdoutLine: {'line': b'-- Detecting C compile features - done\n'}
[51.142707] (mg400_joy) StdoutLine: {'line': b'-- Detecting CXX compiler ABI info\n'}
[51.144555] (mg400_rviz_plugin) StdoutLine: {'line': b'-- Detecting CXX compiler ABI info\n'}
[51.177151] (-) TimerEvent: {}
[51.209664] (mg400_rviz_plugin) StdoutLine: {'line': b'-- Detecting CXX compiler ABI info - done\n'}
[51.210248] (mg400_plugin_base) StdoutLine: {'line': b'-- Detecting CXX compiler ABI info - done\n'}
[51.211326] (mg400_joy) StdoutLine: {'line': b'-- Detecting CXX compiler ABI info - done\n'}
[51.214840] (mg400_rviz_plugin) StdoutLine: {'line': b'-- Check for working CXX compiler: /usr/bin/c++ - skipped\n'}
[51.215060] (mg400_rviz_plugin) StdoutLine: {'line': b'-- Detecting CXX compile features\n'}
[51.215374] (mg400_plugin_base) StdoutLine: {'line': b'-- Check for working CXX compiler: /usr/bin/c++ - skipped\n'}
[51.215495] (mg400_rviz_plugin) StdoutLine: {'line': b'-- Detecting CXX compile features - done\n'}
[51.215597] (mg400_plugin_base) StdoutLine: {'line': b'-- Detecting CXX compile features\n'}
[51.215911] (mg400_plugin_base) StdoutLine: {'line': b'-- Detecting CXX compile features - done\n'}
[51.216442] (mg400_joy) StdoutLine: {'line': b'-- Check for working CXX compiler: /usr/bin/c++ - skipped\n'}
[51.216657] (mg400_joy) StdoutLine: {'line': b'-- Detecting CXX compile features\n'}
[51.216982] (mg400_joy) StdoutLine: {'line': b'-- Detecting CXX compile features - done\n'}
[51.218890] (mg400_rviz_plugin) StdoutLine: {'line': b'-- Found ament_cmake_auto: 1.3.14 (/opt/ros/humble/share/ament_cmake_auto/cmake)\n'}
[51.219023] (mg400_plugin_base) StdoutLine: {'line': b'-- Found ament_cmake_auto: 1.3.14 (/opt/ros/humble/share/ament_cmake_auto/cmake)\n'}
[51.219307] (mg400_joy) StdoutLine: {'line': b'-- Found ament_cmake_auto: 1.3.14 (/opt/ros/humble/share/ament_cmake_auto/cmake)\n'}
[51.277237] (-) TimerEvent: {}
[51.353206] (mg400_plugin_base) StdoutLine: {'line': b'-- Found Python3: /usr/bin/python3 (found version "3.10.12") found components: Interpreter \n'}
[51.353735] (mg400_rviz_plugin) StdoutLine: {'line': b'-- Found Python3: /usr/bin/python3 (found version "3.10.12") found components: Interpreter \n'}
[51.354718] (mg400_joy) StdoutLine: {'line': b'-- Found Python3: /usr/bin/python3 (found version "3.10.12") found components: Interpreter \n'}
[51.377325] (-) TimerEvent: {}
[51.411312] (mg400_plugin_base) StdoutLine: {'line': b'-- Override CMake install command with custom implementation using symlinks instead of copying resources\n'}
[51.412934] (mg400_rviz_plugin) StdoutLine: {'line': b'-- Override CMake install command with custom implementation using symlinks instead of copying resources\n'}
[51.414108] (mg400_joy) StdoutLine: {'line': b'-- Override CMake install command with custom implementation using symlinks instead of copying resources\n'}
[51.477447] (-) TimerEvent: {}
[51.537020] (mg400_plugin_base) StdoutLine: {'line': b'-- Found rosidl_generator_c: 3.1.9 (/opt/ros/humble/share/rosidl_generator_c/cmake)\n'}
[51.537360] (mg400_joy) StdoutLine: {'line': b'-- Found rosidl_generator_c: 3.1.9 (/opt/ros/humble/share/rosidl_generator_c/cmake)\n'}
[51.542379] (mg400_plugin_base) StdoutLine: {'line': b'-- Found rosidl_adapter: 3.1.9 (/opt/ros/humble/share/rosidl_adapter/cmake)\n'}
[51.542754] (mg400_joy) StdoutLine: {'line': b'-- Found rosidl_adapter: 3.1.9 (/opt/ros/humble/share/rosidl_adapter/cmake)\n'}
[51.548441] (mg400_rviz_plugin) StdoutLine: {'line': b'-- Found rosidl_generator_c: 3.1.9 (/opt/ros/humble/share/rosidl_generator_c/cmake)\n'}
[51.550481] (mg400_plugin_base) StdoutLine: {'line': b'-- Found rosidl_generator_cpp: 3.1.9 (/opt/ros/humble/share/rosidl_generator_cpp/cmake)\n'}
[51.550953] (mg400_joy) StdoutLine: {'line': b'-- Found rosidl_generator_cpp: 3.1.9 (/opt/ros/humble/share/rosidl_generator_cpp/cmake)\n'}
[51.553528] (mg400_rviz_plugin) StdoutLine: {'line': b'-- Found rosidl_adapter: 3.1.9 (/opt/ros/humble/share/rosidl_adapter/cmake)\n'}
[51.561364] (mg400_rviz_plugin) StdoutLine: {'line': b'-- Found rosidl_generator_cpp: 3.1.9 (/opt/ros/humble/share/rosidl_generator_cpp/cmake)\n'}
[51.561936] (mg400_plugin_base) StdoutLine: {'line': b'-- Using all available rosidl_typesupport_c: rosidl_typesupport_fastrtps_c;rosidl_typesupport_introspection_c\n'}
[51.562085] (mg400_joy) StdoutLine: {'line': b'-- Using all available rosidl_typesupport_c: rosidl_typesupport_fastrtps_c;rosidl_typesupport_introspection_c\n'}
[51.571937] (mg400_rviz_plugin) StdoutLine: {'line': b'-- Using all available rosidl_typesupport_c: rosidl_typesupport_fastrtps_c;rosidl_typesupport_introspection_c\n'}
[51.576434] (mg400_plugin_base) StdoutLine: {'line': b'-- Using all available rosidl_typesupport_cpp: rosidl_typesupport_fastrtps_cpp;rosidl_typesupport_introspection_cpp\n'}
[51.577236] (mg400_joy) StdoutLine: {'line': b'-- Using all available rosidl_typesupport_cpp: rosidl_typesupport_fastrtps_cpp;rosidl_typesupport_introspection_cpp\n'}
[51.577544] (-) TimerEvent: {}
[51.586254] (mg400_rviz_plugin) StdoutLine: {'line': b'-- Using all available rosidl_typesupport_cpp: rosidl_typesupport_fastrtps_cpp;rosidl_typesupport_introspection_cpp\n'}
[51.618269] (mg400_plugin_base) StdoutLine: {'line': b'-- Found rmw_implementation_cmake: 6.1.3 (/opt/ros/humble/share/rmw_implementation_cmake/cmake)\n'}
[51.620550] (mg400_joy) StdoutLine: {'line': b'-- Found rmw_implementation_cmake: 6.1.3 (/opt/ros/humble/share/rmw_implementation_cmake/cmake)\n'}
[51.621116] (mg400_plugin_base) StdoutLine: {'line': b'-- Found rmw_fastrtps_cpp: 6.2.10 (/opt/ros/humble/share/rmw_fastrtps_cpp/cmake)\n'}
[51.623634] (mg400_joy) StdoutLine: {'line': b'-- Found rmw_fastrtps_cpp: 6.2.10 (/opt/ros/humble/share/rmw_fastrtps_cpp/cmake)\n'}
[51.677649] (-) TimerEvent: {}
[51.691601] (mg400_rviz_plugin) StdoutLine: {'line': b'-- Found rmw_implementation_cmake: 6.1.3 (/opt/ros/humble/share/rmw_implementation_cmake/cmake)\n'}
[51.694287] (mg400_rviz_plugin) StdoutLine: {'line': b'-- Found rmw_fastrtps_cpp: 6.2.10 (/opt/ros/humble/share/rmw_fastrtps_cpp/cmake)\n'}
[51.707937] (mg400_joy) StdoutLine: {'line': b'-- Found OpenSSL: /usr/lib/x86_64-linux-gnu/libcrypto.so (found version "3.0.2")  \n'}
[51.709675] (mg400_plugin_base) StdoutLine: {'line': b'-- Found OpenSSL: /usr/lib/x86_64-linux-gnu/libcrypto.so (found version "3.0.2")  \n'}
[51.735773] (mg400_plugin_base) StdoutLine: {'line': b'-- Found FastRTPS: /opt/ros/humble/include  \n'}
[51.735965] (mg400_joy) StdoutLine: {'line': b'-- Found FastRTPS: /opt/ros/humble/include  \n'}
[51.777290] (mg400_plugin_base) StdoutLine: {'line': b"-- Using RMW implementation 'rmw_fastrtps_cpp' as default\n"}
[51.777543] (mg400_joy) StdoutLine: {'line': b"-- Using RMW implementation 'rmw_fastrtps_cpp' as default\n"}
[51.777675] (-) TimerEvent: {}
[51.782495] (mg400_rviz_plugin) StdoutLine: {'line': b'-- Found OpenSSL: /usr/lib/x86_64-linux-gnu/libcrypto.so (found version "3.0.2")  \n'}
[51.790438] (mg400_plugin_base) StdoutLine: {'line': b'-- Looking for pthread.h\n'}
[51.790634] (mg400_joy) StdoutLine: {'line': b'-- Looking for pthread.h\n'}
[51.809362] (mg400_rviz_plugin) StdoutLine: {'line': b'-- Found FastRTPS: /opt/ros/humble/include  \n'}
[51.851657] (mg400_rviz_plugin) StdoutLine: {'line': b"-- Using RMW implementation 'rmw_fastrtps_cpp' as default\n"}
[51.857806] (mg400_joy) StdoutLine: {'line': b'-- Looking for pthread.h - found\n'}
[51.857969] (mg400_joy) StdoutLine: {'line': b'-- Performing Test CMAKE_HAVE_LIBC_PTHREAD\n'}
[51.859395] (mg400_plugin_base) StdoutLine: {'line': b'-- Looking for pthread.h - found\n'}
[51.859606] (mg400_plugin_base) StdoutLine: {'line': b'-- Performing Test CMAKE_HAVE_LIBC_PTHREAD\n'}
[51.860692] (mg400_rviz_plugin) StdoutLine: {'line': b'-- Looking for pthread.h\n'}
[51.877774] (-) TimerEvent: {}
[51.923303] (mg400_rviz_plugin) StdoutLine: {'line': b'-- Looking for pthread.h - found\n'}
[51.923475] (mg400_rviz_plugin) StdoutLine: {'line': b'-- Performing Test CMAKE_HAVE_LIBC_PTHREAD\n'}
[51.923792] (mg400_plugin_base) StdoutLine: {'line': b'-- Performing Test CMAKE_HAVE_LIBC_PTHREAD - Success\n'}
[51.923940] (mg400_joy) StdoutLine: {'line': b'-- Performing Test CMAKE_HAVE_LIBC_PTHREAD - Success\n'}
[51.924751] (mg400_plugin_base) StdoutLine: {'line': b'-- Found Threads: TRUE  \n'}
[51.924863] (mg400_joy) StdoutLine: {'line': b'-- Found Threads: TRUE  \n'}
[51.977863] (-) TimerEvent: {}
[51.995374] (mg400_rviz_plugin) StdoutLine: {'line': b'-- Performing Test CMAKE_HAVE_LIBC_PTHREAD - Success\n'}
[51.996197] (mg400_rviz_plugin) StdoutLine: {'line': b'-- Found Threads: TRUE  \n'}
[52.078026] (-) TimerEvent: {}
[52.146292] (mg400_joy) StdoutLine: {'line': b'-- Found eigen3_cmake_module: 0.1.1 (/opt/ros/humble/share/eigen3_cmake_module/cmake)\n'}
[52.147931] (mg400_joy) StdoutLine: {'line': b'-- Found Eigen3: TRUE (found version "3.4.0") \n'}
[52.148158] (mg400_joy) StdoutLine: {'line': b'-- Ensuring Eigen3 include directory is part of orocos-kdl CMake target\n'}
[52.148777] (mg400_rviz_plugin) StdoutLine: {'line': b'-- Found eigen3_cmake_module: 0.1.1 (/opt/ros/humble/share/eigen3_cmake_module/cmake)\n'}
[52.150076] (mg400_rviz_plugin) StdoutLine: {'line': b'-- Found Eigen3: TRUE (found version "3.4.0") \n'}
[52.150220] (mg400_rviz_plugin) StdoutLine: {'line': b'-- Ensuring Eigen3 include directory is part of orocos-kdl CMake target\n'}
[52.158652] (mg400_plugin_base) StdoutLine: {'line': b'-- Found eigen3_cmake_module: 0.1.1 (/opt/ros/humble/share/eigen3_cmake_module/cmake)\n'}
[52.159704] (mg400_plugin_base) StdoutLine: {'line': b'-- Found Eigen3: TRUE (found version "3.4.0") \n'}
[52.159834] (mg400_plugin_base) StdoutLine: {'line': b'-- Ensuring Eigen3 include directory is part of orocos-kdl CMake target\n'}
[52.161323] (mg400_joy) StdoutLine: {'line': b'-- Found ament_lint_auto: 0.12.15 (/opt/ros/humble/share/ament_lint_auto/cmake)\n'}
[52.163968] (mg400_plugin_base) StdoutLine: {'line': b'-- Found ament_lint_auto: 0.12.15 (/opt/ros/humble/share/ament_lint_auto/cmake)\n'}
[52.177959] (mg400_joy) StderrLine: {'line': b'\x1b[0mIn this package, headers install destination is set to `include` by ament_auto_package. It is recommended to install `include/mg400_joy` instead and will be the default behavior of ament_auto_package from ROS 2 Kilted Kaiju. On distributions before Kilted, ament_auto_package behaves the same way when you use USE_SCOPED_HEADER_INSTALL_DIR option.\x1b[0m\n'}
[52.178183] (-) TimerEvent: {}
[52.181709] (mg400_plugin_base) StderrLine: {'line': b'\x1b[0mIn this package, headers install destination is set to `include` by ament_auto_package. It is recommended to install `include/mg400_plugin_base` instead and will be the default behavior of ament_auto_package from ROS 2 Kilted Kaiju. On distributions before Kilted, ament_auto_package behaves the same way when you use USE_SCOPED_HEADER_INSTALL_DIR option.\x1b[0m\n'}
[52.184252] (mg400_joy) StdoutLine: {'line': b"-- Added test 'cppcheck' to perform static code analysis on C / C++ code\n"}
[52.184486] (mg400_joy) StdoutLine: {'line': b'-- Configured cppcheck include dirs: /root/ros2_ws/src/MG400_ROS2/mg400_joy/include\n'}
[52.184588] (mg400_joy) StdoutLine: {'line': b'-- Configured cppcheck exclude dirs and/or files: \n'}
[52.185099] (mg400_joy) StdoutLine: {'line': b"-- Added test 'lint_cmake' to check CMake code style\n"}
[52.186289] (mg400_joy) StdoutLine: {'line': b"-- Added test 'uncrustify' to check C / C++ code style\n"}
[52.186368] (mg400_joy) StdoutLine: {'line': b'-- Configured uncrustify additional arguments: \n'}
[52.186746] (mg400_joy) StdoutLine: {'line': b"-- Added test 'xmllint' to check XML markup files\n"}
[52.188531] (mg400_plugin_base) StdoutLine: {'line': b"-- Added test 'cppcheck' to perform static code analysis on C / C++ code\n"}
[52.188668] (mg400_plugin_base) StdoutLine: {'line': b'-- Configured cppcheck include dirs: \n'}
[52.188723] (mg400_plugin_base) StdoutLine: {'line': b'-- Configured cppcheck exclude dirs and/or files: \n'}
[52.189310] (mg400_plugin_base) StdoutLine: {'line': b"-- Added test 'lint_cmake' to check CMake code style\n"}
[52.190047] (mg400_joy) StdoutLine: {'line': b'-- Configuring done\n'}
[52.190346] (mg400_plugin_base) StdoutLine: {'line': b"-- Added test 'uncrustify' to check C / C++ code style\n"}
[52.190416] (mg400_plugin_base) StdoutLine: {'line': b'-- Configured uncrustify additional arguments: \n'}
[52.190768] (mg400_plugin_base) StdoutLine: {'line': b"-- Added test 'xmllint' to check XML markup files\n"}
[52.193367] (mg400_plugin_base) StdoutLine: {'line': b'-- Configuring done\n'}
[52.198071] (mg400_rviz_plugin) StdoutLine: {'line': b"-- Setting assimp_DIR to: '/opt/ros/humble/share/rviz_assimp_vendor/cmake/../../../opt/rviz_assimp_vendor/lib/cmake/assimp-4.1'\n"}
[52.200455] (mg400_plugin_base) StdoutLine: {'line': b'-- Generating done\n'}
[52.203366] (mg400_plugin_base) StdoutLine: {'line': b'-- Build files have been written to: /root/ros2_ws/build/mg400_plugin_base\n'}
[52.210523] (mg400_rviz_plugin) StdoutLine: {'line': b"-- Setting OGRE_DIR to: '/opt/ros/humble/share/rviz_ogre_vendor/cmake/../../../opt/rviz_ogre_vendor/lib/OGRE/cmake'\n"}
[52.212448] (mg400_rviz_plugin) StdoutLine: {'line': b'-- Found OGRE\n'}
[52.212581] (mg400_rviz_plugin) StdoutLine: {'line': b'--   static     : OFF\n'}
[52.212696] (mg400_rviz_plugin) StdoutLine: {'line': b'--   components : HLMS;MeshLodGenerator;Overlay;Paging;Property;RTShaderSystem;Terrain;Volume\n'}
[52.212764] (mg400_rviz_plugin) StdoutLine: {'line': b'--   plugins    : Plugin_BSPSceneManager;Plugin_OctreeSceneManager;Plugin_PCZSceneManager;Plugin_ParticleFX;RenderSystem_GL;RenderSystem_GL3Plus;Codec_STBI\n'}
[52.212835] (mg400_rviz_plugin) StdoutLine: {'line': b'--   media      : /opt/ros/humble/opt/rviz_ogre_vendor/share/OGRE/Media\n'}
[52.212899] (mg400_rviz_plugin) StdoutLine: {'line': b'-- OGRE_LIBRARIES: OgreHLMS;OgreMeshLodGenerator;OgreOverlay;OgrePaging;OgreProperty;OgreRTShaderSystem;OgreTerrain;OgreVolume;OgreMain\n'}
[52.212940] (mg400_rviz_plugin) StdoutLine: {'line': b'-- OGRE_LIBRARY_DIRS: /opt/ros/humble/opt/rviz_ogre_vendor/lib\n'}
[52.212979] (mg400_rviz_plugin) StdoutLine: {'line': b'-- OGRE_PLUGINS: Plugin_BSPSceneManager;Plugin_OctreeSceneManager;Plugin_PCZSceneManager;Plugin_ParticleFX;RenderSystem_GL;RenderSystem_GL3Plus;Codec_STBI\n'}
[52.213026] (mg400_rviz_plugin) StdoutLine: {'line': b'-- OGRE_PLUGIN_DIR: /opt/ros/humble/opt/rviz_ogre_vendor/lib/OGRE\n'}
[52.213064] (mg400_rviz_plugin) StdoutLine: {'line': b'-- rviz_ogre_vendor::OgreOverlay for IMPORTED_LOCATION_RELEASE: /opt/ros/humble/opt/rviz_ogre_vendor/lib/libOgreOverlay.so\n'}
[52.213105] (mg400_rviz_plugin) StdoutLine: {'line': b'-- rviz_ogre_vendor::OgreOverlay for IMPORTED_LOCATION_DEBUG: /opt/ros/humble/opt/rviz_ogre_vendor/lib/libOgreOverlay.so\n'}
[52.213144] (mg400_rviz_plugin) StdoutLine: {'line': b'-- rviz_ogre_vendor::OgreMain for IMPORTED_LOCATION_RELEASE: /opt/ros/humble/opt/rviz_ogre_vendor/lib/libOgreMain.so\n'}
[52.213180] (mg400_rviz_plugin) StdoutLine: {'line': b'-- rviz_ogre_vendor::OgreMain for IMPORTED_LOCATION_DEBUG: /opt/ros/humble/opt/rviz_ogre_vendor/lib/libOgreMain.so\n'}
[52.213998] (mg400_rviz_plugin) StdoutLine: {'line': b'-- Could not find freeimage library\n'}
[52.220430] (mg400_plugin_base) CommandEnded: {'returncode': 0}
[52.221022] (mg400_plugin_base) JobProgress: {'identifier': 'mg400_plugin_base', 'progress': 'build'}
[52.221678] (mg400_plugin_base) Command: {'cmd': ['/usr/bin/cmake', '--build', '/root/ros2_ws/build/mg400_plugin_base', '--', '-j16', '-l16'], 'cwd': '/root/ros2_ws/build/mg400_plugin_base', 'env': OrderedDict([('HOSTNAME', 'zzz-2404'), ('SHLVL', '1'), ('LD_LIBRARY_PATH', '/root/ros2_ws/install/mg400_interface/lib:/root/ros2_ws/install/mg400_msgs/lib:/root/ros2_ws/install/mg400_common/lib:/opt/ros/humble/opt/rviz_ogre_vendor/lib:/opt/ros/humble/lib/x86_64-linux-gnu:/opt/ros/humble/lib'), ('HOME', '/root'), ('OLDPWD', '/root/ros2_ws'), ('ROS_PYTHON_VERSION', '3'), ('ROS_DISTRO', 'humble'), ('_', '/usr/bin/colcon'), ('ROS_VERSION', '2'), ('TERM', 'xterm'), ('ROS_LOCALHOST_ONLY', '0'), ('PATH', '/opt/ros/humble/bin:/usr/local/sbin:/usr/local/bin:/usr/sbin:/usr/bin:/sbin:/bin'), ('LANG', 'C.UTF-8'), ('LS_COLORS', 'rs=0:di=01;34:ln=01;36:mh=00:pi=40;33:so=01;35:do=01;35:bd=40;33;01:cd=40;33;01:or=40;31;01:mi=00:su=37;41:sg=30;43:ca=30;41:tw=30;42:ow=34;42:st=37;44:ex=01;32:*.tar=01;31:*.tgz=01;31:*.arc=01;31:*.arj=01;31:*.taz=01;31:*.lha=01;31:*.lz4=01;31:*.lzh=01;31:*.lzma=01;31:*.tlz=01;31:*.txz=01;31:*.tzo=01;31:*.t7z=01;31:*.zip=01;31:*.z=01;31:*.dz=01;31:*.gz=01;31:*.lrz=01;31:*.lz=01;31:*.lzo=01;31:*.xz=01;31:*.zst=01;31:*.tzst=01;31:*.bz2=01;31:*.bz=01;31:*.tbz=01;31:*.tbz2=01;31:*.tz=01;31:*.deb=01;31:*.rpm=01;31:*.jar=01;31:*.war=01;31:*.ear=01;31:*.sar=01;31:*.rar=01;31:*.alz=01;31:*.ace=01;31:*.zoo=01;31:*.cpio=01;31:*.7z=01;31:*.rz=01;31:*.cab=01;31:*.wim=01;31:*.swm=01;31:*.dwm=01;31:*.esd=01;31:*.jpg=01;35:*.jpeg=01;35:*.mjpg=01;35:*.mjpeg=01;35:*.gif=01;35:*.bmp=01;35:*.pbm=01;35:*.pgm=01;35:*.ppm=01;35:*.tga=01;35:*.xbm=01;35:*.xpm=01;35:*.tif=01;35:*.tiff=01;35:*.png=01;35:*.svg=01;35:*.svgz=01;35:*.mng=01;35:*.pcx=01;35:*.mov=01;35:*.mpg=01;35:*.mpeg=01;35:*.m2v=01;35:*.mkv=01;35:*.webm=01;35:*.webp=01;35:*.ogm=01;35:*.mp4=01;35:*.m4v=01;35:*.mp4v=01;35:*.vob=01;35:*.qt=01;35:*.nuv=01;35:*.wmv=01;35:*.asf=01;35:*.rm=01;35:*.rmvb=01;35:*.flc=01;35:*.avi=01;35:*.fli=01;35:*.flv=01;35:*.gl=01;35:*.dl=01;35:*.xcf=01;35:*.xwd=01;35:*.yuv=01;35:*.cgm=01;35:*.emf=01;35:*.ogv=01;35:*.ogx=01;35:*.aac=00;36:*.au=00;36:*.flac=00;36:*.m4a=00;36:*.mid=00;36:*.midi=00;36:*.mka=00;36:*.mp3=00;36:*.mpc=00;36:*.ogg=00;36:*.ra=00;36:*.wav=00;36:*.oga=00;36:*.opus=00;36:*.spx=00;36:*.xspf=00;36:'), ('AMENT_PREFIX_PATH', '/root/ros2_ws/install/mg400_interface:/root/ros2_ws/install/mg400_msgs:/root/ros2_ws/install/mg400_common:/opt/ros/humble'), ('PWD', '/root/ros2_ws/build/mg400_plugin_base'), ('LC_ALL', 'C.UTF-8'), ('PYTHONPATH', '/root/ros2_ws/install/mg400_msgs/local/lib/python3.10/dist-packages:/opt/ros/humble/lib/python3.10/site-packages:/opt/ros/humble/local/lib/python3.10/dist-packages'), ('COLCON', '1'), ('CMAKE_PREFIX_PATH', '/root/ros2_ws/install/mg400_interface:/root/ros2_ws/install/mg400_msgs:/root/ros2_ws/install/mg400_common:/opt/ros/humble')]), 'shell': False}
[52.226092] (mg400_joy) StdoutLine: {'line': b'-- Generating done\n'}
[52.231899] (mg400_joy) StdoutLine: {'line': b'-- Build files have been written to: /root/ros2_ws/build/mg400_joy\n'}
[52.234918] (mg400_rviz_plugin) StdoutLine: {'line': b'-- Found ZLIB: /usr/lib/x86_64-linux-gnu/libz.so (found version "1.2.11") \n'}
[52.240446] (mg400_rviz_plugin) StdoutLine: {'line': b'-- Found OpenGL: /usr/lib/x86_64-linux-gnu/libOpenGL.so   \n'}
[52.242839] (mg400_joy) CommandEnded: {'returncode': 0}
[52.243394] (mg400_joy) JobProgress: {'identifier': 'mg400_joy', 'progress': 'build'}
[52.243914] (mg400_joy) Command: {'cmd': ['/usr/bin/cmake', '--build', '/root/ros2_ws/build/mg400_joy', '--', '-j16', '-l16'], 'cwd': '/root/ros2_ws/build/mg400_joy', 'env': OrderedDict([('HOSTNAME', 'zzz-2404'), ('SHLVL', '1'), ('LD_LIBRARY_PATH', '/root/ros2_ws/install/mg400_interface/lib:/root/ros2_ws/install/p9n_interface/lib:/root/ros2_ws/install/mg400_msgs/lib:/root/ros2_ws/install/mg400_common/lib:/opt/ros/humble/opt/rviz_ogre_vendor/lib:/opt/ros/humble/lib/x86_64-linux-gnu:/opt/ros/humble/lib'), ('HOME', '/root'), ('OLDPWD', '/root/ros2_ws'), ('ROS_PYTHON_VERSION', '3'), ('ROS_DISTRO', 'humble'), ('_', '/usr/bin/colcon'), ('ROS_VERSION', '2'), ('TERM', 'xterm'), ('ROS_LOCALHOST_ONLY', '0'), ('PATH', '/opt/ros/humble/bin:/usr/local/sbin:/usr/local/bin:/usr/sbin:/usr/bin:/sbin:/bin'), ('LANG', 'C.UTF-8'), ('LS_COLORS', 'rs=0:di=01;34:ln=01;36:mh=00:pi=40;33:so=01;35:do=01;35:bd=40;33;01:cd=40;33;01:or=40;31;01:mi=00:su=37;41:sg=30;43:ca=30;41:tw=30;42:ow=34;42:st=37;44:ex=01;32:*.tar=01;31:*.tgz=01;31:*.arc=01;31:*.arj=01;31:*.taz=01;31:*.lha=01;31:*.lz4=01;31:*.lzh=01;31:*.lzma=01;31:*.tlz=01;31:*.txz=01;31:*.tzo=01;31:*.t7z=01;31:*.zip=01;31:*.z=01;31:*.dz=01;31:*.gz=01;31:*.lrz=01;31:*.lz=01;31:*.lzo=01;31:*.xz=01;31:*.zst=01;31:*.tzst=01;31:*.bz2=01;31:*.bz=01;31:*.tbz=01;31:*.tbz2=01;31:*.tz=01;31:*.deb=01;31:*.rpm=01;31:*.jar=01;31:*.war=01;31:*.ear=01;31:*.sar=01;31:*.rar=01;31:*.alz=01;31:*.ace=01;31:*.zoo=01;31:*.cpio=01;31:*.7z=01;31:*.rz=01;31:*.cab=01;31:*.wim=01;31:*.swm=01;31:*.dwm=01;31:*.esd=01;31:*.jpg=01;35:*.jpeg=01;35:*.mjpg=01;35:*.mjpeg=01;35:*.gif=01;35:*.bmp=01;35:*.pbm=01;35:*.pgm=01;35:*.ppm=01;35:*.tga=01;35:*.xbm=01;35:*.xpm=01;35:*.tif=01;35:*.tiff=01;35:*.png=01;35:*.svg=01;35:*.svgz=01;35:*.mng=01;35:*.pcx=01;35:*.mov=01;35:*.mpg=01;35:*.mpeg=01;35:*.m2v=01;35:*.mkv=01;35:*.webm=01;35:*.webp=01;35:*.ogm=01;35:*.mp4=01;35:*.m4v=01;35:*.mp4v=01;35:*.vob=01;35:*.qt=01;35:*.nuv=01;35:*.wmv=01;35:*.asf=01;35:*.rm=01;35:*.rmvb=01;35:*.flc=01;35:*.avi=01;35:*.fli=01;35:*.flv=01;35:*.gl=01;35:*.dl=01;35:*.xcf=01;35:*.xwd=01;35:*.yuv=01;35:*.cgm=01;35:*.emf=01;35:*.ogv=01;35:*.ogx=01;35:*.aac=00;36:*.au=00;36:*.flac=00;36:*.m4a=00;36:*.mid=00;36:*.midi=00;36:*.mka=00;36:*.mp3=00;36:*.mpc=00;36:*.ogg=00;36:*.ra=00;36:*.wav=00;36:*.oga=00;36:*.opus=00;36:*.spx=00;36:*.xspf=00;36:'), ('AMENT_PREFIX_PATH', '/root/ros2_ws/install/mg400_interface:/root/ros2_ws/install/p9n_interface:/root/ros2_ws/install/mg400_msgs:/root/ros2_ws/install/mg400_common:/opt/ros/humble'), ('PWD', '/root/ros2_ws/build/mg400_joy'), ('LC_ALL', 'C.UTF-8'), ('PYTHONPATH', '/root/ros2_ws/install/mg400_msgs/local/lib/python3.10/dist-packages:/opt/ros/humble/lib/python3.10/site-packages:/opt/ros/humble/local/lib/python3.10/dist-packages'), ('COLCON', '1'), ('CMAKE_PREFIX_PATH', '/root/ros2_ws/install/mg400_interface:/root/ros2_ws/install/p9n_interface:/root/ros2_ws/install/mg400_msgs:/root/ros2_ws/install/mg400_common:/opt/ros/humble')]), 'shell': False}
[52.271067] (mg400_plugin_base) CommandEnded: {'returncode': 0}
[52.271937] (mg400_plugin_base) JobProgress: {'identifier': 'mg400_plugin_base', 'progress': 'install'}
[52.272464] (mg400_plugin_base) Command: {'cmd': ['/usr/bin/cmake', '--install', '/root/ros2_ws/build/mg400_plugin_base'], 'cwd': '/root/ros2_ws/build/mg400_plugin_base', 'env': OrderedDict([('HOSTNAME', 'zzz-2404'), ('SHLVL', '1'), ('LD_LIBRARY_PATH', '/root/ros2_ws/install/mg400_interface/lib:/root/ros2_ws/install/mg400_msgs/lib:/root/ros2_ws/install/mg400_common/lib:/opt/ros/humble/opt/rviz_ogre_vendor/lib:/opt/ros/humble/lib/x86_64-linux-gnu:/opt/ros/humble/lib'), ('HOME', '/root'), ('OLDPWD', '/root/ros2_ws'), ('ROS_PYTHON_VERSION', '3'), ('ROS_DISTRO', 'humble'), ('_', '/usr/bin/colcon'), ('ROS_VERSION', '2'), ('TERM', 'xterm'), ('ROS_LOCALHOST_ONLY', '0'), ('PATH', '/opt/ros/humble/bin:/usr/local/sbin:/usr/local/bin:/usr/sbin:/usr/bin:/sbin:/bin'), ('LANG', 'C.UTF-8'), ('LS_COLORS', 'rs=0:di=01;34:ln=01;36:mh=00:pi=40;33:so=01;35:do=01;35:bd=40;33;01:cd=40;33;01:or=40;31;01:mi=00:su=37;41:sg=30;43:ca=30;41:tw=30;42:ow=34;42:st=37;44:ex=01;32:*.tar=01;31:*.tgz=01;31:*.arc=01;31:*.arj=01;31:*.taz=01;31:*.lha=01;31:*.lz4=01;31:*.lzh=01;31:*.lzma=01;31:*.tlz=01;31:*.txz=01;31:*.tzo=01;31:*.t7z=01;31:*.zip=01;31:*.z=01;31:*.dz=01;31:*.gz=01;31:*.lrz=01;31:*.lz=01;31:*.lzo=01;31:*.xz=01;31:*.zst=01;31:*.tzst=01;31:*.bz2=01;31:*.bz=01;31:*.tbz=01;31:*.tbz2=01;31:*.tz=01;31:*.deb=01;31:*.rpm=01;31:*.jar=01;31:*.war=01;31:*.ear=01;31:*.sar=01;31:*.rar=01;31:*.alz=01;31:*.ace=01;31:*.zoo=01;31:*.cpio=01;31:*.7z=01;31:*.rz=01;31:*.cab=01;31:*.wim=01;31:*.swm=01;31:*.dwm=01;31:*.esd=01;31:*.jpg=01;35:*.jpeg=01;35:*.mjpg=01;35:*.mjpeg=01;35:*.gif=01;35:*.bmp=01;35:*.pbm=01;35:*.pgm=01;35:*.ppm=01;35:*.tga=01;35:*.xbm=01;35:*.xpm=01;35:*.tif=01;35:*.tiff=01;35:*.png=01;35:*.svg=01;35:*.svgz=01;35:*.mng=01;35:*.pcx=01;35:*.mov=01;35:*.mpg=01;35:*.mpeg=01;35:*.m2v=01;35:*.mkv=01;35:*.webm=01;35:*.webp=01;35:*.ogm=01;35:*.mp4=01;35:*.m4v=01;35:*.mp4v=01;35:*.vob=01;35:*.qt=01;35:*.nuv=01;35:*.wmv=01;35:*.asf=01;35:*.rm=01;35:*.rmvb=01;35:*.flc=01;35:*.avi=01;35:*.fli=01;35:*.flv=01;35:*.gl=01;35:*.dl=01;35:*.xcf=01;35:*.xwd=01;35:*.yuv=01;35:*.cgm=01;35:*.emf=01;35:*.ogv=01;35:*.ogx=01;35:*.aac=00;36:*.au=00;36:*.flac=00;36:*.m4a=00;36:*.mid=00;36:*.midi=00;36:*.mka=00;36:*.mp3=00;36:*.mpc=00;36:*.ogg=00;36:*.ra=00;36:*.wav=00;36:*.oga=00;36:*.opus=00;36:*.spx=00;36:*.xspf=00;36:'), ('AMENT_PREFIX_PATH', '/root/ros2_ws/install/mg400_interface:/root/ros2_ws/install/mg400_msgs:/root/ros2_ws/install/mg400_common:/opt/ros/humble'), ('PWD', '/root/ros2_ws/build/mg400_plugin_base'), ('LC_ALL', 'C.UTF-8'), ('PYTHONPATH', '/root/ros2_ws/install/mg400_msgs/local/lib/python3.10/dist-packages:/opt/ros/humble/lib/python3.10/site-packages:/opt/ros/humble/local/lib/python3.10/dist-packages'), ('COLCON', '1'), ('CMAKE_PREFIX_PATH', '/root/ros2_ws/install/mg400_interface:/root/ros2_ws/install/mg400_msgs:/root/ros2_ws/install/mg400_common:/opt/ros/humble')]), 'shell': False}
[52.278270] (-) TimerEvent: {}
[52.279627] (mg400_plugin_base) StdoutLine: {'line': b'-- Install configuration: ""\n'}
[52.280084] (mg400_plugin_base) StdoutLine: {'line': b'-- Execute custom install script\n'}
[52.280509] (mg400_plugin_base) StdoutLine: {'line': b'-- Symlinking: /root/ros2_ws/install/mg400_plugin_base/include/mg400_plugin_base/api_loader_base.hpp\n'}
[52.287743] (mg400_plugin_base) StdoutLine: {'line': b'-- Symlinking: /root/ros2_ws/install/mg400_plugin_base/include/mg400_plugin_base/api_plugin_base.hpp\n'}
[52.295464] (mg400_joy) StdoutLine: {'line': b'[ 25%] \x1b[32mBuilding CXX object CMakeFiles/mg400_joy_interface_node_exec.dir/rclcpp_components/node_main_mg400_joy_interface_node_exec.cpp.o\x1b[0m\n'}
[52.296643] (mg400_plugin_base) StdoutLine: {'line': b'-- Symlinking: /root/ros2_ws/install/mg400_plugin_base/share/ament_index/resource_index/package_run_dependencies/mg400_plugin_base\n'}
[52.297532] (mg400_joy) StdoutLine: {'line': b'[ 50%] \x1b[32mBuilding CXX object CMakeFiles/mg400_joy_interface_node.dir/src/mg400_joy_interface_node.cpp.o\x1b[0m\n'}
[52.305978] (mg400_plugin_base) StdoutLine: {'line': b'-- Symlinking: /root/ros2_ws/install/mg400_plugin_base/share/ament_index/resource_index/parent_prefix_path/mg400_plugin_base\n'}
[52.314107] (mg400_plugin_base) StdoutLine: {'line': b'-- Symlinking: /root/ros2_ws/install/mg400_plugin_base/share/mg400_plugin_base/environment/ament_prefix_path.sh\n'}
[52.322009] (mg400_plugin_base) StdoutLine: {'line': b'-- Symlinking: /root/ros2_ws/install/mg400_plugin_base/share/mg400_plugin_base/environment/ament_prefix_path.dsv\n'}
[52.325759] (mg400_rviz_plugin) StdoutLine: {'line': b'-- Found X11: /usr/include   \n'}
[52.326140] (mg400_rviz_plugin) StdoutLine: {'line': b'-- Looking for XOpenDisplay in /usr/lib/x86_64-linux-gnu/libX11.so;/usr/lib/x86_64-linux-gnu/libXext.so\n'}
[52.329993] (mg400_plugin_base) StdoutLine: {'line': b'-- Symlinking: /root/ros2_ws/install/mg400_plugin_base/share/mg400_plugin_base/environment/path.sh\n'}
[52.337864] (mg400_plugin_base) StdoutLine: {'line': b'-- Symlinking: /root/ros2_ws/install/mg400_plugin_base/share/mg400_plugin_base/environment/path.dsv\n'}
[52.346461] (mg400_plugin_base) StdoutLine: {'line': b'-- Symlinking: /root/ros2_ws/install/mg400_plugin_base/share/mg400_plugin_base/local_setup.bash\n'}
[52.354766] (mg400_plugin_base) StdoutLine: {'line': b'-- Symlinking: /root/ros2_ws/install/mg400_plugin_base/share/mg400_plugin_base/local_setup.sh\n'}
[52.363491] (mg400_plugin_base) StdoutLine: {'line': b'-- Symlinking: /root/ros2_ws/install/mg400_plugin_base/share/mg400_plugin_base/local_setup.zsh\n'}
[52.371647] (mg400_plugin_base) StdoutLine: {'line': b'-- Symlinking: /root/ros2_ws/install/mg400_plugin_base/share/mg400_plugin_base/local_setup.dsv\n'}
[52.378378] (-) TimerEvent: {}
[52.380973] (mg400_plugin_base) StdoutLine: {'line': b'-- Symlinking: /root/ros2_ws/install/mg400_plugin_base/share/mg400_plugin_base/package.dsv\n'}
[52.390354] (mg400_plugin_base) StdoutLine: {'line': b'-- Symlinking: /root/ros2_ws/install/mg400_plugin_base/share/ament_index/resource_index/packages/mg400_plugin_base\n'}
[52.393168] (mg400_rviz_plugin) StdoutLine: {'line': b'-- Looking for XOpenDisplay in /usr/lib/x86_64-linux-gnu/libX11.so;/usr/lib/x86_64-linux-gnu/libXext.so - found\n'}
[52.393350] (mg400_rviz_plugin) StdoutLine: {'line': b'-- Looking for gethostbyname\n'}
[52.399960] (mg400_plugin_base) StdoutLine: {'line': b'-- Symlinking: /root/ros2_ws/install/mg400_plugin_base/share/mg400_plugin_base/cmake/ament_cmake_export_dependencies-extras.cmake\n'}
[52.408759] (mg400_plugin_base) StdoutLine: {'line': b'-- Symlinking: /root/ros2_ws/install/mg400_plugin_base/share/mg400_plugin_base/cmake/ament_cmake_export_include_directories-extras.cmake\n'}
[52.419255] (mg400_plugin_base) StdoutLine: {'line': b'-- Symlinking: /root/ros2_ws/install/mg400_plugin_base/share/mg400_plugin_base/cmake/mg400_plugin_baseConfig.cmake\n'}
[52.427808] (mg400_plugin_base) StdoutLine: {'line': b'-- Symlinking: /root/ros2_ws/install/mg400_plugin_base/share/mg400_plugin_base/cmake/mg400_plugin_baseConfig-version.cmake\n'}
[52.436032] (mg400_plugin_base) StdoutLine: {'line': b'-- Symlinking: /root/ros2_ws/install/mg400_plugin_base/share/mg400_plugin_base/package.xml\n'}
[52.446390] (mg400_plugin_base) CommandEnded: {'returncode': 0}
[52.460119] (mg400_plugin_base) JobEnded: {'identifier': 'mg400_plugin_base', 'rc': 0}
[52.460823] (mg400_plugin) JobStarted: {'identifier': 'mg400_plugin'}
[52.464382] (mg400_rviz_plugin) StdoutLine: {'line': b'-- Looking for gethostbyname - found\n'}
[52.464596] (mg400_rviz_plugin) StdoutLine: {'line': b'-- Looking for connect\n'}
[52.471660] (mg400_plugin) JobProgress: {'identifier': 'mg400_plugin', 'progress': 'cmake'}
[52.472088] (mg400_plugin) Command: {'cmd': ['/usr/bin/cmake', '/root/ros2_ws/src/MG400_ROS2/mg400_plugin', '-DAMENT_CMAKE_SYMLINK_INSTALL=1', '-DCMAKE_INSTALL_PREFIX=/root/ros2_ws/install/mg400_plugin'], 'cwd': '/root/ros2_ws/build/mg400_plugin', 'env': OrderedDict([('HOSTNAME', 'zzz-2404'), ('SHLVL', '1'), ('LD_LIBRARY_PATH', '/root/ros2_ws/install/mg400_interface/lib:/root/ros2_ws/install/mg400_msgs/lib:/root/ros2_ws/install/mg400_common/lib:/opt/ros/humble/opt/rviz_ogre_vendor/lib:/opt/ros/humble/lib/x86_64-linux-gnu:/opt/ros/humble/lib'), ('HOME', '/root'), ('OLDPWD', '/root/ros2_ws'), ('ROS_PYTHON_VERSION', '3'), ('ROS_DISTRO', 'humble'), ('_', '/usr/bin/colcon'), ('ROS_VERSION', '2'), ('TERM', 'xterm'), ('ROS_LOCALHOST_ONLY', '0'), ('PATH', '/opt/ros/humble/bin:/usr/local/sbin:/usr/local/bin:/usr/sbin:/usr/bin:/sbin:/bin'), ('LANG', 'C.UTF-8'), ('LS_COLORS', 'rs=0:di=01;34:ln=01;36:mh=00:pi=40;33:so=01;35:do=01;35:bd=40;33;01:cd=40;33;01:or=40;31;01:mi=00:su=37;41:sg=30;43:ca=30;41:tw=30;42:ow=34;42:st=37;44:ex=01;32:*.tar=01;31:*.tgz=01;31:*.arc=01;31:*.arj=01;31:*.taz=01;31:*.lha=01;31:*.lz4=01;31:*.lzh=01;31:*.lzma=01;31:*.tlz=01;31:*.txz=01;31:*.tzo=01;31:*.t7z=01;31:*.zip=01;31:*.z=01;31:*.dz=01;31:*.gz=01;31:*.lrz=01;31:*.lz=01;31:*.lzo=01;31:*.xz=01;31:*.zst=01;31:*.tzst=01;31:*.bz2=01;31:*.bz=01;31:*.tbz=01;31:*.tbz2=01;31:*.tz=01;31:*.deb=01;31:*.rpm=01;31:*.jar=01;31:*.war=01;31:*.ear=01;31:*.sar=01;31:*.rar=01;31:*.alz=01;31:*.ace=01;31:*.zoo=01;31:*.cpio=01;31:*.7z=01;31:*.rz=01;31:*.cab=01;31:*.wim=01;31:*.swm=01;31:*.dwm=01;31:*.esd=01;31:*.jpg=01;35:*.jpeg=01;35:*.mjpg=01;35:*.mjpeg=01;35:*.gif=01;35:*.bmp=01;35:*.pbm=01;35:*.pgm=01;35:*.ppm=01;35:*.tga=01;35:*.xbm=01;35:*.xpm=01;35:*.tif=01;35:*.tiff=01;35:*.png=01;35:*.svg=01;35:*.svgz=01;35:*.mng=01;35:*.pcx=01;35:*.mov=01;35:*.mpg=01;35:*.mpeg=01;35:*.m2v=01;35:*.mkv=01;35:*.webm=01;35:*.webp=01;35:*.ogm=01;35:*.mp4=01;35:*.m4v=01;35:*.mp4v=01;35:*.vob=01;35:*.qt=01;35:*.nuv=01;35:*.wmv=01;35:*.asf=01;35:*.rm=01;35:*.rmvb=01;35:*.flc=01;35:*.avi=01;35:*.fli=01;35:*.flv=01;35:*.gl=01;35:*.dl=01;35:*.xcf=01;35:*.xwd=01;35:*.yuv=01;35:*.cgm=01;35:*.emf=01;35:*.ogv=01;35:*.ogx=01;35:*.aac=00;36:*.au=00;36:*.flac=00;36:*.m4a=00;36:*.mid=00;36:*.midi=00;36:*.mka=00;36:*.mp3=00;36:*.mpc=00;36:*.ogg=00;36:*.ra=00;36:*.wav=00;36:*.oga=00;36:*.opus=00;36:*.spx=00;36:*.xspf=00;36:'), ('AMENT_PREFIX_PATH', '/root/ros2_ws/install/mg400_plugin_base:/root/ros2_ws/install/mg400_interface:/root/ros2_ws/install/mg400_msgs:/root/ros2_ws/install/mg400_common:/opt/ros/humble'), ('PWD', '/root/ros2_ws/build/mg400_plugin'), ('LC_ALL', 'C.UTF-8'), ('PYTHONPATH', '/root/ros2_ws/install/mg400_msgs/local/lib/python3.10/dist-packages:/opt/ros/humble/lib/python3.10/site-packages:/opt/ros/humble/local/lib/python3.10/dist-packages'), ('COLCON', '1'), ('CMAKE_PREFIX_PATH', '/root/ros2_ws/install/mg400_plugin_base:/root/ros2_ws/install/mg400_interface:/root/ros2_ws/install/mg400_msgs:/root/ros2_ws/install/mg400_common:/opt/ros/humble')]), 'shell': False}
[52.478474] (-) TimerEvent: {}
[52.524984] (mg400_plugin) StdoutLine: {'line': b'-- The C compiler identification is GNU 11.4.0\n'}
[52.531857] (mg400_rviz_plugin) StdoutLine: {'line': b'-- Looking for connect - found\n'}
[52.532091] (mg400_rviz_plugin) StdoutLine: {'line': b'-- Looking for remove\n'}
[52.578601] (-) TimerEvent: {}
[52.581600] (mg400_plugin) StdoutLine: {'line': b'-- The CXX compiler identification is GNU 11.4.0\n'}
[52.588728] (mg400_plugin) StdoutLine: {'line': b'-- Detecting C compiler ABI info\n'}
[52.600871] (mg400_rviz_plugin) StdoutLine: {'line': b'-- Looking for remove - found\n'}
[52.601112] (mg400_rviz_plugin) StdoutLine: {'line': b'-- Looking for shmat\n'}
[52.655542] (mg400_plugin) StdoutLine: {'line': b'-- Detecting C compiler ABI info - done\n'}
[52.660974] (mg400_plugin) StdoutLine: {'line': b'-- Check for working C compiler: /usr/bin/cc - skipped\n'}
[52.661338] (mg400_plugin) StdoutLine: {'line': b'-- Detecting C compile features\n'}
[52.661905] (mg400_plugin) StdoutLine: {'line': b'-- Detecting C compile features - done\n'}
[52.664967] (mg400_plugin) StdoutLine: {'line': b'-- Detecting CXX compiler ABI info\n'}
[52.668116] (mg400_rviz_plugin) StdoutLine: {'line': b'-- Looking for shmat - found\n'}
[52.668311] (mg400_rviz_plugin) StdoutLine: {'line': b'-- Looking for IceConnectionNumber in ICE\n'}
[52.678702] (-) TimerEvent: {}
[52.741298] (mg400_rviz_plugin) StdoutLine: {'line': b'-- Looking for IceConnectionNumber in ICE - found\n'}
[52.746611] (mg400_plugin) StdoutLine: {'line': b'-- Detecting CXX compiler ABI info - done\n'}
[52.752256] (mg400_plugin) StdoutLine: {'line': b'-- Check for working CXX compiler: /usr/bin/c++ - skipped\n'}
[52.752448] (mg400_plugin) StdoutLine: {'line': b'-- Detecting CXX compile features\n'}
[52.752810] (mg400_plugin) StdoutLine: {'line': b'-- Detecting CXX compile features - done\n'}
[52.755587] (mg400_plugin) StdoutLine: {'line': b'-- Found ament_cmake_auto: 1.3.14 (/opt/ros/humble/share/ament_cmake_auto/cmake)\n'}
[52.778806] (-) TimerEvent: {}
[52.866338] (mg400_rviz_plugin) StdoutLine: {'line': b'-- library: /usr/lib/x86_64-linux-gnu/libcurl.so\n'}
[52.878910] (-) TimerEvent: {}
[52.926755] (mg400_rviz_plugin) StdoutLine: {'line': b'-- Found ament_lint_auto: 0.12.15 (/opt/ros/humble/share/ament_lint_auto/cmake)\n'}
[52.938449] (mg400_plugin) StdoutLine: {'line': b'-- Found Python3: /usr/bin/python3 (found version "3.10.12") found components: Interpreter \n'}
[52.952242] (mg400_rviz_plugin) StderrLine: {'line': b'\x1b[0mIn this package, headers install destination is set to `include` by ament_auto_package. It is recommended to install `include/mg400_rviz_plugin` instead and will be the default behavior of ament_auto_package from ROS 2 Kilted Kaiju. On distributions before Kilted, ament_auto_package behaves the same way when you use USE_SCOPED_HEADER_INSTALL_DIR option.\x1b[0m\n'}
[52.959263] (mg400_rviz_plugin) StdoutLine: {'line': b"-- Added test 'cppcheck' to perform static code analysis on C / C++ code\n"}
[52.959478] (mg400_rviz_plugin) StdoutLine: {'line': b'-- Configured cppcheck include dirs: /root/ros2_ws/src/MG400_ROS2/mg400_rviz_plugin/include\n'}
[52.959607] (mg400_rviz_plugin) StdoutLine: {'line': b'-- Configured cppcheck exclude dirs and/or files: \n'}
[52.960262] (mg400_rviz_plugin) StdoutLine: {'line': b"-- Added test 'lint_cmake' to check CMake code style\n"}
[52.961539] (mg400_rviz_plugin) StdoutLine: {'line': b"-- Added test 'uncrustify' to check C / C++ code style\n"}
[52.961659] (mg400_rviz_plugin) StdoutLine: {'line': b'-- Configured uncrustify additional arguments: \n'}
[52.962082] (mg400_rviz_plugin) StdoutLine: {'line': b"-- Added test 'xmllint' to check XML markup files\n"}
[52.965935] (mg400_rviz_plugin) StdoutLine: {'line': b'-- Configuring done\n'}
[52.979006] (-) TimerEvent: {}
[53.007498] (mg400_plugin) StdoutLine: {'line': b'-- Override CMake install command with custom implementation using symlinks instead of copying resources\n'}
[53.032533] (mg400_rviz_plugin) StdoutLine: {'line': b'-- Generating done\n'}
[53.038437] (mg400_rviz_plugin) StdoutLine: {'line': b'-- Build files have been written to: /root/ros2_ws/build/mg400_rviz_plugin\n'}
[53.055492] (mg400_rviz_plugin) CommandEnded: {'returncode': 0}
[53.057038] (mg400_rviz_plugin) JobProgress: {'identifier': 'mg400_rviz_plugin', 'progress': 'build'}
[53.057262] (mg400_rviz_plugin) Command: {'cmd': ['/usr/bin/cmake', '--build', '/root/ros2_ws/build/mg400_rviz_plugin', '--', '-j16', '-l16'], 'cwd': '/root/ros2_ws/build/mg400_rviz_plugin', 'env': OrderedDict([('HOSTNAME', 'zzz-2404'), ('SHLVL', '1'), ('LD_LIBRARY_PATH', '/root/ros2_ws/install/mg400_interface/lib:/root/ros2_ws/install/mg400_msgs/lib:/root/ros2_ws/install/mg400_common/lib:/opt/ros/humble/opt/rviz_ogre_vendor/lib:/opt/ros/humble/lib/x86_64-linux-gnu:/opt/ros/humble/lib'), ('HOME', '/root'), ('OLDPWD', '/root/ros2_ws'), ('ROS_PYTHON_VERSION', '3'), ('ROS_DISTRO', 'humble'), ('_', '/usr/bin/colcon'), ('ROS_VERSION', '2'), ('TERM', 'xterm'), ('ROS_LOCALHOST_ONLY', '0'), ('PATH', '/opt/ros/humble/bin:/usr/local/sbin:/usr/local/bin:/usr/sbin:/usr/bin:/sbin:/bin'), ('LANG', 'C.UTF-8'), ('LS_COLORS', 'rs=0:di=01;34:ln=01;36:mh=00:pi=40;33:so=01;35:do=01;35:bd=40;33;01:cd=40;33;01:or=40;31;01:mi=00:su=37;41:sg=30;43:ca=30;41:tw=30;42:ow=34;42:st=37;44:ex=01;32:*.tar=01;31:*.tgz=01;31:*.arc=01;31:*.arj=01;31:*.taz=01;31:*.lha=01;31:*.lz4=01;31:*.lzh=01;31:*.lzma=01;31:*.tlz=01;31:*.txz=01;31:*.tzo=01;31:*.t7z=01;31:*.zip=01;31:*.z=01;31:*.dz=01;31:*.gz=01;31:*.lrz=01;31:*.lz=01;31:*.lzo=01;31:*.xz=01;31:*.zst=01;31:*.tzst=01;31:*.bz2=01;31:*.bz=01;31:*.tbz=01;31:*.tbz2=01;31:*.tz=01;31:*.deb=01;31:*.rpm=01;31:*.jar=01;31:*.war=01;31:*.ear=01;31:*.sar=01;31:*.rar=01;31:*.alz=01;31:*.ace=01;31:*.zoo=01;31:*.cpio=01;31:*.7z=01;31:*.rz=01;31:*.cab=01;31:*.wim=01;31:*.swm=01;31:*.dwm=01;31:*.esd=01;31:*.jpg=01;35:*.jpeg=01;35:*.mjpg=01;35:*.mjpeg=01;35:*.gif=01;35:*.bmp=01;35:*.pbm=01;35:*.pgm=01;35:*.ppm=01;35:*.tga=01;35:*.xbm=01;35:*.xpm=01;35:*.tif=01;35:*.tiff=01;35:*.png=01;35:*.svg=01;35:*.svgz=01;35:*.mng=01;35:*.pcx=01;35:*.mov=01;35:*.mpg=01;35:*.mpeg=01;35:*.m2v=01;35:*.mkv=01;35:*.webm=01;35:*.webp=01;35:*.ogm=01;35:*.mp4=01;35:*.m4v=01;35:*.mp4v=01;35:*.vob=01;35:*.qt=01;35:*.nuv=01;35:*.wmv=01;35:*.asf=01;35:*.rm=01;35:*.rmvb=01;35:*.flc=01;35:*.avi=01;35:*.fli=01;35:*.flv=01;35:*.gl=01;35:*.dl=01;35:*.xcf=01;35:*.xwd=01;35:*.yuv=01;35:*.cgm=01;35:*.emf=01;35:*.ogv=01;35:*.ogx=01;35:*.aac=00;36:*.au=00;36:*.flac=00;36:*.m4a=00;36:*.mid=00;36:*.midi=00;36:*.mka=00;36:*.mp3=00;36:*.mpc=00;36:*.ogg=00;36:*.ra=00;36:*.wav=00;36:*.oga=00;36:*.opus=00;36:*.spx=00;36:*.xspf=00;36:'), ('AMENT_PREFIX_PATH', '/root/ros2_ws/install/mg400_interface:/root/ros2_ws/install/mg400_msgs:/root/ros2_ws/install/mg400_common:/opt/ros/humble'), ('PWD', '/root/ros2_ws/build/mg400_rviz_plugin'), ('LC_ALL', 'C.UTF-8'), ('PYTHONPATH', '/root/ros2_ws/install/mg400_msgs/local/lib/python3.10/dist-packages:/opt/ros/humble/lib/python3.10/site-packages:/opt/ros/humble/local/lib/python3.10/dist-packages'), ('COLCON', '1'), ('CMAKE_PREFIX_PATH', '/root/ros2_ws/install/mg400_interface:/root/ros2_ws/install/mg400_msgs:/root/ros2_ws/install/mg400_common:/opt/ros/humble')]), 'shell': False}
[53.079138] (-) TimerEvent: {}
[53.117934] (mg400_rviz_plugin) StdoutLine: {'line': b'[ 16%] \x1b[34m\x1b[1mAutomatic MOC for target mg400_rviz_plugin\x1b[0m\n'}
[53.149540] (mg400_rviz_plugin) StdoutLine: {'line': b'[ 16%] Built target mg400_rviz_plugin_autogen\n'}
[53.151373] (mg400_plugin) StdoutLine: {'line': b'-- Found rosidl_generator_c: 3.1.9 (/opt/ros/humble/share/rosidl_generator_c/cmake)\n'}
[53.158270] (mg400_plugin) StdoutLine: {'line': b'-- Found rosidl_adapter: 3.1.9 (/opt/ros/humble/share/rosidl_adapter/cmake)\n'}
[53.161887] (mg400_rviz_plugin) StdoutLine: {'line': b'[ 33%] \x1b[34m\x1b[1mGenerating include/mg400_rviz_plugin/moc_panel_mg400_controller.cpp\x1b[0m\n'}
[53.169033] (mg400_plugin) StdoutLine: {'line': b'-- Found rosidl_generator_cpp: 3.1.9 (/opt/ros/humble/share/rosidl_generator_cpp/cmake)\n'}
[53.179241] (-) TimerEvent: {}
[53.181806] (mg400_plugin) StdoutLine: {'line': b'-- Using all available rosidl_typesupport_c: rosidl_typesupport_fastrtps_c;rosidl_typesupport_introspection_c\n'}
[53.185899] (mg400_rviz_plugin) StdoutLine: {'line': b'[ 50%] \x1b[32mBuilding CXX object CMakeFiles/mg400_rviz_plugin.dir/mg400_rviz_plugin_autogen/mocs_compilation.cpp.o\x1b[0m\n'}
[53.186173] (mg400_rviz_plugin) StdoutLine: {'line': b'[ 66%] \x1b[32mBuilding CXX object CMakeFiles/mg400_rviz_plugin.dir/include/mg400_rviz_plugin/moc_panel_mg400_controller.cpp.o\x1b[0m\n'}
[53.186389] (mg400_rviz_plugin) StdoutLine: {'line': b'[ 83%] \x1b[32mBuilding CXX object CMakeFiles/mg400_rviz_plugin.dir/src/panel_mg400_controller.cpp.o\x1b[0m\n'}
[53.203352] (mg400_plugin) StdoutLine: {'line': b'-- Using all available rosidl_typesupport_cpp: rosidl_typesupport_fastrtps_cpp;rosidl_typesupport_introspection_cpp\n'}
[53.279366] (-) TimerEvent: {}
[53.359935] (mg400_plugin) StdoutLine: {'line': b'-- Found rmw_implementation_cmake: 6.1.3 (/opt/ros/humble/share/rmw_implementation_cmake/cmake)\n'}
[53.363851] (mg400_plugin) StdoutLine: {'line': b'-- Found rmw_fastrtps_cpp: 6.2.10 (/opt/ros/humble/share/rmw_fastrtps_cpp/cmake)\n'}
[53.379466] (-) TimerEvent: {}
[53.479825] (-) TimerEvent: {}
[53.485428] (mg400_plugin) StdoutLine: {'line': b'-- Found OpenSSL: /usr/lib/x86_64-linux-gnu/libcrypto.so (found version "3.0.2")  \n'}
[53.517592] (mg400_plugin) StdoutLine: {'line': b'-- Found FastRTPS: /opt/ros/humble/include  \n'}
[53.567753] (mg400_plugin) StdoutLine: {'line': b"-- Using RMW implementation 'rmw_fastrtps_cpp' as default\n"}
[53.578569] (mg400_plugin) StdoutLine: {'line': b'-- Looking for pthread.h\n'}
[53.579915] (-) TimerEvent: {}
[53.661306] (mg400_plugin) StdoutLine: {'line': b'-- Looking for pthread.h - found\n'}
[53.661596] (mg400_plugin) StdoutLine: {'line': b'-- Performing Test CMAKE_HAVE_LIBC_PTHREAD\n'}
[53.680019] (-) TimerEvent: {}
[53.738520] (mg400_plugin) StdoutLine: {'line': b'-- Performing Test CMAKE_HAVE_LIBC_PTHREAD - Success\n'}
[53.739706] (mg400_plugin) StdoutLine: {'line': b'-- Found Threads: TRUE  \n'}
[53.780136] (-) TimerEvent: {}
[53.880485] (-) TimerEvent: {}
[53.906844] (mg400_plugin) StdoutLine: {'line': b'-- Found eigen3_cmake_module: 0.1.1 (/opt/ros/humble/share/eigen3_cmake_module/cmake)\n'}
[53.908109] (mg400_plugin) StdoutLine: {'line': b'-- Found Eigen3: TRUE (found version "3.4.0") \n'}
[53.908317] (mg400_plugin) StdoutLine: {'line': b'-- Ensuring Eigen3 include directory is part of orocos-kdl CMake target\n'}
[53.973054] (mg400_plugin) StdoutLine: {'line': b'-- Found ament_lint_auto: 0.12.15 (/opt/ros/humble/share/ament_lint_auto/cmake)\n'}
[53.980601] (-) TimerEvent: {}
[53.992321] (mg400_plugin) StderrLine: {'line': b'\x1b[0mIn this package, headers install destination is set to `include` by ament_auto_package. It is recommended to install `include/mg400_plugin` instead and will be the default behavior of ament_auto_package from ROS 2 Kilted Kaiju. On distributions before Kilted, ament_auto_package behaves the same way when you use USE_SCOPED_HEADER_INSTALL_DIR option.\x1b[0m\n'}
[54.003467] (mg400_plugin) StdoutLine: {'line': b"-- Added test 'cppcheck' to perform static code analysis on C / C++ code\n"}
[54.003734] (mg400_plugin) StdoutLine: {'line': b'-- Configured cppcheck include dirs: /root/ros2_ws/src/MG400_ROS2/mg400_plugin/include\n'}
[54.003833] (mg400_plugin) StdoutLine: {'line': b'-- Configured cppcheck exclude dirs and/or files: \n'}
[54.006354] (mg400_plugin) StdoutLine: {'line': b"-- Added test 'lint_cmake' to check CMake code style\n"}
[54.012886] (mg400_plugin) StdoutLine: {'line': b"-- Added test 'uncrustify' to check C / C++ code style\n"}
[54.013087] (mg400_plugin) StdoutLine: {'line': b'-- Configured uncrustify additional arguments: \n'}
[54.013990] (mg400_plugin) StdoutLine: {'line': b"-- Added test 'xmllint' to check XML markup files\n"}
[54.017667] (mg400_plugin) StdoutLine: {'line': b'-- Configuring done\n'}
[54.080757] (-) TimerEvent: {}
[54.088051] (mg400_plugin) StdoutLine: {'line': b'-- Generating done\n'}
[54.095323] (mg400_plugin) StdoutLine: {'line': b'-- Build files have been written to: /root/ros2_ws/build/mg400_plugin\n'}
[54.110466] (mg400_plugin) CommandEnded: {'returncode': 0}
[54.111127] (mg400_plugin) JobProgress: {'identifier': 'mg400_plugin', 'progress': 'build'}
[54.111364] (mg400_plugin) Command: {'cmd': ['/usr/bin/cmake', '--build', '/root/ros2_ws/build/mg400_plugin', '--', '-j16', '-l16'], 'cwd': '/root/ros2_ws/build/mg400_plugin', 'env': OrderedDict([('HOSTNAME', 'zzz-2404'), ('SHLVL', '1'), ('LD_LIBRARY_PATH', '/root/ros2_ws/install/mg400_interface/lib:/root/ros2_ws/install/mg400_msgs/lib:/root/ros2_ws/install/mg400_common/lib:/opt/ros/humble/opt/rviz_ogre_vendor/lib:/opt/ros/humble/lib/x86_64-linux-gnu:/opt/ros/humble/lib'), ('HOME', '/root'), ('OLDPWD', '/root/ros2_ws'), ('ROS_PYTHON_VERSION', '3'), ('ROS_DISTRO', 'humble'), ('_', '/usr/bin/colcon'), ('ROS_VERSION', '2'), ('TERM', 'xterm'), ('ROS_LOCALHOST_ONLY', '0'), ('PATH', '/opt/ros/humble/bin:/usr/local/sbin:/usr/local/bin:/usr/sbin:/usr/bin:/sbin:/bin'), ('LANG', 'C.UTF-8'), ('LS_COLORS', 'rs=0:di=01;34:ln=01;36:mh=00:pi=40;33:so=01;35:do=01;35:bd=40;33;01:cd=40;33;01:or=40;31;01:mi=00:su=37;41:sg=30;43:ca=30;41:tw=30;42:ow=34;42:st=37;44:ex=01;32:*.tar=01;31:*.tgz=01;31:*.arc=01;31:*.arj=01;31:*.taz=01;31:*.lha=01;31:*.lz4=01;31:*.lzh=01;31:*.lzma=01;31:*.tlz=01;31:*.txz=01;31:*.tzo=01;31:*.t7z=01;31:*.zip=01;31:*.z=01;31:*.dz=01;31:*.gz=01;31:*.lrz=01;31:*.lz=01;31:*.lzo=01;31:*.xz=01;31:*.zst=01;31:*.tzst=01;31:*.bz2=01;31:*.bz=01;31:*.tbz=01;31:*.tbz2=01;31:*.tz=01;31:*.deb=01;31:*.rpm=01;31:*.jar=01;31:*.war=01;31:*.ear=01;31:*.sar=01;31:*.rar=01;31:*.alz=01;31:*.ace=01;31:*.zoo=01;31:*.cpio=01;31:*.7z=01;31:*.rz=01;31:*.cab=01;31:*.wim=01;31:*.swm=01;31:*.dwm=01;31:*.esd=01;31:*.jpg=01;35:*.jpeg=01;35:*.mjpg=01;35:*.mjpeg=01;35:*.gif=01;35:*.bmp=01;35:*.pbm=01;35:*.pgm=01;35:*.ppm=01;35:*.tga=01;35:*.xbm=01;35:*.xpm=01;35:*.tif=01;35:*.tiff=01;35:*.png=01;35:*.svg=01;35:*.svgz=01;35:*.mng=01;35:*.pcx=01;35:*.mov=01;35:*.mpg=01;35:*.mpeg=01;35:*.m2v=01;35:*.mkv=01;35:*.webm=01;35:*.webp=01;35:*.ogm=01;35:*.mp4=01;35:*.m4v=01;35:*.mp4v=01;35:*.vob=01;35:*.qt=01;35:*.nuv=01;35:*.wmv=01;35:*.asf=01;35:*.rm=01;35:*.rmvb=01;35:*.flc=01;35:*.avi=01;35:*.fli=01;35:*.flv=01;35:*.gl=01;35:*.dl=01;35:*.xcf=01;35:*.xwd=01;35:*.yuv=01;35:*.cgm=01;35:*.emf=01;35:*.ogv=01;35:*.ogx=01;35:*.aac=00;36:*.au=00;36:*.flac=00;36:*.m4a=00;36:*.mid=00;36:*.midi=00;36:*.mka=00;36:*.mp3=00;36:*.mpc=00;36:*.ogg=00;36:*.ra=00;36:*.wav=00;36:*.oga=00;36:*.opus=00;36:*.spx=00;36:*.xspf=00;36:'), ('AMENT_PREFIX_PATH', '/root/ros2_ws/install/mg400_plugin_base:/root/ros2_ws/install/mg400_interface:/root/ros2_ws/install/mg400_msgs:/root/ros2_ws/install/mg400_common:/opt/ros/humble'), ('PWD', '/root/ros2_ws/build/mg400_plugin'), ('LC_ALL', 'C.UTF-8'), ('PYTHONPATH', '/root/ros2_ws/install/mg400_msgs/local/lib/python3.10/dist-packages:/opt/ros/humble/lib/python3.10/site-packages:/opt/ros/humble/local/lib/python3.10/dist-packages'), ('COLCON', '1'), ('CMAKE_PREFIX_PATH', '/root/ros2_ws/install/mg400_plugin_base:/root/ros2_ws/install/mg400_interface:/root/ros2_ws/install/mg400_msgs:/root/ros2_ws/install/mg400_common:/opt/ros/humble')]), 'shell': False}
[54.173128] (mg400_plugin) StdoutLine: {'line': b'[ 10%] \x1b[32mBuilding CXX object CMakeFiles/mg400_plugin_dashboard_api.dir/src/dashboard_api/acc_j.cpp.o\x1b[0m\n'}
[54.173509] (mg400_plugin) StdoutLine: {'line': b'[ 10%] \x1b[32mBuilding CXX object CMakeFiles/mg400_plugin_dashboard_api.dir/src/dashboard_api/arch.cpp.o\x1b[0m\n'}
[54.173818] (mg400_plugin) StdoutLine: {'line': b'[ 16%] \x1b[32mBuilding CXX object CMakeFiles/mg400_plugin_dashboard_api.dir/src/dashboard_api/do.cpp.o\x1b[0m\n'}
[54.173947] (mg400_plugin) StdoutLine: {'line': b'[ 16%] \x1b[32mBuilding CXX object CMakeFiles/mg400_plugin_dashboard_api.dir/src/dashboard_api/emergency_stop.cpp.o\x1b[0m\n'}
[54.174417] (mg400_plugin) StdoutLine: {'line': b'[ 16%] \x1b[32mBuilding CXX object CMakeFiles/mg400_plugin_dashboard_api.dir/src/dashboard_api/clear_error.cpp.o\x1b[0m\n'}
[54.174776] (mg400_plugin) StdoutLine: {'line': b'[ 16%] \x1b[32mBuilding CXX object CMakeFiles/mg400_plugin_dashboard_api.dir/src/dashboard_api/di.cpp.o\x1b[0m\n'}
[54.174929] (mg400_plugin) StdoutLine: {'line': b'[ 21%] \x1b[32mBuilding CXX object CMakeFiles/mg400_plugin_dashboard_api.dir/src/dashboard_api/get_angle.cpp.o\x1b[0m\n'}
[54.175082] (mg400_plugin) StdoutLine: {'line': b'[ 24%] \x1b[32mBuilding CXX object CMakeFiles/mg400_plugin_dashboard_api.dir/src/dashboard_api/disable_robot.cpp.o\x1b[0m\n'}
[54.176000] (mg400_plugin) StdoutLine: {'line': b'[ 27%] \x1b[32mBuilding CXX object CMakeFiles/mg400_plugin_dashboard_api.dir/src/dashboard_api/cp.cpp.o\x1b[0m\n'}
[54.176549] (mg400_plugin) StdoutLine: {'line': b'[ 27%] \x1b[32mBuilding CXX object CMakeFiles/mg400_plugin_dashboard_api.dir/src/dashboard_api/get_error_id.cpp.o\x1b[0m\n'}
[54.177424] (mg400_plugin) StdoutLine: {'line': b'[ 29%] \x1b[32mBuilding CXX object CMakeFiles/mg400_plugin_dashboard_api.dir/src/dashboard_api/acc_l.cpp.o\x1b[0m\n'}
[54.178128] (mg400_plugin) StdoutLine: {'line': b'[ 32%] \x1b[32mBuilding CXX object CMakeFiles/mg400_plugin_dashboard_api.dir/src/dashboard_api/pay_load.cpp.o\x1b[0m\n'}
[54.179129] (mg400_plugin) StdoutLine: {'line': b'[ 35%] \x1b[32mBuilding CXX object CMakeFiles/mg400_plugin_dashboard_api.dir/src/dashboard_api/inverse_solution.cpp.o\x1b[0m\n'}
[54.180220] (mg400_plugin) StdoutLine: {'line': b'[ 37%] \x1b[32mBuilding CXX object CMakeFiles/mg400_plugin_dashboard_api.dir/src/dashboard_api/enable_robot.cpp.o\x1b[0m\n'}
[54.181670] (-) TimerEvent: {}
[54.181924] (mg400_plugin) StdoutLine: {'line': b'[ 40%] \x1b[32mBuilding CXX object CMakeFiles/mg400_plugin_dashboard_api.dir/src/dashboard_api/get_pose.cpp.o\x1b[0m\n'}
[54.182705] (mg400_plugin) StdoutLine: {'line': b'[ 43%] \x1b[32mBuilding CXX object CMakeFiles/mg400_plugin_dashboard_api.dir/src/dashboard_api/positive_solution.cpp.o\x1b[0m\n'}
[54.281791] (-) TimerEvent: {}
[54.383995] (-) TimerEvent: {}
[54.484447] (-) TimerEvent: {}
[54.584898] (-) TimerEvent: {}
[54.685402] (-) TimerEvent: {}
[54.785886] (-) TimerEvent: {}
[54.886708] (-) TimerEvent: {}
[54.987258] (-) TimerEvent: {}
[55.091057] (-) TimerEvent: {}
[55.191675] (-) TimerEvent: {}
[55.292335] (-) TimerEvent: {}
[55.392940] (-) TimerEvent: {}
[55.495718] (-) TimerEvent: {}
[55.596432] (-) TimerEvent: {}
[55.757124] (-) TimerEvent: {}
[55.862027] (-) TimerEvent: {}
[55.966264] (-) TimerEvent: {}
[56.067389] (-) TimerEvent: {}
[56.168218] (-) TimerEvent: {}
[56.269668] (-) TimerEvent: {}
[56.370726] (-) TimerEvent: {}
[56.382933] (mg400_joy) StdoutLine: {'line': b'[ 75%] \x1b[32m\x1b[1mLinking CXX executable mg400_joy_interface_node_exec\x1b[0m\n'}
[56.475714] (-) TimerEvent: {}
[56.578722] (-) TimerEvent: {}
[56.679156] (-) TimerEvent: {}
[56.779619] (-) TimerEvent: {}
[56.880219] (-) TimerEvent: {}
[56.919552] (mg400_joy) StdoutLine: {'line': b'[ 75%] Built target mg400_joy_interface_node_exec\n'}
[56.980348] (-) TimerEvent: {}
[57.080913] (-) TimerEvent: {}
[57.182188] (-) TimerEvent: {}
[57.282592] (-) TimerEvent: {}
[57.383020] (-) TimerEvent: {}
[57.484713] (-) TimerEvent: {}
[57.585147] (-) TimerEvent: {}
[57.685716] (-) TimerEvent: {}
[57.787578] (-) TimerEvent: {}
[57.888335] (-) TimerEvent: {}
[57.990943] (-) TimerEvent: {}
[58.091720] (-) TimerEvent: {}
[58.192720] (-) TimerEvent: {}
[58.304838] (-) TimerEvent: {}
[58.407068] (-) TimerEvent: {}
[58.507724] (-) TimerEvent: {}
[58.608728] (-) TimerEvent: {}
[58.709198] (-) TimerEvent: {}
[58.809718] (-) TimerEvent: {}
[58.910740] (-) TimerEvent: {}
[59.022935] (-) TimerEvent: {}
[59.123502] (-) TimerEvent: {}
[59.229713] (-) TimerEvent: {}
[59.334717] (-) TimerEvent: {}
[59.438712] (-) TimerEvent: {}
[59.542820] (-) TimerEvent: {}
[59.644770] (-) TimerEvent: {}
[59.745443] (-) TimerEvent: {}
[59.846905] (-) TimerEvent: {}
[59.947477] (-) TimerEvent: {}
[60.051598] (-) TimerEvent: {}
[60.152327] (-) TimerEvent: {}
[60.253713] (-) TimerEvent: {}
[60.354319] (-) TimerEvent: {}
[60.454822] (-) TimerEvent: {}
[60.558129] (-) TimerEvent: {}
[60.658998] (-) TimerEvent: {}
[60.759559] (-) TimerEvent: {}
[60.860151] (-) TimerEvent: {}
[60.960705] (-) TimerEvent: {}
[61.061342] (-) TimerEvent: {}
[61.163258] (-) TimerEvent: {}
[61.263812] (-) TimerEvent: {}
[61.364358] (-) TimerEvent: {}
[61.465243] (-) TimerEvent: {}
[61.568060] (-) TimerEvent: {}
[61.668911] (-) TimerEvent: {}
[61.769453] (-) TimerEvent: {}
[61.870055] (-) TimerEvent: {}
[61.971264] (-) TimerEvent: {}
[62.075630] (-) TimerEvent: {}
[62.178149] (-) TimerEvent: {}
[62.279717] (-) TimerEvent: {}
[62.380257] (-) TimerEvent: {}
[62.480816] (-) TimerEvent: {}
[62.581708] (-) TimerEvent: {}
[62.683859] (-) TimerEvent: {}
[62.784720] (-) TimerEvent: {}
[62.885799] (-) TimerEvent: {}
[62.990031] (-) TimerEvent: {}
[63.095357] (-) TimerEvent: {}
[63.196761] (-) TimerEvent: {}
[63.299083] (-) TimerEvent: {}
[63.400212] (-) TimerEvent: {}
[63.500916] (-) TimerEvent: {}
[63.602711] (-) TimerEvent: {}
[63.707411] (-) TimerEvent: {}
[63.808351] (-) TimerEvent: {}
[63.911086] (-) TimerEvent: {}
[64.012039] (-) TimerEvent: {}
[64.042355] (mg400_plugin) StdoutLine: {'line': b'[ 48%] \x1b[32mBuilding CXX object CMakeFiles/mg400_plugin_dashboard_api.dir/src/dashboard_api/reset_robot.cpp.o\x1b[0m\n'}
[64.067302] (mg400_plugin) StdoutLine: {'line': b'[ 48%] \x1b[32mBuilding CXX object CMakeFiles/mg400_plugin_dashboard_api.dir/src/dashboard_api/robot_mode.cpp.o\x1b[0m\n'}
[64.112265] (-) TimerEvent: {}
[64.212975] (-) TimerEvent: {}
[64.262192] (mg400_plugin) StdoutLine: {'line': b'[ 51%] \x1b[32mBuilding CXX object CMakeFiles/mg400_plugin_dashboard_api.dir/src/dashboard_api/set_collision_level.cpp.o\x1b[0m\n'}
[64.313952] (-) TimerEvent: {}
[64.417143] (-) TimerEvent: {}
[64.495902] (mg400_plugin) StdoutLine: {'line': b'[ 54%] \x1b[32mBuilding CXX object CMakeFiles/mg400_plugin_dashboard_api.dir/src/dashboard_api/speed_factor.cpp.o\x1b[0m\n'}
[64.517264] (-) TimerEvent: {}
[64.618015] (-) TimerEvent: {}
[64.718537] (-) TimerEvent: {}
[64.783645] (mg400_plugin) StdoutLine: {'line': b'[ 56%] \x1b[32mBuilding CXX object CMakeFiles/mg400_plugin_dashboard_api.dir/src/dashboard_api/speed_j.cpp.o\x1b[0m\n'}
[64.818665] (-) TimerEvent: {}
[64.899162] (mg400_plugin) StdoutLine: {'line': b'[ 59%] \x1b[32mBuilding CXX object CMakeFiles/mg400_plugin_dashboard_api.dir/src/dashboard_api/speed_l.cpp.o\x1b[0m\n'}
[64.919054] (-) TimerEvent: {}
[65.020766] (-) TimerEvent: {}
[65.123712] (-) TimerEvent: {}
[65.129168] (mg400_plugin) StdoutLine: {'line': b'[ 62%] \x1b[32mBuilding CXX object CMakeFiles/mg400_plugin_dashboard_api.dir/src/dashboard_api/tool.cpp.o\x1b[0m\n'}
[65.215894] (mg400_plugin) StdoutLine: {'line': b'[ 64%] \x1b[32mBuilding CXX object CMakeFiles/mg400_plugin_dashboard_api.dir/src/dashboard_api/tool_di.cpp.o\x1b[0m\n'}
[65.223844] (-) TimerEvent: {}
[65.290846] (mg400_plugin) StdoutLine: {'line': b'[ 67%] \x1b[32mBuilding CXX object CMakeFiles/mg400_plugin_dashboard_api.dir/src/dashboard_api/tool_do_execute.cpp.o\x1b[0m\n'}
[65.324708] (-) TimerEvent: {}
[65.409074] (mg400_plugin) StdoutLine: {'line': b'[ 70%] \x1b[32mBuilding CXX object CMakeFiles/mg400_plugin_dashboard_api.dir/src/dashboard_api/user.cpp.o\x1b[0m\n'}
[65.424828] (-) TimerEvent: {}
[65.525476] (-) TimerEvent: {}
[65.626748] (-) TimerEvent: {}
[65.655096] (mg400_plugin) StdoutLine: {'line': b'[ 72%] \x1b[32mBuilding CXX object CMakeFiles/mg400_plugin_dashboard_api.dir/src/tf_manager.cpp.o\x1b[0m\n'}
[65.726859] (-) TimerEvent: {}
[65.827811] (-) TimerEvent: {}
[65.928670] (-) TimerEvent: {}
[66.029384] (-) TimerEvent: {}
[66.130426] (-) TimerEvent: {}
[66.231648] (-) TimerEvent: {}
[66.332087] (-) TimerEvent: {}
[66.434106] (-) TimerEvent: {}
[66.534569] (-) TimerEvent: {}
[66.635072] (-) TimerEvent: {}
[66.735705] (-) TimerEvent: {}
[66.836710] (-) TimerEvent: {}
[66.937195] (-) TimerEvent: {}
[67.037927] (-) TimerEvent: {}
[67.138714] (-) TimerEvent: {}
[67.239135] (-) TimerEvent: {}
[67.342233] (-) TimerEvent: {}
[67.442706] (-) TimerEvent: {}
[67.543127] (-) TimerEvent: {}
[67.643714] (-) TimerEvent: {}
[67.744731] (-) TimerEvent: {}
[67.845181] (-) TimerEvent: {}
[67.945617] (-) TimerEvent: {}
[68.046715] (-) TimerEvent: {}
[68.147151] (-) TimerEvent: {}
[68.247595] (-) TimerEvent: {}
[68.348713] (-) TimerEvent: {}
[68.449142] (-) TimerEvent: {}
[68.550228] (-) TimerEvent: {}
[68.650778] (-) TimerEvent: {}
[68.751896] (-) TimerEvent: {}
[68.852433] (-) TimerEvent: {}
[68.953031] (-) TimerEvent: {}
[69.053736] (-) TimerEvent: {}
[69.154152] (-) TimerEvent: {}
[69.255164] (-) TimerEvent: {}
[69.355736] (-) TimerEvent: {}
[69.456180] (-) TimerEvent: {}
[69.556564] (-) TimerEvent: {}
[69.656973] (-) TimerEvent: {}
[69.757382] (-) TimerEvent: {}
[69.858722] (-) TimerEvent: {}
[69.959151] (-) TimerEvent: {}
[70.059534] (-) TimerEvent: {}
[70.160706] (-) TimerEvent: {}
[70.261065] (-) TimerEvent: {}
[70.361465] (-) TimerEvent: {}
[70.461919] (-) TimerEvent: {}
[70.562333] (-) TimerEvent: {}
[70.662728] (-) TimerEvent: {}
[70.763099] (-) TimerEvent: {}
[70.863495] (-) TimerEvent: {}
[70.963911] (-) TimerEvent: {}
[71.064413] (-) TimerEvent: {}
[71.164828] (-) TimerEvent: {}
[71.265218] (-) TimerEvent: {}
[71.365588] (-) TimerEvent: {}
[71.465978] (-) TimerEvent: {}
[71.566357] (-) TimerEvent: {}
[71.666716] (-) TimerEvent: {}
[71.767077] (-) TimerEvent: {}
[71.867386] (-) TimerEvent: {}
[71.967716] (-) TimerEvent: {}
[72.068041] (-) TimerEvent: {}
[72.168413] (-) TimerEvent: {}
[72.268778] (-) TimerEvent: {}
[72.369228] (-) TimerEvent: {}
[72.469558] (-) TimerEvent: {}
[72.569933] (-) TimerEvent: {}
[72.670285] (-) TimerEvent: {}
[72.770671] (-) TimerEvent: {}
[72.776980] (mg400_plugin) StdoutLine: {'line': b'[ 75%] \x1b[32m\x1b[1mLinking CXX shared library libmg400_plugin_dashboard_api.so\x1b[0m\n'}
[72.870784] (-) TimerEvent: {}
[72.971127] (-) TimerEvent: {}
[73.071501] (-) TimerEvent: {}
[73.171939] (-) TimerEvent: {}
[73.272309] (-) TimerEvent: {}
[73.372650] (-) TimerEvent: {}
[73.473023] (-) TimerEvent: {}
[73.573338] (-) TimerEvent: {}
[73.673673] (-) TimerEvent: {}
[73.774042] (-) TimerEvent: {}
[73.874520] (-) TimerEvent: {}
[73.965908] (mg400_joy) StdoutLine: {'line': b'[100%] \x1b[32m\x1b[1mLinking CXX shared library libmg400_joy_interface_node.so\x1b[0m\n'}
[73.974591] (-) TimerEvent: {}
[74.074872] (-) TimerEvent: {}
[74.175234] (-) TimerEvent: {}
[74.275579] (-) TimerEvent: {}
[74.375947] (-) TimerEvent: {}
[74.433089] (mg400_plugin) StdoutLine: {'line': b'[ 75%] Built target mg400_plugin_dashboard_api\n'}
[74.465637] (mg400_plugin) StdoutLine: {'line': b'[ 89%] \x1b[32mBuilding CXX object CMakeFiles/mg400_plugin_motion_api.dir/src/motion_api/mov_jio.cpp.o\x1b[0m\n'}
[74.465885] (mg400_plugin) StdoutLine: {'line': b'[ 89%] \x1b[32mBuilding CXX object CMakeFiles/mg400_plugin_motion_api.dir/src/motion_api/joint_mov_j.cpp.o\x1b[0m\n'}
[74.466146] (mg400_plugin) StdoutLine: {'line': b'[ 89%] \x1b[32mBuilding CXX object CMakeFiles/mg400_plugin_motion_api.dir/src/motion_api/command_queue.cpp.o\x1b[0m\n'}
[74.466250] (mg400_plugin) StdoutLine: {'line': b'[ 89%] \x1b[32mBuilding CXX object CMakeFiles/mg400_plugin_motion_api.dir/src/motion_api/mov_l.cpp.o\x1b[0m\n'}
[74.466323] (mg400_plugin) StdoutLine: {'line': b'[ 89%] \x1b[32mBuilding CXX object CMakeFiles/mg400_plugin_motion_api.dir/src/motion_api/mov_j.cpp.o\x1b[0m\n'}
[74.466381] (mg400_plugin) StdoutLine: {'line': b'[ 91%] \x1b[32mBuilding CXX object CMakeFiles/mg400_plugin_motion_api.dir/src/motion_api/mov_lio.cpp.o\x1b[0m\n'}
[74.466450] (mg400_plugin) StdoutLine: {'line': b'[ 94%] \x1b[32mBuilding CXX object CMakeFiles/mg400_plugin_motion_api.dir/src/motion_api/move_jog.cpp.o\x1b[0m\n'}
[74.466688] (mg400_plugin) StdoutLine: {'line': b'[ 97%] \x1b[32mBuilding CXX object CMakeFiles/mg400_plugin_motion_api.dir/src/tf_manager.cpp.o\x1b[0m\n'}
[74.476137] (-) TimerEvent: {}
[74.576482] (-) TimerEvent: {}
[74.676835] (-) TimerEvent: {}
[74.777164] (-) TimerEvent: {}
[74.854935] (mg400_joy) StdoutLine: {'line': b'[100%] Built target mg400_joy_interface_node\n'}
[74.877284] (-) TimerEvent: {}
[74.922146] (mg400_joy) CommandEnded: {'returncode': 0}
[74.951756] (mg400_joy) JobProgress: {'identifier': 'mg400_joy', 'progress': 'install'}
[74.960575] (mg400_joy) Command: {'cmd': ['/usr/bin/cmake', '--install', '/root/ros2_ws/build/mg400_joy'], 'cwd': '/root/ros2_ws/build/mg400_joy', 'env': OrderedDict([('HOSTNAME', 'zzz-2404'), ('SHLVL', '1'), ('LD_LIBRARY_PATH', '/root/ros2_ws/install/mg400_interface/lib:/root/ros2_ws/install/p9n_interface/lib:/root/ros2_ws/install/mg400_msgs/lib:/root/ros2_ws/install/mg400_common/lib:/opt/ros/humble/opt/rviz_ogre_vendor/lib:/opt/ros/humble/lib/x86_64-linux-gnu:/opt/ros/humble/lib'), ('HOME', '/root'), ('OLDPWD', '/root/ros2_ws'), ('ROS_PYTHON_VERSION', '3'), ('ROS_DISTRO', 'humble'), ('_', '/usr/bin/colcon'), ('ROS_VERSION', '2'), ('TERM', 'xterm'), ('ROS_LOCALHOST_ONLY', '0'), ('PATH', '/opt/ros/humble/bin:/usr/local/sbin:/usr/local/bin:/usr/sbin:/usr/bin:/sbin:/bin'), ('LANG', 'C.UTF-8'), ('LS_COLORS', 'rs=0:di=01;34:ln=01;36:mh=00:pi=40;33:so=01;35:do=01;35:bd=40;33;01:cd=40;33;01:or=40;31;01:mi=00:su=37;41:sg=30;43:ca=30;41:tw=30;42:ow=34;42:st=37;44:ex=01;32:*.tar=01;31:*.tgz=01;31:*.arc=01;31:*.arj=01;31:*.taz=01;31:*.lha=01;31:*.lz4=01;31:*.lzh=01;31:*.lzma=01;31:*.tlz=01;31:*.txz=01;31:*.tzo=01;31:*.t7z=01;31:*.zip=01;31:*.z=01;31:*.dz=01;31:*.gz=01;31:*.lrz=01;31:*.lz=01;31:*.lzo=01;31:*.xz=01;31:*.zst=01;31:*.tzst=01;31:*.bz2=01;31:*.bz=01;31:*.tbz=01;31:*.tbz2=01;31:*.tz=01;31:*.deb=01;31:*.rpm=01;31:*.jar=01;31:*.war=01;31:*.ear=01;31:*.sar=01;31:*.rar=01;31:*.alz=01;31:*.ace=01;31:*.zoo=01;31:*.cpio=01;31:*.7z=01;31:*.rz=01;31:*.cab=01;31:*.wim=01;31:*.swm=01;31:*.dwm=01;31:*.esd=01;31:*.jpg=01;35:*.jpeg=01;35:*.mjpg=01;35:*.mjpeg=01;35:*.gif=01;35:*.bmp=01;35:*.pbm=01;35:*.pgm=01;35:*.ppm=01;35:*.tga=01;35:*.xbm=01;35:*.xpm=01;35:*.tif=01;35:*.tiff=01;35:*.png=01;35:*.svg=01;35:*.svgz=01;35:*.mng=01;35:*.pcx=01;35:*.mov=01;35:*.mpg=01;35:*.mpeg=01;35:*.m2v=01;35:*.mkv=01;35:*.webm=01;35:*.webp=01;35:*.ogm=01;35:*.mp4=01;35:*.m4v=01;35:*.mp4v=01;35:*.vob=01;35:*.qt=01;35:*.nuv=01;35:*.wmv=01;35:*.asf=01;35:*.rm=01;35:*.rmvb=01;35:*.flc=01;35:*.avi=01;35:*.fli=01;35:*.flv=01;35:*.gl=01;35:*.dl=01;35:*.xcf=01;35:*.xwd=01;35:*.yuv=01;35:*.cgm=01;35:*.emf=01;35:*.ogv=01;35:*.ogx=01;35:*.aac=00;36:*.au=00;36:*.flac=00;36:*.m4a=00;36:*.mid=00;36:*.midi=00;36:*.mka=00;36:*.mp3=00;36:*.mpc=00;36:*.ogg=00;36:*.ra=00;36:*.wav=00;36:*.oga=00;36:*.opus=00;36:*.spx=00;36:*.xspf=00;36:'), ('AMENT_PREFIX_PATH', '/root/ros2_ws/install/mg400_interface:/root/ros2_ws/install/p9n_interface:/root/ros2_ws/install/mg400_msgs:/root/ros2_ws/install/mg400_common:/opt/ros/humble'), ('PWD', '/root/ros2_ws/build/mg400_joy'), ('LC_ALL', 'C.UTF-8'), ('PYTHONPATH', '/root/ros2_ws/install/mg400_msgs/local/lib/python3.10/dist-packages:/opt/ros/humble/lib/python3.10/site-packages:/opt/ros/humble/local/lib/python3.10/dist-packages'), ('COLCON', '1'), ('CMAKE_PREFIX_PATH', '/root/ros2_ws/install/mg400_interface:/root/ros2_ws/install/p9n_interface:/root/ros2_ws/install/mg400_msgs:/root/ros2_ws/install/mg400_common:/opt/ros/humble')]), 'shell': False}
[74.975272] (mg400_joy) StdoutLine: {'line': b'-- Install configuration: ""\n'}
[74.976058] (mg400_joy) StdoutLine: {'line': b'-- Execute custom install script\n'}
[74.976871] (mg400_joy) StdoutLine: {'line': b'-- Symlinking: /root/ros2_ws/install/mg400_joy/lib/mg400_joy/mg400_joy_interface_node_exec\n'}
[74.977342] (-) TimerEvent: {}
[74.990822] (mg400_joy) StdoutLine: {'line': b'-- Symlinking: /root/ros2_ws/install/mg400_joy/include/mg400_joy/mg400_joy_interface_node.hpp\n'}
[75.003457] (mg400_joy) StdoutLine: {'line': b'-- Symlinking: /root/ros2_ws/install/mg400_joy/share/mg400_joy/environment/library_path.sh\n'}
[75.015831] (mg400_joy) StdoutLine: {'line': b'-- Symlinking: /root/ros2_ws/install/mg400_joy/share/mg400_joy/environment/library_path.dsv\n'}
[75.028852] (mg400_joy) StdoutLine: {'line': b'-- Symlinking: /root/ros2_ws/install/mg400_joy/lib/libmg400_joy_interface_node.so\n'}
[75.042143] (mg400_joy) StdoutLine: {'line': b'-- Symlinking: /root/ros2_ws/install/mg400_joy/share/ament_index/resource_index/package_run_dependencies/mg400_joy\n'}
[75.054936] (mg400_joy) StdoutLine: {'line': b'-- Symlinking: /root/ros2_ws/install/mg400_joy/share/ament_index/resource_index/parent_prefix_path/mg400_joy\n'}
[75.067499] (mg400_joy) StdoutLine: {'line': b'-- Symlinking: /root/ros2_ws/install/mg400_joy/share/mg400_joy/environment/ament_prefix_path.sh\n'}
[75.077481] (-) TimerEvent: {}
[75.081463] (mg400_joy) StdoutLine: {'line': b'-- Symlinking: /root/ros2_ws/install/mg400_joy/share/mg400_joy/environment/ament_prefix_path.dsv\n'}
[75.095156] (mg400_joy) StdoutLine: {'line': b'-- Symlinking: /root/ros2_ws/install/mg400_joy/share/mg400_joy/environment/path.sh\n'}
[75.109493] (mg400_joy) StdoutLine: {'line': b'-- Symlinking: /root/ros2_ws/install/mg400_joy/share/mg400_joy/environment/path.dsv\n'}
[75.123054] (mg400_joy) StdoutLine: {'line': b'-- Symlinking: /root/ros2_ws/install/mg400_joy/share/mg400_joy/local_setup.bash\n'}
[75.136842] (mg400_joy) StdoutLine: {'line': b'-- Symlinking: /root/ros2_ws/install/mg400_joy/share/mg400_joy/local_setup.sh\n'}
[75.151062] (mg400_joy) StdoutLine: {'line': b'-- Symlinking: /root/ros2_ws/install/mg400_joy/share/mg400_joy/local_setup.zsh\n'}
[75.164901] (mg400_joy) StdoutLine: {'line': b'-- Symlinking: /root/ros2_ws/install/mg400_joy/share/mg400_joy/local_setup.dsv\n'}
[75.177596] (-) TimerEvent: {}
[75.178723] (mg400_joy) StdoutLine: {'line': b'-- Symlinking: /root/ros2_ws/install/mg400_joy/share/mg400_joy/package.dsv\n'}
[75.192433] (mg400_joy) StdoutLine: {'line': b'-- Symlinking: /root/ros2_ws/install/mg400_joy/share/ament_index/resource_index/packages/mg400_joy\n'}
[75.206796] (mg400_joy) StdoutLine: {'line': b'-- Symlinking: /root/ros2_ws/install/mg400_joy/share/ament_index/resource_index/rclcpp_components/mg400_joy\n'}
[75.221165] (mg400_joy) StdoutLine: {'line': b'-- Symlinking: /root/ros2_ws/install/mg400_joy/share/mg400_joy/cmake/ament_cmake_export_dependencies-extras.cmake\n'}
[75.234882] (mg400_joy) StdoutLine: {'line': b'-- Symlinking: /root/ros2_ws/install/mg400_joy/share/mg400_joy/cmake/ament_cmake_export_include_directories-extras.cmake\n'}
[75.248584] (mg400_joy) StdoutLine: {'line': b'-- Symlinking: /root/ros2_ws/install/mg400_joy/share/mg400_joy/cmake/ament_cmake_export_libraries-extras.cmake\n'}
[75.262036] (mg400_joy) StdoutLine: {'line': b'-- Symlinking: /root/ros2_ws/install/mg400_joy/share/mg400_joy/cmake/mg400_joyConfig.cmake\n'}
[75.275839] (mg400_joy) StdoutLine: {'line': b'-- Symlinking: /root/ros2_ws/install/mg400_joy/share/mg400_joy/cmake/mg400_joyConfig-version.cmake\n'}
[75.277680] (-) TimerEvent: {}
[75.290574] (mg400_joy) StdoutLine: {'line': b'-- Symlinking: /root/ros2_ws/install/mg400_joy/share/mg400_joy/package.xml\n'}
[75.308907] (mg400_joy) CommandEnded: {'returncode': 0}
[75.387295] (-) TimerEvent: {}
[75.399186] (mg400_joy) JobEnded: {'identifier': 'mg400_joy', 'rc': 0}
[75.487420] (-) TimerEvent: {}
[75.587859] (-) TimerEvent: {}
[75.688279] (-) TimerEvent: {}
[75.788660] (-) TimerEvent: {}
[75.889030] (-) TimerEvent: {}
[75.989449] (-) TimerEvent: {}
[76.089880] (-) TimerEvent: {}
[76.190264] (-) TimerEvent: {}
[76.290668] (-) TimerEvent: {}
[76.391042] (-) TimerEvent: {}
[76.491419] (-) TimerEvent: {}
[76.591807] (-) TimerEvent: {}
[76.692168] (-) TimerEvent: {}
[76.792612] (-) TimerEvent: {}
[76.893117] (-) TimerEvent: {}
[76.993523] (-) TimerEvent: {}
[77.094012] (-) TimerEvent: {}
[77.194442] (-) TimerEvent: {}
[77.294837] (-) TimerEvent: {}
[77.395226] (-) TimerEvent: {}
[77.495637] (-) TimerEvent: {}
[77.596030] (-) TimerEvent: {}
[77.696396] (-) TimerEvent: {}
[77.796803] (-) TimerEvent: {}
[77.897127] (-) TimerEvent: {}
[77.997477] (-) TimerEvent: {}
[78.097882] (-) TimerEvent: {}
[78.198286] (-) TimerEvent: {}
[78.298667] (-) TimerEvent: {}
[78.399123] (-) TimerEvent: {}
[78.485891] (mg400_rviz_plugin) StdoutLine: {'line': b'[100%] \x1b[32m\x1b[1mLinking CXX shared library libmg400_rviz_plugin.so\x1b[0m\n'}
[78.499239] (-) TimerEvent: {}
[78.599607] (-) TimerEvent: {}
[78.700004] (-) TimerEvent: {}
[78.800412] (-) TimerEvent: {}
[78.900803] (-) TimerEvent: {}
[79.001165] (-) TimerEvent: {}
[79.101584] (-) TimerEvent: {}
[79.202028] (-) TimerEvent: {}
[79.302447] (-) TimerEvent: {}
[79.402850] (-) TimerEvent: {}
[79.503245] (-) TimerEvent: {}
[79.603744] (-) TimerEvent: {}
[79.704121] (-) TimerEvent: {}
[79.804519] (-) TimerEvent: {}
[79.904937] (-) TimerEvent: {}
[80.005340] (-) TimerEvent: {}
[80.105670] (-) TimerEvent: {}
[80.206082] (-) TimerEvent: {}
[80.306449] (-) TimerEvent: {}
[80.406854] (-) TimerEvent: {}
[80.507224] (-) TimerEvent: {}
[80.607578] (-) TimerEvent: {}
[80.707901] (-) TimerEvent: {}
[80.808277] (-) TimerEvent: {}
[80.815397] (mg400_rviz_plugin) StdoutLine: {'line': b'[100%] Built target mg400_rviz_plugin\n'}
[80.844181] (mg400_rviz_plugin) CommandEnded: {'returncode': 0}
[80.845208] (mg400_rviz_plugin) JobProgress: {'identifier': 'mg400_rviz_plugin', 'progress': 'install'}
[80.846833] (mg400_rviz_plugin) Command: {'cmd': ['/usr/bin/cmake', '--install', '/root/ros2_ws/build/mg400_rviz_plugin'], 'cwd': '/root/ros2_ws/build/mg400_rviz_plugin', 'env': OrderedDict([('HOSTNAME', 'zzz-2404'), ('SHLVL', '1'), ('LD_LIBRARY_PATH', '/root/ros2_ws/install/mg400_interface/lib:/root/ros2_ws/install/mg400_msgs/lib:/root/ros2_ws/install/mg400_common/lib:/opt/ros/humble/opt/rviz_ogre_vendor/lib:/opt/ros/humble/lib/x86_64-linux-gnu:/opt/ros/humble/lib'), ('HOME', '/root'), ('OLDPWD', '/root/ros2_ws'), ('ROS_PYTHON_VERSION', '3'), ('ROS_DISTRO', 'humble'), ('_', '/usr/bin/colcon'), ('ROS_VERSION', '2'), ('TERM', 'xterm'), ('ROS_LOCALHOST_ONLY', '0'), ('PATH', '/opt/ros/humble/bin:/usr/local/sbin:/usr/local/bin:/usr/sbin:/usr/bin:/sbin:/bin'), ('LANG', 'C.UTF-8'), ('LS_COLORS', 'rs=0:di=01;34:ln=01;36:mh=00:pi=40;33:so=01;35:do=01;35:bd=40;33;01:cd=40;33;01:or=40;31;01:mi=00:su=37;41:sg=30;43:ca=30;41:tw=30;42:ow=34;42:st=37;44:ex=01;32:*.tar=01;31:*.tgz=01;31:*.arc=01;31:*.arj=01;31:*.taz=01;31:*.lha=01;31:*.lz4=01;31:*.lzh=01;31:*.lzma=01;31:*.tlz=01;31:*.txz=01;31:*.tzo=01;31:*.t7z=01;31:*.zip=01;31:*.z=01;31:*.dz=01;31:*.gz=01;31:*.lrz=01;31:*.lz=01;31:*.lzo=01;31:*.xz=01;31:*.zst=01;31:*.tzst=01;31:*.bz2=01;31:*.bz=01;31:*.tbz=01;31:*.tbz2=01;31:*.tz=01;31:*.deb=01;31:*.rpm=01;31:*.jar=01;31:*.war=01;31:*.ear=01;31:*.sar=01;31:*.rar=01;31:*.alz=01;31:*.ace=01;31:*.zoo=01;31:*.cpio=01;31:*.7z=01;31:*.rz=01;31:*.cab=01;31:*.wim=01;31:*.swm=01;31:*.dwm=01;31:*.esd=01;31:*.jpg=01;35:*.jpeg=01;35:*.mjpg=01;35:*.mjpeg=01;35:*.gif=01;35:*.bmp=01;35:*.pbm=01;35:*.pgm=01;35:*.ppm=01;35:*.tga=01;35:*.xbm=01;35:*.xpm=01;35:*.tif=01;35:*.tiff=01;35:*.png=01;35:*.svg=01;35:*.svgz=01;35:*.mng=01;35:*.pcx=01;35:*.mov=01;35:*.mpg=01;35:*.mpeg=01;35:*.m2v=01;35:*.mkv=01;35:*.webm=01;35:*.webp=01;35:*.ogm=01;35:*.mp4=01;35:*.m4v=01;35:*.mp4v=01;35:*.vob=01;35:*.qt=01;35:*.nuv=01;35:*.wmv=01;35:*.asf=01;35:*.rm=01;35:*.rmvb=01;35:*.flc=01;35:*.avi=01;35:*.fli=01;35:*.flv=01;35:*.gl=01;35:*.dl=01;35:*.xcf=01;35:*.xwd=01;35:*.yuv=01;35:*.cgm=01;35:*.emf=01;35:*.ogv=01;35:*.ogx=01;35:*.aac=00;36:*.au=00;36:*.flac=00;36:*.m4a=00;36:*.mid=00;36:*.midi=00;36:*.mka=00;36:*.mp3=00;36:*.mpc=00;36:*.ogg=00;36:*.ra=00;36:*.wav=00;36:*.oga=00;36:*.opus=00;36:*.spx=00;36:*.xspf=00;36:'), ('AMENT_PREFIX_PATH', '/root/ros2_ws/install/mg400_interface:/root/ros2_ws/install/mg400_msgs:/root/ros2_ws/install/mg400_common:/opt/ros/humble'), ('PWD', '/root/ros2_ws/build/mg400_rviz_plugin'), ('LC_ALL', 'C.UTF-8'), ('PYTHONPATH', '/root/ros2_ws/install/mg400_msgs/local/lib/python3.10/dist-packages:/opt/ros/humble/lib/python3.10/site-packages:/opt/ros/humble/local/lib/python3.10/dist-packages'), ('COLCON', '1'), ('CMAKE_PREFIX_PATH', '/root/ros2_ws/install/mg400_interface:/root/ros2_ws/install/mg400_msgs:/root/ros2_ws/install/mg400_common:/opt/ros/humble')]), 'shell': False}
[80.855293] (mg400_rviz_plugin) StdoutLine: {'line': b'-- Install configuration: ""\n'}
[80.855830] (mg400_rviz_plugin) StdoutLine: {'line': b'-- Execute custom install script\n'}
[80.856069] (mg400_rviz_plugin) StdoutLine: {'line': b'-- Symlinking: /root/ros2_ws/install/mg400_rviz_plugin/share/mg400_rviz_plugin//plugins_description.xml\n'}
[80.864836] (mg400_rviz_plugin) StdoutLine: {'line': b'-- Symlinking: /root/ros2_ws/install/mg400_rviz_plugin/include/mg400_rviz_plugin/panel_mg400_controller.hpp\n'}
[80.873986] (mg400_rviz_plugin) StdoutLine: {'line': b'-- Symlinking: /root/ros2_ws/install/mg400_rviz_plugin/share/mg400_rviz_plugin/environment/library_path.sh\n'}
[80.882021] (mg400_rviz_plugin) StdoutLine: {'line': b'-- Symlinking: /root/ros2_ws/install/mg400_rviz_plugin/share/mg400_rviz_plugin/environment/library_path.dsv\n'}
[80.890100] (mg400_rviz_plugin) StdoutLine: {'line': b'-- Symlinking: /root/ros2_ws/install/mg400_rviz_plugin/lib/libmg400_rviz_plugin.so\n'}
[80.898929] (mg400_rviz_plugin) StdoutLine: {'line': b'-- Symlinking: /root/ros2_ws/install/mg400_rviz_plugin/share/ament_index/resource_index/package_run_dependencies/mg400_rviz_plugin\n'}
[80.906738] (mg400_rviz_plugin) StdoutLine: {'line': b'-- Symlinking: /root/ros2_ws/install/mg400_rviz_plugin/share/ament_index/resource_index/parent_prefix_path/mg400_rviz_plugin\n'}
[80.908324] (-) TimerEvent: {}
[80.915693] (mg400_rviz_plugin) StdoutLine: {'line': b'-- Symlinking: /root/ros2_ws/install/mg400_rviz_plugin/share/mg400_rviz_plugin/environment/ament_prefix_path.sh\n'}
[80.923865] (mg400_rviz_plugin) StdoutLine: {'line': b'-- Symlinking: /root/ros2_ws/install/mg400_rviz_plugin/share/mg400_rviz_plugin/environment/ament_prefix_path.dsv\n'}
[80.932158] (mg400_rviz_plugin) StdoutLine: {'line': b'-- Symlinking: /root/ros2_ws/install/mg400_rviz_plugin/share/mg400_rviz_plugin/environment/path.sh\n'}
[80.940600] (mg400_rviz_plugin) StdoutLine: {'line': b'-- Symlinking: /root/ros2_ws/install/mg400_rviz_plugin/share/mg400_rviz_plugin/environment/path.dsv\n'}
[80.948994] (mg400_rviz_plugin) StdoutLine: {'line': b'-- Symlinking: /root/ros2_ws/install/mg400_rviz_plugin/share/mg400_rviz_plugin/local_setup.bash\n'}
[80.957526] (mg400_rviz_plugin) StdoutLine: {'line': b'-- Symlinking: /root/ros2_ws/install/mg400_rviz_plugin/share/mg400_rviz_plugin/local_setup.sh\n'}
[80.965829] (mg400_rviz_plugin) StdoutLine: {'line': b'-- Symlinking: /root/ros2_ws/install/mg400_rviz_plugin/share/mg400_rviz_plugin/local_setup.zsh\n'}
[80.973831] (mg400_rviz_plugin) StdoutLine: {'line': b'-- Symlinking: /root/ros2_ws/install/mg400_rviz_plugin/share/mg400_rviz_plugin/local_setup.dsv\n'}
[80.982333] (mg400_rviz_plugin) StdoutLine: {'line': b'-- Symlinking: /root/ros2_ws/install/mg400_rviz_plugin/share/mg400_rviz_plugin/package.dsv\n'}
[80.991787] (mg400_rviz_plugin) StdoutLine: {'line': b'-- Symlinking: /root/ros2_ws/install/mg400_rviz_plugin/share/ament_index/resource_index/packages/mg400_rviz_plugin\n'}
[81.000280] (mg400_rviz_plugin) StdoutLine: {'line': b'-- Symlinking: /root/ros2_ws/install/mg400_rviz_plugin/share/ament_index/resource_index/rviz_common__pluginlib__plugin/mg400_rviz_plugin\n'}
[81.008454] (-) TimerEvent: {}
[81.009440] (mg400_rviz_plugin) StdoutLine: {'line': b'-- Symlinking: /root/ros2_ws/install/mg400_rviz_plugin/share/mg400_rviz_plugin/cmake/ament_cmake_export_dependencies-extras.cmake\n'}
[81.018237] (mg400_rviz_plugin) StdoutLine: {'line': b'-- Symlinking: /root/ros2_ws/install/mg400_rviz_plugin/share/mg400_rviz_plugin/cmake/ament_cmake_export_include_directories-extras.cmake\n'}
[81.026488] (mg400_rviz_plugin) StdoutLine: {'line': b'-- Symlinking: /root/ros2_ws/install/mg400_rviz_plugin/share/mg400_rviz_plugin/cmake/ament_cmake_export_libraries-extras.cmake\n'}
[81.034084] (mg400_rviz_plugin) StdoutLine: {'line': b'-- Symlinking: /root/ros2_ws/install/mg400_rviz_plugin/share/mg400_rviz_plugin/cmake/mg400_rviz_pluginConfig.cmake\n'}
[81.042468] (mg400_rviz_plugin) StdoutLine: {'line': b'-- Symlinking: /root/ros2_ws/install/mg400_rviz_plugin/share/mg400_rviz_plugin/cmake/mg400_rviz_pluginConfig-version.cmake\n'}
[81.050909] (mg400_rviz_plugin) StdoutLine: {'line': b'-- Symlinking: /root/ros2_ws/install/mg400_rviz_plugin/share/mg400_rviz_plugin/package.xml\n'}
[81.062089] (mg400_rviz_plugin) CommandEnded: {'returncode': 0}
[81.075329] (mg400_rviz_plugin) JobEnded: {'identifier': 'mg400_rviz_plugin', 'rc': 0}
[81.108589] (-) TimerEvent: {}
[81.208951] (-) TimerEvent: {}
[81.304269] (mg400_plugin) StdoutLine: {'line': b'[100%] \x1b[32m\x1b[1mLinking CXX shared library libmg400_plugin_motion_api.so\x1b[0m\n'}
[81.309046] (-) TimerEvent: {}
[81.409407] (-) TimerEvent: {}
[81.509872] (-) TimerEvent: {}
[81.610244] (-) TimerEvent: {}
[81.710589] (-) TimerEvent: {}
[81.810981] (-) TimerEvent: {}
[81.911349] (-) TimerEvent: {}
[82.011708] (-) TimerEvent: {}
[82.112042] (-) TimerEvent: {}
[82.212328] (-) TimerEvent: {}
[82.313248] (-) TimerEvent: {}
[82.335063] (mg400_plugin) StdoutLine: {'line': b'[100%] Built target mg400_plugin_motion_api\n'}
[82.365515] (mg400_plugin) CommandEnded: {'returncode': 0}
[82.366189] (mg400_plugin) JobProgress: {'identifier': 'mg400_plugin', 'progress': 'install'}
[82.366823] (mg400_plugin) Command: {'cmd': ['/usr/bin/cmake', '--install', '/root/ros2_ws/build/mg400_plugin'], 'cwd': '/root/ros2_ws/build/mg400_plugin', 'env': OrderedDict([('HOSTNAME', 'zzz-2404'), ('SHLVL', '1'), ('LD_LIBRARY_PATH', '/root/ros2_ws/install/mg400_interface/lib:/root/ros2_ws/install/mg400_msgs/lib:/root/ros2_ws/install/mg400_common/lib:/opt/ros/humble/opt/rviz_ogre_vendor/lib:/opt/ros/humble/lib/x86_64-linux-gnu:/opt/ros/humble/lib'), ('HOME', '/root'), ('OLDPWD', '/root/ros2_ws'), ('ROS_PYTHON_VERSION', '3'), ('ROS_DISTRO', 'humble'), ('_', '/usr/bin/colcon'), ('ROS_VERSION', '2'), ('TERM', 'xterm'), ('ROS_LOCALHOST_ONLY', '0'), ('PATH', '/opt/ros/humble/bin:/usr/local/sbin:/usr/local/bin:/usr/sbin:/usr/bin:/sbin:/bin'), ('LANG', 'C.UTF-8'), ('LS_COLORS', 'rs=0:di=01;34:ln=01;36:mh=00:pi=40;33:so=01;35:do=01;35:bd=40;33;01:cd=40;33;01:or=40;31;01:mi=00:su=37;41:sg=30;43:ca=30;41:tw=30;42:ow=34;42:st=37;44:ex=01;32:*.tar=01;31:*.tgz=01;31:*.arc=01;31:*.arj=01;31:*.taz=01;31:*.lha=01;31:*.lz4=01;31:*.lzh=01;31:*.lzma=01;31:*.tlz=01;31:*.txz=01;31:*.tzo=01;31:*.t7z=01;31:*.zip=01;31:*.z=01;31:*.dz=01;31:*.gz=01;31:*.lrz=01;31:*.lz=01;31:*.lzo=01;31:*.xz=01;31:*.zst=01;31:*.tzst=01;31:*.bz2=01;31:*.bz=01;31:*.tbz=01;31:*.tbz2=01;31:*.tz=01;31:*.deb=01;31:*.rpm=01;31:*.jar=01;31:*.war=01;31:*.ear=01;31:*.sar=01;31:*.rar=01;31:*.alz=01;31:*.ace=01;31:*.zoo=01;31:*.cpio=01;31:*.7z=01;31:*.rz=01;31:*.cab=01;31:*.wim=01;31:*.swm=01;31:*.dwm=01;31:*.esd=01;31:*.jpg=01;35:*.jpeg=01;35:*.mjpg=01;35:*.mjpeg=01;35:*.gif=01;35:*.bmp=01;35:*.pbm=01;35:*.pgm=01;35:*.ppm=01;35:*.tga=01;35:*.xbm=01;35:*.xpm=01;35:*.tif=01;35:*.tiff=01;35:*.png=01;35:*.svg=01;35:*.svgz=01;35:*.mng=01;35:*.pcx=01;35:*.mov=01;35:*.mpg=01;35:*.mpeg=01;35:*.m2v=01;35:*.mkv=01;35:*.webm=01;35:*.webp=01;35:*.ogm=01;35:*.mp4=01;35:*.m4v=01;35:*.mp4v=01;35:*.vob=01;35:*.qt=01;35:*.nuv=01;35:*.wmv=01;35:*.asf=01;35:*.rm=01;35:*.rmvb=01;35:*.flc=01;35:*.avi=01;35:*.fli=01;35:*.flv=01;35:*.gl=01;35:*.dl=01;35:*.xcf=01;35:*.xwd=01;35:*.yuv=01;35:*.cgm=01;35:*.emf=01;35:*.ogv=01;35:*.ogx=01;35:*.aac=00;36:*.au=00;36:*.flac=00;36:*.m4a=00;36:*.mid=00;36:*.midi=00;36:*.mka=00;36:*.mp3=00;36:*.mpc=00;36:*.ogg=00;36:*.ra=00;36:*.wav=00;36:*.oga=00;36:*.opus=00;36:*.spx=00;36:*.xspf=00;36:'), ('AMENT_PREFIX_PATH', '/root/ros2_ws/install/mg400_plugin_base:/root/ros2_ws/install/mg400_interface:/root/ros2_ws/install/mg400_msgs:/root/ros2_ws/install/mg400_common:/opt/ros/humble'), ('PWD', '/root/ros2_ws/build/mg400_plugin'), ('LC_ALL', 'C.UTF-8'), ('PYTHONPATH', '/root/ros2_ws/install/mg400_msgs/local/lib/python3.10/dist-packages:/opt/ros/humble/lib/python3.10/site-packages:/opt/ros/humble/local/lib/python3.10/dist-packages'), ('COLCON', '1'), ('CMAKE_PREFIX_PATH', '/root/ros2_ws/install/mg400_plugin_base:/root/ros2_ws/install/mg400_interface:/root/ros2_ws/install/mg400_msgs:/root/ros2_ws/install/mg400_common:/opt/ros/humble')]), 'shell': False}
[82.373650] (mg400_plugin) StdoutLine: {'line': b'-- Install configuration: ""\n'}
[82.374200] (mg400_plugin) StdoutLine: {'line': b'-- Execute custom install script\n'}
[82.374479] (mg400_plugin) StdoutLine: {'line': b'-- Symlinking: /root/ros2_ws/install/mg400_plugin/share/mg400_plugin//dashboard_api_plugins.xml\n'}
[82.382709] (mg400_plugin) StdoutLine: {'line': b'-- Symlinking: /root/ros2_ws/install/mg400_plugin/share/mg400_plugin//motion_api_plugins.xml\n'}
[82.392147] (mg400_plugin) StdoutLine: {'line': b'-- Symlinking: /root/ros2_ws/install/mg400_plugin/include/mg400_plugin/dashboard_api/acc_j.hpp\n'}
[82.400459] (mg400_plugin) StdoutLine: {'line': b'-- Symlinking: /root/ros2_ws/install/mg400_plugin/include/mg400_plugin/dashboard_api/acc_l.hpp\n'}
[82.407897] (mg400_plugin) StdoutLine: {'line': b'-- Symlinking: /root/ros2_ws/install/mg400_plugin/include/mg400_plugin/dashboard_api/arch.hpp\n'}
[82.413343] (-) TimerEvent: {}
[82.414663] (mg400_plugin) StdoutLine: {'line': b'-- Symlinking: /root/ros2_ws/install/mg400_plugin/include/mg400_plugin/dashboard_api/clear_error.hpp\n'}
[82.421868] (mg400_plugin) StdoutLine: {'line': b'-- Symlinking: /root/ros2_ws/install/mg400_plugin/include/mg400_plugin/dashboard_api/cp.hpp\n'}
[82.428856] (mg400_plugin) StdoutLine: {'line': b'-- Symlinking: /root/ros2_ws/install/mg400_plugin/include/mg400_plugin/dashboard_api/di.hpp\n'}
[82.435621] (mg400_plugin) StdoutLine: {'line': b'-- Symlinking: /root/ros2_ws/install/mg400_plugin/include/mg400_plugin/dashboard_api/disable_robot.hpp\n'}
[82.442432] (mg400_plugin) StdoutLine: {'line': b'-- Symlinking: /root/ros2_ws/install/mg400_plugin/include/mg400_plugin/dashboard_api/do.hpp\n'}
[82.449036] (mg400_plugin) StdoutLine: {'line': b'-- Symlinking: /root/ros2_ws/install/mg400_plugin/include/mg400_plugin/dashboard_api/emergency_stop.hpp\n'}
[82.455574] (mg400_plugin) StdoutLine: {'line': b'-- Symlinking: /root/ros2_ws/install/mg400_plugin/include/mg400_plugin/dashboard_api/enable_robot.hpp\n'}
[82.462823] (mg400_plugin) StdoutLine: {'line': b'-- Symlinking: /root/ros2_ws/install/mg400_plugin/include/mg400_plugin/dashboard_api/get_angle.hpp\n'}
[82.469471] (mg400_plugin) StdoutLine: {'line': b'-- Symlinking: /root/ros2_ws/install/mg400_plugin/include/mg400_plugin/dashboard_api/get_error_id.hpp\n'}
[82.476237] (mg400_plugin) StdoutLine: {'line': b'-- Symlinking: /root/ros2_ws/install/mg400_plugin/include/mg400_plugin/dashboard_api/get_pose.hpp\n'}
[82.482949] (mg400_plugin) StdoutLine: {'line': b'-- Symlinking: /root/ros2_ws/install/mg400_plugin/include/mg400_plugin/dashboard_api/inverse_solution.hpp\n'}
[82.489782] (mg400_plugin) StdoutLine: {'line': b'-- Symlinking: /root/ros2_ws/install/mg400_plugin/include/mg400_plugin/dashboard_api/pay_load.hpp\n'}
[82.496289] (mg400_plugin) StdoutLine: {'line': b'-- Symlinking: /root/ros2_ws/install/mg400_plugin/include/mg400_plugin/dashboard_api/positive_solution.hpp\n'}
[82.503184] (mg400_plugin) StdoutLine: {'line': b'-- Symlinking: /root/ros2_ws/install/mg400_plugin/include/mg400_plugin/dashboard_api/reset_robot.hpp\n'}
[82.511193] (mg400_plugin) StdoutLine: {'line': b'-- Symlinking: /root/ros2_ws/install/mg400_plugin/include/mg400_plugin/dashboard_api/robot_mode.hpp\n'}
[82.513444] (-) TimerEvent: {}
[82.518600] (mg400_plugin) StdoutLine: {'line': b'-- Symlinking: /root/ros2_ws/install/mg400_plugin/include/mg400_plugin/dashboard_api/set_collision_level.hpp\n'}
[82.527659] (mg400_plugin) StdoutLine: {'line': b'-- Symlinking: /root/ros2_ws/install/mg400_plugin/include/mg400_plugin/dashboard_api/speed_factor.hpp\n'}
[82.534972] (mg400_plugin) StdoutLine: {'line': b'-- Symlinking: /root/ros2_ws/install/mg400_plugin/include/mg400_plugin/dashboard_api/speed_j.hpp\n'}
[82.543481] (mg400_plugin) StdoutLine: {'line': b'-- Symlinking: /root/ros2_ws/install/mg400_plugin/include/mg400_plugin/dashboard_api/speed_l.hpp\n'}
[82.551034] (mg400_plugin) StdoutLine: {'line': b'-- Symlinking: /root/ros2_ws/install/mg400_plugin/include/mg400_plugin/dashboard_api/tool.hpp\n'}
[82.558490] (mg400_plugin) StdoutLine: {'line': b'-- Symlinking: /root/ros2_ws/install/mg400_plugin/include/mg400_plugin/dashboard_api/tool_di.hpp\n'}
[82.566735] (mg400_plugin) StdoutLine: {'line': b'-- Symlinking: /root/ros2_ws/install/mg400_plugin/include/mg400_plugin/dashboard_api/tool_do_execute.hpp\n'}
[82.574042] (mg400_plugin) StdoutLine: {'line': b'-- Symlinking: /root/ros2_ws/install/mg400_plugin/include/mg400_plugin/dashboard_api/user.hpp\n'}
[82.581168] (mg400_plugin) StdoutLine: {'line': b'-- Symlinking: /root/ros2_ws/install/mg400_plugin/include/mg400_plugin/motion_api/command_queue.hpp\n'}
[82.589317] (mg400_plugin) StdoutLine: {'line': b'-- Symlinking: /root/ros2_ws/install/mg400_plugin/include/mg400_plugin/motion_api/joint_mov_j.hpp\n'}
[82.596067] (mg400_plugin) StdoutLine: {'line': b'-- Symlinking: /root/ros2_ws/install/mg400_plugin/include/mg400_plugin/motion_api/mov_j.hpp\n'}
[82.603743] (mg400_plugin) StdoutLine: {'line': b'-- Symlinking: /root/ros2_ws/install/mg400_plugin/include/mg400_plugin/motion_api/mov_jio.hpp\n'}
[82.610454] (mg400_plugin) StdoutLine: {'line': b'-- Symlinking: /root/ros2_ws/install/mg400_plugin/include/mg400_plugin/motion_api/mov_l.hpp\n'}
[82.613560] (-) TimerEvent: {}
[82.617422] (mg400_plugin) StdoutLine: {'line': b'-- Symlinking: /root/ros2_ws/install/mg400_plugin/include/mg400_plugin/motion_api/mov_lio.hpp\n'}
[82.624666] (mg400_plugin) StdoutLine: {'line': b'-- Symlinking: /root/ros2_ws/install/mg400_plugin/include/mg400_plugin/motion_api/move_jog.hpp\n'}
[82.631651] (mg400_plugin) StdoutLine: {'line': b'-- Symlinking: /root/ros2_ws/install/mg400_plugin/include/mg400_plugin/plugin_utils.hpp\n'}
[82.638414] (mg400_plugin) StdoutLine: {'line': b'-- Symlinking: /root/ros2_ws/install/mg400_plugin/include/mg400_plugin/tf_manager.hpp\n'}
[82.645435] (mg400_plugin) StdoutLine: {'line': b'-- Symlinking: /root/ros2_ws/install/mg400_plugin/share/mg400_plugin/environment/library_path.sh\n'}
[82.652219] (mg400_plugin) StdoutLine: {'line': b'-- Symlinking: /root/ros2_ws/install/mg400_plugin/share/mg400_plugin/environment/library_path.dsv\n'}
[82.664050] (mg400_plugin) StdoutLine: {'line': b'-- Symlinking: /root/ros2_ws/install/mg400_plugin/lib/libmg400_plugin_dashboard_api.so\n'}
[82.671669] (mg400_plugin) StdoutLine: {'line': b'-- Symlinking: /root/ros2_ws/install/mg400_plugin/lib/libmg400_plugin_motion_api.so\n'}
[82.679974] (mg400_plugin) StdoutLine: {'line': b'-- Symlinking: /root/ros2_ws/install/mg400_plugin/share/ament_index/resource_index/package_run_dependencies/mg400_plugin\n'}
[82.686896] (mg400_plugin) StdoutLine: {'line': b'-- Symlinking: /root/ros2_ws/install/mg400_plugin/share/ament_index/resource_index/parent_prefix_path/mg400_plugin\n'}
[82.694277] (mg400_plugin) StdoutLine: {'line': b'-- Symlinking: /root/ros2_ws/install/mg400_plugin/share/mg400_plugin/environment/ament_prefix_path.sh\n'}
[82.701577] (mg400_plugin) StdoutLine: {'line': b'-- Symlinking: /root/ros2_ws/install/mg400_plugin/share/mg400_plugin/environment/ament_prefix_path.dsv\n'}
[82.710222] (mg400_plugin) StdoutLine: {'line': b'-- Symlinking: /root/ros2_ws/install/mg400_plugin/share/mg400_plugin/environment/path.sh\n'}
[82.713687] (-) TimerEvent: {}
[82.718686] (mg400_plugin) StdoutLine: {'line': b'-- Symlinking: /root/ros2_ws/install/mg400_plugin/share/mg400_plugin/environment/path.dsv\n'}
[82.727546] (mg400_plugin) StdoutLine: {'line': b'-- Symlinking: /root/ros2_ws/install/mg400_plugin/share/mg400_plugin/local_setup.bash\n'}
[82.735590] (mg400_plugin) StdoutLine: {'line': b'-- Symlinking: /root/ros2_ws/install/mg400_plugin/share/mg400_plugin/local_setup.sh\n'}
[82.743711] (mg400_plugin) StdoutLine: {'line': b'-- Symlinking: /root/ros2_ws/install/mg400_plugin/share/mg400_plugin/local_setup.zsh\n'}
[82.751537] (mg400_plugin) StdoutLine: {'line': b'-- Symlinking: /root/ros2_ws/install/mg400_plugin/share/mg400_plugin/local_setup.dsv\n'}
[82.759688] (mg400_plugin) StdoutLine: {'line': b'-- Symlinking: /root/ros2_ws/install/mg400_plugin/share/mg400_plugin/package.dsv\n'}
[82.767405] (mg400_plugin) StdoutLine: {'line': b'-- Symlinking: /root/ros2_ws/install/mg400_plugin/share/ament_index/resource_index/packages/mg400_plugin\n'}
[82.775430] (mg400_plugin) StdoutLine: {'line': b'-- Symlinking: /root/ros2_ws/install/mg400_plugin/share/ament_index/resource_index/mg400_plugin_base__pluginlib__plugin/mg400_plugin\n'}
[82.783764] (mg400_plugin) StdoutLine: {'line': b'-- Symlinking: /root/ros2_ws/install/mg400_plugin/share/mg400_plugin/cmake/ament_cmake_export_dependencies-extras.cmake\n'}
[82.792508] (mg400_plugin) StdoutLine: {'line': b'-- Symlinking: /root/ros2_ws/install/mg400_plugin/share/mg400_plugin/cmake/ament_cmake_export_include_directories-extras.cmake\n'}
[82.799804] (mg400_plugin) StdoutLine: {'line': b'-- Symlinking: /root/ros2_ws/install/mg400_plugin/share/mg400_plugin/cmake/ament_cmake_export_libraries-extras.cmake\n'}
[82.808188] (mg400_plugin) StdoutLine: {'line': b'-- Symlinking: /root/ros2_ws/install/mg400_plugin/share/mg400_plugin/cmake/mg400_pluginConfig.cmake\n'}
[82.813774] (-) TimerEvent: {}
[82.815506] (mg400_plugin) StdoutLine: {'line': b'-- Symlinking: /root/ros2_ws/install/mg400_plugin/share/mg400_plugin/cmake/mg400_pluginConfig-version.cmake\n'}
[82.824351] (mg400_plugin) StdoutLine: {'line': b'-- Symlinking: /root/ros2_ws/install/mg400_plugin/share/mg400_plugin/package.xml\n'}
[82.834653] (mg400_plugin) CommandEnded: {'returncode': 0}
[82.849566] (mg400_plugin) JobEnded: {'identifier': 'mg400_plugin', 'rc': 0}
[82.850497] (mg400_node) JobStarted: {'identifier': 'mg400_node'}
[82.873062] (mg400_node) JobProgress: {'identifier': 'mg400_node', 'progress': 'cmake'}
[82.874790] (mg400_node) Command: {'cmd': ['/usr/bin/cmake', '/root/ros2_ws/src/MG400_ROS2/mg400_node', '-DAMENT_CMAKE_SYMLINK_INSTALL=1', '-DCMAKE_INSTALL_PREFIX=/root/ros2_ws/install/mg400_node'], 'cwd': '/root/ros2_ws/build/mg400_node', 'env': OrderedDict([('HOSTNAME', 'zzz-2404'), ('SHLVL', '1'), ('LD_LIBRARY_PATH', '/root/ros2_ws/install/mg400_plugin/lib:/root/ros2_ws/install/mg400_interface/lib:/root/ros2_ws/install/mg400_msgs/lib:/root/ros2_ws/install/mg400_common/lib:/opt/ros/humble/opt/rviz_ogre_vendor/lib:/opt/ros/humble/lib/x86_64-linux-gnu:/opt/ros/humble/lib'), ('HOME', '/root'), ('OLDPWD', '/root/ros2_ws'), ('ROS_PYTHON_VERSION', '3'), ('ROS_DISTRO', 'humble'), ('_', '/usr/bin/colcon'), ('ROS_VERSION', '2'), ('TERM', 'xterm'), ('ROS_LOCALHOST_ONLY', '0'), ('PATH', '/opt/ros/humble/bin:/usr/local/sbin:/usr/local/bin:/usr/sbin:/usr/bin:/sbin:/bin'), ('LANG', 'C.UTF-8'), ('LS_COLORS', 'rs=0:di=01;34:ln=01;36:mh=00:pi=40;33:so=01;35:do=01;35:bd=40;33;01:cd=40;33;01:or=40;31;01:mi=00:su=37;41:sg=30;43:ca=30;41:tw=30;42:ow=34;42:st=37;44:ex=01;32:*.tar=01;31:*.tgz=01;31:*.arc=01;31:*.arj=01;31:*.taz=01;31:*.lha=01;31:*.lz4=01;31:*.lzh=01;31:*.lzma=01;31:*.tlz=01;31:*.txz=01;31:*.tzo=01;31:*.t7z=01;31:*.zip=01;31:*.z=01;31:*.dz=01;31:*.gz=01;31:*.lrz=01;31:*.lz=01;31:*.lzo=01;31:*.xz=01;31:*.zst=01;31:*.tzst=01;31:*.bz2=01;31:*.bz=01;31:*.tbz=01;31:*.tbz2=01;31:*.tz=01;31:*.deb=01;31:*.rpm=01;31:*.jar=01;31:*.war=01;31:*.ear=01;31:*.sar=01;31:*.rar=01;31:*.alz=01;31:*.ace=01;31:*.zoo=01;31:*.cpio=01;31:*.7z=01;31:*.rz=01;31:*.cab=01;31:*.wim=01;31:*.swm=01;31:*.dwm=01;31:*.esd=01;31:*.jpg=01;35:*.jpeg=01;35:*.mjpg=01;35:*.mjpeg=01;35:*.gif=01;35:*.bmp=01;35:*.pbm=01;35:*.pgm=01;35:*.ppm=01;35:*.tga=01;35:*.xbm=01;35:*.xpm=01;35:*.tif=01;35:*.tiff=01;35:*.png=01;35:*.svg=01;35:*.svgz=01;35:*.mng=01;35:*.pcx=01;35:*.mov=01;35:*.mpg=01;35:*.mpeg=01;35:*.m2v=01;35:*.mkv=01;35:*.webm=01;35:*.webp=01;35:*.ogm=01;35:*.mp4=01;35:*.m4v=01;35:*.mp4v=01;35:*.vob=01;35:*.qt=01;35:*.nuv=01;35:*.wmv=01;35:*.asf=01;35:*.rm=01;35:*.rmvb=01;35:*.flc=01;35:*.avi=01;35:*.fli=01;35:*.flv=01;35:*.gl=01;35:*.dl=01;35:*.xcf=01;35:*.xwd=01;35:*.yuv=01;35:*.cgm=01;35:*.emf=01;35:*.ogv=01;35:*.ogx=01;35:*.aac=00;36:*.au=00;36:*.flac=00;36:*.m4a=00;36:*.mid=00;36:*.midi=00;36:*.mka=00;36:*.mp3=00;36:*.mpc=00;36:*.ogg=00;36:*.ra=00;36:*.wav=00;36:*.oga=00;36:*.opus=00;36:*.spx=00;36:*.xspf=00;36:'), ('AMENT_PREFIX_PATH', '/root/ros2_ws/install/mg400_plugin:/root/ros2_ws/install/mg400_plugin_base:/root/ros2_ws/install/mg400_interface:/root/ros2_ws/install/mg400_msgs:/root/ros2_ws/install/mg400_common:/opt/ros/humble'), ('PWD', '/root/ros2_ws/build/mg400_node'), ('LC_ALL', 'C.UTF-8'), ('PYTHONPATH', '/root/ros2_ws/install/mg400_msgs/local/lib/python3.10/dist-packages:/opt/ros/humble/lib/python3.10/site-packages:/opt/ros/humble/local/lib/python3.10/dist-packages'), ('COLCON', '1'), ('CMAKE_PREFIX_PATH', '/root/ros2_ws/install/mg400_plugin:/root/ros2_ws/install/mg400_plugin_base:/root/ros2_ws/install/mg400_interface:/root/ros2_ws/install/mg400_msgs:/root/ros2_ws/install/mg400_common:/opt/ros/humble')]), 'shell': False}
[82.913867] (-) TimerEvent: {}
[82.958211] (mg400_node) StdoutLine: {'line': b'-- The C compiler identification is GNU 11.4.0\n'}
[83.007648] (mg400_node) StdoutLine: {'line': b'-- The CXX compiler identification is GNU 11.4.0\n'}
[83.013935] (-) TimerEvent: {}
[83.016921] (mg400_node) StdoutLine: {'line': b'-- Detecting C compiler ABI info\n'}
[83.084985] (mg400_node) StdoutLine: {'line': b'-- Detecting C compiler ABI info - done\n'}
[83.089837] (mg400_node) StdoutLine: {'line': b'-- Check for working C compiler: /usr/bin/cc - skipped\n'}
[83.090150] (mg400_node) StdoutLine: {'line': b'-- Detecting C compile features\n'}
[83.090542] (mg400_node) StdoutLine: {'line': b'-- Detecting C compile features - done\n'}
[83.093245] (mg400_node) StdoutLine: {'line': b'-- Detecting CXX compiler ABI info\n'}
[83.114054] (-) TimerEvent: {}
[83.168780] (mg400_node) StdoutLine: {'line': b'-- Detecting CXX compiler ABI info - done\n'}
[83.173904] (mg400_node) StdoutLine: {'line': b'-- Check for working CXX compiler: /usr/bin/c++ - skipped\n'}
[83.174173] (mg400_node) StdoutLine: {'line': b'-- Detecting CXX compile features\n'}
[83.174550] (mg400_node) StdoutLine: {'line': b'-- Detecting CXX compile features - done\n'}
[83.178953] (mg400_node) StdoutLine: {'line': b'-- Found ament_cmake_auto: 1.3.14 (/opt/ros/humble/share/ament_cmake_auto/cmake)\n'}
[83.214134] (-) TimerEvent: {}
[83.314365] (-) TimerEvent: {}
[83.324687] (mg400_node) StdoutLine: {'line': b'-- Found Python3: /usr/bin/python3 (found version "3.10.12") found components: Interpreter \n'}
[83.387175] (mg400_node) StdoutLine: {'line': b'-- Override CMake install command with custom implementation using symlinks instead of copying resources\n'}
[83.414467] (-) TimerEvent: {}
[83.514786] (-) TimerEvent: {}
[83.549196] (mg400_node) StdoutLine: {'line': b'-- Found rosidl_generator_c: 3.1.9 (/opt/ros/humble/share/rosidl_generator_c/cmake)\n'}
[83.555871] (mg400_node) StdoutLine: {'line': b'-- Found rosidl_adapter: 3.1.9 (/opt/ros/humble/share/rosidl_adapter/cmake)\n'}
[83.566153] (mg400_node) StdoutLine: {'line': b'-- Found rosidl_generator_cpp: 3.1.9 (/opt/ros/humble/share/rosidl_generator_cpp/cmake)\n'}
[83.580767] (mg400_node) StdoutLine: {'line': b'-- Using all available rosidl_typesupport_c: rosidl_typesupport_fastrtps_c;rosidl_typesupport_introspection_c\n'}
[83.598048] (mg400_node) StdoutLine: {'line': b'-- Using all available rosidl_typesupport_cpp: rosidl_typesupport_fastrtps_cpp;rosidl_typesupport_introspection_cpp\n'}
[83.614866] (-) TimerEvent: {}
[83.715166] (-) TimerEvent: {}
[83.749551] (mg400_node) StdoutLine: {'line': b'-- Found rmw_implementation_cmake: 6.1.3 (/opt/ros/humble/share/rmw_implementation_cmake/cmake)\n'}
[83.753074] (mg400_node) StdoutLine: {'line': b'-- Found rmw_fastrtps_cpp: 6.2.10 (/opt/ros/humble/share/rmw_fastrtps_cpp/cmake)\n'}
[83.815261] (-) TimerEvent: {}
[83.861570] (mg400_node) StdoutLine: {'line': b'-- Found OpenSSL: /usr/lib/x86_64-linux-gnu/libcrypto.so (found version "3.0.2")  \n'}
[83.890224] (mg400_node) StdoutLine: {'line': b'-- Found FastRTPS: /opt/ros/humble/include  \n'}
[83.915368] (-) TimerEvent: {}
[83.933720] (mg400_node) StdoutLine: {'line': b"-- Using RMW implementation 'rmw_fastrtps_cpp' as default\n"}
[83.945103] (mg400_node) StdoutLine: {'line': b'-- Looking for pthread.h\n'}
[84.015474] (-) TimerEvent: {}
[84.018988] (mg400_node) StdoutLine: {'line': b'-- Looking for pthread.h - found\n'}
[84.019298] (mg400_node) StdoutLine: {'line': b'-- Performing Test CMAKE_HAVE_LIBC_PTHREAD\n'}
[84.090407] (mg400_node) StdoutLine: {'line': b'-- Performing Test CMAKE_HAVE_LIBC_PTHREAD - Success\n'}
[84.091571] (mg400_node) StdoutLine: {'line': b'-- Found Threads: TRUE  \n'}
[84.115564] (-) TimerEvent: {}
[84.215893] (-) TimerEvent: {}
[84.252067] (mg400_node) StdoutLine: {'line': b'-- Found eigen3_cmake_module: 0.1.1 (/opt/ros/humble/share/eigen3_cmake_module/cmake)\n'}
[84.252839] (mg400_node) StdoutLine: {'line': b'-- Found Eigen3: TRUE (found version "3.4.0") \n'}
[84.253056] (mg400_node) StdoutLine: {'line': b'-- Ensuring Eigen3 include directory is part of orocos-kdl CMake target\n'}
[84.315997] (-) TimerEvent: {}
[84.347190] (mg400_node) StdoutLine: {'line': b'-- Found ament_lint_auto: 0.12.15 (/opt/ros/humble/share/ament_lint_auto/cmake)\n'}
[84.365816] (mg400_node) StderrLine: {'line': b'\x1b[0mIn this package, headers install destination is set to `include` by ament_auto_package. It is recommended to install `include/mg400_node` instead and will be the default behavior of ament_auto_package from ROS 2 Kilted Kaiju. On distributions before Kilted, ament_auto_package behaves the same way when you use USE_SCOPED_HEADER_INSTALL_DIR option.\x1b[0m\n'}
[84.372739] (mg400_node) StdoutLine: {'line': b"-- Added test 'cppcheck' to perform static code analysis on C / C++ code\n"}
[84.373174] (mg400_node) StdoutLine: {'line': b'-- Configured cppcheck include dirs: /root/ros2_ws/src/MG400_ROS2/mg400_node/include\n'}
[84.373352] (mg400_node) StdoutLine: {'line': b'-- Configured cppcheck exclude dirs and/or files: \n'}
[84.374240] (mg400_node) StdoutLine: {'line': b"-- Added test 'lint_cmake' to check CMake code style\n"}
[84.376215] (mg400_node) StdoutLine: {'line': b"-- Added test 'uncrustify' to check C / C++ code style\n"}
[84.376387] (mg400_node) StdoutLine: {'line': b'-- Configured uncrustify additional arguments: \n'}
[84.376784] (mg400_node) StdoutLine: {'line': b"-- Added test 'xmllint' to check XML markup files\n"}
[84.380838] (mg400_node) StdoutLine: {'line': b'-- Configuring done\n'}
[84.416123] (-) TimerEvent: {}
[84.498492] (mg400_node) StdoutLine: {'line': b'-- Generating done\n'}
[84.507745] (mg400_node) StdoutLine: {'line': b'-- Build files have been written to: /root/ros2_ws/build/mg400_node\n'}
[84.516197] (-) TimerEvent: {}
[84.519516] (mg400_node) CommandEnded: {'returncode': 0}
[84.520165] (mg400_node) JobProgress: {'identifier': 'mg400_node', 'progress': 'build'}
[84.521612] (mg400_node) Command: {'cmd': ['/usr/bin/cmake', '--build', '/root/ros2_ws/build/mg400_node', '--', '-j16', '-l16'], 'cwd': '/root/ros2_ws/build/mg400_node', 'env': OrderedDict([('HOSTNAME', 'zzz-2404'), ('SHLVL', '1'), ('LD_LIBRARY_PATH', '/root/ros2_ws/install/mg400_plugin/lib:/root/ros2_ws/install/mg400_interface/lib:/root/ros2_ws/install/mg400_msgs/lib:/root/ros2_ws/install/mg400_common/lib:/opt/ros/humble/opt/rviz_ogre_vendor/lib:/opt/ros/humble/lib/x86_64-linux-gnu:/opt/ros/humble/lib'), ('HOME', '/root'), ('OLDPWD', '/root/ros2_ws'), ('ROS_PYTHON_VERSION', '3'), ('ROS_DISTRO', 'humble'), ('_', '/usr/bin/colcon'), ('ROS_VERSION', '2'), ('TERM', 'xterm'), ('ROS_LOCALHOST_ONLY', '0'), ('PATH', '/opt/ros/humble/bin:/usr/local/sbin:/usr/local/bin:/usr/sbin:/usr/bin:/sbin:/bin'), ('LANG', 'C.UTF-8'), ('LS_COLORS', 'rs=0:di=01;34:ln=01;36:mh=00:pi=40;33:so=01;35:do=01;35:bd=40;33;01:cd=40;33;01:or=40;31;01:mi=00:su=37;41:sg=30;43:ca=30;41:tw=30;42:ow=34;42:st=37;44:ex=01;32:*.tar=01;31:*.tgz=01;31:*.arc=01;31:*.arj=01;31:*.taz=01;31:*.lha=01;31:*.lz4=01;31:*.lzh=01;31:*.lzma=01;31:*.tlz=01;31:*.txz=01;31:*.tzo=01;31:*.t7z=01;31:*.zip=01;31:*.z=01;31:*.dz=01;31:*.gz=01;31:*.lrz=01;31:*.lz=01;31:*.lzo=01;31:*.xz=01;31:*.zst=01;31:*.tzst=01;31:*.bz2=01;31:*.bz=01;31:*.tbz=01;31:*.tbz2=01;31:*.tz=01;31:*.deb=01;31:*.rpm=01;31:*.jar=01;31:*.war=01;31:*.ear=01;31:*.sar=01;31:*.rar=01;31:*.alz=01;31:*.ace=01;31:*.zoo=01;31:*.cpio=01;31:*.7z=01;31:*.rz=01;31:*.cab=01;31:*.wim=01;31:*.swm=01;31:*.dwm=01;31:*.esd=01;31:*.jpg=01;35:*.jpeg=01;35:*.mjpg=01;35:*.mjpeg=01;35:*.gif=01;35:*.bmp=01;35:*.pbm=01;35:*.pgm=01;35:*.ppm=01;35:*.tga=01;35:*.xbm=01;35:*.xpm=01;35:*.tif=01;35:*.tiff=01;35:*.png=01;35:*.svg=01;35:*.svgz=01;35:*.mng=01;35:*.pcx=01;35:*.mov=01;35:*.mpg=01;35:*.mpeg=01;35:*.m2v=01;35:*.mkv=01;35:*.webm=01;35:*.webp=01;35:*.ogm=01;35:*.mp4=01;35:*.m4v=01;35:*.mp4v=01;35:*.vob=01;35:*.qt=01;35:*.nuv=01;35:*.wmv=01;35:*.asf=01;35:*.rm=01;35:*.rmvb=01;35:*.flc=01;35:*.avi=01;35:*.fli=01;35:*.flv=01;35:*.gl=01;35:*.dl=01;35:*.xcf=01;35:*.xwd=01;35:*.yuv=01;35:*.cgm=01;35:*.emf=01;35:*.ogv=01;35:*.ogx=01;35:*.aac=00;36:*.au=00;36:*.flac=00;36:*.m4a=00;36:*.mid=00;36:*.midi=00;36:*.mka=00;36:*.mp3=00;36:*.mpc=00;36:*.ogg=00;36:*.ra=00;36:*.wav=00;36:*.oga=00;36:*.opus=00;36:*.spx=00;36:*.xspf=00;36:'), ('AMENT_PREFIX_PATH', '/root/ros2_ws/install/mg400_plugin:/root/ros2_ws/install/mg400_plugin_base:/root/ros2_ws/install/mg400_interface:/root/ros2_ws/install/mg400_msgs:/root/ros2_ws/install/mg400_common:/opt/ros/humble'), ('PWD', '/root/ros2_ws/build/mg400_node'), ('LC_ALL', 'C.UTF-8'), ('PYTHONPATH', '/root/ros2_ws/install/mg400_msgs/local/lib/python3.10/dist-packages:/opt/ros/humble/lib/python3.10/site-packages:/opt/ros/humble/local/lib/python3.10/dist-packages'), ('COLCON', '1'), ('CMAKE_PREFIX_PATH', '/root/ros2_ws/install/mg400_plugin:/root/ros2_ws/install/mg400_plugin_base:/root/ros2_ws/install/mg400_interface:/root/ros2_ws/install/mg400_msgs:/root/ros2_ws/install/mg400_common:/opt/ros/humble')]), 'shell': False}
[84.572120] (mg400_node) StdoutLine: {'line': b'[ 14%] \x1b[32mBuilding CXX object CMakeFiles/mg400_node_exec.dir/rclcpp_components/node_main_mg400_node_exec.cpp.o\x1b[0m\n'}
[84.572471] (mg400_node) StdoutLine: {'line': b'[ 14%] \x1b[32mBuilding CXX object CMakeFiles/mg400_node.dir/src/mg400_node.cpp.o\x1b[0m\n'}
[84.572587] (mg400_node) StdoutLine: {'line': b'[ 28%] \x1b[34m\x1b[1mAutomatic MOC and UIC for target joint_state_publisher_gui\x1b[0m\n'}
[84.572699] (mg400_node) StdoutLine: {'line': b'[ 28%] \x1b[34m\x1b[1mAutomatic MOC and UIC for target joint_command_publisher_gui\x1b[0m\n'}
[84.616314] (-) TimerEvent: {}
[84.716713] (-) TimerEvent: {}
[84.817099] (-) TimerEvent: {}
[84.917609] (-) TimerEvent: {}
[85.018006] (-) TimerEvent: {}
[85.118422] (-) TimerEvent: {}
[85.206254] (mg400_node) StdoutLine: {'line': b'[ 28%] Built target joint_command_publisher_gui_autogen\n'}
[85.206532] (mg400_node) StdoutLine: {'line': b'[ 28%] Built target joint_state_publisher_gui_autogen\n'}
[85.218513] (-) TimerEvent: {}
[85.228291] (mg400_node) StdoutLine: {'line': b'[ 57%] \x1b[32mBuilding CXX object CMakeFiles/joint_command_publisher_gui.dir/joint_command_publisher_gui_autogen/mocs_compilation.cpp.o\x1b[0m\n'}
[85.228491] (mg400_node) StdoutLine: {'line': b'[ 57%] \x1b[32mBuilding CXX object CMakeFiles/joint_command_publisher_gui.dir/src/joint_command_publisher_gui/main.cpp.o\x1b[0m\n'}
[85.228581] (mg400_node) StdoutLine: {'line': b'[ 57%] \x1b[32mBuilding CXX object CMakeFiles/joint_state_publisher_gui.dir/src/joint_state_publisher_gui/main.cpp.o\x1b[0m\n'}
[85.228672] (mg400_node) StdoutLine: {'line': b'[ 57%] \x1b[32mBuilding CXX object CMakeFiles/joint_command_publisher_gui.dir/src/joint_command_publisher_gui/main_window.cpp.o\x1b[0m\n'}
[85.228965] (mg400_node) StdoutLine: {'line': b'[ 71%] \x1b[32mBuilding CXX object CMakeFiles/joint_state_publisher_gui.dir/joint_state_publisher_gui_autogen/mocs_compilation.cpp.o\x1b[0m\n'}
[85.229124] (mg400_node) StdoutLine: {'line': b'[ 71%] \x1b[32mBuilding CXX object CMakeFiles/joint_state_publisher_gui.dir/src/joint_state_publisher_gui/main_window.cpp.o\x1b[0m\n'}
[85.318635] (-) TimerEvent: {}
[85.418959] (-) TimerEvent: {}
[85.519268] (-) TimerEvent: {}
[85.619551] (-) TimerEvent: {}
[85.719868] (-) TimerEvent: {}
[85.820294] (-) TimerEvent: {}
[85.920649] (-) TimerEvent: {}
[86.021065] (-) TimerEvent: {}
[86.121483] (-) TimerEvent: {}
[86.221975] (-) TimerEvent: {}
[86.322356] (-) TimerEvent: {}
[86.422831] (-) TimerEvent: {}
[86.523216] (-) TimerEvent: {}
[86.623595] (-) TimerEvent: {}
[86.723986] (-) TimerEvent: {}
[86.824355] (-) TimerEvent: {}
[86.924729] (-) TimerEvent: {}
[87.025089] (-) TimerEvent: {}
[87.125426] (-) TimerEvent: {}
[87.225781] (-) TimerEvent: {}
[87.326128] (-) TimerEvent: {}
[87.426483] (-) TimerEvent: {}
[87.486116] (mg400_node) StdoutLine: {'line': b'[ 78%] \x1b[32m\x1b[1mLinking CXX executable mg400_node_exec\x1b[0m\n'}
[87.526600] (-) TimerEvent: {}
[87.626980] (-) TimerEvent: {}
[87.637348] (mg400_node) StdoutLine: {'line': b'[ 78%] Built target mg400_node_exec\n'}
[87.727089] (-) TimerEvent: {}
[87.827468] (-) TimerEvent: {}
[87.927834] (-) TimerEvent: {}
[88.028308] (-) TimerEvent: {}
[88.128672] (-) TimerEvent: {}
[88.229042] (-) TimerEvent: {}
[88.329398] (-) TimerEvent: {}
[88.429797] (-) TimerEvent: {}
[88.530179] (-) TimerEvent: {}
[88.630530] (-) TimerEvent: {}
[88.730904] (-) TimerEvent: {}
[88.831287] (-) TimerEvent: {}
[88.931675] (-) TimerEvent: {}
[89.032053] (-) TimerEvent: {}
[89.132430] (-) TimerEvent: {}
[89.232913] (-) TimerEvent: {}
[89.333284] (-) TimerEvent: {}
[89.433780] (-) TimerEvent: {}
[89.534177] (-) TimerEvent: {}
[89.634518] (-) TimerEvent: {}
[89.734888] (-) TimerEvent: {}
[89.835246] (-) TimerEvent: {}
[89.935574] (-) TimerEvent: {}
[90.035855] (-) TimerEvent: {}
[90.136181] (-) TimerEvent: {}
[90.236469] (-) TimerEvent: {}
[90.336853] (-) TimerEvent: {}
[90.437175] (-) TimerEvent: {}
[90.537536] (-) TimerEvent: {}
[90.638085] (-) TimerEvent: {}
[90.738394] (-) TimerEvent: {}
[90.838689] (-) TimerEvent: {}
[90.938964] (-) TimerEvent: {}
[91.039262] (-) TimerEvent: {}
[91.139605] (-) TimerEvent: {}
[91.239972] (-) TimerEvent: {}
[91.340300] (-) TimerEvent: {}
[91.440668] (-) TimerEvent: {}
[91.541024] (-) TimerEvent: {}
[91.634385] (mg400_node) StdoutLine: {'line': b'[ 85%] \x1b[32m\x1b[1mLinking CXX executable joint_state_publisher_gui\x1b[0m\n'}
[91.641145] (-) TimerEvent: {}
[91.650843] (mg400_node) StdoutLine: {'line': b'[ 92%] \x1b[32m\x1b[1mLinking CXX executable joint_command_publisher_gui\x1b[0m\n'}
[91.741268] (-) TimerEvent: {}
[91.841668] (-) TimerEvent: {}
[91.942041] (-) TimerEvent: {}
[92.042476] (-) TimerEvent: {}
[92.142956] (-) TimerEvent: {}
[92.243406] (-) TimerEvent: {}
[92.343787] (-) TimerEvent: {}
[92.444171] (-) TimerEvent: {}
[92.544544] (-) TimerEvent: {}
[92.644861] (-) TimerEvent: {}
[92.685831] (mg400_node) StdoutLine: {'line': b'[ 92%] Built target joint_command_publisher_gui\n'}
[92.732804] (mg400_node) StdoutLine: {'line': b'[ 92%] Built target joint_state_publisher_gui\n'}
[92.744962] (-) TimerEvent: {}
[92.845272] (-) TimerEvent: {}
[92.945545] (-) TimerEvent: {}
[93.045862] (-) TimerEvent: {}
[93.146122] (-) TimerEvent: {}
[93.246433] (-) TimerEvent: {}
[93.346687] (-) TimerEvent: {}
[93.447044] (-) TimerEvent: {}
[93.547378] (-) TimerEvent: {}
[93.647699] (-) TimerEvent: {}
[93.748034] (-) TimerEvent: {}
[93.848378] (-) TimerEvent: {}
[93.948791] (-) TimerEvent: {}
[94.049125] (-) TimerEvent: {}
[94.149473] (-) TimerEvent: {}
[94.224378] (mg400_node) StdoutLine: {'line': b'[100%] \x1b[32m\x1b[1mLinking CXX shared library libmg400_node.so\x1b[0m\n'}
[94.249602] (-) TimerEvent: {}
[94.350004] (-) TimerEvent: {}
[94.450342] (-) TimerEvent: {}
[94.550688] (-) TimerEvent: {}
[94.651014] (-) TimerEvent: {}
[94.751350] (-) TimerEvent: {}
[94.797086] (mg400_node) StdoutLine: {'line': b'[100%] Built target mg400_node\n'}
[94.809447] (mg400_node) CommandEnded: {'returncode': 0}
[94.810294] (mg400_node) JobProgress: {'identifier': 'mg400_node', 'progress': 'install'}
[94.810682] (mg400_node) Command: {'cmd': ['/usr/bin/cmake', '--install', '/root/ros2_ws/build/mg400_node'], 'cwd': '/root/ros2_ws/build/mg400_node', 'env': OrderedDict([('HOSTNAME', 'zzz-2404'), ('SHLVL', '1'), ('LD_LIBRARY_PATH', '/root/ros2_ws/install/mg400_plugin/lib:/root/ros2_ws/install/mg400_interface/lib:/root/ros2_ws/install/mg400_msgs/lib:/root/ros2_ws/install/mg400_common/lib:/opt/ros/humble/opt/rviz_ogre_vendor/lib:/opt/ros/humble/lib/x86_64-linux-gnu:/opt/ros/humble/lib'), ('HOME', '/root'), ('OLDPWD', '/root/ros2_ws'), ('ROS_PYTHON_VERSION', '3'), ('ROS_DISTRO', 'humble'), ('_', '/usr/bin/colcon'), ('ROS_VERSION', '2'), ('TERM', 'xterm'), ('ROS_LOCALHOST_ONLY', '0'), ('PATH', '/opt/ros/humble/bin:/usr/local/sbin:/usr/local/bin:/usr/sbin:/usr/bin:/sbin:/bin'), ('LANG', 'C.UTF-8'), ('LS_COLORS', 'rs=0:di=01;34:ln=01;36:mh=00:pi=40;33:so=01;35:do=01;35:bd=40;33;01:cd=40;33;01:or=40;31;01:mi=00:su=37;41:sg=30;43:ca=30;41:tw=30;42:ow=34;42:st=37;44:ex=01;32:*.tar=01;31:*.tgz=01;31:*.arc=01;31:*.arj=01;31:*.taz=01;31:*.lha=01;31:*.lz4=01;31:*.lzh=01;31:*.lzma=01;31:*.tlz=01;31:*.txz=01;31:*.tzo=01;31:*.t7z=01;31:*.zip=01;31:*.z=01;31:*.dz=01;31:*.gz=01;31:*.lrz=01;31:*.lz=01;31:*.lzo=01;31:*.xz=01;31:*.zst=01;31:*.tzst=01;31:*.bz2=01;31:*.bz=01;31:*.tbz=01;31:*.tbz2=01;31:*.tz=01;31:*.deb=01;31:*.rpm=01;31:*.jar=01;31:*.war=01;31:*.ear=01;31:*.sar=01;31:*.rar=01;31:*.alz=01;31:*.ace=01;31:*.zoo=01;31:*.cpio=01;31:*.7z=01;31:*.rz=01;31:*.cab=01;31:*.wim=01;31:*.swm=01;31:*.dwm=01;31:*.esd=01;31:*.jpg=01;35:*.jpeg=01;35:*.mjpg=01;35:*.mjpeg=01;35:*.gif=01;35:*.bmp=01;35:*.pbm=01;35:*.pgm=01;35:*.ppm=01;35:*.tga=01;35:*.xbm=01;35:*.xpm=01;35:*.tif=01;35:*.tiff=01;35:*.png=01;35:*.svg=01;35:*.svgz=01;35:*.mng=01;35:*.pcx=01;35:*.mov=01;35:*.mpg=01;35:*.mpeg=01;35:*.m2v=01;35:*.mkv=01;35:*.webm=01;35:*.webp=01;35:*.ogm=01;35:*.mp4=01;35:*.m4v=01;35:*.mp4v=01;35:*.vob=01;35:*.qt=01;35:*.nuv=01;35:*.wmv=01;35:*.asf=01;35:*.rm=01;35:*.rmvb=01;35:*.flc=01;35:*.avi=01;35:*.fli=01;35:*.flv=01;35:*.gl=01;35:*.dl=01;35:*.xcf=01;35:*.xwd=01;35:*.yuv=01;35:*.cgm=01;35:*.emf=01;35:*.ogv=01;35:*.ogx=01;35:*.aac=00;36:*.au=00;36:*.flac=00;36:*.m4a=00;36:*.mid=00;36:*.midi=00;36:*.mka=00;36:*.mp3=00;36:*.mpc=00;36:*.ogg=00;36:*.ra=00;36:*.wav=00;36:*.oga=00;36:*.opus=00;36:*.spx=00;36:*.xspf=00;36:'), ('AMENT_PREFIX_PATH', '/root/ros2_ws/install/mg400_plugin:/root/ros2_ws/install/mg400_plugin_base:/root/ros2_ws/install/mg400_interface:/root/ros2_ws/install/mg400_msgs:/root/ros2_ws/install/mg400_common:/opt/ros/humble'), ('PWD', '/root/ros2_ws/build/mg400_node'), ('LC_ALL', 'C.UTF-8'), ('PYTHONPATH', '/root/ros2_ws/install/mg400_msgs/local/lib/python3.10/dist-packages:/opt/ros/humble/lib/python3.10/site-packages:/opt/ros/humble/local/lib/python3.10/dist-packages'), ('COLCON', '1'), ('CMAKE_PREFIX_PATH', '/root/ros2_ws/install/mg400_plugin:/root/ros2_ws/install/mg400_plugin_base:/root/ros2_ws/install/mg400_interface:/root/ros2_ws/install/mg400_msgs:/root/ros2_ws/install/mg400_common:/opt/ros/humble')]), 'shell': False}
[94.818235] (mg400_node) StdoutLine: {'line': b'-- Install configuration: ""\n'}
[94.818600] (mg400_node) StdoutLine: {'line': b'-- Execute custom install script\n'}
[94.818899] (mg400_node) StdoutLine: {'line': b'-- Symlinking: /root/ros2_ws/install/mg400_node/lib/mg400_node/mg400_node_exec\n'}
[94.827681] (mg400_node) StdoutLine: {'line': b'-- Symlinking: /root/ros2_ws/install/mg400_node/include/mg400_node/mg400_node.hpp\n'}
[94.836085] (mg400_node) StdoutLine: {'line': b'-- Symlinking: /root/ros2_ws/install/mg400_node/share/mg400_node/environment/library_path.sh\n'}
[94.844315] (mg400_node) StdoutLine: {'line': b'-- Symlinking: /root/ros2_ws/install/mg400_node/share/mg400_node/environment/library_path.dsv\n'}
[94.851439] (-) TimerEvent: {}
[94.853274] (mg400_node) StdoutLine: {'line': b'-- Symlinking: /root/ros2_ws/install/mg400_node/lib/libmg400_node.so\n'}
[94.862536] (mg400_node) StdoutLine: {'line': b'-- Symlinking: /root/ros2_ws/install/mg400_node/lib/mg400_node/joint_state_publisher_gui\n'}
[94.871419] (mg400_node) StdoutLine: {'line': b'-- Symlinking: /root/ros2_ws/install/mg400_node/lib/mg400_node/joint_command_publisher_gui\n'}
[94.879353] (mg400_node) StdoutLine: {'line': b'-- Symlinking: /root/ros2_ws/install/mg400_node/share/ament_index/resource_index/package_run_dependencies/mg400_node\n'}
[94.886358] (mg400_node) StdoutLine: {'line': b'-- Symlinking: /root/ros2_ws/install/mg400_node/share/ament_index/resource_index/parent_prefix_path/mg400_node\n'}
[94.894384] (mg400_node) StdoutLine: {'line': b'-- Symlinking: /root/ros2_ws/install/mg400_node/share/mg400_node/environment/ament_prefix_path.sh\n'}
[94.901937] (mg400_node) StdoutLine: {'line': b'-- Symlinking: /root/ros2_ws/install/mg400_node/share/mg400_node/environment/ament_prefix_path.dsv\n'}
[94.910206] (mg400_node) StdoutLine: {'line': b'-- Symlinking: /root/ros2_ws/install/mg400_node/share/mg400_node/environment/path.sh\n'}
[94.917568] (mg400_node) StdoutLine: {'line': b'-- Symlinking: /root/ros2_ws/install/mg400_node/share/mg400_node/environment/path.dsv\n'}
[94.924876] (mg400_node) StdoutLine: {'line': b'-- Symlinking: /root/ros2_ws/install/mg400_node/share/mg400_node/local_setup.bash\n'}
[94.933602] (mg400_node) StdoutLine: {'line': b'-- Symlinking: /root/ros2_ws/install/mg400_node/share/mg400_node/local_setup.sh\n'}
[94.941294] (mg400_node) StdoutLine: {'line': b'-- Symlinking: /root/ros2_ws/install/mg400_node/share/mg400_node/local_setup.zsh\n'}
[94.949483] (mg400_node) StdoutLine: {'line': b'-- Symlinking: /root/ros2_ws/install/mg400_node/share/mg400_node/local_setup.dsv\n'}
[94.951512] (-) TimerEvent: {}
[94.957525] (mg400_node) StdoutLine: {'line': b'-- Symlinking: /root/ros2_ws/install/mg400_node/share/mg400_node/package.dsv\n'}
[94.965993] (mg400_node) StdoutLine: {'line': b'-- Symlinking: /root/ros2_ws/install/mg400_node/share/ament_index/resource_index/packages/mg400_node\n'}
[94.975494] (mg400_node) StdoutLine: {'line': b'-- Symlinking: /root/ros2_ws/install/mg400_node/share/ament_index/resource_index/rclcpp_components/mg400_node\n'}
[94.983996] (mg400_node) StdoutLine: {'line': b'-- Symlinking: /root/ros2_ws/install/mg400_node/share/mg400_node/cmake/ament_cmake_export_dependencies-extras.cmake\n'}
[94.993316] (mg400_node) StdoutLine: {'line': b'-- Symlinking: /root/ros2_ws/install/mg400_node/share/mg400_node/cmake/ament_cmake_export_include_directories-extras.cmake\n'}
[95.001907] (mg400_node) StdoutLine: {'line': b'-- Symlinking: /root/ros2_ws/install/mg400_node/share/mg400_node/cmake/ament_cmake_export_libraries-extras.cmake\n'}
[95.009889] (mg400_node) StdoutLine: {'line': b'-- Symlinking: /root/ros2_ws/install/mg400_node/share/mg400_node/cmake/mg400_nodeConfig.cmake\n'}
[95.017590] (mg400_node) StdoutLine: {'line': b'-- Symlinking: /root/ros2_ws/install/mg400_node/share/mg400_node/cmake/mg400_nodeConfig-version.cmake\n'}
[95.026221] (mg400_node) StdoutLine: {'line': b'-- Symlinking: /root/ros2_ws/install/mg400_node/share/mg400_node/package.xml\n'}
[95.037527] (mg400_node) CommandEnded: {'returncode': 0}
[95.051340] (mg400_node) JobEnded: {'identifier': 'mg400_node', 'rc': 0}
[95.052175] (-) TimerEvent: {}
[95.052371] (mg400_bringup) JobStarted: {'identifier': 'mg400_bringup'}
[95.152309] (-) TimerEvent: {}
[95.252658] (-) TimerEvent: {}
[95.352962] (-) TimerEvent: {}
[95.453401] (-) TimerEvent: {}
[95.553761] (-) TimerEvent: {}
[95.654019] (-) TimerEvent: {}
[95.754356] (-) TimerEvent: {}
[95.822399] (mg400_bringup) Command: {'cmd': ['/usr/bin/python3', '-W', 'ignore:setup.py install is deprecated', '-W', 'ignore:easy_install command is deprecated', 'setup.py', 'develop', '--editable', '--build-directory', '/root/ros2_ws/build/mg400_bringup/build', '--no-deps', 'symlink_data'], 'cwd': '/root/ros2_ws/build/mg400_bringup', 'env': {'HOSTNAME': 'zzz-2404', 'SHLVL': '1', 'LD_LIBRARY_PATH': '/root/ros2_ws/install/mg400_node/lib:/root/ros2_ws/install/mg400_plugin/lib:/root/ros2_ws/install/mg400_joy/lib:/root/ros2_ws/install/mg400_interface/lib:/root/ros2_ws/install/p9n_interface/lib:/root/ros2_ws/install/mg400_msgs/lib:/root/ros2_ws/install/mg400_common/lib:/opt/ros/humble/opt/rviz_ogre_vendor/lib:/opt/ros/humble/lib/x86_64-linux-gnu:/opt/ros/humble/lib', 'HOME': '/root', 'OLDPWD': '/root/ros2_ws', 'ROS_PYTHON_VERSION': '3', 'ROS_DISTRO': 'humble', '_': '/usr/bin/colcon', 'ROS_VERSION': '2', 'TERM': 'xterm', 'ROS_LOCALHOST_ONLY': '0', 'PATH': '/opt/ros/humble/bin:/usr/local/sbin:/usr/local/bin:/usr/sbin:/usr/bin:/sbin:/bin', 'LANG': 'C.UTF-8', 'LS_COLORS': 'rs=0:di=01;34:ln=01;36:mh=00:pi=40;33:so=01;35:do=01;35:bd=40;33;01:cd=40;33;01:or=40;31;01:mi=00:su=37;41:sg=30;43:ca=30;41:tw=30;42:ow=34;42:st=37;44:ex=01;32:*.tar=01;31:*.tgz=01;31:*.arc=01;31:*.arj=01;31:*.taz=01;31:*.lha=01;31:*.lz4=01;31:*.lzh=01;31:*.lzma=01;31:*.tlz=01;31:*.txz=01;31:*.tzo=01;31:*.t7z=01;31:*.zip=01;31:*.z=01;31:*.dz=01;31:*.gz=01;31:*.lrz=01;31:*.lz=01;31:*.lzo=01;31:*.xz=01;31:*.zst=01;31:*.tzst=01;31:*.bz2=01;31:*.bz=01;31:*.tbz=01;31:*.tbz2=01;31:*.tz=01;31:*.deb=01;31:*.rpm=01;31:*.jar=01;31:*.war=01;31:*.ear=01;31:*.sar=01;31:*.rar=01;31:*.alz=01;31:*.ace=01;31:*.zoo=01;31:*.cpio=01;31:*.7z=01;31:*.rz=01;31:*.cab=01;31:*.wim=01;31:*.swm=01;31:*.dwm=01;31:*.esd=01;31:*.jpg=01;35:*.jpeg=01;35:*.mjpg=01;35:*.mjpeg=01;35:*.gif=01;35:*.bmp=01;35:*.pbm=01;35:*.pgm=01;35:*.ppm=01;35:*.tga=01;35:*.xbm=01;35:*.xpm=01;35:*.tif=01;35:*.tiff=01;35:*.png=01;35:*.svg=01;35:*.svgz=01;35:*.mng=01;35:*.pcx=01;35:*.mov=01;35:*.mpg=01;35:*.mpeg=01;35:*.m2v=01;35:*.mkv=01;35:*.webm=01;35:*.webp=01;35:*.ogm=01;35:*.mp4=01;35:*.m4v=01;35:*.mp4v=01;35:*.vob=01;35:*.qt=01;35:*.nuv=01;35:*.wmv=01;35:*.asf=01;35:*.rm=01;35:*.rmvb=01;35:*.flc=01;35:*.avi=01;35:*.fli=01;35:*.flv=01;35:*.gl=01;35:*.dl=01;35:*.xcf=01;35:*.xwd=01;35:*.yuv=01;35:*.cgm=01;35:*.emf=01;35:*.ogv=01;35:*.ogx=01;35:*.aac=00;36:*.au=00;36:*.flac=00;36:*.m4a=00;36:*.mid=00;36:*.midi=00;36:*.mka=00;36:*.mp3=00;36:*.mpc=00;36:*.ogg=00;36:*.ra=00;36:*.wav=00;36:*.oga=00;36:*.opus=00;36:*.spx=00;36:*.xspf=00;36:', 'AMENT_PREFIX_PATH': '/root/ros2_ws/install/mg400_node:/root/ros2_ws/install/mg400_plugin:/root/ros2_ws/install/mg400_plugin_base:/root/ros2_ws/install/mg400_joy:/root/ros2_ws/install/mg400_interface:/root/ros2_ws/install/p9n_interface:/root/ros2_ws/install/mg400_msgs:/root/ros2_ws/install/mg400_description:/root/ros2_ws/install/mg400_common:/opt/ros/humble', 'PWD': '/root/ros2_ws/build/mg400_bringup', 'LC_ALL': 'C.UTF-8', 'PYTHONPATH': '/root/ros2_ws/build/mg400_bringup/prefix_override:/usr/lib/python3/dist-packages/colcon_core/task/python/colcon_distutils_commands:/root/ros2_ws/install/mg400_bringup/lib/python3.10/site-packages:/root/ros2_ws/install/mg400_msgs/local/lib/python3.10/dist-packages:/opt/ros/humble/lib/python3.10/site-packages:/opt/ros/humble/local/lib/python3.10/dist-packages', 'COLCON': '1', 'CMAKE_PREFIX_PATH': '/root/ros2_ws/install/mg400_node:/root/ros2_ws/install/mg400_plugin:/root/ros2_ws/install/mg400_plugin_base:/root/ros2_ws/install/mg400_joy:/root/ros2_ws/install/mg400_interface:/root/ros2_ws/install/p9n_interface:/root/ros2_ws/install/mg400_msgs:/root/ros2_ws/install/mg400_description:/root/ros2_ws/install/mg400_common'}, 'shell': False}
[95.854454] (-) TimerEvent: {}
[95.954858] (-) TimerEvent: {}
[96.011999] (mg400_bringup) StdoutLine: {'line': b'running develop\n'}
[96.054968] (-) TimerEvent: {}
[96.107728] (mg400_bringup) StdoutLine: {'line': b'running egg_info\n'}
[96.107968] (mg400_bringup) StdoutLine: {'line': b'creating mg400_bringup.egg-info\n'}
[96.108085] (mg400_bringup) StdoutLine: {'line': b'writing mg400_bringup.egg-info/PKG-INFO\n'}
[96.108263] (mg400_bringup) StdoutLine: {'line': b'writing dependency_links to mg400_bringup.egg-info/dependency_links.txt\n'}
[96.108386] (mg400_bringup) StdoutLine: {'line': b'writing entry points to mg400_bringup.egg-info/entry_points.txt\n'}
[96.108498] (mg400_bringup) StdoutLine: {'line': b'writing requirements to mg400_bringup.egg-info/requires.txt\n'}
[96.108592] (mg400_bringup) StdoutLine: {'line': b'writing top-level names to mg400_bringup.egg-info/top_level.txt\n'}
[96.108694] (mg400_bringup) StdoutLine: {'line': b"writing manifest file 'mg400_bringup.egg-info/SOURCES.txt'\n"}
[96.109822] (mg400_bringup) StdoutLine: {'line': b"reading manifest file 'mg400_bringup.egg-info/SOURCES.txt'\n"}
[96.110316] (mg400_bringup) StdoutLine: {'line': b"writing manifest file 'mg400_bringup.egg-info/SOURCES.txt'\n"}
[96.111309] (mg400_bringup) StdoutLine: {'line': b'running build_ext\n'}
[96.111456] (mg400_bringup) StdoutLine: {'line': b'Creating /root/ros2_ws/install/mg400_bringup/lib/python3.10/site-packages/mg400-bringup.egg-link (link to .)\n'}
[96.112030] (mg400_bringup) StdoutLine: {'line': b'\n'}
[96.112225] (mg400_bringup) StdoutLine: {'line': b'Installed /root/ros2_ws/build/mg400_bringup\n'}
[96.112371] (mg400_bringup) StdoutLine: {'line': b'running symlink_data\n'}
[96.112522] (mg400_bringup) StdoutLine: {'line': b'creating /root/ros2_ws/install/mg400_bringup/share/ament_index\n'}
[96.112675] (mg400_bringup) StdoutLine: {'line': b'creating /root/ros2_ws/install/mg400_bringup/share/ament_index/resource_index\n'}
[96.112729] (mg400_bringup) StdoutLine: {'line': b'creating /root/ros2_ws/install/mg400_bringup/share/ament_index/resource_index/packages\n'}
[96.112778] (mg400_bringup) StdoutLine: {'line': b'symbolically linking /root/ros2_ws/build/mg400_bringup/resource/mg400_bringup -> /root/ros2_ws/install/mg400_bringup/share/ament_index/resource_index/packages\n'}
[96.112826] (mg400_bringup) StdoutLine: {'line': b'symbolically linking /root/ros2_ws/build/mg400_bringup/package.xml -> /root/ros2_ws/install/mg400_bringup/share/mg400_bringup\n'}
[96.112904] (mg400_bringup) StdoutLine: {'line': b'creating /root/ros2_ws/install/mg400_bringup/share/mg400_bringup/launch\n'}
[96.112949] (mg400_bringup) StdoutLine: {'line': b'symbolically linking /root/ros2_ws/build/mg400_bringup/launch/mg400.launch.py -> /root/ros2_ws/install/mg400_bringup/share/mg400_bringup/launch\n'}
[96.112991] (mg400_bringup) StdoutLine: {'line': b'symbolically linking /root/ros2_ws/build/mg400_bringup/launch/display.launch.py -> /root/ros2_ws/install/mg400_bringup/share/mg400_bringup/launch\n'}
[96.113030] (mg400_bringup) StdoutLine: {'line': b'symbolically linking /root/ros2_ws/build/mg400_bringup/launch/joy.launch.py -> /root/ros2_ws/install/mg400_bringup/share/mg400_bringup/launch\n'}
[96.113070] (mg400_bringup) StdoutLine: {'line': b'symbolically linking /root/ros2_ws/build/mg400_bringup/launch/rsp.launch.py -> /root/ros2_ws/install/mg400_bringup/share/mg400_bringup/launch\n'}
[96.113110] (mg400_bringup) StdoutLine: {'line': b'symbolically linking /root/ros2_ws/build/mg400_bringup/launch/main.launch.py -> /root/ros2_ws/install/mg400_bringup/share/mg400_bringup/launch\n'}
[96.113150] (mg400_bringup) StdoutLine: {'line': b'symbolically linking /root/ros2_ws/build/mg400_bringup/launch/rviz.launch.py -> /root/ros2_ws/install/mg400_bringup/share/mg400_bringup/launch\n'}
[96.113189] (mg400_bringup) StdoutLine: {'line': b'creating /root/ros2_ws/install/mg400_bringup/share/mg400_bringup/rviz\n'}
[96.113229] (mg400_bringup) StdoutLine: {'line': b'symbolically linking /root/ros2_ws/build/mg400_bringup/rviz/mg400.rviz -> /root/ros2_ws/install/mg400_bringup/share/mg400_bringup/rviz\n'}
[96.113276] (mg400_bringup) StdoutLine: {'line': b'symbolically linking /root/ros2_ws/build/mg400_bringup/rviz/display.rviz -> /root/ros2_ws/install/mg400_bringup/share/mg400_bringup/rviz\n'}
[96.138211] (mg400_bringup) CommandEnded: {'returncode': 0}
[96.144657] (mg400_bringup) JobEnded: {'identifier': 'mg400_bringup', 'rc': 0}
[96.145651] (mg400) JobStarted: {'identifier': 'mg400'}
[96.155045] (-) TimerEvent: {}
[96.169098] (mg400) JobProgress: {'identifier': 'mg400', 'progress': 'cmake'}
[96.169671] (mg400) Command: {'cmd': ['/usr/bin/cmake', '/root/ros2_ws/src/MG400_ROS2/mg400', '-DAMENT_CMAKE_SYMLINK_INSTALL=1', '-DCMAKE_INSTALL_PREFIX=/root/ros2_ws/install/mg400'], 'cwd': '/root/ros2_ws/build/mg400', 'env': OrderedDict([('HOSTNAME', 'zzz-2404'), ('SHLVL', '1'), ('LD_LIBRARY_PATH', '/root/ros2_ws/install/mg400_node/lib:/root/ros2_ws/install/mg400_plugin/lib:/root/ros2_ws/install/mg400_joy/lib:/root/ros2_ws/install/mg400_interface/lib:/root/ros2_ws/install/p9n_interface/lib:/root/ros2_ws/install/mg400_msgs/lib:/root/ros2_ws/install/mg400_common/lib:/opt/ros/humble/opt/rviz_ogre_vendor/lib:/opt/ros/humble/lib/x86_64-linux-gnu:/opt/ros/humble/lib'), ('HOME', '/root'), ('OLDPWD', '/root/ros2_ws'), ('ROS_PYTHON_VERSION', '3'), ('ROS_DISTRO', 'humble'), ('_', '/usr/bin/colcon'), ('ROS_VERSION', '2'), ('TERM', 'xterm'), ('ROS_LOCALHOST_ONLY', '0'), ('PATH', '/opt/ros/humble/bin:/usr/local/sbin:/usr/local/bin:/usr/sbin:/usr/bin:/sbin:/bin'), ('LANG', 'C.UTF-8'), ('LS_COLORS', 'rs=0:di=01;34:ln=01;36:mh=00:pi=40;33:so=01;35:do=01;35:bd=40;33;01:cd=40;33;01:or=40;31;01:mi=00:su=37;41:sg=30;43:ca=30;41:tw=30;42:ow=34;42:st=37;44:ex=01;32:*.tar=01;31:*.tgz=01;31:*.arc=01;31:*.arj=01;31:*.taz=01;31:*.lha=01;31:*.lz4=01;31:*.lzh=01;31:*.lzma=01;31:*.tlz=01;31:*.txz=01;31:*.tzo=01;31:*.t7z=01;31:*.zip=01;31:*.z=01;31:*.dz=01;31:*.gz=01;31:*.lrz=01;31:*.lz=01;31:*.lzo=01;31:*.xz=01;31:*.zst=01;31:*.tzst=01;31:*.bz2=01;31:*.bz=01;31:*.tbz=01;31:*.tbz2=01;31:*.tz=01;31:*.deb=01;31:*.rpm=01;31:*.jar=01;31:*.war=01;31:*.ear=01;31:*.sar=01;31:*.rar=01;31:*.alz=01;31:*.ace=01;31:*.zoo=01;31:*.cpio=01;31:*.7z=01;31:*.rz=01;31:*.cab=01;31:*.wim=01;31:*.swm=01;31:*.dwm=01;31:*.esd=01;31:*.jpg=01;35:*.jpeg=01;35:*.mjpg=01;35:*.mjpeg=01;35:*.gif=01;35:*.bmp=01;35:*.pbm=01;35:*.pgm=01;35:*.ppm=01;35:*.tga=01;35:*.xbm=01;35:*.xpm=01;35:*.tif=01;35:*.tiff=01;35:*.png=01;35:*.svg=01;35:*.svgz=01;35:*.mng=01;35:*.pcx=01;35:*.mov=01;35:*.mpg=01;35:*.mpeg=01;35:*.m2v=01;35:*.mkv=01;35:*.webm=01;35:*.webp=01;35:*.ogm=01;35:*.mp4=01;35:*.m4v=01;35:*.mp4v=01;35:*.vob=01;35:*.qt=01;35:*.nuv=01;35:*.wmv=01;35:*.asf=01;35:*.rm=01;35:*.rmvb=01;35:*.flc=01;35:*.avi=01;35:*.fli=01;35:*.flv=01;35:*.gl=01;35:*.dl=01;35:*.xcf=01;35:*.xwd=01;35:*.yuv=01;35:*.cgm=01;35:*.emf=01;35:*.ogv=01;35:*.ogx=01;35:*.aac=00;36:*.au=00;36:*.flac=00;36:*.m4a=00;36:*.mid=00;36:*.midi=00;36:*.mka=00;36:*.mp3=00;36:*.mpc=00;36:*.ogg=00;36:*.ra=00;36:*.wav=00;36:*.oga=00;36:*.opus=00;36:*.spx=00;36:*.xspf=00;36:'), ('AMENT_PREFIX_PATH', '/root/ros2_ws/install/mg400_bringup:/root/ros2_ws/install/mg400_node:/root/ros2_ws/install/mg400_plugin:/root/ros2_ws/install/mg400_plugin_base:/root/ros2_ws/install/mg400_joy:/root/ros2_ws/install/mg400_interface:/root/ros2_ws/install/p9n_interface:/root/ros2_ws/install/mg400_msgs:/root/ros2_ws/install/mg400_description:/root/ros2_ws/install/mg400_common:/opt/ros/humble'), ('PWD', '/root/ros2_ws/build/mg400'), ('LC_ALL', 'C.UTF-8'), ('PYTHONPATH', '/root/ros2_ws/build/mg400_bringup:/root/ros2_ws/install/mg400_bringup/lib/python3.10/site-packages:/root/ros2_ws/install/mg400_msgs/local/lib/python3.10/dist-packages:/opt/ros/humble/lib/python3.10/site-packages:/opt/ros/humble/local/lib/python3.10/dist-packages'), ('COLCON', '1'), ('CMAKE_PREFIX_PATH', '/root/ros2_ws/install/mg400_node:/root/ros2_ws/install/mg400_plugin:/root/ros2_ws/install/mg400_plugin_base:/root/ros2_ws/install/mg400_joy:/root/ros2_ws/install/mg400_interface:/root/ros2_ws/install/p9n_interface:/root/ros2_ws/install/mg400_msgs:/root/ros2_ws/install/mg400_description:/root/ros2_ws/install/mg400_common:/opt/ros/humble')]), 'shell': False}
[96.222042] (mg400) StdoutLine: {'line': b'-- The C compiler identification is GNU 11.4.0\n'}
[96.255218] (-) TimerEvent: {}
[96.272692] (mg400) StdoutLine: {'line': b'-- The CXX compiler identification is GNU 11.4.0\n'}
[96.278758] (mg400) StdoutLine: {'line': b'-- Detecting C compiler ABI info\n'}
[96.343547] (mg400) StdoutLine: {'line': b'-- Detecting C compiler ABI info - done\n'}
[96.348848] (mg400) StdoutLine: {'line': b'-- Check for working C compiler: /usr/bin/cc - skipped\n'}
[96.349040] (mg400) StdoutLine: {'line': b'-- Detecting C compile features\n'}
[96.349317] (mg400) StdoutLine: {'line': b'-- Detecting C compile features - done\n'}
[96.351671] (mg400) StdoutLine: {'line': b'-- Detecting CXX compiler ABI info\n'}
[96.355277] (-) TimerEvent: {}
[96.427271] (mg400) StdoutLine: {'line': b'-- Detecting CXX compiler ABI info - done\n'}
[96.432739] (mg400) StdoutLine: {'line': b'-- Check for working CXX compiler: /usr/bin/c++ - skipped\n'}
[96.432968] (mg400) StdoutLine: {'line': b'-- Detecting CXX compile features\n'}
[96.433263] (mg400) StdoutLine: {'line': b'-- Detecting CXX compile features - done\n'}
[96.437333] (mg400) StdoutLine: {'line': b'-- Found ament_cmake: 1.3.14 (/opt/ros/humble/share/ament_cmake/cmake)\n'}
[96.455386] (-) TimerEvent: {}
[96.555721] (-) TimerEvent: {}
[96.565766] (mg400) StdoutLine: {'line': b'-- Found Python3: /usr/bin/python3 (found version "3.10.12") found components: Interpreter \n'}
[96.613761] (mg400) StdoutLine: {'line': b'-- Override CMake install command with custom implementation using symlinks instead of copying resources\n'}
[96.655906] (mg400) StdoutLine: {'line': b'-- Found ament_lint_auto: 0.12.15 (/opt/ros/humble/share/ament_lint_auto/cmake)\n'}
[96.656120] (-) TimerEvent: {}
[96.731117] (mg400) StdoutLine: {'line': b"-- Added test 'lint_cmake' to check CMake code style\n"}
[96.731885] (mg400) StdoutLine: {'line': b"-- Added test 'xmllint' to check XML markup files\n"}
[96.733359] (mg400) StdoutLine: {'line': b'-- Configuring done\n'}
[96.736853] (mg400) StdoutLine: {'line': b'-- Generating done\n'}
[96.738230] (mg400) StdoutLine: {'line': b'-- Build files have been written to: /root/ros2_ws/build/mg400\n'}
[96.743368] (mg400) CommandEnded: {'returncode': 0}
[96.743786] (mg400) JobProgress: {'identifier': 'mg400', 'progress': 'build'}
[96.744005] (mg400) Command: {'cmd': ['/usr/bin/cmake', '--build', '/root/ros2_ws/build/mg400', '--', '-j16', '-l16'], 'cwd': '/root/ros2_ws/build/mg400', 'env': OrderedDict([('HOSTNAME', 'zzz-2404'), ('SHLVL', '1'), ('LD_LIBRARY_PATH', '/root/ros2_ws/install/mg400_node/lib:/root/ros2_ws/install/mg400_plugin/lib:/root/ros2_ws/install/mg400_joy/lib:/root/ros2_ws/install/mg400_interface/lib:/root/ros2_ws/install/p9n_interface/lib:/root/ros2_ws/install/mg400_msgs/lib:/root/ros2_ws/install/mg400_common/lib:/opt/ros/humble/opt/rviz_ogre_vendor/lib:/opt/ros/humble/lib/x86_64-linux-gnu:/opt/ros/humble/lib'), ('HOME', '/root'), ('OLDPWD', '/root/ros2_ws'), ('ROS_PYTHON_VERSION', '3'), ('ROS_DISTRO', 'humble'), ('_', '/usr/bin/colcon'), ('ROS_VERSION', '2'), ('TERM', 'xterm'), ('ROS_LOCALHOST_ONLY', '0'), ('PATH', '/opt/ros/humble/bin:/usr/local/sbin:/usr/local/bin:/usr/sbin:/usr/bin:/sbin:/bin'), ('LANG', 'C.UTF-8'), ('LS_COLORS', 'rs=0:di=01;34:ln=01;36:mh=00:pi=40;33:so=01;35:do=01;35:bd=40;33;01:cd=40;33;01:or=40;31;01:mi=00:su=37;41:sg=30;43:ca=30;41:tw=30;42:ow=34;42:st=37;44:ex=01;32:*.tar=01;31:*.tgz=01;31:*.arc=01;31:*.arj=01;31:*.taz=01;31:*.lha=01;31:*.lz4=01;31:*.lzh=01;31:*.lzma=01;31:*.tlz=01;31:*.txz=01;31:*.tzo=01;31:*.t7z=01;31:*.zip=01;31:*.z=01;31:*.dz=01;31:*.gz=01;31:*.lrz=01;31:*.lz=01;31:*.lzo=01;31:*.xz=01;31:*.zst=01;31:*.tzst=01;31:*.bz2=01;31:*.bz=01;31:*.tbz=01;31:*.tbz2=01;31:*.tz=01;31:*.deb=01;31:*.rpm=01;31:*.jar=01;31:*.war=01;31:*.ear=01;31:*.sar=01;31:*.rar=01;31:*.alz=01;31:*.ace=01;31:*.zoo=01;31:*.cpio=01;31:*.7z=01;31:*.rz=01;31:*.cab=01;31:*.wim=01;31:*.swm=01;31:*.dwm=01;31:*.esd=01;31:*.jpg=01;35:*.jpeg=01;35:*.mjpg=01;35:*.mjpeg=01;35:*.gif=01;35:*.bmp=01;35:*.pbm=01;35:*.pgm=01;35:*.ppm=01;35:*.tga=01;35:*.xbm=01;35:*.xpm=01;35:*.tif=01;35:*.tiff=01;35:*.png=01;35:*.svg=01;35:*.svgz=01;35:*.mng=01;35:*.pcx=01;35:*.mov=01;35:*.mpg=01;35:*.mpeg=01;35:*.m2v=01;35:*.mkv=01;35:*.webm=01;35:*.webp=01;35:*.ogm=01;35:*.mp4=01;35:*.m4v=01;35:*.mp4v=01;35:*.vob=01;35:*.qt=01;35:*.nuv=01;35:*.wmv=01;35:*.asf=01;35:*.rm=01;35:*.rmvb=01;35:*.flc=01;35:*.avi=01;35:*.fli=01;35:*.flv=01;35:*.gl=01;35:*.dl=01;35:*.xcf=01;35:*.xwd=01;35:*.yuv=01;35:*.cgm=01;35:*.emf=01;35:*.ogv=01;35:*.ogx=01;35:*.aac=00;36:*.au=00;36:*.flac=00;36:*.m4a=00;36:*.mid=00;36:*.midi=00;36:*.mka=00;36:*.mp3=00;36:*.mpc=00;36:*.ogg=00;36:*.ra=00;36:*.wav=00;36:*.oga=00;36:*.opus=00;36:*.spx=00;36:*.xspf=00;36:'), ('AMENT_PREFIX_PATH', '/root/ros2_ws/install/mg400_bringup:/root/ros2_ws/install/mg400_node:/root/ros2_ws/install/mg400_plugin:/root/ros2_ws/install/mg400_plugin_base:/root/ros2_ws/install/mg400_joy:/root/ros2_ws/install/mg400_interface:/root/ros2_ws/install/p9n_interface:/root/ros2_ws/install/mg400_msgs:/root/ros2_ws/install/mg400_description:/root/ros2_ws/install/mg400_common:/opt/ros/humble'), ('PWD', '/root/ros2_ws/build/mg400'), ('LC_ALL', 'C.UTF-8'), ('PYTHONPATH', '/root/ros2_ws/build/mg400_bringup:/root/ros2_ws/install/mg400_bringup/lib/python3.10/site-packages:/root/ros2_ws/install/mg400_msgs/local/lib/python3.10/dist-packages:/opt/ros/humble/lib/python3.10/site-packages:/opt/ros/humble/local/lib/python3.10/dist-packages'), ('COLCON', '1'), ('CMAKE_PREFIX_PATH', '/root/ros2_ws/install/mg400_node:/root/ros2_ws/install/mg400_plugin:/root/ros2_ws/install/mg400_plugin_base:/root/ros2_ws/install/mg400_joy:/root/ros2_ws/install/mg400_interface:/root/ros2_ws/install/p9n_interface:/root/ros2_ws/install/mg400_msgs:/root/ros2_ws/install/mg400_description:/root/ros2_ws/install/mg400_common:/opt/ros/humble')]), 'shell': False}
[96.756230] (-) TimerEvent: {}
[96.785656] (mg400) CommandEnded: {'returncode': 0}
[96.786499] (mg400) JobProgress: {'identifier': 'mg400', 'progress': 'install'}
[96.786766] (mg400) Command: {'cmd': ['/usr/bin/cmake', '--install', '/root/ros2_ws/build/mg400'], 'cwd': '/root/ros2_ws/build/mg400', 'env': OrderedDict([('HOSTNAME', 'zzz-2404'), ('SHLVL', '1'), ('LD_LIBRARY_PATH', '/root/ros2_ws/install/mg400_node/lib:/root/ros2_ws/install/mg400_plugin/lib:/root/ros2_ws/install/mg400_joy/lib:/root/ros2_ws/install/mg400_interface/lib:/root/ros2_ws/install/p9n_interface/lib:/root/ros2_ws/install/mg400_msgs/lib:/root/ros2_ws/install/mg400_common/lib:/opt/ros/humble/opt/rviz_ogre_vendor/lib:/opt/ros/humble/lib/x86_64-linux-gnu:/opt/ros/humble/lib'), ('HOME', '/root'), ('OLDPWD', '/root/ros2_ws'), ('ROS_PYTHON_VERSION', '3'), ('ROS_DISTRO', 'humble'), ('_', '/usr/bin/colcon'), ('ROS_VERSION', '2'), ('TERM', 'xterm'), ('ROS_LOCALHOST_ONLY', '0'), ('PATH', '/opt/ros/humble/bin:/usr/local/sbin:/usr/local/bin:/usr/sbin:/usr/bin:/sbin:/bin'), ('LANG', 'C.UTF-8'), ('LS_COLORS', 'rs=0:di=01;34:ln=01;36:mh=00:pi=40;33:so=01;35:do=01;35:bd=40;33;01:cd=40;33;01:or=40;31;01:mi=00:su=37;41:sg=30;43:ca=30;41:tw=30;42:ow=34;42:st=37;44:ex=01;32:*.tar=01;31:*.tgz=01;31:*.arc=01;31:*.arj=01;31:*.taz=01;31:*.lha=01;31:*.lz4=01;31:*.lzh=01;31:*.lzma=01;31:*.tlz=01;31:*.txz=01;31:*.tzo=01;31:*.t7z=01;31:*.zip=01;31:*.z=01;31:*.dz=01;31:*.gz=01;31:*.lrz=01;31:*.lz=01;31:*.lzo=01;31:*.xz=01;31:*.zst=01;31:*.tzst=01;31:*.bz2=01;31:*.bz=01;31:*.tbz=01;31:*.tbz2=01;31:*.tz=01;31:*.deb=01;31:*.rpm=01;31:*.jar=01;31:*.war=01;31:*.ear=01;31:*.sar=01;31:*.rar=01;31:*.alz=01;31:*.ace=01;31:*.zoo=01;31:*.cpio=01;31:*.7z=01;31:*.rz=01;31:*.cab=01;31:*.wim=01;31:*.swm=01;31:*.dwm=01;31:*.esd=01;31:*.jpg=01;35:*.jpeg=01;35:*.mjpg=01;35:*.mjpeg=01;35:*.gif=01;35:*.bmp=01;35:*.pbm=01;35:*.pgm=01;35:*.ppm=01;35:*.tga=01;35:*.xbm=01;35:*.xpm=01;35:*.tif=01;35:*.tiff=01;35:*.png=01;35:*.svg=01;35:*.svgz=01;35:*.mng=01;35:*.pcx=01;35:*.mov=01;35:*.mpg=01;35:*.mpeg=01;35:*.m2v=01;35:*.mkv=01;35:*.webm=01;35:*.webp=01;35:*.ogm=01;35:*.mp4=01;35:*.m4v=01;35:*.mp4v=01;35:*.vob=01;35:*.qt=01;35:*.nuv=01;35:*.wmv=01;35:*.asf=01;35:*.rm=01;35:*.rmvb=01;35:*.flc=01;35:*.avi=01;35:*.fli=01;35:*.flv=01;35:*.gl=01;35:*.dl=01;35:*.xcf=01;35:*.xwd=01;35:*.yuv=01;35:*.cgm=01;35:*.emf=01;35:*.ogv=01;35:*.ogx=01;35:*.aac=00;36:*.au=00;36:*.flac=00;36:*.m4a=00;36:*.mid=00;36:*.midi=00;36:*.mka=00;36:*.mp3=00;36:*.mpc=00;36:*.ogg=00;36:*.ra=00;36:*.wav=00;36:*.oga=00;36:*.opus=00;36:*.spx=00;36:*.xspf=00;36:'), ('AMENT_PREFIX_PATH', '/root/ros2_ws/install/mg400_bringup:/root/ros2_ws/install/mg400_node:/root/ros2_ws/install/mg400_plugin:/root/ros2_ws/install/mg400_plugin_base:/root/ros2_ws/install/mg400_joy:/root/ros2_ws/install/mg400_interface:/root/ros2_ws/install/p9n_interface:/root/ros2_ws/install/mg400_msgs:/root/ros2_ws/install/mg400_description:/root/ros2_ws/install/mg400_common:/opt/ros/humble'), ('PWD', '/root/ros2_ws/build/mg400'), ('LC_ALL', 'C.UTF-8'), ('PYTHONPATH', '/root/ros2_ws/build/mg400_bringup:/root/ros2_ws/install/mg400_bringup/lib/python3.10/site-packages:/root/ros2_ws/install/mg400_msgs/local/lib/python3.10/dist-packages:/opt/ros/humble/lib/python3.10/site-packages:/opt/ros/humble/local/lib/python3.10/dist-packages'), ('COLCON', '1'), ('CMAKE_PREFIX_PATH', '/root/ros2_ws/install/mg400_node:/root/ros2_ws/install/mg400_plugin:/root/ros2_ws/install/mg400_plugin_base:/root/ros2_ws/install/mg400_joy:/root/ros2_ws/install/mg400_interface:/root/ros2_ws/install/p9n_interface:/root/ros2_ws/install/mg400_msgs:/root/ros2_ws/install/mg400_description:/root/ros2_ws/install/mg400_common:/opt/ros/humble')]), 'shell': False}
[96.795044] (mg400) StdoutLine: {'line': b'-- Install configuration: ""\n'}
[96.795429] (mg400) StdoutLine: {'line': b'-- Execute custom install script\n'}
[96.795719] (mg400) StdoutLine: {'line': b'-- Symlinking: /root/ros2_ws/install/mg400/share/ament_index/resource_index/package_run_dependencies/mg400\n'}
[96.804681] (mg400) StdoutLine: {'line': b'-- Symlinking: /root/ros2_ws/install/mg400/share/ament_index/resource_index/parent_prefix_path/mg400\n'}
[96.814878] (mg400) StdoutLine: {'line': b'-- Symlinking: /root/ros2_ws/install/mg400/share/mg400/environment/ament_prefix_path.sh\n'}
[96.824341] (mg400) StdoutLine: {'line': b'-- Symlinking: /root/ros2_ws/install/mg400/share/mg400/environment/ament_prefix_path.dsv\n'}
[96.834155] (mg400) StdoutLine: {'line': b'-- Symlinking: /root/ros2_ws/install/mg400/share/mg400/environment/path.sh\n'}
[96.843157] (mg400) StdoutLine: {'line': b'-- Symlinking: /root/ros2_ws/install/mg400/share/mg400/environment/path.dsv\n'}
[96.850526] (mg400) StdoutLine: {'line': b'-- Symlinking: /root/ros2_ws/install/mg400/share/mg400/local_setup.bash\n'}
[96.856331] (-) TimerEvent: {}
[96.859563] (mg400) StdoutLine: {'line': b'-- Symlinking: /root/ros2_ws/install/mg400/share/mg400/local_setup.sh\n'}
[96.867919] (mg400) StdoutLine: {'line': b'-- Symlinking: /root/ros2_ws/install/mg400/share/mg400/local_setup.zsh\n'}
[96.878656] (mg400) StdoutLine: {'line': b'-- Symlinking: /root/ros2_ws/install/mg400/share/mg400/local_setup.dsv\n'}
[96.888368] (mg400) StdoutLine: {'line': b'-- Symlinking: /root/ros2_ws/install/mg400/share/mg400/package.dsv\n'}
[96.898120] (mg400) StdoutLine: {'line': b'-- Symlinking: /root/ros2_ws/install/mg400/share/ament_index/resource_index/packages/mg400\n'}
[96.907320] (mg400) StdoutLine: {'line': b'-- Symlinking: /root/ros2_ws/install/mg400/share/mg400/cmake/mg400Config.cmake\n'}
[96.915588] (mg400) StdoutLine: {'line': b'-- Symlinking: /root/ros2_ws/install/mg400/share/mg400/cmake/mg400Config-version.cmake\n'}
[96.924895] (mg400) StdoutLine: {'line': b'-- Symlinking: /root/ros2_ws/install/mg400/share/mg400/package.xml\n'}
[96.935414] (mg400) CommandEnded: {'returncode': 0}
[96.950135] (mg400) JobEnded: {'identifier': 'mg400', 'rc': 0}
[96.952610] (-) EventReactorShutdown: {}
