[0.125s] DEBUG:colcon:Command line arguments: ['/usr/bin/colcon', 'build', '--symlink-install']
[0.125s] DEBUG:colcon:Parsed command line arguments: Namespace(log_base=None, log_level=None, verb_name='build', build_base='build', install_base='install', merge_install=False, symlink_install=True, test_result_base=None, continue_on_error=False, executor='parallel', parallel_workers=16, event_handlers=None, ignore_user_meta=False, metas=['./colcon.meta'], base_paths=['.'], packages_ignore=None, packages_ignore_regex=None, paths=None, packages_up_to=None, packages_up_to_regex=None, packages_above=None, packages_above_and_dependencies=None, packages_above_depth=None, packages_select_by_dep=None, packages_skip_by_dep=None, packages_skip_up_to=None, packages_select_build_failed=False, packages_skip_build_finished=False, packages_select_test_failures=False, packages_skip_test_passed=False, packages_select=None, packages_skip=None, packages_select_regex=None, packages_skip_regex=None, packages_start=None, packages_end=None, cmake_args=None, cmake_target=None, cmake_target_skip_unavailable=False, cmake_clean_cache=False, cmake_clean_first=False, cmake_force_configure=False, ament_cmake_args=None, catkin_cmake_args=None, catkin_skip_building_tests=False, mixin_files=None, mixin=None, verb_parser=<colcon_mixin.mixin.mixin_argument.MixinArgumentDecorator object at 0x7b2b61427a30>, verb_extension=<colcon_core.verb.build.BuildVerb object at 0x7b2b61427580>, main=<bound method BuildVerb.main of <colcon_core.verb.build.BuildVerb object at 0x7b2b61427580>>, mixin_verb=('build',))
[0.240s] Level 1:colcon.colcon_core.package_discovery:discover_packages(colcon_meta) check parameters
[0.240s] INFO:colcon.colcon_metadata.package_discovery.colcon_meta:Using configuration from '/root/.colcon/metadata/default/Gazebo.meta'
[0.241s] INFO:colcon.colcon_metadata.package_discovery.colcon_meta:Using configuration from '/root/.colcon/metadata/default/fastdds.meta'
[0.241s] INFO:colcon.colcon_metadata.package_discovery.colcon_meta:Using configuration from '/root/.colcon/metadata/default/fastrtps.meta'
[0.241s] Level 1:colcon.colcon_core.package_discovery:discover_packages(recursive) check parameters
[0.241s] Level 1:colcon.colcon_core.package_discovery:discover_packages(ignore) check parameters
[0.241s] Level 1:colcon.colcon_core.package_discovery:discover_packages(path) check parameters
[0.241s] Level 1:colcon.colcon_core.package_discovery:discover_packages(colcon_meta) discover
[0.241s] Level 1:colcon.colcon_core.package_discovery:discover_packages(recursive) discover
[0.241s] INFO:colcon.colcon_core.package_discovery:Crawling recursively for packages in '/root/ros2_ws'
[0.241s] Level 1:colcon.colcon_core.package_identification:_identify(.) by extensions ['ignore', 'ignore_ament_install']
[0.241s] Level 1:colcon.colcon_core.package_identification:_identify(.) by extension 'ignore'
[0.241s] Level 1:colcon.colcon_core.package_identification:_identify(.) by extension 'ignore_ament_install'
[0.241s] Level 1:colcon.colcon_core.package_identification:_identify(.) by extensions ['colcon_pkg']
[0.241s] Level 1:colcon.colcon_core.package_identification:_identify(.) by extension 'colcon_pkg'
[0.242s] Level 1:colcon.colcon_core.package_identification:_identify(.) by extensions ['colcon_meta']
[0.242s] Level 1:colcon.colcon_core.package_identification:_identify(.) by extension 'colcon_meta'
[0.242s] Level 1:colcon.colcon_core.package_identification:_identify(.) by extensions ['ros']
[0.242s] Level 1:colcon.colcon_core.package_identification:_identify(.) by extension 'ros'
[0.250s] Level 1:colcon.colcon_core.package_identification:_identify(.) by extensions ['cmake', 'python']
[0.250s] Level 1:colcon.colcon_core.package_identification:_identify(.) by extension 'cmake'
[0.250s] Level 1:colcon.colcon_core.package_identification:_identify(.) by extension 'python'
[0.250s] Level 1:colcon.colcon_core.package_identification:_identify(.) by extensions ['python_setup_py']
[0.250s] Level 1:colcon.colcon_core.package_identification:_identify(.) by extension 'python_setup_py'
[0.250s] Level 1:colcon.colcon_core.package_identification:_identify(TCP-IP-4Axis-Python) by extensions ['ignore', 'ignore_ament_install']
[0.250s] Level 1:colcon.colcon_core.package_identification:_identify(TCP-IP-4Axis-Python) by extension 'ignore'
[0.250s] Level 1:colcon.colcon_core.package_identification:_identify(TCP-IP-4Axis-Python) by extension 'ignore_ament_install'
[0.250s] Level 1:colcon.colcon_core.package_identification:_identify(TCP-IP-4Axis-Python) by extensions ['colcon_pkg']
[0.250s] Level 1:colcon.colcon_core.package_identification:_identify(TCP-IP-4Axis-Python) by extension 'colcon_pkg'
[0.250s] Level 1:colcon.colcon_core.package_identification:_identify(TCP-IP-4Axis-Python) by extensions ['colcon_meta']
[0.250s] Level 1:colcon.colcon_core.package_identification:_identify(TCP-IP-4Axis-Python) by extension 'colcon_meta'
[0.250s] Level 1:colcon.colcon_core.package_identification:_identify(TCP-IP-4Axis-Python) by extensions ['ros']
[0.250s] Level 1:colcon.colcon_core.package_identification:_identify(TCP-IP-4Axis-Python) by extension 'ros'
[0.251s] Level 1:colcon.colcon_core.package_identification:_identify(TCP-IP-4Axis-Python) by extensions ['cmake', 'python']
[0.251s] Level 1:colcon.colcon_core.package_identification:_identify(TCP-IP-4Axis-Python) by extension 'cmake'
[0.251s] Level 1:colcon.colcon_core.package_identification:_identify(TCP-IP-4Axis-Python) by extension 'python'
[0.251s] Level 1:colcon.colcon_core.package_identification:_identify(TCP-IP-4Axis-Python) by extensions ['python_setup_py']
[0.251s] Level 1:colcon.colcon_core.package_identification:_identify(TCP-IP-4Axis-Python) by extension 'python_setup_py'
[0.251s] Level 1:colcon.colcon_core.package_identification:_identify(TCP-IP-4Axis-Python/__pycache__) by extensions ['ignore', 'ignore_ament_install']
[0.251s] Level 1:colcon.colcon_core.package_identification:_identify(TCP-IP-4Axis-Python/__pycache__) by extension 'ignore'
[0.251s] Level 1:colcon.colcon_core.package_identification:_identify(TCP-IP-4Axis-Python/__pycache__) by extension 'ignore_ament_install'
[0.251s] Level 1:colcon.colcon_core.package_identification:_identify(TCP-IP-4Axis-Python/__pycache__) by extensions ['colcon_pkg']
[0.251s] Level 1:colcon.colcon_core.package_identification:_identify(TCP-IP-4Axis-Python/__pycache__) by extension 'colcon_pkg'
[0.251s] Level 1:colcon.colcon_core.package_identification:_identify(TCP-IP-4Axis-Python/__pycache__) by extensions ['colcon_meta']
[0.251s] Level 1:colcon.colcon_core.package_identification:_identify(TCP-IP-4Axis-Python/__pycache__) by extension 'colcon_meta'
[0.251s] Level 1:colcon.colcon_core.package_identification:_identify(TCP-IP-4Axis-Python/__pycache__) by extensions ['ros']
[0.251s] Level 1:colcon.colcon_core.package_identification:_identify(TCP-IP-4Axis-Python/__pycache__) by extension 'ros'
[0.251s] Level 1:colcon.colcon_core.package_identification:_identify(TCP-IP-4Axis-Python/__pycache__) by extensions ['cmake', 'python']
[0.251s] Level 1:colcon.colcon_core.package_identification:_identify(TCP-IP-4Axis-Python/__pycache__) by extension 'cmake'
[0.251s] Level 1:colcon.colcon_core.package_identification:_identify(TCP-IP-4Axis-Python/__pycache__) by extension 'python'
[0.251s] Level 1:colcon.colcon_core.package_identification:_identify(TCP-IP-4Axis-Python/__pycache__) by extensions ['python_setup_py']
[0.251s] Level 1:colcon.colcon_core.package_identification:_identify(TCP-IP-4Axis-Python/__pycache__) by extension 'python_setup_py'
[0.251s] Level 1:colcon.colcon_core.package_identification:_identify(TCP-IP-4Axis-Python/files) by extensions ['ignore', 'ignore_ament_install']
[0.251s] Level 1:colcon.colcon_core.package_identification:_identify(TCP-IP-4Axis-Python/files) by extension 'ignore'
[0.251s] Level 1:colcon.colcon_core.package_identification:_identify(TCP-IP-4Axis-Python/files) by extension 'ignore_ament_install'
[0.251s] Level 1:colcon.colcon_core.package_identification:_identify(TCP-IP-4Axis-Python/files) by extensions ['colcon_pkg']
[0.251s] Level 1:colcon.colcon_core.package_identification:_identify(TCP-IP-4Axis-Python/files) by extension 'colcon_pkg'
[0.251s] Level 1:colcon.colcon_core.package_identification:_identify(TCP-IP-4Axis-Python/files) by extensions ['colcon_meta']
[0.251s] Level 1:colcon.colcon_core.package_identification:_identify(TCP-IP-4Axis-Python/files) by extension 'colcon_meta'
[0.251s] Level 1:colcon.colcon_core.package_identification:_identify(TCP-IP-4Axis-Python/files) by extensions ['ros']
[0.251s] Level 1:colcon.colcon_core.package_identification:_identify(TCP-IP-4Axis-Python/files) by extension 'ros'
[0.251s] Level 1:colcon.colcon_core.package_identification:_identify(TCP-IP-4Axis-Python/files) by extensions ['cmake', 'python']
[0.251s] Level 1:colcon.colcon_core.package_identification:_identify(TCP-IP-4Axis-Python/files) by extension 'cmake'
[0.251s] Level 1:colcon.colcon_core.package_identification:_identify(TCP-IP-4Axis-Python/files) by extension 'python'
[0.252s] Level 1:colcon.colcon_core.package_identification:_identify(TCP-IP-4Axis-Python/files) by extensions ['python_setup_py']
[0.252s] Level 1:colcon.colcon_core.package_identification:_identify(TCP-IP-4Axis-Python/files) by extension 'python_setup_py'
[0.252s] Level 1:colcon.colcon_core.package_identification:_identify(TCP-IP-4Axis-Python/files/__pycache__) by extensions ['ignore', 'ignore_ament_install']
[0.252s] Level 1:colcon.colcon_core.package_identification:_identify(TCP-IP-4Axis-Python/files/__pycache__) by extension 'ignore'
[0.252s] Level 1:colcon.colcon_core.package_identification:_identify(TCP-IP-4Axis-Python/files/__pycache__) by extension 'ignore_ament_install'
[0.252s] Level 1:colcon.colcon_core.package_identification:_identify(TCP-IP-4Axis-Python/files/__pycache__) by extensions ['colcon_pkg']
[0.252s] Level 1:colcon.colcon_core.package_identification:_identify(TCP-IP-4Axis-Python/files/__pycache__) by extension 'colcon_pkg'
[0.252s] Level 1:colcon.colcon_core.package_identification:_identify(TCP-IP-4Axis-Python/files/__pycache__) by extensions ['colcon_meta']
[0.252s] Level 1:colcon.colcon_core.package_identification:_identify(TCP-IP-4Axis-Python/files/__pycache__) by extension 'colcon_meta'
[0.252s] Level 1:colcon.colcon_core.package_identification:_identify(TCP-IP-4Axis-Python/files/__pycache__) by extensions ['ros']
[0.252s] Level 1:colcon.colcon_core.package_identification:_identify(TCP-IP-4Axis-Python/files/__pycache__) by extension 'ros'
[0.252s] Level 1:colcon.colcon_core.package_identification:_identify(TCP-IP-4Axis-Python/files/__pycache__) by extensions ['cmake', 'python']
[0.252s] Level 1:colcon.colcon_core.package_identification:_identify(TCP-IP-4Axis-Python/files/__pycache__) by extension 'cmake'
[0.252s] Level 1:colcon.colcon_core.package_identification:_identify(TCP-IP-4Axis-Python/files/__pycache__) by extension 'python'
[0.252s] Level 1:colcon.colcon_core.package_identification:_identify(TCP-IP-4Axis-Python/files/__pycache__) by extensions ['python_setup_py']
[0.252s] Level 1:colcon.colcon_core.package_identification:_identify(TCP-IP-4Axis-Python/files/__pycache__) by extension 'python_setup_py'
[0.252s] Level 1:colcon.colcon_core.package_identification:_identify(TCP-IP-4Axis-Python/images) by extensions ['ignore', 'ignore_ament_install']
[0.252s] Level 1:colcon.colcon_core.package_identification:_identify(TCP-IP-4Axis-Python/images) by extension 'ignore'
[0.252s] Level 1:colcon.colcon_core.package_identification:_identify(TCP-IP-4Axis-Python/images) by extension 'ignore_ament_install'
[0.252s] Level 1:colcon.colcon_core.package_identification:_identify(TCP-IP-4Axis-Python/images) by extensions ['colcon_pkg']
[0.252s] Level 1:colcon.colcon_core.package_identification:_identify(TCP-IP-4Axis-Python/images) by extension 'colcon_pkg'
[0.252s] Level 1:colcon.colcon_core.package_identification:_identify(TCP-IP-4Axis-Python/images) by extensions ['colcon_meta']
[0.252s] Level 1:colcon.colcon_core.package_identification:_identify(TCP-IP-4Axis-Python/images) by extension 'colcon_meta'
[0.252s] Level 1:colcon.colcon_core.package_identification:_identify(TCP-IP-4Axis-Python/images) by extensions ['ros']
[0.252s] Level 1:colcon.colcon_core.package_identification:_identify(TCP-IP-4Axis-Python/images) by extension 'ros'
[0.252s] Level 1:colcon.colcon_core.package_identification:_identify(TCP-IP-4Axis-Python/images) by extensions ['cmake', 'python']
[0.252s] Level 1:colcon.colcon_core.package_identification:_identify(TCP-IP-4Axis-Python/images) by extension 'cmake'
[0.252s] Level 1:colcon.colcon_core.package_identification:_identify(TCP-IP-4Axis-Python/images) by extension 'python'
[0.252s] Level 1:colcon.colcon_core.package_identification:_identify(TCP-IP-4Axis-Python/images) by extensions ['python_setup_py']
[0.252s] Level 1:colcon.colcon_core.package_identification:_identify(TCP-IP-4Axis-Python/images) by extension 'python_setup_py'
[0.253s] Level 1:colcon.colcon_core.package_identification:_identify(TCP-IP-4Axis-Python/picture) by extensions ['ignore', 'ignore_ament_install']
[0.253s] Level 1:colcon.colcon_core.package_identification:_identify(TCP-IP-4Axis-Python/picture) by extension 'ignore'
[0.253s] Level 1:colcon.colcon_core.package_identification:_identify(TCP-IP-4Axis-Python/picture) by extension 'ignore_ament_install'
[0.253s] Level 1:colcon.colcon_core.package_identification:_identify(TCP-IP-4Axis-Python/picture) by extensions ['colcon_pkg']
[0.253s] Level 1:colcon.colcon_core.package_identification:_identify(TCP-IP-4Axis-Python/picture) by extension 'colcon_pkg'
[0.253s] Level 1:colcon.colcon_core.package_identification:_identify(TCP-IP-4Axis-Python/picture) by extensions ['colcon_meta']
[0.253s] Level 1:colcon.colcon_core.package_identification:_identify(TCP-IP-4Axis-Python/picture) by extension 'colcon_meta'
[0.253s] Level 1:colcon.colcon_core.package_identification:_identify(TCP-IP-4Axis-Python/picture) by extensions ['ros']
[0.253s] Level 1:colcon.colcon_core.package_identification:_identify(TCP-IP-4Axis-Python/picture) by extension 'ros'
[0.253s] Level 1:colcon.colcon_core.package_identification:_identify(TCP-IP-4Axis-Python/picture) by extensions ['cmake', 'python']
[0.253s] Level 1:colcon.colcon_core.package_identification:_identify(TCP-IP-4Axis-Python/picture) by extension 'cmake'
[0.253s] Level 1:colcon.colcon_core.package_identification:_identify(TCP-IP-4Axis-Python/picture) by extension 'python'
[0.253s] Level 1:colcon.colcon_core.package_identification:_identify(TCP-IP-4Axis-Python/picture) by extensions ['python_setup_py']
[0.253s] Level 1:colcon.colcon_core.package_identification:_identify(TCP-IP-4Axis-Python/picture) by extension 'python_setup_py'
[0.253s] Level 1:colcon.colcon_core.package_identification:_identify(build) by extensions ['ignore', 'ignore_ament_install']
[0.253s] Level 1:colcon.colcon_core.package_identification:_identify(build) by extension 'ignore'
[0.253s] Level 1:colcon.colcon_core.package_identification:_identify(build) ignored
[0.253s] Level 1:colcon.colcon_core.package_identification:_identify(install) by extensions ['ignore', 'ignore_ament_install']
[0.253s] Level 1:colcon.colcon_core.package_identification:_identify(install) by extension 'ignore'
[0.253s] Level 1:colcon.colcon_core.package_identification:_identify(install) ignored
[0.253s] Level 1:colcon.colcon_core.package_identification:_identify(log) by extensions ['ignore', 'ignore_ament_install']
[0.253s] Level 1:colcon.colcon_core.package_identification:_identify(log) by extension 'ignore'
[0.253s] Level 1:colcon.colcon_core.package_identification:_identify(log) ignored
[0.253s] Level 1:colcon.colcon_core.package_identification:_identify(src) by extensions ['ignore', 'ignore_ament_install']
[0.253s] Level 1:colcon.colcon_core.package_identification:_identify(src) by extension 'ignore'
[0.253s] Level 1:colcon.colcon_core.package_identification:_identify(src) by extension 'ignore_ament_install'
[0.254s] Level 1:colcon.colcon_core.package_identification:_identify(src) by extensions ['colcon_pkg']
[0.254s] Level 1:colcon.colcon_core.package_identification:_identify(src) by extension 'colcon_pkg'
[0.254s] Level 1:colcon.colcon_core.package_identification:_identify(src) by extensions ['colcon_meta']
[0.254s] Level 1:colcon.colcon_core.package_identification:_identify(src) by extension 'colcon_meta'
[0.254s] Level 1:colcon.colcon_core.package_identification:_identify(src) by extensions ['ros']
[0.254s] Level 1:colcon.colcon_core.package_identification:_identify(src) by extension 'ros'
[0.254s] Level 1:colcon.colcon_core.package_identification:_identify(src) by extensions ['cmake', 'python']
[0.254s] Level 1:colcon.colcon_core.package_identification:_identify(src) by extension 'cmake'
[0.254s] Level 1:colcon.colcon_core.package_identification:_identify(src) by extension 'python'
[0.254s] Level 1:colcon.colcon_core.package_identification:_identify(src) by extensions ['python_setup_py']
[0.254s] Level 1:colcon.colcon_core.package_identification:_identify(src) by extension 'python_setup_py'
[0.254s] Level 1:colcon.colcon_core.package_identification:_identify(src/MG400_ROS2) by extensions ['ignore', 'ignore_ament_install']
[0.254s] Level 1:colcon.colcon_core.package_identification:_identify(src/MG400_ROS2) by extension 'ignore'
[0.254s] Level 1:colcon.colcon_core.package_identification:_identify(src/MG400_ROS2) by extension 'ignore_ament_install'
[0.254s] Level 1:colcon.colcon_core.package_identification:_identify(src/MG400_ROS2) by extensions ['colcon_pkg']
[0.254s] Level 1:colcon.colcon_core.package_identification:_identify(src/MG400_ROS2) by extension 'colcon_pkg'
[0.254s] Level 1:colcon.colcon_core.package_identification:_identify(src/MG400_ROS2) by extensions ['colcon_meta']
[0.254s] Level 1:colcon.colcon_core.package_identification:_identify(src/MG400_ROS2) by extension 'colcon_meta'
[0.254s] Level 1:colcon.colcon_core.package_identification:_identify(src/MG400_ROS2) by extensions ['ros']
[0.254s] Level 1:colcon.colcon_core.package_identification:_identify(src/MG400_ROS2) by extension 'ros'
[0.254s] Level 1:colcon.colcon_core.package_identification:_identify(src/MG400_ROS2) by extensions ['cmake', 'python']
[0.254s] Level 1:colcon.colcon_core.package_identification:_identify(src/MG400_ROS2) by extension 'cmake'
[0.254s] Level 1:colcon.colcon_core.package_identification:_identify(src/MG400_ROS2) by extension 'python'
[0.254s] Level 1:colcon.colcon_core.package_identification:_identify(src/MG400_ROS2) by extensions ['python_setup_py']
[0.254s] Level 1:colcon.colcon_core.package_identification:_identify(src/MG400_ROS2) by extension 'python_setup_py'
[0.254s] Level 1:colcon.colcon_core.package_identification:_identify(src/MG400_ROS2/doc) by extensions ['ignore', 'ignore_ament_install']
[0.254s] Level 1:colcon.colcon_core.package_identification:_identify(src/MG400_ROS2/doc) by extension 'ignore'
[0.254s] Level 1:colcon.colcon_core.package_identification:_identify(src/MG400_ROS2/doc) by extension 'ignore_ament_install'
[0.254s] Level 1:colcon.colcon_core.package_identification:_identify(src/MG400_ROS2/doc) by extensions ['colcon_pkg']
[0.254s] Level 1:colcon.colcon_core.package_identification:_identify(src/MG400_ROS2/doc) by extension 'colcon_pkg'
[0.255s] Level 1:colcon.colcon_core.package_identification:_identify(src/MG400_ROS2/doc) by extensions ['colcon_meta']
[0.255s] Level 1:colcon.colcon_core.package_identification:_identify(src/MG400_ROS2/doc) by extension 'colcon_meta'
[0.255s] Level 1:colcon.colcon_core.package_identification:_identify(src/MG400_ROS2/doc) by extensions ['ros']
[0.255s] Level 1:colcon.colcon_core.package_identification:_identify(src/MG400_ROS2/doc) by extension 'ros'
[0.255s] Level 1:colcon.colcon_core.package_identification:_identify(src/MG400_ROS2/doc) by extensions ['cmake', 'python']
[0.255s] Level 1:colcon.colcon_core.package_identification:_identify(src/MG400_ROS2/doc) by extension 'cmake'
[0.255s] Level 1:colcon.colcon_core.package_identification:_identify(src/MG400_ROS2/doc) by extension 'python'
[0.255s] Level 1:colcon.colcon_core.package_identification:_identify(src/MG400_ROS2/doc) by extensions ['python_setup_py']
[0.255s] Level 1:colcon.colcon_core.package_identification:_identify(src/MG400_ROS2/doc) by extension 'python_setup_py'
[0.255s] Level 1:colcon.colcon_core.package_identification:_identify(src/MG400_ROS2/media) by extensions ['ignore', 'ignore_ament_install']
[0.255s] Level 1:colcon.colcon_core.package_identification:_identify(src/MG400_ROS2/media) by extension 'ignore'
[0.255s] Level 1:colcon.colcon_core.package_identification:_identify(src/MG400_ROS2/media) by extension 'ignore_ament_install'
[0.255s] Level 1:colcon.colcon_core.package_identification:_identify(src/MG400_ROS2/media) by extensions ['colcon_pkg']
[0.255s] Level 1:colcon.colcon_core.package_identification:_identify(src/MG400_ROS2/media) by extension 'colcon_pkg'
[0.255s] Level 1:colcon.colcon_core.package_identification:_identify(src/MG400_ROS2/media) by extensions ['colcon_meta']
[0.255s] Level 1:colcon.colcon_core.package_identification:_identify(src/MG400_ROS2/media) by extension 'colcon_meta'
[0.255s] Level 1:colcon.colcon_core.package_identification:_identify(src/MG400_ROS2/media) by extensions ['ros']
[0.255s] Level 1:colcon.colcon_core.package_identification:_identify(src/MG400_ROS2/media) by extension 'ros'
[0.255s] Level 1:colcon.colcon_core.package_identification:_identify(src/MG400_ROS2/media) by extensions ['cmake', 'python']
[0.255s] Level 1:colcon.colcon_core.package_identification:_identify(src/MG400_ROS2/media) by extension 'cmake'
[0.255s] Level 1:colcon.colcon_core.package_identification:_identify(src/MG400_ROS2/media) by extension 'python'
[0.255s] Level 1:colcon.colcon_core.package_identification:_identify(src/MG400_ROS2/media) by extensions ['python_setup_py']
[0.255s] Level 1:colcon.colcon_core.package_identification:_identify(src/MG400_ROS2/media) by extension 'python_setup_py'
[0.255s] Level 1:colcon.colcon_core.package_identification:_identify(src/MG400_ROS2/mg400) by extensions ['ignore', 'ignore_ament_install']
[0.255s] Level 1:colcon.colcon_core.package_identification:_identify(src/MG400_ROS2/mg400) by extension 'ignore'
[0.255s] Level 1:colcon.colcon_core.package_identification:_identify(src/MG400_ROS2/mg400) by extension 'ignore_ament_install'
[0.255s] Level 1:colcon.colcon_core.package_identification:_identify(src/MG400_ROS2/mg400) by extensions ['colcon_pkg']
[0.255s] Level 1:colcon.colcon_core.package_identification:_identify(src/MG400_ROS2/mg400) by extension 'colcon_pkg'
[0.255s] Level 1:colcon.colcon_core.package_identification:_identify(src/MG400_ROS2/mg400) by extensions ['colcon_meta']
[0.255s] Level 1:colcon.colcon_core.package_identification:_identify(src/MG400_ROS2/mg400) by extension 'colcon_meta'
[0.256s] Level 1:colcon.colcon_core.package_identification:_identify(src/MG400_ROS2/mg400) by extensions ['ros']
[0.256s] Level 1:colcon.colcon_core.package_identification:_identify(src/MG400_ROS2/mg400) by extension 'ros'
[0.258s] DEBUG:colcon.colcon_core.package_identification:Package 'src/MG400_ROS2/mg400' with type 'ros.ament_cmake' and name 'mg400'
[0.258s] Level 1:colcon.colcon_core.package_identification:_identify(src/MG400_ROS2/mg400_bringup) by extensions ['ignore', 'ignore_ament_install']
[0.258s] Level 1:colcon.colcon_core.package_identification:_identify(src/MG400_ROS2/mg400_bringup) by extension 'ignore'
[0.258s] Level 1:colcon.colcon_core.package_identification:_identify(src/MG400_ROS2/mg400_bringup) by extension 'ignore_ament_install'
[0.258s] Level 1:colcon.colcon_core.package_identification:_identify(src/MG400_ROS2/mg400_bringup) by extensions ['colcon_pkg']
[0.258s] Level 1:colcon.colcon_core.package_identification:_identify(src/MG400_ROS2/mg400_bringup) by extension 'colcon_pkg'
[0.258s] Level 1:colcon.colcon_core.package_identification:_identify(src/MG400_ROS2/mg400_bringup) by extensions ['colcon_meta']
[0.258s] Level 1:colcon.colcon_core.package_identification:_identify(src/MG400_ROS2/mg400_bringup) by extension 'colcon_meta'
[0.258s] Level 1:colcon.colcon_core.package_identification:_identify(src/MG400_ROS2/mg400_bringup) by extensions ['ros']
[0.258s] Level 1:colcon.colcon_core.package_identification:_identify(src/MG400_ROS2/mg400_bringup) by extension 'ros'
[0.258s] DEBUG:colcon.colcon_core.package_identification:Package 'src/MG400_ROS2/mg400_bringup' with type 'ros.ament_python' and name 'mg400_bringup'
[0.258s] Level 1:colcon.colcon_core.package_identification:_identify(src/MG400_ROS2/mg400_common) by extensions ['ignore', 'ignore_ament_install']
[0.258s] Level 1:colcon.colcon_core.package_identification:_identify(src/MG400_ROS2/mg400_common) by extension 'ignore'
[0.258s] Level 1:colcon.colcon_core.package_identification:_identify(src/MG400_ROS2/mg400_common) by extension 'ignore_ament_install'
[0.258s] Level 1:colcon.colcon_core.package_identification:_identify(src/MG400_ROS2/mg400_common) by extensions ['colcon_pkg']
[0.258s] Level 1:colcon.colcon_core.package_identification:_identify(src/MG400_ROS2/mg400_common) by extension 'colcon_pkg'
[0.259s] Level 1:colcon.colcon_core.package_identification:_identify(src/MG400_ROS2/mg400_common) by extensions ['colcon_meta']
[0.259s] Level 1:colcon.colcon_core.package_identification:_identify(src/MG400_ROS2/mg400_common) by extension 'colcon_meta'
[0.259s] Level 1:colcon.colcon_core.package_identification:_identify(src/MG400_ROS2/mg400_common) by extensions ['ros']
[0.259s] Level 1:colcon.colcon_core.package_identification:_identify(src/MG400_ROS2/mg400_common) by extension 'ros'
[0.259s] DEBUG:colcon.colcon_core.package_identification:Package 'src/MG400_ROS2/mg400_common' with type 'ros.ament_cmake' and name 'mg400_common'
[0.259s] Level 1:colcon.colcon_core.package_identification:_identify(src/MG400_ROS2/mg400_description) by extensions ['ignore', 'ignore_ament_install']
[0.259s] Level 1:colcon.colcon_core.package_identification:_identify(src/MG400_ROS2/mg400_description) by extension 'ignore'
[0.259s] Level 1:colcon.colcon_core.package_identification:_identify(src/MG400_ROS2/mg400_description) by extension 'ignore_ament_install'
[0.259s] Level 1:colcon.colcon_core.package_identification:_identify(src/MG400_ROS2/mg400_description) by extensions ['colcon_pkg']
[0.259s] Level 1:colcon.colcon_core.package_identification:_identify(src/MG400_ROS2/mg400_description) by extension 'colcon_pkg'
[0.259s] Level 1:colcon.colcon_core.package_identification:_identify(src/MG400_ROS2/mg400_description) by extensions ['colcon_meta']
[0.259s] Level 1:colcon.colcon_core.package_identification:_identify(src/MG400_ROS2/mg400_description) by extension 'colcon_meta'
[0.259s] Level 1:colcon.colcon_core.package_identification:_identify(src/MG400_ROS2/mg400_description) by extensions ['ros']
[0.259s] Level 1:colcon.colcon_core.package_identification:_identify(src/MG400_ROS2/mg400_description) by extension 'ros'
[0.260s] DEBUG:colcon.colcon_core.package_identification:Package 'src/MG400_ROS2/mg400_description' with type 'ros.ament_cmake' and name 'mg400_description'
[0.260s] Level 1:colcon.colcon_core.package_identification:_identify(src/MG400_ROS2/mg400_interface) by extensions ['ignore', 'ignore_ament_install']
[0.260s] Level 1:colcon.colcon_core.package_identification:_identify(src/MG400_ROS2/mg400_interface) by extension 'ignore'
[0.260s] Level 1:colcon.colcon_core.package_identification:_identify(src/MG400_ROS2/mg400_interface) by extension 'ignore_ament_install'
[0.260s] Level 1:colcon.colcon_core.package_identification:_identify(src/MG400_ROS2/mg400_interface) by extensions ['colcon_pkg']
[0.260s] Level 1:colcon.colcon_core.package_identification:_identify(src/MG400_ROS2/mg400_interface) by extension 'colcon_pkg'
[0.260s] Level 1:colcon.colcon_core.package_identification:_identify(src/MG400_ROS2/mg400_interface) by extensions ['colcon_meta']
[0.260s] Level 1:colcon.colcon_core.package_identification:_identify(src/MG400_ROS2/mg400_interface) by extension 'colcon_meta'
[0.260s] Level 1:colcon.colcon_core.package_identification:_identify(src/MG400_ROS2/mg400_interface) by extensions ['ros']
[0.260s] Level 1:colcon.colcon_core.package_identification:_identify(src/MG400_ROS2/mg400_interface) by extension 'ros'
[0.261s] DEBUG:colcon.colcon_core.package_identification:Package 'src/MG400_ROS2/mg400_interface' with type 'ros.ament_cmake' and name 'mg400_interface'
[0.261s] Level 1:colcon.colcon_core.package_identification:_identify(src/MG400_ROS2/mg400_joy) by extensions ['ignore', 'ignore_ament_install']
[0.261s] Level 1:colcon.colcon_core.package_identification:_identify(src/MG400_ROS2/mg400_joy) by extension 'ignore'
[0.261s] Level 1:colcon.colcon_core.package_identification:_identify(src/MG400_ROS2/mg400_joy) by extension 'ignore_ament_install'
[0.261s] Level 1:colcon.colcon_core.package_identification:_identify(src/MG400_ROS2/mg400_joy) by extensions ['colcon_pkg']
[0.261s] Level 1:colcon.colcon_core.package_identification:_identify(src/MG400_ROS2/mg400_joy) by extension 'colcon_pkg'
[0.261s] Level 1:colcon.colcon_core.package_identification:_identify(src/MG400_ROS2/mg400_joy) by extensions ['colcon_meta']
[0.261s] Level 1:colcon.colcon_core.package_identification:_identify(src/MG400_ROS2/mg400_joy) by extension 'colcon_meta'
[0.261s] Level 1:colcon.colcon_core.package_identification:_identify(src/MG400_ROS2/mg400_joy) by extensions ['ros']
[0.261s] Level 1:colcon.colcon_core.package_identification:_identify(src/MG400_ROS2/mg400_joy) by extension 'ros'
[0.262s] DEBUG:colcon.colcon_core.package_identification:Package 'src/MG400_ROS2/mg400_joy' with type 'ros.ament_cmake' and name 'mg400_joy'
[0.262s] Level 1:colcon.colcon_core.package_identification:_identify(src/MG400_ROS2/mg400_msgs) by extensions ['ignore', 'ignore_ament_install']
[0.262s] Level 1:colcon.colcon_core.package_identification:_identify(src/MG400_ROS2/mg400_msgs) by extension 'ignore'
[0.262s] Level 1:colcon.colcon_core.package_identification:_identify(src/MG400_ROS2/mg400_msgs) by extension 'ignore_ament_install'
[0.262s] Level 1:colcon.colcon_core.package_identification:_identify(src/MG400_ROS2/mg400_msgs) by extensions ['colcon_pkg']
[0.262s] Level 1:colcon.colcon_core.package_identification:_identify(src/MG400_ROS2/mg400_msgs) by extension 'colcon_pkg'
[0.262s] Level 1:colcon.colcon_core.package_identification:_identify(src/MG400_ROS2/mg400_msgs) by extensions ['colcon_meta']
[0.262s] Level 1:colcon.colcon_core.package_identification:_identify(src/MG400_ROS2/mg400_msgs) by extension 'colcon_meta'
[0.262s] Level 1:colcon.colcon_core.package_identification:_identify(src/MG400_ROS2/mg400_msgs) by extensions ['ros']
[0.262s] Level 1:colcon.colcon_core.package_identification:_identify(src/MG400_ROS2/mg400_msgs) by extension 'ros'
[0.262s] DEBUG:colcon.colcon_core.package_identification:Package 'src/MG400_ROS2/mg400_msgs' with type 'ros.ament_cmake' and name 'mg400_msgs'
[0.262s] Level 1:colcon.colcon_core.package_identification:_identify(src/MG400_ROS2/mg400_node) by extensions ['ignore', 'ignore_ament_install']
[0.263s] Level 1:colcon.colcon_core.package_identification:_identify(src/MG400_ROS2/mg400_node) by extension 'ignore'
[0.263s] Level 1:colcon.colcon_core.package_identification:_identify(src/MG400_ROS2/mg400_node) by extension 'ignore_ament_install'
[0.263s] Level 1:colcon.colcon_core.package_identification:_identify(src/MG400_ROS2/mg400_node) by extensions ['colcon_pkg']
[0.263s] Level 1:colcon.colcon_core.package_identification:_identify(src/MG400_ROS2/mg400_node) by extension 'colcon_pkg'
[0.263s] Level 1:colcon.colcon_core.package_identification:_identify(src/MG400_ROS2/mg400_node) by extensions ['colcon_meta']
[0.263s] Level 1:colcon.colcon_core.package_identification:_identify(src/MG400_ROS2/mg400_node) by extension 'colcon_meta'
[0.263s] Level 1:colcon.colcon_core.package_identification:_identify(src/MG400_ROS2/mg400_node) by extensions ['ros']
[0.263s] Level 1:colcon.colcon_core.package_identification:_identify(src/MG400_ROS2/mg400_node) by extension 'ros'
[0.263s] DEBUG:colcon.colcon_core.package_identification:Package 'src/MG400_ROS2/mg400_node' with type 'ros.ament_cmake' and name 'mg400_node'
[0.263s] Level 1:colcon.colcon_core.package_identification:_identify(src/MG400_ROS2/mg400_plugin) by extensions ['ignore', 'ignore_ament_install']
[0.264s] Level 1:colcon.colcon_core.package_identification:_identify(src/MG400_ROS2/mg400_plugin) by extension 'ignore'
[0.264s] Level 1:colcon.colcon_core.package_identification:_identify(src/MG400_ROS2/mg400_plugin) by extension 'ignore_ament_install'
[0.264s] Level 1:colcon.colcon_core.package_identification:_identify(src/MG400_ROS2/mg400_plugin) by extensions ['colcon_pkg']
[0.264s] Level 1:colcon.colcon_core.package_identification:_identify(src/MG400_ROS2/mg400_plugin) by extension 'colcon_pkg'
[0.264s] Level 1:colcon.colcon_core.package_identification:_identify(src/MG400_ROS2/mg400_plugin) by extensions ['colcon_meta']
[0.264s] Level 1:colcon.colcon_core.package_identification:_identify(src/MG400_ROS2/mg400_plugin) by extension 'colcon_meta'
[0.264s] Level 1:colcon.colcon_core.package_identification:_identify(src/MG400_ROS2/mg400_plugin) by extensions ['ros']
[0.264s] Level 1:colcon.colcon_core.package_identification:_identify(src/MG400_ROS2/mg400_plugin) by extension 'ros'
[0.264s] DEBUG:colcon.colcon_core.package_identification:Package 'src/MG400_ROS2/mg400_plugin' with type 'ros.ament_cmake' and name 'mg400_plugin'
[0.264s] Level 1:colcon.colcon_core.package_identification:_identify(src/MG400_ROS2/mg400_plugin_base) by extensions ['ignore', 'ignore_ament_install']
[0.264s] Level 1:colcon.colcon_core.package_identification:_identify(src/MG400_ROS2/mg400_plugin_base) by extension 'ignore'
[0.264s] Level 1:colcon.colcon_core.package_identification:_identify(src/MG400_ROS2/mg400_plugin_base) by extension 'ignore_ament_install'
[0.264s] Level 1:colcon.colcon_core.package_identification:_identify(src/MG400_ROS2/mg400_plugin_base) by extensions ['colcon_pkg']
[0.265s] Level 1:colcon.colcon_core.package_identification:_identify(src/MG400_ROS2/mg400_plugin_base) by extension 'colcon_pkg'
[0.265s] Level 1:colcon.colcon_core.package_identification:_identify(src/MG400_ROS2/mg400_plugin_base) by extensions ['colcon_meta']
[0.265s] Level 1:colcon.colcon_core.package_identification:_identify(src/MG400_ROS2/mg400_plugin_base) by extension 'colcon_meta'
[0.265s] Level 1:colcon.colcon_core.package_identification:_identify(src/MG400_ROS2/mg400_plugin_base) by extensions ['ros']
[0.265s] Level 1:colcon.colcon_core.package_identification:_identify(src/MG400_ROS2/mg400_plugin_base) by extension 'ros'
[0.265s] DEBUG:colcon.colcon_core.package_identification:Package 'src/MG400_ROS2/mg400_plugin_base' with type 'ros.ament_cmake' and name 'mg400_plugin_base'
[0.265s] Level 1:colcon.colcon_core.package_identification:_identify(src/MG400_ROS2/mg400_rviz_plugin) by extensions ['ignore', 'ignore_ament_install']
[0.265s] Level 1:colcon.colcon_core.package_identification:_identify(src/MG400_ROS2/mg400_rviz_plugin) by extension 'ignore'
[0.265s] Level 1:colcon.colcon_core.package_identification:_identify(src/MG400_ROS2/mg400_rviz_plugin) by extension 'ignore_ament_install'
[0.265s] Level 1:colcon.colcon_core.package_identification:_identify(src/MG400_ROS2/mg400_rviz_plugin) by extensions ['colcon_pkg']
[0.265s] Level 1:colcon.colcon_core.package_identification:_identify(src/MG400_ROS2/mg400_rviz_plugin) by extension 'colcon_pkg'
[0.265s] Level 1:colcon.colcon_core.package_identification:_identify(src/MG400_ROS2/mg400_rviz_plugin) by extensions ['colcon_meta']
[0.265s] Level 1:colcon.colcon_core.package_identification:_identify(src/MG400_ROS2/mg400_rviz_plugin) by extension 'colcon_meta'
[0.265s] Level 1:colcon.colcon_core.package_identification:_identify(src/MG400_ROS2/mg400_rviz_plugin) by extensions ['ros']
[0.265s] Level 1:colcon.colcon_core.package_identification:_identify(src/MG400_ROS2/mg400_rviz_plugin) by extension 'ros'
[0.266s] DEBUG:colcon.colcon_core.package_identification:Package 'src/MG400_ROS2/mg400_rviz_plugin' with type 'ros.ament_cmake' and name 'mg400_rviz_plugin'
[0.266s] Level 1:colcon.colcon_core.package_identification:_identify(src/MG400_ROS2/mg400_tools) by extensions ['ignore', 'ignore_ament_install']
[0.266s] Level 1:colcon.colcon_core.package_identification:_identify(src/MG400_ROS2/mg400_tools) by extension 'ignore'
[0.266s] Level 1:colcon.colcon_core.package_identification:_identify(src/MG400_ROS2/mg400_tools) by extension 'ignore_ament_install'
[0.266s] Level 1:colcon.colcon_core.package_identification:_identify(src/MG400_ROS2/mg400_tools) by extensions ['colcon_pkg']
[0.266s] Level 1:colcon.colcon_core.package_identification:_identify(src/MG400_ROS2/mg400_tools) by extension 'colcon_pkg'
[0.266s] Level 1:colcon.colcon_core.package_identification:_identify(src/MG400_ROS2/mg400_tools) by extensions ['colcon_meta']
[0.266s] Level 1:colcon.colcon_core.package_identification:_identify(src/MG400_ROS2/mg400_tools) by extension 'colcon_meta'
[0.266s] Level 1:colcon.colcon_core.package_identification:_identify(src/MG400_ROS2/mg400_tools) by extensions ['ros']
[0.266s] Level 1:colcon.colcon_core.package_identification:_identify(src/MG400_ROS2/mg400_tools) by extension 'ros'
[0.267s] DEBUG:colcon.colcon_core.package_identification:Package 'src/MG400_ROS2/mg400_tools' with type 'ros.ament_cmake' and name 'mg400_tools'
[0.267s] Level 1:colcon.colcon_core.package_identification:_identify(src/MG400_ROS2/scripts) by extensions ['ignore', 'ignore_ament_install']
[0.267s] Level 1:colcon.colcon_core.package_identification:_identify(src/MG400_ROS2/scripts) by extension 'ignore'
[0.267s] Level 1:colcon.colcon_core.package_identification:_identify(src/MG400_ROS2/scripts) by extension 'ignore_ament_install'
[0.267s] Level 1:colcon.colcon_core.package_identification:_identify(src/MG400_ROS2/scripts) by extensions ['colcon_pkg']
[0.267s] Level 1:colcon.colcon_core.package_identification:_identify(src/MG400_ROS2/scripts) by extension 'colcon_pkg'
[0.267s] Level 1:colcon.colcon_core.package_identification:_identify(src/MG400_ROS2/scripts) by extensions ['colcon_meta']
[0.267s] Level 1:colcon.colcon_core.package_identification:_identify(src/MG400_ROS2/scripts) by extension 'colcon_meta'
[0.267s] Level 1:colcon.colcon_core.package_identification:_identify(src/MG400_ROS2/scripts) by extensions ['ros']
[0.267s] Level 1:colcon.colcon_core.package_identification:_identify(src/MG400_ROS2/scripts) by extension 'ros'
[0.267s] Level 1:colcon.colcon_core.package_identification:_identify(src/MG400_ROS2/scripts) by extensions ['cmake', 'python']
[0.267s] Level 1:colcon.colcon_core.package_identification:_identify(src/MG400_ROS2/scripts) by extension 'cmake'
[0.267s] Level 1:colcon.colcon_core.package_identification:_identify(src/MG400_ROS2/scripts) by extension 'python'
[0.267s] Level 1:colcon.colcon_core.package_identification:_identify(src/MG400_ROS2/scripts) by extensions ['python_setup_py']
[0.267s] Level 1:colcon.colcon_core.package_identification:_identify(src/MG400_ROS2/scripts) by extension 'python_setup_py'
[0.268s] Level 1:colcon.colcon_core.package_identification:_identify(src/PlayStation-JoyInterface-ROS2) by extensions ['ignore', 'ignore_ament_install']
[0.268s] Level 1:colcon.colcon_core.package_identification:_identify(src/PlayStation-JoyInterface-ROS2) by extension 'ignore'
[0.268s] Level 1:colcon.colcon_core.package_identification:_identify(src/PlayStation-JoyInterface-ROS2) by extension 'ignore_ament_install'
[0.268s] Level 1:colcon.colcon_core.package_identification:_identify(src/PlayStation-JoyInterface-ROS2) by extensions ['colcon_pkg']
[0.268s] Level 1:colcon.colcon_core.package_identification:_identify(src/PlayStation-JoyInterface-ROS2) by extension 'colcon_pkg'
[0.268s] Level 1:colcon.colcon_core.package_identification:_identify(src/PlayStation-JoyInterface-ROS2) by extensions ['colcon_meta']
[0.268s] Level 1:colcon.colcon_core.package_identification:_identify(src/PlayStation-JoyInterface-ROS2) by extension 'colcon_meta'
[0.268s] Level 1:colcon.colcon_core.package_identification:_identify(src/PlayStation-JoyInterface-ROS2) by extensions ['ros']
[0.268s] Level 1:colcon.colcon_core.package_identification:_identify(src/PlayStation-JoyInterface-ROS2) by extension 'ros'
[0.268s] Level 1:colcon.colcon_core.package_identification:_identify(src/PlayStation-JoyInterface-ROS2) by extensions ['cmake', 'python']
[0.268s] Level 1:colcon.colcon_core.package_identification:_identify(src/PlayStation-JoyInterface-ROS2) by extension 'cmake'
[0.268s] Level 1:colcon.colcon_core.package_identification:_identify(src/PlayStation-JoyInterface-ROS2) by extension 'python'
[0.268s] Level 1:colcon.colcon_core.package_identification:_identify(src/PlayStation-JoyInterface-ROS2) by extensions ['python_setup_py']
[0.268s] Level 1:colcon.colcon_core.package_identification:_identify(src/PlayStation-JoyInterface-ROS2) by extension 'python_setup_py'
[0.268s] Level 1:colcon.colcon_core.package_identification:_identify(src/PlayStation-JoyInterface-ROS2/media) by extensions ['ignore', 'ignore_ament_install']
[0.268s] Level 1:colcon.colcon_core.package_identification:_identify(src/PlayStation-JoyInterface-ROS2/media) by extension 'ignore'
[0.268s] Level 1:colcon.colcon_core.package_identification:_identify(src/PlayStation-JoyInterface-ROS2/media) by extension 'ignore_ament_install'
[0.268s] Level 1:colcon.colcon_core.package_identification:_identify(src/PlayStation-JoyInterface-ROS2/media) by extensions ['colcon_pkg']
[0.268s] Level 1:colcon.colcon_core.package_identification:_identify(src/PlayStation-JoyInterface-ROS2/media) by extension 'colcon_pkg'
[0.268s] Level 1:colcon.colcon_core.package_identification:_identify(src/PlayStation-JoyInterface-ROS2/media) by extensions ['colcon_meta']
[0.268s] Level 1:colcon.colcon_core.package_identification:_identify(src/PlayStation-JoyInterface-ROS2/media) by extension 'colcon_meta'
[0.268s] Level 1:colcon.colcon_core.package_identification:_identify(src/PlayStation-JoyInterface-ROS2/media) by extensions ['ros']
[0.268s] Level 1:colcon.colcon_core.package_identification:_identify(src/PlayStation-JoyInterface-ROS2/media) by extension 'ros'
[0.268s] Level 1:colcon.colcon_core.package_identification:_identify(src/PlayStation-JoyInterface-ROS2/media) by extensions ['cmake', 'python']
[0.268s] Level 1:colcon.colcon_core.package_identification:_identify(src/PlayStation-JoyInterface-ROS2/media) by extension 'cmake'
[0.268s] Level 1:colcon.colcon_core.package_identification:_identify(src/PlayStation-JoyInterface-ROS2/media) by extension 'python'
[0.268s] Level 1:colcon.colcon_core.package_identification:_identify(src/PlayStation-JoyInterface-ROS2/media) by extensions ['python_setup_py']
[0.268s] Level 1:colcon.colcon_core.package_identification:_identify(src/PlayStation-JoyInterface-ROS2/media) by extension 'python_setup_py'
[0.268s] Level 1:colcon.colcon_core.package_identification:_identify(src/PlayStation-JoyInterface-ROS2/p9n) by extensions ['ignore', 'ignore_ament_install']
[0.269s] Level 1:colcon.colcon_core.package_identification:_identify(src/PlayStation-JoyInterface-ROS2/p9n) by extension 'ignore'
[0.269s] Level 1:colcon.colcon_core.package_identification:_identify(src/PlayStation-JoyInterface-ROS2/p9n) by extension 'ignore_ament_install'
[0.269s] Level 1:colcon.colcon_core.package_identification:_identify(src/PlayStation-JoyInterface-ROS2/p9n) by extensions ['colcon_pkg']
[0.269s] Level 1:colcon.colcon_core.package_identification:_identify(src/PlayStation-JoyInterface-ROS2/p9n) by extension 'colcon_pkg'
[0.269s] Level 1:colcon.colcon_core.package_identification:_identify(src/PlayStation-JoyInterface-ROS2/p9n) by extensions ['colcon_meta']
[0.269s] Level 1:colcon.colcon_core.package_identification:_identify(src/PlayStation-JoyInterface-ROS2/p9n) by extension 'colcon_meta'
[0.269s] Level 1:colcon.colcon_core.package_identification:_identify(src/PlayStation-JoyInterface-ROS2/p9n) by extensions ['ros']
[0.269s] Level 1:colcon.colcon_core.package_identification:_identify(src/PlayStation-JoyInterface-ROS2/p9n) by extension 'ros'
[0.269s] DEBUG:colcon.colcon_core.package_identification:Package 'src/PlayStation-JoyInterface-ROS2/p9n' with type 'ros.ament_cmake' and name 'p9n'
[0.269s] Level 1:colcon.colcon_core.package_identification:_identify(src/PlayStation-JoyInterface-ROS2/p9n_bringup) by extensions ['ignore', 'ignore_ament_install']
[0.269s] Level 1:colcon.colcon_core.package_identification:_identify(src/PlayStation-JoyInterface-ROS2/p9n_bringup) by extension 'ignore'
[0.269s] Level 1:colcon.colcon_core.package_identification:_identify(src/PlayStation-JoyInterface-ROS2/p9n_bringup) by extension 'ignore_ament_install'
[0.269s] Level 1:colcon.colcon_core.package_identification:_identify(src/PlayStation-JoyInterface-ROS2/p9n_bringup) by extensions ['colcon_pkg']
[0.269s] Level 1:colcon.colcon_core.package_identification:_identify(src/PlayStation-JoyInterface-ROS2/p9n_bringup) by extension 'colcon_pkg'
[0.269s] Level 1:colcon.colcon_core.package_identification:_identify(src/PlayStation-JoyInterface-ROS2/p9n_bringup) by extensions ['colcon_meta']
[0.269s] Level 1:colcon.colcon_core.package_identification:_identify(src/PlayStation-JoyInterface-ROS2/p9n_bringup) by extension 'colcon_meta'
[0.270s] Level 1:colcon.colcon_core.package_identification:_identify(src/PlayStation-JoyInterface-ROS2/p9n_bringup) by extensions ['ros']
[0.270s] Level 1:colcon.colcon_core.package_identification:_identify(src/PlayStation-JoyInterface-ROS2/p9n_bringup) by extension 'ros'
[0.270s] DEBUG:colcon.colcon_core.package_identification:Package 'src/PlayStation-JoyInterface-ROS2/p9n_bringup' with type 'ros.ament_python' and name 'p9n_bringup'
[0.270s] Level 1:colcon.colcon_core.package_identification:_identify(src/PlayStation-JoyInterface-ROS2/p9n_example) by extensions ['ignore', 'ignore_ament_install']
[0.270s] Level 1:colcon.colcon_core.package_identification:_identify(src/PlayStation-JoyInterface-ROS2/p9n_example) by extension 'ignore'
[0.270s] Level 1:colcon.colcon_core.package_identification:_identify(src/PlayStation-JoyInterface-ROS2/p9n_example) by extension 'ignore_ament_install'
[0.270s] Level 1:colcon.colcon_core.package_identification:_identify(src/PlayStation-JoyInterface-ROS2/p9n_example) by extensions ['colcon_pkg']
[0.270s] Level 1:colcon.colcon_core.package_identification:_identify(src/PlayStation-JoyInterface-ROS2/p9n_example) by extension 'colcon_pkg'
[0.270s] Level 1:colcon.colcon_core.package_identification:_identify(src/PlayStation-JoyInterface-ROS2/p9n_example) by extensions ['colcon_meta']
[0.270s] Level 1:colcon.colcon_core.package_identification:_identify(src/PlayStation-JoyInterface-ROS2/p9n_example) by extension 'colcon_meta'
[0.270s] Level 1:colcon.colcon_core.package_identification:_identify(src/PlayStation-JoyInterface-ROS2/p9n_example) by extensions ['ros']
[0.270s] Level 1:colcon.colcon_core.package_identification:_identify(src/PlayStation-JoyInterface-ROS2/p9n_example) by extension 'ros'
[0.271s] DEBUG:colcon.colcon_core.package_identification:Package 'src/PlayStation-JoyInterface-ROS2/p9n_example' with type 'ros.ament_cmake' and name 'p9n_example'
[0.271s] Level 1:colcon.colcon_core.package_identification:_identify(src/PlayStation-JoyInterface-ROS2/p9n_interface) by extensions ['ignore', 'ignore_ament_install']
[0.271s] Level 1:colcon.colcon_core.package_identification:_identify(src/PlayStation-JoyInterface-ROS2/p9n_interface) by extension 'ignore'
[0.271s] Level 1:colcon.colcon_core.package_identification:_identify(src/PlayStation-JoyInterface-ROS2/p9n_interface) by extension 'ignore_ament_install'
[0.271s] Level 1:colcon.colcon_core.package_identification:_identify(src/PlayStation-JoyInterface-ROS2/p9n_interface) by extensions ['colcon_pkg']
[0.271s] Level 1:colcon.colcon_core.package_identification:_identify(src/PlayStation-JoyInterface-ROS2/p9n_interface) by extension 'colcon_pkg'
[0.271s] Level 1:colcon.colcon_core.package_identification:_identify(src/PlayStation-JoyInterface-ROS2/p9n_interface) by extensions ['colcon_meta']
[0.271s] Level 1:colcon.colcon_core.package_identification:_identify(src/PlayStation-JoyInterface-ROS2/p9n_interface) by extension 'colcon_meta'
[0.271s] Level 1:colcon.colcon_core.package_identification:_identify(src/PlayStation-JoyInterface-ROS2/p9n_interface) by extensions ['ros']
[0.271s] Level 1:colcon.colcon_core.package_identification:_identify(src/PlayStation-JoyInterface-ROS2/p9n_interface) by extension 'ros'
[0.271s] DEBUG:colcon.colcon_core.package_identification:Package 'src/PlayStation-JoyInterface-ROS2/p9n_interface' with type 'ros.ament_cmake' and name 'p9n_interface'
[0.271s] Level 1:colcon.colcon_core.package_identification:_identify(src/PlayStation-JoyInterface-ROS2/p9n_node) by extensions ['ignore', 'ignore_ament_install']
[0.271s] Level 1:colcon.colcon_core.package_identification:_identify(src/PlayStation-JoyInterface-ROS2/p9n_node) by extension 'ignore'
[0.271s] Level 1:colcon.colcon_core.package_identification:_identify(src/PlayStation-JoyInterface-ROS2/p9n_node) by extension 'ignore_ament_install'
[0.271s] Level 1:colcon.colcon_core.package_identification:_identify(src/PlayStation-JoyInterface-ROS2/p9n_node) by extensions ['colcon_pkg']
[0.271s] Level 1:colcon.colcon_core.package_identification:_identify(src/PlayStation-JoyInterface-ROS2/p9n_node) by extension 'colcon_pkg'
[0.272s] Level 1:colcon.colcon_core.package_identification:_identify(src/PlayStation-JoyInterface-ROS2/p9n_node) by extensions ['colcon_meta']
[0.272s] Level 1:colcon.colcon_core.package_identification:_identify(src/PlayStation-JoyInterface-ROS2/p9n_node) by extension 'colcon_meta'
[0.272s] Level 1:colcon.colcon_core.package_identification:_identify(src/PlayStation-JoyInterface-ROS2/p9n_node) by extensions ['ros']
[0.272s] Level 1:colcon.colcon_core.package_identification:_identify(src/PlayStation-JoyInterface-ROS2/p9n_node) by extension 'ros'
[0.272s] DEBUG:colcon.colcon_core.package_identification:Package 'src/PlayStation-JoyInterface-ROS2/p9n_node' with type 'ros.ament_cmake' and name 'p9n_node'
[0.272s] Level 1:colcon.colcon_core.package_identification:_identify(src/PlayStation-JoyInterface-ROS2/p9n_test) by extensions ['ignore', 'ignore_ament_install']
[0.272s] Level 1:colcon.colcon_core.package_identification:_identify(src/PlayStation-JoyInterface-ROS2/p9n_test) by extension 'ignore'
[0.272s] Level 1:colcon.colcon_core.package_identification:_identify(src/PlayStation-JoyInterface-ROS2/p9n_test) by extension 'ignore_ament_install'
[0.272s] Level 1:colcon.colcon_core.package_identification:_identify(src/PlayStation-JoyInterface-ROS2/p9n_test) by extensions ['colcon_pkg']
[0.272s] Level 1:colcon.colcon_core.package_identification:_identify(src/PlayStation-JoyInterface-ROS2/p9n_test) by extension 'colcon_pkg'
[0.272s] Level 1:colcon.colcon_core.package_identification:_identify(src/PlayStation-JoyInterface-ROS2/p9n_test) by extensions ['colcon_meta']
[0.272s] Level 1:colcon.colcon_core.package_identification:_identify(src/PlayStation-JoyInterface-ROS2/p9n_test) by extension 'colcon_meta'
[0.272s] Level 1:colcon.colcon_core.package_identification:_identify(src/PlayStation-JoyInterface-ROS2/p9n_test) by extensions ['ros']
[0.272s] Level 1:colcon.colcon_core.package_identification:_identify(src/PlayStation-JoyInterface-ROS2/p9n_test) by extension 'ros'
[0.273s] DEBUG:colcon.colcon_core.package_identification:Package 'src/PlayStation-JoyInterface-ROS2/p9n_test' with type 'ros.ament_cmake' and name 'p9n_test'
[0.273s] Level 1:colcon.colcon_core.package_discovery:discover_packages(recursive) using defaults
[0.273s] Level 1:colcon.colcon_core.package_discovery:discover_packages(ignore) discover
[0.273s] Level 1:colcon.colcon_core.package_discovery:discover_packages(ignore) using defaults
[0.273s] Level 1:colcon.colcon_core.package_discovery:discover_packages(path) discover
[0.273s] Level 1:colcon.colcon_core.package_discovery:discover_packages(path) using defaults
[0.300s] Level 5:colcon.colcon_core.verb:set package 'mg400_common' build argument 'cmake_args' from command line to 'None'
[0.300s] Level 5:colcon.colcon_core.verb:set package 'mg400_common' build argument 'cmake_target' from command line to 'None'
[0.300s] Level 5:colcon.colcon_core.verb:set package 'mg400_common' build argument 'cmake_target_skip_unavailable' from command line to 'False'
[0.300s] Level 5:colcon.colcon_core.verb:set package 'mg400_common' build argument 'cmake_clean_cache' from command line to 'False'
[0.300s] Level 5:colcon.colcon_core.verb:set package 'mg400_common' build argument 'cmake_clean_first' from command line to 'False'
[0.300s] Level 5:colcon.colcon_core.verb:set package 'mg400_common' build argument 'cmake_force_configure' from command line to 'False'
[0.300s] Level 5:colcon.colcon_core.verb:set package 'mg400_common' build argument 'ament_cmake_args' from command line to 'None'
[0.300s] Level 5:colcon.colcon_core.verb:set package 'mg400_common' build argument 'catkin_cmake_args' from command line to 'None'
[0.300s] Level 5:colcon.colcon_core.verb:set package 'mg400_common' build argument 'catkin_skip_building_tests' from command line to 'False'
[0.300s] DEBUG:colcon.colcon_core.verb:Building package 'mg400_common' with the following arguments: {'ament_cmake_args': None, 'build_base': '/root/ros2_ws/build/mg400_common', 'catkin_cmake_args': None, 'catkin_skip_building_tests': False, 'cmake_args': None, 'cmake_clean_cache': False, 'cmake_clean_first': False, 'cmake_force_configure': False, 'cmake_target': None, 'cmake_target_skip_unavailable': False, 'install_base': '/root/ros2_ws/install/mg400_common', 'merge_install': False, 'path': '/root/ros2_ws/src/MG400_ROS2/mg400_common', 'symlink_install': True, 'test_result_base': None}
[0.300s] Level 5:colcon.colcon_core.verb:set package 'mg400_description' build argument 'cmake_args' from command line to 'None'
[0.300s] Level 5:colcon.colcon_core.verb:set package 'mg400_description' build argument 'cmake_target' from command line to 'None'
[0.300s] Level 5:colcon.colcon_core.verb:set package 'mg400_description' build argument 'cmake_target_skip_unavailable' from command line to 'False'
[0.300s] Level 5:colcon.colcon_core.verb:set package 'mg400_description' build argument 'cmake_clean_cache' from command line to 'False'
[0.300s] Level 5:colcon.colcon_core.verb:set package 'mg400_description' build argument 'cmake_clean_first' from command line to 'False'
[0.300s] Level 5:colcon.colcon_core.verb:set package 'mg400_description' build argument 'cmake_force_configure' from command line to 'False'
[0.300s] Level 5:colcon.colcon_core.verb:set package 'mg400_description' build argument 'ament_cmake_args' from command line to 'None'
[0.300s] Level 5:colcon.colcon_core.verb:set package 'mg400_description' build argument 'catkin_cmake_args' from command line to 'None'
[0.301s] Level 5:colcon.colcon_core.verb:set package 'mg400_description' build argument 'catkin_skip_building_tests' from command line to 'False'
[0.301s] DEBUG:colcon.colcon_core.verb:Building package 'mg400_description' with the following arguments: {'ament_cmake_args': None, 'build_base': '/root/ros2_ws/build/mg400_description', 'catkin_cmake_args': None, 'catkin_skip_building_tests': False, 'cmake_args': None, 'cmake_clean_cache': False, 'cmake_clean_first': False, 'cmake_force_configure': False, 'cmake_target': None, 'cmake_target_skip_unavailable': False, 'install_base': '/root/ros2_ws/install/mg400_description', 'merge_install': False, 'path': '/root/ros2_ws/src/MG400_ROS2/mg400_description', 'symlink_install': True, 'test_result_base': None}
[0.301s] Level 5:colcon.colcon_core.verb:set package 'mg400_msgs' build argument 'cmake_args' from command line to 'None'
[0.301s] Level 5:colcon.colcon_core.verb:set package 'mg400_msgs' build argument 'cmake_target' from command line to 'None'
[0.301s] Level 5:colcon.colcon_core.verb:set package 'mg400_msgs' build argument 'cmake_target_skip_unavailable' from command line to 'False'
[0.301s] Level 5:colcon.colcon_core.verb:set package 'mg400_msgs' build argument 'cmake_clean_cache' from command line to 'False'
[0.301s] Level 5:colcon.colcon_core.verb:set package 'mg400_msgs' build argument 'cmake_clean_first' from command line to 'False'
[0.301s] Level 5:colcon.colcon_core.verb:set package 'mg400_msgs' build argument 'cmake_force_configure' from command line to 'False'
[0.301s] Level 5:colcon.colcon_core.verb:set package 'mg400_msgs' build argument 'ament_cmake_args' from command line to 'None'
[0.301s] Level 5:colcon.colcon_core.verb:set package 'mg400_msgs' build argument 'catkin_cmake_args' from command line to 'None'
[0.301s] Level 5:colcon.colcon_core.verb:set package 'mg400_msgs' build argument 'catkin_skip_building_tests' from command line to 'False'
[0.301s] DEBUG:colcon.colcon_core.verb:Building package 'mg400_msgs' with the following arguments: {'ament_cmake_args': None, 'build_base': '/root/ros2_ws/build/mg400_msgs', 'catkin_cmake_args': None, 'catkin_skip_building_tests': False, 'cmake_args': None, 'cmake_clean_cache': False, 'cmake_clean_first': False, 'cmake_force_configure': False, 'cmake_target': None, 'cmake_target_skip_unavailable': False, 'install_base': '/root/ros2_ws/install/mg400_msgs', 'merge_install': False, 'path': '/root/ros2_ws/src/MG400_ROS2/mg400_msgs', 'symlink_install': True, 'test_result_base': None}
[0.301s] Level 5:colcon.colcon_core.verb:set package 'p9n_interface' build argument 'cmake_args' from command line to 'None'
[0.301s] Level 5:colcon.colcon_core.verb:set package 'p9n_interface' build argument 'cmake_target' from command line to 'None'
[0.301s] Level 5:colcon.colcon_core.verb:set package 'p9n_interface' build argument 'cmake_target_skip_unavailable' from command line to 'False'
[0.301s] Level 5:colcon.colcon_core.verb:set package 'p9n_interface' build argument 'cmake_clean_cache' from command line to 'False'
[0.301s] Level 5:colcon.colcon_core.verb:set package 'p9n_interface' build argument 'cmake_clean_first' from command line to 'False'
[0.301s] Level 5:colcon.colcon_core.verb:set package 'p9n_interface' build argument 'cmake_force_configure' from command line to 'False'
[0.301s] Level 5:colcon.colcon_core.verb:set package 'p9n_interface' build argument 'ament_cmake_args' from command line to 'None'
[0.301s] Level 5:colcon.colcon_core.verb:set package 'p9n_interface' build argument 'catkin_cmake_args' from command line to 'None'
[0.301s] Level 5:colcon.colcon_core.verb:set package 'p9n_interface' build argument 'catkin_skip_building_tests' from command line to 'False'
[0.301s] DEBUG:colcon.colcon_core.verb:Building package 'p9n_interface' with the following arguments: {'ament_cmake_args': None, 'build_base': '/root/ros2_ws/build/p9n_interface', 'catkin_cmake_args': None, 'catkin_skip_building_tests': False, 'cmake_args': None, 'cmake_clean_cache': False, 'cmake_clean_first': False, 'cmake_force_configure': False, 'cmake_target': None, 'cmake_target_skip_unavailable': False, 'install_base': '/root/ros2_ws/install/p9n_interface', 'merge_install': False, 'path': '/root/ros2_ws/src/PlayStation-JoyInterface-ROS2/p9n_interface', 'symlink_install': True, 'test_result_base': None}
[0.301s] Level 5:colcon.colcon_core.verb:set package 'mg400_interface' build argument 'cmake_args' from command line to 'None'
[0.301s] Level 5:colcon.colcon_core.verb:set package 'mg400_interface' build argument 'cmake_target' from command line to 'None'
[0.301s] Level 5:colcon.colcon_core.verb:set package 'mg400_interface' build argument 'cmake_target_skip_unavailable' from command line to 'False'
[0.301s] Level 5:colcon.colcon_core.verb:set package 'mg400_interface' build argument 'cmake_clean_cache' from command line to 'False'
[0.302s] Level 5:colcon.colcon_core.verb:set package 'mg400_interface' build argument 'cmake_clean_first' from command line to 'False'
[0.302s] Level 5:colcon.colcon_core.verb:set package 'mg400_interface' build argument 'cmake_force_configure' from command line to 'False'
[0.302s] Level 5:colcon.colcon_core.verb:set package 'mg400_interface' build argument 'ament_cmake_args' from command line to 'None'
[0.302s] Level 5:colcon.colcon_core.verb:set package 'mg400_interface' build argument 'catkin_cmake_args' from command line to 'None'
[0.302s] Level 5:colcon.colcon_core.verb:set package 'mg400_interface' build argument 'catkin_skip_building_tests' from command line to 'False'
[0.302s] DEBUG:colcon.colcon_core.verb:Building package 'mg400_interface' with the following arguments: {'ament_cmake_args': None, 'build_base': '/root/ros2_ws/build/mg400_interface', 'catkin_cmake_args': None, 'catkin_skip_building_tests': False, 'cmake_args': None, 'cmake_clean_cache': False, 'cmake_clean_first': False, 'cmake_force_configure': False, 'cmake_target': None, 'cmake_target_skip_unavailable': False, 'install_base': '/root/ros2_ws/install/mg400_interface', 'merge_install': False, 'path': '/root/ros2_ws/src/MG400_ROS2/mg400_interface', 'symlink_install': True, 'test_result_base': None}
[0.302s] Level 5:colcon.colcon_core.verb:set package 'mg400_tools' build argument 'cmake_args' from command line to 'None'
[0.302s] Level 5:colcon.colcon_core.verb:set package 'mg400_tools' build argument 'cmake_target' from command line to 'None'
[0.302s] Level 5:colcon.colcon_core.verb:set package 'mg400_tools' build argument 'cmake_target_skip_unavailable' from command line to 'False'
[0.302s] Level 5:colcon.colcon_core.verb:set package 'mg400_tools' build argument 'cmake_clean_cache' from command line to 'False'
[0.302s] Level 5:colcon.colcon_core.verb:set package 'mg400_tools' build argument 'cmake_clean_first' from command line to 'False'
[0.302s] Level 5:colcon.colcon_core.verb:set package 'mg400_tools' build argument 'cmake_force_configure' from command line to 'False'
[0.302s] Level 5:colcon.colcon_core.verb:set package 'mg400_tools' build argument 'ament_cmake_args' from command line to 'None'
[0.302s] Level 5:colcon.colcon_core.verb:set package 'mg400_tools' build argument 'catkin_cmake_args' from command line to 'None'
[0.302s] Level 5:colcon.colcon_core.verb:set package 'mg400_tools' build argument 'catkin_skip_building_tests' from command line to 'False'
[0.302s] DEBUG:colcon.colcon_core.verb:Building package 'mg400_tools' with the following arguments: {'ament_cmake_args': None, 'build_base': '/root/ros2_ws/build/mg400_tools', 'catkin_cmake_args': None, 'catkin_skip_building_tests': False, 'cmake_args': None, 'cmake_clean_cache': False, 'cmake_clean_first': False, 'cmake_force_configure': False, 'cmake_target': None, 'cmake_target_skip_unavailable': False, 'install_base': '/root/ros2_ws/install/mg400_tools', 'merge_install': False, 'path': '/root/ros2_ws/src/MG400_ROS2/mg400_tools', 'symlink_install': True, 'test_result_base': None}
[0.302s] Level 5:colcon.colcon_core.verb:set package 'p9n_example' build argument 'cmake_args' from command line to 'None'
[0.302s] Level 5:colcon.colcon_core.verb:set package 'p9n_example' build argument 'cmake_target' from command line to 'None'
[0.302s] Level 5:colcon.colcon_core.verb:set package 'p9n_example' build argument 'cmake_target_skip_unavailable' from command line to 'False'
[0.302s] Level 5:colcon.colcon_core.verb:set package 'p9n_example' build argument 'cmake_clean_cache' from command line to 'False'
[0.302s] Level 5:colcon.colcon_core.verb:set package 'p9n_example' build argument 'cmake_clean_first' from command line to 'False'
[0.302s] Level 5:colcon.colcon_core.verb:set package 'p9n_example' build argument 'cmake_force_configure' from command line to 'False'
[0.302s] Level 5:colcon.colcon_core.verb:set package 'p9n_example' build argument 'ament_cmake_args' from command line to 'None'
[0.302s] Level 5:colcon.colcon_core.verb:set package 'p9n_example' build argument 'catkin_cmake_args' from command line to 'None'
[0.302s] Level 5:colcon.colcon_core.verb:set package 'p9n_example' build argument 'catkin_skip_building_tests' from command line to 'False'
[0.302s] DEBUG:colcon.colcon_core.verb:Building package 'p9n_example' with the following arguments: {'ament_cmake_args': None, 'build_base': '/root/ros2_ws/build/p9n_example', 'catkin_cmake_args': None, 'catkin_skip_building_tests': False, 'cmake_args': None, 'cmake_clean_cache': False, 'cmake_clean_first': False, 'cmake_force_configure': False, 'cmake_target': None, 'cmake_target_skip_unavailable': False, 'install_base': '/root/ros2_ws/install/p9n_example', 'merge_install': False, 'path': '/root/ros2_ws/src/PlayStation-JoyInterface-ROS2/p9n_example', 'symlink_install': True, 'test_result_base': None}
[0.302s] Level 5:colcon.colcon_core.verb:set package 'p9n_node' build argument 'cmake_args' from command line to 'None'
[0.303s] Level 5:colcon.colcon_core.verb:set package 'p9n_node' build argument 'cmake_target' from command line to 'None'
[0.303s] Level 5:colcon.colcon_core.verb:set package 'p9n_node' build argument 'cmake_target_skip_unavailable' from command line to 'False'
[0.303s] Level 5:colcon.colcon_core.verb:set package 'p9n_node' build argument 'cmake_clean_cache' from command line to 'False'
[0.303s] Level 5:colcon.colcon_core.verb:set package 'p9n_node' build argument 'cmake_clean_first' from command line to 'False'
[0.303s] Level 5:colcon.colcon_core.verb:set package 'p9n_node' build argument 'cmake_force_configure' from command line to 'False'
[0.303s] Level 5:colcon.colcon_core.verb:set package 'p9n_node' build argument 'ament_cmake_args' from command line to 'None'
[0.303s] Level 5:colcon.colcon_core.verb:set package 'p9n_node' build argument 'catkin_cmake_args' from command line to 'None'
[0.303s] Level 5:colcon.colcon_core.verb:set package 'p9n_node' build argument 'catkin_skip_building_tests' from command line to 'False'
[0.303s] DEBUG:colcon.colcon_core.verb:Building package 'p9n_node' with the following arguments: {'ament_cmake_args': None, 'build_base': '/root/ros2_ws/build/p9n_node', 'catkin_cmake_args': None, 'catkin_skip_building_tests': False, 'cmake_args': None, 'cmake_clean_cache': False, 'cmake_clean_first': False, 'cmake_force_configure': False, 'cmake_target': None, 'cmake_target_skip_unavailable': False, 'install_base': '/root/ros2_ws/install/p9n_node', 'merge_install': False, 'path': '/root/ros2_ws/src/PlayStation-JoyInterface-ROS2/p9n_node', 'symlink_install': True, 'test_result_base': None}
[0.303s] Level 5:colcon.colcon_core.verb:set package 'p9n_test' build argument 'cmake_args' from command line to 'None'
[0.303s] Level 5:colcon.colcon_core.verb:set package 'p9n_test' build argument 'cmake_target' from command line to 'None'
[0.303s] Level 5:colcon.colcon_core.verb:set package 'p9n_test' build argument 'cmake_target_skip_unavailable' from command line to 'False'
[0.303s] Level 5:colcon.colcon_core.verb:set package 'p9n_test' build argument 'cmake_clean_cache' from command line to 'False'
[0.303s] Level 5:colcon.colcon_core.verb:set package 'p9n_test' build argument 'cmake_clean_first' from command line to 'False'
[0.303s] Level 5:colcon.colcon_core.verb:set package 'p9n_test' build argument 'cmake_force_configure' from command line to 'False'
[0.303s] Level 5:colcon.colcon_core.verb:set package 'p9n_test' build argument 'ament_cmake_args' from command line to 'None'
[0.303s] Level 5:colcon.colcon_core.verb:set package 'p9n_test' build argument 'catkin_cmake_args' from command line to 'None'
[0.303s] Level 5:colcon.colcon_core.verb:set package 'p9n_test' build argument 'catkin_skip_building_tests' from command line to 'False'
[0.303s] DEBUG:colcon.colcon_core.verb:Building package 'p9n_test' with the following arguments: {'ament_cmake_args': None, 'build_base': '/root/ros2_ws/build/p9n_test', 'catkin_cmake_args': None, 'catkin_skip_building_tests': False, 'cmake_args': None, 'cmake_clean_cache': False, 'cmake_clean_first': False, 'cmake_force_configure': False, 'cmake_target': None, 'cmake_target_skip_unavailable': False, 'install_base': '/root/ros2_ws/install/p9n_test', 'merge_install': False, 'path': '/root/ros2_ws/src/PlayStation-JoyInterface-ROS2/p9n_test', 'symlink_install': True, 'test_result_base': None}
[0.303s] Level 5:colcon.colcon_core.verb:set package 'mg400_joy' build argument 'cmake_args' from command line to 'None'
[0.303s] Level 5:colcon.colcon_core.verb:set package 'mg400_joy' build argument 'cmake_target' from command line to 'None'
[0.303s] Level 5:colcon.colcon_core.verb:set package 'mg400_joy' build argument 'cmake_target_skip_unavailable' from command line to 'False'
[0.303s] Level 5:colcon.colcon_core.verb:set package 'mg400_joy' build argument 'cmake_clean_cache' from command line to 'False'
[0.303s] Level 5:colcon.colcon_core.verb:set package 'mg400_joy' build argument 'cmake_clean_first' from command line to 'False'
[0.303s] Level 5:colcon.colcon_core.verb:set package 'mg400_joy' build argument 'cmake_force_configure' from command line to 'False'
[0.303s] Level 5:colcon.colcon_core.verb:set package 'mg400_joy' build argument 'ament_cmake_args' from command line to 'None'
[0.303s] Level 5:colcon.colcon_core.verb:set package 'mg400_joy' build argument 'catkin_cmake_args' from command line to 'None'
[0.303s] Level 5:colcon.colcon_core.verb:set package 'mg400_joy' build argument 'catkin_skip_building_tests' from command line to 'False'
[0.303s] DEBUG:colcon.colcon_core.verb:Building package 'mg400_joy' with the following arguments: {'ament_cmake_args': None, 'build_base': '/root/ros2_ws/build/mg400_joy', 'catkin_cmake_args': None, 'catkin_skip_building_tests': False, 'cmake_args': None, 'cmake_clean_cache': False, 'cmake_clean_first': False, 'cmake_force_configure': False, 'cmake_target': None, 'cmake_target_skip_unavailable': False, 'install_base': '/root/ros2_ws/install/mg400_joy', 'merge_install': False, 'path': '/root/ros2_ws/src/MG400_ROS2/mg400_joy', 'symlink_install': True, 'test_result_base': None}
[0.304s] Level 5:colcon.colcon_core.verb:set package 'mg400_plugin_base' build argument 'cmake_args' from command line to 'None'
[0.304s] Level 5:colcon.colcon_core.verb:set package 'mg400_plugin_base' build argument 'cmake_target' from command line to 'None'
[0.304s] Level 5:colcon.colcon_core.verb:set package 'mg400_plugin_base' build argument 'cmake_target_skip_unavailable' from command line to 'False'
[0.304s] Level 5:colcon.colcon_core.verb:set package 'mg400_plugin_base' build argument 'cmake_clean_cache' from command line to 'False'
[0.304s] Level 5:colcon.colcon_core.verb:set package 'mg400_plugin_base' build argument 'cmake_clean_first' from command line to 'False'
[0.304s] Level 5:colcon.colcon_core.verb:set package 'mg400_plugin_base' build argument 'cmake_force_configure' from command line to 'False'
[0.304s] Level 5:colcon.colcon_core.verb:set package 'mg400_plugin_base' build argument 'ament_cmake_args' from command line to 'None'
[0.304s] Level 5:colcon.colcon_core.verb:set package 'mg400_plugin_base' build argument 'catkin_cmake_args' from command line to 'None'
[0.304s] Level 5:colcon.colcon_core.verb:set package 'mg400_plugin_base' build argument 'catkin_skip_building_tests' from command line to 'False'
[0.304s] DEBUG:colcon.colcon_core.verb:Building package 'mg400_plugin_base' with the following arguments: {'ament_cmake_args': None, 'build_base': '/root/ros2_ws/build/mg400_plugin_base', 'catkin_cmake_args': None, 'catkin_skip_building_tests': False, 'cmake_args': None, 'cmake_clean_cache': False, 'cmake_clean_first': False, 'cmake_force_configure': False, 'cmake_target': None, 'cmake_target_skip_unavailable': False, 'install_base': '/root/ros2_ws/install/mg400_plugin_base', 'merge_install': False, 'path': '/root/ros2_ws/src/MG400_ROS2/mg400_plugin_base', 'symlink_install': True, 'test_result_base': None}
[0.304s] Level 5:colcon.colcon_core.verb:set package 'mg400_rviz_plugin' build argument 'cmake_args' from command line to 'None'
[0.304s] Level 5:colcon.colcon_core.verb:set package 'mg400_rviz_plugin' build argument 'cmake_target' from command line to 'None'
[0.304s] Level 5:colcon.colcon_core.verb:set package 'mg400_rviz_plugin' build argument 'cmake_target_skip_unavailable' from command line to 'False'
[0.304s] Level 5:colcon.colcon_core.verb:set package 'mg400_rviz_plugin' build argument 'cmake_clean_cache' from command line to 'False'
[0.304s] Level 5:colcon.colcon_core.verb:set package 'mg400_rviz_plugin' build argument 'cmake_clean_first' from command line to 'False'
[0.304s] Level 5:colcon.colcon_core.verb:set package 'mg400_rviz_plugin' build argument 'cmake_force_configure' from command line to 'False'
[0.304s] Level 5:colcon.colcon_core.verb:set package 'mg400_rviz_plugin' build argument 'ament_cmake_args' from command line to 'None'
[0.304s] Level 5:colcon.colcon_core.verb:set package 'mg400_rviz_plugin' build argument 'catkin_cmake_args' from command line to 'None'
[0.304s] Level 5:colcon.colcon_core.verb:set package 'mg400_rviz_plugin' build argument 'catkin_skip_building_tests' from command line to 'False'
[0.304s] DEBUG:colcon.colcon_core.verb:Building package 'mg400_rviz_plugin' with the following arguments: {'ament_cmake_args': None, 'build_base': '/root/ros2_ws/build/mg400_rviz_plugin', 'catkin_cmake_args': None, 'catkin_skip_building_tests': False, 'cmake_args': None, 'cmake_clean_cache': False, 'cmake_clean_first': False, 'cmake_force_configure': False, 'cmake_target': None, 'cmake_target_skip_unavailable': False, 'install_base': '/root/ros2_ws/install/mg400_rviz_plugin', 'merge_install': False, 'path': '/root/ros2_ws/src/MG400_ROS2/mg400_rviz_plugin', 'symlink_install': True, 'test_result_base': None}
[0.304s] Level 5:colcon.colcon_core.verb:set package 'p9n_bringup' build argument 'cmake_args' from command line to 'None'
[0.304s] Level 5:colcon.colcon_core.verb:set package 'p9n_bringup' build argument 'cmake_target' from command line to 'None'
[0.304s] Level 5:colcon.colcon_core.verb:set package 'p9n_bringup' build argument 'cmake_target_skip_unavailable' from command line to 'False'
[0.304s] Level 5:colcon.colcon_core.verb:set package 'p9n_bringup' build argument 'cmake_clean_cache' from command line to 'False'
[0.304s] Level 5:colcon.colcon_core.verb:set package 'p9n_bringup' build argument 'cmake_clean_first' from command line to 'False'
[0.304s] Level 5:colcon.colcon_core.verb:set package 'p9n_bringup' build argument 'cmake_force_configure' from command line to 'False'
[0.304s] Level 5:colcon.colcon_core.verb:set package 'p9n_bringup' build argument 'ament_cmake_args' from command line to 'None'
[0.304s] Level 5:colcon.colcon_core.verb:set package 'p9n_bringup' build argument 'catkin_cmake_args' from command line to 'None'
[0.304s] Level 5:colcon.colcon_core.verb:set package 'p9n_bringup' build argument 'catkin_skip_building_tests' from command line to 'False'
[0.304s] DEBUG:colcon.colcon_core.verb:Building package 'p9n_bringup' with the following arguments: {'ament_cmake_args': None, 'build_base': '/root/ros2_ws/build/p9n_bringup', 'catkin_cmake_args': None, 'catkin_skip_building_tests': False, 'cmake_args': None, 'cmake_clean_cache': False, 'cmake_clean_first': False, 'cmake_force_configure': False, 'cmake_target': None, 'cmake_target_skip_unavailable': False, 'install_base': '/root/ros2_ws/install/p9n_bringup', 'merge_install': False, 'path': '/root/ros2_ws/src/PlayStation-JoyInterface-ROS2/p9n_bringup', 'symlink_install': True, 'test_result_base': None}
[0.305s] Level 5:colcon.colcon_core.verb:set package 'mg400_plugin' build argument 'cmake_args' from command line to 'None'
[0.305s] Level 5:colcon.colcon_core.verb:set package 'mg400_plugin' build argument 'cmake_target' from command line to 'None'
[0.305s] Level 5:colcon.colcon_core.verb:set package 'mg400_plugin' build argument 'cmake_target_skip_unavailable' from command line to 'False'
[0.305s] Level 5:colcon.colcon_core.verb:set package 'mg400_plugin' build argument 'cmake_clean_cache' from command line to 'False'
[0.305s] Level 5:colcon.colcon_core.verb:set package 'mg400_plugin' build argument 'cmake_clean_first' from command line to 'False'
[0.305s] Level 5:colcon.colcon_core.verb:set package 'mg400_plugin' build argument 'cmake_force_configure' from command line to 'False'
[0.305s] Level 5:colcon.colcon_core.verb:set package 'mg400_plugin' build argument 'ament_cmake_args' from command line to 'None'
[0.305s] Level 5:colcon.colcon_core.verb:set package 'mg400_plugin' build argument 'catkin_cmake_args' from command line to 'None'
[0.305s] Level 5:colcon.colcon_core.verb:set package 'mg400_plugin' build argument 'catkin_skip_building_tests' from command line to 'False'
[0.305s] DEBUG:colcon.colcon_core.verb:Building package 'mg400_plugin' with the following arguments: {'ament_cmake_args': None, 'build_base': '/root/ros2_ws/build/mg400_plugin', 'catkin_cmake_args': None, 'catkin_skip_building_tests': False, 'cmake_args': None, 'cmake_clean_cache': False, 'cmake_clean_first': False, 'cmake_force_configure': False, 'cmake_target': None, 'cmake_target_skip_unavailable': False, 'install_base': '/root/ros2_ws/install/mg400_plugin', 'merge_install': False, 'path': '/root/ros2_ws/src/MG400_ROS2/mg400_plugin', 'symlink_install': True, 'test_result_base': None}
[0.305s] Level 5:colcon.colcon_core.verb:set package 'p9n' build argument 'cmake_args' from command line to 'None'
[0.305s] Level 5:colcon.colcon_core.verb:set package 'p9n' build argument 'cmake_target' from command line to 'None'
[0.305s] Level 5:colcon.colcon_core.verb:set package 'p9n' build argument 'cmake_target_skip_unavailable' from command line to 'False'
[0.305s] Level 5:colcon.colcon_core.verb:set package 'p9n' build argument 'cmake_clean_cache' from command line to 'False'
[0.305s] Level 5:colcon.colcon_core.verb:set package 'p9n' build argument 'cmake_clean_first' from command line to 'False'
[0.305s] Level 5:colcon.colcon_core.verb:set package 'p9n' build argument 'cmake_force_configure' from command line to 'False'
[0.305s] Level 5:colcon.colcon_core.verb:set package 'p9n' build argument 'ament_cmake_args' from command line to 'None'
[0.305s] Level 5:colcon.colcon_core.verb:set package 'p9n' build argument 'catkin_cmake_args' from command line to 'None'
[0.305s] Level 5:colcon.colcon_core.verb:set package 'p9n' build argument 'catkin_skip_building_tests' from command line to 'False'
[0.305s] DEBUG:colcon.colcon_core.verb:Building package 'p9n' with the following arguments: {'ament_cmake_args': None, 'build_base': '/root/ros2_ws/build/p9n', 'catkin_cmake_args': None, 'catkin_skip_building_tests': False, 'cmake_args': None, 'cmake_clean_cache': False, 'cmake_clean_first': False, 'cmake_force_configure': False, 'cmake_target': None, 'cmake_target_skip_unavailable': False, 'install_base': '/root/ros2_ws/install/p9n', 'merge_install': False, 'path': '/root/ros2_ws/src/PlayStation-JoyInterface-ROS2/p9n', 'symlink_install': True, 'test_result_base': None}
[0.305s] Level 5:colcon.colcon_core.verb:set package 'mg400_node' build argument 'cmake_args' from command line to 'None'
[0.305s] Level 5:colcon.colcon_core.verb:set package 'mg400_node' build argument 'cmake_target' from command line to 'None'
[0.305s] Level 5:colcon.colcon_core.verb:set package 'mg400_node' build argument 'cmake_target_skip_unavailable' from command line to 'False'
[0.305s] Level 5:colcon.colcon_core.verb:set package 'mg400_node' build argument 'cmake_clean_cache' from command line to 'False'
[0.305s] Level 5:colcon.colcon_core.verb:set package 'mg400_node' build argument 'cmake_clean_first' from command line to 'False'
[0.305s] Level 5:colcon.colcon_core.verb:set package 'mg400_node' build argument 'cmake_force_configure' from command line to 'False'
[0.305s] Level 5:colcon.colcon_core.verb:set package 'mg400_node' build argument 'ament_cmake_args' from command line to 'None'
[0.305s] Level 5:colcon.colcon_core.verb:set package 'mg400_node' build argument 'catkin_cmake_args' from command line to 'None'
[0.305s] Level 5:colcon.colcon_core.verb:set package 'mg400_node' build argument 'catkin_skip_building_tests' from command line to 'False'
[0.305s] DEBUG:colcon.colcon_core.verb:Building package 'mg400_node' with the following arguments: {'ament_cmake_args': None, 'build_base': '/root/ros2_ws/build/mg400_node', 'catkin_cmake_args': None, 'catkin_skip_building_tests': False, 'cmake_args': None, 'cmake_clean_cache': False, 'cmake_clean_first': False, 'cmake_force_configure': False, 'cmake_target': None, 'cmake_target_skip_unavailable': False, 'install_base': '/root/ros2_ws/install/mg400_node', 'merge_install': False, 'path': '/root/ros2_ws/src/MG400_ROS2/mg400_node', 'symlink_install': True, 'test_result_base': None}
[0.306s] Level 5:colcon.colcon_core.verb:set package 'mg400_bringup' build argument 'cmake_args' from command line to 'None'
[0.306s] Level 5:colcon.colcon_core.verb:set package 'mg400_bringup' build argument 'cmake_target' from command line to 'None'
[0.306s] Level 5:colcon.colcon_core.verb:set package 'mg400_bringup' build argument 'cmake_target_skip_unavailable' from command line to 'False'
[0.306s] Level 5:colcon.colcon_core.verb:set package 'mg400_bringup' build argument 'cmake_clean_cache' from command line to 'False'
[0.306s] Level 5:colcon.colcon_core.verb:set package 'mg400_bringup' build argument 'cmake_clean_first' from command line to 'False'
[0.306s] Level 5:colcon.colcon_core.verb:set package 'mg400_bringup' build argument 'cmake_force_configure' from command line to 'False'
[0.306s] Level 5:colcon.colcon_core.verb:set package 'mg400_bringup' build argument 'ament_cmake_args' from command line to 'None'
[0.306s] Level 5:colcon.colcon_core.verb:set package 'mg400_bringup' build argument 'catkin_cmake_args' from command line to 'None'
[0.306s] Level 5:colcon.colcon_core.verb:set package 'mg400_bringup' build argument 'catkin_skip_building_tests' from command line to 'False'
[0.306s] DEBUG:colcon.colcon_core.verb:Building package 'mg400_bringup' with the following arguments: {'ament_cmake_args': None, 'build_base': '/root/ros2_ws/build/mg400_bringup', 'catkin_cmake_args': None, 'catkin_skip_building_tests': False, 'cmake_args': None, 'cmake_clean_cache': False, 'cmake_clean_first': False, 'cmake_force_configure': False, 'cmake_target': None, 'cmake_target_skip_unavailable': False, 'install_base': '/root/ros2_ws/install/mg400_bringup', 'merge_install': False, 'path': '/root/ros2_ws/src/MG400_ROS2/mg400_bringup', 'symlink_install': True, 'test_result_base': None}
[0.306s] Level 5:colcon.colcon_core.verb:set package 'mg400' build argument 'cmake_args' from command line to 'None'
[0.306s] Level 5:colcon.colcon_core.verb:set package 'mg400' build argument 'cmake_target' from command line to 'None'
[0.306s] Level 5:colcon.colcon_core.verb:set package 'mg400' build argument 'cmake_target_skip_unavailable' from command line to 'False'
[0.306s] Level 5:colcon.colcon_core.verb:set package 'mg400' build argument 'cmake_clean_cache' from command line to 'False'
[0.306s] Level 5:colcon.colcon_core.verb:set package 'mg400' build argument 'cmake_clean_first' from command line to 'False'
[0.306s] Level 5:colcon.colcon_core.verb:set package 'mg400' build argument 'cmake_force_configure' from command line to 'False'
[0.306s] Level 5:colcon.colcon_core.verb:set package 'mg400' build argument 'ament_cmake_args' from command line to 'None'
[0.306s] Level 5:colcon.colcon_core.verb:set package 'mg400' build argument 'catkin_cmake_args' from command line to 'None'
[0.306s] Level 5:colcon.colcon_core.verb:set package 'mg400' build argument 'catkin_skip_building_tests' from command line to 'False'
[0.306s] DEBUG:colcon.colcon_core.verb:Building package 'mg400' with the following arguments: {'ament_cmake_args': None, 'build_base': '/root/ros2_ws/build/mg400', 'catkin_cmake_args': None, 'catkin_skip_building_tests': False, 'cmake_args': None, 'cmake_clean_cache': False, 'cmake_clean_first': False, 'cmake_force_configure': False, 'cmake_target': None, 'cmake_target_skip_unavailable': False, 'install_base': '/root/ros2_ws/install/mg400', 'merge_install': False, 'path': '/root/ros2_ws/src/MG400_ROS2/mg400', 'symlink_install': True, 'test_result_base': None}
[0.306s] INFO:colcon.colcon_core.executor:Executing jobs using 'parallel' executor
[0.307s] DEBUG:colcon.colcon_parallel_executor.executor.parallel:run_until_complete
[0.307s] INFO:colcon.colcon_ros.task.ament_cmake.build:Building ROS package in '/root/ros2_ws/src/MG400_ROS2/mg400_common' with build type 'ament_cmake'
[0.307s] INFO:colcon.colcon_cmake.task.cmake.build:Building CMake package in '/root/ros2_ws/src/MG400_ROS2/mg400_common'
[0.310s] INFO:colcon.colcon_core.plugin_system:Skipping extension 'colcon_core.shell.bat': Not used on non-Windows systems
[0.310s] INFO:colcon.colcon_core.shell:Skip shell extension 'powershell' for command environment: Not usable outside of PowerShell
[0.310s] DEBUG:colcon.colcon_core.shell:Skip shell extension 'dsv' for command environment
[0.314s] INFO:colcon.colcon_ros.task.ament_cmake.build:Building ROS package in '/root/ros2_ws/src/MG400_ROS2/mg400_msgs' with build type 'ament_cmake'
[0.314s] INFO:colcon.colcon_cmake.task.cmake.build:Building CMake package in '/root/ros2_ws/src/MG400_ROS2/mg400_msgs'
[0.314s] INFO:colcon.colcon_core.shell:Skip shell extension 'powershell' for command environment: Not usable outside of PowerShell
[0.314s] DEBUG:colcon.colcon_core.shell:Skip shell extension 'dsv' for command environment
[0.317s] INFO:colcon.colcon_ros.task.ament_cmake.build:Building ROS package in '/root/ros2_ws/src/PlayStation-JoyInterface-ROS2/p9n_interface' with build type 'ament_cmake'
[0.317s] INFO:colcon.colcon_cmake.task.cmake.build:Building CMake package in '/root/ros2_ws/src/PlayStation-JoyInterface-ROS2/p9n_interface'
[0.317s] INFO:colcon.colcon_core.shell:Skip shell extension 'powershell' for command environment: Not usable outside of PowerShell
[0.317s] DEBUG:colcon.colcon_core.shell:Skip shell extension 'dsv' for command environment
[0.319s] INFO:colcon.colcon_ros.task.ament_cmake.build:Building ROS package in '/root/ros2_ws/src/MG400_ROS2/mg400_description' with build type 'ament_cmake'
[0.320s] INFO:colcon.colcon_cmake.task.cmake.build:Building CMake package in '/root/ros2_ws/src/MG400_ROS2/mg400_description'
[0.320s] INFO:colcon.colcon_core.shell:Skip shell extension 'powershell' for command environment: Not usable outside of PowerShell
[0.320s] DEBUG:colcon.colcon_core.shell:Skip shell extension 'dsv' for command environment
[0.325s] DEBUG:colcon.colcon_core.event_handler.log_command:Invoking command in '/root/ros2_ws/build/mg400_common': CMAKE_PREFIX_PATH=/opt/ros/humble /usr/bin/cmake /root/ros2_ws/src/MG400_ROS2/mg400_common -DAMENT_CMAKE_SYMLINK_INSTALL=1 -DCMAKE_INSTALL_PREFIX=/root/ros2_ws/install/mg400_common
[0.327s] DEBUG:colcon.colcon_core.event_handler.log_command:Invoking command in '/root/ros2_ws/build/mg400_msgs': CMAKE_PREFIX_PATH=/opt/ros/humble /usr/bin/cmake /root/ros2_ws/src/MG400_ROS2/mg400_msgs -DAMENT_CMAKE_SYMLINK_INSTALL=1 -DCMAKE_INSTALL_PREFIX=/root/ros2_ws/install/mg400_msgs
[0.329s] DEBUG:colcon.colcon_core.event_handler.log_command:Invoking command in '/root/ros2_ws/build/p9n_interface': CMAKE_PREFIX_PATH=/opt/ros/humble /usr/bin/cmake /root/ros2_ws/src/PlayStation-JoyInterface-ROS2/p9n_interface -DAMENT_CMAKE_SYMLINK_INSTALL=1 -DCMAKE_INSTALL_PREFIX=/root/ros2_ws/install/p9n_interface
[0.333s] DEBUG:colcon.colcon_core.event_handler.log_command:Invoking command in '/root/ros2_ws/build/mg400_description': CMAKE_PREFIX_PATH=/opt/ros/humble /usr/bin/cmake /root/ros2_ws/src/MG400_ROS2/mg400_description -DAMENT_CMAKE_SYMLINK_INSTALL=1 -DCMAKE_INSTALL_PREFIX=/root/ros2_ws/install/mg400_description
[0.939s] DEBUG:colcon.colcon_core.event_handler.log_command:Invoked command in '/root/ros2_ws/build/mg400_description' returned '0': CMAKE_PREFIX_PATH=/opt/ros/humble /usr/bin/cmake /root/ros2_ws/src/MG400_ROS2/mg400_description -DAMENT_CMAKE_SYMLINK_INSTALL=1 -DCMAKE_INSTALL_PREFIX=/root/ros2_ws/install/mg400_description
[0.940s] DEBUG:colcon.colcon_core.event_handler.log_command:Invoking command in '/root/ros2_ws/build/mg400_description': CMAKE_PREFIX_PATH=/opt/ros/humble /usr/bin/cmake --build /root/ros2_ws/build/mg400_description -- -j16 -l16
[0.975s] DEBUG:colcon.colcon_core.event_handler.log_command:Invoked command in '/root/ros2_ws/build/mg400_description' returned '0': CMAKE_PREFIX_PATH=/opt/ros/humble /usr/bin/cmake --build /root/ros2_ws/build/mg400_description -- -j16 -l16
[0.984s] DEBUG:colcon.colcon_core.event_handler.log_command:Invoking command in '/root/ros2_ws/build/mg400_description': CMAKE_PREFIX_PATH=/opt/ros/humble /usr/bin/cmake --install /root/ros2_ws/build/mg400_description
[1.002s] DEBUG:colcon.colcon_core.event_handler.log_command:Invoked command in '/root/ros2_ws/build/mg400_common' returned '0': CMAKE_PREFIX_PATH=/opt/ros/humble /usr/bin/cmake /root/ros2_ws/src/MG400_ROS2/mg400_common -DAMENT_CMAKE_SYMLINK_INSTALL=1 -DCMAKE_INSTALL_PREFIX=/root/ros2_ws/install/mg400_common
[1.003s] DEBUG:colcon.colcon_core.event_handler.log_command:Invoking command in '/root/ros2_ws/build/mg400_common': CMAKE_PREFIX_PATH=/opt/ros/humble /usr/bin/cmake --build /root/ros2_ws/build/mg400_common -- -j16 -l16
[1.260s] Level 1:colcon.colcon_core.environment:create_environment_scripts_only(mg400_description)
[1.261s] DEBUG:colcon.colcon_core.event_handler.log_command:Invoked command in '/root/ros2_ws/build/mg400_description' returned '0': CMAKE_PREFIX_PATH=/opt/ros/humble /usr/bin/cmake --install /root/ros2_ws/build/mg400_description
[1.263s] Level 1:colcon.colcon_core.environment:checking '/root/ros2_ws/install/mg400_description' for CMake module files
[1.263s] Level 1:colcon.colcon_core.environment:checking '/root/ros2_ws/install/mg400_description' for CMake config files
[1.264s] Level 1:colcon.colcon_core.shell:create_environment_hook('mg400_description', 'cmake_prefix_path')
[1.264s] INFO:colcon.colcon_core.shell:Creating environment hook '/root/ros2_ws/install/mg400_description/share/mg400_description/hook/cmake_prefix_path.ps1'
[1.264s] INFO:colcon.colcon_core.shell:Creating environment descriptor '/root/ros2_ws/install/mg400_description/share/mg400_description/hook/cmake_prefix_path.dsv'
[1.265s] INFO:colcon.colcon_core.shell:Creating environment hook '/root/ros2_ws/install/mg400_description/share/mg400_description/hook/cmake_prefix_path.sh'
[1.266s] Level 1:colcon.colcon_core.environment:checking '/root/ros2_ws/install/mg400_description/bin'
[1.266s] Level 1:colcon.colcon_core.environment:checking '/root/ros2_ws/install/mg400_description/lib/pkgconfig/mg400_description.pc'
[1.267s] Level 1:colcon.colcon_core.environment:checking '/root/ros2_ws/install/mg400_description/lib/python3.10/site-packages'
[1.267s] Level 1:colcon.colcon_core.environment:checking '/root/ros2_ws/install/mg400_description/bin'
[1.268s] INFO:colcon.colcon_core.shell:Creating package script '/root/ros2_ws/install/mg400_description/share/mg400_description/package.ps1'
[1.269s] INFO:colcon.colcon_core.shell:Creating package descriptor '/root/ros2_ws/install/mg400_description/share/mg400_description/package.dsv'
[1.269s] INFO:colcon.colcon_core.shell:Creating package script '/root/ros2_ws/install/mg400_description/share/mg400_description/package.sh'
[1.270s] INFO:colcon.colcon_core.shell:Creating package script '/root/ros2_ws/install/mg400_description/share/mg400_description/package.bash'
[1.270s] INFO:colcon.colcon_core.shell:Creating package script '/root/ros2_ws/install/mg400_description/share/mg400_description/package.zsh'
[1.270s] Level 1:colcon.colcon_core.environment:create_file_with_runtime_dependencies(/root/ros2_ws/install/mg400_description/share/colcon-core/packages/mg400_description)
[1.271s] Level 1:colcon.colcon_core.environment:create_environment_scripts_only(mg400_description)
[1.271s] Level 1:colcon.colcon_core.environment:checking '/root/ros2_ws/install/mg400_description' for CMake module files
[1.272s] Level 1:colcon.colcon_core.environment:checking '/root/ros2_ws/install/mg400_description' for CMake config files
[1.272s] Level 1:colcon.colcon_core.shell:create_environment_hook('mg400_description', 'cmake_prefix_path')
[1.272s] INFO:colcon.colcon_core.shell:Creating environment hook '/root/ros2_ws/install/mg400_description/share/mg400_description/hook/cmake_prefix_path.ps1'
[1.273s] INFO:colcon.colcon_core.shell:Creating environment descriptor '/root/ros2_ws/install/mg400_description/share/mg400_description/hook/cmake_prefix_path.dsv'
[1.273s] INFO:colcon.colcon_core.shell:Creating environment hook '/root/ros2_ws/install/mg400_description/share/mg400_description/hook/cmake_prefix_path.sh'
[1.273s] Level 1:colcon.colcon_core.environment:checking '/root/ros2_ws/install/mg400_description/bin'
[1.273s] Level 1:colcon.colcon_core.environment:checking '/root/ros2_ws/install/mg400_description/lib/pkgconfig/mg400_description.pc'
[1.273s] Level 1:colcon.colcon_core.environment:checking '/root/ros2_ws/install/mg400_description/lib/python3.10/site-packages'
[1.274s] Level 1:colcon.colcon_core.environment:checking '/root/ros2_ws/install/mg400_description/bin'
[1.274s] INFO:colcon.colcon_core.shell:Creating package script '/root/ros2_ws/install/mg400_description/share/mg400_description/package.ps1'
[1.274s] INFO:colcon.colcon_core.shell:Creating package descriptor '/root/ros2_ws/install/mg400_description/share/mg400_description/package.dsv'
[1.275s] INFO:colcon.colcon_core.shell:Creating package script '/root/ros2_ws/install/mg400_description/share/mg400_description/package.sh'
[1.275s] INFO:colcon.colcon_core.shell:Creating package script '/root/ros2_ws/install/mg400_description/share/mg400_description/package.bash'
[1.275s] INFO:colcon.colcon_core.shell:Creating package script '/root/ros2_ws/install/mg400_description/share/mg400_description/package.zsh'
[1.276s] Level 1:colcon.colcon_core.environment:create_file_with_runtime_dependencies(/root/ros2_ws/install/mg400_description/share/colcon-core/packages/mg400_description)
[1.333s] DEBUG:colcon.colcon_core.event_handler.log_command:Invoked command in '/root/ros2_ws/build/p9n_interface' returned '0': CMAKE_PREFIX_PATH=/opt/ros/humble /usr/bin/cmake /root/ros2_ws/src/PlayStation-JoyInterface-ROS2/p9n_interface -DAMENT_CMAKE_SYMLINK_INSTALL=1 -DCMAKE_INSTALL_PREFIX=/root/ros2_ws/install/p9n_interface
[1.335s] DEBUG:colcon.colcon_core.event_handler.log_command:Invoking command in '/root/ros2_ws/build/p9n_interface': CMAKE_PREFIX_PATH=/opt/ros/humble /usr/bin/cmake --build /root/ros2_ws/build/p9n_interface -- -j16 -l16
[2.288s] DEBUG:colcon.colcon_core.event_handler.log_command:Invoked command in '/root/ros2_ws/build/mg400_msgs' returned '0': CMAKE_PREFIX_PATH=/opt/ros/humble /usr/bin/cmake /root/ros2_ws/src/MG400_ROS2/mg400_msgs -DAMENT_CMAKE_SYMLINK_INSTALL=1 -DCMAKE_INSTALL_PREFIX=/root/ros2_ws/install/mg400_msgs
[2.290s] DEBUG:colcon.colcon_core.event_handler.log_command:Invoking command in '/root/ros2_ws/build/mg400_msgs': CMAKE_PREFIX_PATH=/opt/ros/humble /usr/bin/cmake --build /root/ros2_ws/build/mg400_msgs -- -j16 -l16
[3.846s] DEBUG:colcon.colcon_core.event_handler.log_command:Invoked command in '/root/ros2_ws/build/p9n_interface' returned '0': CMAKE_PREFIX_PATH=/opt/ros/humble /usr/bin/cmake --build /root/ros2_ws/build/p9n_interface -- -j16 -l16
[3.847s] DEBUG:colcon.colcon_core.event_handler.log_command:Invoking command in '/root/ros2_ws/build/p9n_interface': CMAKE_PREFIX_PATH=/opt/ros/humble /usr/bin/cmake --install /root/ros2_ws/build/p9n_interface
[4.081s] Level 1:colcon.colcon_core.environment:create_environment_scripts_only(p9n_interface)
[4.082s] DEBUG:colcon.colcon_core.event_handler.log_command:Invoked command in '/root/ros2_ws/build/p9n_interface' returned '0': CMAKE_PREFIX_PATH=/opt/ros/humble /usr/bin/cmake --install /root/ros2_ws/build/p9n_interface
[4.082s] Level 1:colcon.colcon_core.environment:checking '/root/ros2_ws/install/p9n_interface' for CMake module files
[4.083s] Level 1:colcon.colcon_core.environment:checking '/root/ros2_ws/install/p9n_interface' for CMake config files
[4.083s] Level 1:colcon.colcon_core.shell:create_environment_hook('p9n_interface', 'cmake_prefix_path')
[4.083s] INFO:colcon.colcon_core.shell:Creating environment hook '/root/ros2_ws/install/p9n_interface/share/p9n_interface/hook/cmake_prefix_path.ps1'
[4.084s] INFO:colcon.colcon_core.shell:Creating environment descriptor '/root/ros2_ws/install/p9n_interface/share/p9n_interface/hook/cmake_prefix_path.dsv'
[4.084s] INFO:colcon.colcon_core.shell:Creating environment hook '/root/ros2_ws/install/p9n_interface/share/p9n_interface/hook/cmake_prefix_path.sh'
[4.084s] Level 1:colcon.colcon_core.environment:checking '/root/ros2_ws/install/p9n_interface/lib'
[4.085s] Level 1:colcon.colcon_core.environment:checking '/root/ros2_ws/install/p9n_interface/bin'
[4.085s] Level 1:colcon.colcon_core.environment:checking '/root/ros2_ws/install/p9n_interface/lib/pkgconfig/p9n_interface.pc'
[4.085s] Level 1:colcon.colcon_core.environment:checking '/root/ros2_ws/install/p9n_interface/lib/python3.10/site-packages'
[4.085s] Level 1:colcon.colcon_core.environment:checking '/root/ros2_ws/install/p9n_interface/bin'
[4.085s] INFO:colcon.colcon_core.shell:Creating package script '/root/ros2_ws/install/p9n_interface/share/p9n_interface/package.ps1'
[4.086s] INFO:colcon.colcon_core.shell:Creating package descriptor '/root/ros2_ws/install/p9n_interface/share/p9n_interface/package.dsv'
[4.086s] INFO:colcon.colcon_core.shell:Creating package script '/root/ros2_ws/install/p9n_interface/share/p9n_interface/package.sh'
[4.086s] INFO:colcon.colcon_core.shell:Creating package script '/root/ros2_ws/install/p9n_interface/share/p9n_interface/package.bash'
[4.086s] INFO:colcon.colcon_core.shell:Creating package script '/root/ros2_ws/install/p9n_interface/share/p9n_interface/package.zsh'
[4.087s] Level 1:colcon.colcon_core.environment:create_file_with_runtime_dependencies(/root/ros2_ws/install/p9n_interface/share/colcon-core/packages/p9n_interface)
[4.087s] Level 1:colcon.colcon_core.environment:create_environment_scripts_only(p9n_interface)
[4.087s] Level 1:colcon.colcon_core.environment:checking '/root/ros2_ws/install/p9n_interface' for CMake module files
[4.088s] Level 1:colcon.colcon_core.environment:checking '/root/ros2_ws/install/p9n_interface' for CMake config files
[4.088s] Level 1:colcon.colcon_core.shell:create_environment_hook('p9n_interface', 'cmake_prefix_path')
[4.088s] INFO:colcon.colcon_core.shell:Creating environment hook '/root/ros2_ws/install/p9n_interface/share/p9n_interface/hook/cmake_prefix_path.ps1'
[4.088s] INFO:colcon.colcon_core.shell:Creating environment descriptor '/root/ros2_ws/install/p9n_interface/share/p9n_interface/hook/cmake_prefix_path.dsv'
[4.089s] INFO:colcon.colcon_core.shell:Creating environment hook '/root/ros2_ws/install/p9n_interface/share/p9n_interface/hook/cmake_prefix_path.sh'
[4.089s] Level 1:colcon.colcon_core.environment:checking '/root/ros2_ws/install/p9n_interface/lib'
[4.089s] Level 1:colcon.colcon_core.environment:checking '/root/ros2_ws/install/p9n_interface/bin'
[4.089s] Level 1:colcon.colcon_core.environment:checking '/root/ros2_ws/install/p9n_interface/lib/pkgconfig/p9n_interface.pc'
[4.089s] Level 1:colcon.colcon_core.environment:checking '/root/ros2_ws/install/p9n_interface/lib/python3.10/site-packages'
[4.089s] Level 1:colcon.colcon_core.environment:checking '/root/ros2_ws/install/p9n_interface/bin'
[4.090s] INFO:colcon.colcon_core.shell:Creating package script '/root/ros2_ws/install/p9n_interface/share/p9n_interface/package.ps1'
[4.090s] INFO:colcon.colcon_core.shell:Creating package descriptor '/root/ros2_ws/install/p9n_interface/share/p9n_interface/package.dsv'
[4.090s] INFO:colcon.colcon_core.shell:Creating package script '/root/ros2_ws/install/p9n_interface/share/p9n_interface/package.sh'
[4.091s] INFO:colcon.colcon_core.shell:Creating package script '/root/ros2_ws/install/p9n_interface/share/p9n_interface/package.bash'
[4.091s] INFO:colcon.colcon_core.shell:Creating package script '/root/ros2_ws/install/p9n_interface/share/p9n_interface/package.zsh'
[4.091s] Level 1:colcon.colcon_core.environment:create_file_with_runtime_dependencies(/root/ros2_ws/install/p9n_interface/share/colcon-core/packages/p9n_interface)
[4.092s] INFO:colcon.colcon_ros.task.ament_cmake.build:Building ROS package in '/root/ros2_ws/src/PlayStation-JoyInterface-ROS2/p9n_node' with build type 'ament_cmake'
[4.092s] INFO:colcon.colcon_cmake.task.cmake.build:Building CMake package in '/root/ros2_ws/src/PlayStation-JoyInterface-ROS2/p9n_node'
[4.092s] INFO:colcon.colcon_core.shell:Skip shell extension 'powershell' for command environment: Not usable outside of PowerShell
[4.092s] DEBUG:colcon.colcon_core.shell:Skip shell extension 'dsv' for command environment
[4.095s] INFO:colcon.colcon_ros.task.ament_cmake.build:Building ROS package in '/root/ros2_ws/src/PlayStation-JoyInterface-ROS2/p9n_example' with build type 'ament_cmake'
[4.096s] INFO:colcon.colcon_cmake.task.cmake.build:Building CMake package in '/root/ros2_ws/src/PlayStation-JoyInterface-ROS2/p9n_example'
[4.096s] INFO:colcon.colcon_core.shell:Skip shell extension 'powershell' for command environment: Not usable outside of PowerShell
[4.096s] DEBUG:colcon.colcon_core.shell:Skip shell extension 'dsv' for command environment
[4.099s] INFO:colcon.colcon_ros.task.ament_cmake.build:Building ROS package in '/root/ros2_ws/src/PlayStation-JoyInterface-ROS2/p9n_test' with build type 'ament_cmake'
[4.099s] INFO:colcon.colcon_cmake.task.cmake.build:Building CMake package in '/root/ros2_ws/src/PlayStation-JoyInterface-ROS2/p9n_test'
[4.099s] INFO:colcon.colcon_core.shell:Skip shell extension 'powershell' for command environment: Not usable outside of PowerShell
[4.099s] DEBUG:colcon.colcon_core.shell:Skip shell extension 'dsv' for command environment
[4.105s] DEBUG:colcon.colcon_core.event_handler.log_command:Invoking command in '/root/ros2_ws/build/p9n_node': AMENT_PREFIX_PATH=/root/ros2_ws/install/p9n_interface:${AMENT_PREFIX_PATH} CMAKE_PREFIX_PATH=/root/ros2_ws/install/p9n_interface:/opt/ros/humble LD_LIBRARY_PATH=/root/ros2_ws/install/p9n_interface/lib:${LD_LIBRARY_PATH} /usr/bin/cmake /root/ros2_ws/src/PlayStation-JoyInterface-ROS2/p9n_node -DAMENT_CMAKE_SYMLINK_INSTALL=1 -DCMAKE_INSTALL_PREFIX=/root/ros2_ws/install/p9n_node
[4.107s] DEBUG:colcon.colcon_core.event_handler.log_command:Invoking command in '/root/ros2_ws/build/p9n_example': AMENT_PREFIX_PATH=/root/ros2_ws/install/p9n_interface:${AMENT_PREFIX_PATH} CMAKE_PREFIX_PATH=/root/ros2_ws/install/p9n_interface:/opt/ros/humble LD_LIBRARY_PATH=/root/ros2_ws/install/p9n_interface/lib:${LD_LIBRARY_PATH} /usr/bin/cmake /root/ros2_ws/src/PlayStation-JoyInterface-ROS2/p9n_example -DAMENT_CMAKE_SYMLINK_INSTALL=1 -DCMAKE_INSTALL_PREFIX=/root/ros2_ws/install/p9n_example
[4.109s] DEBUG:colcon.colcon_core.event_handler.log_command:Invoking command in '/root/ros2_ws/build/p9n_test': AMENT_PREFIX_PATH=/root/ros2_ws/install/p9n_interface:${AMENT_PREFIX_PATH} CMAKE_PREFIX_PATH=/root/ros2_ws/install/p9n_interface:/opt/ros/humble LD_LIBRARY_PATH=/root/ros2_ws/install/p9n_interface/lib:${LD_LIBRARY_PATH} /usr/bin/cmake /root/ros2_ws/src/PlayStation-JoyInterface-ROS2/p9n_test -DAMENT_CMAKE_SYMLINK_INSTALL=1 -DCMAKE_INSTALL_PREFIX=/root/ros2_ws/install/p9n_test
[5.191s] DEBUG:colcon.colcon_core.event_handler.log_command:Invoked command in '/root/ros2_ws/build/p9n_node' returned '0': AMENT_PREFIX_PATH=/root/ros2_ws/install/p9n_interface:${AMENT_PREFIX_PATH} CMAKE_PREFIX_PATH=/root/ros2_ws/install/p9n_interface:/opt/ros/humble LD_LIBRARY_PATH=/root/ros2_ws/install/p9n_interface/lib:${LD_LIBRARY_PATH} /usr/bin/cmake /root/ros2_ws/src/PlayStation-JoyInterface-ROS2/p9n_node -DAMENT_CMAKE_SYMLINK_INSTALL=1 -DCMAKE_INSTALL_PREFIX=/root/ros2_ws/install/p9n_node
[5.192s] DEBUG:colcon.colcon_core.event_handler.log_command:Invoking command in '/root/ros2_ws/build/p9n_node': AMENT_PREFIX_PATH=/root/ros2_ws/install/p9n_interface:${AMENT_PREFIX_PATH} CMAKE_PREFIX_PATH=/root/ros2_ws/install/p9n_interface:/opt/ros/humble LD_LIBRARY_PATH=/root/ros2_ws/install/p9n_interface/lib:${LD_LIBRARY_PATH} /usr/bin/cmake --build /root/ros2_ws/build/p9n_node -- -j16 -l16
[5.193s] DEBUG:colcon.colcon_core.event_handler.log_command:Invoked command in '/root/ros2_ws/build/p9n_example' returned '0': AMENT_PREFIX_PATH=/root/ros2_ws/install/p9n_interface:${AMENT_PREFIX_PATH} CMAKE_PREFIX_PATH=/root/ros2_ws/install/p9n_interface:/opt/ros/humble LD_LIBRARY_PATH=/root/ros2_ws/install/p9n_interface/lib:${LD_LIBRARY_PATH} /usr/bin/cmake /root/ros2_ws/src/PlayStation-JoyInterface-ROS2/p9n_example -DAMENT_CMAKE_SYMLINK_INSTALL=1 -DCMAKE_INSTALL_PREFIX=/root/ros2_ws/install/p9n_example
[5.194s] DEBUG:colcon.colcon_core.event_handler.log_command:Invoking command in '/root/ros2_ws/build/p9n_example': AMENT_PREFIX_PATH=/root/ros2_ws/install/p9n_interface:${AMENT_PREFIX_PATH} CMAKE_PREFIX_PATH=/root/ros2_ws/install/p9n_interface:/opt/ros/humble LD_LIBRARY_PATH=/root/ros2_ws/install/p9n_interface/lib:${LD_LIBRARY_PATH} /usr/bin/cmake --build /root/ros2_ws/build/p9n_example -- -j16 -l16
[5.200s] DEBUG:colcon.colcon_core.event_handler.log_command:Invoked command in '/root/ros2_ws/build/p9n_test' returned '0': AMENT_PREFIX_PATH=/root/ros2_ws/install/p9n_interface:${AMENT_PREFIX_PATH} CMAKE_PREFIX_PATH=/root/ros2_ws/install/p9n_interface:/opt/ros/humble LD_LIBRARY_PATH=/root/ros2_ws/install/p9n_interface/lib:${LD_LIBRARY_PATH} /usr/bin/cmake /root/ros2_ws/src/PlayStation-JoyInterface-ROS2/p9n_test -DAMENT_CMAKE_SYMLINK_INSTALL=1 -DCMAKE_INSTALL_PREFIX=/root/ros2_ws/install/p9n_test
[5.201s] DEBUG:colcon.colcon_core.event_handler.log_command:Invoking command in '/root/ros2_ws/build/p9n_test': AMENT_PREFIX_PATH=/root/ros2_ws/install/p9n_interface:${AMENT_PREFIX_PATH} CMAKE_PREFIX_PATH=/root/ros2_ws/install/p9n_interface:/opt/ros/humble LD_LIBRARY_PATH=/root/ros2_ws/install/p9n_interface/lib:${LD_LIBRARY_PATH} /usr/bin/cmake --build /root/ros2_ws/build/p9n_test -- -j16 -l16
[6.691s] DEBUG:colcon.colcon_core.event_handler.log_command:Invoked command in '/root/ros2_ws/build/mg400_common' returned '0': CMAKE_PREFIX_PATH=/opt/ros/humble /usr/bin/cmake --build /root/ros2_ws/build/mg400_common -- -j16 -l16
[6.691s] DEBUG:colcon.colcon_core.event_handler.log_command:Invoking command in '/root/ros2_ws/build/mg400_common': CMAKE_PREFIX_PATH=/opt/ros/humble /usr/bin/cmake --install /root/ros2_ws/build/mg400_common
[7.185s] Level 1:colcon.colcon_core.environment:create_environment_scripts_only(mg400_common)
[7.185s] Level 1:colcon.colcon_core.environment:checking '/root/ros2_ws/install/mg400_common' for CMake module files
[7.186s] Level 1:colcon.colcon_core.environment:checking '/root/ros2_ws/install/mg400_common' for CMake config files
[7.187s] DEBUG:colcon.colcon_core.event_handler.log_command:Invoked command in '/root/ros2_ws/build/mg400_common' returned '0': CMAKE_PREFIX_PATH=/opt/ros/humble /usr/bin/cmake --install /root/ros2_ws/build/mg400_common
[7.188s] Level 1:colcon.colcon_core.shell:create_environment_hook('mg400_common', 'cmake_prefix_path')
[7.188s] INFO:colcon.colcon_core.shell:Creating environment hook '/root/ros2_ws/install/mg400_common/share/mg400_common/hook/cmake_prefix_path.ps1'
[7.192s] INFO:colcon.colcon_core.shell:Creating environment descriptor '/root/ros2_ws/install/mg400_common/share/mg400_common/hook/cmake_prefix_path.dsv'
[7.192s] INFO:colcon.colcon_core.shell:Creating environment hook '/root/ros2_ws/install/mg400_common/share/mg400_common/hook/cmake_prefix_path.sh'
[7.193s] Level 1:colcon.colcon_core.environment:checking '/root/ros2_ws/install/mg400_common/lib'
[7.193s] Level 1:colcon.colcon_core.shell:create_environment_hook('mg400_common', 'ld_library_path_lib')
[7.194s] INFO:colcon.colcon_core.shell:Creating environment hook '/root/ros2_ws/install/mg400_common/share/mg400_common/hook/ld_library_path_lib.ps1'
[7.194s] INFO:colcon.colcon_core.shell:Creating environment descriptor '/root/ros2_ws/install/mg400_common/share/mg400_common/hook/ld_library_path_lib.dsv'
[7.201s] INFO:colcon.colcon_core.shell:Creating environment hook '/root/ros2_ws/install/mg400_common/share/mg400_common/hook/ld_library_path_lib.sh'
[7.202s] Level 1:colcon.colcon_core.environment:checking '/root/ros2_ws/install/mg400_common/bin'
[7.202s] Level 1:colcon.colcon_core.environment:checking '/root/ros2_ws/install/mg400_common/lib/pkgconfig/mg400_common.pc'
[7.202s] Level 1:colcon.colcon_core.environment:checking '/root/ros2_ws/install/mg400_common/lib/python3.10/site-packages'
[7.203s] Level 1:colcon.colcon_core.environment:checking '/root/ros2_ws/install/mg400_common/bin'
[7.203s] INFO:colcon.colcon_core.shell:Creating package script '/root/ros2_ws/install/mg400_common/share/mg400_common/package.ps1'
[7.204s] INFO:colcon.colcon_core.shell:Creating package descriptor '/root/ros2_ws/install/mg400_common/share/mg400_common/package.dsv'
[7.205s] INFO:colcon.colcon_core.shell:Creating package script '/root/ros2_ws/install/mg400_common/share/mg400_common/package.sh'
[7.205s] INFO:colcon.colcon_core.shell:Creating package script '/root/ros2_ws/install/mg400_common/share/mg400_common/package.bash'
[7.206s] INFO:colcon.colcon_core.shell:Creating package script '/root/ros2_ws/install/mg400_common/share/mg400_common/package.zsh'
[7.206s] Level 1:colcon.colcon_core.environment:create_file_with_runtime_dependencies(/root/ros2_ws/install/mg400_common/share/colcon-core/packages/mg400_common)
[7.207s] Level 1:colcon.colcon_core.environment:create_environment_scripts_only(mg400_common)
[7.207s] Level 1:colcon.colcon_core.environment:checking '/root/ros2_ws/install/mg400_common' for CMake module files
[7.208s] Level 1:colcon.colcon_core.environment:checking '/root/ros2_ws/install/mg400_common' for CMake config files
[7.208s] Level 1:colcon.colcon_core.shell:create_environment_hook('mg400_common', 'cmake_prefix_path')
[7.209s] INFO:colcon.colcon_core.shell:Creating environment hook '/root/ros2_ws/install/mg400_common/share/mg400_common/hook/cmake_prefix_path.ps1'
[7.209s] INFO:colcon.colcon_core.shell:Creating environment descriptor '/root/ros2_ws/install/mg400_common/share/mg400_common/hook/cmake_prefix_path.dsv'
[7.210s] INFO:colcon.colcon_core.shell:Creating environment hook '/root/ros2_ws/install/mg400_common/share/mg400_common/hook/cmake_prefix_path.sh'
[7.211s] Level 1:colcon.colcon_core.environment:checking '/root/ros2_ws/install/mg400_common/lib'
[7.211s] Level 1:colcon.colcon_core.shell:create_environment_hook('mg400_common', 'ld_library_path_lib')
[7.211s] INFO:colcon.colcon_core.shell:Creating environment hook '/root/ros2_ws/install/mg400_common/share/mg400_common/hook/ld_library_path_lib.ps1'
[7.212s] INFO:colcon.colcon_core.shell:Creating environment descriptor '/root/ros2_ws/install/mg400_common/share/mg400_common/hook/ld_library_path_lib.dsv'
[7.213s] INFO:colcon.colcon_core.shell:Creating environment hook '/root/ros2_ws/install/mg400_common/share/mg400_common/hook/ld_library_path_lib.sh'
[7.213s] Level 1:colcon.colcon_core.environment:checking '/root/ros2_ws/install/mg400_common/bin'
[7.213s] Level 1:colcon.colcon_core.environment:checking '/root/ros2_ws/install/mg400_common/lib/pkgconfig/mg400_common.pc'
[7.213s] Level 1:colcon.colcon_core.environment:checking '/root/ros2_ws/install/mg400_common/lib/python3.10/site-packages'
[7.214s] Level 1:colcon.colcon_core.environment:checking '/root/ros2_ws/install/mg400_common/bin'
[7.214s] INFO:colcon.colcon_core.shell:Creating package script '/root/ros2_ws/install/mg400_common/share/mg400_common/package.ps1'
[7.215s] INFO:colcon.colcon_core.shell:Creating package descriptor '/root/ros2_ws/install/mg400_common/share/mg400_common/package.dsv'
[7.216s] INFO:colcon.colcon_core.shell:Creating package script '/root/ros2_ws/install/mg400_common/share/mg400_common/package.sh'
[7.217s] INFO:colcon.colcon_core.shell:Creating package script '/root/ros2_ws/install/mg400_common/share/mg400_common/package.bash'
[7.217s] INFO:colcon.colcon_core.shell:Creating package script '/root/ros2_ws/install/mg400_common/share/mg400_common/package.zsh'
[7.218s] Level 1:colcon.colcon_core.environment:create_file_with_runtime_dependencies(/root/ros2_ws/install/mg400_common/share/colcon-core/packages/mg400_common)
[16.992s] DEBUG:colcon.colcon_core.event_handler.log_command:Invoked command in '/root/ros2_ws/build/p9n_example' returned '0': AMENT_PREFIX_PATH=/root/ros2_ws/install/p9n_interface:${AMENT_PREFIX_PATH} CMAKE_PREFIX_PATH=/root/ros2_ws/install/p9n_interface:/opt/ros/humble LD_LIBRARY_PATH=/root/ros2_ws/install/p9n_interface/lib:${LD_LIBRARY_PATH} /usr/bin/cmake --build /root/ros2_ws/build/p9n_example -- -j16 -l16
[16.993s] DEBUG:colcon.colcon_core.event_handler.log_command:Invoking command in '/root/ros2_ws/build/p9n_example': AMENT_PREFIX_PATH=/root/ros2_ws/install/p9n_interface:${AMENT_PREFIX_PATH} CMAKE_PREFIX_PATH=/root/ros2_ws/install/p9n_interface:/opt/ros/humble LD_LIBRARY_PATH=/root/ros2_ws/install/p9n_interface/lib:${LD_LIBRARY_PATH} /usr/bin/cmake --install /root/ros2_ws/build/p9n_example
[17.066s] DEBUG:colcon.colcon_core.event_handler.log_command:Invoked command in '/root/ros2_ws/build/p9n_test' returned '0': AMENT_PREFIX_PATH=/root/ros2_ws/install/p9n_interface:${AMENT_PREFIX_PATH} CMAKE_PREFIX_PATH=/root/ros2_ws/install/p9n_interface:/opt/ros/humble LD_LIBRARY_PATH=/root/ros2_ws/install/p9n_interface/lib:${LD_LIBRARY_PATH} /usr/bin/cmake --build /root/ros2_ws/build/p9n_test -- -j16 -l16
[17.066s] DEBUG:colcon.colcon_core.event_handler.log_command:Invoking command in '/root/ros2_ws/build/p9n_test': AMENT_PREFIX_PATH=/root/ros2_ws/install/p9n_interface:${AMENT_PREFIX_PATH} CMAKE_PREFIX_PATH=/root/ros2_ws/install/p9n_interface:/opt/ros/humble LD_LIBRARY_PATH=/root/ros2_ws/install/p9n_interface/lib:${LD_LIBRARY_PATH} /usr/bin/cmake --install /root/ros2_ws/build/p9n_test
[17.605s] Level 1:colcon.colcon_core.environment:create_environment_scripts_only(p9n_test)
[17.605s] Level 1:colcon.colcon_core.environment:checking '/root/ros2_ws/install/p9n_test' for CMake module files
[17.607s] DEBUG:colcon.colcon_core.event_handler.log_command:Invoked command in '/root/ros2_ws/build/p9n_test' returned '0': AMENT_PREFIX_PATH=/root/ros2_ws/install/p9n_interface:${AMENT_PREFIX_PATH} CMAKE_PREFIX_PATH=/root/ros2_ws/install/p9n_interface:/opt/ros/humble LD_LIBRARY_PATH=/root/ros2_ws/install/p9n_interface/lib:${LD_LIBRARY_PATH} /usr/bin/cmake --install /root/ros2_ws/build/p9n_test
[17.607s] Level 1:colcon.colcon_core.environment:checking '/root/ros2_ws/install/p9n_test' for CMake config files
[17.608s] Level 1:colcon.colcon_core.shell:create_environment_hook('p9n_test', 'cmake_prefix_path')
[17.608s] INFO:colcon.colcon_core.shell:Creating environment hook '/root/ros2_ws/install/p9n_test/share/p9n_test/hook/cmake_prefix_path.ps1'
[17.609s] INFO:colcon.colcon_core.shell:Creating environment descriptor '/root/ros2_ws/install/p9n_test/share/p9n_test/hook/cmake_prefix_path.dsv'
[17.610s] INFO:colcon.colcon_core.shell:Creating environment hook '/root/ros2_ws/install/p9n_test/share/p9n_test/hook/cmake_prefix_path.sh'
[17.611s] Level 1:colcon.colcon_core.environment:checking '/root/ros2_ws/install/p9n_test/lib'
[17.611s] Level 1:colcon.colcon_core.shell:create_environment_hook('p9n_test', 'ld_library_path_lib')
[17.611s] INFO:colcon.colcon_core.shell:Creating environment hook '/root/ros2_ws/install/p9n_test/share/p9n_test/hook/ld_library_path_lib.ps1'
[17.612s] INFO:colcon.colcon_core.shell:Creating environment descriptor '/root/ros2_ws/install/p9n_test/share/p9n_test/hook/ld_library_path_lib.dsv'
[17.612s] INFO:colcon.colcon_core.shell:Creating environment hook '/root/ros2_ws/install/p9n_test/share/p9n_test/hook/ld_library_path_lib.sh'
[17.613s] Level 1:colcon.colcon_core.environment:checking '/root/ros2_ws/install/p9n_test/bin'
[17.613s] Level 1:colcon.colcon_core.environment:checking '/root/ros2_ws/install/p9n_test/lib/pkgconfig/p9n_test.pc'
[17.613s] Level 1:colcon.colcon_core.environment:checking '/root/ros2_ws/install/p9n_test/lib/python3.10/site-packages'
[17.614s] Level 1:colcon.colcon_core.environment:checking '/root/ros2_ws/install/p9n_test/bin'
[17.614s] INFO:colcon.colcon_core.shell:Creating package script '/root/ros2_ws/install/p9n_test/share/p9n_test/package.ps1'
[17.615s] INFO:colcon.colcon_core.shell:Creating package descriptor '/root/ros2_ws/install/p9n_test/share/p9n_test/package.dsv'
[17.616s] INFO:colcon.colcon_core.shell:Creating package script '/root/ros2_ws/install/p9n_test/share/p9n_test/package.sh'
[17.617s] INFO:colcon.colcon_core.shell:Creating package script '/root/ros2_ws/install/p9n_test/share/p9n_test/package.bash'
[17.617s] INFO:colcon.colcon_core.shell:Creating package script '/root/ros2_ws/install/p9n_test/share/p9n_test/package.zsh'
[17.618s] Level 1:colcon.colcon_core.environment:create_file_with_runtime_dependencies(/root/ros2_ws/install/p9n_test/share/colcon-core/packages/p9n_test)
[17.619s] Level 1:colcon.colcon_core.environment:create_environment_scripts_only(p9n_test)
[17.619s] Level 1:colcon.colcon_core.environment:checking '/root/ros2_ws/install/p9n_test' for CMake module files
[17.620s] Level 1:colcon.colcon_core.environment:checking '/root/ros2_ws/install/p9n_test' for CMake config files
[17.621s] Level 1:colcon.colcon_core.shell:create_environment_hook('p9n_test', 'cmake_prefix_path')
[17.621s] INFO:colcon.colcon_core.shell:Creating environment hook '/root/ros2_ws/install/p9n_test/share/p9n_test/hook/cmake_prefix_path.ps1'
[17.622s] INFO:colcon.colcon_core.shell:Creating environment descriptor '/root/ros2_ws/install/p9n_test/share/p9n_test/hook/cmake_prefix_path.dsv'
[17.623s] INFO:colcon.colcon_core.shell:Creating environment hook '/root/ros2_ws/install/p9n_test/share/p9n_test/hook/cmake_prefix_path.sh'
[17.624s] Level 1:colcon.colcon_core.environment:checking '/root/ros2_ws/install/p9n_test/lib'
[17.624s] Level 1:colcon.colcon_core.shell:create_environment_hook('p9n_test', 'ld_library_path_lib')
[17.624s] INFO:colcon.colcon_core.shell:Creating environment hook '/root/ros2_ws/install/p9n_test/share/p9n_test/hook/ld_library_path_lib.ps1'
[17.625s] INFO:colcon.colcon_core.shell:Creating environment descriptor '/root/ros2_ws/install/p9n_test/share/p9n_test/hook/ld_library_path_lib.dsv'
[17.625s] INFO:colcon.colcon_core.shell:Creating environment hook '/root/ros2_ws/install/p9n_test/share/p9n_test/hook/ld_library_path_lib.sh'
[17.626s] Level 1:colcon.colcon_core.environment:checking '/root/ros2_ws/install/p9n_test/bin'
[17.626s] Level 1:colcon.colcon_core.environment:checking '/root/ros2_ws/install/p9n_test/lib/pkgconfig/p9n_test.pc'
[17.626s] Level 1:colcon.colcon_core.environment:checking '/root/ros2_ws/install/p9n_test/lib/python3.10/site-packages'
[17.627s] Level 1:colcon.colcon_core.environment:checking '/root/ros2_ws/install/p9n_test/bin'
[17.627s] INFO:colcon.colcon_core.shell:Creating package script '/root/ros2_ws/install/p9n_test/share/p9n_test/package.ps1'
[17.628s] INFO:colcon.colcon_core.shell:Creating package descriptor '/root/ros2_ws/install/p9n_test/share/p9n_test/package.dsv'
[17.629s] INFO:colcon.colcon_core.shell:Creating package script '/root/ros2_ws/install/p9n_test/share/p9n_test/package.sh'
[17.630s] INFO:colcon.colcon_core.shell:Creating package script '/root/ros2_ws/install/p9n_test/share/p9n_test/package.bash'
[17.630s] INFO:colcon.colcon_core.shell:Creating package script '/root/ros2_ws/install/p9n_test/share/p9n_test/package.zsh'
[17.631s] Level 1:colcon.colcon_core.environment:create_file_with_runtime_dependencies(/root/ros2_ws/install/p9n_test/share/colcon-core/packages/p9n_test)
[17.643s] DEBUG:colcon.colcon_core.event_handler.log_command:Invoked command in '/root/ros2_ws/build/p9n_node' returned '0': AMENT_PREFIX_PATH=/root/ros2_ws/install/p9n_interface:${AMENT_PREFIX_PATH} CMAKE_PREFIX_PATH=/root/ros2_ws/install/p9n_interface:/opt/ros/humble LD_LIBRARY_PATH=/root/ros2_ws/install/p9n_interface/lib:${LD_LIBRARY_PATH} /usr/bin/cmake --build /root/ros2_ws/build/p9n_node -- -j16 -l16
[17.643s] DEBUG:colcon.colcon_core.event_handler.log_command:Invoking command in '/root/ros2_ws/build/p9n_node': AMENT_PREFIX_PATH=/root/ros2_ws/install/p9n_interface:${AMENT_PREFIX_PATH} CMAKE_PREFIX_PATH=/root/ros2_ws/install/p9n_interface:/opt/ros/humble LD_LIBRARY_PATH=/root/ros2_ws/install/p9n_interface/lib:${LD_LIBRARY_PATH} /usr/bin/cmake --install /root/ros2_ws/build/p9n_node
[17.712s] Level 1:colcon.colcon_core.environment:create_environment_scripts_only(p9n_example)
[17.713s] Level 1:colcon.colcon_core.environment:checking '/root/ros2_ws/install/p9n_example' for CMake module files
[17.714s] Level 1:colcon.colcon_core.environment:checking '/root/ros2_ws/install/p9n_example' for CMake config files
[17.712s] DEBUG:colcon.colcon_core.event_handler.log_command:Invoked command in '/root/ros2_ws/build/p9n_example' returned '0': AMENT_PREFIX_PATH=/root/ros2_ws/install/p9n_interface:${AMENT_PREFIX_PATH} CMAKE_PREFIX_PATH=/root/ros2_ws/install/p9n_interface:/opt/ros/humble LD_LIBRARY_PATH=/root/ros2_ws/install/p9n_interface/lib:${LD_LIBRARY_PATH} /usr/bin/cmake --install /root/ros2_ws/build/p9n_example
[17.718s] Level 1:colcon.colcon_core.shell:create_environment_hook('p9n_example', 'cmake_prefix_path')
[17.718s] INFO:colcon.colcon_core.shell:Creating environment hook '/root/ros2_ws/install/p9n_example/share/p9n_example/hook/cmake_prefix_path.ps1'
[17.719s] INFO:colcon.colcon_core.shell:Creating environment descriptor '/root/ros2_ws/install/p9n_example/share/p9n_example/hook/cmake_prefix_path.dsv'
[17.720s] INFO:colcon.colcon_core.shell:Creating environment hook '/root/ros2_ws/install/p9n_example/share/p9n_example/hook/cmake_prefix_path.sh'
[17.725s] Level 1:colcon.colcon_core.environment:checking '/root/ros2_ws/install/p9n_example/lib'
[17.725s] Level 1:colcon.colcon_core.shell:create_environment_hook('p9n_example', 'ld_library_path_lib')
[17.726s] INFO:colcon.colcon_core.shell:Creating environment hook '/root/ros2_ws/install/p9n_example/share/p9n_example/hook/ld_library_path_lib.ps1'
[17.727s] INFO:colcon.colcon_core.shell:Creating environment descriptor '/root/ros2_ws/install/p9n_example/share/p9n_example/hook/ld_library_path_lib.dsv'
[17.727s] INFO:colcon.colcon_core.shell:Creating environment hook '/root/ros2_ws/install/p9n_example/share/p9n_example/hook/ld_library_path_lib.sh'
[17.728s] Level 1:colcon.colcon_core.environment:checking '/root/ros2_ws/install/p9n_example/bin'
[17.728s] Level 1:colcon.colcon_core.environment:checking '/root/ros2_ws/install/p9n_example/lib/pkgconfig/p9n_example.pc'
[17.728s] Level 1:colcon.colcon_core.environment:checking '/root/ros2_ws/install/p9n_example/lib/python3.10/site-packages'
[17.729s] Level 1:colcon.colcon_core.environment:checking '/root/ros2_ws/install/p9n_example/bin'
[17.729s] INFO:colcon.colcon_core.shell:Creating package script '/root/ros2_ws/install/p9n_example/share/p9n_example/package.ps1'
[17.730s] INFO:colcon.colcon_core.shell:Creating package descriptor '/root/ros2_ws/install/p9n_example/share/p9n_example/package.dsv'
[17.731s] INFO:colcon.colcon_core.shell:Creating package script '/root/ros2_ws/install/p9n_example/share/p9n_example/package.sh'
[17.732s] INFO:colcon.colcon_core.shell:Creating package script '/root/ros2_ws/install/p9n_example/share/p9n_example/package.bash'
[17.732s] INFO:colcon.colcon_core.shell:Creating package script '/root/ros2_ws/install/p9n_example/share/p9n_example/package.zsh'
[17.733s] Level 1:colcon.colcon_core.environment:create_file_with_runtime_dependencies(/root/ros2_ws/install/p9n_example/share/colcon-core/packages/p9n_example)
[17.735s] Level 1:colcon.colcon_core.environment:create_environment_scripts_only(p9n_example)
[17.735s] Level 1:colcon.colcon_core.environment:checking '/root/ros2_ws/install/p9n_example' for CMake module files
[17.736s] Level 1:colcon.colcon_core.environment:checking '/root/ros2_ws/install/p9n_example' for CMake config files
[17.736s] Level 1:colcon.colcon_core.shell:create_environment_hook('p9n_example', 'cmake_prefix_path')
[17.737s] INFO:colcon.colcon_core.shell:Creating environment hook '/root/ros2_ws/install/p9n_example/share/p9n_example/hook/cmake_prefix_path.ps1'
[17.737s] INFO:colcon.colcon_core.shell:Creating environment descriptor '/root/ros2_ws/install/p9n_example/share/p9n_example/hook/cmake_prefix_path.dsv'
[17.738s] INFO:colcon.colcon_core.shell:Creating environment hook '/root/ros2_ws/install/p9n_example/share/p9n_example/hook/cmake_prefix_path.sh'
[17.739s] Level 1:colcon.colcon_core.environment:checking '/root/ros2_ws/install/p9n_example/lib'
[17.739s] Level 1:colcon.colcon_core.shell:create_environment_hook('p9n_example', 'ld_library_path_lib')
[17.739s] INFO:colcon.colcon_core.shell:Creating environment hook '/root/ros2_ws/install/p9n_example/share/p9n_example/hook/ld_library_path_lib.ps1'
[17.740s] INFO:colcon.colcon_core.shell:Creating environment descriptor '/root/ros2_ws/install/p9n_example/share/p9n_example/hook/ld_library_path_lib.dsv'
[17.740s] INFO:colcon.colcon_core.shell:Creating environment hook '/root/ros2_ws/install/p9n_example/share/p9n_example/hook/ld_library_path_lib.sh'
[17.741s] Level 1:colcon.colcon_core.environment:checking '/root/ros2_ws/install/p9n_example/bin'
[17.741s] Level 1:colcon.colcon_core.environment:checking '/root/ros2_ws/install/p9n_example/lib/pkgconfig/p9n_example.pc'
[17.741s] Level 1:colcon.colcon_core.environment:checking '/root/ros2_ws/install/p9n_example/lib/python3.10/site-packages'
[17.742s] Level 1:colcon.colcon_core.environment:checking '/root/ros2_ws/install/p9n_example/bin'
[17.742s] INFO:colcon.colcon_core.shell:Creating package script '/root/ros2_ws/install/p9n_example/share/p9n_example/package.ps1'
[17.743s] INFO:colcon.colcon_core.shell:Creating package descriptor '/root/ros2_ws/install/p9n_example/share/p9n_example/package.dsv'
[17.744s] INFO:colcon.colcon_core.shell:Creating package script '/root/ros2_ws/install/p9n_example/share/p9n_example/package.sh'
[17.745s] INFO:colcon.colcon_core.shell:Creating package script '/root/ros2_ws/install/p9n_example/share/p9n_example/package.bash'
[17.745s] INFO:colcon.colcon_core.shell:Creating package script '/root/ros2_ws/install/p9n_example/share/p9n_example/package.zsh'
[17.746s] Level 1:colcon.colcon_core.environment:create_file_with_runtime_dependencies(/root/ros2_ws/install/p9n_example/share/colcon-core/packages/p9n_example)
[18.213s] Level 1:colcon.colcon_core.environment:create_environment_scripts_only(p9n_node)
[18.213s] Level 1:colcon.colcon_core.environment:checking '/root/ros2_ws/install/p9n_node' for CMake module files
[18.214s] DEBUG:colcon.colcon_core.event_handler.log_command:Invoked command in '/root/ros2_ws/build/p9n_node' returned '0': AMENT_PREFIX_PATH=/root/ros2_ws/install/p9n_interface:${AMENT_PREFIX_PATH} CMAKE_PREFIX_PATH=/root/ros2_ws/install/p9n_interface:/opt/ros/humble LD_LIBRARY_PATH=/root/ros2_ws/install/p9n_interface/lib:${LD_LIBRARY_PATH} /usr/bin/cmake --install /root/ros2_ws/build/p9n_node
[18.216s] Level 1:colcon.colcon_core.environment:checking '/root/ros2_ws/install/p9n_node' for CMake config files
[18.216s] Level 1:colcon.colcon_core.shell:create_environment_hook('p9n_node', 'cmake_prefix_path')
[18.217s] INFO:colcon.colcon_core.shell:Creating environment hook '/root/ros2_ws/install/p9n_node/share/p9n_node/hook/cmake_prefix_path.ps1'
[18.220s] INFO:colcon.colcon_core.shell:Creating environment descriptor '/root/ros2_ws/install/p9n_node/share/p9n_node/hook/cmake_prefix_path.dsv'
[18.220s] INFO:colcon.colcon_core.shell:Creating environment hook '/root/ros2_ws/install/p9n_node/share/p9n_node/hook/cmake_prefix_path.sh'
[18.221s] Level 1:colcon.colcon_core.environment:checking '/root/ros2_ws/install/p9n_node/lib'
[18.221s] Level 1:colcon.colcon_core.shell:create_environment_hook('p9n_node', 'ld_library_path_lib')
[18.222s] INFO:colcon.colcon_core.shell:Creating environment hook '/root/ros2_ws/install/p9n_node/share/p9n_node/hook/ld_library_path_lib.ps1'
[18.225s] INFO:colcon.colcon_core.shell:Creating environment descriptor '/root/ros2_ws/install/p9n_node/share/p9n_node/hook/ld_library_path_lib.dsv'
[18.226s] INFO:colcon.colcon_core.shell:Creating environment hook '/root/ros2_ws/install/p9n_node/share/p9n_node/hook/ld_library_path_lib.sh'
[18.226s] Level 1:colcon.colcon_core.environment:checking '/root/ros2_ws/install/p9n_node/bin'
[18.227s] Level 1:colcon.colcon_core.environment:checking '/root/ros2_ws/install/p9n_node/lib/pkgconfig/p9n_node.pc'
[18.227s] Level 1:colcon.colcon_core.environment:checking '/root/ros2_ws/install/p9n_node/lib/python3.10/site-packages'
[18.227s] Level 1:colcon.colcon_core.environment:checking '/root/ros2_ws/install/p9n_node/bin'
[18.228s] INFO:colcon.colcon_core.shell:Creating package script '/root/ros2_ws/install/p9n_node/share/p9n_node/package.ps1'
[18.233s] INFO:colcon.colcon_core.shell:Creating package descriptor '/root/ros2_ws/install/p9n_node/share/p9n_node/package.dsv'
[18.234s] INFO:colcon.colcon_core.shell:Creating package script '/root/ros2_ws/install/p9n_node/share/p9n_node/package.sh'
[18.235s] INFO:colcon.colcon_core.shell:Creating package script '/root/ros2_ws/install/p9n_node/share/p9n_node/package.bash'
[18.236s] INFO:colcon.colcon_core.shell:Creating package script '/root/ros2_ws/install/p9n_node/share/p9n_node/package.zsh'
[18.236s] Level 1:colcon.colcon_core.environment:create_file_with_runtime_dependencies(/root/ros2_ws/install/p9n_node/share/colcon-core/packages/p9n_node)
[18.238s] Level 1:colcon.colcon_core.environment:create_environment_scripts_only(p9n_node)
[18.238s] Level 1:colcon.colcon_core.environment:checking '/root/ros2_ws/install/p9n_node' for CMake module files
[18.239s] Level 1:colcon.colcon_core.environment:checking '/root/ros2_ws/install/p9n_node' for CMake config files
[18.239s] Level 1:colcon.colcon_core.shell:create_environment_hook('p9n_node', 'cmake_prefix_path')
[18.240s] INFO:colcon.colcon_core.shell:Creating environment hook '/root/ros2_ws/install/p9n_node/share/p9n_node/hook/cmake_prefix_path.ps1'
[18.241s] INFO:colcon.colcon_core.shell:Creating environment descriptor '/root/ros2_ws/install/p9n_node/share/p9n_node/hook/cmake_prefix_path.dsv'
[18.241s] INFO:colcon.colcon_core.shell:Creating environment hook '/root/ros2_ws/install/p9n_node/share/p9n_node/hook/cmake_prefix_path.sh'
[18.242s] Level 1:colcon.colcon_core.environment:checking '/root/ros2_ws/install/p9n_node/lib'
[18.242s] Level 1:colcon.colcon_core.shell:create_environment_hook('p9n_node', 'ld_library_path_lib')
[18.242s] INFO:colcon.colcon_core.shell:Creating environment hook '/root/ros2_ws/install/p9n_node/share/p9n_node/hook/ld_library_path_lib.ps1'
[18.243s] INFO:colcon.colcon_core.shell:Creating environment descriptor '/root/ros2_ws/install/p9n_node/share/p9n_node/hook/ld_library_path_lib.dsv'
[18.243s] INFO:colcon.colcon_core.shell:Creating environment hook '/root/ros2_ws/install/p9n_node/share/p9n_node/hook/ld_library_path_lib.sh'
[18.244s] Level 1:colcon.colcon_core.environment:checking '/root/ros2_ws/install/p9n_node/bin'
[18.244s] Level 1:colcon.colcon_core.environment:checking '/root/ros2_ws/install/p9n_node/lib/pkgconfig/p9n_node.pc'
[18.244s] Level 1:colcon.colcon_core.environment:checking '/root/ros2_ws/install/p9n_node/lib/python3.10/site-packages'
[18.245s] Level 1:colcon.colcon_core.environment:checking '/root/ros2_ws/install/p9n_node/bin'
[18.245s] INFO:colcon.colcon_core.shell:Creating package script '/root/ros2_ws/install/p9n_node/share/p9n_node/package.ps1'
[18.246s] INFO:colcon.colcon_core.shell:Creating package descriptor '/root/ros2_ws/install/p9n_node/share/p9n_node/package.dsv'
[18.247s] INFO:colcon.colcon_core.shell:Creating package script '/root/ros2_ws/install/p9n_node/share/p9n_node/package.sh'
[18.248s] INFO:colcon.colcon_core.shell:Creating package script '/root/ros2_ws/install/p9n_node/share/p9n_node/package.bash'
[18.249s] INFO:colcon.colcon_core.shell:Creating package script '/root/ros2_ws/install/p9n_node/share/p9n_node/package.zsh'
[18.250s] Level 1:colcon.colcon_core.environment:create_file_with_runtime_dependencies(/root/ros2_ws/install/p9n_node/share/colcon-core/packages/p9n_node)
[18.252s] INFO:colcon.colcon_ros.task.ament_python.build:Building ROS package in '/root/ros2_ws/src/PlayStation-JoyInterface-ROS2/p9n_bringup' with build type 'ament_python'
[18.252s] Level 1:colcon.colcon_core.shell:create_environment_hook('p9n_bringup', 'ament_prefix_path')
[18.253s] INFO:colcon.colcon_core.shell:Creating environment hook '/root/ros2_ws/install/p9n_bringup/share/p9n_bringup/hook/ament_prefix_path.ps1'
[18.253s] INFO:colcon.colcon_core.shell:Creating environment descriptor '/root/ros2_ws/install/p9n_bringup/share/p9n_bringup/hook/ament_prefix_path.dsv'
[18.254s] INFO:colcon.colcon_core.shell:Creating environment hook '/root/ros2_ws/install/p9n_bringup/share/p9n_bringup/hook/ament_prefix_path.sh'
[18.255s] INFO:colcon.colcon_core.shell:Skip shell extension 'powershell' for command environment: Not usable outside of PowerShell
[18.255s] DEBUG:colcon.colcon_core.shell:Skip shell extension 'dsv' for command environment
[18.770s] INFO:colcon.colcon_core.task.python.build:Building Python package in '/root/ros2_ws/src/PlayStation-JoyInterface-ROS2/p9n_bringup'
[18.770s] INFO:colcon.colcon_core.shell:Skip shell extension 'powershell' for command environment: Not usable outside of PowerShell
[18.770s] DEBUG:colcon.colcon_core.shell:Skip shell extension 'dsv' for command environment
[19.454s] DEBUG:colcon.colcon_core.task.python.build:Available setuptools commands: install_headers, install_egg_info, bdist, develop, install_lib, egg_info, register, build_ext, setopt, symlink_data, easy_install, rotate, bdist_dumb, saveopts, build, install, check, build_clib, test, bdist_egg, alias, build_scripts, dist_info, upload, bdist_rpm, build_py, sdist, upload_docs, clean, install_data, install_scripts
[19.778s] DEBUG:colcon.colcon_core.task.python.build:Available setuptools 'develop' options: --version, --local-snapshots-ok, --editable, --quiet, --dry-run, --no-user-cfg, --record, --egg-path, --multi-version, --upgrade, --site-dirs, --install-layout, --verbose, --allow-hosts, --uninstall, --force-installation-into-system-dir, --optimize, --prefix, --build-directory, --always-unzip, --no-deps, --script-dir, --install-dir, --no-find-links, --index-url, --always-copy, --zip-ok, --exclude-scripts, --find-links, --help, --user
[19.780s] DEBUG:colcon.colcon_core.event_handler.log_command:Invoking command in '/root/ros2_ws/build/p9n_bringup': AMENT_PREFIX_PATH=/root/ros2_ws/install/p9n_node:/root/ros2_ws/install/p9n_interface:${AMENT_PREFIX_PATH} CMAKE_PREFIX_PATH=/root/ros2_ws/install/p9n_node:/root/ros2_ws/install/p9n_interface LD_LIBRARY_PATH=/root/ros2_ws/install/p9n_node/lib:/root/ros2_ws/install/p9n_interface/lib:${LD_LIBRARY_PATH} PYTHONPATH=/root/ros2_ws/build/p9n_bringup/prefix_override:/usr/lib/python3/dist-packages/colcon_core/task/python/colcon_distutils_commands:/root/ros2_ws/install/p9n_bringup/lib/python3.10/site-packages:${PYTHONPATH} /usr/bin/python3 -W ignore:setup.py install is deprecated -W ignore:easy_install command is deprecated setup.py develop --editable --build-directory /root/ros2_ws/build/p9n_bringup/build --no-deps symlink_data
[20.141s] Level 1:colcon.colcon_core.shell:create_environment_hook('p9n_bringup', 'pythonpath_develop')
[20.141s] INFO:colcon.colcon_core.shell:Creating environment hook '/root/ros2_ws/build/p9n_bringup/share/p9n_bringup/hook/pythonpath_develop.ps1'
[20.142s] DEBUG:colcon.colcon_core.event_handler.log_command:Invoked command in '/root/ros2_ws/build/p9n_bringup' returned '0': AMENT_PREFIX_PATH=/root/ros2_ws/install/p9n_node:/root/ros2_ws/install/p9n_interface:${AMENT_PREFIX_PATH} CMAKE_PREFIX_PATH=/root/ros2_ws/install/p9n_node:/root/ros2_ws/install/p9n_interface LD_LIBRARY_PATH=/root/ros2_ws/install/p9n_node/lib:/root/ros2_ws/install/p9n_interface/lib:${LD_LIBRARY_PATH} PYTHONPATH=/root/ros2_ws/build/p9n_bringup/prefix_override:/usr/lib/python3/dist-packages/colcon_core/task/python/colcon_distutils_commands:/root/ros2_ws/install/p9n_bringup/lib/python3.10/site-packages:${PYTHONPATH} /usr/bin/python3 -W ignore:setup.py install is deprecated -W ignore:easy_install command is deprecated setup.py develop --editable --build-directory /root/ros2_ws/build/p9n_bringup/build --no-deps symlink_data
[20.142s] INFO:colcon.colcon_core.shell:Creating environment descriptor '/root/ros2_ws/build/p9n_bringup/share/p9n_bringup/hook/pythonpath_develop.dsv'
[20.142s] INFO:colcon.colcon_core.shell:Creating environment hook '/root/ros2_ws/build/p9n_bringup/share/p9n_bringup/hook/pythonpath_develop.sh'
[20.143s] Level 1:colcon.colcon_core.environment:checking '/root/ros2_ws/install/p9n_bringup' for CMake module files
[20.143s] Level 1:colcon.colcon_core.environment:checking '/root/ros2_ws/install/p9n_bringup' for CMake config files
[20.144s] Level 1:colcon.colcon_core.environment:checking '/root/ros2_ws/install/p9n_bringup/lib'
[20.144s] Level 1:colcon.colcon_core.environment:checking '/root/ros2_ws/install/p9n_bringup/bin'
[20.144s] Level 1:colcon.colcon_core.environment:checking '/root/ros2_ws/install/p9n_bringup/lib/pkgconfig/p9n_bringup.pc'
[20.144s] Level 1:colcon.colcon_core.environment:checking '/root/ros2_ws/install/p9n_bringup/lib/python3.10/site-packages'
[20.144s] Level 1:colcon.colcon_core.shell:create_environment_hook('p9n_bringup', 'pythonpath')
[20.144s] INFO:colcon.colcon_core.shell:Creating environment hook '/root/ros2_ws/install/p9n_bringup/share/p9n_bringup/hook/pythonpath.ps1'
[20.145s] INFO:colcon.colcon_core.shell:Creating environment descriptor '/root/ros2_ws/install/p9n_bringup/share/p9n_bringup/hook/pythonpath.dsv'
[20.145s] INFO:colcon.colcon_core.shell:Creating environment hook '/root/ros2_ws/install/p9n_bringup/share/p9n_bringup/hook/pythonpath.sh'
[20.145s] Level 1:colcon.colcon_core.environment:checking '/root/ros2_ws/install/p9n_bringup/bin'
[20.145s] Level 1:colcon.colcon_core.environment:create_environment_scripts_only(p9n_bringup)
[20.146s] INFO:colcon.colcon_core.shell:Creating package script '/root/ros2_ws/install/p9n_bringup/share/p9n_bringup/package.ps1'
[20.146s] INFO:colcon.colcon_core.shell:Creating package descriptor '/root/ros2_ws/install/p9n_bringup/share/p9n_bringup/package.dsv'
[20.147s] INFO:colcon.colcon_core.shell:Creating package script '/root/ros2_ws/install/p9n_bringup/share/p9n_bringup/package.sh'
[20.147s] INFO:colcon.colcon_core.shell:Creating package script '/root/ros2_ws/install/p9n_bringup/share/p9n_bringup/package.bash'
[20.147s] INFO:colcon.colcon_core.shell:Creating package script '/root/ros2_ws/install/p9n_bringup/share/p9n_bringup/package.zsh'
[20.147s] Level 1:colcon.colcon_core.environment:create_file_with_runtime_dependencies(/root/ros2_ws/install/p9n_bringup/share/colcon-core/packages/p9n_bringup)
[20.148s] INFO:colcon.colcon_ros.task.ament_cmake.build:Building ROS package in '/root/ros2_ws/src/PlayStation-JoyInterface-ROS2/p9n' with build type 'ament_cmake'
[20.148s] INFO:colcon.colcon_cmake.task.cmake.build:Building CMake package in '/root/ros2_ws/src/PlayStation-JoyInterface-ROS2/p9n'
[20.149s] INFO:colcon.colcon_core.shell:Skip shell extension 'powershell' for command environment: Not usable outside of PowerShell
[20.149s] DEBUG:colcon.colcon_core.shell:Skip shell extension 'dsv' for command environment
[20.167s] DEBUG:colcon.colcon_core.event_handler.log_command:Invoking command in '/root/ros2_ws/build/p9n': AMENT_PREFIX_PATH=/root/ros2_ws/install/p9n_bringup:/root/ros2_ws/install/p9n_test:/root/ros2_ws/install/p9n_node:/root/ros2_ws/install/p9n_example:/root/ros2_ws/install/p9n_interface:${AMENT_PREFIX_PATH} CMAKE_PREFIX_PATH=/root/ros2_ws/install/p9n_test:/root/ros2_ws/install/p9n_node:/root/ros2_ws/install/p9n_example:/root/ros2_ws/install/p9n_interface:/opt/ros/humble LD_LIBRARY_PATH=/root/ros2_ws/install/p9n_test/lib:/root/ros2_ws/install/p9n_node/lib:/root/ros2_ws/install/p9n_example/lib:/root/ros2_ws/install/p9n_interface/lib:${LD_LIBRARY_PATH} PYTHONPATH=/root/ros2_ws/build/p9n_bringup:/root/ros2_ws/install/p9n_bringup/lib/python3.10/site-packages:${PYTHONPATH} /usr/bin/cmake /root/ros2_ws/src/PlayStation-JoyInterface-ROS2/p9n -DAMENT_CMAKE_SYMLINK_INSTALL=1 -DCMAKE_INSTALL_PREFIX=/root/ros2_ws/install/p9n
[20.749s] DEBUG:colcon.colcon_core.event_handler.log_command:Invoked command in '/root/ros2_ws/build/p9n' returned '0': AMENT_PREFIX_PATH=/root/ros2_ws/install/p9n_bringup:/root/ros2_ws/install/p9n_test:/root/ros2_ws/install/p9n_node:/root/ros2_ws/install/p9n_example:/root/ros2_ws/install/p9n_interface:${AMENT_PREFIX_PATH} CMAKE_PREFIX_PATH=/root/ros2_ws/install/p9n_test:/root/ros2_ws/install/p9n_node:/root/ros2_ws/install/p9n_example:/root/ros2_ws/install/p9n_interface:/opt/ros/humble LD_LIBRARY_PATH=/root/ros2_ws/install/p9n_test/lib:/root/ros2_ws/install/p9n_node/lib:/root/ros2_ws/install/p9n_example/lib:/root/ros2_ws/install/p9n_interface/lib:${LD_LIBRARY_PATH} PYTHONPATH=/root/ros2_ws/build/p9n_bringup:/root/ros2_ws/install/p9n_bringup/lib/python3.10/site-packages:${PYTHONPATH} /usr/bin/cmake /root/ros2_ws/src/PlayStation-JoyInterface-ROS2/p9n -DAMENT_CMAKE_SYMLINK_INSTALL=1 -DCMAKE_INSTALL_PREFIX=/root/ros2_ws/install/p9n
[20.750s] DEBUG:colcon.colcon_core.event_handler.log_command:Invoking command in '/root/ros2_ws/build/p9n': AMENT_PREFIX_PATH=/root/ros2_ws/install/p9n_bringup:/root/ros2_ws/install/p9n_test:/root/ros2_ws/install/p9n_node:/root/ros2_ws/install/p9n_example:/root/ros2_ws/install/p9n_interface:${AMENT_PREFIX_PATH} CMAKE_PREFIX_PATH=/root/ros2_ws/install/p9n_test:/root/ros2_ws/install/p9n_node:/root/ros2_ws/install/p9n_example:/root/ros2_ws/install/p9n_interface:/opt/ros/humble LD_LIBRARY_PATH=/root/ros2_ws/install/p9n_test/lib:/root/ros2_ws/install/p9n_node/lib:/root/ros2_ws/install/p9n_example/lib:/root/ros2_ws/install/p9n_interface/lib:${LD_LIBRARY_PATH} PYTHONPATH=/root/ros2_ws/build/p9n_bringup:/root/ros2_ws/install/p9n_bringup/lib/python3.10/site-packages:${PYTHONPATH} /usr/bin/cmake --build /root/ros2_ws/build/p9n -- -j16 -l16
[20.789s] DEBUG:colcon.colcon_core.event_handler.log_command:Invoked command in '/root/ros2_ws/build/p9n' returned '0': AMENT_PREFIX_PATH=/root/ros2_ws/install/p9n_bringup:/root/ros2_ws/install/p9n_test:/root/ros2_ws/install/p9n_node:/root/ros2_ws/install/p9n_example:/root/ros2_ws/install/p9n_interface:${AMENT_PREFIX_PATH} CMAKE_PREFIX_PATH=/root/ros2_ws/install/p9n_test:/root/ros2_ws/install/p9n_node:/root/ros2_ws/install/p9n_example:/root/ros2_ws/install/p9n_interface:/opt/ros/humble LD_LIBRARY_PATH=/root/ros2_ws/install/p9n_test/lib:/root/ros2_ws/install/p9n_node/lib:/root/ros2_ws/install/p9n_example/lib:/root/ros2_ws/install/p9n_interface/lib:${LD_LIBRARY_PATH} PYTHONPATH=/root/ros2_ws/build/p9n_bringup:/root/ros2_ws/install/p9n_bringup/lib/python3.10/site-packages:${PYTHONPATH} /usr/bin/cmake --build /root/ros2_ws/build/p9n -- -j16 -l16
[20.791s] DEBUG:colcon.colcon_core.event_handler.log_command:Invoking command in '/root/ros2_ws/build/p9n': AMENT_PREFIX_PATH=/root/ros2_ws/install/p9n_bringup:/root/ros2_ws/install/p9n_test:/root/ros2_ws/install/p9n_node:/root/ros2_ws/install/p9n_example:/root/ros2_ws/install/p9n_interface:${AMENT_PREFIX_PATH} CMAKE_PREFIX_PATH=/root/ros2_ws/install/p9n_test:/root/ros2_ws/install/p9n_node:/root/ros2_ws/install/p9n_example:/root/ros2_ws/install/p9n_interface:/opt/ros/humble LD_LIBRARY_PATH=/root/ros2_ws/install/p9n_test/lib:/root/ros2_ws/install/p9n_node/lib:/root/ros2_ws/install/p9n_example/lib:/root/ros2_ws/install/p9n_interface/lib:${LD_LIBRARY_PATH} PYTHONPATH=/root/ros2_ws/build/p9n_bringup:/root/ros2_ws/install/p9n_bringup/lib/python3.10/site-packages:${PYTHONPATH} /usr/bin/cmake --install /root/ros2_ws/build/p9n
[20.926s] Level 1:colcon.colcon_core.environment:create_environment_scripts_only(p9n)
[20.926s] Level 1:colcon.colcon_core.environment:checking '/root/ros2_ws/install/p9n' for CMake module files
[20.927s] DEBUG:colcon.colcon_core.event_handler.log_command:Invoked command in '/root/ros2_ws/build/p9n' returned '0': AMENT_PREFIX_PATH=/root/ros2_ws/install/p9n_bringup:/root/ros2_ws/install/p9n_test:/root/ros2_ws/install/p9n_node:/root/ros2_ws/install/p9n_example:/root/ros2_ws/install/p9n_interface:${AMENT_PREFIX_PATH} CMAKE_PREFIX_PATH=/root/ros2_ws/install/p9n_test:/root/ros2_ws/install/p9n_node:/root/ros2_ws/install/p9n_example:/root/ros2_ws/install/p9n_interface:/opt/ros/humble LD_LIBRARY_PATH=/root/ros2_ws/install/p9n_test/lib:/root/ros2_ws/install/p9n_node/lib:/root/ros2_ws/install/p9n_example/lib:/root/ros2_ws/install/p9n_interface/lib:${LD_LIBRARY_PATH} PYTHONPATH=/root/ros2_ws/build/p9n_bringup:/root/ros2_ws/install/p9n_bringup/lib/python3.10/site-packages:${PYTHONPATH} /usr/bin/cmake --install /root/ros2_ws/build/p9n
[20.927s] Level 1:colcon.colcon_core.environment:checking '/root/ros2_ws/install/p9n' for CMake config files
[20.927s] Level 1:colcon.colcon_core.shell:create_environment_hook('p9n', 'cmake_prefix_path')
[20.927s] INFO:colcon.colcon_core.shell:Creating environment hook '/root/ros2_ws/install/p9n/share/p9n/hook/cmake_prefix_path.ps1'
[20.928s] INFO:colcon.colcon_core.shell:Creating environment descriptor '/root/ros2_ws/install/p9n/share/p9n/hook/cmake_prefix_path.dsv'
[20.928s] INFO:colcon.colcon_core.shell:Creating environment hook '/root/ros2_ws/install/p9n/share/p9n/hook/cmake_prefix_path.sh'
[20.928s] Level 1:colcon.colcon_core.environment:checking '/root/ros2_ws/install/p9n/bin'
[20.928s] Level 1:colcon.colcon_core.environment:checking '/root/ros2_ws/install/p9n/lib/pkgconfig/p9n.pc'
[20.929s] Level 1:colcon.colcon_core.environment:checking '/root/ros2_ws/install/p9n/lib/python3.10/site-packages'
[20.929s] Level 1:colcon.colcon_core.environment:checking '/root/ros2_ws/install/p9n/bin'
[20.929s] INFO:colcon.colcon_core.shell:Creating package script '/root/ros2_ws/install/p9n/share/p9n/package.ps1'
[20.929s] INFO:colcon.colcon_core.shell:Creating package descriptor '/root/ros2_ws/install/p9n/share/p9n/package.dsv'
[20.930s] INFO:colcon.colcon_core.shell:Creating package script '/root/ros2_ws/install/p9n/share/p9n/package.sh'
[20.930s] INFO:colcon.colcon_core.shell:Creating package script '/root/ros2_ws/install/p9n/share/p9n/package.bash'
[20.930s] INFO:colcon.colcon_core.shell:Creating package script '/root/ros2_ws/install/p9n/share/p9n/package.zsh'
[20.931s] Level 1:colcon.colcon_core.environment:create_file_with_runtime_dependencies(/root/ros2_ws/install/p9n/share/colcon-core/packages/p9n)
[20.931s] Level 1:colcon.colcon_core.environment:create_environment_scripts_only(p9n)
[20.931s] Level 1:colcon.colcon_core.environment:checking '/root/ros2_ws/install/p9n' for CMake module files
[20.931s] Level 1:colcon.colcon_core.environment:checking '/root/ros2_ws/install/p9n' for CMake config files
[20.932s] Level 1:colcon.colcon_core.shell:create_environment_hook('p9n', 'cmake_prefix_path')
[20.932s] INFO:colcon.colcon_core.shell:Creating environment hook '/root/ros2_ws/install/p9n/share/p9n/hook/cmake_prefix_path.ps1'
[20.932s] INFO:colcon.colcon_core.shell:Creating environment descriptor '/root/ros2_ws/install/p9n/share/p9n/hook/cmake_prefix_path.dsv'
[20.933s] INFO:colcon.colcon_core.shell:Creating environment hook '/root/ros2_ws/install/p9n/share/p9n/hook/cmake_prefix_path.sh'
[20.933s] Level 1:colcon.colcon_core.environment:checking '/root/ros2_ws/install/p9n/bin'
[20.933s] Level 1:colcon.colcon_core.environment:checking '/root/ros2_ws/install/p9n/lib/pkgconfig/p9n.pc'
[20.933s] Level 1:colcon.colcon_core.environment:checking '/root/ros2_ws/install/p9n/lib/python3.10/site-packages'
[20.933s] Level 1:colcon.colcon_core.environment:checking '/root/ros2_ws/install/p9n/bin'
[20.934s] INFO:colcon.colcon_core.shell:Creating package script '/root/ros2_ws/install/p9n/share/p9n/package.ps1'
[20.934s] INFO:colcon.colcon_core.shell:Creating package descriptor '/root/ros2_ws/install/p9n/share/p9n/package.dsv'
[20.934s] INFO:colcon.colcon_core.shell:Creating package script '/root/ros2_ws/install/p9n/share/p9n/package.sh'
[20.935s] INFO:colcon.colcon_core.shell:Creating package script '/root/ros2_ws/install/p9n/share/p9n/package.bash'
[20.935s] INFO:colcon.colcon_core.shell:Creating package script '/root/ros2_ws/install/p9n/share/p9n/package.zsh'
[20.935s] Level 1:colcon.colcon_core.environment:create_file_with_runtime_dependencies(/root/ros2_ws/install/p9n/share/colcon-core/packages/p9n)
[28.241s] DEBUG:colcon.colcon_core.event_handler.log_command:Invoked command in '/root/ros2_ws/build/mg400_msgs' returned '0': CMAKE_PREFIX_PATH=/opt/ros/humble /usr/bin/cmake --build /root/ros2_ws/build/mg400_msgs -- -j16 -l16
[28.242s] DEBUG:colcon.colcon_core.event_handler.log_command:Invoking command in '/root/ros2_ws/build/mg400_msgs': CMAKE_PREFIX_PATH=/opt/ros/humble /usr/bin/cmake --install /root/ros2_ws/build/mg400_msgs
[36.411s] Level 1:colcon.colcon_core.environment:create_environment_scripts_only(mg400_msgs)
[36.412s] Level 1:colcon.colcon_core.environment:checking '/root/ros2_ws/install/mg400_msgs' for CMake module files
[36.412s] DEBUG:colcon.colcon_core.event_handler.log_command:Invoked command in '/root/ros2_ws/build/mg400_msgs' returned '0': CMAKE_PREFIX_PATH=/opt/ros/humble /usr/bin/cmake --install /root/ros2_ws/build/mg400_msgs
[36.413s] Level 1:colcon.colcon_core.environment:checking '/root/ros2_ws/install/mg400_msgs' for CMake config files
[36.415s] Level 1:colcon.colcon_core.shell:create_environment_hook('mg400_msgs', 'cmake_prefix_path')
[36.416s] INFO:colcon.colcon_core.shell:Creating environment hook '/root/ros2_ws/install/mg400_msgs/share/mg400_msgs/hook/cmake_prefix_path.ps1'
[36.417s] INFO:colcon.colcon_core.shell:Creating environment descriptor '/root/ros2_ws/install/mg400_msgs/share/mg400_msgs/hook/cmake_prefix_path.dsv'
[36.417s] INFO:colcon.colcon_core.shell:Creating environment hook '/root/ros2_ws/install/mg400_msgs/share/mg400_msgs/hook/cmake_prefix_path.sh'
[36.418s] Level 1:colcon.colcon_core.environment:checking '/root/ros2_ws/install/mg400_msgs/lib'
[36.418s] Level 1:colcon.colcon_core.shell:create_environment_hook('mg400_msgs', 'ld_library_path_lib')
[36.419s] INFO:colcon.colcon_core.shell:Creating environment hook '/root/ros2_ws/install/mg400_msgs/share/mg400_msgs/hook/ld_library_path_lib.ps1'
[36.419s] INFO:colcon.colcon_core.shell:Creating environment descriptor '/root/ros2_ws/install/mg400_msgs/share/mg400_msgs/hook/ld_library_path_lib.dsv'
[36.420s] INFO:colcon.colcon_core.shell:Creating environment hook '/root/ros2_ws/install/mg400_msgs/share/mg400_msgs/hook/ld_library_path_lib.sh'
[36.420s] Level 1:colcon.colcon_core.environment:checking '/root/ros2_ws/install/mg400_msgs/bin'
[36.420s] Level 1:colcon.colcon_core.environment:checking '/root/ros2_ws/install/mg400_msgs/lib/pkgconfig/mg400_msgs.pc'
[36.421s] Level 1:colcon.colcon_core.environment:checking '/root/ros2_ws/install/mg400_msgs/lib/python3.10/site-packages'
[36.421s] Level 1:colcon.colcon_core.environment:checking '/root/ros2_ws/install/mg400_msgs/bin'
[36.422s] INFO:colcon.colcon_core.shell:Creating package script '/root/ros2_ws/install/mg400_msgs/share/mg400_msgs/package.ps1'
[36.423s] INFO:colcon.colcon_core.shell:Creating package descriptor '/root/ros2_ws/install/mg400_msgs/share/mg400_msgs/package.dsv'
[36.423s] INFO:colcon.colcon_core.shell:Creating package script '/root/ros2_ws/install/mg400_msgs/share/mg400_msgs/package.sh'
[36.424s] INFO:colcon.colcon_core.shell:Creating package script '/root/ros2_ws/install/mg400_msgs/share/mg400_msgs/package.bash'
[36.424s] INFO:colcon.colcon_core.shell:Creating package script '/root/ros2_ws/install/mg400_msgs/share/mg400_msgs/package.zsh'
[36.424s] Level 1:colcon.colcon_core.environment:create_file_with_runtime_dependencies(/root/ros2_ws/install/mg400_msgs/share/colcon-core/packages/mg400_msgs)
[36.425s] Level 1:colcon.colcon_core.environment:create_environment_scripts_only(mg400_msgs)
[36.426s] Level 1:colcon.colcon_core.environment:checking '/root/ros2_ws/install/mg400_msgs' for CMake module files
[36.426s] Level 1:colcon.colcon_core.environment:checking '/root/ros2_ws/install/mg400_msgs' for CMake config files
[36.428s] Level 1:colcon.colcon_core.shell:create_environment_hook('mg400_msgs', 'cmake_prefix_path')
[36.428s] INFO:colcon.colcon_core.shell:Creating environment hook '/root/ros2_ws/install/mg400_msgs/share/mg400_msgs/hook/cmake_prefix_path.ps1'
[36.429s] INFO:colcon.colcon_core.shell:Creating environment descriptor '/root/ros2_ws/install/mg400_msgs/share/mg400_msgs/hook/cmake_prefix_path.dsv'
[36.429s] INFO:colcon.colcon_core.shell:Creating environment hook '/root/ros2_ws/install/mg400_msgs/share/mg400_msgs/hook/cmake_prefix_path.sh'
[36.430s] Level 1:colcon.colcon_core.environment:checking '/root/ros2_ws/install/mg400_msgs/lib'
[36.430s] Level 1:colcon.colcon_core.shell:create_environment_hook('mg400_msgs', 'ld_library_path_lib')
[36.431s] INFO:colcon.colcon_core.shell:Creating environment hook '/root/ros2_ws/install/mg400_msgs/share/mg400_msgs/hook/ld_library_path_lib.ps1'
[36.431s] INFO:colcon.colcon_core.shell:Creating environment descriptor '/root/ros2_ws/install/mg400_msgs/share/mg400_msgs/hook/ld_library_path_lib.dsv'
[36.431s] INFO:colcon.colcon_core.shell:Creating environment hook '/root/ros2_ws/install/mg400_msgs/share/mg400_msgs/hook/ld_library_path_lib.sh'
[36.432s] Level 1:colcon.colcon_core.environment:checking '/root/ros2_ws/install/mg400_msgs/bin'
[36.432s] Level 1:colcon.colcon_core.environment:checking '/root/ros2_ws/install/mg400_msgs/lib/pkgconfig/mg400_msgs.pc'
[36.432s] Level 1:colcon.colcon_core.environment:checking '/root/ros2_ws/install/mg400_msgs/lib/python3.10/site-packages'
[36.432s] Level 1:colcon.colcon_core.environment:checking '/root/ros2_ws/install/mg400_msgs/bin'
[36.433s] INFO:colcon.colcon_core.shell:Creating package script '/root/ros2_ws/install/mg400_msgs/share/mg400_msgs/package.ps1'
[36.434s] INFO:colcon.colcon_core.shell:Creating package descriptor '/root/ros2_ws/install/mg400_msgs/share/mg400_msgs/package.dsv'
[36.434s] INFO:colcon.colcon_core.shell:Creating package script '/root/ros2_ws/install/mg400_msgs/share/mg400_msgs/package.sh'
[36.435s] INFO:colcon.colcon_core.shell:Creating package script '/root/ros2_ws/install/mg400_msgs/share/mg400_msgs/package.bash'
[36.435s] INFO:colcon.colcon_core.shell:Creating package script '/root/ros2_ws/install/mg400_msgs/share/mg400_msgs/package.zsh'
[36.436s] Level 1:colcon.colcon_core.environment:create_file_with_runtime_dependencies(/root/ros2_ws/install/mg400_msgs/share/colcon-core/packages/mg400_msgs)
[36.436s] INFO:colcon.colcon_ros.task.ament_cmake.build:Building ROS package in '/root/ros2_ws/src/MG400_ROS2/mg400_interface' with build type 'ament_cmake'
[36.436s] INFO:colcon.colcon_cmake.task.cmake.build:Building CMake package in '/root/ros2_ws/src/MG400_ROS2/mg400_interface'
[36.437s] INFO:colcon.colcon_core.shell:Skip shell extension 'powershell' for command environment: Not usable outside of PowerShell
[36.437s] DEBUG:colcon.colcon_core.shell:Skip shell extension 'dsv' for command environment
[36.441s] INFO:colcon.colcon_ros.task.ament_cmake.build:Building ROS package in '/root/ros2_ws/src/MG400_ROS2/mg400_tools' with build type 'ament_cmake'
[36.441s] INFO:colcon.colcon_cmake.task.cmake.build:Building CMake package in '/root/ros2_ws/src/MG400_ROS2/mg400_tools'
[36.442s] INFO:colcon.colcon_core.shell:Skip shell extension 'powershell' for command environment: Not usable outside of PowerShell
[36.442s] DEBUG:colcon.colcon_core.shell:Skip shell extension 'dsv' for command environment
[36.452s] DEBUG:colcon.colcon_core.event_handler.log_command:Invoking command in '/root/ros2_ws/build/mg400_interface': AMENT_PREFIX_PATH=/root/ros2_ws/install/mg400_msgs:/root/ros2_ws/install/mg400_common:${AMENT_PREFIX_PATH} CMAKE_PREFIX_PATH=/root/ros2_ws/install/mg400_msgs:/root/ros2_ws/install/mg400_common:/opt/ros/humble LD_LIBRARY_PATH=/root/ros2_ws/install/mg400_msgs/lib:/root/ros2_ws/install/mg400_common/lib:${LD_LIBRARY_PATH} PYTHONPATH=/root/ros2_ws/install/mg400_msgs/local/lib/python3.10/dist-packages:${PYTHONPATH} /usr/bin/cmake /root/ros2_ws/src/MG400_ROS2/mg400_interface -DAMENT_CMAKE_SYMLINK_INSTALL=1 -DCMAKE_INSTALL_PREFIX=/root/ros2_ws/install/mg400_interface
[36.455s] DEBUG:colcon.colcon_core.event_handler.log_command:Invoking command in '/root/ros2_ws/build/mg400_tools': AMENT_PREFIX_PATH=/root/ros2_ws/install/mg400_msgs:/root/ros2_ws/install/mg400_common:${AMENT_PREFIX_PATH} CMAKE_PREFIX_PATH=/root/ros2_ws/install/mg400_msgs:/root/ros2_ws/install/mg400_common:/opt/ros/humble LD_LIBRARY_PATH=/root/ros2_ws/install/mg400_msgs/lib:/root/ros2_ws/install/mg400_common/lib:${LD_LIBRARY_PATH} PYTHONPATH=/root/ros2_ws/install/mg400_msgs/local/lib/python3.10/dist-packages:${PYTHONPATH} /usr/bin/cmake /root/ros2_ws/src/MG400_ROS2/mg400_tools -DAMENT_CMAKE_SYMLINK_INSTALL=1 -DCMAKE_INSTALL_PREFIX=/root/ros2_ws/install/mg400_tools
[37.775s] DEBUG:colcon.colcon_core.event_handler.log_command:Invoked command in '/root/ros2_ws/build/mg400_tools' returned '0': AMENT_PREFIX_PATH=/root/ros2_ws/install/mg400_msgs:/root/ros2_ws/install/mg400_common:${AMENT_PREFIX_PATH} CMAKE_PREFIX_PATH=/root/ros2_ws/install/mg400_msgs:/root/ros2_ws/install/mg400_common:/opt/ros/humble LD_LIBRARY_PATH=/root/ros2_ws/install/mg400_msgs/lib:/root/ros2_ws/install/mg400_common/lib:${LD_LIBRARY_PATH} PYTHONPATH=/root/ros2_ws/install/mg400_msgs/local/lib/python3.10/dist-packages:${PYTHONPATH} /usr/bin/cmake /root/ros2_ws/src/MG400_ROS2/mg400_tools -DAMENT_CMAKE_SYMLINK_INSTALL=1 -DCMAKE_INSTALL_PREFIX=/root/ros2_ws/install/mg400_tools
[37.777s] DEBUG:colcon.colcon_core.event_handler.log_command:Invoking command in '/root/ros2_ws/build/mg400_tools': AMENT_PREFIX_PATH=/root/ros2_ws/install/mg400_msgs:/root/ros2_ws/install/mg400_common:${AMENT_PREFIX_PATH} CMAKE_PREFIX_PATH=/root/ros2_ws/install/mg400_msgs:/root/ros2_ws/install/mg400_common:/opt/ros/humble LD_LIBRARY_PATH=/root/ros2_ws/install/mg400_msgs/lib:/root/ros2_ws/install/mg400_common/lib:${LD_LIBRARY_PATH} PYTHONPATH=/root/ros2_ws/install/mg400_msgs/local/lib/python3.10/dist-packages:${PYTHONPATH} /usr/bin/cmake --build /root/ros2_ws/build/mg400_tools -- -j16 -l16
[37.865s] DEBUG:colcon.colcon_core.event_handler.log_command:Invoked command in '/root/ros2_ws/build/mg400_interface' returned '0': AMENT_PREFIX_PATH=/root/ros2_ws/install/mg400_msgs:/root/ros2_ws/install/mg400_common:${AMENT_PREFIX_PATH} CMAKE_PREFIX_PATH=/root/ros2_ws/install/mg400_msgs:/root/ros2_ws/install/mg400_common:/opt/ros/humble LD_LIBRARY_PATH=/root/ros2_ws/install/mg400_msgs/lib:/root/ros2_ws/install/mg400_common/lib:${LD_LIBRARY_PATH} PYTHONPATH=/root/ros2_ws/install/mg400_msgs/local/lib/python3.10/dist-packages:${PYTHONPATH} /usr/bin/cmake /root/ros2_ws/src/MG400_ROS2/mg400_interface -DAMENT_CMAKE_SYMLINK_INSTALL=1 -DCMAKE_INSTALL_PREFIX=/root/ros2_ws/install/mg400_interface
[37.867s] DEBUG:colcon.colcon_core.event_handler.log_command:Invoking command in '/root/ros2_ws/build/mg400_interface': AMENT_PREFIX_PATH=/root/ros2_ws/install/mg400_msgs:/root/ros2_ws/install/mg400_common:${AMENT_PREFIX_PATH} CMAKE_PREFIX_PATH=/root/ros2_ws/install/mg400_msgs:/root/ros2_ws/install/mg400_common:/opt/ros/humble LD_LIBRARY_PATH=/root/ros2_ws/install/mg400_msgs/lib:/root/ros2_ws/install/mg400_common/lib:${LD_LIBRARY_PATH} PYTHONPATH=/root/ros2_ws/install/mg400_msgs/local/lib/python3.10/dist-packages:${PYTHONPATH} /usr/bin/cmake --build /root/ros2_ws/build/mg400_interface -- -j16 -l16
[46.557s] DEBUG:colcon.colcon_core.event_handler.log_command:Invoked command in '/root/ros2_ws/build/mg400_tools' returned '0': AMENT_PREFIX_PATH=/root/ros2_ws/install/mg400_msgs:/root/ros2_ws/install/mg400_common:${AMENT_PREFIX_PATH} CMAKE_PREFIX_PATH=/root/ros2_ws/install/mg400_msgs:/root/ros2_ws/install/mg400_common:/opt/ros/humble LD_LIBRARY_PATH=/root/ros2_ws/install/mg400_msgs/lib:/root/ros2_ws/install/mg400_common/lib:${LD_LIBRARY_PATH} PYTHONPATH=/root/ros2_ws/install/mg400_msgs/local/lib/python3.10/dist-packages:${PYTHONPATH} /usr/bin/cmake --build /root/ros2_ws/build/mg400_tools -- -j16 -l16
[46.559s] DEBUG:colcon.colcon_core.event_handler.log_command:Invoking command in '/root/ros2_ws/build/mg400_tools': AMENT_PREFIX_PATH=/root/ros2_ws/install/mg400_msgs:/root/ros2_ws/install/mg400_common:${AMENT_PREFIX_PATH} CMAKE_PREFIX_PATH=/root/ros2_ws/install/mg400_msgs:/root/ros2_ws/install/mg400_common:/opt/ros/humble LD_LIBRARY_PATH=/root/ros2_ws/install/mg400_msgs/lib:/root/ros2_ws/install/mg400_common/lib:${LD_LIBRARY_PATH} PYTHONPATH=/root/ros2_ws/install/mg400_msgs/local/lib/python3.10/dist-packages:${PYTHONPATH} /usr/bin/cmake --install /root/ros2_ws/build/mg400_tools
[46.790s] Level 1:colcon.colcon_core.environment:create_environment_scripts_only(mg400_tools)
[46.790s] Level 1:colcon.colcon_core.environment:checking '/root/ros2_ws/install/mg400_tools' for CMake module files
[46.791s] DEBUG:colcon.colcon_core.event_handler.log_command:Invoked command in '/root/ros2_ws/build/mg400_tools' returned '0': AMENT_PREFIX_PATH=/root/ros2_ws/install/mg400_msgs:/root/ros2_ws/install/mg400_common:${AMENT_PREFIX_PATH} CMAKE_PREFIX_PATH=/root/ros2_ws/install/mg400_msgs:/root/ros2_ws/install/mg400_common:/opt/ros/humble LD_LIBRARY_PATH=/root/ros2_ws/install/mg400_msgs/lib:/root/ros2_ws/install/mg400_common/lib:${LD_LIBRARY_PATH} PYTHONPATH=/root/ros2_ws/install/mg400_msgs/local/lib/python3.10/dist-packages:${PYTHONPATH} /usr/bin/cmake --install /root/ros2_ws/build/mg400_tools
[46.791s] Level 1:colcon.colcon_core.environment:checking '/root/ros2_ws/install/mg400_tools' for CMake config files
[46.792s] Level 1:colcon.colcon_core.shell:create_environment_hook('mg400_tools', 'cmake_prefix_path')
[46.792s] INFO:colcon.colcon_core.shell:Creating environment hook '/root/ros2_ws/install/mg400_tools/share/mg400_tools/hook/cmake_prefix_path.ps1'
[46.792s] INFO:colcon.colcon_core.shell:Creating environment descriptor '/root/ros2_ws/install/mg400_tools/share/mg400_tools/hook/cmake_prefix_path.dsv'
[46.793s] INFO:colcon.colcon_core.shell:Creating environment hook '/root/ros2_ws/install/mg400_tools/share/mg400_tools/hook/cmake_prefix_path.sh'
[46.793s] Level 1:colcon.colcon_core.environment:checking '/root/ros2_ws/install/mg400_tools/lib'
[46.793s] Level 1:colcon.colcon_core.environment:checking '/root/ros2_ws/install/mg400_tools/bin'
[46.793s] Level 1:colcon.colcon_core.environment:checking '/root/ros2_ws/install/mg400_tools/lib/pkgconfig/mg400_tools.pc'
[46.794s] Level 1:colcon.colcon_core.environment:checking '/root/ros2_ws/install/mg400_tools/lib/python3.10/site-packages'
[46.794s] Level 1:colcon.colcon_core.environment:checking '/root/ros2_ws/install/mg400_tools/bin'
[46.794s] INFO:colcon.colcon_core.shell:Creating package script '/root/ros2_ws/install/mg400_tools/share/mg400_tools/package.ps1'
[46.795s] INFO:colcon.colcon_core.shell:Creating package descriptor '/root/ros2_ws/install/mg400_tools/share/mg400_tools/package.dsv'
[46.795s] INFO:colcon.colcon_core.shell:Creating package script '/root/ros2_ws/install/mg400_tools/share/mg400_tools/package.sh'
[46.795s] INFO:colcon.colcon_core.shell:Creating package script '/root/ros2_ws/install/mg400_tools/share/mg400_tools/package.bash'
[46.795s] INFO:colcon.colcon_core.shell:Creating package script '/root/ros2_ws/install/mg400_tools/share/mg400_tools/package.zsh'
[46.796s] Level 1:colcon.colcon_core.environment:create_file_with_runtime_dependencies(/root/ros2_ws/install/mg400_tools/share/colcon-core/packages/mg400_tools)
[46.796s] Level 1:colcon.colcon_core.environment:create_environment_scripts_only(mg400_tools)
[46.797s] Level 1:colcon.colcon_core.environment:checking '/root/ros2_ws/install/mg400_tools' for CMake module files
[46.797s] Level 1:colcon.colcon_core.environment:checking '/root/ros2_ws/install/mg400_tools' for CMake config files
[46.797s] Level 1:colcon.colcon_core.shell:create_environment_hook('mg400_tools', 'cmake_prefix_path')
[46.798s] INFO:colcon.colcon_core.shell:Creating environment hook '/root/ros2_ws/install/mg400_tools/share/mg400_tools/hook/cmake_prefix_path.ps1'
[46.798s] INFO:colcon.colcon_core.shell:Creating environment descriptor '/root/ros2_ws/install/mg400_tools/share/mg400_tools/hook/cmake_prefix_path.dsv'
[46.798s] INFO:colcon.colcon_core.shell:Creating environment hook '/root/ros2_ws/install/mg400_tools/share/mg400_tools/hook/cmake_prefix_path.sh'
[46.799s] Level 1:colcon.colcon_core.environment:checking '/root/ros2_ws/install/mg400_tools/lib'
[46.799s] Level 1:colcon.colcon_core.environment:checking '/root/ros2_ws/install/mg400_tools/bin'
[46.799s] Level 1:colcon.colcon_core.environment:checking '/root/ros2_ws/install/mg400_tools/lib/pkgconfig/mg400_tools.pc'
[46.799s] Level 1:colcon.colcon_core.environment:checking '/root/ros2_ws/install/mg400_tools/lib/python3.10/site-packages'
[46.799s] Level 1:colcon.colcon_core.environment:checking '/root/ros2_ws/install/mg400_tools/bin'
[46.800s] INFO:colcon.colcon_core.shell:Creating package script '/root/ros2_ws/install/mg400_tools/share/mg400_tools/package.ps1'
[46.800s] INFO:colcon.colcon_core.shell:Creating package descriptor '/root/ros2_ws/install/mg400_tools/share/mg400_tools/package.dsv'
[46.801s] INFO:colcon.colcon_core.shell:Creating package script '/root/ros2_ws/install/mg400_tools/share/mg400_tools/package.sh'
[46.801s] INFO:colcon.colcon_core.shell:Creating package script '/root/ros2_ws/install/mg400_tools/share/mg400_tools/package.bash'
[46.801s] INFO:colcon.colcon_core.shell:Creating package script '/root/ros2_ws/install/mg400_tools/share/mg400_tools/package.zsh'
[46.802s] Level 1:colcon.colcon_core.environment:create_file_with_runtime_dependencies(/root/ros2_ws/install/mg400_tools/share/colcon-core/packages/mg400_tools)
[50.958s] DEBUG:colcon.colcon_core.event_handler.log_command:Invoked command in '/root/ros2_ws/build/mg400_interface' returned '0': AMENT_PREFIX_PATH=/root/ros2_ws/install/mg400_msgs:/root/ros2_ws/install/mg400_common:${AMENT_PREFIX_PATH} CMAKE_PREFIX_PATH=/root/ros2_ws/install/mg400_msgs:/root/ros2_ws/install/mg400_common:/opt/ros/humble LD_LIBRARY_PATH=/root/ros2_ws/install/mg400_msgs/lib:/root/ros2_ws/install/mg400_common/lib:${LD_LIBRARY_PATH} PYTHONPATH=/root/ros2_ws/install/mg400_msgs/local/lib/python3.10/dist-packages:${PYTHONPATH} /usr/bin/cmake --build /root/ros2_ws/build/mg400_interface -- -j16 -l16
[50.960s] DEBUG:colcon.colcon_core.event_handler.log_command:Invoking command in '/root/ros2_ws/build/mg400_interface': AMENT_PREFIX_PATH=/root/ros2_ws/install/mg400_msgs:/root/ros2_ws/install/mg400_common:${AMENT_PREFIX_PATH} CMAKE_PREFIX_PATH=/root/ros2_ws/install/mg400_msgs:/root/ros2_ws/install/mg400_common:/opt/ros/humble LD_LIBRARY_PATH=/root/ros2_ws/install/mg400_msgs/lib:/root/ros2_ws/install/mg400_common/lib:${LD_LIBRARY_PATH} PYTHONPATH=/root/ros2_ws/install/mg400_msgs/local/lib/python3.10/dist-packages:${PYTHONPATH} /usr/bin/cmake --install /root/ros2_ws/build/mg400_interface
[51.257s] Level 1:colcon.colcon_core.environment:create_environment_scripts_only(mg400_interface)
[51.258s] Level 1:colcon.colcon_core.environment:checking '/root/ros2_ws/install/mg400_interface' for CMake module files
[51.258s] DEBUG:colcon.colcon_core.event_handler.log_command:Invoked command in '/root/ros2_ws/build/mg400_interface' returned '0': AMENT_PREFIX_PATH=/root/ros2_ws/install/mg400_msgs:/root/ros2_ws/install/mg400_common:${AMENT_PREFIX_PATH} CMAKE_PREFIX_PATH=/root/ros2_ws/install/mg400_msgs:/root/ros2_ws/install/mg400_common:/opt/ros/humble LD_LIBRARY_PATH=/root/ros2_ws/install/mg400_msgs/lib:/root/ros2_ws/install/mg400_common/lib:${LD_LIBRARY_PATH} PYTHONPATH=/root/ros2_ws/install/mg400_msgs/local/lib/python3.10/dist-packages:${PYTHONPATH} /usr/bin/cmake --install /root/ros2_ws/build/mg400_interface
[51.259s] Level 1:colcon.colcon_core.environment:checking '/root/ros2_ws/install/mg400_interface' for CMake config files
[51.259s] Level 1:colcon.colcon_core.shell:create_environment_hook('mg400_interface', 'cmake_prefix_path')
[51.259s] INFO:colcon.colcon_core.shell:Creating environment hook '/root/ros2_ws/install/mg400_interface/share/mg400_interface/hook/cmake_prefix_path.ps1'
[51.260s] INFO:colcon.colcon_core.shell:Creating environment descriptor '/root/ros2_ws/install/mg400_interface/share/mg400_interface/hook/cmake_prefix_path.dsv'
[51.260s] INFO:colcon.colcon_core.shell:Creating environment hook '/root/ros2_ws/install/mg400_interface/share/mg400_interface/hook/cmake_prefix_path.sh'
[51.260s] Level 1:colcon.colcon_core.environment:checking '/root/ros2_ws/install/mg400_interface/lib'
[51.260s] Level 1:colcon.colcon_core.environment:checking '/root/ros2_ws/install/mg400_interface/bin'
[51.260s] Level 1:colcon.colcon_core.environment:checking '/root/ros2_ws/install/mg400_interface/lib/pkgconfig/mg400_interface.pc'
[51.260s] Level 1:colcon.colcon_core.environment:checking '/root/ros2_ws/install/mg400_interface/lib/python3.10/site-packages'
[51.261s] Level 1:colcon.colcon_core.environment:checking '/root/ros2_ws/install/mg400_interface/bin'
[51.261s] INFO:colcon.colcon_core.shell:Creating package script '/root/ros2_ws/install/mg400_interface/share/mg400_interface/package.ps1'
[51.262s] INFO:colcon.colcon_core.shell:Creating package descriptor '/root/ros2_ws/install/mg400_interface/share/mg400_interface/package.dsv'
[51.262s] INFO:colcon.colcon_core.shell:Creating package script '/root/ros2_ws/install/mg400_interface/share/mg400_interface/package.sh'
[51.262s] INFO:colcon.colcon_core.shell:Creating package script '/root/ros2_ws/install/mg400_interface/share/mg400_interface/package.bash'
[51.263s] INFO:colcon.colcon_core.shell:Creating package script '/root/ros2_ws/install/mg400_interface/share/mg400_interface/package.zsh'
[51.263s] Level 1:colcon.colcon_core.environment:create_file_with_runtime_dependencies(/root/ros2_ws/install/mg400_interface/share/colcon-core/packages/mg400_interface)
[51.263s] Level 1:colcon.colcon_core.environment:create_environment_scripts_only(mg400_interface)
[51.263s] Level 1:colcon.colcon_core.environment:checking '/root/ros2_ws/install/mg400_interface' for CMake module files
[51.264s] Level 1:colcon.colcon_core.environment:checking '/root/ros2_ws/install/mg400_interface' for CMake config files
[51.264s] Level 1:colcon.colcon_core.shell:create_environment_hook('mg400_interface', 'cmake_prefix_path')
[51.264s] INFO:colcon.colcon_core.shell:Creating environment hook '/root/ros2_ws/install/mg400_interface/share/mg400_interface/hook/cmake_prefix_path.ps1'
[51.264s] INFO:colcon.colcon_core.shell:Creating environment descriptor '/root/ros2_ws/install/mg400_interface/share/mg400_interface/hook/cmake_prefix_path.dsv'
[51.265s] INFO:colcon.colcon_core.shell:Creating environment hook '/root/ros2_ws/install/mg400_interface/share/mg400_interface/hook/cmake_prefix_path.sh'
[51.265s] Level 1:colcon.colcon_core.environment:checking '/root/ros2_ws/install/mg400_interface/lib'
[51.265s] Level 1:colcon.colcon_core.environment:checking '/root/ros2_ws/install/mg400_interface/bin'
[51.265s] Level 1:colcon.colcon_core.environment:checking '/root/ros2_ws/install/mg400_interface/lib/pkgconfig/mg400_interface.pc'
[51.265s] Level 1:colcon.colcon_core.environment:checking '/root/ros2_ws/install/mg400_interface/lib/python3.10/site-packages'
[51.265s] Level 1:colcon.colcon_core.environment:checking '/root/ros2_ws/install/mg400_interface/bin'
[51.266s] INFO:colcon.colcon_core.shell:Creating package script '/root/ros2_ws/install/mg400_interface/share/mg400_interface/package.ps1'
[51.266s] INFO:colcon.colcon_core.shell:Creating package descriptor '/root/ros2_ws/install/mg400_interface/share/mg400_interface/package.dsv'
[51.266s] INFO:colcon.colcon_core.shell:Creating package script '/root/ros2_ws/install/mg400_interface/share/mg400_interface/package.sh'
[51.267s] INFO:colcon.colcon_core.shell:Creating package script '/root/ros2_ws/install/mg400_interface/share/mg400_interface/package.bash'
[51.267s] INFO:colcon.colcon_core.shell:Creating package script '/root/ros2_ws/install/mg400_interface/share/mg400_interface/package.zsh'
[51.267s] Level 1:colcon.colcon_core.environment:create_file_with_runtime_dependencies(/root/ros2_ws/install/mg400_interface/share/colcon-core/packages/mg400_interface)
[51.268s] INFO:colcon.colcon_ros.task.ament_cmake.build:Building ROS package in '/root/ros2_ws/src/MG400_ROS2/mg400_plugin_base' with build type 'ament_cmake'
[51.268s] INFO:colcon.colcon_cmake.task.cmake.build:Building CMake package in '/root/ros2_ws/src/MG400_ROS2/mg400_plugin_base'
[51.268s] INFO:colcon.colcon_core.shell:Skip shell extension 'powershell' for command environment: Not usable outside of PowerShell
[51.268s] DEBUG:colcon.colcon_core.shell:Skip shell extension 'dsv' for command environment
[51.271s] INFO:colcon.colcon_ros.task.ament_cmake.build:Building ROS package in '/root/ros2_ws/src/MG400_ROS2/mg400_joy' with build type 'ament_cmake'
[51.272s] INFO:colcon.colcon_cmake.task.cmake.build:Building CMake package in '/root/ros2_ws/src/MG400_ROS2/mg400_joy'
[51.272s] INFO:colcon.colcon_core.shell:Skip shell extension 'powershell' for command environment: Not usable outside of PowerShell
[51.272s] DEBUG:colcon.colcon_core.shell:Skip shell extension 'dsv' for command environment
[51.275s] INFO:colcon.colcon_ros.task.ament_cmake.build:Building ROS package in '/root/ros2_ws/src/MG400_ROS2/mg400_rviz_plugin' with build type 'ament_cmake'
[51.275s] INFO:colcon.colcon_cmake.task.cmake.build:Building CMake package in '/root/ros2_ws/src/MG400_ROS2/mg400_rviz_plugin'
[51.275s] INFO:colcon.colcon_core.shell:Skip shell extension 'powershell' for command environment: Not usable outside of PowerShell
[51.275s] DEBUG:colcon.colcon_core.shell:Skip shell extension 'dsv' for command environment
[51.280s] DEBUG:colcon.colcon_core.event_handler.log_command:Invoking command in '/root/ros2_ws/build/mg400_plugin_base': AMENT_PREFIX_PATH=/root/ros2_ws/install/mg400_interface:/root/ros2_ws/install/mg400_msgs:/root/ros2_ws/install/mg400_common:${AMENT_PREFIX_PATH} CMAKE_PREFIX_PATH=/root/ros2_ws/install/mg400_interface:/root/ros2_ws/install/mg400_msgs:/root/ros2_ws/install/mg400_common:/opt/ros/humble LD_LIBRARY_PATH=/root/ros2_ws/install/mg400_interface/lib:/root/ros2_ws/install/mg400_msgs/lib:/root/ros2_ws/install/mg400_common/lib:${LD_LIBRARY_PATH} PYTHONPATH=/root/ros2_ws/install/mg400_msgs/local/lib/python3.10/dist-packages:${PYTHONPATH} /usr/bin/cmake /root/ros2_ws/src/MG400_ROS2/mg400_plugin_base -DAMENT_CMAKE_SYMLINK_INSTALL=1 -DCMAKE_INSTALL_PREFIX=/root/ros2_ws/install/mg400_plugin_base
[51.286s] DEBUG:colcon.colcon_core.event_handler.log_command:Invoking command in '/root/ros2_ws/build/mg400_joy': AMENT_PREFIX_PATH=/root/ros2_ws/install/mg400_interface:/root/ros2_ws/install/p9n_interface:/root/ros2_ws/install/mg400_msgs:/root/ros2_ws/install/mg400_common:${AMENT_PREFIX_PATH} CMAKE_PREFIX_PATH=/root/ros2_ws/install/mg400_interface:/root/ros2_ws/install/p9n_interface:/root/ros2_ws/install/mg400_msgs:/root/ros2_ws/install/mg400_common:/opt/ros/humble LD_LIBRARY_PATH=/root/ros2_ws/install/mg400_interface/lib:/root/ros2_ws/install/p9n_interface/lib:/root/ros2_ws/install/mg400_msgs/lib:/root/ros2_ws/install/mg400_common/lib:${LD_LIBRARY_PATH} PYTHONPATH=/root/ros2_ws/install/mg400_msgs/local/lib/python3.10/dist-packages:${PYTHONPATH} /usr/bin/cmake /root/ros2_ws/src/MG400_ROS2/mg400_joy -DAMENT_CMAKE_SYMLINK_INSTALL=1 -DCMAKE_INSTALL_PREFIX=/root/ros2_ws/install/mg400_joy
[51.287s] DEBUG:colcon.colcon_core.event_handler.log_command:Invoking command in '/root/ros2_ws/build/mg400_rviz_plugin': AMENT_PREFIX_PATH=/root/ros2_ws/install/mg400_interface:/root/ros2_ws/install/mg400_msgs:/root/ros2_ws/install/mg400_common:${AMENT_PREFIX_PATH} CMAKE_PREFIX_PATH=/root/ros2_ws/install/mg400_interface:/root/ros2_ws/install/mg400_msgs:/root/ros2_ws/install/mg400_common:/opt/ros/humble LD_LIBRARY_PATH=/root/ros2_ws/install/mg400_interface/lib:/root/ros2_ws/install/mg400_msgs/lib:/root/ros2_ws/install/mg400_common/lib:${LD_LIBRARY_PATH} PYTHONPATH=/root/ros2_ws/install/mg400_msgs/local/lib/python3.10/dist-packages:${PYTHONPATH} /usr/bin/cmake /root/ros2_ws/src/MG400_ROS2/mg400_rviz_plugin -DAMENT_CMAKE_SYMLINK_INSTALL=1 -DCMAKE_INSTALL_PREFIX=/root/ros2_ws/install/mg400_rviz_plugin
[52.528s] DEBUG:colcon.colcon_core.event_handler.log_command:Invoked command in '/root/ros2_ws/build/mg400_plugin_base' returned '0': AMENT_PREFIX_PATH=/root/ros2_ws/install/mg400_interface:/root/ros2_ws/install/mg400_msgs:/root/ros2_ws/install/mg400_common:${AMENT_PREFIX_PATH} CMAKE_PREFIX_PATH=/root/ros2_ws/install/mg400_interface:/root/ros2_ws/install/mg400_msgs:/root/ros2_ws/install/mg400_common:/opt/ros/humble LD_LIBRARY_PATH=/root/ros2_ws/install/mg400_interface/lib:/root/ros2_ws/install/mg400_msgs/lib:/root/ros2_ws/install/mg400_common/lib:${LD_LIBRARY_PATH} PYTHONPATH=/root/ros2_ws/install/mg400_msgs/local/lib/python3.10/dist-packages:${PYTHONPATH} /usr/bin/cmake /root/ros2_ws/src/MG400_ROS2/mg400_plugin_base -DAMENT_CMAKE_SYMLINK_INSTALL=1 -DCMAKE_INSTALL_PREFIX=/root/ros2_ws/install/mg400_plugin_base
[52.530s] DEBUG:colcon.colcon_core.event_handler.log_command:Invoking command in '/root/ros2_ws/build/mg400_plugin_base': AMENT_PREFIX_PATH=/root/ros2_ws/install/mg400_interface:/root/ros2_ws/install/mg400_msgs:/root/ros2_ws/install/mg400_common:${AMENT_PREFIX_PATH} CMAKE_PREFIX_PATH=/root/ros2_ws/install/mg400_interface:/root/ros2_ws/install/mg400_msgs:/root/ros2_ws/install/mg400_common:/opt/ros/humble LD_LIBRARY_PATH=/root/ros2_ws/install/mg400_interface/lib:/root/ros2_ws/install/mg400_msgs/lib:/root/ros2_ws/install/mg400_common/lib:${LD_LIBRARY_PATH} PYTHONPATH=/root/ros2_ws/install/mg400_msgs/local/lib/python3.10/dist-packages:${PYTHONPATH} /usr/bin/cmake --build /root/ros2_ws/build/mg400_plugin_base -- -j16 -l16
[52.551s] DEBUG:colcon.colcon_core.event_handler.log_command:Invoked command in '/root/ros2_ws/build/mg400_joy' returned '0': AMENT_PREFIX_PATH=/root/ros2_ws/install/mg400_interface:/root/ros2_ws/install/p9n_interface:/root/ros2_ws/install/mg400_msgs:/root/ros2_ws/install/mg400_common:${AMENT_PREFIX_PATH} CMAKE_PREFIX_PATH=/root/ros2_ws/install/mg400_interface:/root/ros2_ws/install/p9n_interface:/root/ros2_ws/install/mg400_msgs:/root/ros2_ws/install/mg400_common:/opt/ros/humble LD_LIBRARY_PATH=/root/ros2_ws/install/mg400_interface/lib:/root/ros2_ws/install/p9n_interface/lib:/root/ros2_ws/install/mg400_msgs/lib:/root/ros2_ws/install/mg400_common/lib:${LD_LIBRARY_PATH} PYTHONPATH=/root/ros2_ws/install/mg400_msgs/local/lib/python3.10/dist-packages:${PYTHONPATH} /usr/bin/cmake /root/ros2_ws/src/MG400_ROS2/mg400_joy -DAMENT_CMAKE_SYMLINK_INSTALL=1 -DCMAKE_INSTALL_PREFIX=/root/ros2_ws/install/mg400_joy
[52.552s] DEBUG:colcon.colcon_core.event_handler.log_command:Invoking command in '/root/ros2_ws/build/mg400_joy': AMENT_PREFIX_PATH=/root/ros2_ws/install/mg400_interface:/root/ros2_ws/install/p9n_interface:/root/ros2_ws/install/mg400_msgs:/root/ros2_ws/install/mg400_common:${AMENT_PREFIX_PATH} CMAKE_PREFIX_PATH=/root/ros2_ws/install/mg400_interface:/root/ros2_ws/install/p9n_interface:/root/ros2_ws/install/mg400_msgs:/root/ros2_ws/install/mg400_common:/opt/ros/humble LD_LIBRARY_PATH=/root/ros2_ws/install/mg400_interface/lib:/root/ros2_ws/install/p9n_interface/lib:/root/ros2_ws/install/mg400_msgs/lib:/root/ros2_ws/install/mg400_common/lib:${LD_LIBRARY_PATH} PYTHONPATH=/root/ros2_ws/install/mg400_msgs/local/lib/python3.10/dist-packages:${PYTHONPATH} /usr/bin/cmake --build /root/ros2_ws/build/mg400_joy -- -j16 -l16
[52.579s] DEBUG:colcon.colcon_core.event_handler.log_command:Invoked command in '/root/ros2_ws/build/mg400_plugin_base' returned '0': AMENT_PREFIX_PATH=/root/ros2_ws/install/mg400_interface:/root/ros2_ws/install/mg400_msgs:/root/ros2_ws/install/mg400_common:${AMENT_PREFIX_PATH} CMAKE_PREFIX_PATH=/root/ros2_ws/install/mg400_interface:/root/ros2_ws/install/mg400_msgs:/root/ros2_ws/install/mg400_common:/opt/ros/humble LD_LIBRARY_PATH=/root/ros2_ws/install/mg400_interface/lib:/root/ros2_ws/install/mg400_msgs/lib:/root/ros2_ws/install/mg400_common/lib:${LD_LIBRARY_PATH} PYTHONPATH=/root/ros2_ws/install/mg400_msgs/local/lib/python3.10/dist-packages:${PYTHONPATH} /usr/bin/cmake --build /root/ros2_ws/build/mg400_plugin_base -- -j16 -l16
[52.581s] DEBUG:colcon.colcon_core.event_handler.log_command:Invoking command in '/root/ros2_ws/build/mg400_plugin_base': AMENT_PREFIX_PATH=/root/ros2_ws/install/mg400_interface:/root/ros2_ws/install/mg400_msgs:/root/ros2_ws/install/mg400_common:${AMENT_PREFIX_PATH} CMAKE_PREFIX_PATH=/root/ros2_ws/install/mg400_interface:/root/ros2_ws/install/mg400_msgs:/root/ros2_ws/install/mg400_common:/opt/ros/humble LD_LIBRARY_PATH=/root/ros2_ws/install/mg400_interface/lib:/root/ros2_ws/install/mg400_msgs/lib:/root/ros2_ws/install/mg400_common/lib:${LD_LIBRARY_PATH} PYTHONPATH=/root/ros2_ws/install/mg400_msgs/local/lib/python3.10/dist-packages:${PYTHONPATH} /usr/bin/cmake --install /root/ros2_ws/build/mg400_plugin_base
[52.754s] Level 1:colcon.colcon_core.environment:create_environment_scripts_only(mg400_plugin_base)
[52.754s] Level 1:colcon.colcon_core.environment:checking '/root/ros2_ws/install/mg400_plugin_base' for CMake module files
[52.755s] DEBUG:colcon.colcon_core.event_handler.log_command:Invoked command in '/root/ros2_ws/build/mg400_plugin_base' returned '0': AMENT_PREFIX_PATH=/root/ros2_ws/install/mg400_interface:/root/ros2_ws/install/mg400_msgs:/root/ros2_ws/install/mg400_common:${AMENT_PREFIX_PATH} CMAKE_PREFIX_PATH=/root/ros2_ws/install/mg400_interface:/root/ros2_ws/install/mg400_msgs:/root/ros2_ws/install/mg400_common:/opt/ros/humble LD_LIBRARY_PATH=/root/ros2_ws/install/mg400_interface/lib:/root/ros2_ws/install/mg400_msgs/lib:/root/ros2_ws/install/mg400_common/lib:${LD_LIBRARY_PATH} PYTHONPATH=/root/ros2_ws/install/mg400_msgs/local/lib/python3.10/dist-packages:${PYTHONPATH} /usr/bin/cmake --install /root/ros2_ws/build/mg400_plugin_base
[52.755s] Level 1:colcon.colcon_core.environment:checking '/root/ros2_ws/install/mg400_plugin_base' for CMake config files
[52.755s] Level 1:colcon.colcon_core.shell:create_environment_hook('mg400_plugin_base', 'cmake_prefix_path')
[52.756s] INFO:colcon.colcon_core.shell:Creating environment hook '/root/ros2_ws/install/mg400_plugin_base/share/mg400_plugin_base/hook/cmake_prefix_path.ps1'
[52.756s] INFO:colcon.colcon_core.shell:Creating environment descriptor '/root/ros2_ws/install/mg400_plugin_base/share/mg400_plugin_base/hook/cmake_prefix_path.dsv'
[52.756s] INFO:colcon.colcon_core.shell:Creating environment hook '/root/ros2_ws/install/mg400_plugin_base/share/mg400_plugin_base/hook/cmake_prefix_path.sh'
[52.757s] Level 1:colcon.colcon_core.environment:checking '/root/ros2_ws/install/mg400_plugin_base/bin'
[52.757s] Level 1:colcon.colcon_core.environment:checking '/root/ros2_ws/install/mg400_plugin_base/lib/pkgconfig/mg400_plugin_base.pc'
[52.757s] Level 1:colcon.colcon_core.environment:checking '/root/ros2_ws/install/mg400_plugin_base/lib/python3.10/site-packages'
[52.757s] Level 1:colcon.colcon_core.environment:checking '/root/ros2_ws/install/mg400_plugin_base/bin'
[52.757s] INFO:colcon.colcon_core.shell:Creating package script '/root/ros2_ws/install/mg400_plugin_base/share/mg400_plugin_base/package.ps1'
[52.758s] INFO:colcon.colcon_core.shell:Creating package descriptor '/root/ros2_ws/install/mg400_plugin_base/share/mg400_plugin_base/package.dsv'
[52.758s] INFO:colcon.colcon_core.shell:Creating package script '/root/ros2_ws/install/mg400_plugin_base/share/mg400_plugin_base/package.sh'
[52.759s] INFO:colcon.colcon_core.shell:Creating package script '/root/ros2_ws/install/mg400_plugin_base/share/mg400_plugin_base/package.bash'
[52.759s] INFO:colcon.colcon_core.shell:Creating package script '/root/ros2_ws/install/mg400_plugin_base/share/mg400_plugin_base/package.zsh'
[52.759s] Level 1:colcon.colcon_core.environment:create_file_with_runtime_dependencies(/root/ros2_ws/install/mg400_plugin_base/share/colcon-core/packages/mg400_plugin_base)
[52.760s] Level 1:colcon.colcon_core.environment:create_environment_scripts_only(mg400_plugin_base)
[52.760s] Level 1:colcon.colcon_core.environment:checking '/root/ros2_ws/install/mg400_plugin_base' for CMake module files
[52.761s] Level 1:colcon.colcon_core.environment:checking '/root/ros2_ws/install/mg400_plugin_base' for CMake config files
[52.762s] Level 1:colcon.colcon_core.shell:create_environment_hook('mg400_plugin_base', 'cmake_prefix_path')
[52.762s] INFO:colcon.colcon_core.shell:Creating environment hook '/root/ros2_ws/install/mg400_plugin_base/share/mg400_plugin_base/hook/cmake_prefix_path.ps1'
[52.762s] INFO:colcon.colcon_core.shell:Creating environment descriptor '/root/ros2_ws/install/mg400_plugin_base/share/mg400_plugin_base/hook/cmake_prefix_path.dsv'
[52.763s] INFO:colcon.colcon_core.shell:Creating environment hook '/root/ros2_ws/install/mg400_plugin_base/share/mg400_plugin_base/hook/cmake_prefix_path.sh'
[52.763s] Level 1:colcon.colcon_core.environment:checking '/root/ros2_ws/install/mg400_plugin_base/bin'
[52.764s] Level 1:colcon.colcon_core.environment:checking '/root/ros2_ws/install/mg400_plugin_base/lib/pkgconfig/mg400_plugin_base.pc'
[52.764s] Level 1:colcon.colcon_core.environment:checking '/root/ros2_ws/install/mg400_plugin_base/lib/python3.10/site-packages'
[52.764s] Level 1:colcon.colcon_core.environment:checking '/root/ros2_ws/install/mg400_plugin_base/bin'
[52.765s] INFO:colcon.colcon_core.shell:Creating package script '/root/ros2_ws/install/mg400_plugin_base/share/mg400_plugin_base/package.ps1'
[52.765s] INFO:colcon.colcon_core.shell:Creating package descriptor '/root/ros2_ws/install/mg400_plugin_base/share/mg400_plugin_base/package.dsv'
[52.766s] INFO:colcon.colcon_core.shell:Creating package script '/root/ros2_ws/install/mg400_plugin_base/share/mg400_plugin_base/package.sh'
[52.766s] INFO:colcon.colcon_core.shell:Creating package script '/root/ros2_ws/install/mg400_plugin_base/share/mg400_plugin_base/package.bash'
[52.767s] INFO:colcon.colcon_core.shell:Creating package script '/root/ros2_ws/install/mg400_plugin_base/share/mg400_plugin_base/package.zsh'
[52.767s] Level 1:colcon.colcon_core.environment:create_file_with_runtime_dependencies(/root/ros2_ws/install/mg400_plugin_base/share/colcon-core/packages/mg400_plugin_base)
[52.767s] INFO:colcon.colcon_ros.task.ament_cmake.build:Building ROS package in '/root/ros2_ws/src/MG400_ROS2/mg400_plugin' with build type 'ament_cmake'
[52.767s] INFO:colcon.colcon_cmake.task.cmake.build:Building CMake package in '/root/ros2_ws/src/MG400_ROS2/mg400_plugin'
[52.768s] INFO:colcon.colcon_core.shell:Skip shell extension 'powershell' for command environment: Not usable outside of PowerShell
[52.768s] DEBUG:colcon.colcon_core.shell:Skip shell extension 'dsv' for command environment
[52.781s] DEBUG:colcon.colcon_core.event_handler.log_command:Invoking command in '/root/ros2_ws/build/mg400_plugin': AMENT_PREFIX_PATH=/root/ros2_ws/install/mg400_plugin_base:/root/ros2_ws/install/mg400_interface:/root/ros2_ws/install/mg400_msgs:/root/ros2_ws/install/mg400_common:${AMENT_PREFIX_PATH} CMAKE_PREFIX_PATH=/root/ros2_ws/install/mg400_plugin_base:/root/ros2_ws/install/mg400_interface:/root/ros2_ws/install/mg400_msgs:/root/ros2_ws/install/mg400_common:/opt/ros/humble LD_LIBRARY_PATH=/root/ros2_ws/install/mg400_interface/lib:/root/ros2_ws/install/mg400_msgs/lib:/root/ros2_ws/install/mg400_common/lib:${LD_LIBRARY_PATH} PYTHONPATH=/root/ros2_ws/install/mg400_msgs/local/lib/python3.10/dist-packages:${PYTHONPATH} /usr/bin/cmake /root/ros2_ws/src/MG400_ROS2/mg400_plugin -DAMENT_CMAKE_SYMLINK_INSTALL=1 -DCMAKE_INSTALL_PREFIX=/root/ros2_ws/install/mg400_plugin
[53.364s] DEBUG:colcon.colcon_core.event_handler.log_command:Invoked command in '/root/ros2_ws/build/mg400_rviz_plugin' returned '0': AMENT_PREFIX_PATH=/root/ros2_ws/install/mg400_interface:/root/ros2_ws/install/mg400_msgs:/root/ros2_ws/install/mg400_common:${AMENT_PREFIX_PATH} CMAKE_PREFIX_PATH=/root/ros2_ws/install/mg400_interface:/root/ros2_ws/install/mg400_msgs:/root/ros2_ws/install/mg400_common:/opt/ros/humble LD_LIBRARY_PATH=/root/ros2_ws/install/mg400_interface/lib:/root/ros2_ws/install/mg400_msgs/lib:/root/ros2_ws/install/mg400_common/lib:${LD_LIBRARY_PATH} PYTHONPATH=/root/ros2_ws/install/mg400_msgs/local/lib/python3.10/dist-packages:${PYTHONPATH} /usr/bin/cmake /root/ros2_ws/src/MG400_ROS2/mg400_rviz_plugin -DAMENT_CMAKE_SYMLINK_INSTALL=1 -DCMAKE_INSTALL_PREFIX=/root/ros2_ws/install/mg400_rviz_plugin
[53.365s] DEBUG:colcon.colcon_core.event_handler.log_command:Invoking command in '/root/ros2_ws/build/mg400_rviz_plugin': AMENT_PREFIX_PATH=/root/ros2_ws/install/mg400_interface:/root/ros2_ws/install/mg400_msgs:/root/ros2_ws/install/mg400_common:${AMENT_PREFIX_PATH} CMAKE_PREFIX_PATH=/root/ros2_ws/install/mg400_interface:/root/ros2_ws/install/mg400_msgs:/root/ros2_ws/install/mg400_common:/opt/ros/humble LD_LIBRARY_PATH=/root/ros2_ws/install/mg400_interface/lib:/root/ros2_ws/install/mg400_msgs/lib:/root/ros2_ws/install/mg400_common/lib:${LD_LIBRARY_PATH} PYTHONPATH=/root/ros2_ws/install/mg400_msgs/local/lib/python3.10/dist-packages:${PYTHONPATH} /usr/bin/cmake --build /root/ros2_ws/build/mg400_rviz_plugin -- -j16 -l16
[54.419s] DEBUG:colcon.colcon_core.event_handler.log_command:Invoked command in '/root/ros2_ws/build/mg400_plugin' returned '0': AMENT_PREFIX_PATH=/root/ros2_ws/install/mg400_plugin_base:/root/ros2_ws/install/mg400_interface:/root/ros2_ws/install/mg400_msgs:/root/ros2_ws/install/mg400_common:${AMENT_PREFIX_PATH} CMAKE_PREFIX_PATH=/root/ros2_ws/install/mg400_plugin_base:/root/ros2_ws/install/mg400_interface:/root/ros2_ws/install/mg400_msgs:/root/ros2_ws/install/mg400_common:/opt/ros/humble LD_LIBRARY_PATH=/root/ros2_ws/install/mg400_interface/lib:/root/ros2_ws/install/mg400_msgs/lib:/root/ros2_ws/install/mg400_common/lib:${LD_LIBRARY_PATH} PYTHONPATH=/root/ros2_ws/install/mg400_msgs/local/lib/python3.10/dist-packages:${PYTHONPATH} /usr/bin/cmake /root/ros2_ws/src/MG400_ROS2/mg400_plugin -DAMENT_CMAKE_SYMLINK_INSTALL=1 -DCMAKE_INSTALL_PREFIX=/root/ros2_ws/install/mg400_plugin
[54.420s] DEBUG:colcon.colcon_core.event_handler.log_command:Invoking command in '/root/ros2_ws/build/mg400_plugin': AMENT_PREFIX_PATH=/root/ros2_ws/install/mg400_plugin_base:/root/ros2_ws/install/mg400_interface:/root/ros2_ws/install/mg400_msgs:/root/ros2_ws/install/mg400_common:${AMENT_PREFIX_PATH} CMAKE_PREFIX_PATH=/root/ros2_ws/install/mg400_plugin_base:/root/ros2_ws/install/mg400_interface:/root/ros2_ws/install/mg400_msgs:/root/ros2_ws/install/mg400_common:/opt/ros/humble LD_LIBRARY_PATH=/root/ros2_ws/install/mg400_interface/lib:/root/ros2_ws/install/mg400_msgs/lib:/root/ros2_ws/install/mg400_common/lib:${LD_LIBRARY_PATH} PYTHONPATH=/root/ros2_ws/install/mg400_msgs/local/lib/python3.10/dist-packages:${PYTHONPATH} /usr/bin/cmake --build /root/ros2_ws/build/mg400_plugin -- -j16 -l16
[75.241s] DEBUG:colcon.colcon_core.event_handler.log_command:Invoked command in '/root/ros2_ws/build/mg400_joy' returned '0': AMENT_PREFIX_PATH=/root/ros2_ws/install/mg400_interface:/root/ros2_ws/install/p9n_interface:/root/ros2_ws/install/mg400_msgs:/root/ros2_ws/install/mg400_common:${AMENT_PREFIX_PATH} CMAKE_PREFIX_PATH=/root/ros2_ws/install/mg400_interface:/root/ros2_ws/install/p9n_interface:/root/ros2_ws/install/mg400_msgs:/root/ros2_ws/install/mg400_common:/opt/ros/humble LD_LIBRARY_PATH=/root/ros2_ws/install/mg400_interface/lib:/root/ros2_ws/install/p9n_interface/lib:/root/ros2_ws/install/mg400_msgs/lib:/root/ros2_ws/install/mg400_common/lib:${LD_LIBRARY_PATH} PYTHONPATH=/root/ros2_ws/install/mg400_msgs/local/lib/python3.10/dist-packages:${PYTHONPATH} /usr/bin/cmake --build /root/ros2_ws/build/mg400_joy -- -j16 -l16
[75.275s] DEBUG:colcon.colcon_core.event_handler.log_command:Invoking command in '/root/ros2_ws/build/mg400_joy': AMENT_PREFIX_PATH=/root/ros2_ws/install/mg400_interface:/root/ros2_ws/install/p9n_interface:/root/ros2_ws/install/mg400_msgs:/root/ros2_ws/install/mg400_common:${AMENT_PREFIX_PATH} CMAKE_PREFIX_PATH=/root/ros2_ws/install/mg400_interface:/root/ros2_ws/install/p9n_interface:/root/ros2_ws/install/mg400_msgs:/root/ros2_ws/install/mg400_common:/opt/ros/humble LD_LIBRARY_PATH=/root/ros2_ws/install/mg400_interface/lib:/root/ros2_ws/install/p9n_interface/lib:/root/ros2_ws/install/mg400_msgs/lib:/root/ros2_ws/install/mg400_common/lib:${LD_LIBRARY_PATH} PYTHONPATH=/root/ros2_ws/install/mg400_msgs/local/lib/python3.10/dist-packages:${PYTHONPATH} /usr/bin/cmake --install /root/ros2_ws/build/mg400_joy
[75.616s] Level 1:colcon.colcon_core.environment:create_environment_scripts_only(mg400_joy)
[75.626s] Level 1:colcon.colcon_core.environment:checking '/root/ros2_ws/install/mg400_joy' for CMake module files
[75.626s] DEBUG:colcon.colcon_core.event_handler.log_command:Invoked command in '/root/ros2_ws/build/mg400_joy' returned '0': AMENT_PREFIX_PATH=/root/ros2_ws/install/mg400_interface:/root/ros2_ws/install/p9n_interface:/root/ros2_ws/install/mg400_msgs:/root/ros2_ws/install/mg400_common:${AMENT_PREFIX_PATH} CMAKE_PREFIX_PATH=/root/ros2_ws/install/mg400_interface:/root/ros2_ws/install/p9n_interface:/root/ros2_ws/install/mg400_msgs:/root/ros2_ws/install/mg400_common:/opt/ros/humble LD_LIBRARY_PATH=/root/ros2_ws/install/mg400_interface/lib:/root/ros2_ws/install/p9n_interface/lib:/root/ros2_ws/install/mg400_msgs/lib:/root/ros2_ws/install/mg400_common/lib:${LD_LIBRARY_PATH} PYTHONPATH=/root/ros2_ws/install/mg400_msgs/local/lib/python3.10/dist-packages:${PYTHONPATH} /usr/bin/cmake --install /root/ros2_ws/build/mg400_joy
[75.628s] Level 1:colcon.colcon_core.environment:checking '/root/ros2_ws/install/mg400_joy' for CMake config files
[75.630s] Level 1:colcon.colcon_core.shell:create_environment_hook('mg400_joy', 'cmake_prefix_path')
[75.633s] INFO:colcon.colcon_core.shell:Creating environment hook '/root/ros2_ws/install/mg400_joy/share/mg400_joy/hook/cmake_prefix_path.ps1'
[75.647s] INFO:colcon.colcon_core.shell:Creating environment descriptor '/root/ros2_ws/install/mg400_joy/share/mg400_joy/hook/cmake_prefix_path.dsv'
[75.649s] INFO:colcon.colcon_core.shell:Creating environment hook '/root/ros2_ws/install/mg400_joy/share/mg400_joy/hook/cmake_prefix_path.sh'
[75.653s] Level 1:colcon.colcon_core.environment:checking '/root/ros2_ws/install/mg400_joy/lib'
[75.654s] Level 1:colcon.colcon_core.shell:create_environment_hook('mg400_joy', 'ld_library_path_lib')
[75.654s] INFO:colcon.colcon_core.shell:Creating environment hook '/root/ros2_ws/install/mg400_joy/share/mg400_joy/hook/ld_library_path_lib.ps1'
[75.655s] INFO:colcon.colcon_core.shell:Creating environment descriptor '/root/ros2_ws/install/mg400_joy/share/mg400_joy/hook/ld_library_path_lib.dsv'
[75.656s] INFO:colcon.colcon_core.shell:Creating environment hook '/root/ros2_ws/install/mg400_joy/share/mg400_joy/hook/ld_library_path_lib.sh'
[75.657s] Level 1:colcon.colcon_core.environment:checking '/root/ros2_ws/install/mg400_joy/bin'
[75.657s] Level 1:colcon.colcon_core.environment:checking '/root/ros2_ws/install/mg400_joy/lib/pkgconfig/mg400_joy.pc'
[75.662s] Level 1:colcon.colcon_core.environment:checking '/root/ros2_ws/install/mg400_joy/lib/python3.10/site-packages'
[75.662s] Level 1:colcon.colcon_core.environment:checking '/root/ros2_ws/install/mg400_joy/bin'
[75.663s] INFO:colcon.colcon_core.shell:Creating package script '/root/ros2_ws/install/mg400_joy/share/mg400_joy/package.ps1'
[75.666s] INFO:colcon.colcon_core.shell:Creating package descriptor '/root/ros2_ws/install/mg400_joy/share/mg400_joy/package.dsv'
[75.667s] INFO:colcon.colcon_core.shell:Creating package script '/root/ros2_ws/install/mg400_joy/share/mg400_joy/package.sh'
[75.668s] INFO:colcon.colcon_core.shell:Creating package script '/root/ros2_ws/install/mg400_joy/share/mg400_joy/package.bash'
[75.670s] INFO:colcon.colcon_core.shell:Creating package script '/root/ros2_ws/install/mg400_joy/share/mg400_joy/package.zsh'
[75.671s] Level 1:colcon.colcon_core.environment:create_file_with_runtime_dependencies(/root/ros2_ws/install/mg400_joy/share/colcon-core/packages/mg400_joy)
[75.673s] Level 1:colcon.colcon_core.environment:create_environment_scripts_only(mg400_joy)
[75.674s] Level 1:colcon.colcon_core.environment:checking '/root/ros2_ws/install/mg400_joy' for CMake module files
[75.674s] Level 1:colcon.colcon_core.environment:checking '/root/ros2_ws/install/mg400_joy' for CMake config files
[75.675s] Level 1:colcon.colcon_core.shell:create_environment_hook('mg400_joy', 'cmake_prefix_path')
[75.675s] INFO:colcon.colcon_core.shell:Creating environment hook '/root/ros2_ws/install/mg400_joy/share/mg400_joy/hook/cmake_prefix_path.ps1'
[75.676s] INFO:colcon.colcon_core.shell:Creating environment descriptor '/root/ros2_ws/install/mg400_joy/share/mg400_joy/hook/cmake_prefix_path.dsv'
[75.676s] INFO:colcon.colcon_core.shell:Creating environment hook '/root/ros2_ws/install/mg400_joy/share/mg400_joy/hook/cmake_prefix_path.sh'
[75.677s] Level 1:colcon.colcon_core.environment:checking '/root/ros2_ws/install/mg400_joy/lib'
[75.677s] Level 1:colcon.colcon_core.shell:create_environment_hook('mg400_joy', 'ld_library_path_lib')
[75.678s] INFO:colcon.colcon_core.shell:Creating environment hook '/root/ros2_ws/install/mg400_joy/share/mg400_joy/hook/ld_library_path_lib.ps1'
[75.697s] INFO:colcon.colcon_core.shell:Creating environment descriptor '/root/ros2_ws/install/mg400_joy/share/mg400_joy/hook/ld_library_path_lib.dsv'
[75.698s] INFO:colcon.colcon_core.shell:Creating environment hook '/root/ros2_ws/install/mg400_joy/share/mg400_joy/hook/ld_library_path_lib.sh'
[75.699s] Level 1:colcon.colcon_core.environment:checking '/root/ros2_ws/install/mg400_joy/bin'
[75.699s] Level 1:colcon.colcon_core.environment:checking '/root/ros2_ws/install/mg400_joy/lib/pkgconfig/mg400_joy.pc'
[75.700s] Level 1:colcon.colcon_core.environment:checking '/root/ros2_ws/install/mg400_joy/lib/python3.10/site-packages'
[75.700s] Level 1:colcon.colcon_core.environment:checking '/root/ros2_ws/install/mg400_joy/bin'
[75.700s] INFO:colcon.colcon_core.shell:Creating package script '/root/ros2_ws/install/mg400_joy/share/mg400_joy/package.ps1'
[75.702s] INFO:colcon.colcon_core.shell:Creating package descriptor '/root/ros2_ws/install/mg400_joy/share/mg400_joy/package.dsv'
[75.702s] INFO:colcon.colcon_core.shell:Creating package script '/root/ros2_ws/install/mg400_joy/share/mg400_joy/package.sh'
[75.703s] INFO:colcon.colcon_core.shell:Creating package script '/root/ros2_ws/install/mg400_joy/share/mg400_joy/package.bash'
[75.704s] INFO:colcon.colcon_core.shell:Creating package script '/root/ros2_ws/install/mg400_joy/share/mg400_joy/package.zsh'
[75.704s] Level 1:colcon.colcon_core.environment:create_file_with_runtime_dependencies(/root/ros2_ws/install/mg400_joy/share/colcon-core/packages/mg400_joy)
[81.152s] DEBUG:colcon.colcon_core.event_handler.log_command:Invoked command in '/root/ros2_ws/build/mg400_rviz_plugin' returned '0': AMENT_PREFIX_PATH=/root/ros2_ws/install/mg400_interface:/root/ros2_ws/install/mg400_msgs:/root/ros2_ws/install/mg400_common:${AMENT_PREFIX_PATH} CMAKE_PREFIX_PATH=/root/ros2_ws/install/mg400_interface:/root/ros2_ws/install/mg400_msgs:/root/ros2_ws/install/mg400_common:/opt/ros/humble LD_LIBRARY_PATH=/root/ros2_ws/install/mg400_interface/lib:/root/ros2_ws/install/mg400_msgs/lib:/root/ros2_ws/install/mg400_common/lib:${LD_LIBRARY_PATH} PYTHONPATH=/root/ros2_ws/install/mg400_msgs/local/lib/python3.10/dist-packages:${PYTHONPATH} /usr/bin/cmake --build /root/ros2_ws/build/mg400_rviz_plugin -- -j16 -l16
[81.155s] DEBUG:colcon.colcon_core.event_handler.log_command:Invoking command in '/root/ros2_ws/build/mg400_rviz_plugin': AMENT_PREFIX_PATH=/root/ros2_ws/install/mg400_interface:/root/ros2_ws/install/mg400_msgs:/root/ros2_ws/install/mg400_common:${AMENT_PREFIX_PATH} CMAKE_PREFIX_PATH=/root/ros2_ws/install/mg400_interface:/root/ros2_ws/install/mg400_msgs:/root/ros2_ws/install/mg400_common:/opt/ros/humble LD_LIBRARY_PATH=/root/ros2_ws/install/mg400_interface/lib:/root/ros2_ws/install/mg400_msgs/lib:/root/ros2_ws/install/mg400_common/lib:${LD_LIBRARY_PATH} PYTHONPATH=/root/ros2_ws/install/mg400_msgs/local/lib/python3.10/dist-packages:${PYTHONPATH} /usr/bin/cmake --install /root/ros2_ws/build/mg400_rviz_plugin
[81.369s] Level 1:colcon.colcon_core.environment:create_environment_scripts_only(mg400_rviz_plugin)
[81.369s] Level 1:colcon.colcon_core.environment:checking '/root/ros2_ws/install/mg400_rviz_plugin' for CMake module files
[81.370s] DEBUG:colcon.colcon_core.event_handler.log_command:Invoked command in '/root/ros2_ws/build/mg400_rviz_plugin' returned '0': AMENT_PREFIX_PATH=/root/ros2_ws/install/mg400_interface:/root/ros2_ws/install/mg400_msgs:/root/ros2_ws/install/mg400_common:${AMENT_PREFIX_PATH} CMAKE_PREFIX_PATH=/root/ros2_ws/install/mg400_interface:/root/ros2_ws/install/mg400_msgs:/root/ros2_ws/install/mg400_common:/opt/ros/humble LD_LIBRARY_PATH=/root/ros2_ws/install/mg400_interface/lib:/root/ros2_ws/install/mg400_msgs/lib:/root/ros2_ws/install/mg400_common/lib:${LD_LIBRARY_PATH} PYTHONPATH=/root/ros2_ws/install/mg400_msgs/local/lib/python3.10/dist-packages:${PYTHONPATH} /usr/bin/cmake --install /root/ros2_ws/build/mg400_rviz_plugin
[81.370s] Level 1:colcon.colcon_core.environment:checking '/root/ros2_ws/install/mg400_rviz_plugin' for CMake config files
[81.371s] Level 1:colcon.colcon_core.shell:create_environment_hook('mg400_rviz_plugin', 'cmake_prefix_path')
[81.371s] INFO:colcon.colcon_core.shell:Creating environment hook '/root/ros2_ws/install/mg400_rviz_plugin/share/mg400_rviz_plugin/hook/cmake_prefix_path.ps1'
[81.371s] INFO:colcon.colcon_core.shell:Creating environment descriptor '/root/ros2_ws/install/mg400_rviz_plugin/share/mg400_rviz_plugin/hook/cmake_prefix_path.dsv'
[81.371s] INFO:colcon.colcon_core.shell:Creating environment hook '/root/ros2_ws/install/mg400_rviz_plugin/share/mg400_rviz_plugin/hook/cmake_prefix_path.sh'
[81.372s] Level 1:colcon.colcon_core.environment:checking '/root/ros2_ws/install/mg400_rviz_plugin/lib'
[81.372s] Level 1:colcon.colcon_core.shell:create_environment_hook('mg400_rviz_plugin', 'ld_library_path_lib')
[81.372s] INFO:colcon.colcon_core.shell:Creating environment hook '/root/ros2_ws/install/mg400_rviz_plugin/share/mg400_rviz_plugin/hook/ld_library_path_lib.ps1'
[81.372s] INFO:colcon.colcon_core.shell:Creating environment descriptor '/root/ros2_ws/install/mg400_rviz_plugin/share/mg400_rviz_plugin/hook/ld_library_path_lib.dsv'
[81.373s] INFO:colcon.colcon_core.shell:Creating environment hook '/root/ros2_ws/install/mg400_rviz_plugin/share/mg400_rviz_plugin/hook/ld_library_path_lib.sh'
[81.373s] Level 1:colcon.colcon_core.environment:checking '/root/ros2_ws/install/mg400_rviz_plugin/bin'
[81.373s] Level 1:colcon.colcon_core.environment:checking '/root/ros2_ws/install/mg400_rviz_plugin/lib/pkgconfig/mg400_rviz_plugin.pc'
[81.374s] Level 1:colcon.colcon_core.environment:checking '/root/ros2_ws/install/mg400_rviz_plugin/lib/python3.10/site-packages'
[81.374s] Level 1:colcon.colcon_core.environment:checking '/root/ros2_ws/install/mg400_rviz_plugin/bin'
[81.374s] INFO:colcon.colcon_core.shell:Creating package script '/root/ros2_ws/install/mg400_rviz_plugin/share/mg400_rviz_plugin/package.ps1'
[81.375s] INFO:colcon.colcon_core.shell:Creating package descriptor '/root/ros2_ws/install/mg400_rviz_plugin/share/mg400_rviz_plugin/package.dsv'
[81.375s] INFO:colcon.colcon_core.shell:Creating package script '/root/ros2_ws/install/mg400_rviz_plugin/share/mg400_rviz_plugin/package.sh'
[81.375s] INFO:colcon.colcon_core.shell:Creating package script '/root/ros2_ws/install/mg400_rviz_plugin/share/mg400_rviz_plugin/package.bash'
[81.376s] INFO:colcon.colcon_core.shell:Creating package script '/root/ros2_ws/install/mg400_rviz_plugin/share/mg400_rviz_plugin/package.zsh'
[81.376s] Level 1:colcon.colcon_core.environment:create_file_with_runtime_dependencies(/root/ros2_ws/install/mg400_rviz_plugin/share/colcon-core/packages/mg400_rviz_plugin)
[81.377s] Level 1:colcon.colcon_core.environment:create_environment_scripts_only(mg400_rviz_plugin)
[81.377s] Level 1:colcon.colcon_core.environment:checking '/root/ros2_ws/install/mg400_rviz_plugin' for CMake module files
[81.377s] Level 1:colcon.colcon_core.environment:checking '/root/ros2_ws/install/mg400_rviz_plugin' for CMake config files
[81.378s] Level 1:colcon.colcon_core.shell:create_environment_hook('mg400_rviz_plugin', 'cmake_prefix_path')
[81.378s] INFO:colcon.colcon_core.shell:Creating environment hook '/root/ros2_ws/install/mg400_rviz_plugin/share/mg400_rviz_plugin/hook/cmake_prefix_path.ps1'
[81.378s] INFO:colcon.colcon_core.shell:Creating environment descriptor '/root/ros2_ws/install/mg400_rviz_plugin/share/mg400_rviz_plugin/hook/cmake_prefix_path.dsv'
[81.378s] INFO:colcon.colcon_core.shell:Creating environment hook '/root/ros2_ws/install/mg400_rviz_plugin/share/mg400_rviz_plugin/hook/cmake_prefix_path.sh'
[81.379s] Level 1:colcon.colcon_core.environment:checking '/root/ros2_ws/install/mg400_rviz_plugin/lib'
[81.379s] Level 1:colcon.colcon_core.shell:create_environment_hook('mg400_rviz_plugin', 'ld_library_path_lib')
[81.379s] INFO:colcon.colcon_core.shell:Creating environment hook '/root/ros2_ws/install/mg400_rviz_plugin/share/mg400_rviz_plugin/hook/ld_library_path_lib.ps1'
[81.379s] INFO:colcon.colcon_core.shell:Creating environment descriptor '/root/ros2_ws/install/mg400_rviz_plugin/share/mg400_rviz_plugin/hook/ld_library_path_lib.dsv'
[81.380s] INFO:colcon.colcon_core.shell:Creating environment hook '/root/ros2_ws/install/mg400_rviz_plugin/share/mg400_rviz_plugin/hook/ld_library_path_lib.sh'
[81.380s] Level 1:colcon.colcon_core.environment:checking '/root/ros2_ws/install/mg400_rviz_plugin/bin'
[81.380s] Level 1:colcon.colcon_core.environment:checking '/root/ros2_ws/install/mg400_rviz_plugin/lib/pkgconfig/mg400_rviz_plugin.pc'
[81.380s] Level 1:colcon.colcon_core.environment:checking '/root/ros2_ws/install/mg400_rviz_plugin/lib/python3.10/site-packages'
[81.380s] Level 1:colcon.colcon_core.environment:checking '/root/ros2_ws/install/mg400_rviz_plugin/bin'
[81.381s] INFO:colcon.colcon_core.shell:Creating package script '/root/ros2_ws/install/mg400_rviz_plugin/share/mg400_rviz_plugin/package.ps1'
[81.381s] INFO:colcon.colcon_core.shell:Creating package descriptor '/root/ros2_ws/install/mg400_rviz_plugin/share/mg400_rviz_plugin/package.dsv'
[81.382s] INFO:colcon.colcon_core.shell:Creating package script '/root/ros2_ws/install/mg400_rviz_plugin/share/mg400_rviz_plugin/package.sh'
[81.382s] INFO:colcon.colcon_core.shell:Creating package script '/root/ros2_ws/install/mg400_rviz_plugin/share/mg400_rviz_plugin/package.bash'
[81.382s] INFO:colcon.colcon_core.shell:Creating package script '/root/ros2_ws/install/mg400_rviz_plugin/share/mg400_rviz_plugin/package.zsh'
[81.383s] Level 1:colcon.colcon_core.environment:create_file_with_runtime_dependencies(/root/ros2_ws/install/mg400_rviz_plugin/share/colcon-core/packages/mg400_rviz_plugin)
[82.673s] DEBUG:colcon.colcon_core.event_handler.log_command:Invoked command in '/root/ros2_ws/build/mg400_plugin' returned '0': AMENT_PREFIX_PATH=/root/ros2_ws/install/mg400_plugin_base:/root/ros2_ws/install/mg400_interface:/root/ros2_ws/install/mg400_msgs:/root/ros2_ws/install/mg400_common:${AMENT_PREFIX_PATH} CMAKE_PREFIX_PATH=/root/ros2_ws/install/mg400_plugin_base:/root/ros2_ws/install/mg400_interface:/root/ros2_ws/install/mg400_msgs:/root/ros2_ws/install/mg400_common:/opt/ros/humble LD_LIBRARY_PATH=/root/ros2_ws/install/mg400_interface/lib:/root/ros2_ws/install/mg400_msgs/lib:/root/ros2_ws/install/mg400_common/lib:${LD_LIBRARY_PATH} PYTHONPATH=/root/ros2_ws/install/mg400_msgs/local/lib/python3.10/dist-packages:${PYTHONPATH} /usr/bin/cmake --build /root/ros2_ws/build/mg400_plugin -- -j16 -l16
[82.675s] DEBUG:colcon.colcon_core.event_handler.log_command:Invoking command in '/root/ros2_ws/build/mg400_plugin': AMENT_PREFIX_PATH=/root/ros2_ws/install/mg400_plugin_base:/root/ros2_ws/install/mg400_interface:/root/ros2_ws/install/mg400_msgs:/root/ros2_ws/install/mg400_common:${AMENT_PREFIX_PATH} CMAKE_PREFIX_PATH=/root/ros2_ws/install/mg400_plugin_base:/root/ros2_ws/install/mg400_interface:/root/ros2_ws/install/mg400_msgs:/root/ros2_ws/install/mg400_common:/opt/ros/humble LD_LIBRARY_PATH=/root/ros2_ws/install/mg400_interface/lib:/root/ros2_ws/install/mg400_msgs/lib:/root/ros2_ws/install/mg400_common/lib:${LD_LIBRARY_PATH} PYTHONPATH=/root/ros2_ws/install/mg400_msgs/local/lib/python3.10/dist-packages:${PYTHONPATH} /usr/bin/cmake --install /root/ros2_ws/build/mg400_plugin
[83.141s] Level 1:colcon.colcon_core.environment:create_environment_scripts_only(mg400_plugin)
[83.142s] Level 1:colcon.colcon_core.environment:checking '/root/ros2_ws/install/mg400_plugin' for CMake module files
[83.143s] DEBUG:colcon.colcon_core.event_handler.log_command:Invoked command in '/root/ros2_ws/build/mg400_plugin' returned '0': AMENT_PREFIX_PATH=/root/ros2_ws/install/mg400_plugin_base:/root/ros2_ws/install/mg400_interface:/root/ros2_ws/install/mg400_msgs:/root/ros2_ws/install/mg400_common:${AMENT_PREFIX_PATH} CMAKE_PREFIX_PATH=/root/ros2_ws/install/mg400_plugin_base:/root/ros2_ws/install/mg400_interface:/root/ros2_ws/install/mg400_msgs:/root/ros2_ws/install/mg400_common:/opt/ros/humble LD_LIBRARY_PATH=/root/ros2_ws/install/mg400_interface/lib:/root/ros2_ws/install/mg400_msgs/lib:/root/ros2_ws/install/mg400_common/lib:${LD_LIBRARY_PATH} PYTHONPATH=/root/ros2_ws/install/mg400_msgs/local/lib/python3.10/dist-packages:${PYTHONPATH} /usr/bin/cmake --install /root/ros2_ws/build/mg400_plugin
[83.143s] Level 1:colcon.colcon_core.environment:checking '/root/ros2_ws/install/mg400_plugin' for CMake config files
[83.143s] Level 1:colcon.colcon_core.shell:create_environment_hook('mg400_plugin', 'cmake_prefix_path')
[83.143s] INFO:colcon.colcon_core.shell:Creating environment hook '/root/ros2_ws/install/mg400_plugin/share/mg400_plugin/hook/cmake_prefix_path.ps1'
[83.144s] INFO:colcon.colcon_core.shell:Creating environment descriptor '/root/ros2_ws/install/mg400_plugin/share/mg400_plugin/hook/cmake_prefix_path.dsv'
[83.144s] INFO:colcon.colcon_core.shell:Creating environment hook '/root/ros2_ws/install/mg400_plugin/share/mg400_plugin/hook/cmake_prefix_path.sh'
[83.145s] Level 1:colcon.colcon_core.environment:checking '/root/ros2_ws/install/mg400_plugin/lib'
[83.145s] Level 1:colcon.colcon_core.shell:create_environment_hook('mg400_plugin', 'ld_library_path_lib')
[83.145s] INFO:colcon.colcon_core.shell:Creating environment hook '/root/ros2_ws/install/mg400_plugin/share/mg400_plugin/hook/ld_library_path_lib.ps1'
[83.145s] INFO:colcon.colcon_core.shell:Creating environment descriptor '/root/ros2_ws/install/mg400_plugin/share/mg400_plugin/hook/ld_library_path_lib.dsv'
[83.145s] INFO:colcon.colcon_core.shell:Creating environment hook '/root/ros2_ws/install/mg400_plugin/share/mg400_plugin/hook/ld_library_path_lib.sh'
[83.146s] Level 1:colcon.colcon_core.environment:checking '/root/ros2_ws/install/mg400_plugin/bin'
[83.146s] Level 1:colcon.colcon_core.environment:checking '/root/ros2_ws/install/mg400_plugin/lib/pkgconfig/mg400_plugin.pc'
[83.146s] Level 1:colcon.colcon_core.environment:checking '/root/ros2_ws/install/mg400_plugin/lib/python3.10/site-packages'
[83.146s] Level 1:colcon.colcon_core.environment:checking '/root/ros2_ws/install/mg400_plugin/bin'
[83.147s] INFO:colcon.colcon_core.shell:Creating package script '/root/ros2_ws/install/mg400_plugin/share/mg400_plugin/package.ps1'
[83.147s] INFO:colcon.colcon_core.shell:Creating package descriptor '/root/ros2_ws/install/mg400_plugin/share/mg400_plugin/package.dsv'
[83.147s] INFO:colcon.colcon_core.shell:Creating package script '/root/ros2_ws/install/mg400_plugin/share/mg400_plugin/package.sh'
[83.148s] INFO:colcon.colcon_core.shell:Creating package script '/root/ros2_ws/install/mg400_plugin/share/mg400_plugin/package.bash'
[83.148s] INFO:colcon.colcon_core.shell:Creating package script '/root/ros2_ws/install/mg400_plugin/share/mg400_plugin/package.zsh'
[83.148s] Level 1:colcon.colcon_core.environment:create_file_with_runtime_dependencies(/root/ros2_ws/install/mg400_plugin/share/colcon-core/packages/mg400_plugin)
[83.149s] Level 1:colcon.colcon_core.environment:create_environment_scripts_only(mg400_plugin)
[83.149s] Level 1:colcon.colcon_core.environment:checking '/root/ros2_ws/install/mg400_plugin' for CMake module files
[83.149s] Level 1:colcon.colcon_core.environment:checking '/root/ros2_ws/install/mg400_plugin' for CMake config files
[83.150s] Level 1:colcon.colcon_core.shell:create_environment_hook('mg400_plugin', 'cmake_prefix_path')
[83.150s] INFO:colcon.colcon_core.shell:Creating environment hook '/root/ros2_ws/install/mg400_plugin/share/mg400_plugin/hook/cmake_prefix_path.ps1'
[83.150s] INFO:colcon.colcon_core.shell:Creating environment descriptor '/root/ros2_ws/install/mg400_plugin/share/mg400_plugin/hook/cmake_prefix_path.dsv'
[83.150s] INFO:colcon.colcon_core.shell:Creating environment hook '/root/ros2_ws/install/mg400_plugin/share/mg400_plugin/hook/cmake_prefix_path.sh'
[83.151s] Level 1:colcon.colcon_core.environment:checking '/root/ros2_ws/install/mg400_plugin/lib'
[83.151s] Level 1:colcon.colcon_core.shell:create_environment_hook('mg400_plugin', 'ld_library_path_lib')
[83.151s] INFO:colcon.colcon_core.shell:Creating environment hook '/root/ros2_ws/install/mg400_plugin/share/mg400_plugin/hook/ld_library_path_lib.ps1'
[83.151s] INFO:colcon.colcon_core.shell:Creating environment descriptor '/root/ros2_ws/install/mg400_plugin/share/mg400_plugin/hook/ld_library_path_lib.dsv'
[83.151s] INFO:colcon.colcon_core.shell:Creating environment hook '/root/ros2_ws/install/mg400_plugin/share/mg400_plugin/hook/ld_library_path_lib.sh'
[83.152s] Level 1:colcon.colcon_core.environment:checking '/root/ros2_ws/install/mg400_plugin/bin'
[83.152s] Level 1:colcon.colcon_core.environment:checking '/root/ros2_ws/install/mg400_plugin/lib/pkgconfig/mg400_plugin.pc'
[83.152s] Level 1:colcon.colcon_core.environment:checking '/root/ros2_ws/install/mg400_plugin/lib/python3.10/site-packages'
[83.152s] Level 1:colcon.colcon_core.environment:checking '/root/ros2_ws/install/mg400_plugin/bin'
[83.152s] INFO:colcon.colcon_core.shell:Creating package script '/root/ros2_ws/install/mg400_plugin/share/mg400_plugin/package.ps1'
[83.153s] INFO:colcon.colcon_core.shell:Creating package descriptor '/root/ros2_ws/install/mg400_plugin/share/mg400_plugin/package.dsv'
[83.153s] INFO:colcon.colcon_core.shell:Creating package script '/root/ros2_ws/install/mg400_plugin/share/mg400_plugin/package.sh'
[83.154s] INFO:colcon.colcon_core.shell:Creating package script '/root/ros2_ws/install/mg400_plugin/share/mg400_plugin/package.bash'
[83.154s] INFO:colcon.colcon_core.shell:Creating package script '/root/ros2_ws/install/mg400_plugin/share/mg400_plugin/package.zsh'
[83.154s] Level 1:colcon.colcon_core.environment:create_file_with_runtime_dependencies(/root/ros2_ws/install/mg400_plugin/share/colcon-core/packages/mg400_plugin)
[83.155s] INFO:colcon.colcon_ros.task.ament_cmake.build:Building ROS package in '/root/ros2_ws/src/MG400_ROS2/mg400_node' with build type 'ament_cmake'
[83.156s] INFO:colcon.colcon_cmake.task.cmake.build:Building CMake package in '/root/ros2_ws/src/MG400_ROS2/mg400_node'
[83.156s] INFO:colcon.colcon_core.shell:Skip shell extension 'powershell' for command environment: Not usable outside of PowerShell
[83.156s] DEBUG:colcon.colcon_core.shell:Skip shell extension 'dsv' for command environment
[83.183s] DEBUG:colcon.colcon_core.event_handler.log_command:Invoking command in '/root/ros2_ws/build/mg400_node': AMENT_PREFIX_PATH=/root/ros2_ws/install/mg400_plugin:/root/ros2_ws/install/mg400_plugin_base:/root/ros2_ws/install/mg400_interface:/root/ros2_ws/install/mg400_msgs:/root/ros2_ws/install/mg400_common:${AMENT_PREFIX_PATH} CMAKE_PREFIX_PATH=/root/ros2_ws/install/mg400_plugin:/root/ros2_ws/install/mg400_plugin_base:/root/ros2_ws/install/mg400_interface:/root/ros2_ws/install/mg400_msgs:/root/ros2_ws/install/mg400_common:/opt/ros/humble LD_LIBRARY_PATH=/root/ros2_ws/install/mg400_plugin/lib:/root/ros2_ws/install/mg400_interface/lib:/root/ros2_ws/install/mg400_msgs/lib:/root/ros2_ws/install/mg400_common/lib:${LD_LIBRARY_PATH} PYTHONPATH=/root/ros2_ws/install/mg400_msgs/local/lib/python3.10/dist-packages:${PYTHONPATH} /usr/bin/cmake /root/ros2_ws/src/MG400_ROS2/mg400_node -DAMENT_CMAKE_SYMLINK_INSTALL=1 -DCMAKE_INSTALL_PREFIX=/root/ros2_ws/install/mg400_node
[84.827s] DEBUG:colcon.colcon_core.event_handler.log_command:Invoked command in '/root/ros2_ws/build/mg400_node' returned '0': AMENT_PREFIX_PATH=/root/ros2_ws/install/mg400_plugin:/root/ros2_ws/install/mg400_plugin_base:/root/ros2_ws/install/mg400_interface:/root/ros2_ws/install/mg400_msgs:/root/ros2_ws/install/mg400_common:${AMENT_PREFIX_PATH} CMAKE_PREFIX_PATH=/root/ros2_ws/install/mg400_plugin:/root/ros2_ws/install/mg400_plugin_base:/root/ros2_ws/install/mg400_interface:/root/ros2_ws/install/mg400_msgs:/root/ros2_ws/install/mg400_common:/opt/ros/humble LD_LIBRARY_PATH=/root/ros2_ws/install/mg400_plugin/lib:/root/ros2_ws/install/mg400_interface/lib:/root/ros2_ws/install/mg400_msgs/lib:/root/ros2_ws/install/mg400_common/lib:${LD_LIBRARY_PATH} PYTHONPATH=/root/ros2_ws/install/mg400_msgs/local/lib/python3.10/dist-packages:${PYTHONPATH} /usr/bin/cmake /root/ros2_ws/src/MG400_ROS2/mg400_node -DAMENT_CMAKE_SYMLINK_INSTALL=1 -DCMAKE_INSTALL_PREFIX=/root/ros2_ws/install/mg400_node
[84.830s] DEBUG:colcon.colcon_core.event_handler.log_command:Invoking command in '/root/ros2_ws/build/mg400_node': AMENT_PREFIX_PATH=/root/ros2_ws/install/mg400_plugin:/root/ros2_ws/install/mg400_plugin_base:/root/ros2_ws/install/mg400_interface:/root/ros2_ws/install/mg400_msgs:/root/ros2_ws/install/mg400_common:${AMENT_PREFIX_PATH} CMAKE_PREFIX_PATH=/root/ros2_ws/install/mg400_plugin:/root/ros2_ws/install/mg400_plugin_base:/root/ros2_ws/install/mg400_interface:/root/ros2_ws/install/mg400_msgs:/root/ros2_ws/install/mg400_common:/opt/ros/humble LD_LIBRARY_PATH=/root/ros2_ws/install/mg400_plugin/lib:/root/ros2_ws/install/mg400_interface/lib:/root/ros2_ws/install/mg400_msgs/lib:/root/ros2_ws/install/mg400_common/lib:${LD_LIBRARY_PATH} PYTHONPATH=/root/ros2_ws/install/mg400_msgs/local/lib/python3.10/dist-packages:${PYTHONPATH} /usr/bin/cmake --build /root/ros2_ws/build/mg400_node -- -j16 -l16
[95.117s] DEBUG:colcon.colcon_core.event_handler.log_command:Invoked command in '/root/ros2_ws/build/mg400_node' returned '0': AMENT_PREFIX_PATH=/root/ros2_ws/install/mg400_plugin:/root/ros2_ws/install/mg400_plugin_base:/root/ros2_ws/install/mg400_interface:/root/ros2_ws/install/mg400_msgs:/root/ros2_ws/install/mg400_common:${AMENT_PREFIX_PATH} CMAKE_PREFIX_PATH=/root/ros2_ws/install/mg400_plugin:/root/ros2_ws/install/mg400_plugin_base:/root/ros2_ws/install/mg400_interface:/root/ros2_ws/install/mg400_msgs:/root/ros2_ws/install/mg400_common:/opt/ros/humble LD_LIBRARY_PATH=/root/ros2_ws/install/mg400_plugin/lib:/root/ros2_ws/install/mg400_interface/lib:/root/ros2_ws/install/mg400_msgs/lib:/root/ros2_ws/install/mg400_common/lib:${LD_LIBRARY_PATH} PYTHONPATH=/root/ros2_ws/install/mg400_msgs/local/lib/python3.10/dist-packages:${PYTHONPATH} /usr/bin/cmake --build /root/ros2_ws/build/mg400_node -- -j16 -l16
[95.119s] DEBUG:colcon.colcon_core.event_handler.log_command:Invoking command in '/root/ros2_ws/build/mg400_node': AMENT_PREFIX_PATH=/root/ros2_ws/install/mg400_plugin:/root/ros2_ws/install/mg400_plugin_base:/root/ros2_ws/install/mg400_interface:/root/ros2_ws/install/mg400_msgs:/root/ros2_ws/install/mg400_common:${AMENT_PREFIX_PATH} CMAKE_PREFIX_PATH=/root/ros2_ws/install/mg400_plugin:/root/ros2_ws/install/mg400_plugin_base:/root/ros2_ws/install/mg400_interface:/root/ros2_ws/install/mg400_msgs:/root/ros2_ws/install/mg400_common:/opt/ros/humble LD_LIBRARY_PATH=/root/ros2_ws/install/mg400_plugin/lib:/root/ros2_ws/install/mg400_interface/lib:/root/ros2_ws/install/mg400_msgs/lib:/root/ros2_ws/install/mg400_common/lib:${LD_LIBRARY_PATH} PYTHONPATH=/root/ros2_ws/install/mg400_msgs/local/lib/python3.10/dist-packages:${PYTHONPATH} /usr/bin/cmake --install /root/ros2_ws/build/mg400_node
[95.344s] Level 1:colcon.colcon_core.environment:create_environment_scripts_only(mg400_node)
[95.345s] Level 1:colcon.colcon_core.environment:checking '/root/ros2_ws/install/mg400_node' for CMake module files
[95.345s] DEBUG:colcon.colcon_core.event_handler.log_command:Invoked command in '/root/ros2_ws/build/mg400_node' returned '0': AMENT_PREFIX_PATH=/root/ros2_ws/install/mg400_plugin:/root/ros2_ws/install/mg400_plugin_base:/root/ros2_ws/install/mg400_interface:/root/ros2_ws/install/mg400_msgs:/root/ros2_ws/install/mg400_common:${AMENT_PREFIX_PATH} CMAKE_PREFIX_PATH=/root/ros2_ws/install/mg400_plugin:/root/ros2_ws/install/mg400_plugin_base:/root/ros2_ws/install/mg400_interface:/root/ros2_ws/install/mg400_msgs:/root/ros2_ws/install/mg400_common:/opt/ros/humble LD_LIBRARY_PATH=/root/ros2_ws/install/mg400_plugin/lib:/root/ros2_ws/install/mg400_interface/lib:/root/ros2_ws/install/mg400_msgs/lib:/root/ros2_ws/install/mg400_common/lib:${LD_LIBRARY_PATH} PYTHONPATH=/root/ros2_ws/install/mg400_msgs/local/lib/python3.10/dist-packages:${PYTHONPATH} /usr/bin/cmake --install /root/ros2_ws/build/mg400_node
[95.346s] Level 1:colcon.colcon_core.environment:checking '/root/ros2_ws/install/mg400_node' for CMake config files
[95.346s] Level 1:colcon.colcon_core.shell:create_environment_hook('mg400_node', 'cmake_prefix_path')
[95.347s] INFO:colcon.colcon_core.shell:Creating environment hook '/root/ros2_ws/install/mg400_node/share/mg400_node/hook/cmake_prefix_path.ps1'
[95.347s] INFO:colcon.colcon_core.shell:Creating environment descriptor '/root/ros2_ws/install/mg400_node/share/mg400_node/hook/cmake_prefix_path.dsv'
[95.347s] INFO:colcon.colcon_core.shell:Creating environment hook '/root/ros2_ws/install/mg400_node/share/mg400_node/hook/cmake_prefix_path.sh'
[95.348s] Level 1:colcon.colcon_core.environment:checking '/root/ros2_ws/install/mg400_node/lib'
[95.348s] Level 1:colcon.colcon_core.shell:create_environment_hook('mg400_node', 'ld_library_path_lib')
[95.348s] INFO:colcon.colcon_core.shell:Creating environment hook '/root/ros2_ws/install/mg400_node/share/mg400_node/hook/ld_library_path_lib.ps1'
[95.348s] INFO:colcon.colcon_core.shell:Creating environment descriptor '/root/ros2_ws/install/mg400_node/share/mg400_node/hook/ld_library_path_lib.dsv'
[95.348s] INFO:colcon.colcon_core.shell:Creating environment hook '/root/ros2_ws/install/mg400_node/share/mg400_node/hook/ld_library_path_lib.sh'
[95.349s] Level 1:colcon.colcon_core.environment:checking '/root/ros2_ws/install/mg400_node/bin'
[95.349s] Level 1:colcon.colcon_core.environment:checking '/root/ros2_ws/install/mg400_node/lib/pkgconfig/mg400_node.pc'
[95.349s] Level 1:colcon.colcon_core.environment:checking '/root/ros2_ws/install/mg400_node/lib/python3.10/site-packages'
[95.349s] Level 1:colcon.colcon_core.environment:checking '/root/ros2_ws/install/mg400_node/bin'
[95.349s] INFO:colcon.colcon_core.shell:Creating package script '/root/ros2_ws/install/mg400_node/share/mg400_node/package.ps1'
[95.350s] INFO:colcon.colcon_core.shell:Creating package descriptor '/root/ros2_ws/install/mg400_node/share/mg400_node/package.dsv'
[95.351s] INFO:colcon.colcon_core.shell:Creating package script '/root/ros2_ws/install/mg400_node/share/mg400_node/package.sh'
[95.351s] INFO:colcon.colcon_core.shell:Creating package script '/root/ros2_ws/install/mg400_node/share/mg400_node/package.bash'
[95.352s] INFO:colcon.colcon_core.shell:Creating package script '/root/ros2_ws/install/mg400_node/share/mg400_node/package.zsh'
[95.352s] Level 1:colcon.colcon_core.environment:create_file_with_runtime_dependencies(/root/ros2_ws/install/mg400_node/share/colcon-core/packages/mg400_node)
[95.352s] Level 1:colcon.colcon_core.environment:create_environment_scripts_only(mg400_node)
[95.352s] Level 1:colcon.colcon_core.environment:checking '/root/ros2_ws/install/mg400_node' for CMake module files
[95.353s] Level 1:colcon.colcon_core.environment:checking '/root/ros2_ws/install/mg400_node' for CMake config files
[95.353s] Level 1:colcon.colcon_core.shell:create_environment_hook('mg400_node', 'cmake_prefix_path')
[95.353s] INFO:colcon.colcon_core.shell:Creating environment hook '/root/ros2_ws/install/mg400_node/share/mg400_node/hook/cmake_prefix_path.ps1'
[95.354s] INFO:colcon.colcon_core.shell:Creating environment descriptor '/root/ros2_ws/install/mg400_node/share/mg400_node/hook/cmake_prefix_path.dsv'
[95.354s] INFO:colcon.colcon_core.shell:Creating environment hook '/root/ros2_ws/install/mg400_node/share/mg400_node/hook/cmake_prefix_path.sh'
[95.354s] Level 1:colcon.colcon_core.environment:checking '/root/ros2_ws/install/mg400_node/lib'
[95.354s] Level 1:colcon.colcon_core.shell:create_environment_hook('mg400_node', 'ld_library_path_lib')
[95.355s] INFO:colcon.colcon_core.shell:Creating environment hook '/root/ros2_ws/install/mg400_node/share/mg400_node/hook/ld_library_path_lib.ps1'
[95.355s] INFO:colcon.colcon_core.shell:Creating environment descriptor '/root/ros2_ws/install/mg400_node/share/mg400_node/hook/ld_library_path_lib.dsv'
[95.355s] INFO:colcon.colcon_core.shell:Creating environment hook '/root/ros2_ws/install/mg400_node/share/mg400_node/hook/ld_library_path_lib.sh'
[95.355s] Level 1:colcon.colcon_core.environment:checking '/root/ros2_ws/install/mg400_node/bin'
[95.355s] Level 1:colcon.colcon_core.environment:checking '/root/ros2_ws/install/mg400_node/lib/pkgconfig/mg400_node.pc'
[95.356s] Level 1:colcon.colcon_core.environment:checking '/root/ros2_ws/install/mg400_node/lib/python3.10/site-packages'
[95.356s] Level 1:colcon.colcon_core.environment:checking '/root/ros2_ws/install/mg400_node/bin'
[95.356s] INFO:colcon.colcon_core.shell:Creating package script '/root/ros2_ws/install/mg400_node/share/mg400_node/package.ps1'
[95.356s] INFO:colcon.colcon_core.shell:Creating package descriptor '/root/ros2_ws/install/mg400_node/share/mg400_node/package.dsv'
[95.357s] INFO:colcon.colcon_core.shell:Creating package script '/root/ros2_ws/install/mg400_node/share/mg400_node/package.sh'
[95.357s] INFO:colcon.colcon_core.shell:Creating package script '/root/ros2_ws/install/mg400_node/share/mg400_node/package.bash'
[95.357s] INFO:colcon.colcon_core.shell:Creating package script '/root/ros2_ws/install/mg400_node/share/mg400_node/package.zsh'
[95.358s] Level 1:colcon.colcon_core.environment:create_file_with_runtime_dependencies(/root/ros2_ws/install/mg400_node/share/colcon-core/packages/mg400_node)
[95.358s] INFO:colcon.colcon_ros.task.ament_python.build:Building ROS package in '/root/ros2_ws/src/MG400_ROS2/mg400_bringup' with build type 'ament_python'
[95.359s] Level 1:colcon.colcon_core.shell:create_environment_hook('mg400_bringup', 'ament_prefix_path')
[95.359s] INFO:colcon.colcon_core.shell:Creating environment hook '/root/ros2_ws/install/mg400_bringup/share/mg400_bringup/hook/ament_prefix_path.ps1'
[95.360s] INFO:colcon.colcon_core.shell:Creating environment descriptor '/root/ros2_ws/install/mg400_bringup/share/mg400_bringup/hook/ament_prefix_path.dsv'
[95.360s] INFO:colcon.colcon_core.shell:Creating environment hook '/root/ros2_ws/install/mg400_bringup/share/mg400_bringup/hook/ament_prefix_path.sh'
[95.360s] INFO:colcon.colcon_core.shell:Skip shell extension 'powershell' for command environment: Not usable outside of PowerShell
[95.361s] DEBUG:colcon.colcon_core.shell:Skip shell extension 'dsv' for command environment
[95.629s] INFO:colcon.colcon_core.task.python.build:Building Python package in '/root/ros2_ws/src/MG400_ROS2/mg400_bringup'
[95.629s] INFO:colcon.colcon_core.shell:Skip shell extension 'powershell' for command environment: Not usable outside of PowerShell
[95.629s] DEBUG:colcon.colcon_core.shell:Skip shell extension 'dsv' for command environment
[95.920s] DEBUG:colcon.colcon_core.task.python.build:Available setuptools commands: install_headers, install_egg_info, bdist, develop, install_lib, egg_info, register, build_ext, setopt, symlink_data, easy_install, rotate, bdist_dumb, saveopts, build, install, check, build_clib, test, bdist_egg, alias, build_scripts, dist_info, upload, bdist_rpm, build_py, sdist, upload_docs, clean, install_data, install_scripts
[96.129s] DEBUG:colcon.colcon_core.task.python.build:Available setuptools 'develop' options: --version, --local-snapshots-ok, --editable, --quiet, --dry-run, --no-user-cfg, --record, --egg-path, --multi-version, --upgrade, --site-dirs, --install-layout, --verbose, --allow-hosts, --uninstall, --force-installation-into-system-dir, --optimize, --prefix, --build-directory, --always-unzip, --no-deps, --script-dir, --install-dir, --no-find-links, --index-url, --always-copy, --zip-ok, --exclude-scripts, --find-links, --help, --user
[96.132s] DEBUG:colcon.colcon_core.event_handler.log_command:Invoking command in '/root/ros2_ws/build/mg400_bringup': AMENT_PREFIX_PATH=/root/ros2_ws/install/mg400_node:/root/ros2_ws/install/mg400_plugin:/root/ros2_ws/install/mg400_plugin_base:/root/ros2_ws/install/mg400_joy:/root/ros2_ws/install/mg400_interface:/root/ros2_ws/install/p9n_interface:/root/ros2_ws/install/mg400_msgs:/root/ros2_ws/install/mg400_description:/root/ros2_ws/install/mg400_common:${AMENT_PREFIX_PATH} CMAKE_PREFIX_PATH=/root/ros2_ws/install/mg400_node:/root/ros2_ws/install/mg400_plugin:/root/ros2_ws/install/mg400_plugin_base:/root/ros2_ws/install/mg400_joy:/root/ros2_ws/install/mg400_interface:/root/ros2_ws/install/p9n_interface:/root/ros2_ws/install/mg400_msgs:/root/ros2_ws/install/mg400_description:/root/ros2_ws/install/mg400_common LD_LIBRARY_PATH=/root/ros2_ws/install/mg400_node/lib:/root/ros2_ws/install/mg400_plugin/lib:/root/ros2_ws/install/mg400_joy/lib:/root/ros2_ws/install/mg400_interface/lib:/root/ros2_ws/install/p9n_interface/lib:/root/ros2_ws/install/mg400_msgs/lib:/root/ros2_ws/install/mg400_common/lib:${LD_LIBRARY_PATH} PYTHONPATH=/root/ros2_ws/build/mg400_bringup/prefix_override:/usr/lib/python3/dist-packages/colcon_core/task/python/colcon_distutils_commands:/root/ros2_ws/install/mg400_bringup/lib/python3.10/site-packages:/root/ros2_ws/install/mg400_msgs/local/lib/python3.10/dist-packages:${PYTHONPATH} /usr/bin/python3 -W ignore:setup.py install is deprecated -W ignore:easy_install command is deprecated setup.py develop --editable --build-directory /root/ros2_ws/build/mg400_bringup/build --no-deps symlink_data
[96.445s] Level 1:colcon.colcon_core.shell:create_environment_hook('mg400_bringup', 'pythonpath_develop')
[96.446s] INFO:colcon.colcon_core.shell:Creating environment hook '/root/ros2_ws/build/mg400_bringup/share/mg400_bringup/hook/pythonpath_develop.ps1'
[96.446s] DEBUG:colcon.colcon_core.event_handler.log_command:Invoked command in '/root/ros2_ws/build/mg400_bringup' returned '0': AMENT_PREFIX_PATH=/root/ros2_ws/install/mg400_node:/root/ros2_ws/install/mg400_plugin:/root/ros2_ws/install/mg400_plugin_base:/root/ros2_ws/install/mg400_joy:/root/ros2_ws/install/mg400_interface:/root/ros2_ws/install/p9n_interface:/root/ros2_ws/install/mg400_msgs:/root/ros2_ws/install/mg400_description:/root/ros2_ws/install/mg400_common:${AMENT_PREFIX_PATH} CMAKE_PREFIX_PATH=/root/ros2_ws/install/mg400_node:/root/ros2_ws/install/mg400_plugin:/root/ros2_ws/install/mg400_plugin_base:/root/ros2_ws/install/mg400_joy:/root/ros2_ws/install/mg400_interface:/root/ros2_ws/install/p9n_interface:/root/ros2_ws/install/mg400_msgs:/root/ros2_ws/install/mg400_description:/root/ros2_ws/install/mg400_common LD_LIBRARY_PATH=/root/ros2_ws/install/mg400_node/lib:/root/ros2_ws/install/mg400_plugin/lib:/root/ros2_ws/install/mg400_joy/lib:/root/ros2_ws/install/mg400_interface/lib:/root/ros2_ws/install/p9n_interface/lib:/root/ros2_ws/install/mg400_msgs/lib:/root/ros2_ws/install/mg400_common/lib:${LD_LIBRARY_PATH} PYTHONPATH=/root/ros2_ws/build/mg400_bringup/prefix_override:/usr/lib/python3/dist-packages/colcon_core/task/python/colcon_distutils_commands:/root/ros2_ws/install/mg400_bringup/lib/python3.10/site-packages:/root/ros2_ws/install/mg400_msgs/local/lib/python3.10/dist-packages:${PYTHONPATH} /usr/bin/python3 -W ignore:setup.py install is deprecated -W ignore:easy_install command is deprecated setup.py develop --editable --build-directory /root/ros2_ws/build/mg400_bringup/build --no-deps symlink_data
[96.447s] INFO:colcon.colcon_core.shell:Creating environment descriptor '/root/ros2_ws/build/mg400_bringup/share/mg400_bringup/hook/pythonpath_develop.dsv'
[96.447s] INFO:colcon.colcon_core.shell:Creating environment hook '/root/ros2_ws/build/mg400_bringup/share/mg400_bringup/hook/pythonpath_develop.sh'
[96.447s] Level 1:colcon.colcon_core.environment:checking '/root/ros2_ws/install/mg400_bringup' for CMake module files
[96.447s] Level 1:colcon.colcon_core.environment:checking '/root/ros2_ws/install/mg400_bringup' for CMake config files
[96.448s] Level 1:colcon.colcon_core.environment:checking '/root/ros2_ws/install/mg400_bringup/lib'
[96.448s] Level 1:colcon.colcon_core.environment:checking '/root/ros2_ws/install/mg400_bringup/bin'
[96.448s] Level 1:colcon.colcon_core.environment:checking '/root/ros2_ws/install/mg400_bringup/lib/pkgconfig/mg400_bringup.pc'
[96.448s] Level 1:colcon.colcon_core.environment:checking '/root/ros2_ws/install/mg400_bringup/lib/python3.10/site-packages'
[96.448s] Level 1:colcon.colcon_core.shell:create_environment_hook('mg400_bringup', 'pythonpath')
[96.449s] INFO:colcon.colcon_core.shell:Creating environment hook '/root/ros2_ws/install/mg400_bringup/share/mg400_bringup/hook/pythonpath.ps1'
[96.449s] INFO:colcon.colcon_core.shell:Creating environment descriptor '/root/ros2_ws/install/mg400_bringup/share/mg400_bringup/hook/pythonpath.dsv'
[96.449s] INFO:colcon.colcon_core.shell:Creating environment hook '/root/ros2_ws/install/mg400_bringup/share/mg400_bringup/hook/pythonpath.sh'
[96.450s] Level 1:colcon.colcon_core.environment:checking '/root/ros2_ws/install/mg400_bringup/bin'
[96.450s] Level 1:colcon.colcon_core.environment:create_environment_scripts_only(mg400_bringup)
[96.450s] INFO:colcon.colcon_core.shell:Creating package script '/root/ros2_ws/install/mg400_bringup/share/mg400_bringup/package.ps1'
[96.450s] INFO:colcon.colcon_core.shell:Creating package descriptor '/root/ros2_ws/install/mg400_bringup/share/mg400_bringup/package.dsv'
[96.451s] INFO:colcon.colcon_core.shell:Creating package script '/root/ros2_ws/install/mg400_bringup/share/mg400_bringup/package.sh'
[96.451s] INFO:colcon.colcon_core.shell:Creating package script '/root/ros2_ws/install/mg400_bringup/share/mg400_bringup/package.bash'
[96.452s] INFO:colcon.colcon_core.shell:Creating package script '/root/ros2_ws/install/mg400_bringup/share/mg400_bringup/package.zsh'
[96.452s] Level 1:colcon.colcon_core.environment:create_file_with_runtime_dependencies(/root/ros2_ws/install/mg400_bringup/share/colcon-core/packages/mg400_bringup)
[96.452s] INFO:colcon.colcon_ros.task.ament_cmake.build:Building ROS package in '/root/ros2_ws/src/MG400_ROS2/mg400' with build type 'ament_cmake'
[96.452s] INFO:colcon.colcon_cmake.task.cmake.build:Building CMake package in '/root/ros2_ws/src/MG400_ROS2/mg400'
[96.452s] INFO:colcon.colcon_core.shell:Skip shell extension 'powershell' for command environment: Not usable outside of PowerShell
[96.452s] DEBUG:colcon.colcon_core.shell:Skip shell extension 'dsv' for command environment
[96.478s] DEBUG:colcon.colcon_core.event_handler.log_command:Invoking command in '/root/ros2_ws/build/mg400': AMENT_PREFIX_PATH=/root/ros2_ws/install/mg400_bringup:/root/ros2_ws/install/mg400_node:/root/ros2_ws/install/mg400_plugin:/root/ros2_ws/install/mg400_plugin_base:/root/ros2_ws/install/mg400_joy:/root/ros2_ws/install/mg400_interface:/root/ros2_ws/install/p9n_interface:/root/ros2_ws/install/mg400_msgs:/root/ros2_ws/install/mg400_description:/root/ros2_ws/install/mg400_common:${AMENT_PREFIX_PATH} CMAKE_PREFIX_PATH=/root/ros2_ws/install/mg400_node:/root/ros2_ws/install/mg400_plugin:/root/ros2_ws/install/mg400_plugin_base:/root/ros2_ws/install/mg400_joy:/root/ros2_ws/install/mg400_interface:/root/ros2_ws/install/p9n_interface:/root/ros2_ws/install/mg400_msgs:/root/ros2_ws/install/mg400_description:/root/ros2_ws/install/mg400_common:/opt/ros/humble LD_LIBRARY_PATH=/root/ros2_ws/install/mg400_node/lib:/root/ros2_ws/install/mg400_plugin/lib:/root/ros2_ws/install/mg400_joy/lib:/root/ros2_ws/install/mg400_interface/lib:/root/ros2_ws/install/p9n_interface/lib:/root/ros2_ws/install/mg400_msgs/lib:/root/ros2_ws/install/mg400_common/lib:${LD_LIBRARY_PATH} PYTHONPATH=/root/ros2_ws/build/mg400_bringup:/root/ros2_ws/install/mg400_bringup/lib/python3.10/site-packages:/root/ros2_ws/install/mg400_msgs/local/lib/python3.10/dist-packages:${PYTHONPATH} /usr/bin/cmake /root/ros2_ws/src/MG400_ROS2/mg400 -DAMENT_CMAKE_SYMLINK_INSTALL=1 -DCMAKE_INSTALL_PREFIX=/root/ros2_ws/install/mg400
[97.051s] DEBUG:colcon.colcon_core.event_handler.log_command:Invoked command in '/root/ros2_ws/build/mg400' returned '0': AMENT_PREFIX_PATH=/root/ros2_ws/install/mg400_bringup:/root/ros2_ws/install/mg400_node:/root/ros2_ws/install/mg400_plugin:/root/ros2_ws/install/mg400_plugin_base:/root/ros2_ws/install/mg400_joy:/root/ros2_ws/install/mg400_interface:/root/ros2_ws/install/p9n_interface:/root/ros2_ws/install/mg400_msgs:/root/ros2_ws/install/mg400_description:/root/ros2_ws/install/mg400_common:${AMENT_PREFIX_PATH} CMAKE_PREFIX_PATH=/root/ros2_ws/install/mg400_node:/root/ros2_ws/install/mg400_plugin:/root/ros2_ws/install/mg400_plugin_base:/root/ros2_ws/install/mg400_joy:/root/ros2_ws/install/mg400_interface:/root/ros2_ws/install/p9n_interface:/root/ros2_ws/install/mg400_msgs:/root/ros2_ws/install/mg400_description:/root/ros2_ws/install/mg400_common:/opt/ros/humble LD_LIBRARY_PATH=/root/ros2_ws/install/mg400_node/lib:/root/ros2_ws/install/mg400_plugin/lib:/root/ros2_ws/install/mg400_joy/lib:/root/ros2_ws/install/mg400_interface/lib:/root/ros2_ws/install/p9n_interface/lib:/root/ros2_ws/install/mg400_msgs/lib:/root/ros2_ws/install/mg400_common/lib:${LD_LIBRARY_PATH} PYTHONPATH=/root/ros2_ws/build/mg400_bringup:/root/ros2_ws/install/mg400_bringup/lib/python3.10/site-packages:/root/ros2_ws/install/mg400_msgs/local/lib/python3.10/dist-packages:${PYTHONPATH} /usr/bin/cmake /root/ros2_ws/src/MG400_ROS2/mg400 -DAMENT_CMAKE_SYMLINK_INSTALL=1 -DCMAKE_INSTALL_PREFIX=/root/ros2_ws/install/mg400
[97.052s] DEBUG:colcon.colcon_core.event_handler.log_command:Invoking command in '/root/ros2_ws/build/mg400': AMENT_PREFIX_PATH=/root/ros2_ws/install/mg400_bringup:/root/ros2_ws/install/mg400_node:/root/ros2_ws/install/mg400_plugin:/root/ros2_ws/install/mg400_plugin_base:/root/ros2_ws/install/mg400_joy:/root/ros2_ws/install/mg400_interface:/root/ros2_ws/install/p9n_interface:/root/ros2_ws/install/mg400_msgs:/root/ros2_ws/install/mg400_description:/root/ros2_ws/install/mg400_common:${AMENT_PREFIX_PATH} CMAKE_PREFIX_PATH=/root/ros2_ws/install/mg400_node:/root/ros2_ws/install/mg400_plugin:/root/ros2_ws/install/mg400_plugin_base:/root/ros2_ws/install/mg400_joy:/root/ros2_ws/install/mg400_interface:/root/ros2_ws/install/p9n_interface:/root/ros2_ws/install/mg400_msgs:/root/ros2_ws/install/mg400_description:/root/ros2_ws/install/mg400_common:/opt/ros/humble LD_LIBRARY_PATH=/root/ros2_ws/install/mg400_node/lib:/root/ros2_ws/install/mg400_plugin/lib:/root/ros2_ws/install/mg400_joy/lib:/root/ros2_ws/install/mg400_interface/lib:/root/ros2_ws/install/p9n_interface/lib:/root/ros2_ws/install/mg400_msgs/lib:/root/ros2_ws/install/mg400_common/lib:${LD_LIBRARY_PATH} PYTHONPATH=/root/ros2_ws/build/mg400_bringup:/root/ros2_ws/install/mg400_bringup/lib/python3.10/site-packages:/root/ros2_ws/install/mg400_msgs/local/lib/python3.10/dist-packages:${PYTHONPATH} /usr/bin/cmake --build /root/ros2_ws/build/mg400 -- -j16 -l16
[97.094s] DEBUG:colcon.colcon_core.event_handler.log_command:Invoked command in '/root/ros2_ws/build/mg400' returned '0': AMENT_PREFIX_PATH=/root/ros2_ws/install/mg400_bringup:/root/ros2_ws/install/mg400_node:/root/ros2_ws/install/mg400_plugin:/root/ros2_ws/install/mg400_plugin_base:/root/ros2_ws/install/mg400_joy:/root/ros2_ws/install/mg400_interface:/root/ros2_ws/install/p9n_interface:/root/ros2_ws/install/mg400_msgs:/root/ros2_ws/install/mg400_description:/root/ros2_ws/install/mg400_common:${AMENT_PREFIX_PATH} CMAKE_PREFIX_PATH=/root/ros2_ws/install/mg400_node:/root/ros2_ws/install/mg400_plugin:/root/ros2_ws/install/mg400_plugin_base:/root/ros2_ws/install/mg400_joy:/root/ros2_ws/install/mg400_interface:/root/ros2_ws/install/p9n_interface:/root/ros2_ws/install/mg400_msgs:/root/ros2_ws/install/mg400_description:/root/ros2_ws/install/mg400_common:/opt/ros/humble LD_LIBRARY_PATH=/root/ros2_ws/install/mg400_node/lib:/root/ros2_ws/install/mg400_plugin/lib:/root/ros2_ws/install/mg400_joy/lib:/root/ros2_ws/install/mg400_interface/lib:/root/ros2_ws/install/p9n_interface/lib:/root/ros2_ws/install/mg400_msgs/lib:/root/ros2_ws/install/mg400_common/lib:${LD_LIBRARY_PATH} PYTHONPATH=/root/ros2_ws/build/mg400_bringup:/root/ros2_ws/install/mg400_bringup/lib/python3.10/site-packages:/root/ros2_ws/install/mg400_msgs/local/lib/python3.10/dist-packages:${PYTHONPATH} /usr/bin/cmake --build /root/ros2_ws/build/mg400 -- -j16 -l16
[97.095s] DEBUG:colcon.colcon_core.event_handler.log_command:Invoking command in '/root/ros2_ws/build/mg400': AMENT_PREFIX_PATH=/root/ros2_ws/install/mg400_bringup:/root/ros2_ws/install/mg400_node:/root/ros2_ws/install/mg400_plugin:/root/ros2_ws/install/mg400_plugin_base:/root/ros2_ws/install/mg400_joy:/root/ros2_ws/install/mg400_interface:/root/ros2_ws/install/p9n_interface:/root/ros2_ws/install/mg400_msgs:/root/ros2_ws/install/mg400_description:/root/ros2_ws/install/mg400_common:${AMENT_PREFIX_PATH} CMAKE_PREFIX_PATH=/root/ros2_ws/install/mg400_node:/root/ros2_ws/install/mg400_plugin:/root/ros2_ws/install/mg400_plugin_base:/root/ros2_ws/install/mg400_joy:/root/ros2_ws/install/mg400_interface:/root/ros2_ws/install/p9n_interface:/root/ros2_ws/install/mg400_msgs:/root/ros2_ws/install/mg400_description:/root/ros2_ws/install/mg400_common:/opt/ros/humble LD_LIBRARY_PATH=/root/ros2_ws/install/mg400_node/lib:/root/ros2_ws/install/mg400_plugin/lib:/root/ros2_ws/install/mg400_joy/lib:/root/ros2_ws/install/mg400_interface/lib:/root/ros2_ws/install/p9n_interface/lib:/root/ros2_ws/install/mg400_msgs/lib:/root/ros2_ws/install/mg400_common/lib:${LD_LIBRARY_PATH} PYTHONPATH=/root/ros2_ws/build/mg400_bringup:/root/ros2_ws/install/mg400_bringup/lib/python3.10/site-packages:/root/ros2_ws/install/mg400_msgs/local/lib/python3.10/dist-packages:${PYTHONPATH} /usr/bin/cmake --install /root/ros2_ws/build/mg400
[97.242s] Level 1:colcon.colcon_core.environment:create_environment_scripts_only(mg400)
[97.243s] Level 1:colcon.colcon_core.environment:checking '/root/ros2_ws/install/mg400' for CMake module files
[97.243s] DEBUG:colcon.colcon_core.event_handler.log_command:Invoked command in '/root/ros2_ws/build/mg400' returned '0': AMENT_PREFIX_PATH=/root/ros2_ws/install/mg400_bringup:/root/ros2_ws/install/mg400_node:/root/ros2_ws/install/mg400_plugin:/root/ros2_ws/install/mg400_plugin_base:/root/ros2_ws/install/mg400_joy:/root/ros2_ws/install/mg400_interface:/root/ros2_ws/install/p9n_interface:/root/ros2_ws/install/mg400_msgs:/root/ros2_ws/install/mg400_description:/root/ros2_ws/install/mg400_common:${AMENT_PREFIX_PATH} CMAKE_PREFIX_PATH=/root/ros2_ws/install/mg400_node:/root/ros2_ws/install/mg400_plugin:/root/ros2_ws/install/mg400_plugin_base:/root/ros2_ws/install/mg400_joy:/root/ros2_ws/install/mg400_interface:/root/ros2_ws/install/p9n_interface:/root/ros2_ws/install/mg400_msgs:/root/ros2_ws/install/mg400_description:/root/ros2_ws/install/mg400_common:/opt/ros/humble LD_LIBRARY_PATH=/root/ros2_ws/install/mg400_node/lib:/root/ros2_ws/install/mg400_plugin/lib:/root/ros2_ws/install/mg400_joy/lib:/root/ros2_ws/install/mg400_interface/lib:/root/ros2_ws/install/p9n_interface/lib:/root/ros2_ws/install/mg400_msgs/lib:/root/ros2_ws/install/mg400_common/lib:${LD_LIBRARY_PATH} PYTHONPATH=/root/ros2_ws/build/mg400_bringup:/root/ros2_ws/install/mg400_bringup/lib/python3.10/site-packages:/root/ros2_ws/install/mg400_msgs/local/lib/python3.10/dist-packages:${PYTHONPATH} /usr/bin/cmake --install /root/ros2_ws/build/mg400
[97.244s] Level 1:colcon.colcon_core.environment:checking '/root/ros2_ws/install/mg400' for CMake config files
[97.244s] Level 1:colcon.colcon_core.shell:create_environment_hook('mg400', 'cmake_prefix_path')
[97.244s] INFO:colcon.colcon_core.shell:Creating environment hook '/root/ros2_ws/install/mg400/share/mg400/hook/cmake_prefix_path.ps1'
[97.244s] INFO:colcon.colcon_core.shell:Creating environment descriptor '/root/ros2_ws/install/mg400/share/mg400/hook/cmake_prefix_path.dsv'
[97.245s] INFO:colcon.colcon_core.shell:Creating environment hook '/root/ros2_ws/install/mg400/share/mg400/hook/cmake_prefix_path.sh'
[97.245s] Level 1:colcon.colcon_core.environment:checking '/root/ros2_ws/install/mg400/bin'
[97.245s] Level 1:colcon.colcon_core.environment:checking '/root/ros2_ws/install/mg400/lib/pkgconfig/mg400.pc'
[97.245s] Level 1:colcon.colcon_core.environment:checking '/root/ros2_ws/install/mg400/lib/python3.10/site-packages'
[97.246s] Level 1:colcon.colcon_core.environment:checking '/root/ros2_ws/install/mg400/bin'
[97.249s] INFO:colcon.colcon_core.shell:Creating package script '/root/ros2_ws/install/mg400/share/mg400/package.ps1'
[97.250s] INFO:colcon.colcon_core.shell:Creating package descriptor '/root/ros2_ws/install/mg400/share/mg400/package.dsv'
[97.251s] INFO:colcon.colcon_core.shell:Creating package script '/root/ros2_ws/install/mg400/share/mg400/package.sh'
[97.251s] INFO:colcon.colcon_core.shell:Creating package script '/root/ros2_ws/install/mg400/share/mg400/package.bash'
[97.251s] INFO:colcon.colcon_core.shell:Creating package script '/root/ros2_ws/install/mg400/share/mg400/package.zsh'
[97.252s] Level 1:colcon.colcon_core.environment:create_file_with_runtime_dependencies(/root/ros2_ws/install/mg400/share/colcon-core/packages/mg400)
[97.252s] Level 1:colcon.colcon_core.environment:create_environment_scripts_only(mg400)
[97.252s] Level 1:colcon.colcon_core.environment:checking '/root/ros2_ws/install/mg400' for CMake module files
[97.253s] Level 1:colcon.colcon_core.environment:checking '/root/ros2_ws/install/mg400' for CMake config files
[97.253s] Level 1:colcon.colcon_core.shell:create_environment_hook('mg400', 'cmake_prefix_path')
[97.253s] INFO:colcon.colcon_core.shell:Creating environment hook '/root/ros2_ws/install/mg400/share/mg400/hook/cmake_prefix_path.ps1'
[97.253s] INFO:colcon.colcon_core.shell:Creating environment descriptor '/root/ros2_ws/install/mg400/share/mg400/hook/cmake_prefix_path.dsv'
[97.254s] INFO:colcon.colcon_core.shell:Creating environment hook '/root/ros2_ws/install/mg400/share/mg400/hook/cmake_prefix_path.sh'
[97.254s] Level 1:colcon.colcon_core.environment:checking '/root/ros2_ws/install/mg400/bin'
[97.254s] Level 1:colcon.colcon_core.environment:checking '/root/ros2_ws/install/mg400/lib/pkgconfig/mg400.pc'
[97.254s] Level 1:colcon.colcon_core.environment:checking '/root/ros2_ws/install/mg400/lib/python3.10/site-packages'
[97.254s] Level 1:colcon.colcon_core.environment:checking '/root/ros2_ws/install/mg400/bin'
[97.255s] INFO:colcon.colcon_core.shell:Creating package script '/root/ros2_ws/install/mg400/share/mg400/package.ps1'
[97.255s] INFO:colcon.colcon_core.shell:Creating package descriptor '/root/ros2_ws/install/mg400/share/mg400/package.dsv'
[97.255s] INFO:colcon.colcon_core.shell:Creating package script '/root/ros2_ws/install/mg400/share/mg400/package.sh'
[97.256s] INFO:colcon.colcon_core.shell:Creating package script '/root/ros2_ws/install/mg400/share/mg400/package.bash'
[97.256s] INFO:colcon.colcon_core.shell:Creating package script '/root/ros2_ws/install/mg400/share/mg400/package.zsh'
[97.256s] Level 1:colcon.colcon_core.environment:create_file_with_runtime_dependencies(/root/ros2_ws/install/mg400/share/colcon-core/packages/mg400)
[97.257s] DEBUG:colcon.colcon_parallel_executor.executor.parallel:closing loop
[97.258s] DEBUG:colcon.colcon_parallel_executor.executor.parallel:loop closed
[97.258s] DEBUG:colcon.colcon_parallel_executor.executor.parallel:run_until_complete finished with '0'
[97.259s] DEBUG:colcon.colcon_core.event_reactor:joining thread
[97.287s] INFO:colcon.colcon_core.plugin_system:Skipping extension 'colcon_notification.desktop_notification.notify_send': Could not find 'notify-send'
[97.287s] INFO:colcon.colcon_core.plugin_system:Skipping extension 'colcon_notification.desktop_notification.terminal_notifier': Not used on non-Darwin systems
[97.287s] INFO:colcon.colcon_core.plugin_system:Skipping extension 'colcon_notification.desktop_notification.win32': Not used on non-Windows systems
[97.287s] INFO:colcon.colcon_notification.desktop_notification:Sending desktop notification using 'notify2'
[97.287s] DEBUG:colcon.colcon_notification.desktop_notification.notify2:Failed to initialize notify2: org.freedesktop.DBus.Error.NotSupported: Unable to autolaunch a dbus-daemon without a $DISPLAY for X11
[97.287s] DEBUG:colcon.colcon_core.event_reactor:joined thread
[97.288s] INFO:colcon.colcon_core.shell:Creating prefix script '/root/ros2_ws/install/local_setup.ps1'
[97.290s] INFO:colcon.colcon_core.shell:Creating prefix util module '/root/ros2_ws/install/_local_setup_util_ps1.py'
[97.291s] INFO:colcon.colcon_core.shell:Creating prefix chain script '/root/ros2_ws/install/setup.ps1'
[97.292s] INFO:colcon.colcon_core.shell:Creating prefix script '/root/ros2_ws/install/local_setup.sh'
[97.292s] INFO:colcon.colcon_core.shell:Creating prefix util module '/root/ros2_ws/install/_local_setup_util_sh.py'
[97.293s] INFO:colcon.colcon_core.shell:Creating prefix chain script '/root/ros2_ws/install/setup.sh'
[97.294s] INFO:colcon.colcon_core.shell:Creating prefix script '/root/ros2_ws/install/local_setup.bash'
[97.294s] INFO:colcon.colcon_core.shell:Creating prefix chain script '/root/ros2_ws/install/setup.bash'
[97.295s] INFO:colcon.colcon_core.shell:Creating prefix script '/root/ros2_ws/install/local_setup.zsh'
[97.295s] INFO:colcon.colcon_core.shell:Creating prefix chain script '/root/ros2_ws/install/setup.zsh'
