[0.024s] Invoking command in '/root/ros2_ws/build/mg400_msgs': CMAKE_PREFIX_PATH=${CMAKE_PREFIX_PATH}:/root/ros2_ws/install/p9n_bringup:/root/ros2_ws/install/mg400_bringup:/opt/ros/humble /usr/bin/cmake /root/ros2_ws/src/MG400_ROS2/mg400_msgs -DCMAKE_INSTALL_PREFIX=/root/ros2_ws/install/mg400_msgs
[0.036s] -- Found ament_cmake_auto: 1.3.14 (/opt/ros/humble/share/ament_cmake_auto/cmake)
[0.136s] -- Override CMake install command with custom implementation using symlinks instead of copying resources
[0.221s] -- Found rosidl_generator_c: 3.1.9 (/opt/ros/humble/share/rosidl_generator_c/cmake)
[0.223s] -- Found rosidl_adapter: 3.1.9 (/opt/ros/humble/share/rosidl_adapter/cmake)
[0.228s] -- Found rosidl_generator_cpp: 3.1.9 (/opt/ros/humble/share/rosidl_generator_cpp/cmake)
[0.236s] -- Using all available rosidl_typesupport_c: rosidl_typesupport_fastrtps_c;rosidl_typesupport_introspection_c
[0.246s] -- Using all available rosidl_typesupport_cpp: rosidl_typesupport_fastrtps_cpp;rosidl_typesupport_introspection_cpp
[0.844s] -- Found ament_cmake_ros: 0.10.0 (/opt/ros/humble/share/ament_cmake_ros/cmake)
[1.241s] -- Using all available rosidl_typesupport_c: rosidl_typesupport_fastrtps_c;rosidl_typesupport_introspection_c
[1.391s] -- Using all available rosidl_typesupport_cpp: rosidl_typesupport_fastrtps_cpp;rosidl_typesupport_introspection_cpp
[1.414s] -- Found python_cmake_module: 0.10.0 (/opt/ros/humble/share/python_cmake_module/cmake)
[1.435s] -- Using PYTHON_EXECUTABLE: /usr/bin/python3
[1.435s] -- Using PYTHON_INCLUDE_DIRS: /usr/include/python3.10
[1.435s] -- Using PYTHON_LIBRARIES: /usr/lib/x86_64-linux-gnu/libpython3.10.so
[1.580s] -- Found ament_lint_auto: 0.12.15 (/opt/ros/humble/share/ament_lint_auto/cmake)
[1.595s] -- Added test 'lint_cmake' to check CMake code style
[1.600s] -- Added test 'xmllint' to check XML markup files
[1.603s] -- Configuring done
[1.715s] -- Generating done
[1.733s] -- Build files have been written to: /root/ros2_ws/build/mg400_msgs
[1.745s] Invoked command in '/root/ros2_ws/build/mg400_msgs' returned '0': CMAKE_PREFIX_PATH=${CMAKE_PREFIX_PATH}:/root/ros2_ws/install/p9n_bringup:/root/ros2_ws/install/mg400_bringup:/opt/ros/humble /usr/bin/cmake /root/ros2_ws/src/MG400_ROS2/mg400_msgs -DCMAKE_INSTALL_PREFIX=/root/ros2_ws/install/mg400_msgs
[1.747s] Invoking command in '/root/ros2_ws/build/mg400_msgs': CMAKE_PREFIX_PATH=${CMAKE_PREFIX_PATH}:/root/ros2_ws/install/p9n_bringup:/root/ros2_ws/install/mg400_bringup:/opt/ros/humble /usr/bin/cmake --build /root/ros2_ws/build/mg400_msgs -- -j16 -l16
[1.820s] [35m[1mConsolidate compiler generated dependencies of target mg400_msgs__rosidl_generator_c[0m
[1.824s] [  1%] Built target mg400_msgs__rs
[1.830s] [  1%] Built target mg400_msgs__cpp
[1.833s] [  1%] Built target ament_cmake_python_symlink_mg400_msgs
[1.849s] [ 13%] Built target mg400_msgs__rosidl_generator_c
[1.850s] [35m[1mConsolidate compiler generated dependencies of target mg400_msgs__rosidl_typesupport_cpp[0m
[1.852s] [35m[1mConsolidate compiler generated dependencies of target mg400_msgs__rosidl_typesupport_introspection_cpp[0m
[1.853s] [35m[1mConsolidate compiler generated dependencies of target mg400_msgs__rosidl_typesupport_fastrtps_cpp[0m
[1.866s] [35m[1mConsolidate compiler generated dependencies of target mg400_msgs__rosidl_typesupport_c[0m
[1.871s] [35m[1mConsolidate compiler generated dependencies of target mg400_msgs__rosidl_typesupport_introspection_c[0m
[1.873s] [35m[1mConsolidate compiler generated dependencies of target mg400_msgs__rosidl_typesupport_fastrtps_c[0m
[1.893s] [ 26%] Built target mg400_msgs__rosidl_typesupport_c
[1.900s] [ 38%] Built target mg400_msgs__rosidl_typesupport_cpp
[1.904s] [ 62%] Built target mg400_msgs__rosidl_typesupport_introspection_cpp
[1.904s] [ 63%] Built target mg400_msgs__rosidl_typesupport_introspection_c
[1.914s] [ 75%] Built target mg400_msgs__rosidl_typesupport_fastrtps_cpp
[1.929s] [ 88%] Built target mg400_msgs__rosidl_typesupport_fastrtps_c
[1.955s] [ 88%] Built target mg400_msgs
[1.982s] [ 88%] Built target mg400_msgs__py
[2.005s] [35m[1mConsolidate compiler generated dependencies of target mg400_msgs__rosidl_generator_py[0m
[2.021s] running egg_info
[2.021s] writing mg400_msgs.egg-info/PKG-INFO
[2.021s] writing dependency_links to mg400_msgs.egg-info/dependency_links.txt
[2.021s] writing top-level names to mg400_msgs.egg-info/top_level.txt
[2.024s] reading manifest file 'mg400_msgs.egg-info/SOURCES.txt'
[2.025s] writing manifest file 'mg400_msgs.egg-info/SOURCES.txt'
[2.051s] [ 88%] Built target ament_cmake_python_build_mg400_msgs_egg
[2.066s] [100%] Built target mg400_msgs__rosidl_generator_py
[2.078s] [35m[1mConsolidate compiler generated dependencies of target mg400_msgs__rosidl_typesupport_introspection_c__pyext[0m
[2.078s] [35m[1mConsolidate compiler generated dependencies of target mg400_msgs__rosidl_typesupport_fastrtps_c__pyext[0m
[2.079s] [35m[1mConsolidate compiler generated dependencies of target mg400_msgs__rosidl_typesupport_c__pyext[0m
[2.094s] [100%] Built target mg400_msgs__rosidl_typesupport_fastrtps_c__pyext
[2.095s] [100%] Built target mg400_msgs__rosidl_typesupport_introspection_c__pyext
[2.095s] [100%] Built target mg400_msgs__rosidl_typesupport_c__pyext
[2.108s] Invoked command in '/root/ros2_ws/build/mg400_msgs' returned '0': CMAKE_PREFIX_PATH=${CMAKE_PREFIX_PATH}:/root/ros2_ws/install/p9n_bringup:/root/ros2_ws/install/mg400_bringup:/opt/ros/humble /usr/bin/cmake --build /root/ros2_ws/build/mg400_msgs -- -j16 -l16
[2.109s] Invoking command in '/root/ros2_ws/build/mg400_msgs': CMAKE_PREFIX_PATH=${CMAKE_PREFIX_PATH}:/root/ros2_ws/install/p9n_bringup:/root/ros2_ws/install/mg400_bringup:/opt/ros/humble /usr/bin/cmake --install /root/ros2_ws/build/mg400_msgs
[2.117s] -- Install configuration: ""
[2.118s] -- Execute custom install script
[2.118s] -- Up-to-date symlink: /root/ros2_ws/install/mg400_msgs/share/ament_index/resource_index/rosidl_interfaces/mg400_msgs
[2.122s] -- Up-to-date symlink: /root/ros2_ws/install/mg400_msgs/include/mg400_msgs/mg400_msgs/action/command_queue.h
[2.122s] -- Up-to-date symlink: /root/ros2_ws/install/mg400_msgs/include/mg400_msgs/mg400_msgs/action/detail/command_queue__functions.h
[2.122s] -- Up-to-date symlink: /root/ros2_ws/install/mg400_msgs/include/mg400_msgs/mg400_msgs/action/detail/command_queue__struct.h
[2.122s] -- Up-to-date symlink: /root/ros2_ws/install/mg400_msgs/include/mg400_msgs/mg400_msgs/action/detail/command_queue__type_support.h
[2.122s] -- Up-to-date symlink: /root/ros2_ws/install/mg400_msgs/include/mg400_msgs/mg400_msgs/action/detail/joint_mov_j__functions.h
[2.122s] -- Up-to-date symlink: /root/ros2_ws/install/mg400_msgs/include/mg400_msgs/mg400_msgs/action/detail/joint_mov_j__struct.h
[2.123s] -- Up-to-date symlink: /root/ros2_ws/install/mg400_msgs/include/mg400_msgs/mg400_msgs/action/detail/joint_mov_j__type_support.h
[2.123s] -- Up-to-date symlink: /root/ros2_ws/install/mg400_msgs/include/mg400_msgs/mg400_msgs/action/detail/mov_j__functions.h
[2.123s] -- Up-to-date symlink: /root/ros2_ws/install/mg400_msgs/include/mg400_msgs/mg400_msgs/action/detail/mov_j__struct.h
[2.123s] -- Up-to-date symlink: /root/ros2_ws/install/mg400_msgs/include/mg400_msgs/mg400_msgs/action/detail/mov_j__type_support.h
[2.123s] -- Up-to-date symlink: /root/ros2_ws/install/mg400_msgs/include/mg400_msgs/mg400_msgs/action/detail/mov_jio__functions.h
[2.123s] -- Up-to-date symlink: /root/ros2_ws/install/mg400_msgs/include/mg400_msgs/mg400_msgs/action/detail/mov_jio__struct.h
[2.123s] -- Up-to-date symlink: /root/ros2_ws/install/mg400_msgs/include/mg400_msgs/mg400_msgs/action/detail/mov_jio__type_support.h
[2.123s] -- Up-to-date symlink: /root/ros2_ws/install/mg400_msgs/include/mg400_msgs/mg400_msgs/action/detail/mov_l__functions.h
[2.123s] -- Up-to-date symlink: /root/ros2_ws/install/mg400_msgs/include/mg400_msgs/mg400_msgs/action/detail/mov_l__struct.h
[2.123s] -- Up-to-date symlink: /root/ros2_ws/install/mg400_msgs/include/mg400_msgs/mg400_msgs/action/detail/mov_l__type_support.h
[2.123s] -- Up-to-date symlink: /root/ros2_ws/install/mg400_msgs/include/mg400_msgs/mg400_msgs/action/detail/mov_lio__functions.h
[2.123s] -- Up-to-date symlink: /root/ros2_ws/install/mg400_msgs/include/mg400_msgs/mg400_msgs/action/detail/mov_lio__struct.h
[2.123s] -- Up-to-date symlink: /root/ros2_ws/install/mg400_msgs/include/mg400_msgs/mg400_msgs/action/detail/mov_lio__type_support.h
[2.124s] -- Up-to-date symlink: /root/ros2_ws/install/mg400_msgs/include/mg400_msgs/mg400_msgs/action/joint_mov_j.h
[2.124s] -- Up-to-date symlink: /root/ros2_ws/install/mg400_msgs/include/mg400_msgs/mg400_msgs/action/mov_j.h
[2.124s] -- Up-to-date symlink: /root/ros2_ws/install/mg400_msgs/include/mg400_msgs/mg400_msgs/action/mov_jio.h
[2.124s] -- Up-to-date symlink: /root/ros2_ws/install/mg400_msgs/include/mg400_msgs/mg400_msgs/action/mov_l.h
[2.124s] -- Up-to-date symlink: /root/ros2_ws/install/mg400_msgs/include/mg400_msgs/mg400_msgs/action/mov_lio.h
[2.124s] -- Up-to-date symlink: /root/ros2_ws/install/mg400_msgs/include/mg400_msgs/mg400_msgs/msg/arch.h
[2.124s] -- Up-to-date symlink: /root/ros2_ws/install/mg400_msgs/include/mg400_msgs/mg400_msgs/msg/collision_level.h
[2.125s] -- Up-to-date symlink: /root/ros2_ws/install/mg400_msgs/include/mg400_msgs/mg400_msgs/msg/command.h
[2.125s] -- Up-to-date symlink: /root/ros2_ws/install/mg400_msgs/include/mg400_msgs/mg400_msgs/msg/detail/arch__functions.h
[2.125s] -- Up-to-date symlink: /root/ros2_ws/install/mg400_msgs/include/mg400_msgs/mg400_msgs/msg/detail/arch__struct.h
[2.125s] -- Up-to-date symlink: /root/ros2_ws/install/mg400_msgs/include/mg400_msgs/mg400_msgs/msg/detail/arch__type_support.h
[2.125s] -- Up-to-date symlink: /root/ros2_ws/install/mg400_msgs/include/mg400_msgs/mg400_msgs/msg/detail/collision_level__functions.h
[2.125s] -- Up-to-date symlink: /root/ros2_ws/install/mg400_msgs/include/mg400_msgs/mg400_msgs/msg/detail/collision_level__struct.h
[2.126s] -- Up-to-date symlink: /root/ros2_ws/install/mg400_msgs/include/mg400_msgs/mg400_msgs/msg/detail/collision_level__type_support.h
[2.126s] -- Up-to-date symlink: /root/ros2_ws/install/mg400_msgs/include/mg400_msgs/mg400_msgs/msg/detail/command__functions.h
[2.126s] -- Up-to-date symlink: /root/ros2_ws/install/mg400_msgs/include/mg400_msgs/mg400_msgs/msg/detail/command__struct.h
[2.126s] -- Up-to-date symlink: /root/ros2_ws/install/mg400_msgs/include/mg400_msgs/mg400_msgs/msg/detail/command__type_support.h
[2.126s] -- Up-to-date symlink: /root/ros2_ws/install/mg400_msgs/include/mg400_msgs/mg400_msgs/msg/detail/di_index__functions.h
[2.126s] -- Up-to-date symlink: /root/ros2_ws/install/mg400_msgs/include/mg400_msgs/mg400_msgs/msg/detail/di_index__struct.h
[2.126s] -- Up-to-date symlink: /root/ros2_ws/install/mg400_msgs/include/mg400_msgs/mg400_msgs/msg/detail/di_index__type_support.h
[2.126s] -- Up-to-date symlink: /root/ros2_ws/install/mg400_msgs/include/mg400_msgs/mg400_msgs/msg/detail/distance_mode__functions.h
[2.126s] -- Up-to-date symlink: /root/ros2_ws/install/mg400_msgs/include/mg400_msgs/mg400_msgs/msg/detail/distance_mode__struct.h
[2.126s] -- Up-to-date symlink: /root/ros2_ws/install/mg400_msgs/include/mg400_msgs/mg400_msgs/msg/detail/distance_mode__type_support.h
[2.127s] -- Up-to-date symlink: /root/ros2_ws/install/mg400_msgs/include/mg400_msgs/mg400_msgs/msg/detail/do_index__functions.h
[2.127s] -- Up-to-date symlink: /root/ros2_ws/install/mg400_msgs/include/mg400_msgs/mg400_msgs/msg/detail/do_index__struct.h
[2.127s] -- Up-to-date symlink: /root/ros2_ws/install/mg400_msgs/include/mg400_msgs/mg400_msgs/msg/detail/do_index__type_support.h
[2.127s] -- Up-to-date symlink: /root/ros2_ws/install/mg400_msgs/include/mg400_msgs/mg400_msgs/msg/detail/do_status__functions.h
[2.127s] -- Up-to-date symlink: /root/ros2_ws/install/mg400_msgs/include/mg400_msgs/mg400_msgs/msg/detail/do_status__struct.h
[2.127s] -- Up-to-date symlink: /root/ros2_ws/install/mg400_msgs/include/mg400_msgs/mg400_msgs/msg/detail/do_status__type_support.h
[2.127s] -- Up-to-date symlink: /root/ros2_ws/install/mg400_msgs/include/mg400_msgs/mg400_msgs/msg/detail/error_id__functions.h
[2.128s] -- Up-to-date symlink: /root/ros2_ws/install/mg400_msgs/include/mg400_msgs/mg400_msgs/msg/detail/error_id__struct.h
[2.128s] -- Up-to-date symlink: /root/ros2_ws/install/mg400_msgs/include/mg400_msgs/mg400_msgs/msg/detail/error_id__type_support.h
[2.128s] -- Up-to-date symlink: /root/ros2_ws/install/mg400_msgs/include/mg400_msgs/mg400_msgs/msg/detail/id_array__functions.h
[2.128s] -- Up-to-date symlink: /root/ros2_ws/install/mg400_msgs/include/mg400_msgs/mg400_msgs/msg/detail/id_array__struct.h
[2.128s] -- Up-to-date symlink: /root/ros2_ws/install/mg400_msgs/include/mg400_msgs/mg400_msgs/msg/detail/id_array__type_support.h
[2.128s] -- Up-to-date symlink: /root/ros2_ws/install/mg400_msgs/include/mg400_msgs/mg400_msgs/msg/detail/joint_mov_j__functions.h
[2.128s] -- Up-to-date symlink: /root/ros2_ws/install/mg400_msgs/include/mg400_msgs/mg400_msgs/msg/detail/joint_mov_j__struct.h
[2.129s] -- Up-to-date symlink: /root/ros2_ws/install/mg400_msgs/include/mg400_msgs/mg400_msgs/msg/detail/joint_mov_j__type_support.h
[2.129s] -- Up-to-date symlink: /root/ros2_ws/install/mg400_msgs/include/mg400_msgs/mg400_msgs/msg/detail/mov_j__functions.h
[2.129s] -- Up-to-date symlink: /root/ros2_ws/install/mg400_msgs/include/mg400_msgs/mg400_msgs/msg/detail/mov_j__struct.h
[2.129s] -- Up-to-date symlink: /root/ros2_ws/install/mg400_msgs/include/mg400_msgs/mg400_msgs/msg/detail/mov_j__type_support.h
[2.129s] -- Up-to-date symlink: /root/ros2_ws/install/mg400_msgs/include/mg400_msgs/mg400_msgs/msg/detail/mov_jio__functions.h
[2.129s] -- Up-to-date symlink: /root/ros2_ws/install/mg400_msgs/include/mg400_msgs/mg400_msgs/msg/detail/mov_jio__struct.h
[2.129s] -- Up-to-date symlink: /root/ros2_ws/install/mg400_msgs/include/mg400_msgs/mg400_msgs/msg/detail/mov_jio__type_support.h
[2.130s] -- Up-to-date symlink: /root/ros2_ws/install/mg400_msgs/include/mg400_msgs/mg400_msgs/msg/detail/mov_l__functions.h
[2.130s] -- Up-to-date symlink: /root/ros2_ws/install/mg400_msgs/include/mg400_msgs/mg400_msgs/msg/detail/mov_l__struct.h
[2.130s] -- Up-to-date symlink: /root/ros2_ws/install/mg400_msgs/include/mg400_msgs/mg400_msgs/msg/detail/mov_l__type_support.h
[2.130s] -- Up-to-date symlink: /root/ros2_ws/install/mg400_msgs/include/mg400_msgs/mg400_msgs/msg/detail/mov_lio__functions.h
[2.130s] -- Up-to-date symlink: /root/ros2_ws/install/mg400_msgs/include/mg400_msgs/mg400_msgs/msg/detail/mov_lio__struct.h
[2.131s] -- Up-to-date symlink: /root/ros2_ws/install/mg400_msgs/include/mg400_msgs/mg400_msgs/msg/detail/mov_lio__type_support.h
[2.131s] -- Up-to-date symlink: /root/ros2_ws/install/mg400_msgs/include/mg400_msgs/mg400_msgs/msg/detail/move_jog__functions.h
[2.131s] -- Up-to-date symlink: /root/ros2_ws/install/mg400_msgs/include/mg400_msgs/mg400_msgs/msg/detail/move_jog__struct.h
[2.131s] -- Up-to-date symlink: /root/ros2_ws/install/mg400_msgs/include/mg400_msgs/mg400_msgs/msg/detail/move_jog__type_support.h
[2.131s] -- Up-to-date symlink: /root/ros2_ws/install/mg400_msgs/include/mg400_msgs/mg400_msgs/msg/detail/robot_mode__functions.h
[2.131s] -- Up-to-date symlink: /root/ros2_ws/install/mg400_msgs/include/mg400_msgs/mg400_msgs/msg/detail/robot_mode__struct.h
[2.132s] -- Up-to-date symlink: /root/ros2_ws/install/mg400_msgs/include/mg400_msgs/mg400_msgs/msg/detail/robot_mode__type_support.h
[2.132s] -- Up-to-date symlink: /root/ros2_ws/install/mg400_msgs/include/mg400_msgs/mg400_msgs/msg/detail/tool__functions.h
[2.132s] -- Up-to-date symlink: /root/ros2_ws/install/mg400_msgs/include/mg400_msgs/mg400_msgs/msg/detail/tool__struct.h
[2.132s] -- Up-to-date symlink: /root/ros2_ws/install/mg400_msgs/include/mg400_msgs/mg400_msgs/msg/detail/tool__type_support.h
[2.132s] -- Up-to-date symlink: /root/ros2_ws/install/mg400_msgs/include/mg400_msgs/mg400_msgs/msg/detail/tool_di_index__functions.h
[2.132s] -- Up-to-date symlink: /root/ros2_ws/install/mg400_msgs/include/mg400_msgs/mg400_msgs/msg/detail/tool_di_index__struct.h
[2.132s] -- Up-to-date symlink: /root/ros2_ws/install/mg400_msgs/include/mg400_msgs/mg400_msgs/msg/detail/tool_di_index__type_support.h
[2.132s] -- Up-to-date symlink: /root/ros2_ws/install/mg400_msgs/include/mg400_msgs/mg400_msgs/msg/detail/tool_do_index__functions.h
[2.132s] -- Up-to-date symlink: /root/ros2_ws/install/mg400_msgs/include/mg400_msgs/mg400_msgs/msg/detail/tool_do_index__struct.h
[2.132s] -- Up-to-date symlink: /root/ros2_ws/install/mg400_msgs/include/mg400_msgs/mg400_msgs/msg/detail/tool_do_index__type_support.h
[2.132s] -- Up-to-date symlink: /root/ros2_ws/install/mg400_msgs/include/mg400_msgs/mg400_msgs/msg/detail/user__functions.h
[2.133s] -- Up-to-date symlink: /root/ros2_ws/install/mg400_msgs/include/mg400_msgs/mg400_msgs/msg/detail/user__struct.h
[2.133s] -- Up-to-date symlink: /root/ros2_ws/install/mg400_msgs/include/mg400_msgs/mg400_msgs/msg/detail/user__type_support.h
[2.133s] -- Up-to-date symlink: /root/ros2_ws/install/mg400_msgs/include/mg400_msgs/mg400_msgs/msg/di_index.h
[2.133s] -- Up-to-date symlink: /root/ros2_ws/install/mg400_msgs/include/mg400_msgs/mg400_msgs/msg/distance_mode.h
[2.133s] -- Up-to-date symlink: /root/ros2_ws/install/mg400_msgs/include/mg400_msgs/mg400_msgs/msg/do_index.h
[2.133s] -- Up-to-date symlink: /root/ros2_ws/install/mg400_msgs/include/mg400_msgs/mg400_msgs/msg/do_status.h
[2.133s] -- Up-to-date symlink: /root/ros2_ws/install/mg400_msgs/include/mg400_msgs/mg400_msgs/msg/error_id.h
[2.133s] -- Up-to-date symlink: /root/ros2_ws/install/mg400_msgs/include/mg400_msgs/mg400_msgs/msg/id_array.h
[2.133s] -- Up-to-date symlink: /root/ros2_ws/install/mg400_msgs/include/mg400_msgs/mg400_msgs/msg/joint_mov_j.h
[2.133s] -- Up-to-date symlink: /root/ros2_ws/install/mg400_msgs/include/mg400_msgs/mg400_msgs/msg/mov_j.h
[2.133s] -- Up-to-date symlink: /root/ros2_ws/install/mg400_msgs/include/mg400_msgs/mg400_msgs/msg/mov_jio.h
[2.134s] -- Up-to-date symlink: /root/ros2_ws/install/mg400_msgs/include/mg400_msgs/mg400_msgs/msg/mov_l.h
[2.134s] -- Up-to-date symlink: /root/ros2_ws/install/mg400_msgs/include/mg400_msgs/mg400_msgs/msg/mov_lio.h
[2.134s] -- Up-to-date symlink: /root/ros2_ws/install/mg400_msgs/include/mg400_msgs/mg400_msgs/msg/move_jog.h
[2.134s] -- Up-to-date symlink: /root/ros2_ws/install/mg400_msgs/include/mg400_msgs/mg400_msgs/msg/robot_mode.h
[2.134s] -- Up-to-date symlink: /root/ros2_ws/install/mg400_msgs/include/mg400_msgs/mg400_msgs/msg/rosidl_generator_c__visibility_control.h
[2.134s] -- Up-to-date symlink: /root/ros2_ws/install/mg400_msgs/include/mg400_msgs/mg400_msgs/msg/tool.h
[2.134s] -- Up-to-date symlink: /root/ros2_ws/install/mg400_msgs/include/mg400_msgs/mg400_msgs/msg/tool_di_index.h
[2.134s] -- Up-to-date symlink: /root/ros2_ws/install/mg400_msgs/include/mg400_msgs/mg400_msgs/msg/tool_do_index.h
[2.134s] -- Up-to-date symlink: /root/ros2_ws/install/mg400_msgs/include/mg400_msgs/mg400_msgs/msg/user.h
[2.134s] -- Up-to-date symlink: /root/ros2_ws/install/mg400_msgs/include/mg400_msgs/mg400_msgs/srv/acc_j.h
[2.134s] -- Up-to-date symlink: /root/ros2_ws/install/mg400_msgs/include/mg400_msgs/mg400_msgs/srv/acc_l.h
[2.134s] -- Up-to-date symlink: /root/ros2_ws/install/mg400_msgs/include/mg400_msgs/mg400_msgs/srv/arch.h
[2.135s] -- Up-to-date symlink: /root/ros2_ws/install/mg400_msgs/include/mg400_msgs/mg400_msgs/srv/clear_error.h
[2.135s] -- Up-to-date symlink: /root/ros2_ws/install/mg400_msgs/include/mg400_msgs/mg400_msgs/srv/cp.h
[2.135s] -- Up-to-date symlink: /root/ros2_ws/install/mg400_msgs/include/mg400_msgs/mg400_msgs/srv/detail/acc_j__functions.h
[2.135s] -- Up-to-date symlink: /root/ros2_ws/install/mg400_msgs/include/mg400_msgs/mg400_msgs/srv/detail/acc_j__struct.h
[2.135s] -- Up-to-date symlink: /root/ros2_ws/install/mg400_msgs/include/mg400_msgs/mg400_msgs/srv/detail/acc_j__type_support.h
[2.135s] -- Up-to-date symlink: /root/ros2_ws/install/mg400_msgs/include/mg400_msgs/mg400_msgs/srv/detail/acc_l__functions.h
[2.135s] -- Up-to-date symlink: /root/ros2_ws/install/mg400_msgs/include/mg400_msgs/mg400_msgs/srv/detail/acc_l__struct.h
[2.135s] -- Up-to-date symlink: /root/ros2_ws/install/mg400_msgs/include/mg400_msgs/mg400_msgs/srv/detail/acc_l__type_support.h
[2.135s] -- Up-to-date symlink: /root/ros2_ws/install/mg400_msgs/include/mg400_msgs/mg400_msgs/srv/detail/arch__functions.h
[2.135s] -- Up-to-date symlink: /root/ros2_ws/install/mg400_msgs/include/mg400_msgs/mg400_msgs/srv/detail/arch__struct.h
[2.135s] -- Up-to-date symlink: /root/ros2_ws/install/mg400_msgs/include/mg400_msgs/mg400_msgs/srv/detail/arch__type_support.h
[2.136s] -- Up-to-date symlink: /root/ros2_ws/install/mg400_msgs/include/mg400_msgs/mg400_msgs/srv/detail/clear_error__functions.h
[2.136s] -- Up-to-date symlink: /root/ros2_ws/install/mg400_msgs/include/mg400_msgs/mg400_msgs/srv/detail/clear_error__struct.h
[2.136s] -- Up-to-date symlink: /root/ros2_ws/install/mg400_msgs/include/mg400_msgs/mg400_msgs/srv/detail/clear_error__type_support.h
[2.136s] -- Up-to-date symlink: /root/ros2_ws/install/mg400_msgs/include/mg400_msgs/mg400_msgs/srv/detail/cp__functions.h
[2.136s] -- Up-to-date symlink: /root/ros2_ws/install/mg400_msgs/include/mg400_msgs/mg400_msgs/srv/detail/cp__struct.h
[2.136s] -- Up-to-date symlink: /root/ros2_ws/install/mg400_msgs/include/mg400_msgs/mg400_msgs/srv/detail/cp__type_support.h
[2.136s] -- Up-to-date symlink: /root/ros2_ws/install/mg400_msgs/include/mg400_msgs/mg400_msgs/srv/detail/di__functions.h
[2.136s] -- Up-to-date symlink: /root/ros2_ws/install/mg400_msgs/include/mg400_msgs/mg400_msgs/srv/detail/di__struct.h
[2.136s] -- Up-to-date symlink: /root/ros2_ws/install/mg400_msgs/include/mg400_msgs/mg400_msgs/srv/detail/di__type_support.h
[2.136s] -- Up-to-date symlink: /root/ros2_ws/install/mg400_msgs/include/mg400_msgs/mg400_msgs/srv/detail/disable_robot__functions.h
[2.137s] -- Up-to-date symlink: /root/ros2_ws/install/mg400_msgs/include/mg400_msgs/mg400_msgs/srv/detail/disable_robot__struct.h
[2.137s] -- Up-to-date symlink: /root/ros2_ws/install/mg400_msgs/include/mg400_msgs/mg400_msgs/srv/detail/disable_robot__type_support.h
[2.137s] -- Up-to-date symlink: /root/ros2_ws/install/mg400_msgs/include/mg400_msgs/mg400_msgs/srv/detail/do__functions.h
[2.137s] -- Up-to-date symlink: /root/ros2_ws/install/mg400_msgs/include/mg400_msgs/mg400_msgs/srv/detail/do__struct.h
[2.137s] -- Up-to-date symlink: /root/ros2_ws/install/mg400_msgs/include/mg400_msgs/mg400_msgs/srv/detail/do__type_support.h
[2.137s] -- Up-to-date symlink: /root/ros2_ws/install/mg400_msgs/include/mg400_msgs/mg400_msgs/srv/detail/emergency_stop__functions.h
[2.137s] -- Up-to-date symlink: /root/ros2_ws/install/mg400_msgs/include/mg400_msgs/mg400_msgs/srv/detail/emergency_stop__struct.h
[2.137s] -- Up-to-date symlink: /root/ros2_ws/install/mg400_msgs/include/mg400_msgs/mg400_msgs/srv/detail/emergency_stop__type_support.h
[2.137s] -- Up-to-date symlink: /root/ros2_ws/install/mg400_msgs/include/mg400_msgs/mg400_msgs/srv/detail/enable_robot__functions.h
[2.137s] -- Up-to-date symlink: /root/ros2_ws/install/mg400_msgs/include/mg400_msgs/mg400_msgs/srv/detail/enable_robot__struct.h
[2.137s] -- Up-to-date symlink: /root/ros2_ws/install/mg400_msgs/include/mg400_msgs/mg400_msgs/srv/detail/enable_robot__type_support.h
[2.138s] -- Up-to-date symlink: /root/ros2_ws/install/mg400_msgs/include/mg400_msgs/mg400_msgs/srv/detail/get_angle__functions.h
[2.138s] -- Up-to-date symlink: /root/ros2_ws/install/mg400_msgs/include/mg400_msgs/mg400_msgs/srv/detail/get_angle__struct.h
[2.138s] -- Up-to-date symlink: /root/ros2_ws/install/mg400_msgs/include/mg400_msgs/mg400_msgs/srv/detail/get_angle__type_support.h
[2.138s] -- Up-to-date symlink: /root/ros2_ws/install/mg400_msgs/include/mg400_msgs/mg400_msgs/srv/detail/get_error_id__functions.h
[2.138s] -- Up-to-date symlink: /root/ros2_ws/install/mg400_msgs/include/mg400_msgs/mg400_msgs/srv/detail/get_error_id__struct.h
[2.138s] -- Up-to-date symlink: /root/ros2_ws/install/mg400_msgs/include/mg400_msgs/mg400_msgs/srv/detail/get_error_id__type_support.h
[2.138s] -- Up-to-date symlink: /root/ros2_ws/install/mg400_msgs/include/mg400_msgs/mg400_msgs/srv/detail/get_pose__functions.h
[2.138s] -- Up-to-date symlink: /root/ros2_ws/install/mg400_msgs/include/mg400_msgs/mg400_msgs/srv/detail/get_pose__struct.h
[2.138s] -- Up-to-date symlink: /root/ros2_ws/install/mg400_msgs/include/mg400_msgs/mg400_msgs/srv/detail/get_pose__type_support.h
[2.138s] -- Up-to-date symlink: /root/ros2_ws/install/mg400_msgs/include/mg400_msgs/mg400_msgs/srv/detail/inverse_solution__functions.h
[2.138s] -- Up-to-date symlink: /root/ros2_ws/install/mg400_msgs/include/mg400_msgs/mg400_msgs/srv/detail/inverse_solution__struct.h
[2.139s] -- Up-to-date symlink: /root/ros2_ws/install/mg400_msgs/include/mg400_msgs/mg400_msgs/srv/detail/inverse_solution__type_support.h
[2.139s] -- Up-to-date symlink: /root/ros2_ws/install/mg400_msgs/include/mg400_msgs/mg400_msgs/srv/detail/joint_mov_j__functions.h
[2.139s] -- Up-to-date symlink: /root/ros2_ws/install/mg400_msgs/include/mg400_msgs/mg400_msgs/srv/detail/joint_mov_j__struct.h
[2.139s] -- Up-to-date symlink: /root/ros2_ws/install/mg400_msgs/include/mg400_msgs/mg400_msgs/srv/detail/joint_mov_j__type_support.h
[2.139s] -- Up-to-date symlink: /root/ros2_ws/install/mg400_msgs/include/mg400_msgs/mg400_msgs/srv/detail/move_jog__functions.h
[2.139s] -- Up-to-date symlink: /root/ros2_ws/install/mg400_msgs/include/mg400_msgs/mg400_msgs/srv/detail/move_jog__struct.h
[2.139s] -- Up-to-date symlink: /root/ros2_ws/install/mg400_msgs/include/mg400_msgs/mg400_msgs/srv/detail/move_jog__type_support.h
[2.139s] -- Up-to-date symlink: /root/ros2_ws/install/mg400_msgs/include/mg400_msgs/mg400_msgs/srv/detail/pay_load__functions.h
[2.139s] -- Up-to-date symlink: /root/ros2_ws/install/mg400_msgs/include/mg400_msgs/mg400_msgs/srv/detail/pay_load__struct.h
[2.139s] -- Up-to-date symlink: /root/ros2_ws/install/mg400_msgs/include/mg400_msgs/mg400_msgs/srv/detail/pay_load__type_support.h
[2.139s] -- Up-to-date symlink: /root/ros2_ws/install/mg400_msgs/include/mg400_msgs/mg400_msgs/srv/detail/positive_solution__functions.h
[2.140s] -- Up-to-date symlink: /root/ros2_ws/install/mg400_msgs/include/mg400_msgs/mg400_msgs/srv/detail/positive_solution__struct.h
[2.140s] -- Up-to-date symlink: /root/ros2_ws/install/mg400_msgs/include/mg400_msgs/mg400_msgs/srv/detail/positive_solution__type_support.h
[2.140s] -- Up-to-date symlink: /root/ros2_ws/install/mg400_msgs/include/mg400_msgs/mg400_msgs/srv/detail/reset_robot__functions.h
[2.140s] -- Up-to-date symlink: /root/ros2_ws/install/mg400_msgs/include/mg400_msgs/mg400_msgs/srv/detail/reset_robot__struct.h
[2.140s] -- Up-to-date symlink: /root/ros2_ws/install/mg400_msgs/include/mg400_msgs/mg400_msgs/srv/detail/reset_robot__type_support.h
[2.140s] -- Up-to-date symlink: /root/ros2_ws/install/mg400_msgs/include/mg400_msgs/mg400_msgs/srv/detail/robot_mode__functions.h
[2.140s] -- Up-to-date symlink: /root/ros2_ws/install/mg400_msgs/include/mg400_msgs/mg400_msgs/srv/detail/robot_mode__struct.h
[2.140s] -- Up-to-date symlink: /root/ros2_ws/install/mg400_msgs/include/mg400_msgs/mg400_msgs/srv/detail/robot_mode__type_support.h
[2.140s] -- Up-to-date symlink: /root/ros2_ws/install/mg400_msgs/include/mg400_msgs/mg400_msgs/srv/detail/set_collision_level__functions.h
[2.140s] -- Up-to-date symlink: /root/ros2_ws/install/mg400_msgs/include/mg400_msgs/mg400_msgs/srv/detail/set_collision_level__struct.h
[2.140s] -- Up-to-date symlink: /root/ros2_ws/install/mg400_msgs/include/mg400_msgs/mg400_msgs/srv/detail/set_collision_level__type_support.h
[2.141s] -- Up-to-date symlink: /root/ros2_ws/install/mg400_msgs/include/mg400_msgs/mg400_msgs/srv/detail/speed_factor__functions.h
[2.141s] -- Up-to-date symlink: /root/ros2_ws/install/mg400_msgs/include/mg400_msgs/mg400_msgs/srv/detail/speed_factor__struct.h
[2.141s] -- Up-to-date symlink: /root/ros2_ws/install/mg400_msgs/include/mg400_msgs/mg400_msgs/srv/detail/speed_factor__type_support.h
[2.141s] -- Up-to-date symlink: /root/ros2_ws/install/mg400_msgs/include/mg400_msgs/mg400_msgs/srv/detail/speed_j__functions.h
[2.141s] -- Up-to-date symlink: /root/ros2_ws/install/mg400_msgs/include/mg400_msgs/mg400_msgs/srv/detail/speed_j__struct.h
[2.141s] -- Up-to-date symlink: /root/ros2_ws/install/mg400_msgs/include/mg400_msgs/mg400_msgs/srv/detail/speed_j__type_support.h
[2.141s] -- Up-to-date symlink: /root/ros2_ws/install/mg400_msgs/include/mg400_msgs/mg400_msgs/srv/detail/speed_l__functions.h
[2.141s] -- Up-to-date symlink: /root/ros2_ws/install/mg400_msgs/include/mg400_msgs/mg400_msgs/srv/detail/speed_l__struct.h
[2.141s] -- Up-to-date symlink: /root/ros2_ws/install/mg400_msgs/include/mg400_msgs/mg400_msgs/srv/detail/speed_l__type_support.h
[2.141s] -- Up-to-date symlink: /root/ros2_ws/install/mg400_msgs/include/mg400_msgs/mg400_msgs/srv/detail/tool__functions.h
[2.142s] -- Up-to-date symlink: /root/ros2_ws/install/mg400_msgs/include/mg400_msgs/mg400_msgs/srv/detail/tool__struct.h
[2.142s] -- Up-to-date symlink: /root/ros2_ws/install/mg400_msgs/include/mg400_msgs/mg400_msgs/srv/detail/tool__type_support.h
[2.142s] -- Up-to-date symlink: /root/ros2_ws/install/mg400_msgs/include/mg400_msgs/mg400_msgs/srv/detail/tool_di__functions.h
[2.142s] -- Up-to-date symlink: /root/ros2_ws/install/mg400_msgs/include/mg400_msgs/mg400_msgs/srv/detail/tool_di__struct.h
[2.142s] -- Up-to-date symlink: /root/ros2_ws/install/mg400_msgs/include/mg400_msgs/mg400_msgs/srv/detail/tool_di__type_support.h
[2.142s] -- Up-to-date symlink: /root/ros2_ws/install/mg400_msgs/include/mg400_msgs/mg400_msgs/srv/detail/tool_do_execute__functions.h
[2.142s] -- Up-to-date symlink: /root/ros2_ws/install/mg400_msgs/include/mg400_msgs/mg400_msgs/srv/detail/tool_do_execute__struct.h
[2.142s] -- Up-to-date symlink: /root/ros2_ws/install/mg400_msgs/include/mg400_msgs/mg400_msgs/srv/detail/tool_do_execute__type_support.h
[2.142s] -- Up-to-date symlink: /root/ros2_ws/install/mg400_msgs/include/mg400_msgs/mg400_msgs/srv/detail/user__functions.h
[2.142s] -- Up-to-date symlink: /root/ros2_ws/install/mg400_msgs/include/mg400_msgs/mg400_msgs/srv/detail/user__struct.h
[2.142s] -- Up-to-date symlink: /root/ros2_ws/install/mg400_msgs/include/mg400_msgs/mg400_msgs/srv/detail/user__type_support.h
[2.143s] -- Up-to-date symlink: /root/ros2_ws/install/mg400_msgs/include/mg400_msgs/mg400_msgs/srv/di.h
[2.143s] -- Up-to-date symlink: /root/ros2_ws/install/mg400_msgs/include/mg400_msgs/mg400_msgs/srv/disable_robot.h
[2.143s] -- Up-to-date symlink: /root/ros2_ws/install/mg400_msgs/include/mg400_msgs/mg400_msgs/srv/do.h
[2.143s] -- Up-to-date symlink: /root/ros2_ws/install/mg400_msgs/include/mg400_msgs/mg400_msgs/srv/emergency_stop.h
[2.143s] -- Up-to-date symlink: /root/ros2_ws/install/mg400_msgs/include/mg400_msgs/mg400_msgs/srv/enable_robot.h
[2.143s] -- Up-to-date symlink: /root/ros2_ws/install/mg400_msgs/include/mg400_msgs/mg400_msgs/srv/get_angle.h
[2.143s] -- Up-to-date symlink: /root/ros2_ws/install/mg400_msgs/include/mg400_msgs/mg400_msgs/srv/get_error_id.h
[2.143s] -- Up-to-date symlink: /root/ros2_ws/install/mg400_msgs/include/mg400_msgs/mg400_msgs/srv/get_pose.h
[2.143s] -- Up-to-date symlink: /root/ros2_ws/install/mg400_msgs/include/mg400_msgs/mg400_msgs/srv/inverse_solution.h
[2.143s] -- Up-to-date symlink: /root/ros2_ws/install/mg400_msgs/include/mg400_msgs/mg400_msgs/srv/joint_mov_j.h
[2.143s] -- Up-to-date symlink: /root/ros2_ws/install/mg400_msgs/include/mg400_msgs/mg400_msgs/srv/move_jog.h
[2.144s] -- Up-to-date symlink: /root/ros2_ws/install/mg400_msgs/include/mg400_msgs/mg400_msgs/srv/pay_load.h
[2.144s] -- Up-to-date symlink: /root/ros2_ws/install/mg400_msgs/include/mg400_msgs/mg400_msgs/srv/positive_solution.h
[2.144s] -- Up-to-date symlink: /root/ros2_ws/install/mg400_msgs/include/mg400_msgs/mg400_msgs/srv/reset_robot.h
[2.144s] -- Up-to-date symlink: /root/ros2_ws/install/mg400_msgs/include/mg400_msgs/mg400_msgs/srv/robot_mode.h
[2.144s] -- Up-to-date symlink: /root/ros2_ws/install/mg400_msgs/include/mg400_msgs/mg400_msgs/srv/set_collision_level.h
[2.144s] -- Up-to-date symlink: /root/ros2_ws/install/mg400_msgs/include/mg400_msgs/mg400_msgs/srv/speed_factor.h
[2.144s] -- Up-to-date symlink: /root/ros2_ws/install/mg400_msgs/include/mg400_msgs/mg400_msgs/srv/speed_j.h
[2.145s] -- Up-to-date symlink: /root/ros2_ws/install/mg400_msgs/include/mg400_msgs/mg400_msgs/srv/speed_l.h
[2.145s] -- Up-to-date symlink: /root/ros2_ws/install/mg400_msgs/include/mg400_msgs/mg400_msgs/srv/tool.h
[2.145s] -- Up-to-date symlink: /root/ros2_ws/install/mg400_msgs/include/mg400_msgs/mg400_msgs/srv/tool_di.h
[2.145s] -- Up-to-date symlink: /root/ros2_ws/install/mg400_msgs/include/mg400_msgs/mg400_msgs/srv/tool_do_execute.h
[2.145s] -- Up-to-date symlink: /root/ros2_ws/install/mg400_msgs/include/mg400_msgs/mg400_msgs/srv/user.h
[2.145s] -- Up-to-date symlink: /root/ros2_ws/install/mg400_msgs/share/mg400_msgs/environment/library_path.sh
[2.146s] -- Up-to-date symlink: /root/ros2_ws/install/mg400_msgs/share/mg400_msgs/environment/library_path.dsv
[2.148s] -- Up-to-date symlink: /root/ros2_ws/install/mg400_msgs/include/mg400_msgs/mg400_msgs/action/detail/command_queue__rosidl_typesupport_fastrtps_c.h
[2.148s] -- Up-to-date symlink: /root/ros2_ws/install/mg400_msgs/include/mg400_msgs/mg400_msgs/action/detail/joint_mov_j__rosidl_typesupport_fastrtps_c.h
[2.148s] -- Up-to-date symlink: /root/ros2_ws/install/mg400_msgs/include/mg400_msgs/mg400_msgs/action/detail/mov_j__rosidl_typesupport_fastrtps_c.h
[2.148s] -- Up-to-date symlink: /root/ros2_ws/install/mg400_msgs/include/mg400_msgs/mg400_msgs/action/detail/mov_jio__rosidl_typesupport_fastrtps_c.h
[2.149s] -- Up-to-date symlink: /root/ros2_ws/install/mg400_msgs/include/mg400_msgs/mg400_msgs/action/detail/mov_l__rosidl_typesupport_fastrtps_c.h
[2.149s] -- Up-to-date symlink: /root/ros2_ws/install/mg400_msgs/include/mg400_msgs/mg400_msgs/action/detail/mov_lio__rosidl_typesupport_fastrtps_c.h
[2.149s] -- Up-to-date symlink: /root/ros2_ws/install/mg400_msgs/include/mg400_msgs/mg400_msgs/msg/detail/arch__rosidl_typesupport_fastrtps_c.h
[2.149s] -- Up-to-date symlink: /root/ros2_ws/install/mg400_msgs/include/mg400_msgs/mg400_msgs/msg/detail/collision_level__rosidl_typesupport_fastrtps_c.h
[2.149s] -- Up-to-date symlink: /root/ros2_ws/install/mg400_msgs/include/mg400_msgs/mg400_msgs/msg/detail/command__rosidl_typesupport_fastrtps_c.h
[2.149s] -- Up-to-date symlink: /root/ros2_ws/install/mg400_msgs/include/mg400_msgs/mg400_msgs/msg/detail/di_index__rosidl_typesupport_fastrtps_c.h
[2.149s] -- Up-to-date symlink: /root/ros2_ws/install/mg400_msgs/include/mg400_msgs/mg400_msgs/msg/detail/distance_mode__rosidl_typesupport_fastrtps_c.h
[2.150s] -- Up-to-date symlink: /root/ros2_ws/install/mg400_msgs/include/mg400_msgs/mg400_msgs/msg/detail/do_index__rosidl_typesupport_fastrtps_c.h
[2.150s] -- Up-to-date symlink: /root/ros2_ws/install/mg400_msgs/include/mg400_msgs/mg400_msgs/msg/detail/do_status__rosidl_typesupport_fastrtps_c.h
[2.150s] -- Up-to-date symlink: /root/ros2_ws/install/mg400_msgs/include/mg400_msgs/mg400_msgs/msg/detail/error_id__rosidl_typesupport_fastrtps_c.h
[2.150s] -- Up-to-date symlink: /root/ros2_ws/install/mg400_msgs/include/mg400_msgs/mg400_msgs/msg/detail/id_array__rosidl_typesupport_fastrtps_c.h
[2.150s] -- Up-to-date symlink: /root/ros2_ws/install/mg400_msgs/include/mg400_msgs/mg400_msgs/msg/detail/joint_mov_j__rosidl_typesupport_fastrtps_c.h
[2.150s] -- Up-to-date symlink: /root/ros2_ws/install/mg400_msgs/include/mg400_msgs/mg400_msgs/msg/detail/mov_j__rosidl_typesupport_fastrtps_c.h
[2.150s] -- Up-to-date symlink: /root/ros2_ws/install/mg400_msgs/include/mg400_msgs/mg400_msgs/msg/detail/mov_jio__rosidl_typesupport_fastrtps_c.h
[2.151s] -- Up-to-date symlink: /root/ros2_ws/install/mg400_msgs/include/mg400_msgs/mg400_msgs/msg/detail/mov_l__rosidl_typesupport_fastrtps_c.h
[2.151s] -- Up-to-date symlink: /root/ros2_ws/install/mg400_msgs/include/mg400_msgs/mg400_msgs/msg/detail/mov_lio__rosidl_typesupport_fastrtps_c.h
[2.151s] -- Up-to-date symlink: /root/ros2_ws/install/mg400_msgs/include/mg400_msgs/mg400_msgs/msg/detail/move_jog__rosidl_typesupport_fastrtps_c.h
[2.151s] -- Up-to-date symlink: /root/ros2_ws/install/mg400_msgs/include/mg400_msgs/mg400_msgs/msg/detail/robot_mode__rosidl_typesupport_fastrtps_c.h
[2.151s] -- Up-to-date symlink: /root/ros2_ws/install/mg400_msgs/include/mg400_msgs/mg400_msgs/msg/detail/tool__rosidl_typesupport_fastrtps_c.h
[2.151s] -- Up-to-date symlink: /root/ros2_ws/install/mg400_msgs/include/mg400_msgs/mg400_msgs/msg/detail/tool_di_index__rosidl_typesupport_fastrtps_c.h
[2.151s] -- Up-to-date symlink: /root/ros2_ws/install/mg400_msgs/include/mg400_msgs/mg400_msgs/msg/detail/tool_do_index__rosidl_typesupport_fastrtps_c.h
[2.152s] -- Up-to-date symlink: /root/ros2_ws/install/mg400_msgs/include/mg400_msgs/mg400_msgs/msg/detail/user__rosidl_typesupport_fastrtps_c.h
[2.152s] -- Up-to-date symlink: /root/ros2_ws/install/mg400_msgs/include/mg400_msgs/mg400_msgs/msg/rosidl_typesupport_fastrtps_c__visibility_control.h
[2.152s] -- Up-to-date symlink: /root/ros2_ws/install/mg400_msgs/include/mg400_msgs/mg400_msgs/srv/detail/acc_j__rosidl_typesupport_fastrtps_c.h
[2.152s] -- Up-to-date symlink: /root/ros2_ws/install/mg400_msgs/include/mg400_msgs/mg400_msgs/srv/detail/acc_l__rosidl_typesupport_fastrtps_c.h
[2.152s] -- Up-to-date symlink: /root/ros2_ws/install/mg400_msgs/include/mg400_msgs/mg400_msgs/srv/detail/arch__rosidl_typesupport_fastrtps_c.h
[2.153s] -- Up-to-date symlink: /root/ros2_ws/install/mg400_msgs/include/mg400_msgs/mg400_msgs/srv/detail/clear_error__rosidl_typesupport_fastrtps_c.h
[2.153s] -- Up-to-date symlink: /root/ros2_ws/install/mg400_msgs/include/mg400_msgs/mg400_msgs/srv/detail/cp__rosidl_typesupport_fastrtps_c.h
[2.153s] -- Up-to-date symlink: /root/ros2_ws/install/mg400_msgs/include/mg400_msgs/mg400_msgs/srv/detail/di__rosidl_typesupport_fastrtps_c.h
[2.153s] -- Up-to-date symlink: /root/ros2_ws/install/mg400_msgs/include/mg400_msgs/mg400_msgs/srv/detail/disable_robot__rosidl_typesupport_fastrtps_c.h
[2.153s] -- Up-to-date symlink: /root/ros2_ws/install/mg400_msgs/include/mg400_msgs/mg400_msgs/srv/detail/do__rosidl_typesupport_fastrtps_c.h
[2.153s] -- Up-to-date symlink: /root/ros2_ws/install/mg400_msgs/include/mg400_msgs/mg400_msgs/srv/detail/emergency_stop__rosidl_typesupport_fastrtps_c.h
[2.154s] -- Up-to-date symlink: /root/ros2_ws/install/mg400_msgs/include/mg400_msgs/mg400_msgs/srv/detail/enable_robot__rosidl_typesupport_fastrtps_c.h
[2.154s] -- Up-to-date symlink: /root/ros2_ws/install/mg400_msgs/include/mg400_msgs/mg400_msgs/srv/detail/get_angle__rosidl_typesupport_fastrtps_c.h
[2.154s] -- Up-to-date symlink: /root/ros2_ws/install/mg400_msgs/include/mg400_msgs/mg400_msgs/srv/detail/get_error_id__rosidl_typesupport_fastrtps_c.h
[2.154s] -- Up-to-date symlink: /root/ros2_ws/install/mg400_msgs/include/mg400_msgs/mg400_msgs/srv/detail/get_pose__rosidl_typesupport_fastrtps_c.h
[2.154s] -- Up-to-date symlink: /root/ros2_ws/install/mg400_msgs/include/mg400_msgs/mg400_msgs/srv/detail/inverse_solution__rosidl_typesupport_fastrtps_c.h
[2.154s] -- Up-to-date symlink: /root/ros2_ws/install/mg400_msgs/include/mg400_msgs/mg400_msgs/srv/detail/joint_mov_j__rosidl_typesupport_fastrtps_c.h
[2.154s] -- Up-to-date symlink: /root/ros2_ws/install/mg400_msgs/include/mg400_msgs/mg400_msgs/srv/detail/move_jog__rosidl_typesupport_fastrtps_c.h
[2.154s] -- Up-to-date symlink: /root/ros2_ws/install/mg400_msgs/include/mg400_msgs/mg400_msgs/srv/detail/pay_load__rosidl_typesupport_fastrtps_c.h
[2.155s] -- Up-to-date symlink: /root/ros2_ws/install/mg400_msgs/include/mg400_msgs/mg400_msgs/srv/detail/positive_solution__rosidl_typesupport_fastrtps_c.h
[2.155s] -- Up-to-date symlink: /root/ros2_ws/install/mg400_msgs/include/mg400_msgs/mg400_msgs/srv/detail/reset_robot__rosidl_typesupport_fastrtps_c.h
[2.155s] -- Up-to-date symlink: /root/ros2_ws/install/mg400_msgs/include/mg400_msgs/mg400_msgs/srv/detail/robot_mode__rosidl_typesupport_fastrtps_c.h
[2.155s] -- Up-to-date symlink: /root/ros2_ws/install/mg400_msgs/include/mg400_msgs/mg400_msgs/srv/detail/set_collision_level__rosidl_typesupport_fastrtps_c.h
[2.155s] -- Up-to-date symlink: /root/ros2_ws/install/mg400_msgs/include/mg400_msgs/mg400_msgs/srv/detail/speed_factor__rosidl_typesupport_fastrtps_c.h
[2.155s] -- Up-to-date symlink: /root/ros2_ws/install/mg400_msgs/include/mg400_msgs/mg400_msgs/srv/detail/speed_j__rosidl_typesupport_fastrtps_c.h
[2.155s] -- Up-to-date symlink: /root/ros2_ws/install/mg400_msgs/include/mg400_msgs/mg400_msgs/srv/detail/speed_l__rosidl_typesupport_fastrtps_c.h
[2.155s] -- Up-to-date symlink: /root/ros2_ws/install/mg400_msgs/include/mg400_msgs/mg400_msgs/srv/detail/tool__rosidl_typesupport_fastrtps_c.h
[2.155s] -- Up-to-date symlink: /root/ros2_ws/install/mg400_msgs/include/mg400_msgs/mg400_msgs/srv/detail/tool_di__rosidl_typesupport_fastrtps_c.h
[2.155s] -- Up-to-date symlink: /root/ros2_ws/install/mg400_msgs/include/mg400_msgs/mg400_msgs/srv/detail/tool_do_execute__rosidl_typesupport_fastrtps_c.h
[2.156s] -- Up-to-date symlink: /root/ros2_ws/install/mg400_msgs/include/mg400_msgs/mg400_msgs/srv/detail/user__rosidl_typesupport_fastrtps_c.h
[2.159s] -- Up-to-date symlink: /root/ros2_ws/install/mg400_msgs/include/mg400_msgs/mg400_msgs/action/command_queue.hpp
[2.159s] -- Up-to-date symlink: /root/ros2_ws/install/mg400_msgs/include/mg400_msgs/mg400_msgs/action/detail/command_queue__builder.hpp
[2.159s] -- Up-to-date symlink: /root/ros2_ws/install/mg400_msgs/include/mg400_msgs/mg400_msgs/action/detail/command_queue__struct.hpp
[2.159s] -- Up-to-date symlink: /root/ros2_ws/install/mg400_msgs/include/mg400_msgs/mg400_msgs/action/detail/command_queue__traits.hpp
[2.159s] -- Up-to-date symlink: /root/ros2_ws/install/mg400_msgs/include/mg400_msgs/mg400_msgs/action/detail/command_queue__type_support.hpp
[2.159s] -- Up-to-date symlink: /root/ros2_ws/install/mg400_msgs/include/mg400_msgs/mg400_msgs/action/detail/joint_mov_j__builder.hpp
[2.159s] -- Up-to-date symlink: /root/ros2_ws/install/mg400_msgs/include/mg400_msgs/mg400_msgs/action/detail/joint_mov_j__struct.hpp
[2.159s] -- Up-to-date symlink: /root/ros2_ws/install/mg400_msgs/include/mg400_msgs/mg400_msgs/action/detail/joint_mov_j__traits.hpp
[2.160s] -- Up-to-date symlink: /root/ros2_ws/install/mg400_msgs/include/mg400_msgs/mg400_msgs/action/detail/joint_mov_j__type_support.hpp
[2.160s] -- Up-to-date symlink: /root/ros2_ws/install/mg400_msgs/include/mg400_msgs/mg400_msgs/action/detail/mov_j__builder.hpp
[2.160s] -- Up-to-date symlink: /root/ros2_ws/install/mg400_msgs/include/mg400_msgs/mg400_msgs/action/detail/mov_j__struct.hpp
[2.160s] -- Up-to-date symlink: /root/ros2_ws/install/mg400_msgs/include/mg400_msgs/mg400_msgs/action/detail/mov_j__traits.hpp
[2.160s] -- Up-to-date symlink: /root/ros2_ws/install/mg400_msgs/include/mg400_msgs/mg400_msgs/action/detail/mov_j__type_support.hpp
[2.160s] -- Up-to-date symlink: /root/ros2_ws/install/mg400_msgs/include/mg400_msgs/mg400_msgs/action/detail/mov_jio__builder.hpp
[2.160s] -- Up-to-date symlink: /root/ros2_ws/install/mg400_msgs/include/mg400_msgs/mg400_msgs/action/detail/mov_jio__struct.hpp
[2.160s] -- Up-to-date symlink: /root/ros2_ws/install/mg400_msgs/include/mg400_msgs/mg400_msgs/action/detail/mov_jio__traits.hpp
[2.160s] -- Up-to-date symlink: /root/ros2_ws/install/mg400_msgs/include/mg400_msgs/mg400_msgs/action/detail/mov_jio__type_support.hpp
[2.160s] -- Up-to-date symlink: /root/ros2_ws/install/mg400_msgs/include/mg400_msgs/mg400_msgs/action/detail/mov_l__builder.hpp
[2.160s] -- Up-to-date symlink: /root/ros2_ws/install/mg400_msgs/include/mg400_msgs/mg400_msgs/action/detail/mov_l__struct.hpp
[2.160s] -- Up-to-date symlink: /root/ros2_ws/install/mg400_msgs/include/mg400_msgs/mg400_msgs/action/detail/mov_l__traits.hpp
[2.160s] -- Up-to-date symlink: /root/ros2_ws/install/mg400_msgs/include/mg400_msgs/mg400_msgs/action/detail/mov_l__type_support.hpp
[2.161s] -- Up-to-date symlink: /root/ros2_ws/install/mg400_msgs/include/mg400_msgs/mg400_msgs/action/detail/mov_lio__builder.hpp
[2.161s] -- Up-to-date symlink: /root/ros2_ws/install/mg400_msgs/include/mg400_msgs/mg400_msgs/action/detail/mov_lio__struct.hpp
[2.161s] -- Up-to-date symlink: /root/ros2_ws/install/mg400_msgs/include/mg400_msgs/mg400_msgs/action/detail/mov_lio__traits.hpp
[2.161s] -- Up-to-date symlink: /root/ros2_ws/install/mg400_msgs/include/mg400_msgs/mg400_msgs/action/detail/mov_lio__type_support.hpp
[2.161s] -- Up-to-date symlink: /root/ros2_ws/install/mg400_msgs/include/mg400_msgs/mg400_msgs/action/joint_mov_j.hpp
[2.161s] -- Up-to-date symlink: /root/ros2_ws/install/mg400_msgs/include/mg400_msgs/mg400_msgs/action/mov_j.hpp
[2.161s] -- Up-to-date symlink: /root/ros2_ws/install/mg400_msgs/include/mg400_msgs/mg400_msgs/action/mov_jio.hpp
[2.161s] -- Up-to-date symlink: /root/ros2_ws/install/mg400_msgs/include/mg400_msgs/mg400_msgs/action/mov_l.hpp
[2.161s] -- Up-to-date symlink: /root/ros2_ws/install/mg400_msgs/include/mg400_msgs/mg400_msgs/action/mov_lio.hpp
[2.161s] -- Up-to-date symlink: /root/ros2_ws/install/mg400_msgs/include/mg400_msgs/mg400_msgs/msg/arch.hpp
[2.161s] -- Up-to-date symlink: /root/ros2_ws/install/mg400_msgs/include/mg400_msgs/mg400_msgs/msg/collision_level.hpp
[2.161s] -- Up-to-date symlink: /root/ros2_ws/install/mg400_msgs/include/mg400_msgs/mg400_msgs/msg/command.hpp
[2.162s] -- Up-to-date symlink: /root/ros2_ws/install/mg400_msgs/include/mg400_msgs/mg400_msgs/msg/detail/arch__builder.hpp
[2.162s] -- Up-to-date symlink: /root/ros2_ws/install/mg400_msgs/include/mg400_msgs/mg400_msgs/msg/detail/arch__struct.hpp
[2.162s] -- Up-to-date symlink: /root/ros2_ws/install/mg400_msgs/include/mg400_msgs/mg400_msgs/msg/detail/arch__traits.hpp
[2.162s] -- Up-to-date symlink: /root/ros2_ws/install/mg400_msgs/include/mg400_msgs/mg400_msgs/msg/detail/arch__type_support.hpp
[2.162s] -- Up-to-date symlink: /root/ros2_ws/install/mg400_msgs/include/mg400_msgs/mg400_msgs/msg/detail/collision_level__builder.hpp
[2.162s] -- Up-to-date symlink: /root/ros2_ws/install/mg400_msgs/include/mg400_msgs/mg400_msgs/msg/detail/collision_level__struct.hpp
[2.162s] -- Up-to-date symlink: /root/ros2_ws/install/mg400_msgs/include/mg400_msgs/mg400_msgs/msg/detail/collision_level__traits.hpp
[2.162s] -- Up-to-date symlink: /root/ros2_ws/install/mg400_msgs/include/mg400_msgs/mg400_msgs/msg/detail/collision_level__type_support.hpp
[2.162s] -- Up-to-date symlink: /root/ros2_ws/install/mg400_msgs/include/mg400_msgs/mg400_msgs/msg/detail/command__builder.hpp
[2.162s] -- Up-to-date symlink: /root/ros2_ws/install/mg400_msgs/include/mg400_msgs/mg400_msgs/msg/detail/command__struct.hpp
[2.162s] -- Up-to-date symlink: /root/ros2_ws/install/mg400_msgs/include/mg400_msgs/mg400_msgs/msg/detail/command__traits.hpp
[2.163s] -- Up-to-date symlink: /root/ros2_ws/install/mg400_msgs/include/mg400_msgs/mg400_msgs/msg/detail/command__type_support.hpp
[2.163s] -- Up-to-date symlink: /root/ros2_ws/install/mg400_msgs/include/mg400_msgs/mg400_msgs/msg/detail/di_index__builder.hpp
[2.163s] -- Up-to-date symlink: /root/ros2_ws/install/mg400_msgs/include/mg400_msgs/mg400_msgs/msg/detail/di_index__struct.hpp
[2.163s] -- Up-to-date symlink: /root/ros2_ws/install/mg400_msgs/include/mg400_msgs/mg400_msgs/msg/detail/di_index__traits.hpp
[2.163s] -- Up-to-date symlink: /root/ros2_ws/install/mg400_msgs/include/mg400_msgs/mg400_msgs/msg/detail/di_index__type_support.hpp
[2.163s] -- Up-to-date symlink: /root/ros2_ws/install/mg400_msgs/include/mg400_msgs/mg400_msgs/msg/detail/distance_mode__builder.hpp
[2.163s] -- Up-to-date symlink: /root/ros2_ws/install/mg400_msgs/include/mg400_msgs/mg400_msgs/msg/detail/distance_mode__struct.hpp
[2.163s] -- Up-to-date symlink: /root/ros2_ws/install/mg400_msgs/include/mg400_msgs/mg400_msgs/msg/detail/distance_mode__traits.hpp
[2.163s] -- Up-to-date symlink: /root/ros2_ws/install/mg400_msgs/include/mg400_msgs/mg400_msgs/msg/detail/distance_mode__type_support.hpp
[2.163s] -- Up-to-date symlink: /root/ros2_ws/install/mg400_msgs/include/mg400_msgs/mg400_msgs/msg/detail/do_index__builder.hpp
[2.164s] -- Up-to-date symlink: /root/ros2_ws/install/mg400_msgs/include/mg400_msgs/mg400_msgs/msg/detail/do_index__struct.hpp
[2.164s] -- Up-to-date symlink: /root/ros2_ws/install/mg400_msgs/include/mg400_msgs/mg400_msgs/msg/detail/do_index__traits.hpp
[2.164s] -- Up-to-date symlink: /root/ros2_ws/install/mg400_msgs/include/mg400_msgs/mg400_msgs/msg/detail/do_index__type_support.hpp
[2.164s] -- Up-to-date symlink: /root/ros2_ws/install/mg400_msgs/include/mg400_msgs/mg400_msgs/msg/detail/do_status__builder.hpp
[2.164s] -- Up-to-date symlink: /root/ros2_ws/install/mg400_msgs/include/mg400_msgs/mg400_msgs/msg/detail/do_status__struct.hpp
[2.164s] -- Up-to-date symlink: /root/ros2_ws/install/mg400_msgs/include/mg400_msgs/mg400_msgs/msg/detail/do_status__traits.hpp
[2.164s] -- Up-to-date symlink: /root/ros2_ws/install/mg400_msgs/include/mg400_msgs/mg400_msgs/msg/detail/do_status__type_support.hpp
[2.164s] -- Up-to-date symlink: /root/ros2_ws/install/mg400_msgs/include/mg400_msgs/mg400_msgs/msg/detail/error_id__builder.hpp
[2.164s] -- Up-to-date symlink: /root/ros2_ws/install/mg400_msgs/include/mg400_msgs/mg400_msgs/msg/detail/error_id__struct.hpp
[2.164s] -- Up-to-date symlink: /root/ros2_ws/install/mg400_msgs/include/mg400_msgs/mg400_msgs/msg/detail/error_id__traits.hpp
[2.164s] -- Up-to-date symlink: /root/ros2_ws/install/mg400_msgs/include/mg400_msgs/mg400_msgs/msg/detail/error_id__type_support.hpp
[2.165s] -- Up-to-date symlink: /root/ros2_ws/install/mg400_msgs/include/mg400_msgs/mg400_msgs/msg/detail/id_array__builder.hpp
[2.165s] -- Up-to-date symlink: /root/ros2_ws/install/mg400_msgs/include/mg400_msgs/mg400_msgs/msg/detail/id_array__struct.hpp
[2.165s] -- Up-to-date symlink: /root/ros2_ws/install/mg400_msgs/include/mg400_msgs/mg400_msgs/msg/detail/id_array__traits.hpp
[2.165s] -- Up-to-date symlink: /root/ros2_ws/install/mg400_msgs/include/mg400_msgs/mg400_msgs/msg/detail/id_array__type_support.hpp
[2.165s] -- Up-to-date symlink: /root/ros2_ws/install/mg400_msgs/include/mg400_msgs/mg400_msgs/msg/detail/joint_mov_j__builder.hpp
[2.165s] -- Up-to-date symlink: /root/ros2_ws/install/mg400_msgs/include/mg400_msgs/mg400_msgs/msg/detail/joint_mov_j__struct.hpp
[2.165s] -- Up-to-date symlink: /root/ros2_ws/install/mg400_msgs/include/mg400_msgs/mg400_msgs/msg/detail/joint_mov_j__traits.hpp
[2.165s] -- Up-to-date symlink: /root/ros2_ws/install/mg400_msgs/include/mg400_msgs/mg400_msgs/msg/detail/joint_mov_j__type_support.hpp
[2.165s] -- Up-to-date symlink: /root/ros2_ws/install/mg400_msgs/include/mg400_msgs/mg400_msgs/msg/detail/mov_j__builder.hpp
[2.165s] -- Up-to-date symlink: /root/ros2_ws/install/mg400_msgs/include/mg400_msgs/mg400_msgs/msg/detail/mov_j__struct.hpp
[2.165s] -- Up-to-date symlink: /root/ros2_ws/install/mg400_msgs/include/mg400_msgs/mg400_msgs/msg/detail/mov_j__traits.hpp
[2.166s] -- Up-to-date symlink: /root/ros2_ws/install/mg400_msgs/include/mg400_msgs/mg400_msgs/msg/detail/mov_j__type_support.hpp
[2.166s] -- Up-to-date symlink: /root/ros2_ws/install/mg400_msgs/include/mg400_msgs/mg400_msgs/msg/detail/mov_jio__builder.hpp
[2.166s] -- Up-to-date symlink: /root/ros2_ws/install/mg400_msgs/include/mg400_msgs/mg400_msgs/msg/detail/mov_jio__struct.hpp
[2.166s] -- Up-to-date symlink: /root/ros2_ws/install/mg400_msgs/include/mg400_msgs/mg400_msgs/msg/detail/mov_jio__traits.hpp
[2.166s] -- Up-to-date symlink: /root/ros2_ws/install/mg400_msgs/include/mg400_msgs/mg400_msgs/msg/detail/mov_jio__type_support.hpp
[2.166s] -- Up-to-date symlink: /root/ros2_ws/install/mg400_msgs/include/mg400_msgs/mg400_msgs/msg/detail/mov_l__builder.hpp
[2.166s] -- Up-to-date symlink: /root/ros2_ws/install/mg400_msgs/include/mg400_msgs/mg400_msgs/msg/detail/mov_l__struct.hpp
[2.166s] -- Up-to-date symlink: /root/ros2_ws/install/mg400_msgs/include/mg400_msgs/mg400_msgs/msg/detail/mov_l__traits.hpp
[2.166s] -- Up-to-date symlink: /root/ros2_ws/install/mg400_msgs/include/mg400_msgs/mg400_msgs/msg/detail/mov_l__type_support.hpp
[2.166s] -- Up-to-date symlink: /root/ros2_ws/install/mg400_msgs/include/mg400_msgs/mg400_msgs/msg/detail/mov_lio__builder.hpp
[2.166s] -- Up-to-date symlink: /root/ros2_ws/install/mg400_msgs/include/mg400_msgs/mg400_msgs/msg/detail/mov_lio__struct.hpp
[2.167s] -- Up-to-date symlink: /root/ros2_ws/install/mg400_msgs/include/mg400_msgs/mg400_msgs/msg/detail/mov_lio__traits.hpp
[2.167s] -- Up-to-date symlink: /root/ros2_ws/install/mg400_msgs/include/mg400_msgs/mg400_msgs/msg/detail/mov_lio__type_support.hpp
[2.167s] -- Up-to-date symlink: /root/ros2_ws/install/mg400_msgs/include/mg400_msgs/mg400_msgs/msg/detail/move_jog__builder.hpp
[2.167s] -- Up-to-date symlink: /root/ros2_ws/install/mg400_msgs/include/mg400_msgs/mg400_msgs/msg/detail/move_jog__struct.hpp
[2.167s] -- Up-to-date symlink: /root/ros2_ws/install/mg400_msgs/include/mg400_msgs/mg400_msgs/msg/detail/move_jog__traits.hpp
[2.167s] -- Up-to-date symlink: /root/ros2_ws/install/mg400_msgs/include/mg400_msgs/mg400_msgs/msg/detail/move_jog__type_support.hpp
[2.167s] -- Up-to-date symlink: /root/ros2_ws/install/mg400_msgs/include/mg400_msgs/mg400_msgs/msg/detail/robot_mode__builder.hpp
[2.167s] -- Up-to-date symlink: /root/ros2_ws/install/mg400_msgs/include/mg400_msgs/mg400_msgs/msg/detail/robot_mode__struct.hpp
[2.167s] -- Up-to-date symlink: /root/ros2_ws/install/mg400_msgs/include/mg400_msgs/mg400_msgs/msg/detail/robot_mode__traits.hpp
[2.167s] -- Up-to-date symlink: /root/ros2_ws/install/mg400_msgs/include/mg400_msgs/mg400_msgs/msg/detail/robot_mode__type_support.hpp
[2.168s] -- Up-to-date symlink: /root/ros2_ws/install/mg400_msgs/include/mg400_msgs/mg400_msgs/msg/detail/tool__builder.hpp
[2.168s] -- Up-to-date symlink: /root/ros2_ws/install/mg400_msgs/include/mg400_msgs/mg400_msgs/msg/detail/tool__struct.hpp
[2.168s] -- Up-to-date symlink: /root/ros2_ws/install/mg400_msgs/include/mg400_msgs/mg400_msgs/msg/detail/tool__traits.hpp
[2.168s] -- Up-to-date symlink: /root/ros2_ws/install/mg400_msgs/include/mg400_msgs/mg400_msgs/msg/detail/tool__type_support.hpp
[2.168s] -- Up-to-date symlink: /root/ros2_ws/install/mg400_msgs/include/mg400_msgs/mg400_msgs/msg/detail/tool_di_index__builder.hpp
[2.168s] -- Up-to-date symlink: /root/ros2_ws/install/mg400_msgs/include/mg400_msgs/mg400_msgs/msg/detail/tool_di_index__struct.hpp
[2.168s] -- Up-to-date symlink: /root/ros2_ws/install/mg400_msgs/include/mg400_msgs/mg400_msgs/msg/detail/tool_di_index__traits.hpp
[2.168s] -- Up-to-date symlink: /root/ros2_ws/install/mg400_msgs/include/mg400_msgs/mg400_msgs/msg/detail/tool_di_index__type_support.hpp
[2.168s] -- Up-to-date symlink: /root/ros2_ws/install/mg400_msgs/include/mg400_msgs/mg400_msgs/msg/detail/tool_do_index__builder.hpp
[2.168s] -- Up-to-date symlink: /root/ros2_ws/install/mg400_msgs/include/mg400_msgs/mg400_msgs/msg/detail/tool_do_index__struct.hpp
[2.169s] -- Up-to-date symlink: /root/ros2_ws/install/mg400_msgs/include/mg400_msgs/mg400_msgs/msg/detail/tool_do_index__traits.hpp
[2.169s] -- Up-to-date symlink: /root/ros2_ws/install/mg400_msgs/include/mg400_msgs/mg400_msgs/msg/detail/tool_do_index__type_support.hpp
[2.169s] -- Up-to-date symlink: /root/ros2_ws/install/mg400_msgs/include/mg400_msgs/mg400_msgs/msg/detail/user__builder.hpp
[2.169s] -- Up-to-date symlink: /root/ros2_ws/install/mg400_msgs/include/mg400_msgs/mg400_msgs/msg/detail/user__struct.hpp
[2.169s] -- Up-to-date symlink: /root/ros2_ws/install/mg400_msgs/include/mg400_msgs/mg400_msgs/msg/detail/user__traits.hpp
[2.169s] -- Up-to-date symlink: /root/ros2_ws/install/mg400_msgs/include/mg400_msgs/mg400_msgs/msg/detail/user__type_support.hpp
[2.169s] -- Up-to-date symlink: /root/ros2_ws/install/mg400_msgs/include/mg400_msgs/mg400_msgs/msg/di_index.hpp
[2.169s] -- Up-to-date symlink: /root/ros2_ws/install/mg400_msgs/include/mg400_msgs/mg400_msgs/msg/distance_mode.hpp
[2.169s] -- Up-to-date symlink: /root/ros2_ws/install/mg400_msgs/include/mg400_msgs/mg400_msgs/msg/do_index.hpp
[2.169s] -- Up-to-date symlink: /root/ros2_ws/install/mg400_msgs/include/mg400_msgs/mg400_msgs/msg/do_status.hpp
[2.169s] -- Up-to-date symlink: /root/ros2_ws/install/mg400_msgs/include/mg400_msgs/mg400_msgs/msg/error_id.hpp
[2.170s] -- Up-to-date symlink: /root/ros2_ws/install/mg400_msgs/include/mg400_msgs/mg400_msgs/msg/id_array.hpp
[2.170s] -- Up-to-date symlink: /root/ros2_ws/install/mg400_msgs/include/mg400_msgs/mg400_msgs/msg/joint_mov_j.hpp
[2.170s] -- Up-to-date symlink: /root/ros2_ws/install/mg400_msgs/include/mg400_msgs/mg400_msgs/msg/mov_j.hpp
[2.170s] -- Up-to-date symlink: /root/ros2_ws/install/mg400_msgs/include/mg400_msgs/mg400_msgs/msg/mov_jio.hpp
[2.170s] -- Up-to-date symlink: /root/ros2_ws/install/mg400_msgs/include/mg400_msgs/mg400_msgs/msg/mov_l.hpp
[2.170s] -- Up-to-date symlink: /root/ros2_ws/install/mg400_msgs/include/mg400_msgs/mg400_msgs/msg/mov_lio.hpp
[2.170s] -- Up-to-date symlink: /root/ros2_ws/install/mg400_msgs/include/mg400_msgs/mg400_msgs/msg/move_jog.hpp
[2.170s] -- Up-to-date symlink: /root/ros2_ws/install/mg400_msgs/include/mg400_msgs/mg400_msgs/msg/robot_mode.hpp
[2.170s] -- Up-to-date symlink: /root/ros2_ws/install/mg400_msgs/include/mg400_msgs/mg400_msgs/msg/rosidl_generator_cpp__visibility_control.hpp
[2.170s] -- Up-to-date symlink: /root/ros2_ws/install/mg400_msgs/include/mg400_msgs/mg400_msgs/msg/tool.hpp
[2.170s] -- Up-to-date symlink: /root/ros2_ws/install/mg400_msgs/include/mg400_msgs/mg400_msgs/msg/tool_di_index.hpp
[2.170s] -- Up-to-date symlink: /root/ros2_ws/install/mg400_msgs/include/mg400_msgs/mg400_msgs/msg/tool_do_index.hpp
[2.171s] -- Up-to-date symlink: /root/ros2_ws/install/mg400_msgs/include/mg400_msgs/mg400_msgs/msg/user.hpp
[2.171s] -- Up-to-date symlink: /root/ros2_ws/install/mg400_msgs/include/mg400_msgs/mg400_msgs/srv/acc_j.hpp
[2.171s] -- Up-to-date symlink: /root/ros2_ws/install/mg400_msgs/include/mg400_msgs/mg400_msgs/srv/acc_l.hpp
[2.171s] -- Up-to-date symlink: /root/ros2_ws/install/mg400_msgs/include/mg400_msgs/mg400_msgs/srv/arch.hpp
[2.171s] -- Up-to-date symlink: /root/ros2_ws/install/mg400_msgs/include/mg400_msgs/mg400_msgs/srv/clear_error.hpp
[2.171s] -- Up-to-date symlink: /root/ros2_ws/install/mg400_msgs/include/mg400_msgs/mg400_msgs/srv/cp.hpp
[2.171s] -- Up-to-date symlink: /root/ros2_ws/install/mg400_msgs/include/mg400_msgs/mg400_msgs/srv/detail/acc_j__builder.hpp
[2.171s] -- Up-to-date symlink: /root/ros2_ws/install/mg400_msgs/include/mg400_msgs/mg400_msgs/srv/detail/acc_j__struct.hpp
[2.171s] -- Up-to-date symlink: /root/ros2_ws/install/mg400_msgs/include/mg400_msgs/mg400_msgs/srv/detail/acc_j__traits.hpp
[2.171s] -- Up-to-date symlink: /root/ros2_ws/install/mg400_msgs/include/mg400_msgs/mg400_msgs/srv/detail/acc_j__type_support.hpp
[2.172s] -- Up-to-date symlink: /root/ros2_ws/install/mg400_msgs/include/mg400_msgs/mg400_msgs/srv/detail/acc_l__builder.hpp
[2.172s] -- Up-to-date symlink: /root/ros2_ws/install/mg400_msgs/include/mg400_msgs/mg400_msgs/srv/detail/acc_l__struct.hpp
[2.172s] -- Up-to-date symlink: /root/ros2_ws/install/mg400_msgs/include/mg400_msgs/mg400_msgs/srv/detail/acc_l__traits.hpp
[2.172s] -- Up-to-date symlink: /root/ros2_ws/install/mg400_msgs/include/mg400_msgs/mg400_msgs/srv/detail/acc_l__type_support.hpp
[2.172s] -- Up-to-date symlink: /root/ros2_ws/install/mg400_msgs/include/mg400_msgs/mg400_msgs/srv/detail/arch__builder.hpp
[2.172s] -- Up-to-date symlink: /root/ros2_ws/install/mg400_msgs/include/mg400_msgs/mg400_msgs/srv/detail/arch__struct.hpp
[2.172s] -- Up-to-date symlink: /root/ros2_ws/install/mg400_msgs/include/mg400_msgs/mg400_msgs/srv/detail/arch__traits.hpp
[2.172s] -- Up-to-date symlink: /root/ros2_ws/install/mg400_msgs/include/mg400_msgs/mg400_msgs/srv/detail/arch__type_support.hpp
[2.172s] -- Up-to-date symlink: /root/ros2_ws/install/mg400_msgs/include/mg400_msgs/mg400_msgs/srv/detail/clear_error__builder.hpp
[2.172s] -- Up-to-date symlink: /root/ros2_ws/install/mg400_msgs/include/mg400_msgs/mg400_msgs/srv/detail/clear_error__struct.hpp
[2.172s] -- Up-to-date symlink: /root/ros2_ws/install/mg400_msgs/include/mg400_msgs/mg400_msgs/srv/detail/clear_error__traits.hpp
[2.173s] -- Up-to-date symlink: /root/ros2_ws/install/mg400_msgs/include/mg400_msgs/mg400_msgs/srv/detail/clear_error__type_support.hpp
[2.173s] -- Up-to-date symlink: /root/ros2_ws/install/mg400_msgs/include/mg400_msgs/mg400_msgs/srv/detail/cp__builder.hpp
[2.173s] -- Up-to-date symlink: /root/ros2_ws/install/mg400_msgs/include/mg400_msgs/mg400_msgs/srv/detail/cp__struct.hpp
[2.173s] -- Up-to-date symlink: /root/ros2_ws/install/mg400_msgs/include/mg400_msgs/mg400_msgs/srv/detail/cp__traits.hpp
[2.173s] -- Up-to-date symlink: /root/ros2_ws/install/mg400_msgs/include/mg400_msgs/mg400_msgs/srv/detail/cp__type_support.hpp
[2.173s] -- Up-to-date symlink: /root/ros2_ws/install/mg400_msgs/include/mg400_msgs/mg400_msgs/srv/detail/di__builder.hpp
[2.173s] -- Up-to-date symlink: /root/ros2_ws/install/mg400_msgs/include/mg400_msgs/mg400_msgs/srv/detail/di__struct.hpp
[2.173s] -- Up-to-date symlink: /root/ros2_ws/install/mg400_msgs/include/mg400_msgs/mg400_msgs/srv/detail/di__traits.hpp
[2.173s] -- Up-to-date symlink: /root/ros2_ws/install/mg400_msgs/include/mg400_msgs/mg400_msgs/srv/detail/di__type_support.hpp
[2.173s] -- Up-to-date symlink: /root/ros2_ws/install/mg400_msgs/include/mg400_msgs/mg400_msgs/srv/detail/disable_robot__builder.hpp
[2.173s] -- Up-to-date symlink: /root/ros2_ws/install/mg400_msgs/include/mg400_msgs/mg400_msgs/srv/detail/disable_robot__struct.hpp
[2.174s] -- Up-to-date symlink: /root/ros2_ws/install/mg400_msgs/include/mg400_msgs/mg400_msgs/srv/detail/disable_robot__traits.hpp
[2.174s] -- Up-to-date symlink: /root/ros2_ws/install/mg400_msgs/include/mg400_msgs/mg400_msgs/srv/detail/disable_robot__type_support.hpp
[2.174s] -- Up-to-date symlink: /root/ros2_ws/install/mg400_msgs/include/mg400_msgs/mg400_msgs/srv/detail/do__builder.hpp
[2.174s] -- Up-to-date symlink: /root/ros2_ws/install/mg400_msgs/include/mg400_msgs/mg400_msgs/srv/detail/do__struct.hpp
[2.174s] -- Up-to-date symlink: /root/ros2_ws/install/mg400_msgs/include/mg400_msgs/mg400_msgs/srv/detail/do__traits.hpp
[2.174s] -- Up-to-date symlink: /root/ros2_ws/install/mg400_msgs/include/mg400_msgs/mg400_msgs/srv/detail/do__type_support.hpp
[2.174s] -- Up-to-date symlink: /root/ros2_ws/install/mg400_msgs/include/mg400_msgs/mg400_msgs/srv/detail/emergency_stop__builder.hpp
[2.174s] -- Up-to-date symlink: /root/ros2_ws/install/mg400_msgs/include/mg400_msgs/mg400_msgs/srv/detail/emergency_stop__struct.hpp
[2.174s] -- Up-to-date symlink: /root/ros2_ws/install/mg400_msgs/include/mg400_msgs/mg400_msgs/srv/detail/emergency_stop__traits.hpp
[2.174s] -- Up-to-date symlink: /root/ros2_ws/install/mg400_msgs/include/mg400_msgs/mg400_msgs/srv/detail/emergency_stop__type_support.hpp
[2.174s] -- Up-to-date symlink: /root/ros2_ws/install/mg400_msgs/include/mg400_msgs/mg400_msgs/srv/detail/enable_robot__builder.hpp
[2.175s] -- Up-to-date symlink: /root/ros2_ws/install/mg400_msgs/include/mg400_msgs/mg400_msgs/srv/detail/enable_robot__struct.hpp
[2.175s] -- Up-to-date symlink: /root/ros2_ws/install/mg400_msgs/include/mg400_msgs/mg400_msgs/srv/detail/enable_robot__traits.hpp
[2.175s] -- Up-to-date symlink: /root/ros2_ws/install/mg400_msgs/include/mg400_msgs/mg400_msgs/srv/detail/enable_robot__type_support.hpp
[2.175s] -- Up-to-date symlink: /root/ros2_ws/install/mg400_msgs/include/mg400_msgs/mg400_msgs/srv/detail/get_angle__builder.hpp
[2.175s] -- Up-to-date symlink: /root/ros2_ws/install/mg400_msgs/include/mg400_msgs/mg400_msgs/srv/detail/get_angle__struct.hpp
[2.175s] -- Up-to-date symlink: /root/ros2_ws/install/mg400_msgs/include/mg400_msgs/mg400_msgs/srv/detail/get_angle__traits.hpp
[2.175s] -- Up-to-date symlink: /root/ros2_ws/install/mg400_msgs/include/mg400_msgs/mg400_msgs/srv/detail/get_angle__type_support.hpp
[2.175s] -- Up-to-date symlink: /root/ros2_ws/install/mg400_msgs/include/mg400_msgs/mg400_msgs/srv/detail/get_error_id__builder.hpp
[2.175s] -- Up-to-date symlink: /root/ros2_ws/install/mg400_msgs/include/mg400_msgs/mg400_msgs/srv/detail/get_error_id__struct.hpp
[2.175s] -- Up-to-date symlink: /root/ros2_ws/install/mg400_msgs/include/mg400_msgs/mg400_msgs/srv/detail/get_error_id__traits.hpp
[2.175s] -- Up-to-date symlink: /root/ros2_ws/install/mg400_msgs/include/mg400_msgs/mg400_msgs/srv/detail/get_error_id__type_support.hpp
[2.176s] -- Up-to-date symlink: /root/ros2_ws/install/mg400_msgs/include/mg400_msgs/mg400_msgs/srv/detail/get_pose__builder.hpp
[2.176s] -- Up-to-date symlink: /root/ros2_ws/install/mg400_msgs/include/mg400_msgs/mg400_msgs/srv/detail/get_pose__struct.hpp
[2.176s] -- Up-to-date symlink: /root/ros2_ws/install/mg400_msgs/include/mg400_msgs/mg400_msgs/srv/detail/get_pose__traits.hpp
[2.176s] -- Up-to-date symlink: /root/ros2_ws/install/mg400_msgs/include/mg400_msgs/mg400_msgs/srv/detail/get_pose__type_support.hpp
[2.176s] -- Up-to-date symlink: /root/ros2_ws/install/mg400_msgs/include/mg400_msgs/mg400_msgs/srv/detail/inverse_solution__builder.hpp
[2.176s] -- Up-to-date symlink: /root/ros2_ws/install/mg400_msgs/include/mg400_msgs/mg400_msgs/srv/detail/inverse_solution__struct.hpp
[2.176s] -- Up-to-date symlink: /root/ros2_ws/install/mg400_msgs/include/mg400_msgs/mg400_msgs/srv/detail/inverse_solution__traits.hpp
[2.176s] -- Up-to-date symlink: /root/ros2_ws/install/mg400_msgs/include/mg400_msgs/mg400_msgs/srv/detail/inverse_solution__type_support.hpp
[2.176s] -- Up-to-date symlink: /root/ros2_ws/install/mg400_msgs/include/mg400_msgs/mg400_msgs/srv/detail/joint_mov_j__builder.hpp
[2.176s] -- Up-to-date symlink: /root/ros2_ws/install/mg400_msgs/include/mg400_msgs/mg400_msgs/srv/detail/joint_mov_j__struct.hpp
[2.176s] -- Up-to-date symlink: /root/ros2_ws/install/mg400_msgs/include/mg400_msgs/mg400_msgs/srv/detail/joint_mov_j__traits.hpp
[2.177s] -- Up-to-date symlink: /root/ros2_ws/install/mg400_msgs/include/mg400_msgs/mg400_msgs/srv/detail/joint_mov_j__type_support.hpp
[2.177s] -- Up-to-date symlink: /root/ros2_ws/install/mg400_msgs/include/mg400_msgs/mg400_msgs/srv/detail/move_jog__builder.hpp
[2.177s] -- Up-to-date symlink: /root/ros2_ws/install/mg400_msgs/include/mg400_msgs/mg400_msgs/srv/detail/move_jog__struct.hpp
[2.177s] -- Up-to-date symlink: /root/ros2_ws/install/mg400_msgs/include/mg400_msgs/mg400_msgs/srv/detail/move_jog__traits.hpp
[2.177s] -- Up-to-date symlink: /root/ros2_ws/install/mg400_msgs/include/mg400_msgs/mg400_msgs/srv/detail/move_jog__type_support.hpp
[2.177s] -- Up-to-date symlink: /root/ros2_ws/install/mg400_msgs/include/mg400_msgs/mg400_msgs/srv/detail/pay_load__builder.hpp
[2.177s] -- Up-to-date symlink: /root/ros2_ws/install/mg400_msgs/include/mg400_msgs/mg400_msgs/srv/detail/pay_load__struct.hpp
[2.177s] -- Up-to-date symlink: /root/ros2_ws/install/mg400_msgs/include/mg400_msgs/mg400_msgs/srv/detail/pay_load__traits.hpp
[2.177s] -- Up-to-date symlink: /root/ros2_ws/install/mg400_msgs/include/mg400_msgs/mg400_msgs/srv/detail/pay_load__type_support.hpp
[2.177s] -- Up-to-date symlink: /root/ros2_ws/install/mg400_msgs/include/mg400_msgs/mg400_msgs/srv/detail/positive_solution__builder.hpp
[2.178s] -- Up-to-date symlink: /root/ros2_ws/install/mg400_msgs/include/mg400_msgs/mg400_msgs/srv/detail/positive_solution__struct.hpp
[2.178s] -- Up-to-date symlink: /root/ros2_ws/install/mg400_msgs/include/mg400_msgs/mg400_msgs/srv/detail/positive_solution__traits.hpp
[2.178s] -- Up-to-date symlink: /root/ros2_ws/install/mg400_msgs/include/mg400_msgs/mg400_msgs/srv/detail/positive_solution__type_support.hpp
[2.178s] -- Up-to-date symlink: /root/ros2_ws/install/mg400_msgs/include/mg400_msgs/mg400_msgs/srv/detail/reset_robot__builder.hpp
[2.178s] -- Up-to-date symlink: /root/ros2_ws/install/mg400_msgs/include/mg400_msgs/mg400_msgs/srv/detail/reset_robot__struct.hpp
[2.178s] -- Up-to-date symlink: /root/ros2_ws/install/mg400_msgs/include/mg400_msgs/mg400_msgs/srv/detail/reset_robot__traits.hpp
[2.178s] -- Up-to-date symlink: /root/ros2_ws/install/mg400_msgs/include/mg400_msgs/mg400_msgs/srv/detail/reset_robot__type_support.hpp
[2.178s] -- Up-to-date symlink: /root/ros2_ws/install/mg400_msgs/include/mg400_msgs/mg400_msgs/srv/detail/robot_mode__builder.hpp
[2.178s] -- Up-to-date symlink: /root/ros2_ws/install/mg400_msgs/include/mg400_msgs/mg400_msgs/srv/detail/robot_mode__struct.hpp
[2.178s] -- Up-to-date symlink: /root/ros2_ws/install/mg400_msgs/include/mg400_msgs/mg400_msgs/srv/detail/robot_mode__traits.hpp
[2.178s] -- Up-to-date symlink: /root/ros2_ws/install/mg400_msgs/include/mg400_msgs/mg400_msgs/srv/detail/robot_mode__type_support.hpp
[2.179s] -- Up-to-date symlink: /root/ros2_ws/install/mg400_msgs/include/mg400_msgs/mg400_msgs/srv/detail/set_collision_level__builder.hpp
[2.179s] -- Up-to-date symlink: /root/ros2_ws/install/mg400_msgs/include/mg400_msgs/mg400_msgs/srv/detail/set_collision_level__struct.hpp
[2.179s] -- Up-to-date symlink: /root/ros2_ws/install/mg400_msgs/include/mg400_msgs/mg400_msgs/srv/detail/set_collision_level__traits.hpp
[2.179s] -- Up-to-date symlink: /root/ros2_ws/install/mg400_msgs/include/mg400_msgs/mg400_msgs/srv/detail/set_collision_level__type_support.hpp
[2.179s] -- Up-to-date symlink: /root/ros2_ws/install/mg400_msgs/include/mg400_msgs/mg400_msgs/srv/detail/speed_factor__builder.hpp
[2.179s] -- Up-to-date symlink: /root/ros2_ws/install/mg400_msgs/include/mg400_msgs/mg400_msgs/srv/detail/speed_factor__struct.hpp
[2.179s] -- Up-to-date symlink: /root/ros2_ws/install/mg400_msgs/include/mg400_msgs/mg400_msgs/srv/detail/speed_factor__traits.hpp
[2.179s] -- Up-to-date symlink: /root/ros2_ws/install/mg400_msgs/include/mg400_msgs/mg400_msgs/srv/detail/speed_factor__type_support.hpp
[2.179s] -- Up-to-date symlink: /root/ros2_ws/install/mg400_msgs/include/mg400_msgs/mg400_msgs/srv/detail/speed_j__builder.hpp
[2.179s] -- Up-to-date symlink: /root/ros2_ws/install/mg400_msgs/include/mg400_msgs/mg400_msgs/srv/detail/speed_j__struct.hpp
[2.179s] -- Up-to-date symlink: /root/ros2_ws/install/mg400_msgs/include/mg400_msgs/mg400_msgs/srv/detail/speed_j__traits.hpp
[2.180s] -- Up-to-date symlink: /root/ros2_ws/install/mg400_msgs/include/mg400_msgs/mg400_msgs/srv/detail/speed_j__type_support.hpp
[2.180s] -- Up-to-date symlink: /root/ros2_ws/install/mg400_msgs/include/mg400_msgs/mg400_msgs/srv/detail/speed_l__builder.hpp
[2.180s] -- Up-to-date symlink: /root/ros2_ws/install/mg400_msgs/include/mg400_msgs/mg400_msgs/srv/detail/speed_l__struct.hpp
[2.180s] -- Up-to-date symlink: /root/ros2_ws/install/mg400_msgs/include/mg400_msgs/mg400_msgs/srv/detail/speed_l__traits.hpp
[2.180s] -- Up-to-date symlink: /root/ros2_ws/install/mg400_msgs/include/mg400_msgs/mg400_msgs/srv/detail/speed_l__type_support.hpp
[2.180s] -- Up-to-date symlink: /root/ros2_ws/install/mg400_msgs/include/mg400_msgs/mg400_msgs/srv/detail/tool__builder.hpp
[2.180s] -- Up-to-date symlink: /root/ros2_ws/install/mg400_msgs/include/mg400_msgs/mg400_msgs/srv/detail/tool__struct.hpp
[2.180s] -- Up-to-date symlink: /root/ros2_ws/install/mg400_msgs/include/mg400_msgs/mg400_msgs/srv/detail/tool__traits.hpp
[2.180s] -- Up-to-date symlink: /root/ros2_ws/install/mg400_msgs/include/mg400_msgs/mg400_msgs/srv/detail/tool__type_support.hpp
[2.180s] -- Up-to-date symlink: /root/ros2_ws/install/mg400_msgs/include/mg400_msgs/mg400_msgs/srv/detail/tool_di__builder.hpp
[2.181s] -- Up-to-date symlink: /root/ros2_ws/install/mg400_msgs/include/mg400_msgs/mg400_msgs/srv/detail/tool_di__struct.hpp
[2.181s] -- Up-to-date symlink: /root/ros2_ws/install/mg400_msgs/include/mg400_msgs/mg400_msgs/srv/detail/tool_di__traits.hpp
[2.181s] -- Up-to-date symlink: /root/ros2_ws/install/mg400_msgs/include/mg400_msgs/mg400_msgs/srv/detail/tool_di__type_support.hpp
[2.181s] -- Up-to-date symlink: /root/ros2_ws/install/mg400_msgs/include/mg400_msgs/mg400_msgs/srv/detail/tool_do_execute__builder.hpp
[2.181s] -- Up-to-date symlink: /root/ros2_ws/install/mg400_msgs/include/mg400_msgs/mg400_msgs/srv/detail/tool_do_execute__struct.hpp
[2.181s] -- Up-to-date symlink: /root/ros2_ws/install/mg400_msgs/include/mg400_msgs/mg400_msgs/srv/detail/tool_do_execute__traits.hpp
[2.181s] -- Up-to-date symlink: /root/ros2_ws/install/mg400_msgs/include/mg400_msgs/mg400_msgs/srv/detail/tool_do_execute__type_support.hpp
[2.181s] -- Up-to-date symlink: /root/ros2_ws/install/mg400_msgs/include/mg400_msgs/mg400_msgs/srv/detail/user__builder.hpp
[2.181s] -- Up-to-date symlink: /root/ros2_ws/install/mg400_msgs/include/mg400_msgs/mg400_msgs/srv/detail/user__struct.hpp
[2.181s] -- Up-to-date symlink: /root/ros2_ws/install/mg400_msgs/include/mg400_msgs/mg400_msgs/srv/detail/user__traits.hpp
[2.181s] -- Up-to-date symlink: /root/ros2_ws/install/mg400_msgs/include/mg400_msgs/mg400_msgs/srv/detail/user__type_support.hpp
[2.182s] -- Up-to-date symlink: /root/ros2_ws/install/mg400_msgs/include/mg400_msgs/mg400_msgs/srv/di.hpp
[2.182s] -- Up-to-date symlink: /root/ros2_ws/install/mg400_msgs/include/mg400_msgs/mg400_msgs/srv/disable_robot.hpp
[2.182s] -- Up-to-date symlink: /root/ros2_ws/install/mg400_msgs/include/mg400_msgs/mg400_msgs/srv/do.hpp
[2.182s] -- Up-to-date symlink: /root/ros2_ws/install/mg400_msgs/include/mg400_msgs/mg400_msgs/srv/emergency_stop.hpp
[2.182s] -- Up-to-date symlink: /root/ros2_ws/install/mg400_msgs/include/mg400_msgs/mg400_msgs/srv/enable_robot.hpp
[2.182s] -- Up-to-date symlink: /root/ros2_ws/install/mg400_msgs/include/mg400_msgs/mg400_msgs/srv/get_angle.hpp
[2.182s] -- Up-to-date symlink: /root/ros2_ws/install/mg400_msgs/include/mg400_msgs/mg400_msgs/srv/get_error_id.hpp
[2.182s] -- Up-to-date symlink: /root/ros2_ws/install/mg400_msgs/include/mg400_msgs/mg400_msgs/srv/get_pose.hpp
[2.182s] -- Up-to-date symlink: /root/ros2_ws/install/mg400_msgs/include/mg400_msgs/mg400_msgs/srv/inverse_solution.hpp
[2.182s] -- Up-to-date symlink: /root/ros2_ws/install/mg400_msgs/include/mg400_msgs/mg400_msgs/srv/joint_mov_j.hpp
[2.182s] -- Up-to-date symlink: /root/ros2_ws/install/mg400_msgs/include/mg400_msgs/mg400_msgs/srv/move_jog.hpp
[2.182s] -- Up-to-date symlink: /root/ros2_ws/install/mg400_msgs/include/mg400_msgs/mg400_msgs/srv/pay_load.hpp
[2.183s] -- Up-to-date symlink: /root/ros2_ws/install/mg400_msgs/include/mg400_msgs/mg400_msgs/srv/positive_solution.hpp
[2.183s] -- Up-to-date symlink: /root/ros2_ws/install/mg400_msgs/include/mg400_msgs/mg400_msgs/srv/reset_robot.hpp
[2.183s] -- Up-to-date symlink: /root/ros2_ws/install/mg400_msgs/include/mg400_msgs/mg400_msgs/srv/robot_mode.hpp
[2.183s] -- Up-to-date symlink: /root/ros2_ws/install/mg400_msgs/include/mg400_msgs/mg400_msgs/srv/set_collision_level.hpp
[2.183s] -- Up-to-date symlink: /root/ros2_ws/install/mg400_msgs/include/mg400_msgs/mg400_msgs/srv/speed_factor.hpp
[2.183s] -- Up-to-date symlink: /root/ros2_ws/install/mg400_msgs/include/mg400_msgs/mg400_msgs/srv/speed_j.hpp
[2.183s] -- Up-to-date symlink: /root/ros2_ws/install/mg400_msgs/include/mg400_msgs/mg400_msgs/srv/speed_l.hpp
[2.183s] -- Up-to-date symlink: /root/ros2_ws/install/mg400_msgs/include/mg400_msgs/mg400_msgs/srv/tool.hpp
[2.183s] -- Up-to-date symlink: /root/ros2_ws/install/mg400_msgs/include/mg400_msgs/mg400_msgs/srv/tool_di.hpp
[2.183s] -- Up-to-date symlink: /root/ros2_ws/install/mg400_msgs/include/mg400_msgs/mg400_msgs/srv/tool_do_execute.hpp
[2.183s] -- Up-to-date symlink: /root/ros2_ws/install/mg400_msgs/include/mg400_msgs/mg400_msgs/srv/user.hpp
[2.186s] -- Up-to-date symlink: /root/ros2_ws/install/mg400_msgs/include/mg400_msgs/mg400_msgs/action/detail/command_queue__rosidl_typesupport_fastrtps_cpp.hpp
[2.186s] -- Up-to-date symlink: /root/ros2_ws/install/mg400_msgs/include/mg400_msgs/mg400_msgs/action/detail/joint_mov_j__rosidl_typesupport_fastrtps_cpp.hpp
[2.186s] -- Up-to-date symlink: /root/ros2_ws/install/mg400_msgs/include/mg400_msgs/mg400_msgs/action/detail/mov_j__rosidl_typesupport_fastrtps_cpp.hpp
[2.186s] -- Up-to-date symlink: /root/ros2_ws/install/mg400_msgs/include/mg400_msgs/mg400_msgs/action/detail/mov_jio__rosidl_typesupport_fastrtps_cpp.hpp
[2.187s] -- Up-to-date symlink: /root/ros2_ws/install/mg400_msgs/include/mg400_msgs/mg400_msgs/action/detail/mov_l__rosidl_typesupport_fastrtps_cpp.hpp
[2.187s] -- Up-to-date symlink: /root/ros2_ws/install/mg400_msgs/include/mg400_msgs/mg400_msgs/action/detail/mov_lio__rosidl_typesupport_fastrtps_cpp.hpp
[2.187s] -- Up-to-date symlink: /root/ros2_ws/install/mg400_msgs/include/mg400_msgs/mg400_msgs/msg/detail/arch__rosidl_typesupport_fastrtps_cpp.hpp
[2.187s] -- Up-to-date symlink: /root/ros2_ws/install/mg400_msgs/include/mg400_msgs/mg400_msgs/msg/detail/collision_level__rosidl_typesupport_fastrtps_cpp.hpp
[2.187s] -- Up-to-date symlink: /root/ros2_ws/install/mg400_msgs/include/mg400_msgs/mg400_msgs/msg/detail/command__rosidl_typesupport_fastrtps_cpp.hpp
[2.187s] -- Up-to-date symlink: /root/ros2_ws/install/mg400_msgs/include/mg400_msgs/mg400_msgs/msg/detail/di_index__rosidl_typesupport_fastrtps_cpp.hpp
[2.187s] -- Up-to-date symlink: /root/ros2_ws/install/mg400_msgs/include/mg400_msgs/mg400_msgs/msg/detail/distance_mode__rosidl_typesupport_fastrtps_cpp.hpp
[2.187s] -- Up-to-date symlink: /root/ros2_ws/install/mg400_msgs/include/mg400_msgs/mg400_msgs/msg/detail/do_index__rosidl_typesupport_fastrtps_cpp.hpp
[2.187s] -- Up-to-date symlink: /root/ros2_ws/install/mg400_msgs/include/mg400_msgs/mg400_msgs/msg/detail/do_status__rosidl_typesupport_fastrtps_cpp.hpp
[2.188s] -- Up-to-date symlink: /root/ros2_ws/install/mg400_msgs/include/mg400_msgs/mg400_msgs/msg/detail/error_id__rosidl_typesupport_fastrtps_cpp.hpp
[2.188s] -- Up-to-date symlink: /root/ros2_ws/install/mg400_msgs/include/mg400_msgs/mg400_msgs/msg/detail/id_array__rosidl_typesupport_fastrtps_cpp.hpp
[2.188s] -- Up-to-date symlink: /root/ros2_ws/install/mg400_msgs/include/mg400_msgs/mg400_msgs/msg/detail/joint_mov_j__rosidl_typesupport_fastrtps_cpp.hpp
[2.188s] -- Up-to-date symlink: /root/ros2_ws/install/mg400_msgs/include/mg400_msgs/mg400_msgs/msg/detail/mov_j__rosidl_typesupport_fastrtps_cpp.hpp
[2.188s] -- Up-to-date symlink: /root/ros2_ws/install/mg400_msgs/include/mg400_msgs/mg400_msgs/msg/detail/mov_jio__rosidl_typesupport_fastrtps_cpp.hpp
[2.188s] -- Up-to-date symlink: /root/ros2_ws/install/mg400_msgs/include/mg400_msgs/mg400_msgs/msg/detail/mov_l__rosidl_typesupport_fastrtps_cpp.hpp
[2.188s] -- Up-to-date symlink: /root/ros2_ws/install/mg400_msgs/include/mg400_msgs/mg400_msgs/msg/detail/mov_lio__rosidl_typesupport_fastrtps_cpp.hpp
[2.188s] -- Up-to-date symlink: /root/ros2_ws/install/mg400_msgs/include/mg400_msgs/mg400_msgs/msg/detail/move_jog__rosidl_typesupport_fastrtps_cpp.hpp
[2.188s] -- Up-to-date symlink: /root/ros2_ws/install/mg400_msgs/include/mg400_msgs/mg400_msgs/msg/detail/robot_mode__rosidl_typesupport_fastrtps_cpp.hpp
[2.188s] -- Up-to-date symlink: /root/ros2_ws/install/mg400_msgs/include/mg400_msgs/mg400_msgs/msg/detail/tool__rosidl_typesupport_fastrtps_cpp.hpp
[2.188s] -- Up-to-date symlink: /root/ros2_ws/install/mg400_msgs/include/mg400_msgs/mg400_msgs/msg/detail/tool_di_index__rosidl_typesupport_fastrtps_cpp.hpp
[2.188s] -- Up-to-date symlink: /root/ros2_ws/install/mg400_msgs/include/mg400_msgs/mg400_msgs/msg/detail/tool_do_index__rosidl_typesupport_fastrtps_cpp.hpp
[2.188s] -- Up-to-date symlink: /root/ros2_ws/install/mg400_msgs/include/mg400_msgs/mg400_msgs/msg/detail/user__rosidl_typesupport_fastrtps_cpp.hpp
[2.188s] -- Up-to-date symlink: /root/ros2_ws/install/mg400_msgs/include/mg400_msgs/mg400_msgs/msg/rosidl_typesupport_fastrtps_cpp__visibility_control.h
[2.189s] -- Up-to-date symlink: /root/ros2_ws/install/mg400_msgs/include/mg400_msgs/mg400_msgs/srv/detail/acc_j__rosidl_typesupport_fastrtps_cpp.hpp
[2.189s] -- Up-to-date symlink: /root/ros2_ws/install/mg400_msgs/include/mg400_msgs/mg400_msgs/srv/detail/acc_l__rosidl_typesupport_fastrtps_cpp.hpp
[2.189s] -- Up-to-date symlink: /root/ros2_ws/install/mg400_msgs/include/mg400_msgs/mg400_msgs/srv/detail/arch__rosidl_typesupport_fastrtps_cpp.hpp
[2.189s] -- Up-to-date symlink: /root/ros2_ws/install/mg400_msgs/include/mg400_msgs/mg400_msgs/srv/detail/clear_error__rosidl_typesupport_fastrtps_cpp.hpp
[2.189s] -- Up-to-date symlink: /root/ros2_ws/install/mg400_msgs/include/mg400_msgs/mg400_msgs/srv/detail/cp__rosidl_typesupport_fastrtps_cpp.hpp
[2.189s] -- Up-to-date symlink: /root/ros2_ws/install/mg400_msgs/include/mg400_msgs/mg400_msgs/srv/detail/di__rosidl_typesupport_fastrtps_cpp.hpp
[2.189s] -- Up-to-date symlink: /root/ros2_ws/install/mg400_msgs/include/mg400_msgs/mg400_msgs/srv/detail/disable_robot__rosidl_typesupport_fastrtps_cpp.hpp
[2.189s] -- Up-to-date symlink: /root/ros2_ws/install/mg400_msgs/include/mg400_msgs/mg400_msgs/srv/detail/do__rosidl_typesupport_fastrtps_cpp.hpp
[2.189s] -- Up-to-date symlink: /root/ros2_ws/install/mg400_msgs/include/mg400_msgs/mg400_msgs/srv/detail/emergency_stop__rosidl_typesupport_fastrtps_cpp.hpp
[2.189s] -- Up-to-date symlink: /root/ros2_ws/install/mg400_msgs/include/mg400_msgs/mg400_msgs/srv/detail/enable_robot__rosidl_typesupport_fastrtps_cpp.hpp
[2.190s] -- Up-to-date symlink: /root/ros2_ws/install/mg400_msgs/include/mg400_msgs/mg400_msgs/srv/detail/get_angle__rosidl_typesupport_fastrtps_cpp.hpp
[2.190s] -- Up-to-date symlink: /root/ros2_ws/install/mg400_msgs/include/mg400_msgs/mg400_msgs/srv/detail/get_error_id__rosidl_typesupport_fastrtps_cpp.hpp
[2.190s] -- Up-to-date symlink: /root/ros2_ws/install/mg400_msgs/include/mg400_msgs/mg400_msgs/srv/detail/get_pose__rosidl_typesupport_fastrtps_cpp.hpp
[2.190s] -- Up-to-date symlink: /root/ros2_ws/install/mg400_msgs/include/mg400_msgs/mg400_msgs/srv/detail/inverse_solution__rosidl_typesupport_fastrtps_cpp.hpp
[2.190s] -- Up-to-date symlink: /root/ros2_ws/install/mg400_msgs/include/mg400_msgs/mg400_msgs/srv/detail/joint_mov_j__rosidl_typesupport_fastrtps_cpp.hpp
[2.190s] -- Up-to-date symlink: /root/ros2_ws/install/mg400_msgs/include/mg400_msgs/mg400_msgs/srv/detail/move_jog__rosidl_typesupport_fastrtps_cpp.hpp
[2.190s] -- Up-to-date symlink: /root/ros2_ws/install/mg400_msgs/include/mg400_msgs/mg400_msgs/srv/detail/pay_load__rosidl_typesupport_fastrtps_cpp.hpp
[2.190s] -- Up-to-date symlink: /root/ros2_ws/install/mg400_msgs/include/mg400_msgs/mg400_msgs/srv/detail/positive_solution__rosidl_typesupport_fastrtps_cpp.hpp
[2.190s] -- Up-to-date symlink: /root/ros2_ws/install/mg400_msgs/include/mg400_msgs/mg400_msgs/srv/detail/reset_robot__rosidl_typesupport_fastrtps_cpp.hpp
[2.190s] -- Up-to-date symlink: /root/ros2_ws/install/mg400_msgs/include/mg400_msgs/mg400_msgs/srv/detail/robot_mode__rosidl_typesupport_fastrtps_cpp.hpp
[2.191s] -- Up-to-date symlink: /root/ros2_ws/install/mg400_msgs/include/mg400_msgs/mg400_msgs/srv/detail/set_collision_level__rosidl_typesupport_fastrtps_cpp.hpp
[2.191s] -- Up-to-date symlink: /root/ros2_ws/install/mg400_msgs/include/mg400_msgs/mg400_msgs/srv/detail/speed_factor__rosidl_typesupport_fastrtps_cpp.hpp
[2.191s] -- Up-to-date symlink: /root/ros2_ws/install/mg400_msgs/include/mg400_msgs/mg400_msgs/srv/detail/speed_j__rosidl_typesupport_fastrtps_cpp.hpp
[2.191s] -- Up-to-date symlink: /root/ros2_ws/install/mg400_msgs/include/mg400_msgs/mg400_msgs/srv/detail/speed_l__rosidl_typesupport_fastrtps_cpp.hpp
[2.191s] -- Up-to-date symlink: /root/ros2_ws/install/mg400_msgs/include/mg400_msgs/mg400_msgs/srv/detail/tool__rosidl_typesupport_fastrtps_cpp.hpp
[2.191s] -- Up-to-date symlink: /root/ros2_ws/install/mg400_msgs/include/mg400_msgs/mg400_msgs/srv/detail/tool_di__rosidl_typesupport_fastrtps_cpp.hpp
[2.191s] -- Up-to-date symlink: /root/ros2_ws/install/mg400_msgs/include/mg400_msgs/mg400_msgs/srv/detail/tool_do_execute__rosidl_typesupport_fastrtps_cpp.hpp
[2.191s] -- Up-to-date symlink: /root/ros2_ws/install/mg400_msgs/include/mg400_msgs/mg400_msgs/srv/detail/user__rosidl_typesupport_fastrtps_cpp.hpp
[2.193s] -- Up-to-date symlink: /root/ros2_ws/install/mg400_msgs/include/mg400_msgs/mg400_msgs/action/detail/command_queue__rosidl_typesupport_introspection_c.h
[2.193s] -- Up-to-date symlink: /root/ros2_ws/install/mg400_msgs/include/mg400_msgs/mg400_msgs/action/detail/joint_mov_j__rosidl_typesupport_introspection_c.h
[2.193s] -- Up-to-date symlink: /root/ros2_ws/install/mg400_msgs/include/mg400_msgs/mg400_msgs/action/detail/mov_j__rosidl_typesupport_introspection_c.h
[2.193s] -- Up-to-date symlink: /root/ros2_ws/install/mg400_msgs/include/mg400_msgs/mg400_msgs/action/detail/mov_jio__rosidl_typesupport_introspection_c.h
[2.193s] -- Up-to-date symlink: /root/ros2_ws/install/mg400_msgs/include/mg400_msgs/mg400_msgs/action/detail/mov_l__rosidl_typesupport_introspection_c.h
[2.193s] -- Up-to-date symlink: /root/ros2_ws/install/mg400_msgs/include/mg400_msgs/mg400_msgs/action/detail/mov_lio__rosidl_typesupport_introspection_c.h
[2.193s] -- Up-to-date symlink: /root/ros2_ws/install/mg400_msgs/include/mg400_msgs/mg400_msgs/msg/detail/arch__rosidl_typesupport_introspection_c.h
[2.193s] -- Up-to-date symlink: /root/ros2_ws/install/mg400_msgs/include/mg400_msgs/mg400_msgs/msg/detail/collision_level__rosidl_typesupport_introspection_c.h
[2.194s] -- Up-to-date symlink: /root/ros2_ws/install/mg400_msgs/include/mg400_msgs/mg400_msgs/msg/detail/command__rosidl_typesupport_introspection_c.h
[2.194s] -- Up-to-date symlink: /root/ros2_ws/install/mg400_msgs/include/mg400_msgs/mg400_msgs/msg/detail/di_index__rosidl_typesupport_introspection_c.h
[2.194s] -- Up-to-date symlink: /root/ros2_ws/install/mg400_msgs/include/mg400_msgs/mg400_msgs/msg/detail/distance_mode__rosidl_typesupport_introspection_c.h
[2.194s] -- Up-to-date symlink: /root/ros2_ws/install/mg400_msgs/include/mg400_msgs/mg400_msgs/msg/detail/do_index__rosidl_typesupport_introspection_c.h
[2.194s] -- Up-to-date symlink: /root/ros2_ws/install/mg400_msgs/include/mg400_msgs/mg400_msgs/msg/detail/do_status__rosidl_typesupport_introspection_c.h
[2.194s] -- Up-to-date symlink: /root/ros2_ws/install/mg400_msgs/include/mg400_msgs/mg400_msgs/msg/detail/error_id__rosidl_typesupport_introspection_c.h
[2.194s] -- Up-to-date symlink: /root/ros2_ws/install/mg400_msgs/include/mg400_msgs/mg400_msgs/msg/detail/id_array__rosidl_typesupport_introspection_c.h
[2.194s] -- Up-to-date symlink: /root/ros2_ws/install/mg400_msgs/include/mg400_msgs/mg400_msgs/msg/detail/joint_mov_j__rosidl_typesupport_introspection_c.h
[2.195s] -- Up-to-date symlink: /root/ros2_ws/install/mg400_msgs/include/mg400_msgs/mg400_msgs/msg/detail/mov_j__rosidl_typesupport_introspection_c.h
[2.195s] -- Up-to-date symlink: /root/ros2_ws/install/mg400_msgs/include/mg400_msgs/mg400_msgs/msg/detail/mov_jio__rosidl_typesupport_introspection_c.h
[2.195s] -- Up-to-date symlink: /root/ros2_ws/install/mg400_msgs/include/mg400_msgs/mg400_msgs/msg/detail/mov_l__rosidl_typesupport_introspection_c.h
[2.195s] -- Up-to-date symlink: /root/ros2_ws/install/mg400_msgs/include/mg400_msgs/mg400_msgs/msg/detail/mov_lio__rosidl_typesupport_introspection_c.h
[2.195s] -- Up-to-date symlink: /root/ros2_ws/install/mg400_msgs/include/mg400_msgs/mg400_msgs/msg/detail/move_jog__rosidl_typesupport_introspection_c.h
[2.195s] -- Up-to-date symlink: /root/ros2_ws/install/mg400_msgs/include/mg400_msgs/mg400_msgs/msg/detail/robot_mode__rosidl_typesupport_introspection_c.h
[2.195s] -- Up-to-date symlink: /root/ros2_ws/install/mg400_msgs/include/mg400_msgs/mg400_msgs/msg/detail/tool__rosidl_typesupport_introspection_c.h
[2.195s] -- Up-to-date symlink: /root/ros2_ws/install/mg400_msgs/include/mg400_msgs/mg400_msgs/msg/detail/tool_di_index__rosidl_typesupport_introspection_c.h
[2.195s] -- Up-to-date symlink: /root/ros2_ws/install/mg400_msgs/include/mg400_msgs/mg400_msgs/msg/detail/tool_do_index__rosidl_typesupport_introspection_c.h
[2.195s] -- Up-to-date symlink: /root/ros2_ws/install/mg400_msgs/include/mg400_msgs/mg400_msgs/msg/detail/user__rosidl_typesupport_introspection_c.h
[2.195s] -- Up-to-date symlink: /root/ros2_ws/install/mg400_msgs/include/mg400_msgs/mg400_msgs/msg/rosidl_typesupport_introspection_c__visibility_control.h
[2.195s] -- Up-to-date symlink: /root/ros2_ws/install/mg400_msgs/include/mg400_msgs/mg400_msgs/srv/detail/acc_j__rosidl_typesupport_introspection_c.h
[2.196s] -- Up-to-date symlink: /root/ros2_ws/install/mg400_msgs/include/mg400_msgs/mg400_msgs/srv/detail/acc_l__rosidl_typesupport_introspection_c.h
[2.196s] -- Up-to-date symlink: /root/ros2_ws/install/mg400_msgs/include/mg400_msgs/mg400_msgs/srv/detail/arch__rosidl_typesupport_introspection_c.h
[2.196s] -- Up-to-date symlink: /root/ros2_ws/install/mg400_msgs/include/mg400_msgs/mg400_msgs/srv/detail/clear_error__rosidl_typesupport_introspection_c.h
[2.196s] -- Up-to-date symlink: /root/ros2_ws/install/mg400_msgs/include/mg400_msgs/mg400_msgs/srv/detail/cp__rosidl_typesupport_introspection_c.h
[2.196s] -- Up-to-date symlink: /root/ros2_ws/install/mg400_msgs/include/mg400_msgs/mg400_msgs/srv/detail/di__rosidl_typesupport_introspection_c.h
[2.196s] -- Up-to-date symlink: /root/ros2_ws/install/mg400_msgs/include/mg400_msgs/mg400_msgs/srv/detail/disable_robot__rosidl_typesupport_introspection_c.h
[2.196s] -- Up-to-date symlink: /root/ros2_ws/install/mg400_msgs/include/mg400_msgs/mg400_msgs/srv/detail/do__rosidl_typesupport_introspection_c.h
[2.196s] -- Up-to-date symlink: /root/ros2_ws/install/mg400_msgs/include/mg400_msgs/mg400_msgs/srv/detail/emergency_stop__rosidl_typesupport_introspection_c.h
[2.196s] -- Up-to-date symlink: /root/ros2_ws/install/mg400_msgs/include/mg400_msgs/mg400_msgs/srv/detail/enable_robot__rosidl_typesupport_introspection_c.h
[2.196s] -- Up-to-date symlink: /root/ros2_ws/install/mg400_msgs/include/mg400_msgs/mg400_msgs/srv/detail/get_angle__rosidl_typesupport_introspection_c.h
[2.196s] -- Up-to-date symlink: /root/ros2_ws/install/mg400_msgs/include/mg400_msgs/mg400_msgs/srv/detail/get_error_id__rosidl_typesupport_introspection_c.h
[2.197s] -- Up-to-date symlink: /root/ros2_ws/install/mg400_msgs/include/mg400_msgs/mg400_msgs/srv/detail/get_pose__rosidl_typesupport_introspection_c.h
[2.197s] -- Up-to-date symlink: /root/ros2_ws/install/mg400_msgs/include/mg400_msgs/mg400_msgs/srv/detail/inverse_solution__rosidl_typesupport_introspection_c.h
[2.197s] -- Up-to-date symlink: /root/ros2_ws/install/mg400_msgs/include/mg400_msgs/mg400_msgs/srv/detail/joint_mov_j__rosidl_typesupport_introspection_c.h
[2.197s] -- Up-to-date symlink: /root/ros2_ws/install/mg400_msgs/include/mg400_msgs/mg400_msgs/srv/detail/move_jog__rosidl_typesupport_introspection_c.h
[2.197s] -- Up-to-date symlink: /root/ros2_ws/install/mg400_msgs/include/mg400_msgs/mg400_msgs/srv/detail/pay_load__rosidl_typesupport_introspection_c.h
[2.197s] -- Up-to-date symlink: /root/ros2_ws/install/mg400_msgs/include/mg400_msgs/mg400_msgs/srv/detail/positive_solution__rosidl_typesupport_introspection_c.h
[2.197s] -- Up-to-date symlink: /root/ros2_ws/install/mg400_msgs/include/mg400_msgs/mg400_msgs/srv/detail/reset_robot__rosidl_typesupport_introspection_c.h
[2.197s] -- Up-to-date symlink: /root/ros2_ws/install/mg400_msgs/include/mg400_msgs/mg400_msgs/srv/detail/robot_mode__rosidl_typesupport_introspection_c.h
[2.197s] -- Up-to-date symlink: /root/ros2_ws/install/mg400_msgs/include/mg400_msgs/mg400_msgs/srv/detail/set_collision_level__rosidl_typesupport_introspection_c.h
[2.197s] -- Up-to-date symlink: /root/ros2_ws/install/mg400_msgs/include/mg400_msgs/mg400_msgs/srv/detail/speed_factor__rosidl_typesupport_introspection_c.h
[2.198s] -- Up-to-date symlink: /root/ros2_ws/install/mg400_msgs/include/mg400_msgs/mg400_msgs/srv/detail/speed_j__rosidl_typesupport_introspection_c.h
[2.198s] -- Up-to-date symlink: /root/ros2_ws/install/mg400_msgs/include/mg400_msgs/mg400_msgs/srv/detail/speed_l__rosidl_typesupport_introspection_c.h
[2.198s] -- Up-to-date symlink: /root/ros2_ws/install/mg400_msgs/include/mg400_msgs/mg400_msgs/srv/detail/tool__rosidl_typesupport_introspection_c.h
[2.198s] -- Up-to-date symlink: /root/ros2_ws/install/mg400_msgs/include/mg400_msgs/mg400_msgs/srv/detail/tool_di__rosidl_typesupport_introspection_c.h
[2.198s] -- Up-to-date symlink: /root/ros2_ws/install/mg400_msgs/include/mg400_msgs/mg400_msgs/srv/detail/tool_do_execute__rosidl_typesupport_introspection_c.h
[2.198s] -- Up-to-date symlink: /root/ros2_ws/install/mg400_msgs/include/mg400_msgs/mg400_msgs/srv/detail/user__rosidl_typesupport_introspection_c.h
[2.199s] -- Up-to-date symlink: /root/ros2_ws/install/mg400_msgs/include/mg400_msgs/mg400_msgs/action/detail/command_queue__rosidl_typesupport_introspection_cpp.hpp
[2.199s] -- Up-to-date symlink: /root/ros2_ws/install/mg400_msgs/include/mg400_msgs/mg400_msgs/action/detail/joint_mov_j__rosidl_typesupport_introspection_cpp.hpp
[2.200s] -- Up-to-date symlink: /root/ros2_ws/install/mg400_msgs/include/mg400_msgs/mg400_msgs/action/detail/mov_j__rosidl_typesupport_introspection_cpp.hpp
[2.200s] -- Up-to-date symlink: /root/ros2_ws/install/mg400_msgs/include/mg400_msgs/mg400_msgs/action/detail/mov_jio__rosidl_typesupport_introspection_cpp.hpp
[2.200s] -- Up-to-date symlink: /root/ros2_ws/install/mg400_msgs/include/mg400_msgs/mg400_msgs/action/detail/mov_l__rosidl_typesupport_introspection_cpp.hpp
[2.200s] -- Up-to-date symlink: /root/ros2_ws/install/mg400_msgs/include/mg400_msgs/mg400_msgs/action/detail/mov_lio__rosidl_typesupport_introspection_cpp.hpp
[2.200s] -- Up-to-date symlink: /root/ros2_ws/install/mg400_msgs/include/mg400_msgs/mg400_msgs/msg/detail/arch__rosidl_typesupport_introspection_cpp.hpp
[2.200s] -- Up-to-date symlink: /root/ros2_ws/install/mg400_msgs/include/mg400_msgs/mg400_msgs/msg/detail/collision_level__rosidl_typesupport_introspection_cpp.hpp
[2.200s] -- Up-to-date symlink: /root/ros2_ws/install/mg400_msgs/include/mg400_msgs/mg400_msgs/msg/detail/command__rosidl_typesupport_introspection_cpp.hpp
[2.200s] -- Up-to-date symlink: /root/ros2_ws/install/mg400_msgs/include/mg400_msgs/mg400_msgs/msg/detail/di_index__rosidl_typesupport_introspection_cpp.hpp
[2.200s] -- Up-to-date symlink: /root/ros2_ws/install/mg400_msgs/include/mg400_msgs/mg400_msgs/msg/detail/distance_mode__rosidl_typesupport_introspection_cpp.hpp
[2.200s] -- Up-to-date symlink: /root/ros2_ws/install/mg400_msgs/include/mg400_msgs/mg400_msgs/msg/detail/do_index__rosidl_typesupport_introspection_cpp.hpp
[2.201s] -- Up-to-date symlink: /root/ros2_ws/install/mg400_msgs/include/mg400_msgs/mg400_msgs/msg/detail/do_status__rosidl_typesupport_introspection_cpp.hpp
[2.201s] -- Up-to-date symlink: /root/ros2_ws/install/mg400_msgs/include/mg400_msgs/mg400_msgs/msg/detail/error_id__rosidl_typesupport_introspection_cpp.hpp
[2.201s] -- Up-to-date symlink: /root/ros2_ws/install/mg400_msgs/include/mg400_msgs/mg400_msgs/msg/detail/id_array__rosidl_typesupport_introspection_cpp.hpp
[2.201s] -- Up-to-date symlink: /root/ros2_ws/install/mg400_msgs/include/mg400_msgs/mg400_msgs/msg/detail/joint_mov_j__rosidl_typesupport_introspection_cpp.hpp
[2.201s] -- Up-to-date symlink: /root/ros2_ws/install/mg400_msgs/include/mg400_msgs/mg400_msgs/msg/detail/mov_j__rosidl_typesupport_introspection_cpp.hpp
[2.201s] -- Up-to-date symlink: /root/ros2_ws/install/mg400_msgs/include/mg400_msgs/mg400_msgs/msg/detail/mov_jio__rosidl_typesupport_introspection_cpp.hpp
[2.201s] -- Up-to-date symlink: /root/ros2_ws/install/mg400_msgs/include/mg400_msgs/mg400_msgs/msg/detail/mov_l__rosidl_typesupport_introspection_cpp.hpp
[2.201s] -- Up-to-date symlink: /root/ros2_ws/install/mg400_msgs/include/mg400_msgs/mg400_msgs/msg/detail/mov_lio__rosidl_typesupport_introspection_cpp.hpp
[2.201s] -- Up-to-date symlink: /root/ros2_ws/install/mg400_msgs/include/mg400_msgs/mg400_msgs/msg/detail/move_jog__rosidl_typesupport_introspection_cpp.hpp
[2.201s] -- Up-to-date symlink: /root/ros2_ws/install/mg400_msgs/include/mg400_msgs/mg400_msgs/msg/detail/robot_mode__rosidl_typesupport_introspection_cpp.hpp
[2.202s] -- Up-to-date symlink: /root/ros2_ws/install/mg400_msgs/include/mg400_msgs/mg400_msgs/msg/detail/tool__rosidl_typesupport_introspection_cpp.hpp
[2.202s] -- Up-to-date symlink: /root/ros2_ws/install/mg400_msgs/include/mg400_msgs/mg400_msgs/msg/detail/tool_di_index__rosidl_typesupport_introspection_cpp.hpp
[2.202s] -- Up-to-date symlink: /root/ros2_ws/install/mg400_msgs/include/mg400_msgs/mg400_msgs/msg/detail/tool_do_index__rosidl_typesupport_introspection_cpp.hpp
[2.202s] -- Up-to-date symlink: /root/ros2_ws/install/mg400_msgs/include/mg400_msgs/mg400_msgs/msg/detail/user__rosidl_typesupport_introspection_cpp.hpp
[2.202s] -- Up-to-date symlink: /root/ros2_ws/install/mg400_msgs/include/mg400_msgs/mg400_msgs/srv/detail/acc_j__rosidl_typesupport_introspection_cpp.hpp
[2.202s] -- Up-to-date symlink: /root/ros2_ws/install/mg400_msgs/include/mg400_msgs/mg400_msgs/srv/detail/acc_l__rosidl_typesupport_introspection_cpp.hpp
[2.202s] -- Up-to-date symlink: /root/ros2_ws/install/mg400_msgs/include/mg400_msgs/mg400_msgs/srv/detail/arch__rosidl_typesupport_introspection_cpp.hpp
[2.202s] -- Up-to-date symlink: /root/ros2_ws/install/mg400_msgs/include/mg400_msgs/mg400_msgs/srv/detail/clear_error__rosidl_typesupport_introspection_cpp.hpp
[2.202s] -- Up-to-date symlink: /root/ros2_ws/install/mg400_msgs/include/mg400_msgs/mg400_msgs/srv/detail/cp__rosidl_typesupport_introspection_cpp.hpp
[2.202s] -- Up-to-date symlink: /root/ros2_ws/install/mg400_msgs/include/mg400_msgs/mg400_msgs/srv/detail/di__rosidl_typesupport_introspection_cpp.hpp
[2.203s] -- Up-to-date symlink: /root/ros2_ws/install/mg400_msgs/include/mg400_msgs/mg400_msgs/srv/detail/disable_robot__rosidl_typesupport_introspection_cpp.hpp
[2.203s] -- Up-to-date symlink: /root/ros2_ws/install/mg400_msgs/include/mg400_msgs/mg400_msgs/srv/detail/do__rosidl_typesupport_introspection_cpp.hpp
[2.203s] -- Up-to-date symlink: /root/ros2_ws/install/mg400_msgs/include/mg400_msgs/mg400_msgs/srv/detail/emergency_stop__rosidl_typesupport_introspection_cpp.hpp
[2.203s] -- Up-to-date symlink: /root/ros2_ws/install/mg400_msgs/include/mg400_msgs/mg400_msgs/srv/detail/enable_robot__rosidl_typesupport_introspection_cpp.hpp
[2.203s] -- Up-to-date symlink: /root/ros2_ws/install/mg400_msgs/include/mg400_msgs/mg400_msgs/srv/detail/get_angle__rosidl_typesupport_introspection_cpp.hpp
[2.203s] -- Up-to-date symlink: /root/ros2_ws/install/mg400_msgs/include/mg400_msgs/mg400_msgs/srv/detail/get_error_id__rosidl_typesupport_introspection_cpp.hpp
[2.203s] -- Up-to-date symlink: /root/ros2_ws/install/mg400_msgs/include/mg400_msgs/mg400_msgs/srv/detail/get_pose__rosidl_typesupport_introspection_cpp.hpp
[2.203s] -- Up-to-date symlink: /root/ros2_ws/install/mg400_msgs/include/mg400_msgs/mg400_msgs/srv/detail/inverse_solution__rosidl_typesupport_introspection_cpp.hpp
[2.203s] -- Up-to-date symlink: /root/ros2_ws/install/mg400_msgs/include/mg400_msgs/mg400_msgs/srv/detail/joint_mov_j__rosidl_typesupport_introspection_cpp.hpp
[2.204s] -- Up-to-date symlink: /root/ros2_ws/install/mg400_msgs/include/mg400_msgs/mg400_msgs/srv/detail/move_jog__rosidl_typesupport_introspection_cpp.hpp
[2.204s] -- Up-to-date symlink: /root/ros2_ws/install/mg400_msgs/include/mg400_msgs/mg400_msgs/srv/detail/pay_load__rosidl_typesupport_introspection_cpp.hpp
[2.204s] -- Up-to-date symlink: /root/ros2_ws/install/mg400_msgs/include/mg400_msgs/mg400_msgs/srv/detail/positive_solution__rosidl_typesupport_introspection_cpp.hpp
[2.204s] -- Up-to-date symlink: /root/ros2_ws/install/mg400_msgs/include/mg400_msgs/mg400_msgs/srv/detail/reset_robot__rosidl_typesupport_introspection_cpp.hpp
[2.204s] -- Up-to-date symlink: /root/ros2_ws/install/mg400_msgs/include/mg400_msgs/mg400_msgs/srv/detail/robot_mode__rosidl_typesupport_introspection_cpp.hpp
[2.204s] -- Up-to-date symlink: /root/ros2_ws/install/mg400_msgs/include/mg400_msgs/mg400_msgs/srv/detail/set_collision_level__rosidl_typesupport_introspection_cpp.hpp
[2.204s] -- Up-to-date symlink: /root/ros2_ws/install/mg400_msgs/include/mg400_msgs/mg400_msgs/srv/detail/speed_factor__rosidl_typesupport_introspection_cpp.hpp
[2.204s] -- Up-to-date symlink: /root/ros2_ws/install/mg400_msgs/include/mg400_msgs/mg400_msgs/srv/detail/speed_j__rosidl_typesupport_introspection_cpp.hpp
[2.204s] -- Up-to-date symlink: /root/ros2_ws/install/mg400_msgs/include/mg400_msgs/mg400_msgs/srv/detail/speed_l__rosidl_typesupport_introspection_cpp.hpp
[2.204s] -- Up-to-date symlink: /root/ros2_ws/install/mg400_msgs/include/mg400_msgs/mg400_msgs/srv/detail/tool__rosidl_typesupport_introspection_cpp.hpp
[2.205s] -- Up-to-date symlink: /root/ros2_ws/install/mg400_msgs/include/mg400_msgs/mg400_msgs/srv/detail/tool_di__rosidl_typesupport_introspection_cpp.hpp
[2.205s] -- Up-to-date symlink: /root/ros2_ws/install/mg400_msgs/include/mg400_msgs/mg400_msgs/srv/detail/tool_do_execute__rosidl_typesupport_introspection_cpp.hpp
[2.205s] -- Up-to-date symlink: /root/ros2_ws/install/mg400_msgs/include/mg400_msgs/mg400_msgs/srv/detail/user__rosidl_typesupport_introspection_cpp.hpp
[2.205s] -- Up-to-date symlink: /root/ros2_ws/install/mg400_msgs/share/mg400_msgs/environment/pythonpath.sh
[2.205s] -- Up-to-date symlink: /root/ros2_ws/install/mg400_msgs/share/mg400_msgs/environment/pythonpath.dsv
[2.205s] -- Up-to-date symlink: /root/ros2_ws/install/mg400_msgs/local/lib/python3.10/dist-packages/mg400_msgs-1.7.0-py3.10.egg-info/PKG-INFO
[2.205s] -- Up-to-date symlink: /root/ros2_ws/install/mg400_msgs/local/lib/python3.10/dist-packages/mg400_msgs-1.7.0-py3.10.egg-info/SOURCES.txt
[2.206s] -- Up-to-date symlink: /root/ros2_ws/install/mg400_msgs/local/lib/python3.10/dist-packages/mg400_msgs-1.7.0-py3.10.egg-info/dependency_links.txt
[2.206s] -- Up-to-date symlink: /root/ros2_ws/install/mg400_msgs/local/lib/python3.10/dist-packages/mg400_msgs-1.7.0-py3.10.egg-info/top_level.txt
[2.209s] -- Up-to-date symlink: /root/ros2_ws/install/mg400_msgs/local/lib/python3.10/dist-packages/mg400_msgs/__init__.py
[2.209s] -- Up-to-date symlink: /root/ros2_ws/install/mg400_msgs/local/lib/python3.10/dist-packages/mg400_msgs/_mg400_msgs_s.ep.rosidl_typesupport_c.c
[2.209s] -- Up-to-date symlink: /root/ros2_ws/install/mg400_msgs/local/lib/python3.10/dist-packages/mg400_msgs/_mg400_msgs_s.ep.rosidl_typesupport_fastrtps_c.c
[2.209s] -- Up-to-date symlink: /root/ros2_ws/install/mg400_msgs/local/lib/python3.10/dist-packages/mg400_msgs/_mg400_msgs_s.ep.rosidl_typesupport_introspection_c.c
[2.209s] -- Up-to-date symlink: /root/ros2_ws/install/mg400_msgs/local/lib/python3.10/dist-packages/mg400_msgs/action/__init__.py
[2.210s] -- Up-to-date symlink: /root/ros2_ws/install/mg400_msgs/local/lib/python3.10/dist-packages/mg400_msgs/action/_command_queue.py
[2.210s] -- Up-to-date symlink: /root/ros2_ws/install/mg400_msgs/local/lib/python3.10/dist-packages/mg400_msgs/action/_command_queue_s.c
[2.210s] -- Up-to-date symlink: /root/ros2_ws/install/mg400_msgs/local/lib/python3.10/dist-packages/mg400_msgs/action/_joint_mov_j.py
[2.210s] -- Up-to-date symlink: /root/ros2_ws/install/mg400_msgs/local/lib/python3.10/dist-packages/mg400_msgs/action/_joint_mov_j_s.c
[2.210s] -- Up-to-date symlink: /root/ros2_ws/install/mg400_msgs/local/lib/python3.10/dist-packages/mg400_msgs/action/_mov_j.py
[2.210s] -- Up-to-date symlink: /root/ros2_ws/install/mg400_msgs/local/lib/python3.10/dist-packages/mg400_msgs/action/_mov_j_s.c
[2.210s] -- Up-to-date symlink: /root/ros2_ws/install/mg400_msgs/local/lib/python3.10/dist-packages/mg400_msgs/action/_mov_jio.py
[2.210s] -- Up-to-date symlink: /root/ros2_ws/install/mg400_msgs/local/lib/python3.10/dist-packages/mg400_msgs/action/_mov_jio_s.c
[2.210s] -- Up-to-date symlink: /root/ros2_ws/install/mg400_msgs/local/lib/python3.10/dist-packages/mg400_msgs/action/_mov_l.py
[2.210s] -- Up-to-date symlink: /root/ros2_ws/install/mg400_msgs/local/lib/python3.10/dist-packages/mg400_msgs/action/_mov_l_s.c
[2.210s] -- Up-to-date symlink: /root/ros2_ws/install/mg400_msgs/local/lib/python3.10/dist-packages/mg400_msgs/action/_mov_lio.py
[2.210s] -- Up-to-date symlink: /root/ros2_ws/install/mg400_msgs/local/lib/python3.10/dist-packages/mg400_msgs/action/_mov_lio_s.c
[2.211s] -- Up-to-date symlink: /root/ros2_ws/install/mg400_msgs/local/lib/python3.10/dist-packages/mg400_msgs/libmg400_msgs__rosidl_generator_py.so
[2.211s] -- Up-to-date symlink: /root/ros2_ws/install/mg400_msgs/local/lib/python3.10/dist-packages/mg400_msgs/mg400_msgs_s__rosidl_typesupport_c.cpython-310-x86_64-linux-gnu.so
[2.211s] -- Up-to-date symlink: /root/ros2_ws/install/mg400_msgs/local/lib/python3.10/dist-packages/mg400_msgs/mg400_msgs_s__rosidl_typesupport_fastrtps_c.cpython-310-x86_64-linux-gnu.so
[2.211s] -- Up-to-date symlink: /root/ros2_ws/install/mg400_msgs/local/lib/python3.10/dist-packages/mg400_msgs/mg400_msgs_s__rosidl_typesupport_introspection_c.cpython-310-x86_64-linux-gnu.so
[2.211s] -- Up-to-date symlink: /root/ros2_ws/install/mg400_msgs/local/lib/python3.10/dist-packages/mg400_msgs/msg/__init__.py
[2.211s] -- Up-to-date symlink: /root/ros2_ws/install/mg400_msgs/local/lib/python3.10/dist-packages/mg400_msgs/msg/_arch.py
[2.211s] -- Up-to-date symlink: /root/ros2_ws/install/mg400_msgs/local/lib/python3.10/dist-packages/mg400_msgs/msg/_arch_s.c
[2.211s] -- Up-to-date symlink: /root/ros2_ws/install/mg400_msgs/local/lib/python3.10/dist-packages/mg400_msgs/msg/_collision_level.py
[2.211s] -- Up-to-date symlink: /root/ros2_ws/install/mg400_msgs/local/lib/python3.10/dist-packages/mg400_msgs/msg/_collision_level_s.c
[2.211s] -- Up-to-date symlink: /root/ros2_ws/install/mg400_msgs/local/lib/python3.10/dist-packages/mg400_msgs/msg/_command.py
[2.211s] -- Up-to-date symlink: /root/ros2_ws/install/mg400_msgs/local/lib/python3.10/dist-packages/mg400_msgs/msg/_command_s.c
[2.211s] -- Up-to-date symlink: /root/ros2_ws/install/mg400_msgs/local/lib/python3.10/dist-packages/mg400_msgs/msg/_di_index.py
[2.211s] -- Up-to-date symlink: /root/ros2_ws/install/mg400_msgs/local/lib/python3.10/dist-packages/mg400_msgs/msg/_di_index_s.c
[2.211s] -- Up-to-date symlink: /root/ros2_ws/install/mg400_msgs/local/lib/python3.10/dist-packages/mg400_msgs/msg/_distance_mode.py
[2.212s] -- Up-to-date symlink: /root/ros2_ws/install/mg400_msgs/local/lib/python3.10/dist-packages/mg400_msgs/msg/_distance_mode_s.c
[2.212s] -- Up-to-date symlink: /root/ros2_ws/install/mg400_msgs/local/lib/python3.10/dist-packages/mg400_msgs/msg/_do_index.py
[2.212s] -- Up-to-date symlink: /root/ros2_ws/install/mg400_msgs/local/lib/python3.10/dist-packages/mg400_msgs/msg/_do_index_s.c
[2.212s] -- Up-to-date symlink: /root/ros2_ws/install/mg400_msgs/local/lib/python3.10/dist-packages/mg400_msgs/msg/_do_status.py
[2.212s] -- Up-to-date symlink: /root/ros2_ws/install/mg400_msgs/local/lib/python3.10/dist-packages/mg400_msgs/msg/_do_status_s.c
[2.212s] -- Up-to-date symlink: /root/ros2_ws/install/mg400_msgs/local/lib/python3.10/dist-packages/mg400_msgs/msg/_error_id.py
[2.212s] -- Up-to-date symlink: /root/ros2_ws/install/mg400_msgs/local/lib/python3.10/dist-packages/mg400_msgs/msg/_error_id_s.c
[2.212s] -- Up-to-date symlink: /root/ros2_ws/install/mg400_msgs/local/lib/python3.10/dist-packages/mg400_msgs/msg/_id_array.py
[2.212s] -- Up-to-date symlink: /root/ros2_ws/install/mg400_msgs/local/lib/python3.10/dist-packages/mg400_msgs/msg/_id_array_s.c
[2.212s] -- Up-to-date symlink: /root/ros2_ws/install/mg400_msgs/local/lib/python3.10/dist-packages/mg400_msgs/msg/_joint_mov_j.py
[2.212s] -- Up-to-date symlink: /root/ros2_ws/install/mg400_msgs/local/lib/python3.10/dist-packages/mg400_msgs/msg/_joint_mov_j_s.c
[2.213s] -- Up-to-date symlink: /root/ros2_ws/install/mg400_msgs/local/lib/python3.10/dist-packages/mg400_msgs/msg/_mov_j.py
[2.213s] -- Up-to-date symlink: /root/ros2_ws/install/mg400_msgs/local/lib/python3.10/dist-packages/mg400_msgs/msg/_mov_j_s.c
[2.213s] -- Up-to-date symlink: /root/ros2_ws/install/mg400_msgs/local/lib/python3.10/dist-packages/mg400_msgs/msg/_mov_jio.py
[2.213s] -- Up-to-date symlink: /root/ros2_ws/install/mg400_msgs/local/lib/python3.10/dist-packages/mg400_msgs/msg/_mov_jio_s.c
[2.213s] -- Up-to-date symlink: /root/ros2_ws/install/mg400_msgs/local/lib/python3.10/dist-packages/mg400_msgs/msg/_mov_l.py
[2.213s] -- Up-to-date symlink: /root/ros2_ws/install/mg400_msgs/local/lib/python3.10/dist-packages/mg400_msgs/msg/_mov_l_s.c
[2.213s] -- Up-to-date symlink: /root/ros2_ws/install/mg400_msgs/local/lib/python3.10/dist-packages/mg400_msgs/msg/_mov_lio.py
[2.213s] -- Up-to-date symlink: /root/ros2_ws/install/mg400_msgs/local/lib/python3.10/dist-packages/mg400_msgs/msg/_mov_lio_s.c
[2.213s] -- Up-to-date symlink: /root/ros2_ws/install/mg400_msgs/local/lib/python3.10/dist-packages/mg400_msgs/msg/_move_jog.py
[2.213s] -- Up-to-date symlink: /root/ros2_ws/install/mg400_msgs/local/lib/python3.10/dist-packages/mg400_msgs/msg/_move_jog_s.c
[2.213s] -- Up-to-date symlink: /root/ros2_ws/install/mg400_msgs/local/lib/python3.10/dist-packages/mg400_msgs/msg/_robot_mode.py
[2.214s] -- Up-to-date symlink: /root/ros2_ws/install/mg400_msgs/local/lib/python3.10/dist-packages/mg400_msgs/msg/_robot_mode_s.c
[2.214s] -- Up-to-date symlink: /root/ros2_ws/install/mg400_msgs/local/lib/python3.10/dist-packages/mg400_msgs/msg/_tool.py
[2.214s] -- Up-to-date symlink: /root/ros2_ws/install/mg400_msgs/local/lib/python3.10/dist-packages/mg400_msgs/msg/_tool_di_index.py
[2.214s] -- Up-to-date symlink: /root/ros2_ws/install/mg400_msgs/local/lib/python3.10/dist-packages/mg400_msgs/msg/_tool_di_index_s.c
[2.214s] -- Up-to-date symlink: /root/ros2_ws/install/mg400_msgs/local/lib/python3.10/dist-packages/mg400_msgs/msg/_tool_do_index.py
[2.214s] -- Up-to-date symlink: /root/ros2_ws/install/mg400_msgs/local/lib/python3.10/dist-packages/mg400_msgs/msg/_tool_do_index_s.c
[2.214s] -- Up-to-date symlink: /root/ros2_ws/install/mg400_msgs/local/lib/python3.10/dist-packages/mg400_msgs/msg/_tool_s.c
[2.214s] -- Up-to-date symlink: /root/ros2_ws/install/mg400_msgs/local/lib/python3.10/dist-packages/mg400_msgs/msg/_user.py
[2.214s] -- Up-to-date symlink: /root/ros2_ws/install/mg400_msgs/local/lib/python3.10/dist-packages/mg400_msgs/msg/_user_s.c
[2.214s] -- Up-to-date symlink: /root/ros2_ws/install/mg400_msgs/local/lib/python3.10/dist-packages/mg400_msgs/srv/__init__.py
[2.214s] -- Up-to-date symlink: /root/ros2_ws/install/mg400_msgs/local/lib/python3.10/dist-packages/mg400_msgs/srv/_acc_j.py
[2.215s] -- Up-to-date symlink: /root/ros2_ws/install/mg400_msgs/local/lib/python3.10/dist-packages/mg400_msgs/srv/_acc_j_s.c
[2.215s] -- Up-to-date symlink: /root/ros2_ws/install/mg400_msgs/local/lib/python3.10/dist-packages/mg400_msgs/srv/_acc_l.py
[2.215s] -- Up-to-date symlink: /root/ros2_ws/install/mg400_msgs/local/lib/python3.10/dist-packages/mg400_msgs/srv/_acc_l_s.c
[2.215s] -- Up-to-date symlink: /root/ros2_ws/install/mg400_msgs/local/lib/python3.10/dist-packages/mg400_msgs/srv/_arch.py
[2.215s] -- Up-to-date symlink: /root/ros2_ws/install/mg400_msgs/local/lib/python3.10/dist-packages/mg400_msgs/srv/_arch_s.c
[2.215s] -- Up-to-date symlink: /root/ros2_ws/install/mg400_msgs/local/lib/python3.10/dist-packages/mg400_msgs/srv/_clear_error.py
[2.215s] -- Up-to-date symlink: /root/ros2_ws/install/mg400_msgs/local/lib/python3.10/dist-packages/mg400_msgs/srv/_clear_error_s.c
[2.215s] -- Up-to-date symlink: /root/ros2_ws/install/mg400_msgs/local/lib/python3.10/dist-packages/mg400_msgs/srv/_cp.py
[2.215s] -- Up-to-date symlink: /root/ros2_ws/install/mg400_msgs/local/lib/python3.10/dist-packages/mg400_msgs/srv/_cp_s.c
[2.216s] -- Up-to-date symlink: /root/ros2_ws/install/mg400_msgs/local/lib/python3.10/dist-packages/mg400_msgs/srv/_di.py
[2.216s] -- Up-to-date symlink: /root/ros2_ws/install/mg400_msgs/local/lib/python3.10/dist-packages/mg400_msgs/srv/_di_s.c
[2.216s] -- Up-to-date symlink: /root/ros2_ws/install/mg400_msgs/local/lib/python3.10/dist-packages/mg400_msgs/srv/_disable_robot.py
[2.216s] -- Up-to-date symlink: /root/ros2_ws/install/mg400_msgs/local/lib/python3.10/dist-packages/mg400_msgs/srv/_disable_robot_s.c
[2.216s] -- Up-to-date symlink: /root/ros2_ws/install/mg400_msgs/local/lib/python3.10/dist-packages/mg400_msgs/srv/_do.py
[2.216s] -- Up-to-date symlink: /root/ros2_ws/install/mg400_msgs/local/lib/python3.10/dist-packages/mg400_msgs/srv/_do_s.c
[2.216s] -- Up-to-date symlink: /root/ros2_ws/install/mg400_msgs/local/lib/python3.10/dist-packages/mg400_msgs/srv/_emergency_stop.py
[2.216s] -- Up-to-date symlink: /root/ros2_ws/install/mg400_msgs/local/lib/python3.10/dist-packages/mg400_msgs/srv/_emergency_stop_s.c
[2.217s] -- Up-to-date symlink: /root/ros2_ws/install/mg400_msgs/local/lib/python3.10/dist-packages/mg400_msgs/srv/_enable_robot.py
[2.217s] -- Up-to-date symlink: /root/ros2_ws/install/mg400_msgs/local/lib/python3.10/dist-packages/mg400_msgs/srv/_enable_robot_s.c
[2.217s] -- Up-to-date symlink: /root/ros2_ws/install/mg400_msgs/local/lib/python3.10/dist-packages/mg400_msgs/srv/_get_angle.py
[2.217s] -- Up-to-date symlink: /root/ros2_ws/install/mg400_msgs/local/lib/python3.10/dist-packages/mg400_msgs/srv/_get_angle_s.c
[2.217s] -- Up-to-date symlink: /root/ros2_ws/install/mg400_msgs/local/lib/python3.10/dist-packages/mg400_msgs/srv/_get_error_id.py
[2.217s] -- Up-to-date symlink: /root/ros2_ws/install/mg400_msgs/local/lib/python3.10/dist-packages/mg400_msgs/srv/_get_error_id_s.c
[2.217s] -- Up-to-date symlink: /root/ros2_ws/install/mg400_msgs/local/lib/python3.10/dist-packages/mg400_msgs/srv/_get_pose.py
[2.217s] -- Up-to-date symlink: /root/ros2_ws/install/mg400_msgs/local/lib/python3.10/dist-packages/mg400_msgs/srv/_get_pose_s.c
[2.217s] -- Up-to-date symlink: /root/ros2_ws/install/mg400_msgs/local/lib/python3.10/dist-packages/mg400_msgs/srv/_inverse_solution.py
[2.217s] -- Up-to-date symlink: /root/ros2_ws/install/mg400_msgs/local/lib/python3.10/dist-packages/mg400_msgs/srv/_inverse_solution_s.c
[2.217s] -- Up-to-date symlink: /root/ros2_ws/install/mg400_msgs/local/lib/python3.10/dist-packages/mg400_msgs/srv/_joint_mov_j.py
[2.217s] -- Up-to-date symlink: /root/ros2_ws/install/mg400_msgs/local/lib/python3.10/dist-packages/mg400_msgs/srv/_joint_mov_j_s.c
[2.217s] -- Up-to-date symlink: /root/ros2_ws/install/mg400_msgs/local/lib/python3.10/dist-packages/mg400_msgs/srv/_move_jog.py
[2.217s] -- Up-to-date symlink: /root/ros2_ws/install/mg400_msgs/local/lib/python3.10/dist-packages/mg400_msgs/srv/_move_jog_s.c
[2.217s] -- Up-to-date symlink: /root/ros2_ws/install/mg400_msgs/local/lib/python3.10/dist-packages/mg400_msgs/srv/_pay_load.py
[2.218s] -- Up-to-date symlink: /root/ros2_ws/install/mg400_msgs/local/lib/python3.10/dist-packages/mg400_msgs/srv/_pay_load_s.c
[2.218s] -- Up-to-date symlink: /root/ros2_ws/install/mg400_msgs/local/lib/python3.10/dist-packages/mg400_msgs/srv/_positive_solution.py
[2.218s] -- Up-to-date symlink: /root/ros2_ws/install/mg400_msgs/local/lib/python3.10/dist-packages/mg400_msgs/srv/_positive_solution_s.c
[2.218s] -- Up-to-date symlink: /root/ros2_ws/install/mg400_msgs/local/lib/python3.10/dist-packages/mg400_msgs/srv/_reset_robot.py
[2.218s] -- Up-to-date symlink: /root/ros2_ws/install/mg400_msgs/local/lib/python3.10/dist-packages/mg400_msgs/srv/_reset_robot_s.c
[2.218s] -- Up-to-date symlink: /root/ros2_ws/install/mg400_msgs/local/lib/python3.10/dist-packages/mg400_msgs/srv/_robot_mode.py
[2.218s] -- Up-to-date symlink: /root/ros2_ws/install/mg400_msgs/local/lib/python3.10/dist-packages/mg400_msgs/srv/_robot_mode_s.c
[2.218s] -- Up-to-date symlink: /root/ros2_ws/install/mg400_msgs/local/lib/python3.10/dist-packages/mg400_msgs/srv/_set_collision_level.py
[2.218s] -- Up-to-date symlink: /root/ros2_ws/install/mg400_msgs/local/lib/python3.10/dist-packages/mg400_msgs/srv/_set_collision_level_s.c
[2.218s] -- Up-to-date symlink: /root/ros2_ws/install/mg400_msgs/local/lib/python3.10/dist-packages/mg400_msgs/srv/_speed_factor.py
[2.218s] -- Up-to-date symlink: /root/ros2_ws/install/mg400_msgs/local/lib/python3.10/dist-packages/mg400_msgs/srv/_speed_factor_s.c
[2.219s] -- Up-to-date symlink: /root/ros2_ws/install/mg400_msgs/local/lib/python3.10/dist-packages/mg400_msgs/srv/_speed_j.py
[2.219s] -- Up-to-date symlink: /root/ros2_ws/install/mg400_msgs/local/lib/python3.10/dist-packages/mg400_msgs/srv/_speed_j_s.c
[2.219s] -- Up-to-date symlink: /root/ros2_ws/install/mg400_msgs/local/lib/python3.10/dist-packages/mg400_msgs/srv/_speed_l.py
[2.219s] -- Up-to-date symlink: /root/ros2_ws/install/mg400_msgs/local/lib/python3.10/dist-packages/mg400_msgs/srv/_speed_l_s.c
[2.219s] -- Up-to-date symlink: /root/ros2_ws/install/mg400_msgs/local/lib/python3.10/dist-packages/mg400_msgs/srv/_tool.py
[2.219s] -- Up-to-date symlink: /root/ros2_ws/install/mg400_msgs/local/lib/python3.10/dist-packages/mg400_msgs/srv/_tool_di.py
[2.219s] -- Up-to-date symlink: /root/ros2_ws/install/mg400_msgs/local/lib/python3.10/dist-packages/mg400_msgs/srv/_tool_di_s.c
[2.219s] -- Up-to-date symlink: /root/ros2_ws/install/mg400_msgs/local/lib/python3.10/dist-packages/mg400_msgs/srv/_tool_do_execute.py
[2.219s] -- Up-to-date symlink: /root/ros2_ws/install/mg400_msgs/local/lib/python3.10/dist-packages/mg400_msgs/srv/_tool_do_execute_s.c
[2.219s] -- Up-to-date symlink: /root/ros2_ws/install/mg400_msgs/local/lib/python3.10/dist-packages/mg400_msgs/srv/_tool_s.c
[2.219s] -- Up-to-date symlink: /root/ros2_ws/install/mg400_msgs/local/lib/python3.10/dist-packages/mg400_msgs/srv/_user.py
[2.220s] -- Up-to-date symlink: /root/ros2_ws/install/mg400_msgs/local/lib/python3.10/dist-packages/mg400_msgs/srv/_user_s.c
[2.220s] -- Up-to-date symlink: /root/ros2_ws/install/mg400_msgs/local/lib/python3.10/dist-packages/mg400_msgs/mg400_msgs_s__rosidl_typesupport_fastrtps_c.cpython-310-x86_64-linux-gnu.so
[2.220s] -- Up-to-date symlink: /root/ros2_ws/install/mg400_msgs/local/lib/python3.10/dist-packages/mg400_msgs/mg400_msgs_s__rosidl_typesupport_introspection_c.cpython-310-x86_64-linux-gnu.so
[2.220s] -- Up-to-date symlink: /root/ros2_ws/install/mg400_msgs/local/lib/python3.10/dist-packages/mg400_msgs/mg400_msgs_s__rosidl_typesupport_c.cpython-310-x86_64-linux-gnu.so
[2.220s] -- Up-to-date symlink: /root/ros2_ws/install/mg400_msgs/share/ament_index/resource_index/rust_packages/mg400_msgs
[2.221s] -- Up-to-date symlink: /root/ros2_ws/install/mg400_msgs/share/mg400_msgs/rust/Cargo.toml
[2.221s] -- Up-to-date symlink: /root/ros2_ws/install/mg400_msgs/share/mg400_msgs/rust/build.rs
[2.221s] -- Up-to-date symlink: /root/ros2_ws/install/mg400_msgs/share/mg400_msgs/rust/src/action.rs
[2.221s] -- Up-to-date symlink: /root/ros2_ws/install/mg400_msgs/share/mg400_msgs/rust/src/action/rmw.rs
[2.221s] -- Up-to-date symlink: /root/ros2_ws/install/mg400_msgs/share/mg400_msgs/rust/src/lib.rs
[2.221s] -- Up-to-date symlink: /root/ros2_ws/install/mg400_msgs/share/mg400_msgs/rust/src/msg.rs
[2.221s] -- Up-to-date symlink: /root/ros2_ws/install/mg400_msgs/share/mg400_msgs/rust/src/msg/rmw.rs
[2.221s] -- Up-to-date symlink: /root/ros2_ws/install/mg400_msgs/share/mg400_msgs/rust/src/srv.rs
[2.221s] -- Up-to-date symlink: /root/ros2_ws/install/mg400_msgs/share/mg400_msgs/rust/src/srv/rmw.rs
[2.221s] -- Up-to-date symlink: /root/ros2_ws/install/mg400_msgs/share/mg400_msgs/msg/Arch.idl
[2.222s] -- Up-to-date symlink: /root/ros2_ws/install/mg400_msgs/share/mg400_msgs/msg/CollisionLevel.idl
[2.222s] -- Up-to-date symlink: /root/ros2_ws/install/mg400_msgs/share/mg400_msgs/msg/Command.idl
[2.222s] -- Up-to-date symlink: /root/ros2_ws/install/mg400_msgs/share/mg400_msgs/msg/DIIndex.idl
[2.222s] -- Up-to-date symlink: /root/ros2_ws/install/mg400_msgs/share/mg400_msgs/msg/DOIndex.idl
[2.222s] -- Up-to-date symlink: /root/ros2_ws/install/mg400_msgs/share/mg400_msgs/msg/DOStatus.idl
[2.222s] -- Up-to-date symlink: /root/ros2_ws/install/mg400_msgs/share/mg400_msgs/msg/DistanceMode.idl
[2.222s] -- Up-to-date symlink: /root/ros2_ws/install/mg400_msgs/share/mg400_msgs/msg/ErrorID.idl
[2.222s] -- Up-to-date symlink: /root/ros2_ws/install/mg400_msgs/share/mg400_msgs/msg/IDArray.idl
[2.222s] -- Up-to-date symlink: /root/ros2_ws/install/mg400_msgs/share/mg400_msgs/msg/JointMovJ.idl
[2.223s] -- Up-to-date symlink: /root/ros2_ws/install/mg400_msgs/share/mg400_msgs/msg/MovJ.idl
[2.223s] -- Up-to-date symlink: /root/ros2_ws/install/mg400_msgs/share/mg400_msgs/msg/MovJIO.idl
[2.223s] -- Up-to-date symlink: /root/ros2_ws/install/mg400_msgs/share/mg400_msgs/msg/MovL.idl
[2.223s] -- Up-to-date symlink: /root/ros2_ws/install/mg400_msgs/share/mg400_msgs/msg/MovLIO.idl
[2.223s] -- Up-to-date symlink: /root/ros2_ws/install/mg400_msgs/share/mg400_msgs/msg/MoveJog.idl
[2.223s] -- Up-to-date symlink: /root/ros2_ws/install/mg400_msgs/share/mg400_msgs/msg/RobotMode.idl
[2.223s] -- Up-to-date symlink: /root/ros2_ws/install/mg400_msgs/share/mg400_msgs/msg/Tool.idl
[2.223s] -- Up-to-date symlink: /root/ros2_ws/install/mg400_msgs/share/mg400_msgs/msg/ToolDIIndex.idl
[2.223s] -- Up-to-date symlink: /root/ros2_ws/install/mg400_msgs/share/mg400_msgs/msg/ToolDOIndex.idl
[2.224s] -- Up-to-date symlink: /root/ros2_ws/install/mg400_msgs/share/mg400_msgs/msg/User.idl
[2.224s] -- Up-to-date symlink: /root/ros2_ws/install/mg400_msgs/share/mg400_msgs/srv/AccJ.idl
[2.224s] -- Up-to-date symlink: /root/ros2_ws/install/mg400_msgs/share/mg400_msgs/srv/AccL.idl
[2.224s] -- Up-to-date symlink: /root/ros2_ws/install/mg400_msgs/share/mg400_msgs/srv/Arch.idl
[2.224s] -- Up-to-date symlink: /root/ros2_ws/install/mg400_msgs/share/mg400_msgs/srv/CP.idl
[2.224s] -- Up-to-date symlink: /root/ros2_ws/install/mg400_msgs/share/mg400_msgs/srv/ClearError.idl
[2.224s] -- Up-to-date symlink: /root/ros2_ws/install/mg400_msgs/share/mg400_msgs/srv/DI.idl
[2.224s] -- Up-to-date symlink: /root/ros2_ws/install/mg400_msgs/share/mg400_msgs/srv/DO.idl
[2.224s] -- Up-to-date symlink: /root/ros2_ws/install/mg400_msgs/share/mg400_msgs/srv/DisableRobot.idl
[2.225s] -- Up-to-date symlink: /root/ros2_ws/install/mg400_msgs/share/mg400_msgs/srv/EmergencyStop.idl
[2.225s] -- Up-to-date symlink: /root/ros2_ws/install/mg400_msgs/share/mg400_msgs/srv/EnableRobot.idl
[2.225s] -- Up-to-date symlink: /root/ros2_ws/install/mg400_msgs/share/mg400_msgs/srv/GetAngle.idl
[2.225s] -- Up-to-date symlink: /root/ros2_ws/install/mg400_msgs/share/mg400_msgs/srv/GetErrorID.idl
[2.225s] -- Up-to-date symlink: /root/ros2_ws/install/mg400_msgs/share/mg400_msgs/srv/GetPose.idl
[2.225s] -- Up-to-date symlink: /root/ros2_ws/install/mg400_msgs/share/mg400_msgs/srv/InverseSolution.idl
[2.225s] -- Up-to-date symlink: /root/ros2_ws/install/mg400_msgs/share/mg400_msgs/srv/JointMovJ.idl
[2.225s] -- Up-to-date symlink: /root/ros2_ws/install/mg400_msgs/share/mg400_msgs/srv/MoveJog.idl
[2.225s] -- Up-to-date symlink: /root/ros2_ws/install/mg400_msgs/share/mg400_msgs/srv/PayLoad.idl
[2.226s] -- Up-to-date symlink: /root/ros2_ws/install/mg400_msgs/share/mg400_msgs/srv/PositiveSolution.idl
[2.226s] -- Up-to-date symlink: /root/ros2_ws/install/mg400_msgs/share/mg400_msgs/srv/ResetRobot.idl
[2.226s] -- Up-to-date symlink: /root/ros2_ws/install/mg400_msgs/share/mg400_msgs/srv/RobotMode.idl
[2.226s] -- Up-to-date symlink: /root/ros2_ws/install/mg400_msgs/share/mg400_msgs/srv/SetCollisionLevel.idl
[2.226s] -- Up-to-date symlink: /root/ros2_ws/install/mg400_msgs/share/mg400_msgs/srv/SpeedFactor.idl
[2.226s] -- Up-to-date symlink: /root/ros2_ws/install/mg400_msgs/share/mg400_msgs/srv/SpeedJ.idl
[2.226s] -- Up-to-date symlink: /root/ros2_ws/install/mg400_msgs/share/mg400_msgs/srv/SpeedL.idl
[2.226s] -- Up-to-date symlink: /root/ros2_ws/install/mg400_msgs/share/mg400_msgs/srv/Tool.idl
[2.226s] -- Up-to-date symlink: /root/ros2_ws/install/mg400_msgs/share/mg400_msgs/srv/ToolDI.idl
[2.227s] -- Up-to-date symlink: /root/ros2_ws/install/mg400_msgs/share/mg400_msgs/srv/ToolDOExecute.idl
[2.227s] -- Up-to-date symlink: /root/ros2_ws/install/mg400_msgs/share/mg400_msgs/srv/User.idl
[2.227s] -- Up-to-date symlink: /root/ros2_ws/install/mg400_msgs/share/mg400_msgs/action/CommandQueue.idl
[2.227s] -- Up-to-date symlink: /root/ros2_ws/install/mg400_msgs/share/mg400_msgs/action/JointMovJ.idl
[2.227s] -- Up-to-date symlink: /root/ros2_ws/install/mg400_msgs/share/mg400_msgs/action/MovJ.idl
[2.227s] -- Up-to-date symlink: /root/ros2_ws/install/mg400_msgs/share/mg400_msgs/action/MovJIO.idl
[2.227s] -- Up-to-date symlink: /root/ros2_ws/install/mg400_msgs/share/mg400_msgs/action/MovL.idl
[2.227s] -- Up-to-date symlink: /root/ros2_ws/install/mg400_msgs/share/mg400_msgs/action/MovLIO.idl
[2.228s] -- Up-to-date symlink: /root/ros2_ws/install/mg400_msgs/share/mg400_msgs/msg/Arch.msg
[2.228s] -- Up-to-date symlink: /root/ros2_ws/install/mg400_msgs/share/mg400_msgs/msg/CollisionLevel.msg
[2.228s] -- Up-to-date symlink: /root/ros2_ws/install/mg400_msgs/share/mg400_msgs/msg/Command.msg
[2.228s] -- Up-to-date symlink: /root/ros2_ws/install/mg400_msgs/share/mg400_msgs/msg/DIIndex.msg
[2.228s] -- Up-to-date symlink: /root/ros2_ws/install/mg400_msgs/share/mg400_msgs/msg/DOIndex.msg
[2.228s] -- Up-to-date symlink: /root/ros2_ws/install/mg400_msgs/share/mg400_msgs/msg/DOStatus.msg
[2.228s] -- Up-to-date symlink: /root/ros2_ws/install/mg400_msgs/share/mg400_msgs/msg/DistanceMode.msg
[2.228s] -- Up-to-date symlink: /root/ros2_ws/install/mg400_msgs/share/mg400_msgs/msg/ErrorID.msg
[2.228s] -- Up-to-date symlink: /root/ros2_ws/install/mg400_msgs/share/mg400_msgs/msg/IDArray.msg
[2.228s] -- Up-to-date symlink: /root/ros2_ws/install/mg400_msgs/share/mg400_msgs/msg/JointMovJ.msg
[2.229s] -- Up-to-date symlink: /root/ros2_ws/install/mg400_msgs/share/mg400_msgs/msg/MovJ.msg
[2.229s] -- Up-to-date symlink: /root/ros2_ws/install/mg400_msgs/share/mg400_msgs/msg/MovJIO.msg
[2.229s] -- Up-to-date symlink: /root/ros2_ws/install/mg400_msgs/share/mg400_msgs/msg/MovL.msg
[2.229s] -- Up-to-date symlink: /root/ros2_ws/install/mg400_msgs/share/mg400_msgs/msg/MovLIO.msg
[2.229s] -- Up-to-date symlink: /root/ros2_ws/install/mg400_msgs/share/mg400_msgs/msg/MoveJog.msg
[2.229s] -- Up-to-date symlink: /root/ros2_ws/install/mg400_msgs/share/mg400_msgs/msg/RobotMode.msg
[2.229s] -- Up-to-date symlink: /root/ros2_ws/install/mg400_msgs/share/mg400_msgs/msg/Tool.msg
[2.229s] -- Up-to-date symlink: /root/ros2_ws/install/mg400_msgs/share/mg400_msgs/msg/ToolDIIndex.msg
[2.229s] -- Up-to-date symlink: /root/ros2_ws/install/mg400_msgs/share/mg400_msgs/msg/ToolDOIndex.msg
[2.230s] -- Up-to-date symlink: /root/ros2_ws/install/mg400_msgs/share/mg400_msgs/msg/User.msg
[2.230s] -- Up-to-date symlink: /root/ros2_ws/install/mg400_msgs/share/mg400_msgs/srv/AccJ.srv
[2.230s] -- Up-to-date symlink: /root/ros2_ws/install/mg400_msgs/share/mg400_msgs/srv/AccJ_Request.msg
[2.230s] -- Up-to-date symlink: /root/ros2_ws/install/mg400_msgs/share/mg400_msgs/srv/AccJ_Response.msg
[2.230s] -- Up-to-date symlink: /root/ros2_ws/install/mg400_msgs/share/mg400_msgs/srv/AccL.srv
[2.230s] -- Up-to-date symlink: /root/ros2_ws/install/mg400_msgs/share/mg400_msgs/srv/AccL_Request.msg
[2.230s] -- Up-to-date symlink: /root/ros2_ws/install/mg400_msgs/share/mg400_msgs/srv/AccL_Response.msg
[2.230s] -- Up-to-date symlink: /root/ros2_ws/install/mg400_msgs/share/mg400_msgs/srv/Arch.srv
[2.230s] -- Up-to-date symlink: /root/ros2_ws/install/mg400_msgs/share/mg400_msgs/srv/Arch_Request.msg
[2.230s] -- Up-to-date symlink: /root/ros2_ws/install/mg400_msgs/share/mg400_msgs/srv/Arch_Response.msg
[2.231s] -- Up-to-date symlink: /root/ros2_ws/install/mg400_msgs/share/mg400_msgs/srv/CP.srv
[2.231s] -- Up-to-date symlink: /root/ros2_ws/install/mg400_msgs/share/mg400_msgs/srv/CP_Request.msg
[2.231s] -- Up-to-date symlink: /root/ros2_ws/install/mg400_msgs/share/mg400_msgs/srv/CP_Response.msg
[2.231s] -- Up-to-date symlink: /root/ros2_ws/install/mg400_msgs/share/mg400_msgs/srv/ClearError.srv
[2.231s] -- Up-to-date symlink: /root/ros2_ws/install/mg400_msgs/share/mg400_msgs/srv/ClearError_Request.msg
[2.231s] -- Up-to-date symlink: /root/ros2_ws/install/mg400_msgs/share/mg400_msgs/srv/ClearError_Response.msg
[2.231s] -- Up-to-date symlink: /root/ros2_ws/install/mg400_msgs/share/mg400_msgs/srv/DI.srv
[2.231s] -- Up-to-date symlink: /root/ros2_ws/install/mg400_msgs/share/mg400_msgs/srv/DI_Request.msg
[2.231s] -- Up-to-date symlink: /root/ros2_ws/install/mg400_msgs/share/mg400_msgs/srv/DI_Response.msg
[2.232s] -- Up-to-date symlink: /root/ros2_ws/install/mg400_msgs/share/mg400_msgs/srv/DO.srv
[2.232s] -- Up-to-date symlink: /root/ros2_ws/install/mg400_msgs/share/mg400_msgs/srv/DO_Request.msg
[2.232s] -- Up-to-date symlink: /root/ros2_ws/install/mg400_msgs/share/mg400_msgs/srv/DO_Response.msg
[2.232s] -- Up-to-date symlink: /root/ros2_ws/install/mg400_msgs/share/mg400_msgs/srv/DisableRobot.srv
[2.232s] -- Up-to-date symlink: /root/ros2_ws/install/mg400_msgs/share/mg400_msgs/srv/DisableRobot_Request.msg
[2.232s] -- Up-to-date symlink: /root/ros2_ws/install/mg400_msgs/share/mg400_msgs/srv/DisableRobot_Response.msg
[2.232s] -- Up-to-date symlink: /root/ros2_ws/install/mg400_msgs/share/mg400_msgs/srv/EmergencyStop.srv
[2.232s] -- Up-to-date symlink: /root/ros2_ws/install/mg400_msgs/share/mg400_msgs/srv/EmergencyStop_Request.msg
[2.232s] -- Up-to-date symlink: /root/ros2_ws/install/mg400_msgs/share/mg400_msgs/srv/EmergencyStop_Response.msg
[2.233s] -- Up-to-date symlink: /root/ros2_ws/install/mg400_msgs/share/mg400_msgs/srv/EnableRobot.srv
[2.233s] -- Up-to-date symlink: /root/ros2_ws/install/mg400_msgs/share/mg400_msgs/srv/EnableRobot_Request.msg
[2.233s] -- Up-to-date symlink: /root/ros2_ws/install/mg400_msgs/share/mg400_msgs/srv/EnableRobot_Response.msg
[2.233s] -- Up-to-date symlink: /root/ros2_ws/install/mg400_msgs/share/mg400_msgs/srv/GetAngle.srv
[2.233s] -- Up-to-date symlink: /root/ros2_ws/install/mg400_msgs/share/mg400_msgs/srv/GetAngle_Request.msg
[2.233s] -- Up-to-date symlink: /root/ros2_ws/install/mg400_msgs/share/mg400_msgs/srv/GetAngle_Response.msg
[2.233s] -- Up-to-date symlink: /root/ros2_ws/install/mg400_msgs/share/mg400_msgs/srv/GetErrorID.srv
[2.233s] -- Up-to-date symlink: /root/ros2_ws/install/mg400_msgs/share/mg400_msgs/srv/GetErrorID_Request.msg
[2.233s] -- Up-to-date symlink: /root/ros2_ws/install/mg400_msgs/share/mg400_msgs/srv/GetErrorID_Response.msg
[2.234s] -- Up-to-date symlink: /root/ros2_ws/install/mg400_msgs/share/mg400_msgs/srv/GetPose.srv
[2.234s] -- Up-to-date symlink: /root/ros2_ws/install/mg400_msgs/share/mg400_msgs/srv/GetPose_Request.msg
[2.234s] -- Up-to-date symlink: /root/ros2_ws/install/mg400_msgs/share/mg400_msgs/srv/GetPose_Response.msg
[2.234s] -- Up-to-date symlink: /root/ros2_ws/install/mg400_msgs/share/mg400_msgs/srv/InverseSolution.srv
[2.234s] -- Up-to-date symlink: /root/ros2_ws/install/mg400_msgs/share/mg400_msgs/srv/InverseSolution_Request.msg
[2.234s] -- Up-to-date symlink: /root/ros2_ws/install/mg400_msgs/share/mg400_msgs/srv/InverseSolution_Response.msg
[2.234s] -- Up-to-date symlink: /root/ros2_ws/install/mg400_msgs/share/mg400_msgs/srv/JointMovJ.srv
[2.235s] -- Up-to-date symlink: /root/ros2_ws/install/mg400_msgs/share/mg400_msgs/srv/JointMovJ_Request.msg
[2.235s] -- Up-to-date symlink: /root/ros2_ws/install/mg400_msgs/share/mg400_msgs/srv/JointMovJ_Response.msg
[2.235s] -- Up-to-date symlink: /root/ros2_ws/install/mg400_msgs/share/mg400_msgs/srv/MoveJog.srv
[2.235s] -- Up-to-date symlink: /root/ros2_ws/install/mg400_msgs/share/mg400_msgs/srv/MoveJog_Request.msg
[2.235s] -- Up-to-date symlink: /root/ros2_ws/install/mg400_msgs/share/mg400_msgs/srv/MoveJog_Response.msg
[2.235s] -- Up-to-date symlink: /root/ros2_ws/install/mg400_msgs/share/mg400_msgs/srv/PayLoad.srv
[2.235s] -- Up-to-date symlink: /root/ros2_ws/install/mg400_msgs/share/mg400_msgs/srv/PayLoad_Request.msg
[2.235s] -- Up-to-date symlink: /root/ros2_ws/install/mg400_msgs/share/mg400_msgs/srv/PayLoad_Response.msg
[2.236s] -- Up-to-date symlink: /root/ros2_ws/install/mg400_msgs/share/mg400_msgs/srv/PositiveSolution.srv
[2.236s] -- Up-to-date symlink: /root/ros2_ws/install/mg400_msgs/share/mg400_msgs/srv/PositiveSolution_Request.msg
[2.236s] -- Up-to-date symlink: /root/ros2_ws/install/mg400_msgs/share/mg400_msgs/srv/PositiveSolution_Response.msg
[2.236s] -- Up-to-date symlink: /root/ros2_ws/install/mg400_msgs/share/mg400_msgs/srv/ResetRobot.srv
[2.236s] -- Up-to-date symlink: /root/ros2_ws/install/mg400_msgs/share/mg400_msgs/srv/ResetRobot_Request.msg
[2.236s] -- Up-to-date symlink: /root/ros2_ws/install/mg400_msgs/share/mg400_msgs/srv/ResetRobot_Response.msg
[2.236s] -- Up-to-date symlink: /root/ros2_ws/install/mg400_msgs/share/mg400_msgs/srv/RobotMode.srv
[2.236s] -- Up-to-date symlink: /root/ros2_ws/install/mg400_msgs/share/mg400_msgs/srv/RobotMode_Request.msg
[2.237s] -- Up-to-date symlink: /root/ros2_ws/install/mg400_msgs/share/mg400_msgs/srv/RobotMode_Response.msg
[2.237s] -- Up-to-date symlink: /root/ros2_ws/install/mg400_msgs/share/mg400_msgs/srv/SetCollisionLevel.srv
[2.237s] -- Up-to-date symlink: /root/ros2_ws/install/mg400_msgs/share/mg400_msgs/srv/SetCollisionLevel_Request.msg
[2.237s] -- Up-to-date symlink: /root/ros2_ws/install/mg400_msgs/share/mg400_msgs/srv/SetCollisionLevel_Response.msg
[2.237s] -- Up-to-date symlink: /root/ros2_ws/install/mg400_msgs/share/mg400_msgs/srv/SpeedFactor.srv
[2.237s] -- Up-to-date symlink: /root/ros2_ws/install/mg400_msgs/share/mg400_msgs/srv/SpeedFactor_Request.msg
[2.237s] -- Up-to-date symlink: /root/ros2_ws/install/mg400_msgs/share/mg400_msgs/srv/SpeedFactor_Response.msg
[2.237s] -- Up-to-date symlink: /root/ros2_ws/install/mg400_msgs/share/mg400_msgs/srv/SpeedJ.srv
[2.238s] -- Up-to-date symlink: /root/ros2_ws/install/mg400_msgs/share/mg400_msgs/srv/SpeedJ_Request.msg
[2.238s] -- Up-to-date symlink: /root/ros2_ws/install/mg400_msgs/share/mg400_msgs/srv/SpeedJ_Response.msg
[2.238s] -- Up-to-date symlink: /root/ros2_ws/install/mg400_msgs/share/mg400_msgs/srv/SpeedL.srv
[2.238s] -- Up-to-date symlink: /root/ros2_ws/install/mg400_msgs/share/mg400_msgs/srv/SpeedL_Request.msg
[2.238s] -- Up-to-date symlink: /root/ros2_ws/install/mg400_msgs/share/mg400_msgs/srv/SpeedL_Response.msg
[2.238s] -- Up-to-date symlink: /root/ros2_ws/install/mg400_msgs/share/mg400_msgs/srv/Tool.srv
[2.238s] -- Up-to-date symlink: /root/ros2_ws/install/mg400_msgs/share/mg400_msgs/srv/Tool_Request.msg
[2.238s] -- Up-to-date symlink: /root/ros2_ws/install/mg400_msgs/share/mg400_msgs/srv/Tool_Response.msg
[2.239s] -- Up-to-date symlink: /root/ros2_ws/install/mg400_msgs/share/mg400_msgs/srv/ToolDI.srv
[2.239s] -- Up-to-date symlink: /root/ros2_ws/install/mg400_msgs/share/mg400_msgs/srv/ToolDI_Request.msg
[2.239s] -- Up-to-date symlink: /root/ros2_ws/install/mg400_msgs/share/mg400_msgs/srv/ToolDI_Response.msg
[2.239s] -- Up-to-date symlink: /root/ros2_ws/install/mg400_msgs/share/mg400_msgs/srv/ToolDOExecute.srv
[2.239s] -- Up-to-date symlink: /root/ros2_ws/install/mg400_msgs/share/mg400_msgs/srv/ToolDOExecute_Request.msg
[2.239s] -- Up-to-date symlink: /root/ros2_ws/install/mg400_msgs/share/mg400_msgs/srv/ToolDOExecute_Response.msg
[2.239s] -- Up-to-date symlink: /root/ros2_ws/install/mg400_msgs/share/mg400_msgs/srv/User.srv
[2.239s] -- Up-to-date symlink: /root/ros2_ws/install/mg400_msgs/share/mg400_msgs/srv/User_Request.msg
[2.240s] -- Up-to-date symlink: /root/ros2_ws/install/mg400_msgs/share/mg400_msgs/srv/User_Response.msg
[2.240s] -- Up-to-date symlink: /root/ros2_ws/install/mg400_msgs/share/mg400_msgs/action/CommandQueue.action
[2.240s] -- Up-to-date symlink: /root/ros2_ws/install/mg400_msgs/share/mg400_msgs/action/JointMovJ.action
[2.240s] -- Up-to-date symlink: /root/ros2_ws/install/mg400_msgs/share/mg400_msgs/action/MovJ.action
[2.240s] -- Up-to-date symlink: /root/ros2_ws/install/mg400_msgs/share/mg400_msgs/action/MovJIO.action
[2.240s] -- Up-to-date symlink: /root/ros2_ws/install/mg400_msgs/share/mg400_msgs/action/MovL.action
[2.240s] -- Up-to-date symlink: /root/ros2_ws/install/mg400_msgs/share/mg400_msgs/action/MovLIO.action
[2.241s] -- Up-to-date symlink: /root/ros2_ws/install/mg400_msgs/share/ament_index/resource_index/package_run_dependencies/mg400_msgs
[2.241s] -- Up-to-date symlink: /root/ros2_ws/install/mg400_msgs/share/ament_index/resource_index/parent_prefix_path/mg400_msgs
[2.241s] -- Up-to-date symlink: /root/ros2_ws/install/mg400_msgs/share/mg400_msgs/environment/ament_prefix_path.sh
[2.241s] -- Up-to-date symlink: /root/ros2_ws/install/mg400_msgs/share/mg400_msgs/environment/ament_prefix_path.dsv
[2.241s] -- Up-to-date symlink: /root/ros2_ws/install/mg400_msgs/share/mg400_msgs/environment/path.sh
[2.241s] -- Up-to-date symlink: /root/ros2_ws/install/mg400_msgs/share/mg400_msgs/environment/path.dsv
[2.241s] -- Up-to-date symlink: /root/ros2_ws/install/mg400_msgs/share/mg400_msgs/local_setup.bash
[2.241s] -- Up-to-date symlink: /root/ros2_ws/install/mg400_msgs/share/mg400_msgs/local_setup.sh
[2.242s] -- Up-to-date symlink: /root/ros2_ws/install/mg400_msgs/share/mg400_msgs/local_setup.zsh
[2.242s] -- Up-to-date symlink: /root/ros2_ws/install/mg400_msgs/share/mg400_msgs/local_setup.dsv
[2.242s] -- Symlinking: /root/ros2_ws/install/mg400_msgs/share/mg400_msgs/package.dsv
[2.252s] -- Up-to-date symlink: /root/ros2_ws/install/mg400_msgs/share/ament_index/resource_index/packages/mg400_msgs
[2.252s] -- Up-to-date symlink: /root/ros2_ws/install/mg400_msgs/share/mg400_msgs/cmake/rosidl_cmake-extras.cmake
[2.252s] -- Up-to-date symlink: /root/ros2_ws/install/mg400_msgs/share/mg400_msgs/cmake/ament_cmake_export_dependencies-extras.cmake
[2.252s] -- Up-to-date symlink: /root/ros2_ws/install/mg400_msgs/share/mg400_msgs/cmake/ament_cmake_export_include_directories-extras.cmake
[2.252s] -- Up-to-date symlink: /root/ros2_ws/install/mg400_msgs/share/mg400_msgs/cmake/ament_cmake_export_libraries-extras.cmake
[2.252s] -- Up-to-date symlink: /root/ros2_ws/install/mg400_msgs/share/mg400_msgs/cmake/ament_cmake_export_targets-extras.cmake
[2.253s] -- Up-to-date symlink: /root/ros2_ws/install/mg400_msgs/share/mg400_msgs/cmake/rosidl_cmake_export_typesupport_targets-extras.cmake
[2.253s] -- Up-to-date symlink: /root/ros2_ws/install/mg400_msgs/share/mg400_msgs/cmake/rosidl_cmake_export_typesupport_libraries-extras.cmake
[2.253s] -- Up-to-date symlink: /root/ros2_ws/install/mg400_msgs/share/mg400_msgs/cmake/rosidl_cmake_aggregate_target-extras.cmake
[2.253s] -- Up-to-date symlink: /root/ros2_ws/install/mg400_msgs/share/mg400_msgs/cmake/mg400_msgsConfig.cmake
[2.253s] -- Up-to-date symlink: /root/ros2_ws/install/mg400_msgs/share/mg400_msgs/cmake/mg400_msgsConfig-version.cmake
[2.253s] -- Up-to-date symlink: /root/ros2_ws/install/mg400_msgs/share/mg400_msgs/package.xml
[2.253s] -- Up-to-date: /root/ros2_ws/install/mg400_msgs/lib/libmg400_msgs__rosidl_generator_c.so
[2.254s] -- Up-to-date: /root/ros2_ws/install/mg400_msgs/lib/libmg400_msgs__rosidl_typesupport_fastrtps_c.so
[2.254s] -- Up-to-date: /root/ros2_ws/install/mg400_msgs/lib/libmg400_msgs__rosidl_typesupport_fastrtps_cpp.so
[2.254s] -- Up-to-date: /root/ros2_ws/install/mg400_msgs/lib/libmg400_msgs__rosidl_typesupport_introspection_c.so
[2.255s] -- Up-to-date: /root/ros2_ws/install/mg400_msgs/lib/libmg400_msgs__rosidl_typesupport_c.so
[2.255s] -- Up-to-date: /root/ros2_ws/install/mg400_msgs/lib/libmg400_msgs__rosidl_typesupport_introspection_cpp.so
[2.255s] -- Up-to-date: /root/ros2_ws/install/mg400_msgs/lib/libmg400_msgs__rosidl_typesupport_cpp.so
[2.287s] Listing '/root/ros2_ws/install/mg400_msgs/local/lib/python3.10/dist-packages/mg400_msgs'...
[2.287s] Compiling '/root/ros2_ws/install/mg400_msgs/local/lib/python3.10/dist-packages/mg400_msgs/__init__.py'...
[2.287s] Listing '/root/ros2_ws/install/mg400_msgs/local/lib/python3.10/dist-packages/mg400_msgs/action'...
[2.287s] Listing '/root/ros2_ws/install/mg400_msgs/local/lib/python3.10/dist-packages/mg400_msgs/msg'...
[2.287s] Listing '/root/ros2_ws/install/mg400_msgs/local/lib/python3.10/dist-packages/mg400_msgs/srv'...
[2.291s] -- Up-to-date: /root/ros2_ws/install/mg400_msgs/lib/libmg400_msgs__rosidl_generator_py.so
[2.292s] -- Up-to-date: /root/ros2_ws/install/mg400_msgs/share/mg400_msgs/cmake/export_mg400_msgs__rosidl_generator_cExport.cmake
[2.292s] -- Up-to-date: /root/ros2_ws/install/mg400_msgs/share/mg400_msgs/cmake/export_mg400_msgs__rosidl_generator_cExport-noconfig.cmake
[2.292s] -- Up-to-date: /root/ros2_ws/install/mg400_msgs/share/mg400_msgs/cmake/export_mg400_msgs__rosidl_typesupport_fastrtps_cExport.cmake
[2.292s] -- Up-to-date: /root/ros2_ws/install/mg400_msgs/share/mg400_msgs/cmake/export_mg400_msgs__rosidl_typesupport_fastrtps_cExport-noconfig.cmake
[2.292s] -- Up-to-date: /root/ros2_ws/install/mg400_msgs/share/mg400_msgs/cmake/export_mg400_msgs__rosidl_generator_cppExport.cmake
[2.292s] -- Up-to-date: /root/ros2_ws/install/mg400_msgs/share/mg400_msgs/cmake/export_mg400_msgs__rosidl_typesupport_fastrtps_cppExport.cmake
[2.292s] -- Up-to-date: /root/ros2_ws/install/mg400_msgs/share/mg400_msgs/cmake/export_mg400_msgs__rosidl_typesupport_fastrtps_cppExport-noconfig.cmake
[2.292s] -- Up-to-date: /root/ros2_ws/install/mg400_msgs/share/mg400_msgs/cmake/mg400_msgs__rosidl_typesupport_introspection_cExport.cmake
[2.292s] -- Up-to-date: /root/ros2_ws/install/mg400_msgs/share/mg400_msgs/cmake/mg400_msgs__rosidl_typesupport_introspection_cExport-noconfig.cmake
[2.292s] -- Up-to-date: /root/ros2_ws/install/mg400_msgs/share/mg400_msgs/cmake/mg400_msgs__rosidl_typesupport_cExport.cmake
[2.292s] -- Up-to-date: /root/ros2_ws/install/mg400_msgs/share/mg400_msgs/cmake/mg400_msgs__rosidl_typesupport_cExport-noconfig.cmake
[2.293s] -- Up-to-date: /root/ros2_ws/install/mg400_msgs/share/mg400_msgs/cmake/mg400_msgs__rosidl_typesupport_introspection_cppExport.cmake
[2.293s] -- Up-to-date: /root/ros2_ws/install/mg400_msgs/share/mg400_msgs/cmake/mg400_msgs__rosidl_typesupport_introspection_cppExport-noconfig.cmake
[2.293s] -- Up-to-date: /root/ros2_ws/install/mg400_msgs/share/mg400_msgs/cmake/mg400_msgs__rosidl_typesupport_cppExport.cmake
[2.293s] -- Up-to-date: /root/ros2_ws/install/mg400_msgs/share/mg400_msgs/cmake/mg400_msgs__rosidl_typesupport_cppExport-noconfig.cmake
[2.294s] -- Up-to-date: /root/ros2_ws/install/mg400_msgs/share/mg400_msgs/cmake/export_mg400_msgs__rosidl_generator_pyExport.cmake
[2.294s] -- Up-to-date: /root/ros2_ws/install/mg400_msgs/share/mg400_msgs/cmake/export_mg400_msgs__rosidl_generator_pyExport-noconfig.cmake
[2.305s] Invoked command in '/root/ros2_ws/build/mg400_msgs' returned '0': CMAKE_PREFIX_PATH=${CMAKE_PREFIX_PATH}:/root/ros2_ws/install/p9n_bringup:/root/ros2_ws/install/mg400_bringup:/opt/ros/humble /usr/bin/cmake --install /root/ros2_ws/build/mg400_msgs
