[0.000000] (-) TimerEvent: {}
[0.000462] (mg400_common) JobQueued: {'identifier': 'mg400_common', 'dependencies': OrderedDict()}
[0.000614] (mg400_description) JobQueued: {'identifier': 'mg400_description', 'dependencies': OrderedDict()}
[0.000753] (mg400_msgs) JobQueued: {'identifier': 'mg400_msgs', 'dependencies': OrderedDict()}
[0.000796] (p9n_interface) JobQueued: {'identifier': 'p9n_interface', 'dependencies': OrderedDict()}
[0.000832] (mg400_interface) JobQueued: {'identifier': 'mg400_interface', 'dependencies': OrderedDict([('mg400_common', '/root/ros2_ws/install/mg400_common'), ('mg400_msgs', '/root/ros2_ws/install/mg400_msgs')])}
[0.000875] (mg400_tools) JobQueued: {'identifier': 'mg400_tools', 'dependencies': OrderedDict([('mg400_common', '/root/ros2_ws/install/mg400_common'), ('mg400_msgs', '/root/ros2_ws/install/mg400_msgs')])}
[0.000916] (p9n_example) JobQueued: {'identifier': 'p9n_example', 'dependencies': OrderedDict([('p9n_interface', '/root/ros2_ws/install/p9n_interface')])}
[0.000956] (p9n_node) JobQueued: {'identifier': 'p9n_node', 'dependencies': OrderedDict([('p9n_interface', '/root/ros2_ws/install/p9n_interface')])}
[0.000991] (p9n_test) JobQueued: {'identifier': 'p9n_test', 'dependencies': OrderedDict([('p9n_interface', '/root/ros2_ws/install/p9n_interface')])}
[0.001025] (mg400_joy) JobQueued: {'identifier': 'mg400_joy', 'dependencies': OrderedDict([('mg400_common', '/root/ros2_ws/install/mg400_common'), ('mg400_msgs', '/root/ros2_ws/install/mg400_msgs'), ('p9n_interface', '/root/ros2_ws/install/p9n_interface'), ('mg400_interface', '/root/ros2_ws/install/mg400_interface')])}
[0.001064] (mg400_plugin_base) JobQueued: {'identifier': 'mg400_plugin_base', 'dependencies': OrderedDict([('mg400_common', '/root/ros2_ws/install/mg400_common'), ('mg400_msgs', '/root/ros2_ws/install/mg400_msgs'), ('mg400_interface', '/root/ros2_ws/install/mg400_interface')])}
[0.001096] (mg400_rviz_plugin) JobQueued: {'identifier': 'mg400_rviz_plugin', 'dependencies': OrderedDict([('mg400_common', '/root/ros2_ws/install/mg400_common'), ('mg400_msgs', '/root/ros2_ws/install/mg400_msgs'), ('mg400_interface', '/root/ros2_ws/install/mg400_interface')])}
[0.001126] (p9n_bringup) JobQueued: {'identifier': 'p9n_bringup', 'dependencies': OrderedDict([('p9n_interface', '/root/ros2_ws/install/p9n_interface'), ('p9n_node', '/root/ros2_ws/install/p9n_node')])}
[0.001195] (mg400_plugin) JobQueued: {'identifier': 'mg400_plugin', 'dependencies': OrderedDict([('mg400_common', '/root/ros2_ws/install/mg400_common'), ('mg400_msgs', '/root/ros2_ws/install/mg400_msgs'), ('mg400_interface', '/root/ros2_ws/install/mg400_interface'), ('mg400_plugin_base', '/root/ros2_ws/install/mg400_plugin_base')])}
[0.001218] (p9n) JobQueued: {'identifier': 'p9n', 'dependencies': OrderedDict([('p9n_interface', '/root/ros2_ws/install/p9n_interface'), ('p9n_example', '/root/ros2_ws/install/p9n_example'), ('p9n_node', '/root/ros2_ws/install/p9n_node'), ('p9n_test', '/root/ros2_ws/install/p9n_test'), ('p9n_bringup', '/root/ros2_ws/install/p9n_bringup')])}
[0.001256] (mg400_node) JobQueued: {'identifier': 'mg400_node', 'dependencies': OrderedDict([('mg400_common', '/root/ros2_ws/install/mg400_common'), ('mg400_msgs', '/root/ros2_ws/install/mg400_msgs'), ('mg400_interface', '/root/ros2_ws/install/mg400_interface'), ('mg400_plugin_base', '/root/ros2_ws/install/mg400_plugin_base'), ('mg400_plugin', '/root/ros2_ws/install/mg400_plugin')])}
[0.001283] (mg400_bringup) JobQueued: {'identifier': 'mg400_bringup', 'dependencies': OrderedDict([('mg400_common', '/root/ros2_ws/install/mg400_common'), ('mg400_description', '/root/ros2_ws/install/mg400_description'), ('mg400_msgs', '/root/ros2_ws/install/mg400_msgs'), ('p9n_interface', '/root/ros2_ws/install/p9n_interface'), ('mg400_interface', '/root/ros2_ws/install/mg400_interface'), ('mg400_joy', '/root/ros2_ws/install/mg400_joy'), ('mg400_plugin_base', '/root/ros2_ws/install/mg400_plugin_base'), ('mg400_plugin', '/root/ros2_ws/install/mg400_plugin'), ('mg400_node', '/root/ros2_ws/install/mg400_node')])}
[0.001322] (mg400) JobQueued: {'identifier': 'mg400', 'dependencies': OrderedDict([('mg400_common', '/root/ros2_ws/install/mg400_common'), ('mg400_description', '/root/ros2_ws/install/mg400_description'), ('mg400_msgs', '/root/ros2_ws/install/mg400_msgs'), ('p9n_interface', '/root/ros2_ws/install/p9n_interface'), ('mg400_interface', '/root/ros2_ws/install/mg400_interface'), ('mg400_joy', '/root/ros2_ws/install/mg400_joy'), ('mg400_plugin_base', '/root/ros2_ws/install/mg400_plugin_base'), ('mg400_plugin', '/root/ros2_ws/install/mg400_plugin'), ('mg400_node', '/root/ros2_ws/install/mg400_node'), ('mg400_bringup', '/root/ros2_ws/install/mg400_bringup')])}
[0.001358] (mg400_common) JobStarted: {'identifier': 'mg400_common'}
[0.007987] (mg400_msgs) JobStarted: {'identifier': 'mg400_msgs'}
[0.010718] (p9n_interface) JobStarted: {'identifier': 'p9n_interface'}
[0.013337] (mg400_description) JobStarted: {'identifier': 'mg400_description'}
[0.016676] (mg400_common) JobProgress: {'identifier': 'mg400_common', 'progress': 'cmake'}
[0.017721] (mg400_common) JobProgress: {'identifier': 'mg400_common', 'progress': 'build'}
[0.018218] (mg400_common) Command: {'cmd': ['/usr/bin/cmake', '--build', '/root/ros2_ws/build/mg400_common', '--', '-j16', '-l16'], 'cwd': '/root/ros2_ws/build/mg400_common', 'env': OrderedDict([('HOSTNAME', 'zzz-2404'), ('SHLVL', '1'), ('LD_LIBRARY_PATH', '/opt/ros/humble/opt/rviz_ogre_vendor/lib:/opt/ros/humble/lib/x86_64-linux-gnu:/opt/ros/humble/lib'), ('HOME', '/root'), ('OLDPWD', '/root/ros2_ws'), ('ROS_PYTHON_VERSION', '3'), ('ROS_DISTRO', 'humble'), ('_', '/usr/bin/colcon'), ('ROS_VERSION', '2'), ('TERM', 'xterm'), ('ROS_LOCALHOST_ONLY', '0'), ('PATH', '/opt/ros/humble/bin:/usr/local/sbin:/usr/local/bin:/usr/sbin:/usr/bin:/sbin:/bin'), ('LANG', 'C.UTF-8'), ('LS_COLORS', 'rs=0:di=01;34:ln=01;36:mh=00:pi=40;33:so=01;35:do=01;35:bd=40;33;01:cd=40;33;01:or=40;31;01:mi=00:su=37;41:sg=30;43:ca=30;41:tw=30;42:ow=34;42:st=37;44:ex=01;32:*.tar=01;31:*.tgz=01;31:*.arc=01;31:*.arj=01;31:*.taz=01;31:*.lha=01;31:*.lz4=01;31:*.lzh=01;31:*.lzma=01;31:*.tlz=01;31:*.txz=01;31:*.tzo=01;31:*.t7z=01;31:*.zip=01;31:*.z=01;31:*.dz=01;31:*.gz=01;31:*.lrz=01;31:*.lz=01;31:*.lzo=01;31:*.xz=01;31:*.zst=01;31:*.tzst=01;31:*.bz2=01;31:*.bz=01;31:*.tbz=01;31:*.tbz2=01;31:*.tz=01;31:*.deb=01;31:*.rpm=01;31:*.jar=01;31:*.war=01;31:*.ear=01;31:*.sar=01;31:*.rar=01;31:*.alz=01;31:*.ace=01;31:*.zoo=01;31:*.cpio=01;31:*.7z=01;31:*.rz=01;31:*.cab=01;31:*.wim=01;31:*.swm=01;31:*.dwm=01;31:*.esd=01;31:*.jpg=01;35:*.jpeg=01;35:*.mjpg=01;35:*.mjpeg=01;35:*.gif=01;35:*.bmp=01;35:*.pbm=01;35:*.pgm=01;35:*.ppm=01;35:*.tga=01;35:*.xbm=01;35:*.xpm=01;35:*.tif=01;35:*.tiff=01;35:*.png=01;35:*.svg=01;35:*.svgz=01;35:*.mng=01;35:*.pcx=01;35:*.mov=01;35:*.mpg=01;35:*.mpeg=01;35:*.m2v=01;35:*.mkv=01;35:*.webm=01;35:*.webp=01;35:*.ogm=01;35:*.mp4=01;35:*.m4v=01;35:*.mp4v=01;35:*.vob=01;35:*.qt=01;35:*.nuv=01;35:*.wmv=01;35:*.asf=01;35:*.rm=01;35:*.rmvb=01;35:*.flc=01;35:*.avi=01;35:*.fli=01;35:*.flv=01;35:*.gl=01;35:*.dl=01;35:*.xcf=01;35:*.xwd=01;35:*.yuv=01;35:*.cgm=01;35:*.emf=01;35:*.ogv=01;35:*.ogx=01;35:*.aac=00;36:*.au=00;36:*.flac=00;36:*.m4a=00;36:*.mid=00;36:*.midi=00;36:*.mka=00;36:*.mp3=00;36:*.mpc=00;36:*.ogg=00;36:*.ra=00;36:*.wav=00;36:*.oga=00;36:*.opus=00;36:*.spx=00;36:*.xspf=00;36:'), ('AMENT_PREFIX_PATH', '/opt/ros/humble'), ('PWD', '/root/ros2_ws/build/mg400_common'), ('LC_ALL', 'C.UTF-8'), ('PYTHONPATH', '/opt/ros/humble/lib/python3.10/site-packages:/opt/ros/humble/local/lib/python3.10/dist-packages'), ('COLCON', '1'), ('CMAKE_PREFIX_PATH', '/opt/ros/humble')]), 'shell': False}
[0.020186] (mg400_msgs) JobProgress: {'identifier': 'mg400_msgs', 'progress': 'cmake'}
[0.021139] (mg400_msgs) JobProgress: {'identifier': 'mg400_msgs', 'progress': 'build'}
[0.021359] (mg400_msgs) Command: {'cmd': ['/usr/bin/cmake', '--build', '/root/ros2_ws/build/mg400_msgs', '--', '-j16', '-l16'], 'cwd': '/root/ros2_ws/build/mg400_msgs', 'env': OrderedDict([('HOSTNAME', 'zzz-2404'), ('SHLVL', '1'), ('LD_LIBRARY_PATH', '/opt/ros/humble/opt/rviz_ogre_vendor/lib:/opt/ros/humble/lib/x86_64-linux-gnu:/opt/ros/humble/lib'), ('HOME', '/root'), ('OLDPWD', '/root/ros2_ws'), ('ROS_PYTHON_VERSION', '3'), ('ROS_DISTRO', 'humble'), ('_', '/usr/bin/colcon'), ('ROS_VERSION', '2'), ('TERM', 'xterm'), ('ROS_LOCALHOST_ONLY', '0'), ('PATH', '/opt/ros/humble/bin:/usr/local/sbin:/usr/local/bin:/usr/sbin:/usr/bin:/sbin:/bin'), ('LANG', 'C.UTF-8'), ('LS_COLORS', 'rs=0:di=01;34:ln=01;36:mh=00:pi=40;33:so=01;35:do=01;35:bd=40;33;01:cd=40;33;01:or=40;31;01:mi=00:su=37;41:sg=30;43:ca=30;41:tw=30;42:ow=34;42:st=37;44:ex=01;32:*.tar=01;31:*.tgz=01;31:*.arc=01;31:*.arj=01;31:*.taz=01;31:*.lha=01;31:*.lz4=01;31:*.lzh=01;31:*.lzma=01;31:*.tlz=01;31:*.txz=01;31:*.tzo=01;31:*.t7z=01;31:*.zip=01;31:*.z=01;31:*.dz=01;31:*.gz=01;31:*.lrz=01;31:*.lz=01;31:*.lzo=01;31:*.xz=01;31:*.zst=01;31:*.tzst=01;31:*.bz2=01;31:*.bz=01;31:*.tbz=01;31:*.tbz2=01;31:*.tz=01;31:*.deb=01;31:*.rpm=01;31:*.jar=01;31:*.war=01;31:*.ear=01;31:*.sar=01;31:*.rar=01;31:*.alz=01;31:*.ace=01;31:*.zoo=01;31:*.cpio=01;31:*.7z=01;31:*.rz=01;31:*.cab=01;31:*.wim=01;31:*.swm=01;31:*.dwm=01;31:*.esd=01;31:*.jpg=01;35:*.jpeg=01;35:*.mjpg=01;35:*.mjpeg=01;35:*.gif=01;35:*.bmp=01;35:*.pbm=01;35:*.pgm=01;35:*.ppm=01;35:*.tga=01;35:*.xbm=01;35:*.xpm=01;35:*.tif=01;35:*.tiff=01;35:*.png=01;35:*.svg=01;35:*.svgz=01;35:*.mng=01;35:*.pcx=01;35:*.mov=01;35:*.mpg=01;35:*.mpeg=01;35:*.m2v=01;35:*.mkv=01;35:*.webm=01;35:*.webp=01;35:*.ogm=01;35:*.mp4=01;35:*.m4v=01;35:*.mp4v=01;35:*.vob=01;35:*.qt=01;35:*.nuv=01;35:*.wmv=01;35:*.asf=01;35:*.rm=01;35:*.rmvb=01;35:*.flc=01;35:*.avi=01;35:*.fli=01;35:*.flv=01;35:*.gl=01;35:*.dl=01;35:*.xcf=01;35:*.xwd=01;35:*.yuv=01;35:*.cgm=01;35:*.emf=01;35:*.ogv=01;35:*.ogx=01;35:*.aac=00;36:*.au=00;36:*.flac=00;36:*.m4a=00;36:*.mid=00;36:*.midi=00;36:*.mka=00;36:*.mp3=00;36:*.mpc=00;36:*.ogg=00;36:*.ra=00;36:*.wav=00;36:*.oga=00;36:*.opus=00;36:*.spx=00;36:*.xspf=00;36:'), ('AMENT_PREFIX_PATH', '/opt/ros/humble'), ('PWD', '/root/ros2_ws/build/mg400_msgs'), ('LC_ALL', 'C.UTF-8'), ('PYTHONPATH', '/opt/ros/humble/lib/python3.10/site-packages:/opt/ros/humble/local/lib/python3.10/dist-packages'), ('COLCON', '1'), ('CMAKE_PREFIX_PATH', '/opt/ros/humble')]), 'shell': False}
[0.022873] (p9n_interface) JobProgress: {'identifier': 'p9n_interface', 'progress': 'cmake'}
[0.023077] (p9n_interface) JobProgress: {'identifier': 'p9n_interface', 'progress': 'build'}
[0.023258] (p9n_interface) Command: {'cmd': ['/usr/bin/cmake', '--build', '/root/ros2_ws/build/p9n_interface', '--', '-j16', '-l16'], 'cwd': '/root/ros2_ws/build/p9n_interface', 'env': OrderedDict([('HOSTNAME', 'zzz-2404'), ('SHLVL', '1'), ('LD_LIBRARY_PATH', '/opt/ros/humble/opt/rviz_ogre_vendor/lib:/opt/ros/humble/lib/x86_64-linux-gnu:/opt/ros/humble/lib'), ('HOME', '/root'), ('OLDPWD', '/root/ros2_ws'), ('ROS_PYTHON_VERSION', '3'), ('ROS_DISTRO', 'humble'), ('_', '/usr/bin/colcon'), ('ROS_VERSION', '2'), ('TERM', 'xterm'), ('ROS_LOCALHOST_ONLY', '0'), ('PATH', '/opt/ros/humble/bin:/usr/local/sbin:/usr/local/bin:/usr/sbin:/usr/bin:/sbin:/bin'), ('LANG', 'C.UTF-8'), ('LS_COLORS', 'rs=0:di=01;34:ln=01;36:mh=00:pi=40;33:so=01;35:do=01;35:bd=40;33;01:cd=40;33;01:or=40;31;01:mi=00:su=37;41:sg=30;43:ca=30;41:tw=30;42:ow=34;42:st=37;44:ex=01;32:*.tar=01;31:*.tgz=01;31:*.arc=01;31:*.arj=01;31:*.taz=01;31:*.lha=01;31:*.lz4=01;31:*.lzh=01;31:*.lzma=01;31:*.tlz=01;31:*.txz=01;31:*.tzo=01;31:*.t7z=01;31:*.zip=01;31:*.z=01;31:*.dz=01;31:*.gz=01;31:*.lrz=01;31:*.lz=01;31:*.lzo=01;31:*.xz=01;31:*.zst=01;31:*.tzst=01;31:*.bz2=01;31:*.bz=01;31:*.tbz=01;31:*.tbz2=01;31:*.tz=01;31:*.deb=01;31:*.rpm=01;31:*.jar=01;31:*.war=01;31:*.ear=01;31:*.sar=01;31:*.rar=01;31:*.alz=01;31:*.ace=01;31:*.zoo=01;31:*.cpio=01;31:*.7z=01;31:*.rz=01;31:*.cab=01;31:*.wim=01;31:*.swm=01;31:*.dwm=01;31:*.esd=01;31:*.jpg=01;35:*.jpeg=01;35:*.mjpg=01;35:*.mjpeg=01;35:*.gif=01;35:*.bmp=01;35:*.pbm=01;35:*.pgm=01;35:*.ppm=01;35:*.tga=01;35:*.xbm=01;35:*.xpm=01;35:*.tif=01;35:*.tiff=01;35:*.png=01;35:*.svg=01;35:*.svgz=01;35:*.mng=01;35:*.pcx=01;35:*.mov=01;35:*.mpg=01;35:*.mpeg=01;35:*.m2v=01;35:*.mkv=01;35:*.webm=01;35:*.webp=01;35:*.ogm=01;35:*.mp4=01;35:*.m4v=01;35:*.mp4v=01;35:*.vob=01;35:*.qt=01;35:*.nuv=01;35:*.wmv=01;35:*.asf=01;35:*.rm=01;35:*.rmvb=01;35:*.flc=01;35:*.avi=01;35:*.fli=01;35:*.flv=01;35:*.gl=01;35:*.dl=01;35:*.xcf=01;35:*.xwd=01;35:*.yuv=01;35:*.cgm=01;35:*.emf=01;35:*.ogv=01;35:*.ogx=01;35:*.aac=00;36:*.au=00;36:*.flac=00;36:*.m4a=00;36:*.mid=00;36:*.midi=00;36:*.mka=00;36:*.mp3=00;36:*.mpc=00;36:*.ogg=00;36:*.ra=00;36:*.wav=00;36:*.oga=00;36:*.opus=00;36:*.spx=00;36:*.xspf=00;36:'), ('AMENT_PREFIX_PATH', '/opt/ros/humble'), ('PWD', '/root/ros2_ws/build/p9n_interface'), ('LC_ALL', 'C.UTF-8'), ('PYTHONPATH', '/opt/ros/humble/lib/python3.10/site-packages:/opt/ros/humble/local/lib/python3.10/dist-packages'), ('COLCON', '1'), ('CMAKE_PREFIX_PATH', '/opt/ros/humble')]), 'shell': False}
[0.025843] (mg400_description) JobProgress: {'identifier': 'mg400_description', 'progress': 'cmake'}
[0.026502] (mg400_description) JobProgress: {'identifier': 'mg400_description', 'progress': 'build'}
[0.026790] (mg400_description) Command: {'cmd': ['/usr/bin/cmake', '--build', '/root/ros2_ws/build/mg400_description', '--', '-j16', '-l16'], 'cwd': '/root/ros2_ws/build/mg400_description', 'env': OrderedDict([('HOSTNAME', 'zzz-2404'), ('SHLVL', '1'), ('LD_LIBRARY_PATH', '/opt/ros/humble/opt/rviz_ogre_vendor/lib:/opt/ros/humble/lib/x86_64-linux-gnu:/opt/ros/humble/lib'), ('HOME', '/root'), ('OLDPWD', '/root/ros2_ws'), ('ROS_PYTHON_VERSION', '3'), ('ROS_DISTRO', 'humble'), ('_', '/usr/bin/colcon'), ('ROS_VERSION', '2'), ('TERM', 'xterm'), ('ROS_LOCALHOST_ONLY', '0'), ('PATH', '/opt/ros/humble/bin:/usr/local/sbin:/usr/local/bin:/usr/sbin:/usr/bin:/sbin:/bin'), ('LANG', 'C.UTF-8'), ('LS_COLORS', 'rs=0:di=01;34:ln=01;36:mh=00:pi=40;33:so=01;35:do=01;35:bd=40;33;01:cd=40;33;01:or=40;31;01:mi=00:su=37;41:sg=30;43:ca=30;41:tw=30;42:ow=34;42:st=37;44:ex=01;32:*.tar=01;31:*.tgz=01;31:*.arc=01;31:*.arj=01;31:*.taz=01;31:*.lha=01;31:*.lz4=01;31:*.lzh=01;31:*.lzma=01;31:*.tlz=01;31:*.txz=01;31:*.tzo=01;31:*.t7z=01;31:*.zip=01;31:*.z=01;31:*.dz=01;31:*.gz=01;31:*.lrz=01;31:*.lz=01;31:*.lzo=01;31:*.xz=01;31:*.zst=01;31:*.tzst=01;31:*.bz2=01;31:*.bz=01;31:*.tbz=01;31:*.tbz2=01;31:*.tz=01;31:*.deb=01;31:*.rpm=01;31:*.jar=01;31:*.war=01;31:*.ear=01;31:*.sar=01;31:*.rar=01;31:*.alz=01;31:*.ace=01;31:*.zoo=01;31:*.cpio=01;31:*.7z=01;31:*.rz=01;31:*.cab=01;31:*.wim=01;31:*.swm=01;31:*.dwm=01;31:*.esd=01;31:*.jpg=01;35:*.jpeg=01;35:*.mjpg=01;35:*.mjpeg=01;35:*.gif=01;35:*.bmp=01;35:*.pbm=01;35:*.pgm=01;35:*.ppm=01;35:*.tga=01;35:*.xbm=01;35:*.xpm=01;35:*.tif=01;35:*.tiff=01;35:*.png=01;35:*.svg=01;35:*.svgz=01;35:*.mng=01;35:*.pcx=01;35:*.mov=01;35:*.mpg=01;35:*.mpeg=01;35:*.m2v=01;35:*.mkv=01;35:*.webm=01;35:*.webp=01;35:*.ogm=01;35:*.mp4=01;35:*.m4v=01;35:*.mp4v=01;35:*.vob=01;35:*.qt=01;35:*.nuv=01;35:*.wmv=01;35:*.asf=01;35:*.rm=01;35:*.rmvb=01;35:*.flc=01;35:*.avi=01;35:*.fli=01;35:*.flv=01;35:*.gl=01;35:*.dl=01;35:*.xcf=01;35:*.xwd=01;35:*.yuv=01;35:*.cgm=01;35:*.emf=01;35:*.ogv=01;35:*.ogx=01;35:*.aac=00;36:*.au=00;36:*.flac=00;36:*.m4a=00;36:*.mid=00;36:*.midi=00;36:*.mka=00;36:*.mp3=00;36:*.mpc=00;36:*.ogg=00;36:*.ra=00;36:*.wav=00;36:*.oga=00;36:*.opus=00;36:*.spx=00;36:*.xspf=00;36:'), ('AMENT_PREFIX_PATH', '/opt/ros/humble'), ('PWD', '/root/ros2_ws/build/mg400_description'), ('LC_ALL', 'C.UTF-8'), ('PYTHONPATH', '/opt/ros/humble/lib/python3.10/site-packages:/opt/ros/humble/local/lib/python3.10/dist-packages'), ('COLCON', '1'), ('CMAKE_PREFIX_PATH', '/opt/ros/humble')]), 'shell': False}
[0.053196] (mg400_common) StdoutLine: {'line': b'\x1b[35m\x1b[1mConsolidate compiler generated dependencies of target gtest\x1b[0m\n'}
[0.053443] (mg400_common) StdoutLine: {'line': b'\x1b[35m\x1b[1mConsolidate compiler generated dependencies of target gtest_main\x1b[0m\n'}
[0.053533] (mg400_common) StdoutLine: {'line': b'\x1b[35m\x1b[1mConsolidate compiler generated dependencies of target mg400_common\x1b[0m\n'}
[0.058939] (p9n_interface) StdoutLine: {'line': b'\x1b[35m\x1b[1mConsolidate compiler generated dependencies of target p9n_interface\x1b[0m\n'}
[0.059913] (mg400_description) CommandEnded: {'returncode': 0}
[0.060473] (mg400_description) JobProgress: {'identifier': 'mg400_description', 'progress': 'install'}
[0.066373] (mg400_common) StdoutLine: {'line': b'[ 25%] Built target gtest_main\n'}
[0.066939] (mg400_common) StdoutLine: {'line': b'[ 50%] Built target mg400_common\n'}
[0.067457] (mg400_common) StdoutLine: {'line': b'[ 75%] Built target gtest\n'}
[0.068459] (mg400_description) Command: {'cmd': ['/usr/bin/cmake', '--install', '/root/ros2_ws/build/mg400_description'], 'cwd': '/root/ros2_ws/build/mg400_description', 'env': OrderedDict([('HOSTNAME', 'zzz-2404'), ('SHLVL', '1'), ('LD_LIBRARY_PATH', '/opt/ros/humble/opt/rviz_ogre_vendor/lib:/opt/ros/humble/lib/x86_64-linux-gnu:/opt/ros/humble/lib'), ('HOME', '/root'), ('OLDPWD', '/root/ros2_ws'), ('ROS_PYTHON_VERSION', '3'), ('ROS_DISTRO', 'humble'), ('_', '/usr/bin/colcon'), ('ROS_VERSION', '2'), ('TERM', 'xterm'), ('ROS_LOCALHOST_ONLY', '0'), ('PATH', '/opt/ros/humble/bin:/usr/local/sbin:/usr/local/bin:/usr/sbin:/usr/bin:/sbin:/bin'), ('LANG', 'C.UTF-8'), ('LS_COLORS', 'rs=0:di=01;34:ln=01;36:mh=00:pi=40;33:so=01;35:do=01;35:bd=40;33;01:cd=40;33;01:or=40;31;01:mi=00:su=37;41:sg=30;43:ca=30;41:tw=30;42:ow=34;42:st=37;44:ex=01;32:*.tar=01;31:*.tgz=01;31:*.arc=01;31:*.arj=01;31:*.taz=01;31:*.lha=01;31:*.lz4=01;31:*.lzh=01;31:*.lzma=01;31:*.tlz=01;31:*.txz=01;31:*.tzo=01;31:*.t7z=01;31:*.zip=01;31:*.z=01;31:*.dz=01;31:*.gz=01;31:*.lrz=01;31:*.lz=01;31:*.lzo=01;31:*.xz=01;31:*.zst=01;31:*.tzst=01;31:*.bz2=01;31:*.bz=01;31:*.tbz=01;31:*.tbz2=01;31:*.tz=01;31:*.deb=01;31:*.rpm=01;31:*.jar=01;31:*.war=01;31:*.ear=01;31:*.sar=01;31:*.rar=01;31:*.alz=01;31:*.ace=01;31:*.zoo=01;31:*.cpio=01;31:*.7z=01;31:*.rz=01;31:*.cab=01;31:*.wim=01;31:*.swm=01;31:*.dwm=01;31:*.esd=01;31:*.jpg=01;35:*.jpeg=01;35:*.mjpg=01;35:*.mjpeg=01;35:*.gif=01;35:*.bmp=01;35:*.pbm=01;35:*.pgm=01;35:*.ppm=01;35:*.tga=01;35:*.xbm=01;35:*.xpm=01;35:*.tif=01;35:*.tiff=01;35:*.png=01;35:*.svg=01;35:*.svgz=01;35:*.mng=01;35:*.pcx=01;35:*.mov=01;35:*.mpg=01;35:*.mpeg=01;35:*.m2v=01;35:*.mkv=01;35:*.webm=01;35:*.webp=01;35:*.ogm=01;35:*.mp4=01;35:*.m4v=01;35:*.mp4v=01;35:*.vob=01;35:*.qt=01;35:*.nuv=01;35:*.wmv=01;35:*.asf=01;35:*.rm=01;35:*.rmvb=01;35:*.flc=01;35:*.avi=01;35:*.fli=01;35:*.flv=01;35:*.gl=01;35:*.dl=01;35:*.xcf=01;35:*.xwd=01;35:*.yuv=01;35:*.cgm=01;35:*.emf=01;35:*.ogv=01;35:*.ogx=01;35:*.aac=00;36:*.au=00;36:*.flac=00;36:*.m4a=00;36:*.mid=00;36:*.midi=00;36:*.mka=00;36:*.mp3=00;36:*.mpc=00;36:*.ogg=00;36:*.ra=00;36:*.wav=00;36:*.oga=00;36:*.opus=00;36:*.spx=00;36:*.xspf=00;36:'), ('AMENT_PREFIX_PATH', '/opt/ros/humble'), ('PWD', '/root/ros2_ws/build/mg400_description'), ('LC_ALL', 'C.UTF-8'), ('PYTHONPATH', '/opt/ros/humble/lib/python3.10/site-packages:/opt/ros/humble/local/lib/python3.10/dist-packages'), ('COLCON', '1'), ('CMAKE_PREFIX_PATH', '/opt/ros/humble')]), 'shell': False}
[0.074321] (mg400_description) StdoutLine: {'line': b'-- Install configuration: ""\n'}
[0.074814] (mg400_description) StdoutLine: {'line': b'-- Execute custom install script\n'}
[0.075562] (mg400_description) StdoutLine: {'line': b'-- Up-to-date symlink: /root/ros2_ws/install/mg400_description/share/mg400_description/urdf/.gitkeep\n'}
[0.075731] (p9n_interface) StdoutLine: {'line': b'[100%] Built target p9n_interface\n'}
[0.075896] (mg400_description) StdoutLine: {'line': b'-- Up-to-date symlink: /root/ros2_ws/install/mg400_description/share/mg400_description/urdf/common/constants.xacro\n'}
[0.076015] (mg400_description) StdoutLine: {'line': b'-- Up-to-date symlink: /root/ros2_ws/install/mg400_description/share/mg400_description/urdf/mg400.urdf.xacro\n'}
[0.076300] (mg400_description) StdoutLine: {'line': b'-- Up-to-date symlink: /root/ros2_ws/install/mg400_description/share/mg400_description/urdf/mg400.xacro\n'}
[0.076679] (mg400_common) StdoutLine: {'line': b'\x1b[35m\x1b[1mConsolidate compiler generated dependencies of target test_mg400_kinematics\x1b[0m\n'}
[0.077261] (mg400_description) StdoutLine: {'line': b'-- Up-to-date symlink: /root/ros2_ws/install/mg400_description/share/mg400_description/meshes/.gitkeep\n'}
[0.077437] (mg400_description) StdoutLine: {'line': b'-- Up-to-date symlink: /root/ros2_ws/install/mg400_description/share/mg400_description/meshes/base_link.dae\n'}
[0.077642] (mg400_description) StdoutLine: {'line': b'-- Up-to-date symlink: /root/ros2_ws/install/mg400_description/share/mg400_description/meshes/flange.dae\n'}
[0.077849] (mg400_description) StdoutLine: {'line': b'-- Up-to-date symlink: /root/ros2_ws/install/mg400_description/share/mg400_description/meshes/link1.dae\n'}
[0.078038] (mg400_description) StdoutLine: {'line': b'-- Up-to-date symlink: /root/ros2_ws/install/mg400_description/share/mg400_description/meshes/link2_1.dae\n'}
[0.078224] (mg400_description) StdoutLine: {'line': b'-- Up-to-date symlink: /root/ros2_ws/install/mg400_description/share/mg400_description/meshes/link2_2.dae\n'}
[0.078470] (mg400_description) StdoutLine: {'line': b'-- Up-to-date symlink: /root/ros2_ws/install/mg400_description/share/mg400_description/meshes/link3_1.dae\n'}
[0.078646] (mg400_description) StdoutLine: {'line': b'-- Up-to-date symlink: /root/ros2_ws/install/mg400_description/share/mg400_description/meshes/link3_2.dae\n'}
[0.078829] (mg400_description) StdoutLine: {'line': b'-- Up-to-date symlink: /root/ros2_ws/install/mg400_description/share/mg400_description/meshes/link4_1.dae\n'}
[0.079011] (mg400_description) StdoutLine: {'line': b'-- Up-to-date symlink: /root/ros2_ws/install/mg400_description/share/mg400_description/meshes/link4_2.dae\n'}
[0.079181] (mg400_description) StdoutLine: {'line': b'-- Up-to-date symlink: /root/ros2_ws/install/mg400_description/share/mg400_description/meshes/link4_3.dae\n'}
[0.079361] (mg400_description) StdoutLine: {'line': b'-- Up-to-date symlink: /root/ros2_ws/install/mg400_description/share/mg400_description/meshes/link5.dae\n'}
[0.079585] (mg400_description) StdoutLine: {'line': b'-- Up-to-date symlink: /root/ros2_ws/install/mg400_description/share/mg400_description/meshes/workspace.dae\n'}
[0.079802] (mg400_description) StdoutLine: {'line': b'-- Up-to-date symlink: /root/ros2_ws/install/mg400_description/share/ament_index/resource_index/package_run_dependencies/mg400_description\n'}
[0.079993] (mg400_description) StdoutLine: {'line': b'-- Up-to-date symlink: /root/ros2_ws/install/mg400_description/share/ament_index/resource_index/parent_prefix_path/mg400_description\n'}
[0.080135] (mg400_description) StdoutLine: {'line': b'-- Up-to-date symlink: /root/ros2_ws/install/mg400_description/share/mg400_description/environment/ament_prefix_path.sh\n'}
[0.080337] (mg400_description) StdoutLine: {'line': b'-- Up-to-date symlink: /root/ros2_ws/install/mg400_description/share/mg400_description/environment/ament_prefix_path.dsv\n'}
[0.080466] (mg400_description) StdoutLine: {'line': b'-- Up-to-date symlink: /root/ros2_ws/install/mg400_description/share/mg400_description/environment/path.sh\n'}
[0.080703] (mg400_description) StdoutLine: {'line': b'-- Up-to-date symlink: /root/ros2_ws/install/mg400_description/share/mg400_description/environment/path.dsv\n'}
[0.080873] (mg400_description) StdoutLine: {'line': b'-- Up-to-date symlink: /root/ros2_ws/install/mg400_description/share/mg400_description/local_setup.bash\n'}
[0.080986] (mg400_description) StdoutLine: {'line': b'-- Up-to-date symlink: /root/ros2_ws/install/mg400_description/share/mg400_description/local_setup.sh\n'}
[0.081186] (mg400_description) StdoutLine: {'line': b'-- Up-to-date symlink: /root/ros2_ws/install/mg400_description/share/mg400_description/local_setup.zsh\n'}
[0.081405] (mg400_description) StdoutLine: {'line': b'-- Up-to-date symlink: /root/ros2_ws/install/mg400_description/share/mg400_description/local_setup.dsv\n'}
[0.081500] (mg400_description) StdoutLine: {'line': b'-- Symlinking: /root/ros2_ws/install/mg400_description/share/mg400_description/package.dsv\n'}
[0.084950] (p9n_interface) CommandEnded: {'returncode': 0}
[0.085341] (mg400_msgs) StdoutLine: {'line': b'[  1%] Built target mg400_msgs__rs\n'}
[0.085601] (p9n_interface) JobProgress: {'identifier': 'p9n_interface', 'progress': 'install'}
[0.085925] (p9n_interface) Command: {'cmd': ['/usr/bin/cmake', '--install', '/root/ros2_ws/build/p9n_interface'], 'cwd': '/root/ros2_ws/build/p9n_interface', 'env': OrderedDict([('HOSTNAME', 'zzz-2404'), ('SHLVL', '1'), ('LD_LIBRARY_PATH', '/opt/ros/humble/opt/rviz_ogre_vendor/lib:/opt/ros/humble/lib/x86_64-linux-gnu:/opt/ros/humble/lib'), ('HOME', '/root'), ('OLDPWD', '/root/ros2_ws'), ('ROS_PYTHON_VERSION', '3'), ('ROS_DISTRO', 'humble'), ('_', '/usr/bin/colcon'), ('ROS_VERSION', '2'), ('TERM', 'xterm'), ('ROS_LOCALHOST_ONLY', '0'), ('PATH', '/opt/ros/humble/bin:/usr/local/sbin:/usr/local/bin:/usr/sbin:/usr/bin:/sbin:/bin'), ('LANG', 'C.UTF-8'), ('LS_COLORS', 'rs=0:di=01;34:ln=01;36:mh=00:pi=40;33:so=01;35:do=01;35:bd=40;33;01:cd=40;33;01:or=40;31;01:mi=00:su=37;41:sg=30;43:ca=30;41:tw=30;42:ow=34;42:st=37;44:ex=01;32:*.tar=01;31:*.tgz=01;31:*.arc=01;31:*.arj=01;31:*.taz=01;31:*.lha=01;31:*.lz4=01;31:*.lzh=01;31:*.lzma=01;31:*.tlz=01;31:*.txz=01;31:*.tzo=01;31:*.t7z=01;31:*.zip=01;31:*.z=01;31:*.dz=01;31:*.gz=01;31:*.lrz=01;31:*.lz=01;31:*.lzo=01;31:*.xz=01;31:*.zst=01;31:*.tzst=01;31:*.bz2=01;31:*.bz=01;31:*.tbz=01;31:*.tbz2=01;31:*.tz=01;31:*.deb=01;31:*.rpm=01;31:*.jar=01;31:*.war=01;31:*.ear=01;31:*.sar=01;31:*.rar=01;31:*.alz=01;31:*.ace=01;31:*.zoo=01;31:*.cpio=01;31:*.7z=01;31:*.rz=01;31:*.cab=01;31:*.wim=01;31:*.swm=01;31:*.dwm=01;31:*.esd=01;31:*.jpg=01;35:*.jpeg=01;35:*.mjpg=01;35:*.mjpeg=01;35:*.gif=01;35:*.bmp=01;35:*.pbm=01;35:*.pgm=01;35:*.ppm=01;35:*.tga=01;35:*.xbm=01;35:*.xpm=01;35:*.tif=01;35:*.tiff=01;35:*.png=01;35:*.svg=01;35:*.svgz=01;35:*.mng=01;35:*.pcx=01;35:*.mov=01;35:*.mpg=01;35:*.mpeg=01;35:*.m2v=01;35:*.mkv=01;35:*.webm=01;35:*.webp=01;35:*.ogm=01;35:*.mp4=01;35:*.m4v=01;35:*.mp4v=01;35:*.vob=01;35:*.qt=01;35:*.nuv=01;35:*.wmv=01;35:*.asf=01;35:*.rm=01;35:*.rmvb=01;35:*.flc=01;35:*.avi=01;35:*.fli=01;35:*.flv=01;35:*.gl=01;35:*.dl=01;35:*.xcf=01;35:*.xwd=01;35:*.yuv=01;35:*.cgm=01;35:*.emf=01;35:*.ogv=01;35:*.ogx=01;35:*.aac=00;36:*.au=00;36:*.flac=00;36:*.m4a=00;36:*.mid=00;36:*.midi=00;36:*.mka=00;36:*.mp3=00;36:*.mpc=00;36:*.ogg=00;36:*.ra=00;36:*.wav=00;36:*.oga=00;36:*.opus=00;36:*.spx=00;36:*.xspf=00;36:'), ('AMENT_PREFIX_PATH', '/opt/ros/humble'), ('PWD', '/root/ros2_ws/build/p9n_interface'), ('LC_ALL', 'C.UTF-8'), ('PYTHONPATH', '/opt/ros/humble/lib/python3.10/site-packages:/opt/ros/humble/local/lib/python3.10/dist-packages'), ('COLCON', '1'), ('CMAKE_PREFIX_PATH', '/opt/ros/humble')]), 'shell': False}
[0.090204] (mg400_msgs) StdoutLine: {'line': b'[  1%] Built target ament_cmake_python_symlink_mg400_msgs\n'}
[0.090432] (mg400_msgs) StdoutLine: {'line': b'[  1%] Built target mg400_msgs__cpp\n'}
[0.090588] (mg400_description) StdoutLine: {'line': b'-- Up-to-date symlink: /root/ros2_ws/install/mg400_description/share/ament_index/resource_index/packages/mg400_description\n'}
[0.090713] (mg400_description) StdoutLine: {'line': b'-- Up-to-date symlink: /root/ros2_ws/install/mg400_description/share/mg400_description/cmake/ament_cmake_export_dependencies-extras.cmake\n'}
[0.090857] (mg400_description) StdoutLine: {'line': b'-- Up-to-date symlink: /root/ros2_ws/install/mg400_description/share/mg400_description/cmake/mg400_descriptionConfig.cmake\n'}
[0.090986] (mg400_description) StdoutLine: {'line': b'-- Up-to-date symlink: /root/ros2_ws/install/mg400_description/share/mg400_description/cmake/mg400_descriptionConfig-version.cmake\n'}
[0.091154] (mg400_msgs) StdoutLine: {'line': b'\x1b[35m\x1b[1mConsolidate compiler generated dependencies of target mg400_msgs__rosidl_generator_c\x1b[0m\n'}
[0.091293] (mg400_description) StdoutLine: {'line': b'-- Up-to-date symlink: /root/ros2_ws/install/mg400_description/share/mg400_description/package.xml\n'}
[0.091397] (mg400_common) StdoutLine: {'line': b'[100%] Built target test_mg400_kinematics\n'}
[0.091486] (p9n_interface) StdoutLine: {'line': b'-- Install configuration: ""\n'}
[0.092037] (p9n_interface) StdoutLine: {'line': b'-- Execute custom install script\n'}
[0.092893] (mg400_description) CommandEnded: {'returncode': 0}
[0.093354] (p9n_interface) StdoutLine: {'line': b'-- Up-to-date symlink: /root/ros2_ws/install/p9n_interface/include/p9n_interface/hw_types.hpp\n'}
[0.093481] (p9n_interface) StdoutLine: {'line': b'-- Up-to-date symlink: /root/ros2_ws/install/p9n_interface/include/p9n_interface/p9n_interface.hpp\n'}
[0.093621] (p9n_interface) StdoutLine: {'line': b'-- Up-to-date symlink: /root/ros2_ws/install/p9n_interface/include/p9n_interface/ps3_dualshock3.hpp\n'}
[0.093744] (p9n_interface) StdoutLine: {'line': b'-- Up-to-date symlink: /root/ros2_ws/install/p9n_interface/include/p9n_interface/ps4_dualshock4.hpp\n'}
[0.093966] (p9n_interface) StdoutLine: {'line': b'-- Up-to-date symlink: /root/ros2_ws/install/p9n_interface/include/p9n_interface/ps5_dualsense.hpp\n'}
[0.094156] (p9n_interface) StdoutLine: {'line': b'-- Up-to-date symlink: /root/ros2_ws/install/p9n_interface/share/p9n_interface/environment/library_path.sh\n'}
[0.094497] (p9n_interface) StdoutLine: {'line': b'-- Up-to-date symlink: /root/ros2_ws/install/p9n_interface/share/p9n_interface/environment/library_path.dsv\n'}
[0.094832] (p9n_interface) StdoutLine: {'line': b'-- Up-to-date symlink: /root/ros2_ws/install/p9n_interface/lib/libp9n_interface.a\n'}
[0.095283] (p9n_interface) StdoutLine: {'line': b'-- Up-to-date symlink: /root/ros2_ws/install/p9n_interface/share/ament_index/resource_index/package_run_dependencies/p9n_interface\n'}
[0.095582] (p9n_interface) StdoutLine: {'line': b'-- Up-to-date symlink: /root/ros2_ws/install/p9n_interface/share/ament_index/resource_index/parent_prefix_path/p9n_interface\n'}
[0.095823] (p9n_interface) StdoutLine: {'line': b'-- Up-to-date symlink: /root/ros2_ws/install/p9n_interface/share/p9n_interface/environment/ament_prefix_path.sh\n'}
[0.096029] (p9n_interface) StdoutLine: {'line': b'-- Up-to-date symlink: /root/ros2_ws/install/p9n_interface/share/p9n_interface/environment/ament_prefix_path.dsv\n'}
[0.096247] (p9n_interface) StdoutLine: {'line': b'-- Up-to-date symlink: /root/ros2_ws/install/p9n_interface/share/p9n_interface/environment/path.sh\n'}
[0.096465] (p9n_interface) StdoutLine: {'line': b'-- Up-to-date symlink: /root/ros2_ws/install/p9n_interface/share/p9n_interface/environment/path.dsv\n'}
[0.096688] (p9n_interface) StdoutLine: {'line': b'-- Up-to-date symlink: /root/ros2_ws/install/p9n_interface/share/p9n_interface/local_setup.bash\n'}
[0.096967] (p9n_interface) StdoutLine: {'line': b'-- Up-to-date symlink: /root/ros2_ws/install/p9n_interface/share/p9n_interface/local_setup.sh\n'}
[0.097142] (p9n_interface) StdoutLine: {'line': b'-- Up-to-date symlink: /root/ros2_ws/install/p9n_interface/share/p9n_interface/local_setup.zsh\n'}
[0.097373] (p9n_interface) StdoutLine: {'line': b'-- Up-to-date symlink: /root/ros2_ws/install/p9n_interface/share/p9n_interface/local_setup.dsv\n'}
[0.097634] (p9n_interface) StdoutLine: {'line': b'-- Symlinking: /root/ros2_ws/install/p9n_interface/share/p9n_interface/package.dsv\n'}
[0.099822] (-) TimerEvent: {}
[0.106287] (p9n_interface) StdoutLine: {'line': b'-- Up-to-date symlink: /root/ros2_ws/install/p9n_interface/share/ament_index/resource_index/packages/p9n_interface\n'}
[0.107585] (p9n_interface) StdoutLine: {'line': b'-- Up-to-date symlink: /root/ros2_ws/install/p9n_interface/share/p9n_interface/cmake/ament_cmake_export_dependencies-extras.cmake\n'}
[0.107722] (p9n_interface) StdoutLine: {'line': b'-- Up-to-date symlink: /root/ros2_ws/install/p9n_interface/share/p9n_interface/cmake/ament_cmake_export_include_directories-extras.cmake\n'}
[0.107819] (p9n_interface) StdoutLine: {'line': b'-- Up-to-date symlink: /root/ros2_ws/install/p9n_interface/share/p9n_interface/cmake/ament_cmake_export_libraries-extras.cmake\n'}
[0.107997] (p9n_interface) StdoutLine: {'line': b'-- Up-to-date symlink: /root/ros2_ws/install/p9n_interface/share/p9n_interface/cmake/p9n_interfaceConfig.cmake\n'}
[0.108412] (p9n_interface) StdoutLine: {'line': b'-- Up-to-date symlink: /root/ros2_ws/install/p9n_interface/share/p9n_interface/cmake/p9n_interfaceConfig-version.cmake\n'}
[0.108479] (p9n_interface) StdoutLine: {'line': b'-- Up-to-date symlink: /root/ros2_ws/install/p9n_interface/share/p9n_interface/package.xml\n'}
[0.117194] (mg400_description) JobEnded: {'identifier': 'mg400_description', 'rc': 0}
[0.118200] (mg400_common) CommandEnded: {'returncode': 0}
[0.118410] (mg400_msgs) StdoutLine: {'line': b'\x1b[35m\x1b[1mConsolidate compiler generated dependencies of target mg400_msgs__rosidl_typesupport_cpp\x1b[0m\n'}
[0.118800] (mg400_common) JobProgress: {'identifier': 'mg400_common', 'progress': 'install'}
[0.119105] (mg400_common) Command: {'cmd': ['/usr/bin/cmake', '--install', '/root/ros2_ws/build/mg400_common'], 'cwd': '/root/ros2_ws/build/mg400_common', 'env': OrderedDict([('HOSTNAME', 'zzz-2404'), ('SHLVL', '1'), ('LD_LIBRARY_PATH', '/opt/ros/humble/opt/rviz_ogre_vendor/lib:/opt/ros/humble/lib/x86_64-linux-gnu:/opt/ros/humble/lib'), ('HOME', '/root'), ('OLDPWD', '/root/ros2_ws'), ('ROS_PYTHON_VERSION', '3'), ('ROS_DISTRO', 'humble'), ('_', '/usr/bin/colcon'), ('ROS_VERSION', '2'), ('TERM', 'xterm'), ('ROS_LOCALHOST_ONLY', '0'), ('PATH', '/opt/ros/humble/bin:/usr/local/sbin:/usr/local/bin:/usr/sbin:/usr/bin:/sbin:/bin'), ('LANG', 'C.UTF-8'), ('LS_COLORS', 'rs=0:di=01;34:ln=01;36:mh=00:pi=40;33:so=01;35:do=01;35:bd=40;33;01:cd=40;33;01:or=40;31;01:mi=00:su=37;41:sg=30;43:ca=30;41:tw=30;42:ow=34;42:st=37;44:ex=01;32:*.tar=01;31:*.tgz=01;31:*.arc=01;31:*.arj=01;31:*.taz=01;31:*.lha=01;31:*.lz4=01;31:*.lzh=01;31:*.lzma=01;31:*.tlz=01;31:*.txz=01;31:*.tzo=01;31:*.t7z=01;31:*.zip=01;31:*.z=01;31:*.dz=01;31:*.gz=01;31:*.lrz=01;31:*.lz=01;31:*.lzo=01;31:*.xz=01;31:*.zst=01;31:*.tzst=01;31:*.bz2=01;31:*.bz=01;31:*.tbz=01;31:*.tbz2=01;31:*.tz=01;31:*.deb=01;31:*.rpm=01;31:*.jar=01;31:*.war=01;31:*.ear=01;31:*.sar=01;31:*.rar=01;31:*.alz=01;31:*.ace=01;31:*.zoo=01;31:*.cpio=01;31:*.7z=01;31:*.rz=01;31:*.cab=01;31:*.wim=01;31:*.swm=01;31:*.dwm=01;31:*.esd=01;31:*.jpg=01;35:*.jpeg=01;35:*.mjpg=01;35:*.mjpeg=01;35:*.gif=01;35:*.bmp=01;35:*.pbm=01;35:*.pgm=01;35:*.ppm=01;35:*.tga=01;35:*.xbm=01;35:*.xpm=01;35:*.tif=01;35:*.tiff=01;35:*.png=01;35:*.svg=01;35:*.svgz=01;35:*.mng=01;35:*.pcx=01;35:*.mov=01;35:*.mpg=01;35:*.mpeg=01;35:*.m2v=01;35:*.mkv=01;35:*.webm=01;35:*.webp=01;35:*.ogm=01;35:*.mp4=01;35:*.m4v=01;35:*.mp4v=01;35:*.vob=01;35:*.qt=01;35:*.nuv=01;35:*.wmv=01;35:*.asf=01;35:*.rm=01;35:*.rmvb=01;35:*.flc=01;35:*.avi=01;35:*.fli=01;35:*.flv=01;35:*.gl=01;35:*.dl=01;35:*.xcf=01;35:*.xwd=01;35:*.yuv=01;35:*.cgm=01;35:*.emf=01;35:*.ogv=01;35:*.ogx=01;35:*.aac=00;36:*.au=00;36:*.flac=00;36:*.m4a=00;36:*.mid=00;36:*.midi=00;36:*.mka=00;36:*.mp3=00;36:*.mpc=00;36:*.ogg=00;36:*.ra=00;36:*.wav=00;36:*.oga=00;36:*.opus=00;36:*.spx=00;36:*.xspf=00;36:'), ('AMENT_PREFIX_PATH', '/opt/ros/humble'), ('PWD', '/root/ros2_ws/build/mg400_common'), ('LC_ALL', 'C.UTF-8'), ('PYTHONPATH', '/opt/ros/humble/lib/python3.10/site-packages:/opt/ros/humble/local/lib/python3.10/dist-packages'), ('COLCON', '1'), ('CMAKE_PREFIX_PATH', '/opt/ros/humble')]), 'shell': False}
[0.120063] (p9n_interface) CommandEnded: {'returncode': 0}
[0.120869] (mg400_msgs) StdoutLine: {'line': b'[ 13%] Built target mg400_msgs__rosidl_generator_c\n'}
[0.121594] (mg400_msgs) StdoutLine: {'line': b'\x1b[35m\x1b[1mConsolidate compiler generated dependencies of target mg400_msgs__rosidl_typesupport_fastrtps_cpp\x1b[0m\n'}
[0.122328] (mg400_msgs) StdoutLine: {'line': b'\x1b[35m\x1b[1mConsolidate compiler generated dependencies of target mg400_msgs__rosidl_typesupport_introspection_cpp\x1b[0m\n'}
[0.126693] (mg400_common) StdoutLine: {'line': b'-- Install configuration: ""\n'}
[0.127301] (mg400_common) StdoutLine: {'line': b'-- Execute custom install script\n'}
[0.127945] (mg400_common) StdoutLine: {'line': b'-- Up-to-date symlink: /root/ros2_ws/install/mg400_common/include/mg400_common/kinematics.hpp\n'}
[0.128081] (mg400_common) StdoutLine: {'line': b'-- Up-to-date symlink: /root/ros2_ws/install/mg400_common/include/mg400_common/mg400_ik_util.hpp\n'}
[0.128290] (mg400_common) StdoutLine: {'line': b'-- Up-to-date symlink: /root/ros2_ws/install/mg400_common/share/mg400_common/environment/library_path.sh\n'}
[0.128950] (mg400_common) StdoutLine: {'line': b'-- Up-to-date symlink: /root/ros2_ws/install/mg400_common/share/mg400_common/environment/library_path.dsv\n'}
[0.129573] (mg400_common) StdoutLine: {'line': b'-- Up-to-date symlink: /root/ros2_ws/install/mg400_common/lib/libmg400_common.so\n'}
[0.129743] (mg400_common) StdoutLine: {'line': b'-- Up-to-date symlink: /root/ros2_ws/install/mg400_common/share/ament_index/resource_index/package_run_dependencies/mg400_common\n'}
[0.129858] (mg400_common) StdoutLine: {'line': b'-- Up-to-date symlink: /root/ros2_ws/install/mg400_common/share/ament_index/resource_index/parent_prefix_path/mg400_common\n'}
[0.129955] (mg400_common) StdoutLine: {'line': b'-- Up-to-date symlink: /root/ros2_ws/install/mg400_common/share/mg400_common/environment/ament_prefix_path.sh\n'}
[0.130074] (mg400_common) StdoutLine: {'line': b'-- Up-to-date symlink: /root/ros2_ws/install/mg400_common/share/mg400_common/environment/ament_prefix_path.dsv\n'}
[0.130205] (mg400_common) StdoutLine: {'line': b'-- Up-to-date symlink: /root/ros2_ws/install/mg400_common/share/mg400_common/environment/path.sh\n'}
[0.130422] (mg400_common) StdoutLine: {'line': b'-- Up-to-date symlink: /root/ros2_ws/install/mg400_common/share/mg400_common/environment/path.dsv\n'}
[0.130723] (mg400_common) StdoutLine: {'line': b'-- Up-to-date symlink: /root/ros2_ws/install/mg400_common/share/mg400_common/local_setup.bash\n'}
[0.130880] (mg400_common) StdoutLine: {'line': b'-- Up-to-date symlink: /root/ros2_ws/install/mg400_common/share/mg400_common/local_setup.sh\n'}
[0.131021] (mg400_common) StdoutLine: {'line': b'-- Up-to-date symlink: /root/ros2_ws/install/mg400_common/share/mg400_common/local_setup.zsh\n'}
[0.131345] (mg400_common) StdoutLine: {'line': b'-- Up-to-date symlink: /root/ros2_ws/install/mg400_common/share/mg400_common/local_setup.dsv\n'}
[0.131479] (mg400_common) StdoutLine: {'line': b'-- Symlinking: /root/ros2_ws/install/mg400_common/share/mg400_common/package.dsv\n'}
[0.136424] (p9n_interface) JobEnded: {'identifier': 'p9n_interface', 'rc': 0}
[0.137399] (p9n_node) JobStarted: {'identifier': 'p9n_node'}
[0.139822] (p9n_example) JobStarted: {'identifier': 'p9n_example'}
[0.141579] (mg400_common) StdoutLine: {'line': b'-- Up-to-date symlink: /root/ros2_ws/install/mg400_common/share/ament_index/resource_index/packages/mg400_common\n'}
[0.141778] (mg400_common) StdoutLine: {'line': b'-- Up-to-date symlink: /root/ros2_ws/install/mg400_common/share/mg400_common/cmake/ament_cmake_export_include_directories-extras.cmake\n'}
[0.141965] (mg400_common) StdoutLine: {'line': b'-- Up-to-date symlink: /root/ros2_ws/install/mg400_common/share/mg400_common/cmake/ament_cmake_export_libraries-extras.cmake\n'}
[0.142144] (mg400_common) StdoutLine: {'line': b'-- Up-to-date symlink: /root/ros2_ws/install/mg400_common/share/mg400_common/cmake/mg400_commonConfig.cmake\n'}
[0.142280] (mg400_common) StdoutLine: {'line': b'-- Up-to-date symlink: /root/ros2_ws/install/mg400_common/share/mg400_common/cmake/mg400_commonConfig-version.cmake\n'}
[0.142441] (mg400_common) StdoutLine: {'line': b'-- Up-to-date symlink: /root/ros2_ws/install/mg400_common/share/mg400_common/package.xml\n'}
[0.142557] (mg400_msgs) StdoutLine: {'line': b'\x1b[35m\x1b[1mConsolidate compiler generated dependencies of target mg400_msgs__rosidl_typesupport_c\x1b[0m\n'}
[0.144224] (p9n_test) JobStarted: {'identifier': 'p9n_test'}
[0.146450] (mg400_msgs) StdoutLine: {'line': b'\x1b[35m\x1b[1mConsolidate compiler generated dependencies of target mg400_msgs__rosidl_typesupport_introspection_c\x1b[0m\n'}
[0.148533] (mg400_common) CommandEnded: {'returncode': 0}
[0.155251] (mg400_msgs) StdoutLine: {'line': b'\x1b[35m\x1b[1mConsolidate compiler generated dependencies of target mg400_msgs__rosidl_typesupport_fastrtps_c\x1b[0m\n'}
[0.162148] (mg400_common) JobEnded: {'identifier': 'mg400_common', 'rc': 0}
[0.162921] (p9n_node) JobProgress: {'identifier': 'p9n_node', 'progress': 'cmake'}
[0.163927] (p9n_node) JobProgress: {'identifier': 'p9n_node', 'progress': 'build'}
[0.164323] (p9n_node) Command: {'cmd': ['/usr/bin/cmake', '--build', '/root/ros2_ws/build/p9n_node', '--', '-j16', '-l16'], 'cwd': '/root/ros2_ws/build/p9n_node', 'env': OrderedDict([('HOSTNAME', 'zzz-2404'), ('SHLVL', '1'), ('LD_LIBRARY_PATH', '/root/ros2_ws/install/p9n_interface/lib:/opt/ros/humble/opt/rviz_ogre_vendor/lib:/opt/ros/humble/lib/x86_64-linux-gnu:/opt/ros/humble/lib'), ('HOME', '/root'), ('OLDPWD', '/root/ros2_ws'), ('ROS_PYTHON_VERSION', '3'), ('ROS_DISTRO', 'humble'), ('_', '/usr/bin/colcon'), ('ROS_VERSION', '2'), ('TERM', 'xterm'), ('ROS_LOCALHOST_ONLY', '0'), ('PATH', '/opt/ros/humble/bin:/usr/local/sbin:/usr/local/bin:/usr/sbin:/usr/bin:/sbin:/bin'), ('LANG', 'C.UTF-8'), ('LS_COLORS', 'rs=0:di=01;34:ln=01;36:mh=00:pi=40;33:so=01;35:do=01;35:bd=40;33;01:cd=40;33;01:or=40;31;01:mi=00:su=37;41:sg=30;43:ca=30;41:tw=30;42:ow=34;42:st=37;44:ex=01;32:*.tar=01;31:*.tgz=01;31:*.arc=01;31:*.arj=01;31:*.taz=01;31:*.lha=01;31:*.lz4=01;31:*.lzh=01;31:*.lzma=01;31:*.tlz=01;31:*.txz=01;31:*.tzo=01;31:*.t7z=01;31:*.zip=01;31:*.z=01;31:*.dz=01;31:*.gz=01;31:*.lrz=01;31:*.lz=01;31:*.lzo=01;31:*.xz=01;31:*.zst=01;31:*.tzst=01;31:*.bz2=01;31:*.bz=01;31:*.tbz=01;31:*.tbz2=01;31:*.tz=01;31:*.deb=01;31:*.rpm=01;31:*.jar=01;31:*.war=01;31:*.ear=01;31:*.sar=01;31:*.rar=01;31:*.alz=01;31:*.ace=01;31:*.zoo=01;31:*.cpio=01;31:*.7z=01;31:*.rz=01;31:*.cab=01;31:*.wim=01;31:*.swm=01;31:*.dwm=01;31:*.esd=01;31:*.jpg=01;35:*.jpeg=01;35:*.mjpg=01;35:*.mjpeg=01;35:*.gif=01;35:*.bmp=01;35:*.pbm=01;35:*.pgm=01;35:*.ppm=01;35:*.tga=01;35:*.xbm=01;35:*.xpm=01;35:*.tif=01;35:*.tiff=01;35:*.png=01;35:*.svg=01;35:*.svgz=01;35:*.mng=01;35:*.pcx=01;35:*.mov=01;35:*.mpg=01;35:*.mpeg=01;35:*.m2v=01;35:*.mkv=01;35:*.webm=01;35:*.webp=01;35:*.ogm=01;35:*.mp4=01;35:*.m4v=01;35:*.mp4v=01;35:*.vob=01;35:*.qt=01;35:*.nuv=01;35:*.wmv=01;35:*.asf=01;35:*.rm=01;35:*.rmvb=01;35:*.flc=01;35:*.avi=01;35:*.fli=01;35:*.flv=01;35:*.gl=01;35:*.dl=01;35:*.xcf=01;35:*.xwd=01;35:*.yuv=01;35:*.cgm=01;35:*.emf=01;35:*.ogv=01;35:*.ogx=01;35:*.aac=00;36:*.au=00;36:*.flac=00;36:*.m4a=00;36:*.mid=00;36:*.midi=00;36:*.mka=00;36:*.mp3=00;36:*.mpc=00;36:*.ogg=00;36:*.ra=00;36:*.wav=00;36:*.oga=00;36:*.opus=00;36:*.spx=00;36:*.xspf=00;36:'), ('AMENT_PREFIX_PATH', '/root/ros2_ws/install/p9n_interface:/opt/ros/humble'), ('PWD', '/root/ros2_ws/build/p9n_node'), ('LC_ALL', 'C.UTF-8'), ('PYTHONPATH', '/opt/ros/humble/lib/python3.10/site-packages:/opt/ros/humble/local/lib/python3.10/dist-packages'), ('COLCON', '1'), ('CMAKE_PREFIX_PATH', '/root/ros2_ws/install/p9n_interface:/opt/ros/humble')]), 'shell': False}
[0.165654] (p9n_example) JobProgress: {'identifier': 'p9n_example', 'progress': 'cmake'}
[0.166228] (p9n_example) JobProgress: {'identifier': 'p9n_example', 'progress': 'build'}
[0.166803] (p9n_example) Command: {'cmd': ['/usr/bin/cmake', '--build', '/root/ros2_ws/build/p9n_example', '--', '-j16', '-l16'], 'cwd': '/root/ros2_ws/build/p9n_example', 'env': OrderedDict([('HOSTNAME', 'zzz-2404'), ('SHLVL', '1'), ('LD_LIBRARY_PATH', '/root/ros2_ws/install/p9n_interface/lib:/opt/ros/humble/opt/rviz_ogre_vendor/lib:/opt/ros/humble/lib/x86_64-linux-gnu:/opt/ros/humble/lib'), ('HOME', '/root'), ('OLDPWD', '/root/ros2_ws'), ('ROS_PYTHON_VERSION', '3'), ('ROS_DISTRO', 'humble'), ('_', '/usr/bin/colcon'), ('ROS_VERSION', '2'), ('TERM', 'xterm'), ('ROS_LOCALHOST_ONLY', '0'), ('PATH', '/opt/ros/humble/bin:/usr/local/sbin:/usr/local/bin:/usr/sbin:/usr/bin:/sbin:/bin'), ('LANG', 'C.UTF-8'), ('LS_COLORS', 'rs=0:di=01;34:ln=01;36:mh=00:pi=40;33:so=01;35:do=01;35:bd=40;33;01:cd=40;33;01:or=40;31;01:mi=00:su=37;41:sg=30;43:ca=30;41:tw=30;42:ow=34;42:st=37;44:ex=01;32:*.tar=01;31:*.tgz=01;31:*.arc=01;31:*.arj=01;31:*.taz=01;31:*.lha=01;31:*.lz4=01;31:*.lzh=01;31:*.lzma=01;31:*.tlz=01;31:*.txz=01;31:*.tzo=01;31:*.t7z=01;31:*.zip=01;31:*.z=01;31:*.dz=01;31:*.gz=01;31:*.lrz=01;31:*.lz=01;31:*.lzo=01;31:*.xz=01;31:*.zst=01;31:*.tzst=01;31:*.bz2=01;31:*.bz=01;31:*.tbz=01;31:*.tbz2=01;31:*.tz=01;31:*.deb=01;31:*.rpm=01;31:*.jar=01;31:*.war=01;31:*.ear=01;31:*.sar=01;31:*.rar=01;31:*.alz=01;31:*.ace=01;31:*.zoo=01;31:*.cpio=01;31:*.7z=01;31:*.rz=01;31:*.cab=01;31:*.wim=01;31:*.swm=01;31:*.dwm=01;31:*.esd=01;31:*.jpg=01;35:*.jpeg=01;35:*.mjpg=01;35:*.mjpeg=01;35:*.gif=01;35:*.bmp=01;35:*.pbm=01;35:*.pgm=01;35:*.ppm=01;35:*.tga=01;35:*.xbm=01;35:*.xpm=01;35:*.tif=01;35:*.tiff=01;35:*.png=01;35:*.svg=01;35:*.svgz=01;35:*.mng=01;35:*.pcx=01;35:*.mov=01;35:*.mpg=01;35:*.mpeg=01;35:*.m2v=01;35:*.mkv=01;35:*.webm=01;35:*.webp=01;35:*.ogm=01;35:*.mp4=01;35:*.m4v=01;35:*.mp4v=01;35:*.vob=01;35:*.qt=01;35:*.nuv=01;35:*.wmv=01;35:*.asf=01;35:*.rm=01;35:*.rmvb=01;35:*.flc=01;35:*.avi=01;35:*.fli=01;35:*.flv=01;35:*.gl=01;35:*.dl=01;35:*.xcf=01;35:*.xwd=01;35:*.yuv=01;35:*.cgm=01;35:*.emf=01;35:*.ogv=01;35:*.ogx=01;35:*.aac=00;36:*.au=00;36:*.flac=00;36:*.m4a=00;36:*.mid=00;36:*.midi=00;36:*.mka=00;36:*.mp3=00;36:*.mpc=00;36:*.ogg=00;36:*.ra=00;36:*.wav=00;36:*.oga=00;36:*.opus=00;36:*.spx=00;36:*.xspf=00;36:'), ('AMENT_PREFIX_PATH', '/root/ros2_ws/install/p9n_interface:/opt/ros/humble'), ('PWD', '/root/ros2_ws/build/p9n_example'), ('LC_ALL', 'C.UTF-8'), ('PYTHONPATH', '/opt/ros/humble/lib/python3.10/site-packages:/opt/ros/humble/local/lib/python3.10/dist-packages'), ('COLCON', '1'), ('CMAKE_PREFIX_PATH', '/root/ros2_ws/install/p9n_interface:/opt/ros/humble')]), 'shell': False}
[0.169011] (mg400_msgs) StdoutLine: {'line': b'[ 25%] Built target mg400_msgs__rosidl_typesupport_cpp\n'}
[0.169134] (p9n_test) JobProgress: {'identifier': 'p9n_test', 'progress': 'cmake'}
[0.169444] (mg400_msgs) StdoutLine: {'line': b'[ 38%] Built target mg400_msgs__rosidl_typesupport_c\n'}
[0.170032] (p9n_test) JobProgress: {'identifier': 'p9n_test', 'progress': 'build'}
[0.170306] (p9n_test) Command: {'cmd': ['/usr/bin/cmake', '--build', '/root/ros2_ws/build/p9n_test', '--', '-j16', '-l16'], 'cwd': '/root/ros2_ws/build/p9n_test', 'env': OrderedDict([('HOSTNAME', 'zzz-2404'), ('SHLVL', '1'), ('LD_LIBRARY_PATH', '/root/ros2_ws/install/p9n_interface/lib:/opt/ros/humble/opt/rviz_ogre_vendor/lib:/opt/ros/humble/lib/x86_64-linux-gnu:/opt/ros/humble/lib'), ('HOME', '/root'), ('OLDPWD', '/root/ros2_ws'), ('ROS_PYTHON_VERSION', '3'), ('ROS_DISTRO', 'humble'), ('_', '/usr/bin/colcon'), ('ROS_VERSION', '2'), ('TERM', 'xterm'), ('ROS_LOCALHOST_ONLY', '0'), ('PATH', '/opt/ros/humble/bin:/usr/local/sbin:/usr/local/bin:/usr/sbin:/usr/bin:/sbin:/bin'), ('LANG', 'C.UTF-8'), ('LS_COLORS', 'rs=0:di=01;34:ln=01;36:mh=00:pi=40;33:so=01;35:do=01;35:bd=40;33;01:cd=40;33;01:or=40;31;01:mi=00:su=37;41:sg=30;43:ca=30;41:tw=30;42:ow=34;42:st=37;44:ex=01;32:*.tar=01;31:*.tgz=01;31:*.arc=01;31:*.arj=01;31:*.taz=01;31:*.lha=01;31:*.lz4=01;31:*.lzh=01;31:*.lzma=01;31:*.tlz=01;31:*.txz=01;31:*.tzo=01;31:*.t7z=01;31:*.zip=01;31:*.z=01;31:*.dz=01;31:*.gz=01;31:*.lrz=01;31:*.lz=01;31:*.lzo=01;31:*.xz=01;31:*.zst=01;31:*.tzst=01;31:*.bz2=01;31:*.bz=01;31:*.tbz=01;31:*.tbz2=01;31:*.tz=01;31:*.deb=01;31:*.rpm=01;31:*.jar=01;31:*.war=01;31:*.ear=01;31:*.sar=01;31:*.rar=01;31:*.alz=01;31:*.ace=01;31:*.zoo=01;31:*.cpio=01;31:*.7z=01;31:*.rz=01;31:*.cab=01;31:*.wim=01;31:*.swm=01;31:*.dwm=01;31:*.esd=01;31:*.jpg=01;35:*.jpeg=01;35:*.mjpg=01;35:*.mjpeg=01;35:*.gif=01;35:*.bmp=01;35:*.pbm=01;35:*.pgm=01;35:*.ppm=01;35:*.tga=01;35:*.xbm=01;35:*.xpm=01;35:*.tif=01;35:*.tiff=01;35:*.png=01;35:*.svg=01;35:*.svgz=01;35:*.mng=01;35:*.pcx=01;35:*.mov=01;35:*.mpg=01;35:*.mpeg=01;35:*.m2v=01;35:*.mkv=01;35:*.webm=01;35:*.webp=01;35:*.ogm=01;35:*.mp4=01;35:*.m4v=01;35:*.mp4v=01;35:*.vob=01;35:*.qt=01;35:*.nuv=01;35:*.wmv=01;35:*.asf=01;35:*.rm=01;35:*.rmvb=01;35:*.flc=01;35:*.avi=01;35:*.fli=01;35:*.flv=01;35:*.gl=01;35:*.dl=01;35:*.xcf=01;35:*.xwd=01;35:*.yuv=01;35:*.cgm=01;35:*.emf=01;35:*.ogv=01;35:*.ogx=01;35:*.aac=00;36:*.au=00;36:*.flac=00;36:*.m4a=00;36:*.mid=00;36:*.midi=00;36:*.mka=00;36:*.mp3=00;36:*.mpc=00;36:*.ogg=00;36:*.ra=00;36:*.wav=00;36:*.oga=00;36:*.opus=00;36:*.spx=00;36:*.xspf=00;36:'), ('AMENT_PREFIX_PATH', '/root/ros2_ws/install/p9n_interface:/opt/ros/humble'), ('PWD', '/root/ros2_ws/build/p9n_test'), ('LC_ALL', 'C.UTF-8'), ('PYTHONPATH', '/opt/ros/humble/lib/python3.10/site-packages:/opt/ros/humble/local/lib/python3.10/dist-packages'), ('COLCON', '1'), ('CMAKE_PREFIX_PATH', '/root/ros2_ws/install/p9n_interface:/opt/ros/humble')]), 'shell': False}
[0.175286] (mg400_msgs) StdoutLine: {'line': b'[ 50%] Built target mg400_msgs__rosidl_typesupport_introspection_cpp\n'}
[0.182208] (mg400_msgs) StdoutLine: {'line': b'[ 63%] Built target mg400_msgs__rosidl_typesupport_introspection_c\n'}
[0.184488] (mg400_msgs) StdoutLine: {'line': b'[ 75%] Built target mg400_msgs__rosidl_typesupport_fastrtps_cpp\n'}
[0.199927] (-) TimerEvent: {}
[0.207728] (p9n_node) StdoutLine: {'line': b'\x1b[35m\x1b[1mConsolidate compiler generated dependencies of target teleop_twist_joy_node_exec\x1b[0m\n'}
[0.207945] (p9n_example) StdoutLine: {'line': b'\x1b[35m\x1b[1mConsolidate compiler generated dependencies of target display_node_exec\x1b[0m\n'}
[0.208095] (p9n_node) StdoutLine: {'line': b'\x1b[35m\x1b[1mConsolidate compiler generated dependencies of target p9n_node_teleop_twist_joy_node\x1b[0m\n'}
[0.208163] (p9n_test) StdoutLine: {'line': b'\x1b[35m\x1b[1mConsolidate compiler generated dependencies of target p9n_test_node_exec\x1b[0m\n'}
[0.208259] (p9n_example) StdoutLine: {'line': b'\x1b[35m\x1b[1mConsolidate compiler generated dependencies of target display_node\x1b[0m\n'}
[0.208794] (p9n_test) StdoutLine: {'line': b'\x1b[35m\x1b[1mConsolidate compiler generated dependencies of target p9n_test_node\x1b[0m\n'}
[0.212996] (mg400_msgs) StdoutLine: {'line': b'[ 88%] Built target mg400_msgs__rosidl_typesupport_fastrtps_c\n'}
[0.226582] (p9n_node) StdoutLine: {'line': b'[ 50%] Built target teleop_twist_joy_node_exec\n'}
[0.226773] (p9n_test) StdoutLine: {'line': b'[ 40%] Built target p9n_test_node_exec\n'}
[0.226876] (p9n_example) StdoutLine: {'line': b'[100%] Built target display_node\n'}
[0.226963] (p9n_example) StdoutLine: {'line': b'[100%] Built target display_node_exec\n'}
[0.227065] (p9n_node) StdoutLine: {'line': b'[100%] Built target p9n_node_teleop_twist_joy_node\n'}
[0.231290] (p9n_test) StdoutLine: {'line': b'[100%] Built target p9n_test_node\n'}
[0.231890] (mg400_msgs) StdoutLine: {'line': b'[ 88%] Built target mg400_msgs\n'}
[0.235615] (p9n_example) CommandEnded: {'returncode': 0}
[0.236305] (p9n_example) JobProgress: {'identifier': 'p9n_example', 'progress': 'install'}
[0.236656] (p9n_example) Command: {'cmd': ['/usr/bin/cmake', '--install', '/root/ros2_ws/build/p9n_example'], 'cwd': '/root/ros2_ws/build/p9n_example', 'env': OrderedDict([('HOSTNAME', 'zzz-2404'), ('SHLVL', '1'), ('LD_LIBRARY_PATH', '/root/ros2_ws/install/p9n_interface/lib:/opt/ros/humble/opt/rviz_ogre_vendor/lib:/opt/ros/humble/lib/x86_64-linux-gnu:/opt/ros/humble/lib'), ('HOME', '/root'), ('OLDPWD', '/root/ros2_ws'), ('ROS_PYTHON_VERSION', '3'), ('ROS_DISTRO', 'humble'), ('_', '/usr/bin/colcon'), ('ROS_VERSION', '2'), ('TERM', 'xterm'), ('ROS_LOCALHOST_ONLY', '0'), ('PATH', '/opt/ros/humble/bin:/usr/local/sbin:/usr/local/bin:/usr/sbin:/usr/bin:/sbin:/bin'), ('LANG', 'C.UTF-8'), ('LS_COLORS', 'rs=0:di=01;34:ln=01;36:mh=00:pi=40;33:so=01;35:do=01;35:bd=40;33;01:cd=40;33;01:or=40;31;01:mi=00:su=37;41:sg=30;43:ca=30;41:tw=30;42:ow=34;42:st=37;44:ex=01;32:*.tar=01;31:*.tgz=01;31:*.arc=01;31:*.arj=01;31:*.taz=01;31:*.lha=01;31:*.lz4=01;31:*.lzh=01;31:*.lzma=01;31:*.tlz=01;31:*.txz=01;31:*.tzo=01;31:*.t7z=01;31:*.zip=01;31:*.z=01;31:*.dz=01;31:*.gz=01;31:*.lrz=01;31:*.lz=01;31:*.lzo=01;31:*.xz=01;31:*.zst=01;31:*.tzst=01;31:*.bz2=01;31:*.bz=01;31:*.tbz=01;31:*.tbz2=01;31:*.tz=01;31:*.deb=01;31:*.rpm=01;31:*.jar=01;31:*.war=01;31:*.ear=01;31:*.sar=01;31:*.rar=01;31:*.alz=01;31:*.ace=01;31:*.zoo=01;31:*.cpio=01;31:*.7z=01;31:*.rz=01;31:*.cab=01;31:*.wim=01;31:*.swm=01;31:*.dwm=01;31:*.esd=01;31:*.jpg=01;35:*.jpeg=01;35:*.mjpg=01;35:*.mjpeg=01;35:*.gif=01;35:*.bmp=01;35:*.pbm=01;35:*.pgm=01;35:*.ppm=01;35:*.tga=01;35:*.xbm=01;35:*.xpm=01;35:*.tif=01;35:*.tiff=01;35:*.png=01;35:*.svg=01;35:*.svgz=01;35:*.mng=01;35:*.pcx=01;35:*.mov=01;35:*.mpg=01;35:*.mpeg=01;35:*.m2v=01;35:*.mkv=01;35:*.webm=01;35:*.webp=01;35:*.ogm=01;35:*.mp4=01;35:*.m4v=01;35:*.mp4v=01;35:*.vob=01;35:*.qt=01;35:*.nuv=01;35:*.wmv=01;35:*.asf=01;35:*.rm=01;35:*.rmvb=01;35:*.flc=01;35:*.avi=01;35:*.fli=01;35:*.flv=01;35:*.gl=01;35:*.dl=01;35:*.xcf=01;35:*.xwd=01;35:*.yuv=01;35:*.cgm=01;35:*.emf=01;35:*.ogv=01;35:*.ogx=01;35:*.aac=00;36:*.au=00;36:*.flac=00;36:*.m4a=00;36:*.mid=00;36:*.midi=00;36:*.mka=00;36:*.mp3=00;36:*.mpc=00;36:*.ogg=00;36:*.ra=00;36:*.wav=00;36:*.oga=00;36:*.opus=00;36:*.spx=00;36:*.xspf=00;36:'), ('AMENT_PREFIX_PATH', '/root/ros2_ws/install/p9n_interface:/opt/ros/humble'), ('PWD', '/root/ros2_ws/build/p9n_example'), ('LC_ALL', 'C.UTF-8'), ('PYTHONPATH', '/opt/ros/humble/lib/python3.10/site-packages:/opt/ros/humble/local/lib/python3.10/dist-packages'), ('COLCON', '1'), ('CMAKE_PREFIX_PATH', '/root/ros2_ws/install/p9n_interface:/opt/ros/humble')]), 'shell': False}
[0.237855] (p9n_node) CommandEnded: {'returncode': 0}
[0.238492] (p9n_node) JobProgress: {'identifier': 'p9n_node', 'progress': 'install'}
[0.238927] (p9n_node) Command: {'cmd': ['/usr/bin/cmake', '--install', '/root/ros2_ws/build/p9n_node'], 'cwd': '/root/ros2_ws/build/p9n_node', 'env': OrderedDict([('HOSTNAME', 'zzz-2404'), ('SHLVL', '1'), ('LD_LIBRARY_PATH', '/root/ros2_ws/install/p9n_interface/lib:/opt/ros/humble/opt/rviz_ogre_vendor/lib:/opt/ros/humble/lib/x86_64-linux-gnu:/opt/ros/humble/lib'), ('HOME', '/root'), ('OLDPWD', '/root/ros2_ws'), ('ROS_PYTHON_VERSION', '3'), ('ROS_DISTRO', 'humble'), ('_', '/usr/bin/colcon'), ('ROS_VERSION', '2'), ('TERM', 'xterm'), ('ROS_LOCALHOST_ONLY', '0'), ('PATH', '/opt/ros/humble/bin:/usr/local/sbin:/usr/local/bin:/usr/sbin:/usr/bin:/sbin:/bin'), ('LANG', 'C.UTF-8'), ('LS_COLORS', 'rs=0:di=01;34:ln=01;36:mh=00:pi=40;33:so=01;35:do=01;35:bd=40;33;01:cd=40;33;01:or=40;31;01:mi=00:su=37;41:sg=30;43:ca=30;41:tw=30;42:ow=34;42:st=37;44:ex=01;32:*.tar=01;31:*.tgz=01;31:*.arc=01;31:*.arj=01;31:*.taz=01;31:*.lha=01;31:*.lz4=01;31:*.lzh=01;31:*.lzma=01;31:*.tlz=01;31:*.txz=01;31:*.tzo=01;31:*.t7z=01;31:*.zip=01;31:*.z=01;31:*.dz=01;31:*.gz=01;31:*.lrz=01;31:*.lz=01;31:*.lzo=01;31:*.xz=01;31:*.zst=01;31:*.tzst=01;31:*.bz2=01;31:*.bz=01;31:*.tbz=01;31:*.tbz2=01;31:*.tz=01;31:*.deb=01;31:*.rpm=01;31:*.jar=01;31:*.war=01;31:*.ear=01;31:*.sar=01;31:*.rar=01;31:*.alz=01;31:*.ace=01;31:*.zoo=01;31:*.cpio=01;31:*.7z=01;31:*.rz=01;31:*.cab=01;31:*.wim=01;31:*.swm=01;31:*.dwm=01;31:*.esd=01;31:*.jpg=01;35:*.jpeg=01;35:*.mjpg=01;35:*.mjpeg=01;35:*.gif=01;35:*.bmp=01;35:*.pbm=01;35:*.pgm=01;35:*.ppm=01;35:*.tga=01;35:*.xbm=01;35:*.xpm=01;35:*.tif=01;35:*.tiff=01;35:*.png=01;35:*.svg=01;35:*.svgz=01;35:*.mng=01;35:*.pcx=01;35:*.mov=01;35:*.mpg=01;35:*.mpeg=01;35:*.m2v=01;35:*.mkv=01;35:*.webm=01;35:*.webp=01;35:*.ogm=01;35:*.mp4=01;35:*.m4v=01;35:*.mp4v=01;35:*.vob=01;35:*.qt=01;35:*.nuv=01;35:*.wmv=01;35:*.asf=01;35:*.rm=01;35:*.rmvb=01;35:*.flc=01;35:*.avi=01;35:*.fli=01;35:*.flv=01;35:*.gl=01;35:*.dl=01;35:*.xcf=01;35:*.xwd=01;35:*.yuv=01;35:*.cgm=01;35:*.emf=01;35:*.ogv=01;35:*.ogx=01;35:*.aac=00;36:*.au=00;36:*.flac=00;36:*.m4a=00;36:*.mid=00;36:*.midi=00;36:*.mka=00;36:*.mp3=00;36:*.mpc=00;36:*.ogg=00;36:*.ra=00;36:*.wav=00;36:*.oga=00;36:*.opus=00;36:*.spx=00;36:*.xspf=00;36:'), ('AMENT_PREFIX_PATH', '/root/ros2_ws/install/p9n_interface:/opt/ros/humble'), ('PWD', '/root/ros2_ws/build/p9n_node'), ('LC_ALL', 'C.UTF-8'), ('PYTHONPATH', '/opt/ros/humble/lib/python3.10/site-packages:/opt/ros/humble/local/lib/python3.10/dist-packages'), ('COLCON', '1'), ('CMAKE_PREFIX_PATH', '/root/ros2_ws/install/p9n_interface:/opt/ros/humble')]), 'shell': False}
[0.241213] (p9n_test) CommandEnded: {'returncode': 0}
[0.241794] (p9n_test) JobProgress: {'identifier': 'p9n_test', 'progress': 'install'}
[0.241995] (p9n_test) Command: {'cmd': ['/usr/bin/cmake', '--install', '/root/ros2_ws/build/p9n_test'], 'cwd': '/root/ros2_ws/build/p9n_test', 'env': OrderedDict([('HOSTNAME', 'zzz-2404'), ('SHLVL', '1'), ('LD_LIBRARY_PATH', '/root/ros2_ws/install/p9n_interface/lib:/opt/ros/humble/opt/rviz_ogre_vendor/lib:/opt/ros/humble/lib/x86_64-linux-gnu:/opt/ros/humble/lib'), ('HOME', '/root'), ('OLDPWD', '/root/ros2_ws'), ('ROS_PYTHON_VERSION', '3'), ('ROS_DISTRO', 'humble'), ('_', '/usr/bin/colcon'), ('ROS_VERSION', '2'), ('TERM', 'xterm'), ('ROS_LOCALHOST_ONLY', '0'), ('PATH', '/opt/ros/humble/bin:/usr/local/sbin:/usr/local/bin:/usr/sbin:/usr/bin:/sbin:/bin'), ('LANG', 'C.UTF-8'), ('LS_COLORS', 'rs=0:di=01;34:ln=01;36:mh=00:pi=40;33:so=01;35:do=01;35:bd=40;33;01:cd=40;33;01:or=40;31;01:mi=00:su=37;41:sg=30;43:ca=30;41:tw=30;42:ow=34;42:st=37;44:ex=01;32:*.tar=01;31:*.tgz=01;31:*.arc=01;31:*.arj=01;31:*.taz=01;31:*.lha=01;31:*.lz4=01;31:*.lzh=01;31:*.lzma=01;31:*.tlz=01;31:*.txz=01;31:*.tzo=01;31:*.t7z=01;31:*.zip=01;31:*.z=01;31:*.dz=01;31:*.gz=01;31:*.lrz=01;31:*.lz=01;31:*.lzo=01;31:*.xz=01;31:*.zst=01;31:*.tzst=01;31:*.bz2=01;31:*.bz=01;31:*.tbz=01;31:*.tbz2=01;31:*.tz=01;31:*.deb=01;31:*.rpm=01;31:*.jar=01;31:*.war=01;31:*.ear=01;31:*.sar=01;31:*.rar=01;31:*.alz=01;31:*.ace=01;31:*.zoo=01;31:*.cpio=01;31:*.7z=01;31:*.rz=01;31:*.cab=01;31:*.wim=01;31:*.swm=01;31:*.dwm=01;31:*.esd=01;31:*.jpg=01;35:*.jpeg=01;35:*.mjpg=01;35:*.mjpeg=01;35:*.gif=01;35:*.bmp=01;35:*.pbm=01;35:*.pgm=01;35:*.ppm=01;35:*.tga=01;35:*.xbm=01;35:*.xpm=01;35:*.tif=01;35:*.tiff=01;35:*.png=01;35:*.svg=01;35:*.svgz=01;35:*.mng=01;35:*.pcx=01;35:*.mov=01;35:*.mpg=01;35:*.mpeg=01;35:*.m2v=01;35:*.mkv=01;35:*.webm=01;35:*.webp=01;35:*.ogm=01;35:*.mp4=01;35:*.m4v=01;35:*.mp4v=01;35:*.vob=01;35:*.qt=01;35:*.nuv=01;35:*.wmv=01;35:*.asf=01;35:*.rm=01;35:*.rmvb=01;35:*.flc=01;35:*.avi=01;35:*.fli=01;35:*.flv=01;35:*.gl=01;35:*.dl=01;35:*.xcf=01;35:*.xwd=01;35:*.yuv=01;35:*.cgm=01;35:*.emf=01;35:*.ogv=01;35:*.ogx=01;35:*.aac=00;36:*.au=00;36:*.flac=00;36:*.m4a=00;36:*.mid=00;36:*.midi=00;36:*.mka=00;36:*.mp3=00;36:*.mpc=00;36:*.ogg=00;36:*.ra=00;36:*.wav=00;36:*.oga=00;36:*.opus=00;36:*.spx=00;36:*.xspf=00;36:'), ('AMENT_PREFIX_PATH', '/root/ros2_ws/install/p9n_interface:/opt/ros/humble'), ('PWD', '/root/ros2_ws/build/p9n_test'), ('LC_ALL', 'C.UTF-8'), ('PYTHONPATH', '/opt/ros/humble/lib/python3.10/site-packages:/opt/ros/humble/local/lib/python3.10/dist-packages'), ('COLCON', '1'), ('CMAKE_PREFIX_PATH', '/root/ros2_ws/install/p9n_interface:/opt/ros/humble')]), 'shell': False}
[0.243154] (p9n_example) StdoutLine: {'line': b'-- Install configuration: ""\n'}
[0.243611] (p9n_example) StdoutLine: {'line': b'-- Execute custom install script\n'}
[0.243954] (p9n_example) StdoutLine: {'line': b'-- Up-to-date symlink: /root/ros2_ws/install/p9n_example/lib/p9n_example/display_node_exec\n'}
[0.244526] (p9n_example) StdoutLine: {'line': b'-- Up-to-date symlink: /root/ros2_ws/install/p9n_example/include/p9n_example/display_node.hpp\n'}
[0.244757] (p9n_example) StdoutLine: {'line': b'-- Up-to-date symlink: /root/ros2_ws/install/p9n_example/share/p9n_example/environment/library_path.sh\n'}
[0.244959] (p9n_example) StdoutLine: {'line': b'-- Up-to-date symlink: /root/ros2_ws/install/p9n_example/share/p9n_example/environment/library_path.dsv\n'}
[0.245207] (p9n_example) StdoutLine: {'line': b'-- Up-to-date symlink: /root/ros2_ws/install/p9n_example/lib/libdisplay_node.so\n'}
[0.245332] (p9n_node) StdoutLine: {'line': b'-- Install configuration: ""\n'}
[0.245763] (p9n_example) StdoutLine: {'line': b'-- Up-to-date symlink: /root/ros2_ws/install/p9n_example/share/p9n_example/launch/display.launch.py\n'}
[0.245894] (p9n_node) StdoutLine: {'line': b'-- Execute custom install script\n'}
[0.246042] (p9n_example) StdoutLine: {'line': b'-- Up-to-date symlink: /root/ros2_ws/install/p9n_example/share/ament_index/resource_index/package_run_dependencies/p9n_example\n'}
[0.246253] (p9n_example) StdoutLine: {'line': b'-- Up-to-date symlink: /root/ros2_ws/install/p9n_example/share/ament_index/resource_index/parent_prefix_path/p9n_example\n'}
[0.246387] (p9n_node) StdoutLine: {'line': b'-- Up-to-date symlink: /root/ros2_ws/install/p9n_node/lib/p9n_node/teleop_twist_joy_node_exec\n'}
[0.246467] (p9n_example) StdoutLine: {'line': b'-- Up-to-date symlink: /root/ros2_ws/install/p9n_example/share/p9n_example/environment/ament_prefix_path.sh\n'}
[0.246653] (p9n_example) StdoutLine: {'line': b'-- Up-to-date symlink: /root/ros2_ws/install/p9n_example/share/p9n_example/environment/ament_prefix_path.dsv\n'}
[0.246886] (p9n_example) StdoutLine: {'line': b'-- Up-to-date symlink: /root/ros2_ws/install/p9n_example/share/p9n_example/environment/path.sh\n'}
[0.247005] (p9n_node) StdoutLine: {'line': b'-- Up-to-date symlink: /root/ros2_ws/install/p9n_node/include/p9n_node/teleop_twist_joy_node.hpp\n'}
[0.247096] (p9n_example) StdoutLine: {'line': b'-- Up-to-date symlink: /root/ros2_ws/install/p9n_example/share/p9n_example/environment/path.dsv\n'}
[0.247218] (p9n_node) StdoutLine: {'line': b'-- Up-to-date symlink: /root/ros2_ws/install/p9n_node/share/p9n_node/environment/library_path.sh\n'}
[0.247297] (p9n_example) StdoutLine: {'line': b'-- Up-to-date symlink: /root/ros2_ws/install/p9n_example/share/p9n_example/local_setup.bash\n'}
[0.247416] (p9n_node) StdoutLine: {'line': b'-- Up-to-date symlink: /root/ros2_ws/install/p9n_node/share/p9n_node/environment/library_path.dsv\n'}
[0.247489] (p9n_example) StdoutLine: {'line': b'-- Up-to-date symlink: /root/ros2_ws/install/p9n_example/share/p9n_example/local_setup.sh\n'}
[0.247634] (p9n_example) StdoutLine: {'line': b'-- Up-to-date symlink: /root/ros2_ws/install/p9n_example/share/p9n_example/local_setup.zsh\n'}
[0.247748] (p9n_node) StdoutLine: {'line': b'-- Up-to-date symlink: /root/ros2_ws/install/p9n_node/lib/libp9n_node_teleop_twist_joy_node.so\n'}
[0.247829] (p9n_example) StdoutLine: {'line': b'-- Up-to-date symlink: /root/ros2_ws/install/p9n_example/share/p9n_example/local_setup.dsv\n'}
[0.247911] (p9n_example) StdoutLine: {'line': b'-- Symlinking: /root/ros2_ws/install/p9n_example/share/p9n_example/package.dsv\n'}
[0.248096] (p9n_node) StdoutLine: {'line': b'-- Up-to-date symlink: /root/ros2_ws/install/p9n_node/share/ament_index/resource_index/package_run_dependencies/p9n_node\n'}
[0.248313] (p9n_node) StdoutLine: {'line': b'-- Up-to-date symlink: /root/ros2_ws/install/p9n_node/share/ament_index/resource_index/parent_prefix_path/p9n_node\n'}
[0.248536] (p9n_node) StdoutLine: {'line': b'-- Up-to-date symlink: /root/ros2_ws/install/p9n_node/share/p9n_node/environment/ament_prefix_path.sh\n'}
[0.248752] (p9n_node) StdoutLine: {'line': b'-- Up-to-date symlink: /root/ros2_ws/install/p9n_node/share/p9n_node/environment/ament_prefix_path.dsv\n'}
[0.248974] (p9n_node) StdoutLine: {'line': b'-- Up-to-date symlink: /root/ros2_ws/install/p9n_node/share/p9n_node/environment/path.sh\n'}
[0.249111] (p9n_test) StdoutLine: {'line': b'-- Install configuration: ""\n'}
[0.249216] (p9n_node) StdoutLine: {'line': b'-- Up-to-date symlink: /root/ros2_ws/install/p9n_node/share/p9n_node/environment/path.dsv\n'}
[0.249387] (p9n_node) StdoutLine: {'line': b'-- Up-to-date symlink: /root/ros2_ws/install/p9n_node/share/p9n_node/local_setup.bash\n'}
[0.249563] (p9n_node) StdoutLine: {'line': b'-- Up-to-date symlink: /root/ros2_ws/install/p9n_node/share/p9n_node/local_setup.sh\n'}
[0.249761] (p9n_node) StdoutLine: {'line': b'-- Up-to-date symlink: /root/ros2_ws/install/p9n_node/share/p9n_node/local_setup.zsh\n'}
[0.249874] (p9n_test) StdoutLine: {'line': b'-- Execute custom install script\n'}
[0.249971] (p9n_node) StdoutLine: {'line': b'-- Up-to-date symlink: /root/ros2_ws/install/p9n_node/share/p9n_node/local_setup.dsv\n'}
[0.250071] (p9n_node) StdoutLine: {'line': b'-- Symlinking: /root/ros2_ws/install/p9n_node/share/p9n_node/package.dsv\n'}
[0.250263] (p9n_test) StdoutLine: {'line': b'-- Up-to-date symlink: /root/ros2_ws/install/p9n_test/lib/p9n_test/p9n_test_node_exec\n'}
[0.250965] (p9n_test) StdoutLine: {'line': b'-- Up-to-date symlink: /root/ros2_ws/install/p9n_test/include/p9n_test/p9n_test_node.hpp\n'}
[0.251187] (p9n_test) StdoutLine: {'line': b'-- Up-to-date symlink: /root/ros2_ws/install/p9n_test/include/p9n_test/workflow_handler.hpp\n'}
[0.251491] (p9n_test) StdoutLine: {'line': b'-- Up-to-date symlink: /root/ros2_ws/install/p9n_test/share/p9n_test/environment/library_path.sh\n'}
[0.251772] (p9n_test) StdoutLine: {'line': b'-- Up-to-date symlink: /root/ros2_ws/install/p9n_test/share/p9n_test/environment/library_path.dsv\n'}
[0.252140] (p9n_test) StdoutLine: {'line': b'-- Up-to-date symlink: /root/ros2_ws/install/p9n_test/lib/libp9n_test_node.so\n'}
[0.252841] (p9n_test) StdoutLine: {'line': b'-- Up-to-date symlink: /root/ros2_ws/install/p9n_test/share/p9n_test/launch/test.launch.py\n'}
[0.253143] (p9n_test) StdoutLine: {'line': b'-- Up-to-date symlink: /root/ros2_ws/install/p9n_test/share/ament_index/resource_index/package_run_dependencies/p9n_test\n'}
[0.253439] (p9n_test) StdoutLine: {'line': b'-- Up-to-date symlink: /root/ros2_ws/install/p9n_test/share/ament_index/resource_index/parent_prefix_path/p9n_test\n'}
[0.253774] (p9n_test) StdoutLine: {'line': b'-- Up-to-date symlink: /root/ros2_ws/install/p9n_test/share/p9n_test/environment/ament_prefix_path.sh\n'}
[0.254032] (p9n_test) StdoutLine: {'line': b'-- Up-to-date symlink: /root/ros2_ws/install/p9n_test/share/p9n_test/environment/ament_prefix_path.dsv\n'}
[0.254313] (p9n_test) StdoutLine: {'line': b'-- Up-to-date symlink: /root/ros2_ws/install/p9n_test/share/p9n_test/environment/path.sh\n'}
[0.254519] (mg400_msgs) StdoutLine: {'line': b'[ 88%] Built target mg400_msgs__py\n'}
[0.254604] (p9n_test) StdoutLine: {'line': b'-- Up-to-date symlink: /root/ros2_ws/install/p9n_test/share/p9n_test/environment/path.dsv\n'}
[0.254843] (p9n_test) StdoutLine: {'line': b'-- Up-to-date symlink: /root/ros2_ws/install/p9n_test/share/p9n_test/local_setup.bash\n'}
[0.255098] (p9n_test) StdoutLine: {'line': b'-- Up-to-date symlink: /root/ros2_ws/install/p9n_test/share/p9n_test/local_setup.sh\n'}
[0.255376] (p9n_test) StdoutLine: {'line': b'-- Up-to-date symlink: /root/ros2_ws/install/p9n_test/share/p9n_test/local_setup.zsh\n'}
[0.255615] (p9n_test) StdoutLine: {'line': b'-- Up-to-date symlink: /root/ros2_ws/install/p9n_test/share/p9n_test/local_setup.dsv\n'}
[0.255749] (p9n_test) StdoutLine: {'line': b'-- Symlinking: /root/ros2_ws/install/p9n_test/share/p9n_test/package.dsv\n'}
[0.255832] (p9n_example) StdoutLine: {'line': b'-- Up-to-date symlink: /root/ros2_ws/install/p9n_example/share/ament_index/resource_index/packages/p9n_example\n'}
[0.256130] (p9n_example) StdoutLine: {'line': b'-- Up-to-date symlink: /root/ros2_ws/install/p9n_example/share/ament_index/resource_index/rclcpp_components/p9n_example\n'}
[0.256359] (p9n_example) StdoutLine: {'line': b'-- Up-to-date symlink: /root/ros2_ws/install/p9n_example/share/p9n_example/cmake/ament_cmake_export_dependencies-extras.cmake\n'}
[0.256576] (p9n_example) StdoutLine: {'line': b'-- Up-to-date symlink: /root/ros2_ws/install/p9n_example/share/p9n_example/cmake/ament_cmake_export_include_directories-extras.cmake\n'}
[0.256785] (p9n_example) StdoutLine: {'line': b'-- Up-to-date symlink: /root/ros2_ws/install/p9n_example/share/p9n_example/cmake/ament_cmake_export_libraries-extras.cmake\n'}
[0.256992] (p9n_example) StdoutLine: {'line': b'-- Up-to-date symlink: /root/ros2_ws/install/p9n_example/share/p9n_example/cmake/p9n_exampleConfig.cmake\n'}
[0.257163] (p9n_example) StdoutLine: {'line': b'-- Up-to-date symlink: /root/ros2_ws/install/p9n_example/share/p9n_example/cmake/p9n_exampleConfig-version.cmake\n'}
[0.257369] (p9n_example) StdoutLine: {'line': b'-- Up-to-date symlink: /root/ros2_ws/install/p9n_example/share/p9n_example/package.xml\n'}
[0.257804] (p9n_node) StdoutLine: {'line': b'-- Up-to-date symlink: /root/ros2_ws/install/p9n_node/share/ament_index/resource_index/packages/p9n_node\n'}
[0.258082] (p9n_node) StdoutLine: {'line': b'-- Up-to-date symlink: /root/ros2_ws/install/p9n_node/share/ament_index/resource_index/rclcpp_components/p9n_node\n'}
[0.258361] (p9n_node) StdoutLine: {'line': b'-- Up-to-date symlink: /root/ros2_ws/install/p9n_node/share/p9n_node/cmake/ament_cmake_export_dependencies-extras.cmake\n'}
[0.258641] (p9n_node) StdoutLine: {'line': b'-- Up-to-date symlink: /root/ros2_ws/install/p9n_node/share/p9n_node/cmake/ament_cmake_export_include_directories-extras.cmake\n'}
[0.258914] (p9n_node) StdoutLine: {'line': b'-- Up-to-date symlink: /root/ros2_ws/install/p9n_node/share/p9n_node/cmake/ament_cmake_export_libraries-extras.cmake\n'}
[0.259105] (p9n_node) StdoutLine: {'line': b'-- Up-to-date symlink: /root/ros2_ws/install/p9n_node/share/p9n_node/cmake/p9n_nodeConfig.cmake\n'}
[0.259904] (p9n_example) CommandEnded: {'returncode': 0}
[0.260125] (p9n_node) StdoutLine: {'line': b'-- Up-to-date symlink: /root/ros2_ws/install/p9n_node/share/p9n_node/cmake/p9n_nodeConfig-version.cmake\n'}
[0.260183] (p9n_node) StdoutLine: {'line': b'-- Up-to-date symlink: /root/ros2_ws/install/p9n_node/share/p9n_node/package.xml\n'}
[0.264290] (p9n_test) StdoutLine: {'line': b'-- Up-to-date symlink: /root/ros2_ws/install/p9n_test/share/ament_index/resource_index/packages/p9n_test\n'}
[0.264479] (p9n_test) StdoutLine: {'line': b'-- Up-to-date symlink: /root/ros2_ws/install/p9n_test/share/ament_index/resource_index/rclcpp_components/p9n_test\n'}
[0.264700] (p9n_test) StdoutLine: {'line': b'-- Up-to-date symlink: /root/ros2_ws/install/p9n_test/share/p9n_test/cmake/ament_cmake_export_dependencies-extras.cmake\n'}
[0.265062] (p9n_test) StdoutLine: {'line': b'-- Up-to-date symlink: /root/ros2_ws/install/p9n_test/share/p9n_test/cmake/ament_cmake_export_include_directories-extras.cmake\n'}
[0.265781] (p9n_test) StdoutLine: {'line': b'-- Up-to-date symlink: /root/ros2_ws/install/p9n_test/share/p9n_test/cmake/ament_cmake_export_libraries-extras.cmake\n'}
[0.265879] (p9n_test) StdoutLine: {'line': b'-- Up-to-date symlink: /root/ros2_ws/install/p9n_test/share/p9n_test/cmake/p9n_testConfig.cmake\n'}
[0.265945] (p9n_test) StdoutLine: {'line': b'-- Up-to-date symlink: /root/ros2_ws/install/p9n_test/share/p9n_test/cmake/p9n_testConfig-version.cmake\n'}
[0.266007] (p9n_test) StdoutLine: {'line': b'-- Up-to-date symlink: /root/ros2_ws/install/p9n_test/share/p9n_test/package.xml\n'}
[0.273972] (p9n_example) JobEnded: {'identifier': 'p9n_example', 'rc': 0}
[0.275128] (p9n_node) CommandEnded: {'returncode': 0}
[0.275386] (mg400_msgs) StdoutLine: {'line': b'running egg_info\n'}
[0.275812] (mg400_msgs) StdoutLine: {'line': b'writing mg400_msgs.egg-info/PKG-INFO\n'}
[0.276013] (mg400_msgs) StdoutLine: {'line': b'writing dependency_links to mg400_msgs.egg-info/dependency_links.txt\n'}
[0.276219] (mg400_msgs) StdoutLine: {'line': b'writing top-level names to mg400_msgs.egg-info/top_level.txt\n'}
[0.278776] (mg400_msgs) StdoutLine: {'line': b"reading manifest file 'mg400_msgs.egg-info/SOURCES.txt'\n"}
[0.279743] (mg400_msgs) StdoutLine: {'line': b"writing manifest file 'mg400_msgs.egg-info/SOURCES.txt'\n"}
[0.280791] (mg400_msgs) StdoutLine: {'line': b'\x1b[35m\x1b[1mConsolidate compiler generated dependencies of target mg400_msgs__rosidl_generator_py\x1b[0m\n'}
[0.289327] (p9n_node) JobEnded: {'identifier': 'p9n_node', 'rc': 0}
[0.290376] (p9n_bringup) JobStarted: {'identifier': 'p9n_bringup'}
[0.294628] (p9n_test) CommandEnded: {'returncode': 0}
[0.299953] (-) TimerEvent: {}
[0.304927] (mg400_msgs) StdoutLine: {'line': b'[ 88%] Built target ament_cmake_python_build_mg400_msgs_egg\n'}
[0.309825] (p9n_test) JobEnded: {'identifier': 'p9n_test', 'rc': 0}
[0.337575] (mg400_msgs) StdoutLine: {'line': b'[100%] Built target mg400_msgs__rosidl_generator_py\n'}
[0.347718] (mg400_msgs) StdoutLine: {'line': b'\x1b[35m\x1b[1mConsolidate compiler generated dependencies of target mg400_msgs__rosidl_typesupport_c__pyext\x1b[0m\n'}
[0.348458] (mg400_msgs) StdoutLine: {'line': b'\x1b[35m\x1b[1mConsolidate compiler generated dependencies of target mg400_msgs__rosidl_typesupport_introspection_c__pyext\x1b[0m\n'}
[0.348657] (mg400_msgs) StdoutLine: {'line': b'\x1b[35m\x1b[1mConsolidate compiler generated dependencies of target mg400_msgs__rosidl_typesupport_fastrtps_c__pyext\x1b[0m\n'}
[0.362104] (mg400_msgs) StdoutLine: {'line': b'[100%] Built target mg400_msgs__rosidl_typesupport_fastrtps_c__pyext\n'}
[0.362431] (mg400_msgs) StdoutLine: {'line': b'[100%] Built target mg400_msgs__rosidl_typesupport_introspection_c__pyext\n'}
[0.362549] (mg400_msgs) StdoutLine: {'line': b'[100%] Built target mg400_msgs__rosidl_typesupport_c__pyext\n'}
[0.400054] (-) TimerEvent: {}
[0.488010] (mg400_msgs) CommandEnded: {'returncode': 0}
[0.488844] (mg400_msgs) JobProgress: {'identifier': 'mg400_msgs', 'progress': 'install'}
[0.489141] (mg400_msgs) Command: {'cmd': ['/usr/bin/cmake', '--install', '/root/ros2_ws/build/mg400_msgs'], 'cwd': '/root/ros2_ws/build/mg400_msgs', 'env': OrderedDict([('HOSTNAME', 'zzz-2404'), ('SHLVL', '1'), ('LD_LIBRARY_PATH', '/opt/ros/humble/opt/rviz_ogre_vendor/lib:/opt/ros/humble/lib/x86_64-linux-gnu:/opt/ros/humble/lib'), ('HOME', '/root'), ('OLDPWD', '/root/ros2_ws'), ('ROS_PYTHON_VERSION', '3'), ('ROS_DISTRO', 'humble'), ('_', '/usr/bin/colcon'), ('ROS_VERSION', '2'), ('TERM', 'xterm'), ('ROS_LOCALHOST_ONLY', '0'), ('PATH', '/opt/ros/humble/bin:/usr/local/sbin:/usr/local/bin:/usr/sbin:/usr/bin:/sbin:/bin'), ('LANG', 'C.UTF-8'), ('LS_COLORS', 'rs=0:di=01;34:ln=01;36:mh=00:pi=40;33:so=01;35:do=01;35:bd=40;33;01:cd=40;33;01:or=40;31;01:mi=00:su=37;41:sg=30;43:ca=30;41:tw=30;42:ow=34;42:st=37;44:ex=01;32:*.tar=01;31:*.tgz=01;31:*.arc=01;31:*.arj=01;31:*.taz=01;31:*.lha=01;31:*.lz4=01;31:*.lzh=01;31:*.lzma=01;31:*.tlz=01;31:*.txz=01;31:*.tzo=01;31:*.t7z=01;31:*.zip=01;31:*.z=01;31:*.dz=01;31:*.gz=01;31:*.lrz=01;31:*.lz=01;31:*.lzo=01;31:*.xz=01;31:*.zst=01;31:*.tzst=01;31:*.bz2=01;31:*.bz=01;31:*.tbz=01;31:*.tbz2=01;31:*.tz=01;31:*.deb=01;31:*.rpm=01;31:*.jar=01;31:*.war=01;31:*.ear=01;31:*.sar=01;31:*.rar=01;31:*.alz=01;31:*.ace=01;31:*.zoo=01;31:*.cpio=01;31:*.7z=01;31:*.rz=01;31:*.cab=01;31:*.wim=01;31:*.swm=01;31:*.dwm=01;31:*.esd=01;31:*.jpg=01;35:*.jpeg=01;35:*.mjpg=01;35:*.mjpeg=01;35:*.gif=01;35:*.bmp=01;35:*.pbm=01;35:*.pgm=01;35:*.ppm=01;35:*.tga=01;35:*.xbm=01;35:*.xpm=01;35:*.tif=01;35:*.tiff=01;35:*.png=01;35:*.svg=01;35:*.svgz=01;35:*.mng=01;35:*.pcx=01;35:*.mov=01;35:*.mpg=01;35:*.mpeg=01;35:*.m2v=01;35:*.mkv=01;35:*.webm=01;35:*.webp=01;35:*.ogm=01;35:*.mp4=01;35:*.m4v=01;35:*.mp4v=01;35:*.vob=01;35:*.qt=01;35:*.nuv=01;35:*.wmv=01;35:*.asf=01;35:*.rm=01;35:*.rmvb=01;35:*.flc=01;35:*.avi=01;35:*.fli=01;35:*.flv=01;35:*.gl=01;35:*.dl=01;35:*.xcf=01;35:*.xwd=01;35:*.yuv=01;35:*.cgm=01;35:*.emf=01;35:*.ogv=01;35:*.ogx=01;35:*.aac=00;36:*.au=00;36:*.flac=00;36:*.m4a=00;36:*.mid=00;36:*.midi=00;36:*.mka=00;36:*.mp3=00;36:*.mpc=00;36:*.ogg=00;36:*.ra=00;36:*.wav=00;36:*.oga=00;36:*.opus=00;36:*.spx=00;36:*.xspf=00;36:'), ('AMENT_PREFIX_PATH', '/opt/ros/humble'), ('PWD', '/root/ros2_ws/build/mg400_msgs'), ('LC_ALL', 'C.UTF-8'), ('PYTHONPATH', '/opt/ros/humble/lib/python3.10/site-packages:/opt/ros/humble/local/lib/python3.10/dist-packages'), ('COLCON', '1'), ('CMAKE_PREFIX_PATH', '/opt/ros/humble')]), 'shell': False}
[0.495970] (mg400_msgs) StdoutLine: {'line': b'-- Install configuration: ""\n'}
[0.497007] (mg400_msgs) StdoutLine: {'line': b'-- Execute custom install script\n'}
[0.497255] (mg400_msgs) StdoutLine: {'line': b'-- Up-to-date symlink: /root/ros2_ws/install/mg400_msgs/share/ament_index/resource_index/rosidl_interfaces/mg400_msgs\n'}
[0.500130] (-) TimerEvent: {}
[0.500642] (mg400_msgs) StdoutLine: {'line': b'-- Up-to-date symlink: /root/ros2_ws/install/mg400_msgs/include/mg400_msgs/mg400_msgs/action/command_queue.h\n'}
[0.500934] (mg400_msgs) StdoutLine: {'line': b'-- Up-to-date symlink: /root/ros2_ws/install/mg400_msgs/include/mg400_msgs/mg400_msgs/action/detail/command_queue__functions.h\n'}
[0.501291] (mg400_msgs) StdoutLine: {'line': b'-- Up-to-date symlink: /root/ros2_ws/install/mg400_msgs/include/mg400_msgs/mg400_msgs/action/detail/command_queue__struct.h\n'}
[0.501688] (mg400_msgs) StdoutLine: {'line': b'-- Up-to-date symlink: /root/ros2_ws/install/mg400_msgs/include/mg400_msgs/mg400_msgs/action/detail/command_queue__type_support.h\n'}
[0.502059] (mg400_msgs) StdoutLine: {'line': b'-- Up-to-date symlink: /root/ros2_ws/install/mg400_msgs/include/mg400_msgs/mg400_msgs/action/detail/joint_mov_j__functions.h\n'}
[0.502315] (mg400_msgs) StdoutLine: {'line': b'-- Up-to-date symlink: /root/ros2_ws/install/mg400_msgs/include/mg400_msgs/mg400_msgs/action/detail/joint_mov_j__struct.h\n'}
[0.502513] (mg400_msgs) StdoutLine: {'line': b'-- Up-to-date symlink: /root/ros2_ws/install/mg400_msgs/include/mg400_msgs/mg400_msgs/action/detail/joint_mov_j__type_support.h\n'}
[0.502724] (mg400_msgs) StdoutLine: {'line': b'-- Up-to-date symlink: /root/ros2_ws/install/mg400_msgs/include/mg400_msgs/mg400_msgs/action/detail/mov_j__functions.h\n'}
[0.502919] (mg400_msgs) StdoutLine: {'line': b'-- Up-to-date symlink: /root/ros2_ws/install/mg400_msgs/include/mg400_msgs/mg400_msgs/action/detail/mov_j__struct.h\n'}
[0.503118] (mg400_msgs) StdoutLine: {'line': b'-- Up-to-date symlink: /root/ros2_ws/install/mg400_msgs/include/mg400_msgs/mg400_msgs/action/detail/mov_j__type_support.h\n'}
[0.503301] (mg400_msgs) StdoutLine: {'line': b'-- Up-to-date symlink: /root/ros2_ws/install/mg400_msgs/include/mg400_msgs/mg400_msgs/action/detail/mov_jio__functions.h\n'}
[0.503434] (mg400_msgs) StdoutLine: {'line': b'-- Up-to-date symlink: /root/ros2_ws/install/mg400_msgs/include/mg400_msgs/mg400_msgs/action/detail/mov_jio__struct.h\n'}
[0.503583] (mg400_msgs) StdoutLine: {'line': b'-- Up-to-date symlink: /root/ros2_ws/install/mg400_msgs/include/mg400_msgs/mg400_msgs/action/detail/mov_jio__type_support.h\n'}
[0.503742] (mg400_msgs) StdoutLine: {'line': b'-- Up-to-date symlink: /root/ros2_ws/install/mg400_msgs/include/mg400_msgs/mg400_msgs/action/detail/mov_l__functions.h\n'}
[0.503877] (mg400_msgs) StdoutLine: {'line': b'-- Up-to-date symlink: /root/ros2_ws/install/mg400_msgs/include/mg400_msgs/mg400_msgs/action/detail/mov_l__struct.h\n'}
[0.504008] (mg400_msgs) StdoutLine: {'line': b'-- Up-to-date symlink: /root/ros2_ws/install/mg400_msgs/include/mg400_msgs/mg400_msgs/action/detail/mov_l__type_support.h\n'}
[0.504142] (mg400_msgs) StdoutLine: {'line': b'-- Up-to-date symlink: /root/ros2_ws/install/mg400_msgs/include/mg400_msgs/mg400_msgs/action/detail/mov_lio__functions.h\n'}
[0.504280] (mg400_msgs) StdoutLine: {'line': b'-- Up-to-date symlink: /root/ros2_ws/install/mg400_msgs/include/mg400_msgs/mg400_msgs/action/detail/mov_lio__struct.h\n'}
[0.504458] (mg400_msgs) StdoutLine: {'line': b'-- Up-to-date symlink: /root/ros2_ws/install/mg400_msgs/include/mg400_msgs/mg400_msgs/action/detail/mov_lio__type_support.h\n'}
[0.504636] (mg400_msgs) StdoutLine: {'line': b'-- Up-to-date symlink: /root/ros2_ws/install/mg400_msgs/include/mg400_msgs/mg400_msgs/action/joint_mov_j.h\n'}
[0.504831] (mg400_msgs) StdoutLine: {'line': b'-- Up-to-date symlink: /root/ros2_ws/install/mg400_msgs/include/mg400_msgs/mg400_msgs/action/mov_j.h\n'}
[0.505010] (mg400_msgs) StdoutLine: {'line': b'-- Up-to-date symlink: /root/ros2_ws/install/mg400_msgs/include/mg400_msgs/mg400_msgs/action/mov_jio.h\n'}
[0.505146] (mg400_msgs) StdoutLine: {'line': b'-- Up-to-date symlink: /root/ros2_ws/install/mg400_msgs/include/mg400_msgs/mg400_msgs/action/mov_l.h\n'}
[0.505272] (mg400_msgs) StdoutLine: {'line': b'-- Up-to-date symlink: /root/ros2_ws/install/mg400_msgs/include/mg400_msgs/mg400_msgs/action/mov_lio.h\n'}
[0.505403] (mg400_msgs) StdoutLine: {'line': b'-- Up-to-date symlink: /root/ros2_ws/install/mg400_msgs/include/mg400_msgs/mg400_msgs/msg/arch.h\n'}
[0.505536] (mg400_msgs) StdoutLine: {'line': b'-- Up-to-date symlink: /root/ros2_ws/install/mg400_msgs/include/mg400_msgs/mg400_msgs/msg/collision_level.h\n'}
[0.505711] (mg400_msgs) StdoutLine: {'line': b'-- Up-to-date symlink: /root/ros2_ws/install/mg400_msgs/include/mg400_msgs/mg400_msgs/msg/command.h\n'}
[0.505898] (mg400_msgs) StdoutLine: {'line': b'-- Up-to-date symlink: /root/ros2_ws/install/mg400_msgs/include/mg400_msgs/mg400_msgs/msg/detail/arch__functions.h\n'}
[0.506077] (mg400_msgs) StdoutLine: {'line': b'-- Up-to-date symlink: /root/ros2_ws/install/mg400_msgs/include/mg400_msgs/mg400_msgs/msg/detail/arch__struct.h\n'}
[0.506258] (mg400_msgs) StdoutLine: {'line': b'-- Up-to-date symlink: /root/ros2_ws/install/mg400_msgs/include/mg400_msgs/mg400_msgs/msg/detail/arch__type_support.h\n'}
[0.506404] (mg400_msgs) StdoutLine: {'line': b'-- Up-to-date symlink: /root/ros2_ws/install/mg400_msgs/include/mg400_msgs/mg400_msgs/msg/detail/collision_level__functions.h\n'}
[0.506536] (mg400_msgs) StdoutLine: {'line': b'-- Up-to-date symlink: /root/ros2_ws/install/mg400_msgs/include/mg400_msgs/mg400_msgs/msg/detail/collision_level__struct.h\n'}
[0.506685] (mg400_msgs) StdoutLine: {'line': b'-- Up-to-date symlink: /root/ros2_ws/install/mg400_msgs/include/mg400_msgs/mg400_msgs/msg/detail/collision_level__type_support.h\n'}
[0.506833] (mg400_msgs) StdoutLine: {'line': b'-- Up-to-date symlink: /root/ros2_ws/install/mg400_msgs/include/mg400_msgs/mg400_msgs/msg/detail/command__functions.h\n'}
[0.506968] (mg400_msgs) StdoutLine: {'line': b'-- Up-to-date symlink: /root/ros2_ws/install/mg400_msgs/include/mg400_msgs/mg400_msgs/msg/detail/command__struct.h\n'}
[0.507102] (mg400_msgs) StdoutLine: {'line': b'-- Up-to-date symlink: /root/ros2_ws/install/mg400_msgs/include/mg400_msgs/mg400_msgs/msg/detail/command__type_support.h\n'}
[0.507242] (mg400_msgs) StdoutLine: {'line': b'-- Up-to-date symlink: /root/ros2_ws/install/mg400_msgs/include/mg400_msgs/mg400_msgs/msg/detail/di_index__functions.h\n'}
[0.507380] (mg400_msgs) StdoutLine: {'line': b'-- Up-to-date symlink: /root/ros2_ws/install/mg400_msgs/include/mg400_msgs/mg400_msgs/msg/detail/di_index__struct.h\n'}
[0.507517] (mg400_msgs) StdoutLine: {'line': b'-- Up-to-date symlink: /root/ros2_ws/install/mg400_msgs/include/mg400_msgs/mg400_msgs/msg/detail/di_index__type_support.h\n'}
[0.507656] (mg400_msgs) StdoutLine: {'line': b'-- Up-to-date symlink: /root/ros2_ws/install/mg400_msgs/include/mg400_msgs/mg400_msgs/msg/detail/distance_mode__functions.h\n'}
[0.507800] (mg400_msgs) StdoutLine: {'line': b'-- Up-to-date symlink: /root/ros2_ws/install/mg400_msgs/include/mg400_msgs/mg400_msgs/msg/detail/distance_mode__struct.h\n'}
[0.507985] (mg400_msgs) StdoutLine: {'line': b'-- Up-to-date symlink: /root/ros2_ws/install/mg400_msgs/include/mg400_msgs/mg400_msgs/msg/detail/distance_mode__type_support.h\n'}
[0.508188] (mg400_msgs) StdoutLine: {'line': b'-- Up-to-date symlink: /root/ros2_ws/install/mg400_msgs/include/mg400_msgs/mg400_msgs/msg/detail/do_index__functions.h\n'}
[0.508368] (mg400_msgs) StdoutLine: {'line': b'-- Up-to-date symlink: /root/ros2_ws/install/mg400_msgs/include/mg400_msgs/mg400_msgs/msg/detail/do_index__struct.h\n'}
[0.508557] (mg400_msgs) StdoutLine: {'line': b'-- Up-to-date symlink: /root/ros2_ws/install/mg400_msgs/include/mg400_msgs/mg400_msgs/msg/detail/do_index__type_support.h\n'}
[0.508733] (mg400_msgs) StdoutLine: {'line': b'-- Up-to-date symlink: /root/ros2_ws/install/mg400_msgs/include/mg400_msgs/mg400_msgs/msg/detail/do_status__functions.h\n'}
[0.508914] (mg400_msgs) StdoutLine: {'line': b'-- Up-to-date symlink: /root/ros2_ws/install/mg400_msgs/include/mg400_msgs/mg400_msgs/msg/detail/do_status__struct.h\n'}
[0.509104] (mg400_msgs) StdoutLine: {'line': b'-- Up-to-date symlink: /root/ros2_ws/install/mg400_msgs/include/mg400_msgs/mg400_msgs/msg/detail/do_status__type_support.h\n'}
[0.509253] (mg400_msgs) StdoutLine: {'line': b'-- Up-to-date symlink: /root/ros2_ws/install/mg400_msgs/include/mg400_msgs/mg400_msgs/msg/detail/error_id__functions.h\n'}
[0.509393] (mg400_msgs) StdoutLine: {'line': b'-- Up-to-date symlink: /root/ros2_ws/install/mg400_msgs/include/mg400_msgs/mg400_msgs/msg/detail/error_id__struct.h\n'}
[0.509531] (mg400_msgs) StdoutLine: {'line': b'-- Up-to-date symlink: /root/ros2_ws/install/mg400_msgs/include/mg400_msgs/mg400_msgs/msg/detail/error_id__type_support.h\n'}
[0.509664] (mg400_msgs) StdoutLine: {'line': b'-- Up-to-date symlink: /root/ros2_ws/install/mg400_msgs/include/mg400_msgs/mg400_msgs/msg/detail/id_array__functions.h\n'}
[0.509835] (mg400_msgs) StdoutLine: {'line': b'-- Up-to-date symlink: /root/ros2_ws/install/mg400_msgs/include/mg400_msgs/mg400_msgs/msg/detail/id_array__struct.h\n'}
[0.510141] (mg400_msgs) StdoutLine: {'line': b'-- Up-to-date symlink: /root/ros2_ws/install/mg400_msgs/include/mg400_msgs/mg400_msgs/msg/detail/id_array__type_support.h\n'}
[0.510420] (mg400_msgs) StdoutLine: {'line': b'-- Up-to-date symlink: /root/ros2_ws/install/mg400_msgs/include/mg400_msgs/mg400_msgs/msg/detail/joint_mov_j__functions.h\n'}
[0.510610] (mg400_msgs) StdoutLine: {'line': b'-- Up-to-date symlink: /root/ros2_ws/install/mg400_msgs/include/mg400_msgs/mg400_msgs/msg/detail/joint_mov_j__struct.h\n'}
[0.510763] (mg400_msgs) StdoutLine: {'line': b'-- Up-to-date symlink: /root/ros2_ws/install/mg400_msgs/include/mg400_msgs/mg400_msgs/msg/detail/joint_mov_j__type_support.h\n'}
[0.510936] (mg400_msgs) StdoutLine: {'line': b'-- Up-to-date symlink: /root/ros2_ws/install/mg400_msgs/include/mg400_msgs/mg400_msgs/msg/detail/mov_j__functions.h\n'}
[0.511111] (mg400_msgs) StdoutLine: {'line': b'-- Up-to-date symlink: /root/ros2_ws/install/mg400_msgs/include/mg400_msgs/mg400_msgs/msg/detail/mov_j__struct.h\n'}
[0.511304] (mg400_msgs) StdoutLine: {'line': b'-- Up-to-date symlink: /root/ros2_ws/install/mg400_msgs/include/mg400_msgs/mg400_msgs/msg/detail/mov_j__type_support.h\n'}
[0.511458] (mg400_msgs) StdoutLine: {'line': b'-- Up-to-date symlink: /root/ros2_ws/install/mg400_msgs/include/mg400_msgs/mg400_msgs/msg/detail/mov_jio__functions.h\n'}
[0.511596] (mg400_msgs) StdoutLine: {'line': b'-- Up-to-date symlink: /root/ros2_ws/install/mg400_msgs/include/mg400_msgs/mg400_msgs/msg/detail/mov_jio__struct.h\n'}
[0.511746] (mg400_msgs) StdoutLine: {'line': b'-- Up-to-date symlink: /root/ros2_ws/install/mg400_msgs/include/mg400_msgs/mg400_msgs/msg/detail/mov_jio__type_support.h\n'}
[0.511895] (mg400_msgs) StdoutLine: {'line': b'-- Up-to-date symlink: /root/ros2_ws/install/mg400_msgs/include/mg400_msgs/mg400_msgs/msg/detail/mov_l__functions.h\n'}
[0.512037] (mg400_msgs) StdoutLine: {'line': b'-- Up-to-date symlink: /root/ros2_ws/install/mg400_msgs/include/mg400_msgs/mg400_msgs/msg/detail/mov_l__struct.h\n'}
[0.512174] (mg400_msgs) StdoutLine: {'line': b'-- Up-to-date symlink: /root/ros2_ws/install/mg400_msgs/include/mg400_msgs/mg400_msgs/msg/detail/mov_l__type_support.h\n'}
[0.512314] (mg400_msgs) StdoutLine: {'line': b'-- Up-to-date symlink: /root/ros2_ws/install/mg400_msgs/include/mg400_msgs/mg400_msgs/msg/detail/mov_lio__functions.h\n'}
[0.512454] (mg400_msgs) StdoutLine: {'line': b'-- Up-to-date symlink: /root/ros2_ws/install/mg400_msgs/include/mg400_msgs/mg400_msgs/msg/detail/mov_lio__struct.h\n'}
[0.512591] (mg400_msgs) StdoutLine: {'line': b'-- Up-to-date symlink: /root/ros2_ws/install/mg400_msgs/include/mg400_msgs/mg400_msgs/msg/detail/mov_lio__type_support.h\n'}
[0.512739] (mg400_msgs) StdoutLine: {'line': b'-- Up-to-date symlink: /root/ros2_ws/install/mg400_msgs/include/mg400_msgs/mg400_msgs/msg/detail/move_jog__functions.h\n'}
[0.512886] (mg400_msgs) StdoutLine: {'line': b'-- Up-to-date symlink: /root/ros2_ws/install/mg400_msgs/include/mg400_msgs/mg400_msgs/msg/detail/move_jog__struct.h\n'}
[0.513032] (mg400_msgs) StdoutLine: {'line': b'-- Up-to-date symlink: /root/ros2_ws/install/mg400_msgs/include/mg400_msgs/mg400_msgs/msg/detail/move_jog__type_support.h\n'}
[0.513172] (mg400_msgs) StdoutLine: {'line': b'-- Up-to-date symlink: /root/ros2_ws/install/mg400_msgs/include/mg400_msgs/mg400_msgs/msg/detail/robot_mode__functions.h\n'}
[0.513358] (mg400_msgs) StdoutLine: {'line': b'-- Up-to-date symlink: /root/ros2_ws/install/mg400_msgs/include/mg400_msgs/mg400_msgs/msg/detail/robot_mode__struct.h\n'}
[0.513497] (mg400_msgs) StdoutLine: {'line': b'-- Up-to-date symlink: /root/ros2_ws/install/mg400_msgs/include/mg400_msgs/mg400_msgs/msg/detail/robot_mode__type_support.h\n'}
[0.513638] (mg400_msgs) StdoutLine: {'line': b'-- Up-to-date symlink: /root/ros2_ws/install/mg400_msgs/include/mg400_msgs/mg400_msgs/msg/detail/tool__functions.h\n'}
[0.513779] (mg400_msgs) StdoutLine: {'line': b'-- Up-to-date symlink: /root/ros2_ws/install/mg400_msgs/include/mg400_msgs/mg400_msgs/msg/detail/tool__struct.h\n'}
[0.513919] (mg400_msgs) StdoutLine: {'line': b'-- Up-to-date symlink: /root/ros2_ws/install/mg400_msgs/include/mg400_msgs/mg400_msgs/msg/detail/tool__type_support.h\n'}
[0.514065] (mg400_msgs) StdoutLine: {'line': b'-- Up-to-date symlink: /root/ros2_ws/install/mg400_msgs/include/mg400_msgs/mg400_msgs/msg/detail/tool_di_index__functions.h\n'}
[0.514214] (mg400_msgs) StdoutLine: {'line': b'-- Up-to-date symlink: /root/ros2_ws/install/mg400_msgs/include/mg400_msgs/mg400_msgs/msg/detail/tool_di_index__struct.h\n'}
[0.514359] (mg400_msgs) StdoutLine: {'line': b'-- Up-to-date symlink: /root/ros2_ws/install/mg400_msgs/include/mg400_msgs/mg400_msgs/msg/detail/tool_di_index__type_support.h\n'}
[0.514497] (mg400_msgs) StdoutLine: {'line': b'-- Up-to-date symlink: /root/ros2_ws/install/mg400_msgs/include/mg400_msgs/mg400_msgs/msg/detail/tool_do_index__functions.h\n'}
[0.514636] (mg400_msgs) StdoutLine: {'line': b'-- Up-to-date symlink: /root/ros2_ws/install/mg400_msgs/include/mg400_msgs/mg400_msgs/msg/detail/tool_do_index__struct.h\n'}
[0.514832] (mg400_msgs) StdoutLine: {'line': b'-- Up-to-date symlink: /root/ros2_ws/install/mg400_msgs/include/mg400_msgs/mg400_msgs/msg/detail/tool_do_index__type_support.h\n'}
[0.514975] (mg400_msgs) StdoutLine: {'line': b'-- Up-to-date symlink: /root/ros2_ws/install/mg400_msgs/include/mg400_msgs/mg400_msgs/msg/detail/user__functions.h\n'}
[0.515120] (mg400_msgs) StdoutLine: {'line': b'-- Up-to-date symlink: /root/ros2_ws/install/mg400_msgs/include/mg400_msgs/mg400_msgs/msg/detail/user__struct.h\n'}
[0.515251] (mg400_msgs) StdoutLine: {'line': b'-- Up-to-date symlink: /root/ros2_ws/install/mg400_msgs/include/mg400_msgs/mg400_msgs/msg/detail/user__type_support.h\n'}
[0.515396] (mg400_msgs) StdoutLine: {'line': b'-- Up-to-date symlink: /root/ros2_ws/install/mg400_msgs/include/mg400_msgs/mg400_msgs/msg/di_index.h\n'}
[0.515528] (mg400_msgs) StdoutLine: {'line': b'-- Up-to-date symlink: /root/ros2_ws/install/mg400_msgs/include/mg400_msgs/mg400_msgs/msg/distance_mode.h\n'}
[0.515665] (mg400_msgs) StdoutLine: {'line': b'-- Up-to-date symlink: /root/ros2_ws/install/mg400_msgs/include/mg400_msgs/mg400_msgs/msg/do_index.h\n'}
[0.515818] (mg400_msgs) StdoutLine: {'line': b'-- Up-to-date symlink: /root/ros2_ws/install/mg400_msgs/include/mg400_msgs/mg400_msgs/msg/do_status.h\n'}
[0.515955] (mg400_msgs) StdoutLine: {'line': b'-- Up-to-date symlink: /root/ros2_ws/install/mg400_msgs/include/mg400_msgs/mg400_msgs/msg/error_id.h\n'}
[0.516099] (mg400_msgs) StdoutLine: {'line': b'-- Up-to-date symlink: /root/ros2_ws/install/mg400_msgs/include/mg400_msgs/mg400_msgs/msg/id_array.h\n'}
[0.516242] (mg400_msgs) StdoutLine: {'line': b'-- Up-to-date symlink: /root/ros2_ws/install/mg400_msgs/include/mg400_msgs/mg400_msgs/msg/joint_mov_j.h\n'}
[0.516381] (mg400_msgs) StdoutLine: {'line': b'-- Up-to-date symlink: /root/ros2_ws/install/mg400_msgs/include/mg400_msgs/mg400_msgs/msg/mov_j.h\n'}
[0.516528] (mg400_msgs) StdoutLine: {'line': b'-- Up-to-date symlink: /root/ros2_ws/install/mg400_msgs/include/mg400_msgs/mg400_msgs/msg/mov_jio.h\n'}
[0.516661] (mg400_msgs) StdoutLine: {'line': b'-- Up-to-date symlink: /root/ros2_ws/install/mg400_msgs/include/mg400_msgs/mg400_msgs/msg/mov_l.h\n'}
[0.516842] (mg400_msgs) StdoutLine: {'line': b'-- Up-to-date symlink: /root/ros2_ws/install/mg400_msgs/include/mg400_msgs/mg400_msgs/msg/mov_lio.h\n'}
[0.516978] (mg400_msgs) StdoutLine: {'line': b'-- Up-to-date symlink: /root/ros2_ws/install/mg400_msgs/include/mg400_msgs/mg400_msgs/msg/move_jog.h\n'}
[0.517113] (mg400_msgs) StdoutLine: {'line': b'-- Up-to-date symlink: /root/ros2_ws/install/mg400_msgs/include/mg400_msgs/mg400_msgs/msg/robot_mode.h\n'}
[0.517249] (mg400_msgs) StdoutLine: {'line': b'-- Up-to-date symlink: /root/ros2_ws/install/mg400_msgs/include/mg400_msgs/mg400_msgs/msg/rosidl_generator_c__visibility_control.h\n'}
[0.517388] (mg400_msgs) StdoutLine: {'line': b'-- Up-to-date symlink: /root/ros2_ws/install/mg400_msgs/include/mg400_msgs/mg400_msgs/msg/tool.h\n'}
[0.517524] (mg400_msgs) StdoutLine: {'line': b'-- Up-to-date symlink: /root/ros2_ws/install/mg400_msgs/include/mg400_msgs/mg400_msgs/msg/tool_di_index.h\n'}
[0.517659] (mg400_msgs) StdoutLine: {'line': b'-- Up-to-date symlink: /root/ros2_ws/install/mg400_msgs/include/mg400_msgs/mg400_msgs/msg/tool_do_index.h\n'}
[0.517844] (mg400_msgs) StdoutLine: {'line': b'-- Up-to-date symlink: /root/ros2_ws/install/mg400_msgs/include/mg400_msgs/mg400_msgs/msg/user.h\n'}
[0.517987] (mg400_msgs) StdoutLine: {'line': b'-- Up-to-date symlink: /root/ros2_ws/install/mg400_msgs/include/mg400_msgs/mg400_msgs/srv/acc_j.h\n'}
[0.518128] (mg400_msgs) StdoutLine: {'line': b'-- Up-to-date symlink: /root/ros2_ws/install/mg400_msgs/include/mg400_msgs/mg400_msgs/srv/acc_l.h\n'}
[0.518264] (mg400_msgs) StdoutLine: {'line': b'-- Up-to-date symlink: /root/ros2_ws/install/mg400_msgs/include/mg400_msgs/mg400_msgs/srv/arch.h\n'}
[0.518401] (mg400_msgs) StdoutLine: {'line': b'-- Up-to-date symlink: /root/ros2_ws/install/mg400_msgs/include/mg400_msgs/mg400_msgs/srv/clear_error.h\n'}
[0.518538] (mg400_msgs) StdoutLine: {'line': b'-- Up-to-date symlink: /root/ros2_ws/install/mg400_msgs/include/mg400_msgs/mg400_msgs/srv/cp.h\n'}
[0.518690] (mg400_msgs) StdoutLine: {'line': b'-- Up-to-date symlink: /root/ros2_ws/install/mg400_msgs/include/mg400_msgs/mg400_msgs/srv/detail/acc_j__functions.h\n'}
[0.518985] (mg400_msgs) StdoutLine: {'line': b'-- Up-to-date symlink: /root/ros2_ws/install/mg400_msgs/include/mg400_msgs/mg400_msgs/srv/detail/acc_j__struct.h\n'}
[0.519306] (mg400_msgs) StdoutLine: {'line': b'-- Up-to-date symlink: /root/ros2_ws/install/mg400_msgs/include/mg400_msgs/mg400_msgs/srv/detail/acc_j__type_support.h\n'}
[0.519743] (mg400_msgs) StdoutLine: {'line': b'-- Up-to-date symlink: /root/ros2_ws/install/mg400_msgs/include/mg400_msgs/mg400_msgs/srv/detail/acc_l__functions.h\n'}
[0.520018] (mg400_msgs) StdoutLine: {'line': b'-- Up-to-date symlink: /root/ros2_ws/install/mg400_msgs/include/mg400_msgs/mg400_msgs/srv/detail/acc_l__struct.h\n'}
[0.520172] (mg400_msgs) StdoutLine: {'line': b'-- Up-to-date symlink: /root/ros2_ws/install/mg400_msgs/include/mg400_msgs/mg400_msgs/srv/detail/acc_l__type_support.h\n'}
[0.520334] (mg400_msgs) StdoutLine: {'line': b'-- Up-to-date symlink: /root/ros2_ws/install/mg400_msgs/include/mg400_msgs/mg400_msgs/srv/detail/arch__functions.h\n'}
[0.520486] (mg400_msgs) StdoutLine: {'line': b'-- Up-to-date symlink: /root/ros2_ws/install/mg400_msgs/include/mg400_msgs/mg400_msgs/srv/detail/arch__struct.h\n'}
[0.520634] (mg400_msgs) StdoutLine: {'line': b'-- Up-to-date symlink: /root/ros2_ws/install/mg400_msgs/include/mg400_msgs/mg400_msgs/srv/detail/arch__type_support.h\n'}
[0.520792] (mg400_msgs) StdoutLine: {'line': b'-- Up-to-date symlink: /root/ros2_ws/install/mg400_msgs/include/mg400_msgs/mg400_msgs/srv/detail/clear_error__functions.h\n'}
[0.520938] (mg400_msgs) StdoutLine: {'line': b'-- Up-to-date symlink: /root/ros2_ws/install/mg400_msgs/include/mg400_msgs/mg400_msgs/srv/detail/clear_error__struct.h\n'}
[0.521084] (mg400_msgs) StdoutLine: {'line': b'-- Up-to-date symlink: /root/ros2_ws/install/mg400_msgs/include/mg400_msgs/mg400_msgs/srv/detail/clear_error__type_support.h\n'}
[0.521233] (mg400_msgs) StdoutLine: {'line': b'-- Up-to-date symlink: /root/ros2_ws/install/mg400_msgs/include/mg400_msgs/mg400_msgs/srv/detail/cp__functions.h\n'}
[0.521382] (mg400_msgs) StdoutLine: {'line': b'-- Up-to-date symlink: /root/ros2_ws/install/mg400_msgs/include/mg400_msgs/mg400_msgs/srv/detail/cp__struct.h\n'}
[0.521529] (mg400_msgs) StdoutLine: {'line': b'-- Up-to-date symlink: /root/ros2_ws/install/mg400_msgs/include/mg400_msgs/mg400_msgs/srv/detail/cp__type_support.h\n'}
[0.521694] (mg400_msgs) StdoutLine: {'line': b'-- Up-to-date symlink: /root/ros2_ws/install/mg400_msgs/include/mg400_msgs/mg400_msgs/srv/detail/di__functions.h\n'}
[0.521890] (mg400_msgs) StdoutLine: {'line': b'-- Up-to-date symlink: /root/ros2_ws/install/mg400_msgs/include/mg400_msgs/mg400_msgs/srv/detail/di__struct.h\n'}
[0.522040] (mg400_msgs) StdoutLine: {'line': b'-- Up-to-date symlink: /root/ros2_ws/install/mg400_msgs/include/mg400_msgs/mg400_msgs/srv/detail/di__type_support.h\n'}
[0.522192] (mg400_msgs) StdoutLine: {'line': b'-- Up-to-date symlink: /root/ros2_ws/install/mg400_msgs/include/mg400_msgs/mg400_msgs/srv/detail/disable_robot__functions.h\n'}
[0.522340] (mg400_msgs) StdoutLine: {'line': b'-- Up-to-date symlink: /root/ros2_ws/install/mg400_msgs/include/mg400_msgs/mg400_msgs/srv/detail/disable_robot__struct.h\n'}
[0.522479] (mg400_msgs) StdoutLine: {'line': b'-- Up-to-date symlink: /root/ros2_ws/install/mg400_msgs/include/mg400_msgs/mg400_msgs/srv/detail/disable_robot__type_support.h\n'}
[0.522627] (mg400_msgs) StdoutLine: {'line': b'-- Up-to-date symlink: /root/ros2_ws/install/mg400_msgs/include/mg400_msgs/mg400_msgs/srv/detail/do__functions.h\n'}
[0.522786] (mg400_msgs) StdoutLine: {'line': b'-- Up-to-date symlink: /root/ros2_ws/install/mg400_msgs/include/mg400_msgs/mg400_msgs/srv/detail/do__struct.h\n'}
[0.522935] (mg400_msgs) StdoutLine: {'line': b'-- Up-to-date symlink: /root/ros2_ws/install/mg400_msgs/include/mg400_msgs/mg400_msgs/srv/detail/do__type_support.h\n'}
[0.523087] (mg400_msgs) StdoutLine: {'line': b'-- Up-to-date symlink: /root/ros2_ws/install/mg400_msgs/include/mg400_msgs/mg400_msgs/srv/detail/emergency_stop__functions.h\n'}
[0.523244] (mg400_msgs) StdoutLine: {'line': b'-- Up-to-date symlink: /root/ros2_ws/install/mg400_msgs/include/mg400_msgs/mg400_msgs/srv/detail/emergency_stop__struct.h\n'}
[0.523392] (mg400_msgs) StdoutLine: {'line': b'-- Up-to-date symlink: /root/ros2_ws/install/mg400_msgs/include/mg400_msgs/mg400_msgs/srv/detail/emergency_stop__type_support.h\n'}
[0.523542] (mg400_msgs) StdoutLine: {'line': b'-- Up-to-date symlink: /root/ros2_ws/install/mg400_msgs/include/mg400_msgs/mg400_msgs/srv/detail/enable_robot__functions.h\n'}
[0.523760] (mg400_msgs) StdoutLine: {'line': b'-- Up-to-date symlink: /root/ros2_ws/install/mg400_msgs/include/mg400_msgs/mg400_msgs/srv/detail/enable_robot__struct.h\n'}
[0.523903] (mg400_msgs) StdoutLine: {'line': b'-- Up-to-date symlink: /root/ros2_ws/install/mg400_msgs/include/mg400_msgs/mg400_msgs/srv/detail/enable_robot__type_support.h\n'}
[0.524066] (mg400_msgs) StdoutLine: {'line': b'-- Up-to-date symlink: /root/ros2_ws/install/mg400_msgs/include/mg400_msgs/mg400_msgs/srv/detail/get_angle__functions.h\n'}
[0.524223] (mg400_msgs) StdoutLine: {'line': b'-- Up-to-date symlink: /root/ros2_ws/install/mg400_msgs/include/mg400_msgs/mg400_msgs/srv/detail/get_angle__struct.h\n'}
[0.524399] (mg400_msgs) StdoutLine: {'line': b'-- Up-to-date symlink: /root/ros2_ws/install/mg400_msgs/include/mg400_msgs/mg400_msgs/srv/detail/get_angle__type_support.h\n'}
[0.524535] (mg400_msgs) StdoutLine: {'line': b'-- Up-to-date symlink: /root/ros2_ws/install/mg400_msgs/include/mg400_msgs/mg400_msgs/srv/detail/get_error_id__functions.h\n'}
[0.524673] (mg400_msgs) StdoutLine: {'line': b'-- Up-to-date symlink: /root/ros2_ws/install/mg400_msgs/include/mg400_msgs/mg400_msgs/srv/detail/get_error_id__struct.h\n'}
[0.524804] (mg400_msgs) StdoutLine: {'line': b'-- Up-to-date symlink: /root/ros2_ws/install/mg400_msgs/include/mg400_msgs/mg400_msgs/srv/detail/get_error_id__type_support.h\n'}
[0.524942] (mg400_msgs) StdoutLine: {'line': b'-- Up-to-date symlink: /root/ros2_ws/install/mg400_msgs/include/mg400_msgs/mg400_msgs/srv/detail/get_pose__functions.h\n'}
[0.525081] (mg400_msgs) StdoutLine: {'line': b'-- Up-to-date symlink: /root/ros2_ws/install/mg400_msgs/include/mg400_msgs/mg400_msgs/srv/detail/get_pose__struct.h\n'}
[0.525216] (mg400_msgs) StdoutLine: {'line': b'-- Up-to-date symlink: /root/ros2_ws/install/mg400_msgs/include/mg400_msgs/mg400_msgs/srv/detail/get_pose__type_support.h\n'}
[0.525352] (mg400_msgs) StdoutLine: {'line': b'-- Up-to-date symlink: /root/ros2_ws/install/mg400_msgs/include/mg400_msgs/mg400_msgs/srv/detail/inverse_solution__functions.h\n'}
[0.525488] (mg400_msgs) StdoutLine: {'line': b'-- Up-to-date symlink: /root/ros2_ws/install/mg400_msgs/include/mg400_msgs/mg400_msgs/srv/detail/inverse_solution__struct.h\n'}
[0.525623] (mg400_msgs) StdoutLine: {'line': b'-- Up-to-date symlink: /root/ros2_ws/install/mg400_msgs/include/mg400_msgs/mg400_msgs/srv/detail/inverse_solution__type_support.h\n'}
[0.525763] (mg400_msgs) StdoutLine: {'line': b'-- Up-to-date symlink: /root/ros2_ws/install/mg400_msgs/include/mg400_msgs/mg400_msgs/srv/detail/joint_mov_j__functions.h\n'}
[0.525907] (mg400_msgs) StdoutLine: {'line': b'-- Up-to-date symlink: /root/ros2_ws/install/mg400_msgs/include/mg400_msgs/mg400_msgs/srv/detail/joint_mov_j__struct.h\n'}
[0.526056] (mg400_msgs) StdoutLine: {'line': b'-- Up-to-date symlink: /root/ros2_ws/install/mg400_msgs/include/mg400_msgs/mg400_msgs/srv/detail/joint_mov_j__type_support.h\n'}
[0.526237] (mg400_msgs) StdoutLine: {'line': b'-- Up-to-date symlink: /root/ros2_ws/install/mg400_msgs/include/mg400_msgs/mg400_msgs/srv/detail/move_jog__functions.h\n'}
[0.526377] (mg400_msgs) StdoutLine: {'line': b'-- Up-to-date symlink: /root/ros2_ws/install/mg400_msgs/include/mg400_msgs/mg400_msgs/srv/detail/move_jog__struct.h\n'}
[0.526508] (mg400_msgs) StdoutLine: {'line': b'-- Up-to-date symlink: /root/ros2_ws/install/mg400_msgs/include/mg400_msgs/mg400_msgs/srv/detail/move_jog__type_support.h\n'}
[0.526638] (mg400_msgs) StdoutLine: {'line': b'-- Up-to-date symlink: /root/ros2_ws/install/mg400_msgs/include/mg400_msgs/mg400_msgs/srv/detail/pay_load__functions.h\n'}
[0.526776] (mg400_msgs) StdoutLine: {'line': b'-- Up-to-date symlink: /root/ros2_ws/install/mg400_msgs/include/mg400_msgs/mg400_msgs/srv/detail/pay_load__struct.h\n'}
[0.526919] (mg400_msgs) StdoutLine: {'line': b'-- Up-to-date symlink: /root/ros2_ws/install/mg400_msgs/include/mg400_msgs/mg400_msgs/srv/detail/pay_load__type_support.h\n'}
[0.527059] (mg400_msgs) StdoutLine: {'line': b'-- Up-to-date symlink: /root/ros2_ws/install/mg400_msgs/include/mg400_msgs/mg400_msgs/srv/detail/positive_solution__functions.h\n'}
[0.527190] (mg400_msgs) StdoutLine: {'line': b'-- Up-to-date symlink: /root/ros2_ws/install/mg400_msgs/include/mg400_msgs/mg400_msgs/srv/detail/positive_solution__struct.h\n'}
[0.527375] (mg400_msgs) StdoutLine: {'line': b'-- Up-to-date symlink: /root/ros2_ws/install/mg400_msgs/include/mg400_msgs/mg400_msgs/srv/detail/positive_solution__type_support.h\n'}
[0.527511] (mg400_msgs) StdoutLine: {'line': b'-- Up-to-date symlink: /root/ros2_ws/install/mg400_msgs/include/mg400_msgs/mg400_msgs/srv/detail/reset_robot__functions.h\n'}
[0.527649] (mg400_msgs) StdoutLine: {'line': b'-- Up-to-date symlink: /root/ros2_ws/install/mg400_msgs/include/mg400_msgs/mg400_msgs/srv/detail/reset_robot__struct.h\n'}
[0.527793] (mg400_msgs) StdoutLine: {'line': b'-- Up-to-date symlink: /root/ros2_ws/install/mg400_msgs/include/mg400_msgs/mg400_msgs/srv/detail/reset_robot__type_support.h\n'}
[0.527941] (mg400_msgs) StdoutLine: {'line': b'-- Up-to-date symlink: /root/ros2_ws/install/mg400_msgs/include/mg400_msgs/mg400_msgs/srv/detail/robot_mode__functions.h\n'}
[0.528075] (mg400_msgs) StdoutLine: {'line': b'-- Up-to-date symlink: /root/ros2_ws/install/mg400_msgs/include/mg400_msgs/mg400_msgs/srv/detail/robot_mode__struct.h\n'}
[0.528212] (mg400_msgs) StdoutLine: {'line': b'-- Up-to-date symlink: /root/ros2_ws/install/mg400_msgs/include/mg400_msgs/mg400_msgs/srv/detail/robot_mode__type_support.h\n'}
[0.528362] (mg400_msgs) StdoutLine: {'line': b'-- Up-to-date symlink: /root/ros2_ws/install/mg400_msgs/include/mg400_msgs/mg400_msgs/srv/detail/set_collision_level__functions.h\n'}
[0.528488] (mg400_msgs) StdoutLine: {'line': b'-- Up-to-date symlink: /root/ros2_ws/install/mg400_msgs/include/mg400_msgs/mg400_msgs/srv/detail/set_collision_level__struct.h\n'}
[0.528624] (mg400_msgs) StdoutLine: {'line': b'-- Up-to-date symlink: /root/ros2_ws/install/mg400_msgs/include/mg400_msgs/mg400_msgs/srv/detail/set_collision_level__type_support.h\n'}
[0.528768] (mg400_msgs) StdoutLine: {'line': b'-- Up-to-date symlink: /root/ros2_ws/install/mg400_msgs/include/mg400_msgs/mg400_msgs/srv/detail/speed_factor__functions.h\n'}
[0.528986] (mg400_msgs) StdoutLine: {'line': b'-- Up-to-date symlink: /root/ros2_ws/install/mg400_msgs/include/mg400_msgs/mg400_msgs/srv/detail/speed_factor__struct.h\n'}
[0.529192] (mg400_msgs) StdoutLine: {'line': b'-- Up-to-date symlink: /root/ros2_ws/install/mg400_msgs/include/mg400_msgs/mg400_msgs/srv/detail/speed_factor__type_support.h\n'}
[0.529411] (mg400_msgs) StdoutLine: {'line': b'-- Up-to-date symlink: /root/ros2_ws/install/mg400_msgs/include/mg400_msgs/mg400_msgs/srv/detail/speed_j__functions.h\n'}
[0.529595] (mg400_msgs) StdoutLine: {'line': b'-- Up-to-date symlink: /root/ros2_ws/install/mg400_msgs/include/mg400_msgs/mg400_msgs/srv/detail/speed_j__struct.h\n'}
[0.529805] (mg400_msgs) StdoutLine: {'line': b'-- Up-to-date symlink: /root/ros2_ws/install/mg400_msgs/include/mg400_msgs/mg400_msgs/srv/detail/speed_j__type_support.h\n'}
[0.530010] (mg400_msgs) StdoutLine: {'line': b'-- Up-to-date symlink: /root/ros2_ws/install/mg400_msgs/include/mg400_msgs/mg400_msgs/srv/detail/speed_l__functions.h\n'}
[0.530219] (mg400_msgs) StdoutLine: {'line': b'-- Up-to-date symlink: /root/ros2_ws/install/mg400_msgs/include/mg400_msgs/mg400_msgs/srv/detail/speed_l__struct.h\n'}
[0.530455] (mg400_msgs) StdoutLine: {'line': b'-- Up-to-date symlink: /root/ros2_ws/install/mg400_msgs/include/mg400_msgs/mg400_msgs/srv/detail/speed_l__type_support.h\n'}
[0.530654] (mg400_msgs) StdoutLine: {'line': b'-- Up-to-date symlink: /root/ros2_ws/install/mg400_msgs/include/mg400_msgs/mg400_msgs/srv/detail/tool__functions.h\n'}
[0.530861] (mg400_msgs) StdoutLine: {'line': b'-- Up-to-date symlink: /root/ros2_ws/install/mg400_msgs/include/mg400_msgs/mg400_msgs/srv/detail/tool__struct.h\n'}
[0.531065] (mg400_msgs) StdoutLine: {'line': b'-- Up-to-date symlink: /root/ros2_ws/install/mg400_msgs/include/mg400_msgs/mg400_msgs/srv/detail/tool__type_support.h\n'}
[0.531270] (mg400_msgs) StdoutLine: {'line': b'-- Up-to-date symlink: /root/ros2_ws/install/mg400_msgs/include/mg400_msgs/mg400_msgs/srv/detail/tool_di__functions.h\n'}
[0.531478] (mg400_msgs) StdoutLine: {'line': b'-- Up-to-date symlink: /root/ros2_ws/install/mg400_msgs/include/mg400_msgs/mg400_msgs/srv/detail/tool_di__struct.h\n'}
[0.531686] (mg400_msgs) StdoutLine: {'line': b'-- Up-to-date symlink: /root/ros2_ws/install/mg400_msgs/include/mg400_msgs/mg400_msgs/srv/detail/tool_di__type_support.h\n'}
[0.531919] (mg400_msgs) StdoutLine: {'line': b'-- Up-to-date symlink: /root/ros2_ws/install/mg400_msgs/include/mg400_msgs/mg400_msgs/srv/detail/tool_do_execute__functions.h\n'}
[0.532128] (mg400_msgs) StdoutLine: {'line': b'-- Up-to-date symlink: /root/ros2_ws/install/mg400_msgs/include/mg400_msgs/mg400_msgs/srv/detail/tool_do_execute__struct.h\n'}
[0.532330] (mg400_msgs) StdoutLine: {'line': b'-- Up-to-date symlink: /root/ros2_ws/install/mg400_msgs/include/mg400_msgs/mg400_msgs/srv/detail/tool_do_execute__type_support.h\n'}
[0.532532] (mg400_msgs) StdoutLine: {'line': b'-- Up-to-date symlink: /root/ros2_ws/install/mg400_msgs/include/mg400_msgs/mg400_msgs/srv/detail/user__functions.h\n'}
[0.532744] (mg400_msgs) StdoutLine: {'line': b'-- Up-to-date symlink: /root/ros2_ws/install/mg400_msgs/include/mg400_msgs/mg400_msgs/srv/detail/user__struct.h\n'}
[0.532984] (mg400_msgs) StdoutLine: {'line': b'-- Up-to-date symlink: /root/ros2_ws/install/mg400_msgs/include/mg400_msgs/mg400_msgs/srv/detail/user__type_support.h\n'}
[0.533184] (mg400_msgs) StdoutLine: {'line': b'-- Up-to-date symlink: /root/ros2_ws/install/mg400_msgs/include/mg400_msgs/mg400_msgs/srv/di.h\n'}
[0.533394] (mg400_msgs) StdoutLine: {'line': b'-- Up-to-date symlink: /root/ros2_ws/install/mg400_msgs/include/mg400_msgs/mg400_msgs/srv/disable_robot.h\n'}
[0.533588] (mg400_msgs) StdoutLine: {'line': b'-- Up-to-date symlink: /root/ros2_ws/install/mg400_msgs/include/mg400_msgs/mg400_msgs/srv/do.h\n'}
[0.533804] (mg400_msgs) StdoutLine: {'line': b'-- Up-to-date symlink: /root/ros2_ws/install/mg400_msgs/include/mg400_msgs/mg400_msgs/srv/emergency_stop.h\n'}
[0.534085] (mg400_msgs) StdoutLine: {'line': b'-- Up-to-date symlink: /root/ros2_ws/install/mg400_msgs/include/mg400_msgs/mg400_msgs/srv/enable_robot.h\n'}
[0.534265] (mg400_msgs) StdoutLine: {'line': b'-- Up-to-date symlink: /root/ros2_ws/install/mg400_msgs/include/mg400_msgs/mg400_msgs/srv/get_angle.h\n'}
[0.534502] (mg400_msgs) StdoutLine: {'line': b'-- Up-to-date symlink: /root/ros2_ws/install/mg400_msgs/include/mg400_msgs/mg400_msgs/srv/get_error_id.h\n'}
[0.534747] (mg400_msgs) StdoutLine: {'line': b'-- Up-to-date symlink: /root/ros2_ws/install/mg400_msgs/include/mg400_msgs/mg400_msgs/srv/get_pose.h\n'}
[0.534987] (mg400_msgs) StdoutLine: {'line': b'-- Up-to-date symlink: /root/ros2_ws/install/mg400_msgs/include/mg400_msgs/mg400_msgs/srv/inverse_solution.h\n'}
[0.535190] (mg400_msgs) StdoutLine: {'line': b'-- Up-to-date symlink: /root/ros2_ws/install/mg400_msgs/include/mg400_msgs/mg400_msgs/srv/joint_mov_j.h\n'}
[0.535501] (mg400_msgs) StdoutLine: {'line': b'-- Up-to-date symlink: /root/ros2_ws/install/mg400_msgs/include/mg400_msgs/mg400_msgs/srv/move_jog.h\n'}
[0.535750] (mg400_msgs) StdoutLine: {'line': b'-- Up-to-date symlink: /root/ros2_ws/install/mg400_msgs/include/mg400_msgs/mg400_msgs/srv/pay_load.h\n'}
[0.535910] (mg400_msgs) StdoutLine: {'line': b'-- Up-to-date symlink: /root/ros2_ws/install/mg400_msgs/include/mg400_msgs/mg400_msgs/srv/positive_solution.h\n'}
[0.536200] (mg400_msgs) StdoutLine: {'line': b'-- Up-to-date symlink: /root/ros2_ws/install/mg400_msgs/include/mg400_msgs/mg400_msgs/srv/reset_robot.h\n'}
[0.536359] (mg400_msgs) StdoutLine: {'line': b'-- Up-to-date symlink: /root/ros2_ws/install/mg400_msgs/include/mg400_msgs/mg400_msgs/srv/robot_mode.h\n'}
[0.536529] (mg400_msgs) StdoutLine: {'line': b'-- Up-to-date symlink: /root/ros2_ws/install/mg400_msgs/include/mg400_msgs/mg400_msgs/srv/set_collision_level.h\n'}
[0.536726] (mg400_msgs) StdoutLine: {'line': b'-- Up-to-date symlink: /root/ros2_ws/install/mg400_msgs/include/mg400_msgs/mg400_msgs/srv/speed_factor.h\n'}
[0.536903] (mg400_msgs) StdoutLine: {'line': b'-- Up-to-date symlink: /root/ros2_ws/install/mg400_msgs/include/mg400_msgs/mg400_msgs/srv/speed_j.h\n'}
[0.537081] (mg400_msgs) StdoutLine: {'line': b'-- Up-to-date symlink: /root/ros2_ws/install/mg400_msgs/include/mg400_msgs/mg400_msgs/srv/speed_l.h\n'}
[0.537297] (mg400_msgs) StdoutLine: {'line': b'-- Up-to-date symlink: /root/ros2_ws/install/mg400_msgs/include/mg400_msgs/mg400_msgs/srv/tool.h\n'}
[0.537493] (mg400_msgs) StdoutLine: {'line': b'-- Up-to-date symlink: /root/ros2_ws/install/mg400_msgs/include/mg400_msgs/mg400_msgs/srv/tool_di.h\n'}
[0.537678] (mg400_msgs) StdoutLine: {'line': b'-- Up-to-date symlink: /root/ros2_ws/install/mg400_msgs/include/mg400_msgs/mg400_msgs/srv/tool_do_execute.h\n'}
[0.537857] (mg400_msgs) StdoutLine: {'line': b'-- Up-to-date symlink: /root/ros2_ws/install/mg400_msgs/include/mg400_msgs/mg400_msgs/srv/user.h\n'}
[0.538029] (mg400_msgs) StdoutLine: {'line': b'-- Up-to-date symlink: /root/ros2_ws/install/mg400_msgs/share/mg400_msgs/environment/library_path.sh\n'}
[0.538192] (mg400_msgs) StdoutLine: {'line': b'-- Up-to-date symlink: /root/ros2_ws/install/mg400_msgs/share/mg400_msgs/environment/library_path.dsv\n'}
[0.541182] (mg400_msgs) StdoutLine: {'line': b'-- Up-to-date symlink: /root/ros2_ws/install/mg400_msgs/include/mg400_msgs/mg400_msgs/action/detail/command_queue__rosidl_typesupport_fastrtps_c.h\n'}
[0.541364] (mg400_msgs) StdoutLine: {'line': b'-- Up-to-date symlink: /root/ros2_ws/install/mg400_msgs/include/mg400_msgs/mg400_msgs/action/detail/joint_mov_j__rosidl_typesupport_fastrtps_c.h\n'}
[0.541542] (mg400_msgs) StdoutLine: {'line': b'-- Up-to-date symlink: /root/ros2_ws/install/mg400_msgs/include/mg400_msgs/mg400_msgs/action/detail/mov_j__rosidl_typesupport_fastrtps_c.h\n'}
[0.541745] (mg400_msgs) StdoutLine: {'line': b'-- Up-to-date symlink: /root/ros2_ws/install/mg400_msgs/include/mg400_msgs/mg400_msgs/action/detail/mov_jio__rosidl_typesupport_fastrtps_c.h\n'}
[0.541938] (mg400_msgs) StdoutLine: {'line': b'-- Up-to-date symlink: /root/ros2_ws/install/mg400_msgs/include/mg400_msgs/mg400_msgs/action/detail/mov_l__rosidl_typesupport_fastrtps_c.h\n'}
[0.542090] (mg400_msgs) StdoutLine: {'line': b'-- Up-to-date symlink: /root/ros2_ws/install/mg400_msgs/include/mg400_msgs/mg400_msgs/action/detail/mov_lio__rosidl_typesupport_fastrtps_c.h\n'}
[0.542240] (mg400_msgs) StdoutLine: {'line': b'-- Up-to-date symlink: /root/ros2_ws/install/mg400_msgs/include/mg400_msgs/mg400_msgs/msg/detail/arch__rosidl_typesupport_fastrtps_c.h\n'}
[0.542393] (mg400_msgs) StdoutLine: {'line': b'-- Up-to-date symlink: /root/ros2_ws/install/mg400_msgs/include/mg400_msgs/mg400_msgs/msg/detail/collision_level__rosidl_typesupport_fastrtps_c.h\n'}
[0.542529] (mg400_msgs) StdoutLine: {'line': b'-- Up-to-date symlink: /root/ros2_ws/install/mg400_msgs/include/mg400_msgs/mg400_msgs/msg/detail/command__rosidl_typesupport_fastrtps_c.h\n'}
[0.542667] (mg400_msgs) StdoutLine: {'line': b'-- Up-to-date symlink: /root/ros2_ws/install/mg400_msgs/include/mg400_msgs/mg400_msgs/msg/detail/di_index__rosidl_typesupport_fastrtps_c.h\n'}
[0.542813] (mg400_msgs) StdoutLine: {'line': b'-- Up-to-date symlink: /root/ros2_ws/install/mg400_msgs/include/mg400_msgs/mg400_msgs/msg/detail/distance_mode__rosidl_typesupport_fastrtps_c.h\n'}
[0.542955] (mg400_msgs) StdoutLine: {'line': b'-- Up-to-date symlink: /root/ros2_ws/install/mg400_msgs/include/mg400_msgs/mg400_msgs/msg/detail/do_index__rosidl_typesupport_fastrtps_c.h\n'}
[0.543095] (mg400_msgs) StdoutLine: {'line': b'-- Up-to-date symlink: /root/ros2_ws/install/mg400_msgs/include/mg400_msgs/mg400_msgs/msg/detail/do_status__rosidl_typesupport_fastrtps_c.h\n'}
[0.543230] (mg400_msgs) StdoutLine: {'line': b'-- Up-to-date symlink: /root/ros2_ws/install/mg400_msgs/include/mg400_msgs/mg400_msgs/msg/detail/error_id__rosidl_typesupport_fastrtps_c.h\n'}
[0.543378] (mg400_msgs) StdoutLine: {'line': b'-- Up-to-date symlink: /root/ros2_ws/install/mg400_msgs/include/mg400_msgs/mg400_msgs/msg/detail/id_array__rosidl_typesupport_fastrtps_c.h\n'}
[0.543517] (mg400_msgs) StdoutLine: {'line': b'-- Up-to-date symlink: /root/ros2_ws/install/mg400_msgs/include/mg400_msgs/mg400_msgs/msg/detail/joint_mov_j__rosidl_typesupport_fastrtps_c.h\n'}
[0.543654] (mg400_msgs) StdoutLine: {'line': b'-- Up-to-date symlink: /root/ros2_ws/install/mg400_msgs/include/mg400_msgs/mg400_msgs/msg/detail/mov_j__rosidl_typesupport_fastrtps_c.h\n'}
[0.543838] (mg400_msgs) StdoutLine: {'line': b'-- Up-to-date symlink: /root/ros2_ws/install/mg400_msgs/include/mg400_msgs/mg400_msgs/msg/detail/mov_jio__rosidl_typesupport_fastrtps_c.h\n'}
[0.543983] (mg400_msgs) StdoutLine: {'line': b'-- Up-to-date symlink: /root/ros2_ws/install/mg400_msgs/include/mg400_msgs/mg400_msgs/msg/detail/mov_l__rosidl_typesupport_fastrtps_c.h\n'}
[0.544165] (mg400_msgs) StdoutLine: {'line': b'-- Up-to-date symlink: /root/ros2_ws/install/mg400_msgs/include/mg400_msgs/mg400_msgs/msg/detail/mov_lio__rosidl_typesupport_fastrtps_c.h\n'}
[0.544312] (mg400_msgs) StdoutLine: {'line': b'-- Up-to-date symlink: /root/ros2_ws/install/mg400_msgs/include/mg400_msgs/mg400_msgs/msg/detail/move_jog__rosidl_typesupport_fastrtps_c.h\n'}
[0.544448] (mg400_msgs) StdoutLine: {'line': b'-- Up-to-date symlink: /root/ros2_ws/install/mg400_msgs/include/mg400_msgs/mg400_msgs/msg/detail/robot_mode__rosidl_typesupport_fastrtps_c.h\n'}
[0.544587] (mg400_msgs) StdoutLine: {'line': b'-- Up-to-date symlink: /root/ros2_ws/install/mg400_msgs/include/mg400_msgs/mg400_msgs/msg/detail/tool__rosidl_typesupport_fastrtps_c.h\n'}
[0.544821] (mg400_msgs) StdoutLine: {'line': b'-- Up-to-date symlink: /root/ros2_ws/install/mg400_msgs/include/mg400_msgs/mg400_msgs/msg/detail/tool_di_index__rosidl_typesupport_fastrtps_c.h\n'}
[0.545176] (mg400_msgs) StdoutLine: {'line': b'-- Up-to-date symlink: /root/ros2_ws/install/mg400_msgs/include/mg400_msgs/mg400_msgs/msg/detail/tool_do_index__rosidl_typesupport_fastrtps_c.h\n'}
[0.545479] (mg400_msgs) StdoutLine: {'line': b'-- Up-to-date symlink: /root/ros2_ws/install/mg400_msgs/include/mg400_msgs/mg400_msgs/msg/detail/user__rosidl_typesupport_fastrtps_c.h\n'}
[0.545769] (mg400_msgs) StdoutLine: {'line': b'-- Up-to-date symlink: /root/ros2_ws/install/mg400_msgs/include/mg400_msgs/mg400_msgs/msg/rosidl_typesupport_fastrtps_c__visibility_control.h\n'}
[0.546065] (mg400_msgs) StdoutLine: {'line': b'-- Up-to-date symlink: /root/ros2_ws/install/mg400_msgs/include/mg400_msgs/mg400_msgs/srv/detail/acc_j__rosidl_typesupport_fastrtps_c.h\n'}
[0.546342] (mg400_msgs) StdoutLine: {'line': b'-- Up-to-date symlink: /root/ros2_ws/install/mg400_msgs/include/mg400_msgs/mg400_msgs/srv/detail/acc_l__rosidl_typesupport_fastrtps_c.h\n'}
[0.546486] (mg400_msgs) StdoutLine: {'line': b'-- Up-to-date symlink: /root/ros2_ws/install/mg400_msgs/include/mg400_msgs/mg400_msgs/srv/detail/arch__rosidl_typesupport_fastrtps_c.h\n'}
[0.546630] (mg400_msgs) StdoutLine: {'line': b'-- Up-to-date symlink: /root/ros2_ws/install/mg400_msgs/include/mg400_msgs/mg400_msgs/srv/detail/clear_error__rosidl_typesupport_fastrtps_c.h\n'}
[0.546777] (mg400_msgs) StdoutLine: {'line': b'-- Up-to-date symlink: /root/ros2_ws/install/mg400_msgs/include/mg400_msgs/mg400_msgs/srv/detail/cp__rosidl_typesupport_fastrtps_c.h\n'}
[0.546917] (mg400_msgs) StdoutLine: {'line': b'-- Up-to-date symlink: /root/ros2_ws/install/mg400_msgs/include/mg400_msgs/mg400_msgs/srv/detail/di__rosidl_typesupport_fastrtps_c.h\n'}
[0.547056] (mg400_msgs) StdoutLine: {'line': b'-- Up-to-date symlink: /root/ros2_ws/install/mg400_msgs/include/mg400_msgs/mg400_msgs/srv/detail/disable_robot__rosidl_typesupport_fastrtps_c.h\n'}
[0.547196] (mg400_msgs) StdoutLine: {'line': b'-- Up-to-date symlink: /root/ros2_ws/install/mg400_msgs/include/mg400_msgs/mg400_msgs/srv/detail/do__rosidl_typesupport_fastrtps_c.h\n'}
[0.547377] (mg400_msgs) StdoutLine: {'line': b'-- Up-to-date symlink: /root/ros2_ws/install/mg400_msgs/include/mg400_msgs/mg400_msgs/srv/detail/emergency_stop__rosidl_typesupport_fastrtps_c.h\n'}
[0.547561] (mg400_msgs) StdoutLine: {'line': b'-- Up-to-date symlink: /root/ros2_ws/install/mg400_msgs/include/mg400_msgs/mg400_msgs/srv/detail/enable_robot__rosidl_typesupport_fastrtps_c.h\n'}
[0.547761] (mg400_msgs) StdoutLine: {'line': b'-- Up-to-date symlink: /root/ros2_ws/install/mg400_msgs/include/mg400_msgs/mg400_msgs/srv/detail/get_angle__rosidl_typesupport_fastrtps_c.h\n'}
[0.547946] (mg400_msgs) StdoutLine: {'line': b'-- Up-to-date symlink: /root/ros2_ws/install/mg400_msgs/include/mg400_msgs/mg400_msgs/srv/detail/get_error_id__rosidl_typesupport_fastrtps_c.h\n'}
[0.548087] (mg400_msgs) StdoutLine: {'line': b'-- Up-to-date symlink: /root/ros2_ws/install/mg400_msgs/include/mg400_msgs/mg400_msgs/srv/detail/get_pose__rosidl_typesupport_fastrtps_c.h\n'}
[0.548225] (mg400_msgs) StdoutLine: {'line': b'-- Up-to-date symlink: /root/ros2_ws/install/mg400_msgs/include/mg400_msgs/mg400_msgs/srv/detail/inverse_solution__rosidl_typesupport_fastrtps_c.h\n'}
[0.548364] (mg400_msgs) StdoutLine: {'line': b'-- Up-to-date symlink: /root/ros2_ws/install/mg400_msgs/include/mg400_msgs/mg400_msgs/srv/detail/joint_mov_j__rosidl_typesupport_fastrtps_c.h\n'}
[0.548528] (mg400_msgs) StdoutLine: {'line': b'-- Up-to-date symlink: /root/ros2_ws/install/mg400_msgs/include/mg400_msgs/mg400_msgs/srv/detail/move_jog__rosidl_typesupport_fastrtps_c.h\n'}
[0.548684] (mg400_msgs) StdoutLine: {'line': b'-- Up-to-date symlink: /root/ros2_ws/install/mg400_msgs/include/mg400_msgs/mg400_msgs/srv/detail/pay_load__rosidl_typesupport_fastrtps_c.h\n'}
[0.548832] (mg400_msgs) StdoutLine: {'line': b'-- Up-to-date symlink: /root/ros2_ws/install/mg400_msgs/include/mg400_msgs/mg400_msgs/srv/detail/positive_solution__rosidl_typesupport_fastrtps_c.h\n'}
[0.548965] (mg400_msgs) StdoutLine: {'line': b'-- Up-to-date symlink: /root/ros2_ws/install/mg400_msgs/include/mg400_msgs/mg400_msgs/srv/detail/reset_robot__rosidl_typesupport_fastrtps_c.h\n'}
[0.549096] (mg400_msgs) StdoutLine: {'line': b'-- Up-to-date symlink: /root/ros2_ws/install/mg400_msgs/include/mg400_msgs/mg400_msgs/srv/detail/robot_mode__rosidl_typesupport_fastrtps_c.h\n'}
[0.549237] (mg400_msgs) StdoutLine: {'line': b'-- Up-to-date symlink: /root/ros2_ws/install/mg400_msgs/include/mg400_msgs/mg400_msgs/srv/detail/set_collision_level__rosidl_typesupport_fastrtps_c.h\n'}
[0.549380] (mg400_msgs) StdoutLine: {'line': b'-- Up-to-date symlink: /root/ros2_ws/install/mg400_msgs/include/mg400_msgs/mg400_msgs/srv/detail/speed_factor__rosidl_typesupport_fastrtps_c.h\n'}
[0.549525] (mg400_msgs) StdoutLine: {'line': b'-- Up-to-date symlink: /root/ros2_ws/install/mg400_msgs/include/mg400_msgs/mg400_msgs/srv/detail/speed_j__rosidl_typesupport_fastrtps_c.h\n'}
[0.549665] (mg400_msgs) StdoutLine: {'line': b'-- Up-to-date symlink: /root/ros2_ws/install/mg400_msgs/include/mg400_msgs/mg400_msgs/srv/detail/speed_l__rosidl_typesupport_fastrtps_c.h\n'}
[0.549885] (mg400_msgs) StdoutLine: {'line': b'-- Up-to-date symlink: /root/ros2_ws/install/mg400_msgs/include/mg400_msgs/mg400_msgs/srv/detail/tool__rosidl_typesupport_fastrtps_c.h\n'}
[0.550019] (mg400_msgs) StdoutLine: {'line': b'-- Up-to-date symlink: /root/ros2_ws/install/mg400_msgs/include/mg400_msgs/mg400_msgs/srv/detail/tool_di__rosidl_typesupport_fastrtps_c.h\n'}
[0.550167] (mg400_msgs) StdoutLine: {'line': b'-- Up-to-date symlink: /root/ros2_ws/install/mg400_msgs/include/mg400_msgs/mg400_msgs/srv/detail/tool_do_execute__rosidl_typesupport_fastrtps_c.h\n'}
[0.550298] (mg400_msgs) StdoutLine: {'line': b'-- Up-to-date symlink: /root/ros2_ws/install/mg400_msgs/include/mg400_msgs/mg400_msgs/srv/detail/user__rosidl_typesupport_fastrtps_c.h\n'}
[0.553734] (mg400_msgs) StdoutLine: {'line': b'-- Up-to-date symlink: /root/ros2_ws/install/mg400_msgs/include/mg400_msgs/mg400_msgs/action/command_queue.hpp\n'}
[0.553856] (mg400_msgs) StdoutLine: {'line': b'-- Up-to-date symlink: /root/ros2_ws/install/mg400_msgs/include/mg400_msgs/mg400_msgs/action/detail/command_queue__builder.hpp\n'}
[0.553970] (mg400_msgs) StdoutLine: {'line': b'-- Up-to-date symlink: /root/ros2_ws/install/mg400_msgs/include/mg400_msgs/mg400_msgs/action/detail/command_queue__struct.hpp\n'}
[0.554084] (mg400_msgs) StdoutLine: {'line': b'-- Up-to-date symlink: /root/ros2_ws/install/mg400_msgs/include/mg400_msgs/mg400_msgs/action/detail/command_queue__traits.hpp\n'}
[0.554195] (mg400_msgs) StdoutLine: {'line': b'-- Up-to-date symlink: /root/ros2_ws/install/mg400_msgs/include/mg400_msgs/mg400_msgs/action/detail/command_queue__type_support.hpp\n'}
[0.554306] (mg400_msgs) StdoutLine: {'line': b'-- Up-to-date symlink: /root/ros2_ws/install/mg400_msgs/include/mg400_msgs/mg400_msgs/action/detail/joint_mov_j__builder.hpp\n'}
[0.554423] (mg400_msgs) StdoutLine: {'line': b'-- Up-to-date symlink: /root/ros2_ws/install/mg400_msgs/include/mg400_msgs/mg400_msgs/action/detail/joint_mov_j__struct.hpp\n'}
[0.554555] (mg400_msgs) StdoutLine: {'line': b'-- Up-to-date symlink: /root/ros2_ws/install/mg400_msgs/include/mg400_msgs/mg400_msgs/action/detail/joint_mov_j__traits.hpp\n'}
[0.554687] (mg400_msgs) StdoutLine: {'line': b'-- Up-to-date symlink: /root/ros2_ws/install/mg400_msgs/include/mg400_msgs/mg400_msgs/action/detail/joint_mov_j__type_support.hpp\n'}
[0.554773] (mg400_msgs) StdoutLine: {'line': b'-- Up-to-date symlink: /root/ros2_ws/install/mg400_msgs/include/mg400_msgs/mg400_msgs/action/detail/mov_j__builder.hpp\n'}
[0.554816] (mg400_msgs) StdoutLine: {'line': b'-- Up-to-date symlink: /root/ros2_ws/install/mg400_msgs/include/mg400_msgs/mg400_msgs/action/detail/mov_j__struct.hpp\n'}
[0.554880] (mg400_msgs) StdoutLine: {'line': b'-- Up-to-date symlink: /root/ros2_ws/install/mg400_msgs/include/mg400_msgs/mg400_msgs/action/detail/mov_j__traits.hpp\n'}
[0.554923] (mg400_msgs) StdoutLine: {'line': b'-- Up-to-date symlink: /root/ros2_ws/install/mg400_msgs/include/mg400_msgs/mg400_msgs/action/detail/mov_j__type_support.hpp\n'}
[0.554979] (mg400_msgs) StdoutLine: {'line': b'-- Up-to-date symlink: /root/ros2_ws/install/mg400_msgs/include/mg400_msgs/mg400_msgs/action/detail/mov_jio__builder.hpp\n'}
[0.555030] (mg400_msgs) StdoutLine: {'line': b'-- Up-to-date symlink: /root/ros2_ws/install/mg400_msgs/include/mg400_msgs/mg400_msgs/action/detail/mov_jio__struct.hpp\n'}
[0.555105] (mg400_msgs) StdoutLine: {'line': b'-- Up-to-date symlink: /root/ros2_ws/install/mg400_msgs/include/mg400_msgs/mg400_msgs/action/detail/mov_jio__traits.hpp\n'}
[0.555194] (mg400_msgs) StdoutLine: {'line': b'-- Up-to-date symlink: /root/ros2_ws/install/mg400_msgs/include/mg400_msgs/mg400_msgs/action/detail/mov_jio__type_support.hpp\n'}
[0.555284] (mg400_msgs) StdoutLine: {'line': b'-- Up-to-date symlink: /root/ros2_ws/install/mg400_msgs/include/mg400_msgs/mg400_msgs/action/detail/mov_l__builder.hpp\n'}
[0.555381] (mg400_msgs) StdoutLine: {'line': b'-- Up-to-date symlink: /root/ros2_ws/install/mg400_msgs/include/mg400_msgs/mg400_msgs/action/detail/mov_l__struct.hpp\n'}
[0.555471] (mg400_msgs) StdoutLine: {'line': b'-- Up-to-date symlink: /root/ros2_ws/install/mg400_msgs/include/mg400_msgs/mg400_msgs/action/detail/mov_l__traits.hpp\n'}
[0.555560] (mg400_msgs) StdoutLine: {'line': b'-- Up-to-date symlink: /root/ros2_ws/install/mg400_msgs/include/mg400_msgs/mg400_msgs/action/detail/mov_l__type_support.hpp\n'}
[0.555650] (mg400_msgs) StdoutLine: {'line': b'-- Up-to-date symlink: /root/ros2_ws/install/mg400_msgs/include/mg400_msgs/mg400_msgs/action/detail/mov_lio__builder.hpp\n'}
[0.555748] (mg400_msgs) StdoutLine: {'line': b'-- Up-to-date symlink: /root/ros2_ws/install/mg400_msgs/include/mg400_msgs/mg400_msgs/action/detail/mov_lio__struct.hpp\n'}
[0.555837] (mg400_msgs) StdoutLine: {'line': b'-- Up-to-date symlink: /root/ros2_ws/install/mg400_msgs/include/mg400_msgs/mg400_msgs/action/detail/mov_lio__traits.hpp\n'}
[0.555927] (mg400_msgs) StdoutLine: {'line': b'-- Up-to-date symlink: /root/ros2_ws/install/mg400_msgs/include/mg400_msgs/mg400_msgs/action/detail/mov_lio__type_support.hpp\n'}
[0.556009] (mg400_msgs) StdoutLine: {'line': b'-- Up-to-date symlink: /root/ros2_ws/install/mg400_msgs/include/mg400_msgs/mg400_msgs/action/joint_mov_j.hpp\n'}
[0.556097] (mg400_msgs) StdoutLine: {'line': b'-- Up-to-date symlink: /root/ros2_ws/install/mg400_msgs/include/mg400_msgs/mg400_msgs/action/mov_j.hpp\n'}
[0.556180] (mg400_msgs) StdoutLine: {'line': b'-- Up-to-date symlink: /root/ros2_ws/install/mg400_msgs/include/mg400_msgs/mg400_msgs/action/mov_jio.hpp\n'}
[0.556266] (mg400_msgs) StdoutLine: {'line': b'-- Up-to-date symlink: /root/ros2_ws/install/mg400_msgs/include/mg400_msgs/mg400_msgs/action/mov_l.hpp\n'}
[0.556353] (mg400_msgs) StdoutLine: {'line': b'-- Up-to-date symlink: /root/ros2_ws/install/mg400_msgs/include/mg400_msgs/mg400_msgs/action/mov_lio.hpp\n'}
[0.556440] (mg400_msgs) StdoutLine: {'line': b'-- Up-to-date symlink: /root/ros2_ws/install/mg400_msgs/include/mg400_msgs/mg400_msgs/msg/arch.hpp\n'}
[0.556527] (mg400_msgs) StdoutLine: {'line': b'-- Up-to-date symlink: /root/ros2_ws/install/mg400_msgs/include/mg400_msgs/mg400_msgs/msg/collision_level.hpp\n'}
[0.556709] (mg400_msgs) StdoutLine: {'line': b'-- Up-to-date symlink: /root/ros2_ws/install/mg400_msgs/include/mg400_msgs/mg400_msgs/msg/command.hpp\n'}
[0.556809] (mg400_msgs) StdoutLine: {'line': b'-- Up-to-date symlink: /root/ros2_ws/install/mg400_msgs/include/mg400_msgs/mg400_msgs/msg/detail/arch__builder.hpp\n'}
[0.556902] (mg400_msgs) StdoutLine: {'line': b'-- Up-to-date symlink: /root/ros2_ws/install/mg400_msgs/include/mg400_msgs/mg400_msgs/msg/detail/arch__struct.hpp\n'}
[0.556994] (mg400_msgs) StdoutLine: {'line': b'-- Up-to-date symlink: /root/ros2_ws/install/mg400_msgs/include/mg400_msgs/mg400_msgs/msg/detail/arch__traits.hpp\n'}
[0.557086] (mg400_msgs) StdoutLine: {'line': b'-- Up-to-date symlink: /root/ros2_ws/install/mg400_msgs/include/mg400_msgs/mg400_msgs/msg/detail/arch__type_support.hpp\n'}
[0.557184] (mg400_msgs) StdoutLine: {'line': b'-- Up-to-date symlink: /root/ros2_ws/install/mg400_msgs/include/mg400_msgs/mg400_msgs/msg/detail/collision_level__builder.hpp\n'}
[0.557272] (mg400_msgs) StdoutLine: {'line': b'-- Up-to-date symlink: /root/ros2_ws/install/mg400_msgs/include/mg400_msgs/mg400_msgs/msg/detail/collision_level__struct.hpp\n'}
[0.557361] (mg400_msgs) StdoutLine: {'line': b'-- Up-to-date symlink: /root/ros2_ws/install/mg400_msgs/include/mg400_msgs/mg400_msgs/msg/detail/collision_level__traits.hpp\n'}
[0.557452] (mg400_msgs) StdoutLine: {'line': b'-- Up-to-date symlink: /root/ros2_ws/install/mg400_msgs/include/mg400_msgs/mg400_msgs/msg/detail/collision_level__type_support.hpp\n'}
[0.557620] (mg400_msgs) StdoutLine: {'line': b'-- Up-to-date symlink: /root/ros2_ws/install/mg400_msgs/include/mg400_msgs/mg400_msgs/msg/detail/command__builder.hpp\n'}
[0.557724] (mg400_msgs) StdoutLine: {'line': b'-- Up-to-date symlink: /root/ros2_ws/install/mg400_msgs/include/mg400_msgs/mg400_msgs/msg/detail/command__struct.hpp\n'}
[0.557821] (mg400_msgs) StdoutLine: {'line': b'-- Up-to-date symlink: /root/ros2_ws/install/mg400_msgs/include/mg400_msgs/mg400_msgs/msg/detail/command__traits.hpp\n'}
[0.557977] (mg400_msgs) StdoutLine: {'line': b'-- Up-to-date symlink: /root/ros2_ws/install/mg400_msgs/include/mg400_msgs/mg400_msgs/msg/detail/command__type_support.hpp\n'}
[0.558073] (mg400_msgs) StdoutLine: {'line': b'-- Up-to-date symlink: /root/ros2_ws/install/mg400_msgs/include/mg400_msgs/mg400_msgs/msg/detail/di_index__builder.hpp\n'}
[0.558167] (mg400_msgs) StdoutLine: {'line': b'-- Up-to-date symlink: /root/ros2_ws/install/mg400_msgs/include/mg400_msgs/mg400_msgs/msg/detail/di_index__struct.hpp\n'}
[0.558256] (mg400_msgs) StdoutLine: {'line': b'-- Up-to-date symlink: /root/ros2_ws/install/mg400_msgs/include/mg400_msgs/mg400_msgs/msg/detail/di_index__traits.hpp\n'}
[0.558343] (mg400_msgs) StdoutLine: {'line': b'-- Up-to-date symlink: /root/ros2_ws/install/mg400_msgs/include/mg400_msgs/mg400_msgs/msg/detail/di_index__type_support.hpp\n'}
[0.558430] (mg400_msgs) StdoutLine: {'line': b'-- Up-to-date symlink: /root/ros2_ws/install/mg400_msgs/include/mg400_msgs/mg400_msgs/msg/detail/distance_mode__builder.hpp\n'}
[0.558518] (mg400_msgs) StdoutLine: {'line': b'-- Up-to-date symlink: /root/ros2_ws/install/mg400_msgs/include/mg400_msgs/mg400_msgs/msg/detail/distance_mode__struct.hpp\n'}
[0.558608] (mg400_msgs) StdoutLine: {'line': b'-- Up-to-date symlink: /root/ros2_ws/install/mg400_msgs/include/mg400_msgs/mg400_msgs/msg/detail/distance_mode__traits.hpp\n'}
[0.558701] (mg400_msgs) StdoutLine: {'line': b'-- Up-to-date symlink: /root/ros2_ws/install/mg400_msgs/include/mg400_msgs/mg400_msgs/msg/detail/distance_mode__type_support.hpp\n'}
[0.558802] (mg400_msgs) StdoutLine: {'line': b'-- Up-to-date symlink: /root/ros2_ws/install/mg400_msgs/include/mg400_msgs/mg400_msgs/msg/detail/do_index__builder.hpp\n'}
[0.558891] (mg400_msgs) StdoutLine: {'line': b'-- Up-to-date symlink: /root/ros2_ws/install/mg400_msgs/include/mg400_msgs/mg400_msgs/msg/detail/do_index__struct.hpp\n'}
[0.558980] (mg400_msgs) StdoutLine: {'line': b'-- Up-to-date symlink: /root/ros2_ws/install/mg400_msgs/include/mg400_msgs/mg400_msgs/msg/detail/do_index__traits.hpp\n'}
[0.559070] (mg400_msgs) StdoutLine: {'line': b'-- Up-to-date symlink: /root/ros2_ws/install/mg400_msgs/include/mg400_msgs/mg400_msgs/msg/detail/do_index__type_support.hpp\n'}
[0.559160] (mg400_msgs) StdoutLine: {'line': b'-- Up-to-date symlink: /root/ros2_ws/install/mg400_msgs/include/mg400_msgs/mg400_msgs/msg/detail/do_status__builder.hpp\n'}
[0.559249] (mg400_msgs) StdoutLine: {'line': b'-- Up-to-date symlink: /root/ros2_ws/install/mg400_msgs/include/mg400_msgs/mg400_msgs/msg/detail/do_status__struct.hpp\n'}
[0.559338] (mg400_msgs) StdoutLine: {'line': b'-- Up-to-date symlink: /root/ros2_ws/install/mg400_msgs/include/mg400_msgs/mg400_msgs/msg/detail/do_status__traits.hpp\n'}
[0.559427] (mg400_msgs) StdoutLine: {'line': b'-- Up-to-date symlink: /root/ros2_ws/install/mg400_msgs/include/mg400_msgs/mg400_msgs/msg/detail/do_status__type_support.hpp\n'}
[0.559516] (mg400_msgs) StdoutLine: {'line': b'-- Up-to-date symlink: /root/ros2_ws/install/mg400_msgs/include/mg400_msgs/mg400_msgs/msg/detail/error_id__builder.hpp\n'}
[0.559606] (mg400_msgs) StdoutLine: {'line': b'-- Up-to-date symlink: /root/ros2_ws/install/mg400_msgs/include/mg400_msgs/mg400_msgs/msg/detail/error_id__struct.hpp\n'}
[0.559702] (mg400_msgs) StdoutLine: {'line': b'-- Up-to-date symlink: /root/ros2_ws/install/mg400_msgs/include/mg400_msgs/mg400_msgs/msg/detail/error_id__traits.hpp\n'}
[0.559795] (mg400_msgs) StdoutLine: {'line': b'-- Up-to-date symlink: /root/ros2_ws/install/mg400_msgs/include/mg400_msgs/mg400_msgs/msg/detail/error_id__type_support.hpp\n'}
[0.559961] (mg400_msgs) StdoutLine: {'line': b'-- Up-to-date symlink: /root/ros2_ws/install/mg400_msgs/include/mg400_msgs/mg400_msgs/msg/detail/id_array__builder.hpp\n'}
[0.560057] (mg400_msgs) StdoutLine: {'line': b'-- Up-to-date symlink: /root/ros2_ws/install/mg400_msgs/include/mg400_msgs/mg400_msgs/msg/detail/id_array__struct.hpp\n'}
[0.560147] (mg400_msgs) StdoutLine: {'line': b'-- Up-to-date symlink: /root/ros2_ws/install/mg400_msgs/include/mg400_msgs/mg400_msgs/msg/detail/id_array__traits.hpp\n'}
[0.560309] (mg400_msgs) StdoutLine: {'line': b'-- Up-to-date symlink: /root/ros2_ws/install/mg400_msgs/include/mg400_msgs/mg400_msgs/msg/detail/id_array__type_support.hpp\n'}
[0.560409] (mg400_msgs) StdoutLine: {'line': b'-- Up-to-date symlink: /root/ros2_ws/install/mg400_msgs/include/mg400_msgs/mg400_msgs/msg/detail/joint_mov_j__builder.hpp\n'}
[0.560499] (mg400_msgs) StdoutLine: {'line': b'-- Up-to-date symlink: /root/ros2_ws/install/mg400_msgs/include/mg400_msgs/mg400_msgs/msg/detail/joint_mov_j__struct.hpp\n'}
[0.560593] (mg400_msgs) StdoutLine: {'line': b'-- Up-to-date symlink: /root/ros2_ws/install/mg400_msgs/include/mg400_msgs/mg400_msgs/msg/detail/joint_mov_j__traits.hpp\n'}
[0.560683] (mg400_msgs) StdoutLine: {'line': b'-- Up-to-date symlink: /root/ros2_ws/install/mg400_msgs/include/mg400_msgs/mg400_msgs/msg/detail/joint_mov_j__type_support.hpp\n'}
[0.560795] (mg400_msgs) StdoutLine: {'line': b'-- Up-to-date symlink: /root/ros2_ws/install/mg400_msgs/include/mg400_msgs/mg400_msgs/msg/detail/mov_j__builder.hpp\n'}
[0.560882] (mg400_msgs) StdoutLine: {'line': b'-- Up-to-date symlink: /root/ros2_ws/install/mg400_msgs/include/mg400_msgs/mg400_msgs/msg/detail/mov_j__struct.hpp\n'}
[0.560971] (mg400_msgs) StdoutLine: {'line': b'-- Up-to-date symlink: /root/ros2_ws/install/mg400_msgs/include/mg400_msgs/mg400_msgs/msg/detail/mov_j__traits.hpp\n'}
[0.561060] (mg400_msgs) StdoutLine: {'line': b'-- Up-to-date symlink: /root/ros2_ws/install/mg400_msgs/include/mg400_msgs/mg400_msgs/msg/detail/mov_j__type_support.hpp\n'}
[0.561149] (mg400_msgs) StdoutLine: {'line': b'-- Up-to-date symlink: /root/ros2_ws/install/mg400_msgs/include/mg400_msgs/mg400_msgs/msg/detail/mov_jio__builder.hpp\n'}
[0.561238] (mg400_msgs) StdoutLine: {'line': b'-- Up-to-date symlink: /root/ros2_ws/install/mg400_msgs/include/mg400_msgs/mg400_msgs/msg/detail/mov_jio__struct.hpp\n'}
[0.561327] (mg400_msgs) StdoutLine: {'line': b'-- Up-to-date symlink: /root/ros2_ws/install/mg400_msgs/include/mg400_msgs/mg400_msgs/msg/detail/mov_jio__traits.hpp\n'}
[0.561416] (mg400_msgs) StdoutLine: {'line': b'-- Up-to-date symlink: /root/ros2_ws/install/mg400_msgs/include/mg400_msgs/mg400_msgs/msg/detail/mov_jio__type_support.hpp\n'}
[0.561506] (mg400_msgs) StdoutLine: {'line': b'-- Up-to-date symlink: /root/ros2_ws/install/mg400_msgs/include/mg400_msgs/mg400_msgs/msg/detail/mov_l__builder.hpp\n'}
[0.561606] (mg400_msgs) StdoutLine: {'line': b'-- Up-to-date symlink: /root/ros2_ws/install/mg400_msgs/include/mg400_msgs/mg400_msgs/msg/detail/mov_l__struct.hpp\n'}
[0.561733] (mg400_msgs) StdoutLine: {'line': b'-- Up-to-date symlink: /root/ros2_ws/install/mg400_msgs/include/mg400_msgs/mg400_msgs/msg/detail/mov_l__traits.hpp\n'}
[0.561794] (mg400_msgs) StdoutLine: {'line': b'-- Up-to-date symlink: /root/ros2_ws/install/mg400_msgs/include/mg400_msgs/mg400_msgs/msg/detail/mov_l__type_support.hpp\n'}
[0.561882] (mg400_msgs) StdoutLine: {'line': b'-- Up-to-date symlink: /root/ros2_ws/install/mg400_msgs/include/mg400_msgs/mg400_msgs/msg/detail/mov_lio__builder.hpp\n'}
[0.561965] (mg400_msgs) StdoutLine: {'line': b'-- Up-to-date symlink: /root/ros2_ws/install/mg400_msgs/include/mg400_msgs/mg400_msgs/msg/detail/mov_lio__struct.hpp\n'}
[0.562245] (mg400_msgs) StdoutLine: {'line': b'-- Up-to-date symlink: /root/ros2_ws/install/mg400_msgs/include/mg400_msgs/mg400_msgs/msg/detail/mov_lio__traits.hpp\n'}
[0.562443] (mg400_msgs) StdoutLine: {'line': b'-- Up-to-date symlink: /root/ros2_ws/install/mg400_msgs/include/mg400_msgs/mg400_msgs/msg/detail/mov_lio__type_support.hpp\n'}
[0.562639] (mg400_msgs) StdoutLine: {'line': b'-- Up-to-date symlink: /root/ros2_ws/install/mg400_msgs/include/mg400_msgs/mg400_msgs/msg/detail/move_jog__builder.hpp\n'}
[0.562833] (mg400_msgs) StdoutLine: {'line': b'-- Up-to-date symlink: /root/ros2_ws/install/mg400_msgs/include/mg400_msgs/mg400_msgs/msg/detail/move_jog__struct.hpp\n'}
[0.563024] (mg400_msgs) StdoutLine: {'line': b'-- Up-to-date symlink: /root/ros2_ws/install/mg400_msgs/include/mg400_msgs/mg400_msgs/msg/detail/move_jog__traits.hpp\n'}
[0.563145] (mg400_msgs) StdoutLine: {'line': b'-- Up-to-date symlink: /root/ros2_ws/install/mg400_msgs/include/mg400_msgs/mg400_msgs/msg/detail/move_jog__type_support.hpp\n'}
[0.563219] (mg400_msgs) StdoutLine: {'line': b'-- Up-to-date symlink: /root/ros2_ws/install/mg400_msgs/include/mg400_msgs/mg400_msgs/msg/detail/robot_mode__builder.hpp\n'}
[0.563297] (mg400_msgs) StdoutLine: {'line': b'-- Up-to-date symlink: /root/ros2_ws/install/mg400_msgs/include/mg400_msgs/mg400_msgs/msg/detail/robot_mode__struct.hpp\n'}
[0.563367] (mg400_msgs) StdoutLine: {'line': b'-- Up-to-date symlink: /root/ros2_ws/install/mg400_msgs/include/mg400_msgs/mg400_msgs/msg/detail/robot_mode__traits.hpp\n'}
[0.563434] (mg400_msgs) StdoutLine: {'line': b'-- Up-to-date symlink: /root/ros2_ws/install/mg400_msgs/include/mg400_msgs/mg400_msgs/msg/detail/robot_mode__type_support.hpp\n'}
[0.563484] (mg400_msgs) StdoutLine: {'line': b'-- Up-to-date symlink: /root/ros2_ws/install/mg400_msgs/include/mg400_msgs/mg400_msgs/msg/detail/tool__builder.hpp\n'}
[0.563538] (mg400_msgs) StdoutLine: {'line': b'-- Up-to-date symlink: /root/ros2_ws/install/mg400_msgs/include/mg400_msgs/mg400_msgs/msg/detail/tool__struct.hpp\n'}
[0.563600] (mg400_msgs) StdoutLine: {'line': b'-- Up-to-date symlink: /root/ros2_ws/install/mg400_msgs/include/mg400_msgs/mg400_msgs/msg/detail/tool__traits.hpp\n'}
[0.563669] (mg400_msgs) StdoutLine: {'line': b'-- Up-to-date symlink: /root/ros2_ws/install/mg400_msgs/include/mg400_msgs/mg400_msgs/msg/detail/tool__type_support.hpp\n'}
[0.563748] (mg400_msgs) StdoutLine: {'line': b'-- Up-to-date symlink: /root/ros2_ws/install/mg400_msgs/include/mg400_msgs/mg400_msgs/msg/detail/tool_di_index__builder.hpp\n'}
[0.563811] (mg400_msgs) StdoutLine: {'line': b'-- Up-to-date symlink: /root/ros2_ws/install/mg400_msgs/include/mg400_msgs/mg400_msgs/msg/detail/tool_di_index__struct.hpp\n'}
[0.563862] (mg400_msgs) StdoutLine: {'line': b'-- Up-to-date symlink: /root/ros2_ws/install/mg400_msgs/include/mg400_msgs/mg400_msgs/msg/detail/tool_di_index__traits.hpp\n'}
[0.563917] (mg400_msgs) StdoutLine: {'line': b'-- Up-to-date symlink: /root/ros2_ws/install/mg400_msgs/include/mg400_msgs/mg400_msgs/msg/detail/tool_di_index__type_support.hpp\n'}
[0.563994] (mg400_msgs) StdoutLine: {'line': b'-- Up-to-date symlink: /root/ros2_ws/install/mg400_msgs/include/mg400_msgs/mg400_msgs/msg/detail/tool_do_index__builder.hpp\n'}
[0.564045] (mg400_msgs) StdoutLine: {'line': b'-- Up-to-date symlink: /root/ros2_ws/install/mg400_msgs/include/mg400_msgs/mg400_msgs/msg/detail/tool_do_index__struct.hpp\n'}
[0.564100] (mg400_msgs) StdoutLine: {'line': b'-- Up-to-date symlink: /root/ros2_ws/install/mg400_msgs/include/mg400_msgs/mg400_msgs/msg/detail/tool_do_index__traits.hpp\n'}
[0.564179] (mg400_msgs) StdoutLine: {'line': b'-- Up-to-date symlink: /root/ros2_ws/install/mg400_msgs/include/mg400_msgs/mg400_msgs/msg/detail/tool_do_index__type_support.hpp\n'}
[0.564229] (mg400_msgs) StdoutLine: {'line': b'-- Up-to-date symlink: /root/ros2_ws/install/mg400_msgs/include/mg400_msgs/mg400_msgs/msg/detail/user__builder.hpp\n'}
[0.564292] (mg400_msgs) StdoutLine: {'line': b'-- Up-to-date symlink: /root/ros2_ws/install/mg400_msgs/include/mg400_msgs/mg400_msgs/msg/detail/user__struct.hpp\n'}
[0.564359] (mg400_msgs) StdoutLine: {'line': b'-- Up-to-date symlink: /root/ros2_ws/install/mg400_msgs/include/mg400_msgs/mg400_msgs/msg/detail/user__traits.hpp\n'}
[0.564422] (mg400_msgs) StdoutLine: {'line': b'-- Up-to-date symlink: /root/ros2_ws/install/mg400_msgs/include/mg400_msgs/mg400_msgs/msg/detail/user__type_support.hpp\n'}
[0.564494] (mg400_msgs) StdoutLine: {'line': b'-- Up-to-date symlink: /root/ros2_ws/install/mg400_msgs/include/mg400_msgs/mg400_msgs/msg/di_index.hpp\n'}
[0.564575] (mg400_msgs) StdoutLine: {'line': b'-- Up-to-date symlink: /root/ros2_ws/install/mg400_msgs/include/mg400_msgs/mg400_msgs/msg/distance_mode.hpp\n'}
[0.564651] (mg400_msgs) StdoutLine: {'line': b'-- Up-to-date symlink: /root/ros2_ws/install/mg400_msgs/include/mg400_msgs/mg400_msgs/msg/do_index.hpp\n'}
[0.564728] (mg400_msgs) StdoutLine: {'line': b'-- Up-to-date symlink: /root/ros2_ws/install/mg400_msgs/include/mg400_msgs/mg400_msgs/msg/do_status.hpp\n'}
[0.564804] (mg400_msgs) StdoutLine: {'line': b'-- Up-to-date symlink: /root/ros2_ws/install/mg400_msgs/include/mg400_msgs/mg400_msgs/msg/error_id.hpp\n'}
[0.565017] (mg400_msgs) StdoutLine: {'line': b'-- Up-to-date symlink: /root/ros2_ws/install/mg400_msgs/include/mg400_msgs/mg400_msgs/msg/id_array.hpp\n'}
[0.565104] (mg400_msgs) StdoutLine: {'line': b'-- Up-to-date symlink: /root/ros2_ws/install/mg400_msgs/include/mg400_msgs/mg400_msgs/msg/joint_mov_j.hpp\n'}
[0.565190] (mg400_msgs) StdoutLine: {'line': b'-- Up-to-date symlink: /root/ros2_ws/install/mg400_msgs/include/mg400_msgs/mg400_msgs/msg/mov_j.hpp\n'}
[0.565277] (mg400_msgs) StdoutLine: {'line': b'-- Up-to-date symlink: /root/ros2_ws/install/mg400_msgs/include/mg400_msgs/mg400_msgs/msg/mov_jio.hpp\n'}
[0.565362] (mg400_msgs) StdoutLine: {'line': b'-- Up-to-date symlink: /root/ros2_ws/install/mg400_msgs/include/mg400_msgs/mg400_msgs/msg/mov_l.hpp\n'}
[0.565446] (mg400_msgs) StdoutLine: {'line': b'-- Up-to-date symlink: /root/ros2_ws/install/mg400_msgs/include/mg400_msgs/mg400_msgs/msg/mov_lio.hpp\n'}
[0.565534] (mg400_msgs) StdoutLine: {'line': b'-- Up-to-date symlink: /root/ros2_ws/install/mg400_msgs/include/mg400_msgs/mg400_msgs/msg/move_jog.hpp\n'}
[0.565617] (mg400_msgs) StdoutLine: {'line': b'-- Up-to-date symlink: /root/ros2_ws/install/mg400_msgs/include/mg400_msgs/mg400_msgs/msg/robot_mode.hpp\n'}
[0.565704] (mg400_msgs) StdoutLine: {'line': b'-- Up-to-date symlink: /root/ros2_ws/install/mg400_msgs/include/mg400_msgs/mg400_msgs/msg/rosidl_generator_cpp__visibility_control.hpp\n'}
[0.565801] (mg400_msgs) StdoutLine: {'line': b'-- Up-to-date symlink: /root/ros2_ws/install/mg400_msgs/include/mg400_msgs/mg400_msgs/msg/tool.hpp\n'}
[0.565886] (mg400_msgs) StdoutLine: {'line': b'-- Up-to-date symlink: /root/ros2_ws/install/mg400_msgs/include/mg400_msgs/mg400_msgs/msg/tool_di_index.hpp\n'}
[0.565971] (mg400_msgs) StdoutLine: {'line': b'-- Up-to-date symlink: /root/ros2_ws/install/mg400_msgs/include/mg400_msgs/mg400_msgs/msg/tool_do_index.hpp\n'}
[0.566056] (mg400_msgs) StdoutLine: {'line': b'-- Up-to-date symlink: /root/ros2_ws/install/mg400_msgs/include/mg400_msgs/mg400_msgs/msg/user.hpp\n'}
[0.566218] (mg400_msgs) StdoutLine: {'line': b'-- Up-to-date symlink: /root/ros2_ws/install/mg400_msgs/include/mg400_msgs/mg400_msgs/srv/acc_j.hpp\n'}
[0.566381] (mg400_msgs) StdoutLine: {'line': b'-- Up-to-date symlink: /root/ros2_ws/install/mg400_msgs/include/mg400_msgs/mg400_msgs/srv/acc_l.hpp\n'}
[0.566585] (mg400_msgs) StdoutLine: {'line': b'-- Up-to-date symlink: /root/ros2_ws/install/mg400_msgs/include/mg400_msgs/mg400_msgs/srv/arch.hpp\n'}
[0.566764] (mg400_msgs) StdoutLine: {'line': b'-- Up-to-date symlink: /root/ros2_ws/install/mg400_msgs/include/mg400_msgs/mg400_msgs/srv/clear_error.hpp\n'}
[0.566940] (mg400_msgs) StdoutLine: {'line': b'-- Up-to-date symlink: /root/ros2_ws/install/mg400_msgs/include/mg400_msgs/mg400_msgs/srv/cp.hpp\n'}
[0.567131] (mg400_msgs) StdoutLine: {'line': b'-- Up-to-date symlink: /root/ros2_ws/install/mg400_msgs/include/mg400_msgs/mg400_msgs/srv/detail/acc_j__builder.hpp\n'}
[0.567306] (mg400_msgs) StdoutLine: {'line': b'-- Up-to-date symlink: /root/ros2_ws/install/mg400_msgs/include/mg400_msgs/mg400_msgs/srv/detail/acc_j__struct.hpp\n'}
[0.567466] (mg400_msgs) StdoutLine: {'line': b'-- Up-to-date symlink: /root/ros2_ws/install/mg400_msgs/include/mg400_msgs/mg400_msgs/srv/detail/acc_j__traits.hpp\n'}
[0.567649] (mg400_msgs) StdoutLine: {'line': b'-- Up-to-date symlink: /root/ros2_ws/install/mg400_msgs/include/mg400_msgs/mg400_msgs/srv/detail/acc_j__type_support.hpp\n'}
[0.567860] (mg400_msgs) StdoutLine: {'line': b'-- Up-to-date symlink: /root/ros2_ws/install/mg400_msgs/include/mg400_msgs/mg400_msgs/srv/detail/acc_l__builder.hpp\n'}
[0.568063] (mg400_msgs) StdoutLine: {'line': b'-- Up-to-date symlink: /root/ros2_ws/install/mg400_msgs/include/mg400_msgs/mg400_msgs/srv/detail/acc_l__struct.hpp\n'}
[0.568286] (mg400_msgs) StdoutLine: {'line': b'-- Up-to-date symlink: /root/ros2_ws/install/mg400_msgs/include/mg400_msgs/mg400_msgs/srv/detail/acc_l__traits.hpp\n'}
[0.568492] (mg400_msgs) StdoutLine: {'line': b'-- Up-to-date symlink: /root/ros2_ws/install/mg400_msgs/include/mg400_msgs/mg400_msgs/srv/detail/acc_l__type_support.hpp\n'}
[0.568728] (mg400_msgs) StdoutLine: {'line': b'-- Up-to-date symlink: /root/ros2_ws/install/mg400_msgs/include/mg400_msgs/mg400_msgs/srv/detail/arch__builder.hpp\n'}
[0.568903] (mg400_msgs) StdoutLine: {'line': b'-- Up-to-date symlink: /root/ros2_ws/install/mg400_msgs/include/mg400_msgs/mg400_msgs/srv/detail/arch__struct.hpp\n'}
[0.569109] (mg400_msgs) StdoutLine: {'line': b'-- Up-to-date symlink: /root/ros2_ws/install/mg400_msgs/include/mg400_msgs/mg400_msgs/srv/detail/arch__traits.hpp\n'}
[0.569299] (mg400_msgs) StdoutLine: {'line': b'-- Up-to-date symlink: /root/ros2_ws/install/mg400_msgs/include/mg400_msgs/mg400_msgs/srv/detail/arch__type_support.hpp\n'}
[0.569486] (mg400_msgs) StdoutLine: {'line': b'-- Up-to-date symlink: /root/ros2_ws/install/mg400_msgs/include/mg400_msgs/mg400_msgs/srv/detail/clear_error__builder.hpp\n'}
[0.569689] (mg400_msgs) StdoutLine: {'line': b'-- Up-to-date symlink: /root/ros2_ws/install/mg400_msgs/include/mg400_msgs/mg400_msgs/srv/detail/clear_error__struct.hpp\n'}
[0.569854] (mg400_msgs) StdoutLine: {'line': b'-- Up-to-date symlink: /root/ros2_ws/install/mg400_msgs/include/mg400_msgs/mg400_msgs/srv/detail/clear_error__traits.hpp\n'}
[0.570038] (mg400_msgs) StdoutLine: {'line': b'-- Up-to-date symlink: /root/ros2_ws/install/mg400_msgs/include/mg400_msgs/mg400_msgs/srv/detail/clear_error__type_support.hpp\n'}
[0.570218] (mg400_msgs) StdoutLine: {'line': b'-- Up-to-date symlink: /root/ros2_ws/install/mg400_msgs/include/mg400_msgs/mg400_msgs/srv/detail/cp__builder.hpp\n'}
[0.570399] (mg400_msgs) StdoutLine: {'line': b'-- Up-to-date symlink: /root/ros2_ws/install/mg400_msgs/include/mg400_msgs/mg400_msgs/srv/detail/cp__struct.hpp\n'}
[0.570576] (mg400_msgs) StdoutLine: {'line': b'-- Up-to-date symlink: /root/ros2_ws/install/mg400_msgs/include/mg400_msgs/mg400_msgs/srv/detail/cp__traits.hpp\n'}
[0.570763] (mg400_msgs) StdoutLine: {'line': b'-- Up-to-date symlink: /root/ros2_ws/install/mg400_msgs/include/mg400_msgs/mg400_msgs/srv/detail/cp__type_support.hpp\n'}
[0.570926] (mg400_msgs) StdoutLine: {'line': b'-- Up-to-date symlink: /root/ros2_ws/install/mg400_msgs/include/mg400_msgs/mg400_msgs/srv/detail/di__builder.hpp\n'}
[0.571113] (mg400_msgs) StdoutLine: {'line': b'-- Up-to-date symlink: /root/ros2_ws/install/mg400_msgs/include/mg400_msgs/mg400_msgs/srv/detail/di__struct.hpp\n'}
[0.571301] (mg400_msgs) StdoutLine: {'line': b'-- Up-to-date symlink: /root/ros2_ws/install/mg400_msgs/include/mg400_msgs/mg400_msgs/srv/detail/di__traits.hpp\n'}
[0.571486] (mg400_msgs) StdoutLine: {'line': b'-- Up-to-date symlink: /root/ros2_ws/install/mg400_msgs/include/mg400_msgs/mg400_msgs/srv/detail/di__type_support.hpp\n'}
[0.571664] (mg400_msgs) StdoutLine: {'line': b'-- Up-to-date symlink: /root/ros2_ws/install/mg400_msgs/include/mg400_msgs/mg400_msgs/srv/detail/disable_robot__builder.hpp\n'}
[0.571843] (mg400_msgs) StdoutLine: {'line': b'-- Up-to-date symlink: /root/ros2_ws/install/mg400_msgs/include/mg400_msgs/mg400_msgs/srv/detail/disable_robot__struct.hpp\n'}
[0.572008] (mg400_msgs) StdoutLine: {'line': b'-- Up-to-date symlink: /root/ros2_ws/install/mg400_msgs/include/mg400_msgs/mg400_msgs/srv/detail/disable_robot__traits.hpp\n'}
[0.572205] (mg400_msgs) StdoutLine: {'line': b'-- Up-to-date symlink: /root/ros2_ws/install/mg400_msgs/include/mg400_msgs/mg400_msgs/srv/detail/disable_robot__type_support.hpp\n'}
[0.572385] (mg400_msgs) StdoutLine: {'line': b'-- Up-to-date symlink: /root/ros2_ws/install/mg400_msgs/include/mg400_msgs/mg400_msgs/srv/detail/do__builder.hpp\n'}
[0.572566] (mg400_msgs) StdoutLine: {'line': b'-- Up-to-date symlink: /root/ros2_ws/install/mg400_msgs/include/mg400_msgs/mg400_msgs/srv/detail/do__struct.hpp\n'}
[0.572773] (mg400_msgs) StdoutLine: {'line': b'-- Up-to-date symlink: /root/ros2_ws/install/mg400_msgs/include/mg400_msgs/mg400_msgs/srv/detail/do__traits.hpp\n'}
[0.572944] (mg400_msgs) StdoutLine: {'line': b'-- Up-to-date symlink: /root/ros2_ws/install/mg400_msgs/include/mg400_msgs/mg400_msgs/srv/detail/do__type_support.hpp\n'}
[0.573115] (mg400_msgs) StdoutLine: {'line': b'-- Up-to-date symlink: /root/ros2_ws/install/mg400_msgs/include/mg400_msgs/mg400_msgs/srv/detail/emergency_stop__builder.hpp\n'}
[0.573288] (mg400_msgs) StdoutLine: {'line': b'-- Up-to-date symlink: /root/ros2_ws/install/mg400_msgs/include/mg400_msgs/mg400_msgs/srv/detail/emergency_stop__struct.hpp\n'}
[0.573467] (mg400_msgs) StdoutLine: {'line': b'-- Up-to-date symlink: /root/ros2_ws/install/mg400_msgs/include/mg400_msgs/mg400_msgs/srv/detail/emergency_stop__traits.hpp\n'}
[0.573645] (mg400_msgs) StdoutLine: {'line': b'-- Up-to-date symlink: /root/ros2_ws/install/mg400_msgs/include/mg400_msgs/mg400_msgs/srv/detail/emergency_stop__type_support.hpp\n'}
[0.573820] (mg400_msgs) StdoutLine: {'line': b'-- Up-to-date symlink: /root/ros2_ws/install/mg400_msgs/include/mg400_msgs/mg400_msgs/srv/detail/enable_robot__builder.hpp\n'}
[0.574012] (mg400_msgs) StdoutLine: {'line': b'-- Up-to-date symlink: /root/ros2_ws/install/mg400_msgs/include/mg400_msgs/mg400_msgs/srv/detail/enable_robot__struct.hpp\n'}
[0.574205] (mg400_msgs) StdoutLine: {'line': b'-- Up-to-date symlink: /root/ros2_ws/install/mg400_msgs/include/mg400_msgs/mg400_msgs/srv/detail/enable_robot__traits.hpp\n'}
[0.574397] (mg400_msgs) StdoutLine: {'line': b'-- Up-to-date symlink: /root/ros2_ws/install/mg400_msgs/include/mg400_msgs/mg400_msgs/srv/detail/enable_robot__type_support.hpp\n'}
[0.574583] (mg400_msgs) StdoutLine: {'line': b'-- Up-to-date symlink: /root/ros2_ws/install/mg400_msgs/include/mg400_msgs/mg400_msgs/srv/detail/get_angle__builder.hpp\n'}
[0.574742] (mg400_msgs) StdoutLine: {'line': b'-- Up-to-date symlink: /root/ros2_ws/install/mg400_msgs/include/mg400_msgs/mg400_msgs/srv/detail/get_angle__struct.hpp\n'}
[0.574983] (mg400_msgs) StdoutLine: {'line': b'-- Up-to-date symlink: /root/ros2_ws/install/mg400_msgs/include/mg400_msgs/mg400_msgs/srv/detail/get_angle__traits.hpp\n'}
[0.575161] (mg400_msgs) StdoutLine: {'line': b'-- Up-to-date symlink: /root/ros2_ws/install/mg400_msgs/include/mg400_msgs/mg400_msgs/srv/detail/get_angle__type_support.hpp\n'}
[0.575332] (mg400_msgs) StdoutLine: {'line': b'-- Up-to-date symlink: /root/ros2_ws/install/mg400_msgs/include/mg400_msgs/mg400_msgs/srv/detail/get_error_id__builder.hpp\n'}
[0.575511] (mg400_msgs) StdoutLine: {'line': b'-- Up-to-date symlink: /root/ros2_ws/install/mg400_msgs/include/mg400_msgs/mg400_msgs/srv/detail/get_error_id__struct.hpp\n'}
[0.575776] (mg400_msgs) StdoutLine: {'line': b'-- Up-to-date symlink: /root/ros2_ws/install/mg400_msgs/include/mg400_msgs/mg400_msgs/srv/detail/get_error_id__traits.hpp\n'}
[0.575964] (mg400_msgs) StdoutLine: {'line': b'-- Up-to-date symlink: /root/ros2_ws/install/mg400_msgs/include/mg400_msgs/mg400_msgs/srv/detail/get_error_id__type_support.hpp\n'}
[0.576103] (mg400_msgs) StdoutLine: {'line': b'-- Up-to-date symlink: /root/ros2_ws/install/mg400_msgs/include/mg400_msgs/mg400_msgs/srv/detail/get_pose__builder.hpp\n'}
[0.576243] (mg400_msgs) StdoutLine: {'line': b'-- Up-to-date symlink: /root/ros2_ws/install/mg400_msgs/include/mg400_msgs/mg400_msgs/srv/detail/get_pose__struct.hpp\n'}
[0.576429] (mg400_msgs) StdoutLine: {'line': b'-- Up-to-date symlink: /root/ros2_ws/install/mg400_msgs/include/mg400_msgs/mg400_msgs/srv/detail/get_pose__traits.hpp\n'}
[0.576614] (mg400_msgs) StdoutLine: {'line': b'-- Up-to-date symlink: /root/ros2_ws/install/mg400_msgs/include/mg400_msgs/mg400_msgs/srv/detail/get_pose__type_support.hpp\n'}
[0.576801] (mg400_msgs) StdoutLine: {'line': b'-- Up-to-date symlink: /root/ros2_ws/install/mg400_msgs/include/mg400_msgs/mg400_msgs/srv/detail/inverse_solution__builder.hpp\n'}
[0.576982] (mg400_msgs) StdoutLine: {'line': b'-- Up-to-date symlink: /root/ros2_ws/install/mg400_msgs/include/mg400_msgs/mg400_msgs/srv/detail/inverse_solution__struct.hpp\n'}
[0.577231] (mg400_msgs) StdoutLine: {'line': b'-- Up-to-date symlink: /root/ros2_ws/install/mg400_msgs/include/mg400_msgs/mg400_msgs/srv/detail/inverse_solution__traits.hpp\n'}
[0.577423] (mg400_msgs) StdoutLine: {'line': b'-- Up-to-date symlink: /root/ros2_ws/install/mg400_msgs/include/mg400_msgs/mg400_msgs/srv/detail/inverse_solution__type_support.hpp\n'}
[0.577613] (mg400_msgs) StdoutLine: {'line': b'-- Up-to-date symlink: /root/ros2_ws/install/mg400_msgs/include/mg400_msgs/mg400_msgs/srv/detail/joint_mov_j__builder.hpp\n'}
[0.577878] (mg400_msgs) StdoutLine: {'line': b'-- Up-to-date symlink: /root/ros2_ws/install/mg400_msgs/include/mg400_msgs/mg400_msgs/srv/detail/joint_mov_j__struct.hpp\n'}
[0.578055] (mg400_msgs) StdoutLine: {'line': b'-- Up-to-date symlink: /root/ros2_ws/install/mg400_msgs/include/mg400_msgs/mg400_msgs/srv/detail/joint_mov_j__traits.hpp\n'}
[0.578191] (mg400_msgs) StdoutLine: {'line': b'-- Up-to-date symlink: /root/ros2_ws/install/mg400_msgs/include/mg400_msgs/mg400_msgs/srv/detail/joint_mov_j__type_support.hpp\n'}
[0.578284] (mg400_msgs) StdoutLine: {'line': b'-- Up-to-date symlink: /root/ros2_ws/install/mg400_msgs/include/mg400_msgs/mg400_msgs/srv/detail/move_jog__builder.hpp\n'}
[0.578376] (mg400_msgs) StdoutLine: {'line': b'-- Up-to-date symlink: /root/ros2_ws/install/mg400_msgs/include/mg400_msgs/mg400_msgs/srv/detail/move_jog__struct.hpp\n'}
[0.578467] (mg400_msgs) StdoutLine: {'line': b'-- Up-to-date symlink: /root/ros2_ws/install/mg400_msgs/include/mg400_msgs/mg400_msgs/srv/detail/move_jog__traits.hpp\n'}
[0.578555] (mg400_msgs) StdoutLine: {'line': b'-- Up-to-date symlink: /root/ros2_ws/install/mg400_msgs/include/mg400_msgs/mg400_msgs/srv/detail/move_jog__type_support.hpp\n'}
[0.578696] (mg400_msgs) StdoutLine: {'line': b'-- Up-to-date symlink: /root/ros2_ws/install/mg400_msgs/include/mg400_msgs/mg400_msgs/srv/detail/pay_load__builder.hpp\n'}
[0.578887] (mg400_msgs) StdoutLine: {'line': b'-- Up-to-date symlink: /root/ros2_ws/install/mg400_msgs/include/mg400_msgs/mg400_msgs/srv/detail/pay_load__struct.hpp\n'}
[0.579032] (mg400_msgs) StdoutLine: {'line': b'-- Up-to-date symlink: /root/ros2_ws/install/mg400_msgs/include/mg400_msgs/mg400_msgs/srv/detail/pay_load__traits.hpp\n'}
[0.579170] (mg400_msgs) StdoutLine: {'line': b'-- Up-to-date symlink: /root/ros2_ws/install/mg400_msgs/include/mg400_msgs/mg400_msgs/srv/detail/pay_load__type_support.hpp\n'}
[0.579312] (mg400_msgs) StdoutLine: {'line': b'-- Up-to-date symlink: /root/ros2_ws/install/mg400_msgs/include/mg400_msgs/mg400_msgs/srv/detail/positive_solution__builder.hpp\n'}
[0.579452] (mg400_msgs) StdoutLine: {'line': b'-- Up-to-date symlink: /root/ros2_ws/install/mg400_msgs/include/mg400_msgs/mg400_msgs/srv/detail/positive_solution__struct.hpp\n'}
[0.579591] (mg400_msgs) StdoutLine: {'line': b'-- Up-to-date symlink: /root/ros2_ws/install/mg400_msgs/include/mg400_msgs/mg400_msgs/srv/detail/positive_solution__traits.hpp\n'}
[0.579738] (mg400_msgs) StdoutLine: {'line': b'-- Up-to-date symlink: /root/ros2_ws/install/mg400_msgs/include/mg400_msgs/mg400_msgs/srv/detail/positive_solution__type_support.hpp\n'}
[0.579832] (mg400_msgs) StdoutLine: {'line': b'-- Up-to-date symlink: /root/ros2_ws/install/mg400_msgs/include/mg400_msgs/mg400_msgs/srv/detail/reset_robot__builder.hpp\n'}
[0.579924] (mg400_msgs) StdoutLine: {'line': b'-- Up-to-date symlink: /root/ros2_ws/install/mg400_msgs/include/mg400_msgs/mg400_msgs/srv/detail/reset_robot__struct.hpp\n'}
[0.580013] (mg400_msgs) StdoutLine: {'line': b'-- Up-to-date symlink: /root/ros2_ws/install/mg400_msgs/include/mg400_msgs/mg400_msgs/srv/detail/reset_robot__traits.hpp\n'}
[0.580097] (mg400_msgs) StdoutLine: {'line': b'-- Up-to-date symlink: /root/ros2_ws/install/mg400_msgs/include/mg400_msgs/mg400_msgs/srv/detail/reset_robot__type_support.hpp\n'}
[0.580185] (mg400_msgs) StdoutLine: {'line': b'-- Up-to-date symlink: /root/ros2_ws/install/mg400_msgs/include/mg400_msgs/mg400_msgs/srv/detail/robot_mode__builder.hpp\n'}
[0.580274] (mg400_msgs) StdoutLine: {'line': b'-- Up-to-date symlink: /root/ros2_ws/install/mg400_msgs/include/mg400_msgs/mg400_msgs/srv/detail/robot_mode__struct.hpp\n'}
[0.580363] (mg400_msgs) StdoutLine: {'line': b'-- Up-to-date symlink: /root/ros2_ws/install/mg400_msgs/include/mg400_msgs/mg400_msgs/srv/detail/robot_mode__traits.hpp\n'}
[0.580452] (mg400_msgs) StdoutLine: {'line': b'-- Up-to-date symlink: /root/ros2_ws/install/mg400_msgs/include/mg400_msgs/mg400_msgs/srv/detail/robot_mode__type_support.hpp\n'}
[0.580542] (mg400_msgs) StdoutLine: {'line': b'-- Up-to-date symlink: /root/ros2_ws/install/mg400_msgs/include/mg400_msgs/mg400_msgs/srv/detail/set_collision_level__builder.hpp\n'}
[0.580632] (mg400_msgs) StdoutLine: {'line': b'-- Up-to-date symlink: /root/ros2_ws/install/mg400_msgs/include/mg400_msgs/mg400_msgs/srv/detail/set_collision_level__struct.hpp\n'}
[0.580735] (mg400_msgs) StdoutLine: {'line': b'-- Up-to-date symlink: /root/ros2_ws/install/mg400_msgs/include/mg400_msgs/mg400_msgs/srv/detail/set_collision_level__traits.hpp\n'}
[0.580826] (mg400_msgs) StdoutLine: {'line': b'-- Up-to-date symlink: /root/ros2_ws/install/mg400_msgs/include/mg400_msgs/mg400_msgs/srv/detail/set_collision_level__type_support.hpp\n'}
[0.580920] (mg400_msgs) StdoutLine: {'line': b'-- Up-to-date symlink: /root/ros2_ws/install/mg400_msgs/include/mg400_msgs/mg400_msgs/srv/detail/speed_factor__builder.hpp\n'}
[0.581010] (mg400_msgs) StdoutLine: {'line': b'-- Up-to-date symlink: /root/ros2_ws/install/mg400_msgs/include/mg400_msgs/mg400_msgs/srv/detail/speed_factor__struct.hpp\n'}
[0.581099] (mg400_msgs) StdoutLine: {'line': b'-- Up-to-date symlink: /root/ros2_ws/install/mg400_msgs/include/mg400_msgs/mg400_msgs/srv/detail/speed_factor__traits.hpp\n'}
[0.581191] (mg400_msgs) StdoutLine: {'line': b'-- Up-to-date symlink: /root/ros2_ws/install/mg400_msgs/include/mg400_msgs/mg400_msgs/srv/detail/speed_factor__type_support.hpp\n'}
[0.581280] (mg400_msgs) StdoutLine: {'line': b'-- Up-to-date symlink: /root/ros2_ws/install/mg400_msgs/include/mg400_msgs/mg400_msgs/srv/detail/speed_j__builder.hpp\n'}
[0.581369] (mg400_msgs) StdoutLine: {'line': b'-- Up-to-date symlink: /root/ros2_ws/install/mg400_msgs/include/mg400_msgs/mg400_msgs/srv/detail/speed_j__struct.hpp\n'}
[0.581458] (mg400_msgs) StdoutLine: {'line': b'-- Up-to-date symlink: /root/ros2_ws/install/mg400_msgs/include/mg400_msgs/mg400_msgs/srv/detail/speed_j__traits.hpp\n'}
[0.581547] (mg400_msgs) StdoutLine: {'line': b'-- Up-to-date symlink: /root/ros2_ws/install/mg400_msgs/include/mg400_msgs/mg400_msgs/srv/detail/speed_j__type_support.hpp\n'}
[0.581636] (mg400_msgs) StdoutLine: {'line': b'-- Up-to-date symlink: /root/ros2_ws/install/mg400_msgs/include/mg400_msgs/mg400_msgs/srv/detail/speed_l__builder.hpp\n'}
[0.581738] (mg400_msgs) StdoutLine: {'line': b'-- Up-to-date symlink: /root/ros2_ws/install/mg400_msgs/include/mg400_msgs/mg400_msgs/srv/detail/speed_l__struct.hpp\n'}
[0.581828] (mg400_msgs) StdoutLine: {'line': b'-- Up-to-date symlink: /root/ros2_ws/install/mg400_msgs/include/mg400_msgs/mg400_msgs/srv/detail/speed_l__traits.hpp\n'}
[0.581917] (mg400_msgs) StdoutLine: {'line': b'-- Up-to-date symlink: /root/ros2_ws/install/mg400_msgs/include/mg400_msgs/mg400_msgs/srv/detail/speed_l__type_support.hpp\n'}
[0.582007] (mg400_msgs) StdoutLine: {'line': b'-- Up-to-date symlink: /root/ros2_ws/install/mg400_msgs/include/mg400_msgs/mg400_msgs/srv/detail/tool__builder.hpp\n'}
[0.582101] (mg400_msgs) StdoutLine: {'line': b'-- Up-to-date symlink: /root/ros2_ws/install/mg400_msgs/include/mg400_msgs/mg400_msgs/srv/detail/tool__struct.hpp\n'}
[0.582192] (mg400_msgs) StdoutLine: {'line': b'-- Up-to-date symlink: /root/ros2_ws/install/mg400_msgs/include/mg400_msgs/mg400_msgs/srv/detail/tool__traits.hpp\n'}
[0.582285] (mg400_msgs) StdoutLine: {'line': b'-- Up-to-date symlink: /root/ros2_ws/install/mg400_msgs/include/mg400_msgs/mg400_msgs/srv/detail/tool__type_support.hpp\n'}
[0.582394] (mg400_msgs) StdoutLine: {'line': b'-- Up-to-date symlink: /root/ros2_ws/install/mg400_msgs/include/mg400_msgs/mg400_msgs/srv/detail/tool_di__builder.hpp\n'}
[0.582486] (mg400_msgs) StdoutLine: {'line': b'-- Up-to-date symlink: /root/ros2_ws/install/mg400_msgs/include/mg400_msgs/mg400_msgs/srv/detail/tool_di__struct.hpp\n'}
[0.582576] (mg400_msgs) StdoutLine: {'line': b'-- Up-to-date symlink: /root/ros2_ws/install/mg400_msgs/include/mg400_msgs/mg400_msgs/srv/detail/tool_di__traits.hpp\n'}
[0.582665] (mg400_msgs) StdoutLine: {'line': b'-- Up-to-date symlink: /root/ros2_ws/install/mg400_msgs/include/mg400_msgs/mg400_msgs/srv/detail/tool_di__type_support.hpp\n'}
[0.582767] (mg400_msgs) StdoutLine: {'line': b'-- Up-to-date symlink: /root/ros2_ws/install/mg400_msgs/include/mg400_msgs/mg400_msgs/srv/detail/tool_do_execute__builder.hpp\n'}
[0.582856] (mg400_msgs) StdoutLine: {'line': b'-- Up-to-date symlink: /root/ros2_ws/install/mg400_msgs/include/mg400_msgs/mg400_msgs/srv/detail/tool_do_execute__struct.hpp\n'}
[0.582944] (mg400_msgs) StdoutLine: {'line': b'-- Up-to-date symlink: /root/ros2_ws/install/mg400_msgs/include/mg400_msgs/mg400_msgs/srv/detail/tool_do_execute__traits.hpp\n'}
[0.583034] (mg400_msgs) StdoutLine: {'line': b'-- Up-to-date symlink: /root/ros2_ws/install/mg400_msgs/include/mg400_msgs/mg400_msgs/srv/detail/tool_do_execute__type_support.hpp\n'}
[0.583123] (mg400_msgs) StdoutLine: {'line': b'-- Up-to-date symlink: /root/ros2_ws/install/mg400_msgs/include/mg400_msgs/mg400_msgs/srv/detail/user__builder.hpp\n'}
[0.583212] (mg400_msgs) StdoutLine: {'line': b'-- Up-to-date symlink: /root/ros2_ws/install/mg400_msgs/include/mg400_msgs/mg400_msgs/srv/detail/user__struct.hpp\n'}
[0.583309] (mg400_msgs) StdoutLine: {'line': b'-- Up-to-date symlink: /root/ros2_ws/install/mg400_msgs/include/mg400_msgs/mg400_msgs/srv/detail/user__traits.hpp\n'}
[0.583393] (mg400_msgs) StdoutLine: {'line': b'-- Up-to-date symlink: /root/ros2_ws/install/mg400_msgs/include/mg400_msgs/mg400_msgs/srv/detail/user__type_support.hpp\n'}
[0.583651] (mg400_msgs) StdoutLine: {'line': b'-- Up-to-date symlink: /root/ros2_ws/install/mg400_msgs/include/mg400_msgs/mg400_msgs/srv/di.hpp\n'}
[0.583807] (mg400_msgs) StdoutLine: {'line': b'-- Up-to-date symlink: /root/ros2_ws/install/mg400_msgs/include/mg400_msgs/mg400_msgs/srv/disable_robot.hpp\n'}
[0.583943] (mg400_msgs) StdoutLine: {'line': b'-- Up-to-date symlink: /root/ros2_ws/install/mg400_msgs/include/mg400_msgs/mg400_msgs/srv/do.hpp\n'}
[0.584105] (mg400_msgs) StdoutLine: {'line': b'-- Up-to-date symlink: /root/ros2_ws/install/mg400_msgs/include/mg400_msgs/mg400_msgs/srv/emergency_stop.hpp\n'}
[0.584270] (mg400_msgs) StdoutLine: {'line': b'-- Up-to-date symlink: /root/ros2_ws/install/mg400_msgs/include/mg400_msgs/mg400_msgs/srv/enable_robot.hpp\n'}
[0.584430] (mg400_msgs) StdoutLine: {'line': b'-- Up-to-date symlink: /root/ros2_ws/install/mg400_msgs/include/mg400_msgs/mg400_msgs/srv/get_angle.hpp\n'}
[0.584663] (mg400_msgs) StdoutLine: {'line': b'-- Up-to-date symlink: /root/ros2_ws/install/mg400_msgs/include/mg400_msgs/mg400_msgs/srv/get_error_id.hpp\n'}
[0.584985] (mg400_msgs) StdoutLine: {'line': b'-- Up-to-date symlink: /root/ros2_ws/install/mg400_msgs/include/mg400_msgs/mg400_msgs/srv/get_pose.hpp\n'}
[0.585170] (mg400_msgs) StdoutLine: {'line': b'-- Up-to-date symlink: /root/ros2_ws/install/mg400_msgs/include/mg400_msgs/mg400_msgs/srv/inverse_solution.hpp\n'}
[0.585321] (mg400_msgs) StdoutLine: {'line': b'-- Up-to-date symlink: /root/ros2_ws/install/mg400_msgs/include/mg400_msgs/mg400_msgs/srv/joint_mov_j.hpp\n'}
[0.585435] (mg400_msgs) StdoutLine: {'line': b'-- Up-to-date symlink: /root/ros2_ws/install/mg400_msgs/include/mg400_msgs/mg400_msgs/srv/move_jog.hpp\n'}
[0.585555] (mg400_msgs) StdoutLine: {'line': b'-- Up-to-date symlink: /root/ros2_ws/install/mg400_msgs/include/mg400_msgs/mg400_msgs/srv/pay_load.hpp\n'}
[0.585774] (mg400_msgs) StdoutLine: {'line': b'-- Up-to-date symlink: /root/ros2_ws/install/mg400_msgs/include/mg400_msgs/mg400_msgs/srv/positive_solution.hpp\n'}
[0.585943] (mg400_msgs) StdoutLine: {'line': b'-- Up-to-date symlink: /root/ros2_ws/install/mg400_msgs/include/mg400_msgs/mg400_msgs/srv/reset_robot.hpp\n'}
[0.586010] (mg400_msgs) StdoutLine: {'line': b'-- Up-to-date symlink: /root/ros2_ws/install/mg400_msgs/include/mg400_msgs/mg400_msgs/srv/robot_mode.hpp\n'}
[0.586066] (mg400_msgs) StdoutLine: {'line': b'-- Up-to-date symlink: /root/ros2_ws/install/mg400_msgs/include/mg400_msgs/mg400_msgs/srv/set_collision_level.hpp\n'}
[0.586133] (mg400_msgs) StdoutLine: {'line': b'-- Up-to-date symlink: /root/ros2_ws/install/mg400_msgs/include/mg400_msgs/mg400_msgs/srv/speed_factor.hpp\n'}
[0.586196] (mg400_msgs) StdoutLine: {'line': b'-- Up-to-date symlink: /root/ros2_ws/install/mg400_msgs/include/mg400_msgs/mg400_msgs/srv/speed_j.hpp\n'}
[0.586267] (mg400_msgs) StdoutLine: {'line': b'-- Up-to-date symlink: /root/ros2_ws/install/mg400_msgs/include/mg400_msgs/mg400_msgs/srv/speed_l.hpp\n'}
[0.586341] (mg400_msgs) StdoutLine: {'line': b'-- Up-to-date symlink: /root/ros2_ws/install/mg400_msgs/include/mg400_msgs/mg400_msgs/srv/tool.hpp\n'}
[0.586428] (mg400_msgs) StdoutLine: {'line': b'-- Up-to-date symlink: /root/ros2_ws/install/mg400_msgs/include/mg400_msgs/mg400_msgs/srv/tool_di.hpp\n'}
[0.586505] (mg400_msgs) StdoutLine: {'line': b'-- Up-to-date symlink: /root/ros2_ws/install/mg400_msgs/include/mg400_msgs/mg400_msgs/srv/tool_do_execute.hpp\n'}
[0.586592] (mg400_msgs) StdoutLine: {'line': b'-- Up-to-date symlink: /root/ros2_ws/install/mg400_msgs/include/mg400_msgs/mg400_msgs/srv/user.hpp\n'}
[0.589981] (mg400_msgs) StdoutLine: {'line': b'-- Up-to-date symlink: /root/ros2_ws/install/mg400_msgs/include/mg400_msgs/mg400_msgs/action/detail/command_queue__rosidl_typesupport_fastrtps_cpp.hpp\n'}
[0.590162] (mg400_msgs) StdoutLine: {'line': b'-- Up-to-date symlink: /root/ros2_ws/install/mg400_msgs/include/mg400_msgs/mg400_msgs/action/detail/joint_mov_j__rosidl_typesupport_fastrtps_cpp.hpp\n'}
[0.590291] (mg400_msgs) StdoutLine: {'line': b'-- Up-to-date symlink: /root/ros2_ws/install/mg400_msgs/include/mg400_msgs/mg400_msgs/action/detail/mov_j__rosidl_typesupport_fastrtps_cpp.hpp\n'}
[0.590553] (mg400_msgs) StdoutLine: {'line': b'-- Up-to-date symlink: /root/ros2_ws/install/mg400_msgs/include/mg400_msgs/mg400_msgs/action/detail/mov_jio__rosidl_typesupport_fastrtps_cpp.hpp\n'}
[0.590746] (mg400_msgs) StdoutLine: {'line': b'-- Up-to-date symlink: /root/ros2_ws/install/mg400_msgs/include/mg400_msgs/mg400_msgs/action/detail/mov_l__rosidl_typesupport_fastrtps_cpp.hpp\n'}
[0.590950] (mg400_msgs) StdoutLine: {'line': b'-- Up-to-date symlink: /root/ros2_ws/install/mg400_msgs/include/mg400_msgs/mg400_msgs/action/detail/mov_lio__rosidl_typesupport_fastrtps_cpp.hpp\n'}
[0.591123] (mg400_msgs) StdoutLine: {'line': b'-- Up-to-date symlink: /root/ros2_ws/install/mg400_msgs/include/mg400_msgs/mg400_msgs/msg/detail/arch__rosidl_typesupport_fastrtps_cpp.hpp\n'}
[0.591287] (mg400_msgs) StdoutLine: {'line': b'-- Up-to-date symlink: /root/ros2_ws/install/mg400_msgs/include/mg400_msgs/mg400_msgs/msg/detail/collision_level__rosidl_typesupport_fastrtps_cpp.hpp\n'}
[0.591726] (mg400_msgs) StdoutLine: {'line': b'-- Up-to-date symlink: /root/ros2_ws/install/mg400_msgs/include/mg400_msgs/mg400_msgs/msg/detail/command__rosidl_typesupport_fastrtps_cpp.hpp\n'}
[0.591893] (mg400_msgs) StdoutLine: {'line': b'-- Up-to-date symlink: /root/ros2_ws/install/mg400_msgs/include/mg400_msgs/mg400_msgs/msg/detail/di_index__rosidl_typesupport_fastrtps_cpp.hpp\n'}
[0.592068] (mg400_msgs) StdoutLine: {'line': b'-- Up-to-date symlink: /root/ros2_ws/install/mg400_msgs/include/mg400_msgs/mg400_msgs/msg/detail/distance_mode__rosidl_typesupport_fastrtps_cpp.hpp\n'}
[0.592232] (mg400_msgs) StdoutLine: {'line': b'-- Up-to-date symlink: /root/ros2_ws/install/mg400_msgs/include/mg400_msgs/mg400_msgs/msg/detail/do_index__rosidl_typesupport_fastrtps_cpp.hpp\n'}
[0.592391] (mg400_msgs) StdoutLine: {'line': b'-- Up-to-date symlink: /root/ros2_ws/install/mg400_msgs/include/mg400_msgs/mg400_msgs/msg/detail/do_status__rosidl_typesupport_fastrtps_cpp.hpp\n'}
[0.592549] (mg400_msgs) StdoutLine: {'line': b'-- Up-to-date symlink: /root/ros2_ws/install/mg400_msgs/include/mg400_msgs/mg400_msgs/msg/detail/error_id__rosidl_typesupport_fastrtps_cpp.hpp\n'}
[0.592709] (mg400_msgs) StdoutLine: {'line': b'-- Up-to-date symlink: /root/ros2_ws/install/mg400_msgs/include/mg400_msgs/mg400_msgs/msg/detail/id_array__rosidl_typesupport_fastrtps_cpp.hpp\n'}
[0.592878] (mg400_msgs) StdoutLine: {'line': b'-- Up-to-date symlink: /root/ros2_ws/install/mg400_msgs/include/mg400_msgs/mg400_msgs/msg/detail/joint_mov_j__rosidl_typesupport_fastrtps_cpp.hpp\n'}
[0.593038] (mg400_msgs) StdoutLine: {'line': b'-- Up-to-date symlink: /root/ros2_ws/install/mg400_msgs/include/mg400_msgs/mg400_msgs/msg/detail/mov_j__rosidl_typesupport_fastrtps_cpp.hpp\n'}
[0.593201] (mg400_msgs) StdoutLine: {'line': b'-- Up-to-date symlink: /root/ros2_ws/install/mg400_msgs/include/mg400_msgs/mg400_msgs/msg/detail/mov_jio__rosidl_typesupport_fastrtps_cpp.hpp\n'}
[0.593364] (mg400_msgs) StdoutLine: {'line': b'-- Up-to-date symlink: /root/ros2_ws/install/mg400_msgs/include/mg400_msgs/mg400_msgs/msg/detail/mov_l__rosidl_typesupport_fastrtps_cpp.hpp\n'}
[0.593524] (mg400_msgs) StdoutLine: {'line': b'-- Up-to-date symlink: /root/ros2_ws/install/mg400_msgs/include/mg400_msgs/mg400_msgs/msg/detail/mov_lio__rosidl_typesupport_fastrtps_cpp.hpp\n'}
[0.593694] (mg400_msgs) StdoutLine: {'line': b'-- Up-to-date symlink: /root/ros2_ws/install/mg400_msgs/include/mg400_msgs/mg400_msgs/msg/detail/move_jog__rosidl_typesupport_fastrtps_cpp.hpp\n'}
[0.593873] (mg400_msgs) StdoutLine: {'line': b'-- Up-to-date symlink: /root/ros2_ws/install/mg400_msgs/include/mg400_msgs/mg400_msgs/msg/detail/robot_mode__rosidl_typesupport_fastrtps_cpp.hpp\n'}
[0.594033] (mg400_msgs) StdoutLine: {'line': b'-- Up-to-date symlink: /root/ros2_ws/install/mg400_msgs/include/mg400_msgs/mg400_msgs/msg/detail/tool__rosidl_typesupport_fastrtps_cpp.hpp\n'}
[0.594196] (mg400_msgs) StdoutLine: {'line': b'-- Up-to-date symlink: /root/ros2_ws/install/mg400_msgs/include/mg400_msgs/mg400_msgs/msg/detail/tool_di_index__rosidl_typesupport_fastrtps_cpp.hpp\n'}
[0.594354] (mg400_msgs) StdoutLine: {'line': b'-- Up-to-date symlink: /root/ros2_ws/install/mg400_msgs/include/mg400_msgs/mg400_msgs/msg/detail/tool_do_index__rosidl_typesupport_fastrtps_cpp.hpp\n'}
[0.594514] (mg400_msgs) StdoutLine: {'line': b'-- Up-to-date symlink: /root/ros2_ws/install/mg400_msgs/include/mg400_msgs/mg400_msgs/msg/detail/user__rosidl_typesupport_fastrtps_cpp.hpp\n'}
[0.594672] (mg400_msgs) StdoutLine: {'line': b'-- Up-to-date symlink: /root/ros2_ws/install/mg400_msgs/include/mg400_msgs/mg400_msgs/msg/rosidl_typesupport_fastrtps_cpp__visibility_control.h\n'}
[0.594844] (mg400_msgs) StdoutLine: {'line': b'-- Up-to-date symlink: /root/ros2_ws/install/mg400_msgs/include/mg400_msgs/mg400_msgs/srv/detail/acc_j__rosidl_typesupport_fastrtps_cpp.hpp\n'}
[0.595002] (mg400_msgs) StdoutLine: {'line': b'-- Up-to-date symlink: /root/ros2_ws/install/mg400_msgs/include/mg400_msgs/mg400_msgs/srv/detail/acc_l__rosidl_typesupport_fastrtps_cpp.hpp\n'}
[0.595226] (mg400_msgs) StdoutLine: {'line': b'-- Up-to-date symlink: /root/ros2_ws/install/mg400_msgs/include/mg400_msgs/mg400_msgs/srv/detail/arch__rosidl_typesupport_fastrtps_cpp.hpp\n'}
[0.595390] (mg400_msgs) StdoutLine: {'line': b'-- Up-to-date symlink: /root/ros2_ws/install/mg400_msgs/include/mg400_msgs/mg400_msgs/srv/detail/clear_error__rosidl_typesupport_fastrtps_cpp.hpp\n'}
[0.595549] (mg400_msgs) StdoutLine: {'line': b'-- Up-to-date symlink: /root/ros2_ws/install/mg400_msgs/include/mg400_msgs/mg400_msgs/srv/detail/cp__rosidl_typesupport_fastrtps_cpp.hpp\n'}
[0.595715] (mg400_msgs) StdoutLine: {'line': b'-- Up-to-date symlink: /root/ros2_ws/install/mg400_msgs/include/mg400_msgs/mg400_msgs/srv/detail/di__rosidl_typesupport_fastrtps_cpp.hpp\n'}
[0.595877] (mg400_msgs) StdoutLine: {'line': b'-- Up-to-date symlink: /root/ros2_ws/install/mg400_msgs/include/mg400_msgs/mg400_msgs/srv/detail/disable_robot__rosidl_typesupport_fastrtps_cpp.hpp\n'}
[0.596038] (mg400_msgs) StdoutLine: {'line': b'-- Up-to-date symlink: /root/ros2_ws/install/mg400_msgs/include/mg400_msgs/mg400_msgs/srv/detail/do__rosidl_typesupport_fastrtps_cpp.hpp\n'}
[0.596204] (mg400_msgs) StdoutLine: {'line': b'-- Up-to-date symlink: /root/ros2_ws/install/mg400_msgs/include/mg400_msgs/mg400_msgs/srv/detail/emergency_stop__rosidl_typesupport_fastrtps_cpp.hpp\n'}
[0.596372] (mg400_msgs) StdoutLine: {'line': b'-- Up-to-date symlink: /root/ros2_ws/install/mg400_msgs/include/mg400_msgs/mg400_msgs/srv/detail/enable_robot__rosidl_typesupport_fastrtps_cpp.hpp\n'}
[0.596536] (mg400_msgs) StdoutLine: {'line': b'-- Up-to-date symlink: /root/ros2_ws/install/mg400_msgs/include/mg400_msgs/mg400_msgs/srv/detail/get_angle__rosidl_typesupport_fastrtps_cpp.hpp\n'}
[0.596703] (mg400_msgs) StdoutLine: {'line': b'-- Up-to-date symlink: /root/ros2_ws/install/mg400_msgs/include/mg400_msgs/mg400_msgs/srv/detail/get_error_id__rosidl_typesupport_fastrtps_cpp.hpp\n'}
[0.596867] (mg400_msgs) StdoutLine: {'line': b'-- Up-to-date symlink: /root/ros2_ws/install/mg400_msgs/include/mg400_msgs/mg400_msgs/srv/detail/get_pose__rosidl_typesupport_fastrtps_cpp.hpp\n'}
[0.597042] (mg400_msgs) StdoutLine: {'line': b'-- Up-to-date symlink: /root/ros2_ws/install/mg400_msgs/include/mg400_msgs/mg400_msgs/srv/detail/inverse_solution__rosidl_typesupport_fastrtps_cpp.hpp\n'}
[0.597203] (mg400_msgs) StdoutLine: {'line': b'-- Up-to-date symlink: /root/ros2_ws/install/mg400_msgs/include/mg400_msgs/mg400_msgs/srv/detail/joint_mov_j__rosidl_typesupport_fastrtps_cpp.hpp\n'}
[0.597357] (mg400_msgs) StdoutLine: {'line': b'-- Up-to-date symlink: /root/ros2_ws/install/mg400_msgs/include/mg400_msgs/mg400_msgs/srv/detail/move_jog__rosidl_typesupport_fastrtps_cpp.hpp\n'}
[0.597520] (mg400_msgs) StdoutLine: {'line': b'-- Up-to-date symlink: /root/ros2_ws/install/mg400_msgs/include/mg400_msgs/mg400_msgs/srv/detail/pay_load__rosidl_typesupport_fastrtps_cpp.hpp\n'}
[0.597689] (mg400_msgs) StdoutLine: {'line': b'-- Up-to-date symlink: /root/ros2_ws/install/mg400_msgs/include/mg400_msgs/mg400_msgs/srv/detail/positive_solution__rosidl_typesupport_fastrtps_cpp.hpp\n'}
[0.597857] (mg400_msgs) StdoutLine: {'line': b'-- Up-to-date symlink: /root/ros2_ws/install/mg400_msgs/include/mg400_msgs/mg400_msgs/srv/detail/reset_robot__rosidl_typesupport_fastrtps_cpp.hpp\n'}
[0.598013] (mg400_msgs) StdoutLine: {'line': b'-- Up-to-date symlink: /root/ros2_ws/install/mg400_msgs/include/mg400_msgs/mg400_msgs/srv/detail/robot_mode__rosidl_typesupport_fastrtps_cpp.hpp\n'}
[0.598245] (mg400_msgs) StdoutLine: {'line': b'-- Up-to-date symlink: /root/ros2_ws/install/mg400_msgs/include/mg400_msgs/mg400_msgs/srv/detail/set_collision_level__rosidl_typesupport_fastrtps_cpp.hpp\n'}
[0.598431] (mg400_msgs) StdoutLine: {'line': b'-- Up-to-date symlink: /root/ros2_ws/install/mg400_msgs/include/mg400_msgs/mg400_msgs/srv/detail/speed_factor__rosidl_typesupport_fastrtps_cpp.hpp\n'}
[0.598612] (mg400_msgs) StdoutLine: {'line': b'-- Up-to-date symlink: /root/ros2_ws/install/mg400_msgs/include/mg400_msgs/mg400_msgs/srv/detail/speed_j__rosidl_typesupport_fastrtps_cpp.hpp\n'}
[0.598793] (mg400_msgs) StdoutLine: {'line': b'-- Up-to-date symlink: /root/ros2_ws/install/mg400_msgs/include/mg400_msgs/mg400_msgs/srv/detail/speed_l__rosidl_typesupport_fastrtps_cpp.hpp\n'}
[0.598982] (mg400_msgs) StdoutLine: {'line': b'-- Up-to-date symlink: /root/ros2_ws/install/mg400_msgs/include/mg400_msgs/mg400_msgs/srv/detail/tool__rosidl_typesupport_fastrtps_cpp.hpp\n'}
[0.599182] (mg400_msgs) StdoutLine: {'line': b'-- Up-to-date symlink: /root/ros2_ws/install/mg400_msgs/include/mg400_msgs/mg400_msgs/srv/detail/tool_di__rosidl_typesupport_fastrtps_cpp.hpp\n'}
[0.599357] (mg400_msgs) StdoutLine: {'line': b'-- Up-to-date symlink: /root/ros2_ws/install/mg400_msgs/include/mg400_msgs/mg400_msgs/srv/detail/tool_do_execute__rosidl_typesupport_fastrtps_cpp.hpp\n'}
[0.599536] (mg400_msgs) StdoutLine: {'line': b'-- Up-to-date symlink: /root/ros2_ws/install/mg400_msgs/include/mg400_msgs/mg400_msgs/srv/detail/user__rosidl_typesupport_fastrtps_cpp.hpp\n'}
[0.600194] (-) TimerEvent: {}
[0.601562] (mg400_msgs) StdoutLine: {'line': b'-- Up-to-date symlink: /root/ros2_ws/install/mg400_msgs/include/mg400_msgs/mg400_msgs/action/detail/command_queue__rosidl_typesupport_introspection_c.h\n'}
[0.601807] (mg400_msgs) StdoutLine: {'line': b'-- Up-to-date symlink: /root/ros2_ws/install/mg400_msgs/include/mg400_msgs/mg400_msgs/action/detail/joint_mov_j__rosidl_typesupport_introspection_c.h\n'}
[0.602021] (mg400_msgs) StdoutLine: {'line': b'-- Up-to-date symlink: /root/ros2_ws/install/mg400_msgs/include/mg400_msgs/mg400_msgs/action/detail/mov_j__rosidl_typesupport_introspection_c.h\n'}
[0.602210] (mg400_msgs) StdoutLine: {'line': b'-- Up-to-date symlink: /root/ros2_ws/install/mg400_msgs/include/mg400_msgs/mg400_msgs/action/detail/mov_jio__rosidl_typesupport_introspection_c.h\n'}
[0.602396] (mg400_msgs) StdoutLine: {'line': b'-- Up-to-date symlink: /root/ros2_ws/install/mg400_msgs/include/mg400_msgs/mg400_msgs/action/detail/mov_l__rosidl_typesupport_introspection_c.h\n'}
[0.602580] (mg400_msgs) StdoutLine: {'line': b'-- Up-to-date symlink: /root/ros2_ws/install/mg400_msgs/include/mg400_msgs/mg400_msgs/action/detail/mov_lio__rosidl_typesupport_introspection_c.h\n'}
[0.602782] (mg400_msgs) StdoutLine: {'line': b'-- Up-to-date symlink: /root/ros2_ws/install/mg400_msgs/include/mg400_msgs/mg400_msgs/msg/detail/arch__rosidl_typesupport_introspection_c.h\n'}
[0.602979] (mg400_msgs) StdoutLine: {'line': b'-- Up-to-date symlink: /root/ros2_ws/install/mg400_msgs/include/mg400_msgs/mg400_msgs/msg/detail/collision_level__rosidl_typesupport_introspection_c.h\n'}
[0.603200] (mg400_msgs) StdoutLine: {'line': b'-- Up-to-date symlink: /root/ros2_ws/install/mg400_msgs/include/mg400_msgs/mg400_msgs/msg/detail/command__rosidl_typesupport_introspection_c.h\n'}
[0.603377] (mg400_msgs) StdoutLine: {'line': b'-- Up-to-date symlink: /root/ros2_ws/install/mg400_msgs/include/mg400_msgs/mg400_msgs/msg/detail/di_index__rosidl_typesupport_introspection_c.h\n'}
[0.603548] (mg400_msgs) StdoutLine: {'line': b'-- Up-to-date symlink: /root/ros2_ws/install/mg400_msgs/include/mg400_msgs/mg400_msgs/msg/detail/distance_mode__rosidl_typesupport_introspection_c.h\n'}
[0.603740] (mg400_msgs) StdoutLine: {'line': b'-- Up-to-date symlink: /root/ros2_ws/install/mg400_msgs/include/mg400_msgs/mg400_msgs/msg/detail/do_index__rosidl_typesupport_introspection_c.h\n'}
[0.603921] (mg400_msgs) StdoutLine: {'line': b'-- Up-to-date symlink: /root/ros2_ws/install/mg400_msgs/include/mg400_msgs/mg400_msgs/msg/detail/do_status__rosidl_typesupport_introspection_c.h\n'}
[0.604053] (mg400_msgs) StdoutLine: {'line': b'-- Up-to-date symlink: /root/ros2_ws/install/mg400_msgs/include/mg400_msgs/mg400_msgs/msg/detail/error_id__rosidl_typesupport_introspection_c.h\n'}
[0.604196] (mg400_msgs) StdoutLine: {'line': b'-- Up-to-date symlink: /root/ros2_ws/install/mg400_msgs/include/mg400_msgs/mg400_msgs/msg/detail/id_array__rosidl_typesupport_introspection_c.h\n'}
[0.604377] (mg400_msgs) StdoutLine: {'line': b'-- Up-to-date symlink: /root/ros2_ws/install/mg400_msgs/include/mg400_msgs/mg400_msgs/msg/detail/joint_mov_j__rosidl_typesupport_introspection_c.h\n'}
[0.604556] (mg400_msgs) StdoutLine: {'line': b'-- Up-to-date symlink: /root/ros2_ws/install/mg400_msgs/include/mg400_msgs/mg400_msgs/msg/detail/mov_j__rosidl_typesupport_introspection_c.h\n'}
[0.604747] (mg400_msgs) StdoutLine: {'line': b'-- Up-to-date symlink: /root/ros2_ws/install/mg400_msgs/include/mg400_msgs/mg400_msgs/msg/detail/mov_jio__rosidl_typesupport_introspection_c.h\n'}
[0.604927] (mg400_msgs) StdoutLine: {'line': b'-- Up-to-date symlink: /root/ros2_ws/install/mg400_msgs/include/mg400_msgs/mg400_msgs/msg/detail/mov_l__rosidl_typesupport_introspection_c.h\n'}
[0.605090] (mg400_msgs) StdoutLine: {'line': b'-- Up-to-date symlink: /root/ros2_ws/install/mg400_msgs/include/mg400_msgs/mg400_msgs/msg/detail/mov_lio__rosidl_typesupport_introspection_c.h\n'}
[0.605232] (mg400_msgs) StdoutLine: {'line': b'-- Up-to-date symlink: /root/ros2_ws/install/mg400_msgs/include/mg400_msgs/mg400_msgs/msg/detail/move_jog__rosidl_typesupport_introspection_c.h\n'}
[0.605373] (mg400_msgs) StdoutLine: {'line': b'-- Up-to-date symlink: /root/ros2_ws/install/mg400_msgs/include/mg400_msgs/mg400_msgs/msg/detail/robot_mode__rosidl_typesupport_introspection_c.h\n'}
[0.605516] (mg400_msgs) StdoutLine: {'line': b'-- Up-to-date symlink: /root/ros2_ws/install/mg400_msgs/include/mg400_msgs/mg400_msgs/msg/detail/tool__rosidl_typesupport_introspection_c.h\n'}
[0.605728] (mg400_msgs) StdoutLine: {'line': b'-- Up-to-date symlink: /root/ros2_ws/install/mg400_msgs/include/mg400_msgs/mg400_msgs/msg/detail/tool_di_index__rosidl_typesupport_introspection_c.h\n'}
[0.605909] (mg400_msgs) StdoutLine: {'line': b'-- Up-to-date symlink: /root/ros2_ws/install/mg400_msgs/include/mg400_msgs/mg400_msgs/msg/detail/tool_do_index__rosidl_typesupport_introspection_c.h\n'}
[0.606092] (mg400_msgs) StdoutLine: {'line': b'-- Up-to-date symlink: /root/ros2_ws/install/mg400_msgs/include/mg400_msgs/mg400_msgs/msg/detail/user__rosidl_typesupport_introspection_c.h\n'}
[0.606270] (mg400_msgs) StdoutLine: {'line': b'-- Up-to-date symlink: /root/ros2_ws/install/mg400_msgs/include/mg400_msgs/mg400_msgs/msg/rosidl_typesupport_introspection_c__visibility_control.h\n'}
[0.606409] (mg400_msgs) StdoutLine: {'line': b'-- Up-to-date symlink: /root/ros2_ws/install/mg400_msgs/include/mg400_msgs/mg400_msgs/srv/detail/acc_j__rosidl_typesupport_introspection_c.h\n'}
[0.606548] (mg400_msgs) StdoutLine: {'line': b'-- Up-to-date symlink: /root/ros2_ws/install/mg400_msgs/include/mg400_msgs/mg400_msgs/srv/detail/acc_l__rosidl_typesupport_introspection_c.h\n'}
[0.606695] (mg400_msgs) StdoutLine: {'line': b'-- Up-to-date symlink: /root/ros2_ws/install/mg400_msgs/include/mg400_msgs/mg400_msgs/srv/detail/arch__rosidl_typesupport_introspection_c.h\n'}
[0.606848] (mg400_msgs) StdoutLine: {'line': b'-- Up-to-date symlink: /root/ros2_ws/install/mg400_msgs/include/mg400_msgs/mg400_msgs/srv/detail/clear_error__rosidl_typesupport_introspection_c.h\n'}
[0.606992] (mg400_msgs) StdoutLine: {'line': b'-- Up-to-date symlink: /root/ros2_ws/install/mg400_msgs/include/mg400_msgs/mg400_msgs/srv/detail/cp__rosidl_typesupport_introspection_c.h\n'}
[0.607133] (mg400_msgs) StdoutLine: {'line': b'-- Up-to-date symlink: /root/ros2_ws/install/mg400_msgs/include/mg400_msgs/mg400_msgs/srv/detail/di__rosidl_typesupport_introspection_c.h\n'}
[0.607276] (mg400_msgs) StdoutLine: {'line': b'-- Up-to-date symlink: /root/ros2_ws/install/mg400_msgs/include/mg400_msgs/mg400_msgs/srv/detail/disable_robot__rosidl_typesupport_introspection_c.h\n'}
[0.607417] (mg400_msgs) StdoutLine: {'line': b'-- Up-to-date symlink: /root/ros2_ws/install/mg400_msgs/include/mg400_msgs/mg400_msgs/srv/detail/do__rosidl_typesupport_introspection_c.h\n'}
[0.607559] (mg400_msgs) StdoutLine: {'line': b'-- Up-to-date symlink: /root/ros2_ws/install/mg400_msgs/include/mg400_msgs/mg400_msgs/srv/detail/emergency_stop__rosidl_typesupport_introspection_c.h\n'}
[0.607756] (mg400_msgs) StdoutLine: {'line': b'-- Up-to-date symlink: /root/ros2_ws/install/mg400_msgs/include/mg400_msgs/mg400_msgs/srv/detail/enable_robot__rosidl_typesupport_introspection_c.h\n'}
[0.607949] (mg400_msgs) StdoutLine: {'line': b'-- Up-to-date symlink: /root/ros2_ws/install/mg400_msgs/include/mg400_msgs/mg400_msgs/srv/detail/get_angle__rosidl_typesupport_introspection_c.h\n'}
[0.608127] (mg400_msgs) StdoutLine: {'line': b'-- Up-to-date symlink: /root/ros2_ws/install/mg400_msgs/include/mg400_msgs/mg400_msgs/srv/detail/get_error_id__rosidl_typesupport_introspection_c.h\n'}
[0.608386] (mg400_msgs) StdoutLine: {'line': b'-- Up-to-date symlink: /root/ros2_ws/install/mg400_msgs/include/mg400_msgs/mg400_msgs/srv/detail/get_pose__rosidl_typesupport_introspection_c.h\n'}
[0.608564] (mg400_msgs) StdoutLine: {'line': b'-- Up-to-date symlink: /root/ros2_ws/install/mg400_msgs/include/mg400_msgs/mg400_msgs/srv/detail/inverse_solution__rosidl_typesupport_introspection_c.h\n'}
[0.608751] (mg400_msgs) StdoutLine: {'line': b'-- Up-to-date symlink: /root/ros2_ws/install/mg400_msgs/include/mg400_msgs/mg400_msgs/srv/detail/joint_mov_j__rosidl_typesupport_introspection_c.h\n'}
[0.608929] (mg400_msgs) StdoutLine: {'line': b'-- Up-to-date symlink: /root/ros2_ws/install/mg400_msgs/include/mg400_msgs/mg400_msgs/srv/detail/move_jog__rosidl_typesupport_introspection_c.h\n'}
[0.609090] (mg400_msgs) StdoutLine: {'line': b'-- Up-to-date symlink: /root/ros2_ws/install/mg400_msgs/include/mg400_msgs/mg400_msgs/srv/detail/pay_load__rosidl_typesupport_introspection_c.h\n'}
[0.609259] (mg400_msgs) StdoutLine: {'line': b'-- Up-to-date symlink: /root/ros2_ws/install/mg400_msgs/include/mg400_msgs/mg400_msgs/srv/detail/positive_solution__rosidl_typesupport_introspection_c.h\n'}
[0.609421] (mg400_msgs) StdoutLine: {'line': b'-- Up-to-date symlink: /root/ros2_ws/install/mg400_msgs/include/mg400_msgs/mg400_msgs/srv/detail/reset_robot__rosidl_typesupport_introspection_c.h\n'}
[0.609584] (mg400_msgs) StdoutLine: {'line': b'-- Up-to-date symlink: /root/ros2_ws/install/mg400_msgs/include/mg400_msgs/mg400_msgs/srv/detail/robot_mode__rosidl_typesupport_introspection_c.h\n'}
[0.609760] (mg400_msgs) StdoutLine: {'line': b'-- Up-to-date symlink: /root/ros2_ws/install/mg400_msgs/include/mg400_msgs/mg400_msgs/srv/detail/set_collision_level__rosidl_typesupport_introspection_c.h\n'}
[0.609918] (mg400_msgs) StdoutLine: {'line': b'-- Up-to-date symlink: /root/ros2_ws/install/mg400_msgs/include/mg400_msgs/mg400_msgs/srv/detail/speed_factor__rosidl_typesupport_introspection_c.h\n'}
[0.610082] (mg400_msgs) StdoutLine: {'line': b'-- Up-to-date symlink: /root/ros2_ws/install/mg400_msgs/include/mg400_msgs/mg400_msgs/srv/detail/speed_j__rosidl_typesupport_introspection_c.h\n'}
[0.610249] (mg400_msgs) StdoutLine: {'line': b'-- Up-to-date symlink: /root/ros2_ws/install/mg400_msgs/include/mg400_msgs/mg400_msgs/srv/detail/speed_l__rosidl_typesupport_introspection_c.h\n'}
[0.610410] (mg400_msgs) StdoutLine: {'line': b'-- Up-to-date symlink: /root/ros2_ws/install/mg400_msgs/include/mg400_msgs/mg400_msgs/srv/detail/tool__rosidl_typesupport_introspection_c.h\n'}
[0.610572] (mg400_msgs) StdoutLine: {'line': b'-- Up-to-date symlink: /root/ros2_ws/install/mg400_msgs/include/mg400_msgs/mg400_msgs/srv/detail/tool_di__rosidl_typesupport_introspection_c.h\n'}
[0.610757] (mg400_msgs) StdoutLine: {'line': b'-- Up-to-date symlink: /root/ros2_ws/install/mg400_msgs/include/mg400_msgs/mg400_msgs/srv/detail/tool_do_execute__rosidl_typesupport_introspection_c.h\n'}
[0.610916] (mg400_msgs) StdoutLine: {'line': b'-- Up-to-date symlink: /root/ros2_ws/install/mg400_msgs/include/mg400_msgs/mg400_msgs/srv/detail/user__rosidl_typesupport_introspection_c.h\n'}
[0.612834] (mg400_msgs) StdoutLine: {'line': b'-- Up-to-date symlink: /root/ros2_ws/install/mg400_msgs/include/mg400_msgs/mg400_msgs/action/detail/command_queue__rosidl_typesupport_introspection_cpp.hpp\n'}
[0.613034] (mg400_msgs) StdoutLine: {'line': b'-- Up-to-date symlink: /root/ros2_ws/install/mg400_msgs/include/mg400_msgs/mg400_msgs/action/detail/joint_mov_j__rosidl_typesupport_introspection_cpp.hpp\n'}
[0.613174] (mg400_msgs) StdoutLine: {'line': b'-- Up-to-date symlink: /root/ros2_ws/install/mg400_msgs/include/mg400_msgs/mg400_msgs/action/detail/mov_j__rosidl_typesupport_introspection_cpp.hpp\n'}
[0.613315] (mg400_msgs) StdoutLine: {'line': b'-- Up-to-date symlink: /root/ros2_ws/install/mg400_msgs/include/mg400_msgs/mg400_msgs/action/detail/mov_jio__rosidl_typesupport_introspection_cpp.hpp\n'}
[0.613451] (mg400_msgs) StdoutLine: {'line': b'-- Up-to-date symlink: /root/ros2_ws/install/mg400_msgs/include/mg400_msgs/mg400_msgs/action/detail/mov_l__rosidl_typesupport_introspection_cpp.hpp\n'}
[0.613592] (mg400_msgs) StdoutLine: {'line': b'-- Up-to-date symlink: /root/ros2_ws/install/mg400_msgs/include/mg400_msgs/mg400_msgs/action/detail/mov_lio__rosidl_typesupport_introspection_cpp.hpp\n'}
[0.613760] (mg400_msgs) StdoutLine: {'line': b'-- Up-to-date symlink: /root/ros2_ws/install/mg400_msgs/include/mg400_msgs/mg400_msgs/msg/detail/arch__rosidl_typesupport_introspection_cpp.hpp\n'}
[0.613902] (mg400_msgs) StdoutLine: {'line': b'-- Up-to-date symlink: /root/ros2_ws/install/mg400_msgs/include/mg400_msgs/mg400_msgs/msg/detail/collision_level__rosidl_typesupport_introspection_cpp.hpp\n'}
[0.614044] (mg400_msgs) StdoutLine: {'line': b'-- Up-to-date symlink: /root/ros2_ws/install/mg400_msgs/include/mg400_msgs/mg400_msgs/msg/detail/command__rosidl_typesupport_introspection_cpp.hpp\n'}
[0.614234] (mg400_msgs) StdoutLine: {'line': b'-- Up-to-date symlink: /root/ros2_ws/install/mg400_msgs/include/mg400_msgs/mg400_msgs/msg/detail/di_index__rosidl_typesupport_introspection_cpp.hpp\n'}
[0.614380] (mg400_msgs) StdoutLine: {'line': b'-- Up-to-date symlink: /root/ros2_ws/install/mg400_msgs/include/mg400_msgs/mg400_msgs/msg/detail/distance_mode__rosidl_typesupport_introspection_cpp.hpp\n'}
[0.614521] (mg400_msgs) StdoutLine: {'line': b'-- Up-to-date symlink: /root/ros2_ws/install/mg400_msgs/include/mg400_msgs/mg400_msgs/msg/detail/do_index__rosidl_typesupport_introspection_cpp.hpp\n'}
[0.614661] (mg400_msgs) StdoutLine: {'line': b'-- Up-to-date symlink: /root/ros2_ws/install/mg400_msgs/include/mg400_msgs/mg400_msgs/msg/detail/do_status__rosidl_typesupport_introspection_cpp.hpp\n'}
[0.614804] (mg400_msgs) StdoutLine: {'line': b'-- Up-to-date symlink: /root/ros2_ws/install/mg400_msgs/include/mg400_msgs/mg400_msgs/msg/detail/error_id__rosidl_typesupport_introspection_cpp.hpp\n'}
[0.614947] (mg400_msgs) StdoutLine: {'line': b'-- Up-to-date symlink: /root/ros2_ws/install/mg400_msgs/include/mg400_msgs/mg400_msgs/msg/detail/id_array__rosidl_typesupport_introspection_cpp.hpp\n'}
[0.615085] (mg400_msgs) StdoutLine: {'line': b'-- Up-to-date symlink: /root/ros2_ws/install/mg400_msgs/include/mg400_msgs/mg400_msgs/msg/detail/joint_mov_j__rosidl_typesupport_introspection_cpp.hpp\n'}
[0.615346] (mg400_msgs) StdoutLine: {'line': b'-- Up-to-date symlink: /root/ros2_ws/install/mg400_msgs/include/mg400_msgs/mg400_msgs/msg/detail/mov_j__rosidl_typesupport_introspection_cpp.hpp\n'}
[0.615525] (mg400_msgs) StdoutLine: {'line': b'-- Up-to-date symlink: /root/ros2_ws/install/mg400_msgs/include/mg400_msgs/mg400_msgs/msg/detail/mov_jio__rosidl_typesupport_introspection_cpp.hpp\n'}
[0.615727] (mg400_msgs) StdoutLine: {'line': b'-- Up-to-date symlink: /root/ros2_ws/install/mg400_msgs/include/mg400_msgs/mg400_msgs/msg/detail/mov_l__rosidl_typesupport_introspection_cpp.hpp\n'}
[0.615977] (mg400_msgs) StdoutLine: {'line': b'-- Up-to-date symlink: /root/ros2_ws/install/mg400_msgs/include/mg400_msgs/mg400_msgs/msg/detail/mov_lio__rosidl_typesupport_introspection_cpp.hpp\n'}
[0.616153] (mg400_msgs) StdoutLine: {'line': b'-- Up-to-date symlink: /root/ros2_ws/install/mg400_msgs/include/mg400_msgs/mg400_msgs/msg/detail/move_jog__rosidl_typesupport_introspection_cpp.hpp\n'}
[0.616435] (mg400_msgs) StdoutLine: {'line': b'-- Up-to-date symlink: /root/ros2_ws/install/mg400_msgs/include/mg400_msgs/mg400_msgs/msg/detail/robot_mode__rosidl_typesupport_introspection_cpp.hpp\n'}
[0.616575] (mg400_msgs) StdoutLine: {'line': b'-- Up-to-date symlink: /root/ros2_ws/install/mg400_msgs/include/mg400_msgs/mg400_msgs/msg/detail/tool__rosidl_typesupport_introspection_cpp.hpp\n'}
[0.616852] (mg400_msgs) StdoutLine: {'line': b'-- Up-to-date symlink: /root/ros2_ws/install/mg400_msgs/include/mg400_msgs/mg400_msgs/msg/detail/tool_di_index__rosidl_typesupport_introspection_cpp.hpp\n'}
[0.617140] (mg400_msgs) StdoutLine: {'line': b'-- Up-to-date symlink: /root/ros2_ws/install/mg400_msgs/include/mg400_msgs/mg400_msgs/msg/detail/tool_do_index__rosidl_typesupport_introspection_cpp.hpp\n'}
[0.617287] (mg400_msgs) StdoutLine: {'line': b'-- Up-to-date symlink: /root/ros2_ws/install/mg400_msgs/include/mg400_msgs/mg400_msgs/msg/detail/user__rosidl_typesupport_introspection_cpp.hpp\n'}
[0.617433] (mg400_msgs) StdoutLine: {'line': b'-- Up-to-date symlink: /root/ros2_ws/install/mg400_msgs/include/mg400_msgs/mg400_msgs/srv/detail/acc_j__rosidl_typesupport_introspection_cpp.hpp\n'}
[0.617575] (mg400_msgs) StdoutLine: {'line': b'-- Up-to-date symlink: /root/ros2_ws/install/mg400_msgs/include/mg400_msgs/mg400_msgs/srv/detail/acc_l__rosidl_typesupport_introspection_cpp.hpp\n'}
[0.617768] (mg400_msgs) StdoutLine: {'line': b'-- Up-to-date symlink: /root/ros2_ws/install/mg400_msgs/include/mg400_msgs/mg400_msgs/srv/detail/arch__rosidl_typesupport_introspection_cpp.hpp\n'}
[0.617952] (mg400_msgs) StdoutLine: {'line': b'-- Up-to-date symlink: /root/ros2_ws/install/mg400_msgs/include/mg400_msgs/mg400_msgs/srv/detail/clear_error__rosidl_typesupport_introspection_cpp.hpp\n'}
[0.618134] (mg400_msgs) StdoutLine: {'line': b'-- Up-to-date symlink: /root/ros2_ws/install/mg400_msgs/include/mg400_msgs/mg400_msgs/srv/detail/cp__rosidl_typesupport_introspection_cpp.hpp\n'}
[0.618318] (mg400_msgs) StdoutLine: {'line': b'-- Up-to-date symlink: /root/ros2_ws/install/mg400_msgs/include/mg400_msgs/mg400_msgs/srv/detail/di__rosidl_typesupport_introspection_cpp.hpp\n'}
[0.618483] (mg400_msgs) StdoutLine: {'line': b'-- Up-to-date symlink: /root/ros2_ws/install/mg400_msgs/include/mg400_msgs/mg400_msgs/srv/detail/disable_robot__rosidl_typesupport_introspection_cpp.hpp\n'}
[0.618620] (mg400_msgs) StdoutLine: {'line': b'-- Up-to-date symlink: /root/ros2_ws/install/mg400_msgs/include/mg400_msgs/mg400_msgs/srv/detail/do__rosidl_typesupport_introspection_cpp.hpp\n'}
[0.618808] (mg400_msgs) StdoutLine: {'line': b'-- Up-to-date symlink: /root/ros2_ws/install/mg400_msgs/include/mg400_msgs/mg400_msgs/srv/detail/emergency_stop__rosidl_typesupport_introspection_cpp.hpp\n'}
[0.618998] (mg400_msgs) StdoutLine: {'line': b'-- Up-to-date symlink: /root/ros2_ws/install/mg400_msgs/include/mg400_msgs/mg400_msgs/srv/detail/enable_robot__rosidl_typesupport_introspection_cpp.hpp\n'}
[0.619138] (mg400_msgs) StdoutLine: {'line': b'-- Up-to-date symlink: /root/ros2_ws/install/mg400_msgs/include/mg400_msgs/mg400_msgs/srv/detail/get_angle__rosidl_typesupport_introspection_cpp.hpp\n'}
[0.619273] (mg400_msgs) StdoutLine: {'line': b'-- Up-to-date symlink: /root/ros2_ws/install/mg400_msgs/include/mg400_msgs/mg400_msgs/srv/detail/get_error_id__rosidl_typesupport_introspection_cpp.hpp\n'}
[0.619457] (mg400_msgs) StdoutLine: {'line': b'-- Up-to-date symlink: /root/ros2_ws/install/mg400_msgs/include/mg400_msgs/mg400_msgs/srv/detail/get_pose__rosidl_typesupport_introspection_cpp.hpp\n'}
[0.619632] (mg400_msgs) StdoutLine: {'line': b'-- Up-to-date symlink: /root/ros2_ws/install/mg400_msgs/include/mg400_msgs/mg400_msgs/srv/detail/inverse_solution__rosidl_typesupport_introspection_cpp.hpp\n'}
[0.619777] (mg400_msgs) StdoutLine: {'line': b'-- Up-to-date symlink: /root/ros2_ws/install/mg400_msgs/include/mg400_msgs/mg400_msgs/srv/detail/joint_mov_j__rosidl_typesupport_introspection_cpp.hpp\n'}
[0.619912] (mg400_msgs) StdoutLine: {'line': b'-- Up-to-date symlink: /root/ros2_ws/install/mg400_msgs/include/mg400_msgs/mg400_msgs/srv/detail/move_jog__rosidl_typesupport_introspection_cpp.hpp\n'}
[0.620043] (mg400_msgs) StdoutLine: {'line': b'-- Up-to-date symlink: /root/ros2_ws/install/mg400_msgs/include/mg400_msgs/mg400_msgs/srv/detail/pay_load__rosidl_typesupport_introspection_cpp.hpp\n'}
[0.620175] (mg400_msgs) StdoutLine: {'line': b'-- Up-to-date symlink: /root/ros2_ws/install/mg400_msgs/include/mg400_msgs/mg400_msgs/srv/detail/positive_solution__rosidl_typesupport_introspection_cpp.hpp\n'}
[0.620353] (mg400_msgs) StdoutLine: {'line': b'-- Up-to-date symlink: /root/ros2_ws/install/mg400_msgs/include/mg400_msgs/mg400_msgs/srv/detail/reset_robot__rosidl_typesupport_introspection_cpp.hpp\n'}
[0.620491] (mg400_msgs) StdoutLine: {'line': b'-- Up-to-date symlink: /root/ros2_ws/install/mg400_msgs/include/mg400_msgs/mg400_msgs/srv/detail/robot_mode__rosidl_typesupport_introspection_cpp.hpp\n'}
[0.620630] (mg400_msgs) StdoutLine: {'line': b'-- Up-to-date symlink: /root/ros2_ws/install/mg400_msgs/include/mg400_msgs/mg400_msgs/srv/detail/set_collision_level__rosidl_typesupport_introspection_cpp.hpp\n'}
[0.620805] (mg400_msgs) StdoutLine: {'line': b'-- Up-to-date symlink: /root/ros2_ws/install/mg400_msgs/include/mg400_msgs/mg400_msgs/srv/detail/speed_factor__rosidl_typesupport_introspection_cpp.hpp\n'}
[0.620947] (mg400_msgs) StdoutLine: {'line': b'-- Up-to-date symlink: /root/ros2_ws/install/mg400_msgs/include/mg400_msgs/mg400_msgs/srv/detail/speed_j__rosidl_typesupport_introspection_cpp.hpp\n'}
[0.621090] (mg400_msgs) StdoutLine: {'line': b'-- Up-to-date symlink: /root/ros2_ws/install/mg400_msgs/include/mg400_msgs/mg400_msgs/srv/detail/speed_l__rosidl_typesupport_introspection_cpp.hpp\n'}
[0.621223] (mg400_msgs) StdoutLine: {'line': b'-- Up-to-date symlink: /root/ros2_ws/install/mg400_msgs/include/mg400_msgs/mg400_msgs/srv/detail/tool__rosidl_typesupport_introspection_cpp.hpp\n'}
[0.621365] (mg400_msgs) StdoutLine: {'line': b'-- Up-to-date symlink: /root/ros2_ws/install/mg400_msgs/include/mg400_msgs/mg400_msgs/srv/detail/tool_di__rosidl_typesupport_introspection_cpp.hpp\n'}
[0.621504] (mg400_msgs) StdoutLine: {'line': b'-- Up-to-date symlink: /root/ros2_ws/install/mg400_msgs/include/mg400_msgs/mg400_msgs/srv/detail/tool_do_execute__rosidl_typesupport_introspection_cpp.hpp\n'}
[0.621649] (mg400_msgs) StdoutLine: {'line': b'-- Up-to-date symlink: /root/ros2_ws/install/mg400_msgs/include/mg400_msgs/mg400_msgs/srv/detail/user__rosidl_typesupport_introspection_cpp.hpp\n'}
[0.621792] (mg400_msgs) StdoutLine: {'line': b'-- Up-to-date symlink: /root/ros2_ws/install/mg400_msgs/share/mg400_msgs/environment/pythonpath.sh\n'}
[0.622024] (mg400_msgs) StdoutLine: {'line': b'-- Up-to-date symlink: /root/ros2_ws/install/mg400_msgs/share/mg400_msgs/environment/pythonpath.dsv\n'}
[0.622275] (mg400_msgs) StdoutLine: {'line': b'-- Up-to-date symlink: /root/ros2_ws/install/mg400_msgs/local/lib/python3.10/dist-packages/mg400_msgs-1.7.0-py3.10.egg-info/PKG-INFO\n'}
[0.622521] (mg400_msgs) StdoutLine: {'line': b'-- Up-to-date symlink: /root/ros2_ws/install/mg400_msgs/local/lib/python3.10/dist-packages/mg400_msgs-1.7.0-py3.10.egg-info/SOURCES.txt\n'}
[0.622657] (mg400_msgs) StdoutLine: {'line': b'-- Up-to-date symlink: /root/ros2_ws/install/mg400_msgs/local/lib/python3.10/dist-packages/mg400_msgs-1.7.0-py3.10.egg-info/dependency_links.txt\n'}
[0.622793] (mg400_msgs) StdoutLine: {'line': b'-- Up-to-date symlink: /root/ros2_ws/install/mg400_msgs/local/lib/python3.10/dist-packages/mg400_msgs-1.7.0-py3.10.egg-info/top_level.txt\n'}
[0.625918] (mg400_msgs) StdoutLine: {'line': b'-- Up-to-date symlink: /root/ros2_ws/install/mg400_msgs/local/lib/python3.10/dist-packages/mg400_msgs/__init__.py\n'}
[0.626062] (mg400_msgs) StdoutLine: {'line': b'-- Up-to-date symlink: /root/ros2_ws/install/mg400_msgs/local/lib/python3.10/dist-packages/mg400_msgs/_mg400_msgs_s.ep.rosidl_typesupport_c.c\n'}
[0.626197] (mg400_msgs) StdoutLine: {'line': b'-- Up-to-date symlink: /root/ros2_ws/install/mg400_msgs/local/lib/python3.10/dist-packages/mg400_msgs/_mg400_msgs_s.ep.rosidl_typesupport_fastrtps_c.c\n'}
[0.626329] (mg400_msgs) StdoutLine: {'line': b'-- Up-to-date symlink: /root/ros2_ws/install/mg400_msgs/local/lib/python3.10/dist-packages/mg400_msgs/_mg400_msgs_s.ep.rosidl_typesupport_introspection_c.c\n'}
[0.626473] (mg400_msgs) StdoutLine: {'line': b'-- Up-to-date symlink: /root/ros2_ws/install/mg400_msgs/local/lib/python3.10/dist-packages/mg400_msgs/action/__init__.py\n'}
[0.626651] (mg400_msgs) StdoutLine: {'line': b'-- Up-to-date symlink: /root/ros2_ws/install/mg400_msgs/local/lib/python3.10/dist-packages/mg400_msgs/action/_command_queue.py\n'}
[0.626786] (mg400_msgs) StdoutLine: {'line': b'-- Up-to-date symlink: /root/ros2_ws/install/mg400_msgs/local/lib/python3.10/dist-packages/mg400_msgs/action/_command_queue_s.c\n'}
[0.626924] (mg400_msgs) StdoutLine: {'line': b'-- Up-to-date symlink: /root/ros2_ws/install/mg400_msgs/local/lib/python3.10/dist-packages/mg400_msgs/action/_joint_mov_j.py\n'}
[0.627062] (mg400_msgs) StdoutLine: {'line': b'-- Up-to-date symlink: /root/ros2_ws/install/mg400_msgs/local/lib/python3.10/dist-packages/mg400_msgs/action/_joint_mov_j_s.c\n'}
[0.627198] (mg400_msgs) StdoutLine: {'line': b'-- Up-to-date symlink: /root/ros2_ws/install/mg400_msgs/local/lib/python3.10/dist-packages/mg400_msgs/action/_mov_j.py\n'}
[0.627328] (mg400_msgs) StdoutLine: {'line': b'-- Up-to-date symlink: /root/ros2_ws/install/mg400_msgs/local/lib/python3.10/dist-packages/mg400_msgs/action/_mov_j_s.c\n'}
[0.627472] (mg400_msgs) StdoutLine: {'line': b'-- Up-to-date symlink: /root/ros2_ws/install/mg400_msgs/local/lib/python3.10/dist-packages/mg400_msgs/action/_mov_jio.py\n'}
[0.627603] (mg400_msgs) StdoutLine: {'line': b'-- Up-to-date symlink: /root/ros2_ws/install/mg400_msgs/local/lib/python3.10/dist-packages/mg400_msgs/action/_mov_jio_s.c\n'}
[0.627754] (mg400_msgs) StdoutLine: {'line': b'-- Up-to-date symlink: /root/ros2_ws/install/mg400_msgs/local/lib/python3.10/dist-packages/mg400_msgs/action/_mov_l.py\n'}
[0.627878] (mg400_msgs) StdoutLine: {'line': b'-- Up-to-date symlink: /root/ros2_ws/install/mg400_msgs/local/lib/python3.10/dist-packages/mg400_msgs/action/_mov_l_s.c\n'}
[0.628115] (mg400_msgs) StdoutLine: {'line': b'-- Up-to-date symlink: /root/ros2_ws/install/mg400_msgs/local/lib/python3.10/dist-packages/mg400_msgs/action/_mov_lio.py\n'}
[0.628296] (mg400_msgs) StdoutLine: {'line': b'-- Up-to-date symlink: /root/ros2_ws/install/mg400_msgs/local/lib/python3.10/dist-packages/mg400_msgs/action/_mov_lio_s.c\n'}
[0.628543] (mg400_msgs) StdoutLine: {'line': b'-- Up-to-date symlink: /root/ros2_ws/install/mg400_msgs/local/lib/python3.10/dist-packages/mg400_msgs/libmg400_msgs__rosidl_generator_py.so\n'}
[0.628679] (mg400_msgs) StdoutLine: {'line': b'-- Up-to-date symlink: /root/ros2_ws/install/mg400_msgs/local/lib/python3.10/dist-packages/mg400_msgs/mg400_msgs_s__rosidl_typesupport_c.cpython-310-x86_64-linux-gnu.so\n'}
[0.628816] (mg400_msgs) StdoutLine: {'line': b'-- Up-to-date symlink: /root/ros2_ws/install/mg400_msgs/local/lib/python3.10/dist-packages/mg400_msgs/mg400_msgs_s__rosidl_typesupport_fastrtps_c.cpython-310-x86_64-linux-gnu.so\n'}
[0.628997] (mg400_msgs) StdoutLine: {'line': b'-- Up-to-date symlink: /root/ros2_ws/install/mg400_msgs/local/lib/python3.10/dist-packages/mg400_msgs/mg400_msgs_s__rosidl_typesupport_introspection_c.cpython-310-x86_64-linux-gnu.so\n'}
[0.629133] (mg400_msgs) StdoutLine: {'line': b'-- Up-to-date symlink: /root/ros2_ws/install/mg400_msgs/local/lib/python3.10/dist-packages/mg400_msgs/msg/__init__.py\n'}
[0.629307] (mg400_msgs) StdoutLine: {'line': b'-- Up-to-date symlink: /root/ros2_ws/install/mg400_msgs/local/lib/python3.10/dist-packages/mg400_msgs/msg/_arch.py\n'}
[0.629444] (mg400_msgs) StdoutLine: {'line': b'-- Up-to-date symlink: /root/ros2_ws/install/mg400_msgs/local/lib/python3.10/dist-packages/mg400_msgs/msg/_arch_s.c\n'}
[0.629576] (mg400_msgs) StdoutLine: {'line': b'-- Up-to-date symlink: /root/ros2_ws/install/mg400_msgs/local/lib/python3.10/dist-packages/mg400_msgs/msg/_collision_level.py\n'}
[0.629723] (mg400_msgs) StdoutLine: {'line': b'-- Up-to-date symlink: /root/ros2_ws/install/mg400_msgs/local/lib/python3.10/dist-packages/mg400_msgs/msg/_collision_level_s.c\n'}
[0.629860] (mg400_msgs) StdoutLine: {'line': b'-- Up-to-date symlink: /root/ros2_ws/install/mg400_msgs/local/lib/python3.10/dist-packages/mg400_msgs/msg/_command.py\n'}
[0.630001] (mg400_msgs) StdoutLine: {'line': b'-- Up-to-date symlink: /root/ros2_ws/install/mg400_msgs/local/lib/python3.10/dist-packages/mg400_msgs/msg/_command_s.c\n'}
[0.630137] (mg400_msgs) StdoutLine: {'line': b'-- Up-to-date symlink: /root/ros2_ws/install/mg400_msgs/local/lib/python3.10/dist-packages/mg400_msgs/msg/_di_index.py\n'}
[0.630273] (mg400_msgs) StdoutLine: {'line': b'-- Up-to-date symlink: /root/ros2_ws/install/mg400_msgs/local/lib/python3.10/dist-packages/mg400_msgs/msg/_di_index_s.c\n'}
[0.630406] (mg400_msgs) StdoutLine: {'line': b'-- Up-to-date symlink: /root/ros2_ws/install/mg400_msgs/local/lib/python3.10/dist-packages/mg400_msgs/msg/_distance_mode.py\n'}
[0.630540] (mg400_msgs) StdoutLine: {'line': b'-- Up-to-date symlink: /root/ros2_ws/install/mg400_msgs/local/lib/python3.10/dist-packages/mg400_msgs/msg/_distance_mode_s.c\n'}
[0.630673] (mg400_msgs) StdoutLine: {'line': b'-- Up-to-date symlink: /root/ros2_ws/install/mg400_msgs/local/lib/python3.10/dist-packages/mg400_msgs/msg/_do_index.py\n'}
[0.630817] (mg400_msgs) StdoutLine: {'line': b'-- Up-to-date symlink: /root/ros2_ws/install/mg400_msgs/local/lib/python3.10/dist-packages/mg400_msgs/msg/_do_index_s.c\n'}
[0.630950] (mg400_msgs) StdoutLine: {'line': b'-- Up-to-date symlink: /root/ros2_ws/install/mg400_msgs/local/lib/python3.10/dist-packages/mg400_msgs/msg/_do_status.py\n'}
[0.631129] (mg400_msgs) StdoutLine: {'line': b'-- Up-to-date symlink: /root/ros2_ws/install/mg400_msgs/local/lib/python3.10/dist-packages/mg400_msgs/msg/_do_status_s.c\n'}
[0.631325] (mg400_msgs) StdoutLine: {'line': b'-- Up-to-date symlink: /root/ros2_ws/install/mg400_msgs/local/lib/python3.10/dist-packages/mg400_msgs/msg/_error_id.py\n'}
[0.631459] (mg400_msgs) StdoutLine: {'line': b'-- Up-to-date symlink: /root/ros2_ws/install/mg400_msgs/local/lib/python3.10/dist-packages/mg400_msgs/msg/_error_id_s.c\n'}
[0.631628] (mg400_msgs) StdoutLine: {'line': b'-- Up-to-date symlink: /root/ros2_ws/install/mg400_msgs/local/lib/python3.10/dist-packages/mg400_msgs/msg/_id_array.py\n'}
[0.631759] (mg400_msgs) StdoutLine: {'line': b'-- Up-to-date symlink: /root/ros2_ws/install/mg400_msgs/local/lib/python3.10/dist-packages/mg400_msgs/msg/_id_array_s.c\n'}
[0.631898] (mg400_msgs) StdoutLine: {'line': b'-- Up-to-date symlink: /root/ros2_ws/install/mg400_msgs/local/lib/python3.10/dist-packages/mg400_msgs/msg/_joint_mov_j.py\n'}
[0.632034] (mg400_msgs) StdoutLine: {'line': b'-- Up-to-date symlink: /root/ros2_ws/install/mg400_msgs/local/lib/python3.10/dist-packages/mg400_msgs/msg/_joint_mov_j_s.c\n'}
[0.632170] (mg400_msgs) StdoutLine: {'line': b'-- Up-to-date symlink: /root/ros2_ws/install/mg400_msgs/local/lib/python3.10/dist-packages/mg400_msgs/msg/_mov_j.py\n'}
[0.632306] (mg400_msgs) StdoutLine: {'line': b'-- Up-to-date symlink: /root/ros2_ws/install/mg400_msgs/local/lib/python3.10/dist-packages/mg400_msgs/msg/_mov_j_s.c\n'}
[0.632444] (mg400_msgs) StdoutLine: {'line': b'-- Up-to-date symlink: /root/ros2_ws/install/mg400_msgs/local/lib/python3.10/dist-packages/mg400_msgs/msg/_mov_jio.py\n'}
[0.632583] (mg400_msgs) StdoutLine: {'line': b'-- Up-to-date symlink: /root/ros2_ws/install/mg400_msgs/local/lib/python3.10/dist-packages/mg400_msgs/msg/_mov_jio_s.c\n'}
[0.632733] (mg400_msgs) StdoutLine: {'line': b'-- Up-to-date symlink: /root/ros2_ws/install/mg400_msgs/local/lib/python3.10/dist-packages/mg400_msgs/msg/_mov_l.py\n'}
[0.632912] (mg400_msgs) StdoutLine: {'line': b'-- Up-to-date symlink: /root/ros2_ws/install/mg400_msgs/local/lib/python3.10/dist-packages/mg400_msgs/msg/_mov_l_s.c\n'}
[0.633046] (mg400_msgs) StdoutLine: {'line': b'-- Up-to-date symlink: /root/ros2_ws/install/mg400_msgs/local/lib/python3.10/dist-packages/mg400_msgs/msg/_mov_lio.py\n'}
[0.633187] (mg400_msgs) StdoutLine: {'line': b'-- Up-to-date symlink: /root/ros2_ws/install/mg400_msgs/local/lib/python3.10/dist-packages/mg400_msgs/msg/_mov_lio_s.c\n'}
[0.633385] (mg400_msgs) StdoutLine: {'line': b'-- Up-to-date symlink: /root/ros2_ws/install/mg400_msgs/local/lib/python3.10/dist-packages/mg400_msgs/msg/_move_jog.py\n'}
[0.633613] (mg400_msgs) StdoutLine: {'line': b'-- Up-to-date symlink: /root/ros2_ws/install/mg400_msgs/local/lib/python3.10/dist-packages/mg400_msgs/msg/_move_jog_s.c\n'}
[0.633769] (mg400_msgs) StdoutLine: {'line': b'-- Up-to-date symlink: /root/ros2_ws/install/mg400_msgs/local/lib/python3.10/dist-packages/mg400_msgs/msg/_robot_mode.py\n'}
[0.633904] (mg400_msgs) StdoutLine: {'line': b'-- Up-to-date symlink: /root/ros2_ws/install/mg400_msgs/local/lib/python3.10/dist-packages/mg400_msgs/msg/_robot_mode_s.c\n'}
[0.634036] (mg400_msgs) StdoutLine: {'line': b'-- Up-to-date symlink: /root/ros2_ws/install/mg400_msgs/local/lib/python3.10/dist-packages/mg400_msgs/msg/_tool.py\n'}
[0.634210] (mg400_msgs) StdoutLine: {'line': b'-- Up-to-date symlink: /root/ros2_ws/install/mg400_msgs/local/lib/python3.10/dist-packages/mg400_msgs/msg/_tool_di_index.py\n'}
[0.634341] (mg400_msgs) StdoutLine: {'line': b'-- Up-to-date symlink: /root/ros2_ws/install/mg400_msgs/local/lib/python3.10/dist-packages/mg400_msgs/msg/_tool_di_index_s.c\n'}
[0.634472] (mg400_msgs) StdoutLine: {'line': b'-- Up-to-date symlink: /root/ros2_ws/install/mg400_msgs/local/lib/python3.10/dist-packages/mg400_msgs/msg/_tool_do_index.py\n'}
[0.634606] (mg400_msgs) StdoutLine: {'line': b'-- Up-to-date symlink: /root/ros2_ws/install/mg400_msgs/local/lib/python3.10/dist-packages/mg400_msgs/msg/_tool_do_index_s.c\n'}
[0.634748] (mg400_msgs) StdoutLine: {'line': b'-- Up-to-date symlink: /root/ros2_ws/install/mg400_msgs/local/lib/python3.10/dist-packages/mg400_msgs/msg/_tool_s.c\n'}
[0.634884] (mg400_msgs) StdoutLine: {'line': b'-- Up-to-date symlink: /root/ros2_ws/install/mg400_msgs/local/lib/python3.10/dist-packages/mg400_msgs/msg/_user.py\n'}
[0.635022] (mg400_msgs) StdoutLine: {'line': b'-- Up-to-date symlink: /root/ros2_ws/install/mg400_msgs/local/lib/python3.10/dist-packages/mg400_msgs/msg/_user_s.c\n'}
[0.635205] (mg400_msgs) StdoutLine: {'line': b'-- Up-to-date symlink: /root/ros2_ws/install/mg400_msgs/local/lib/python3.10/dist-packages/mg400_msgs/srv/__init__.py\n'}
[0.635339] (mg400_msgs) StdoutLine: {'line': b'-- Up-to-date symlink: /root/ros2_ws/install/mg400_msgs/local/lib/python3.10/dist-packages/mg400_msgs/srv/_acc_j.py\n'}
[0.635474] (mg400_msgs) StdoutLine: {'line': b'-- Up-to-date symlink: /root/ros2_ws/install/mg400_msgs/local/lib/python3.10/dist-packages/mg400_msgs/srv/_acc_j_s.c\n'}
[0.635610] (mg400_msgs) StdoutLine: {'line': b'-- Up-to-date symlink: /root/ros2_ws/install/mg400_msgs/local/lib/python3.10/dist-packages/mg400_msgs/srv/_acc_l.py\n'}
[0.635752] (mg400_msgs) StdoutLine: {'line': b'-- Up-to-date symlink: /root/ros2_ws/install/mg400_msgs/local/lib/python3.10/dist-packages/mg400_msgs/srv/_acc_l_s.c\n'}
[0.635888] (mg400_msgs) StdoutLine: {'line': b'-- Up-to-date symlink: /root/ros2_ws/install/mg400_msgs/local/lib/python3.10/dist-packages/mg400_msgs/srv/_arch.py\n'}
[0.636091] (mg400_msgs) StdoutLine: {'line': b'-- Up-to-date symlink: /root/ros2_ws/install/mg400_msgs/local/lib/python3.10/dist-packages/mg400_msgs/srv/_arch_s.c\n'}
[0.636229] (mg400_msgs) StdoutLine: {'line': b'-- Up-to-date symlink: /root/ros2_ws/install/mg400_msgs/local/lib/python3.10/dist-packages/mg400_msgs/srv/_clear_error.py\n'}
[0.636370] (mg400_msgs) StdoutLine: {'line': b'-- Up-to-date symlink: /root/ros2_ws/install/mg400_msgs/local/lib/python3.10/dist-packages/mg400_msgs/srv/_clear_error_s.c\n'}
[0.636551] (mg400_msgs) StdoutLine: {'line': b'-- Up-to-date symlink: /root/ros2_ws/install/mg400_msgs/local/lib/python3.10/dist-packages/mg400_msgs/srv/_cp.py\n'}
[0.636703] (mg400_msgs) StdoutLine: {'line': b'-- Up-to-date symlink: /root/ros2_ws/install/mg400_msgs/local/lib/python3.10/dist-packages/mg400_msgs/srv/_cp_s.c\n'}
[0.636852] (mg400_msgs) StdoutLine: {'line': b'-- Up-to-date symlink: /root/ros2_ws/install/mg400_msgs/local/lib/python3.10/dist-packages/mg400_msgs/srv/_di.py\n'}
[0.636982] (mg400_msgs) StdoutLine: {'line': b'-- Up-to-date symlink: /root/ros2_ws/install/mg400_msgs/local/lib/python3.10/dist-packages/mg400_msgs/srv/_di_s.c\n'}
[0.637113] (mg400_msgs) StdoutLine: {'line': b'-- Up-to-date symlink: /root/ros2_ws/install/mg400_msgs/local/lib/python3.10/dist-packages/mg400_msgs/srv/_disable_robot.py\n'}
[0.637255] (mg400_msgs) StdoutLine: {'line': b'-- Up-to-date symlink: /root/ros2_ws/install/mg400_msgs/local/lib/python3.10/dist-packages/mg400_msgs/srv/_disable_robot_s.c\n'}
[0.637389] (mg400_msgs) StdoutLine: {'line': b'-- Up-to-date symlink: /root/ros2_ws/install/mg400_msgs/local/lib/python3.10/dist-packages/mg400_msgs/srv/_do.py\n'}
[0.637564] (mg400_msgs) StdoutLine: {'line': b'-- Up-to-date symlink: /root/ros2_ws/install/mg400_msgs/local/lib/python3.10/dist-packages/mg400_msgs/srv/_do_s.c\n'}
[0.637703] (mg400_msgs) StdoutLine: {'line': b'-- Up-to-date symlink: /root/ros2_ws/install/mg400_msgs/local/lib/python3.10/dist-packages/mg400_msgs/srv/_emergency_stop.py\n'}
[0.637841] (mg400_msgs) StdoutLine: {'line': b'-- Up-to-date symlink: /root/ros2_ws/install/mg400_msgs/local/lib/python3.10/dist-packages/mg400_msgs/srv/_emergency_stop_s.c\n'}
[0.637980] (mg400_msgs) StdoutLine: {'line': b'-- Up-to-date symlink: /root/ros2_ws/install/mg400_msgs/local/lib/python3.10/dist-packages/mg400_msgs/srv/_enable_robot.py\n'}
[0.638128] (mg400_msgs) StdoutLine: {'line': b'-- Up-to-date symlink: /root/ros2_ws/install/mg400_msgs/local/lib/python3.10/dist-packages/mg400_msgs/srv/_enable_robot_s.c\n'}
[0.638264] (mg400_msgs) StdoutLine: {'line': b'-- Up-to-date symlink: /root/ros2_ws/install/mg400_msgs/local/lib/python3.10/dist-packages/mg400_msgs/srv/_get_angle.py\n'}
[0.638395] (mg400_msgs) StdoutLine: {'line': b'-- Up-to-date symlink: /root/ros2_ws/install/mg400_msgs/local/lib/python3.10/dist-packages/mg400_msgs/srv/_get_angle_s.c\n'}
[0.638527] (mg400_msgs) StdoutLine: {'line': b'-- Up-to-date symlink: /root/ros2_ws/install/mg400_msgs/local/lib/python3.10/dist-packages/mg400_msgs/srv/_get_error_id.py\n'}
[0.638660] (mg400_msgs) StdoutLine: {'line': b'-- Up-to-date symlink: /root/ros2_ws/install/mg400_msgs/local/lib/python3.10/dist-packages/mg400_msgs/srv/_get_error_id_s.c\n'}
[0.638793] (mg400_msgs) StdoutLine: {'line': b'-- Up-to-date symlink: /root/ros2_ws/install/mg400_msgs/local/lib/python3.10/dist-packages/mg400_msgs/srv/_get_pose.py\n'}
[0.638929] (mg400_msgs) StdoutLine: {'line': b'-- Up-to-date symlink: /root/ros2_ws/install/mg400_msgs/local/lib/python3.10/dist-packages/mg400_msgs/srv/_get_pose_s.c\n'}
[0.639070] (mg400_msgs) StdoutLine: {'line': b'-- Up-to-date symlink: /root/ros2_ws/install/mg400_msgs/local/lib/python3.10/dist-packages/mg400_msgs/srv/_inverse_solution.py\n'}
[0.639247] (mg400_msgs) StdoutLine: {'line': b'-- Up-to-date symlink: /root/ros2_ws/install/mg400_msgs/local/lib/python3.10/dist-packages/mg400_msgs/srv/_inverse_solution_s.c\n'}
[0.639385] (mg400_msgs) StdoutLine: {'line': b'-- Up-to-date symlink: /root/ros2_ws/install/mg400_msgs/local/lib/python3.10/dist-packages/mg400_msgs/srv/_joint_mov_j.py\n'}
[0.639526] (mg400_msgs) StdoutLine: {'line': b'-- Up-to-date symlink: /root/ros2_ws/install/mg400_msgs/local/lib/python3.10/dist-packages/mg400_msgs/srv/_joint_mov_j_s.c\n'}
[0.639665] (mg400_msgs) StdoutLine: {'line': b'-- Up-to-date symlink: /root/ros2_ws/install/mg400_msgs/local/lib/python3.10/dist-packages/mg400_msgs/srv/_move_jog.py\n'}
[0.639822] (mg400_msgs) StdoutLine: {'line': b'-- Up-to-date symlink: /root/ros2_ws/install/mg400_msgs/local/lib/python3.10/dist-packages/mg400_msgs/srv/_move_jog_s.c\n'}
[0.639975] (mg400_msgs) StdoutLine: {'line': b'-- Up-to-date symlink: /root/ros2_ws/install/mg400_msgs/local/lib/python3.10/dist-packages/mg400_msgs/srv/_pay_load.py\n'}
[0.640114] (mg400_msgs) StdoutLine: {'line': b'-- Up-to-date symlink: /root/ros2_ws/install/mg400_msgs/local/lib/python3.10/dist-packages/mg400_msgs/srv/_pay_load_s.c\n'}
[0.640248] (mg400_msgs) StdoutLine: {'line': b'-- Up-to-date symlink: /root/ros2_ws/install/mg400_msgs/local/lib/python3.10/dist-packages/mg400_msgs/srv/_positive_solution.py\n'}
[0.640383] (mg400_msgs) StdoutLine: {'line': b'-- Up-to-date symlink: /root/ros2_ws/install/mg400_msgs/local/lib/python3.10/dist-packages/mg400_msgs/srv/_positive_solution_s.c\n'}
[0.640518] (mg400_msgs) StdoutLine: {'line': b'-- Up-to-date symlink: /root/ros2_ws/install/mg400_msgs/local/lib/python3.10/dist-packages/mg400_msgs/srv/_reset_robot.py\n'}
[0.640682] (mg400_msgs) StdoutLine: {'line': b'-- Up-to-date symlink: /root/ros2_ws/install/mg400_msgs/local/lib/python3.10/dist-packages/mg400_msgs/srv/_reset_robot_s.c\n'}
[0.640818] (mg400_msgs) StdoutLine: {'line': b'-- Up-to-date symlink: /root/ros2_ws/install/mg400_msgs/local/lib/python3.10/dist-packages/mg400_msgs/srv/_robot_mode.py\n'}
[0.640995] (mg400_msgs) StdoutLine: {'line': b'-- Up-to-date symlink: /root/ros2_ws/install/mg400_msgs/local/lib/python3.10/dist-packages/mg400_msgs/srv/_robot_mode_s.c\n'}
[0.641133] (mg400_msgs) StdoutLine: {'line': b'-- Up-to-date symlink: /root/ros2_ws/install/mg400_msgs/local/lib/python3.10/dist-packages/mg400_msgs/srv/_set_collision_level.py\n'}
[0.641267] (mg400_msgs) StdoutLine: {'line': b'-- Up-to-date symlink: /root/ros2_ws/install/mg400_msgs/local/lib/python3.10/dist-packages/mg400_msgs/srv/_set_collision_level_s.c\n'}
[0.641404] (mg400_msgs) StdoutLine: {'line': b'-- Up-to-date symlink: /root/ros2_ws/install/mg400_msgs/local/lib/python3.10/dist-packages/mg400_msgs/srv/_speed_factor.py\n'}
[0.641541] (mg400_msgs) StdoutLine: {'line': b'-- Up-to-date symlink: /root/ros2_ws/install/mg400_msgs/local/lib/python3.10/dist-packages/mg400_msgs/srv/_speed_factor_s.c\n'}
[0.641684] (mg400_msgs) StdoutLine: {'line': b'-- Up-to-date symlink: /root/ros2_ws/install/mg400_msgs/local/lib/python3.10/dist-packages/mg400_msgs/srv/_speed_j.py\n'}
[0.641837] (mg400_msgs) StdoutLine: {'line': b'-- Up-to-date symlink: /root/ros2_ws/install/mg400_msgs/local/lib/python3.10/dist-packages/mg400_msgs/srv/_speed_j_s.c\n'}
[0.641969] (mg400_msgs) StdoutLine: {'line': b'-- Up-to-date symlink: /root/ros2_ws/install/mg400_msgs/local/lib/python3.10/dist-packages/mg400_msgs/srv/_speed_l.py\n'}
[0.642151] (mg400_msgs) StdoutLine: {'line': b'-- Up-to-date symlink: /root/ros2_ws/install/mg400_msgs/local/lib/python3.10/dist-packages/mg400_msgs/srv/_speed_l_s.c\n'}
[0.642346] (mg400_msgs) StdoutLine: {'line': b'-- Up-to-date symlink: /root/ros2_ws/install/mg400_msgs/local/lib/python3.10/dist-packages/mg400_msgs/srv/_tool.py\n'}
[0.642507] (mg400_msgs) StdoutLine: {'line': b'-- Up-to-date symlink: /root/ros2_ws/install/mg400_msgs/local/lib/python3.10/dist-packages/mg400_msgs/srv/_tool_di.py\n'}
[0.642620] (mg400_msgs) StdoutLine: {'line': b'-- Up-to-date symlink: /root/ros2_ws/install/mg400_msgs/local/lib/python3.10/dist-packages/mg400_msgs/srv/_tool_di_s.c\n'}
[0.642759] (mg400_msgs) StdoutLine: {'line': b'-- Up-to-date symlink: /root/ros2_ws/install/mg400_msgs/local/lib/python3.10/dist-packages/mg400_msgs/srv/_tool_do_execute.py\n'}
[0.642890] (mg400_msgs) StdoutLine: {'line': b'-- Up-to-date symlink: /root/ros2_ws/install/mg400_msgs/local/lib/python3.10/dist-packages/mg400_msgs/srv/_tool_do_execute_s.c\n'}
[0.643025] (mg400_msgs) StdoutLine: {'line': b'-- Up-to-date symlink: /root/ros2_ws/install/mg400_msgs/local/lib/python3.10/dist-packages/mg400_msgs/srv/_tool_s.c\n'}
[0.643163] (mg400_msgs) StdoutLine: {'line': b'-- Up-to-date symlink: /root/ros2_ws/install/mg400_msgs/local/lib/python3.10/dist-packages/mg400_msgs/srv/_user.py\n'}
[0.643284] (mg400_msgs) StdoutLine: {'line': b'-- Up-to-date symlink: /root/ros2_ws/install/mg400_msgs/local/lib/python3.10/dist-packages/mg400_msgs/srv/_user_s.c\n'}
[0.643610] (mg400_msgs) StdoutLine: {'line': b'-- Up-to-date symlink: /root/ros2_ws/install/mg400_msgs/local/lib/python3.10/dist-packages/mg400_msgs/mg400_msgs_s__rosidl_typesupport_fastrtps_c.cpython-310-x86_64-linux-gnu.so\n'}
[0.643849] (mg400_msgs) StdoutLine: {'line': b'-- Up-to-date symlink: /root/ros2_ws/install/mg400_msgs/local/lib/python3.10/dist-packages/mg400_msgs/mg400_msgs_s__rosidl_typesupport_introspection_c.cpython-310-x86_64-linux-gnu.so\n'}
[0.644073] (mg400_msgs) StdoutLine: {'line': b'-- Up-to-date symlink: /root/ros2_ws/install/mg400_msgs/local/lib/python3.10/dist-packages/mg400_msgs/mg400_msgs_s__rosidl_typesupport_c.cpython-310-x86_64-linux-gnu.so\n'}
[0.644299] (mg400_msgs) StdoutLine: {'line': b'-- Up-to-date symlink: /root/ros2_ws/install/mg400_msgs/share/ament_index/resource_index/rust_packages/mg400_msgs\n'}
[0.645206] (mg400_msgs) StdoutLine: {'line': b'-- Up-to-date symlink: /root/ros2_ws/install/mg400_msgs/share/mg400_msgs/rust/Cargo.toml\n'}
[0.645337] (mg400_msgs) StdoutLine: {'line': b'-- Up-to-date symlink: /root/ros2_ws/install/mg400_msgs/share/mg400_msgs/rust/build.rs\n'}
[0.645529] (mg400_msgs) StdoutLine: {'line': b'-- Up-to-date symlink: /root/ros2_ws/install/mg400_msgs/share/mg400_msgs/rust/src/action.rs\n'}
[0.645652] (mg400_msgs) StdoutLine: {'line': b'-- Up-to-date symlink: /root/ros2_ws/install/mg400_msgs/share/mg400_msgs/rust/src/action/rmw.rs\n'}
[0.645800] (mg400_msgs) StdoutLine: {'line': b'-- Up-to-date symlink: /root/ros2_ws/install/mg400_msgs/share/mg400_msgs/rust/src/lib.rs\n'}
[0.645928] (mg400_msgs) StdoutLine: {'line': b'-- Up-to-date symlink: /root/ros2_ws/install/mg400_msgs/share/mg400_msgs/rust/src/msg.rs\n'}
[0.646104] (mg400_msgs) StdoutLine: {'line': b'-- Up-to-date symlink: /root/ros2_ws/install/mg400_msgs/share/mg400_msgs/rust/src/msg/rmw.rs\n'}
[0.646239] (mg400_msgs) StdoutLine: {'line': b'-- Up-to-date symlink: /root/ros2_ws/install/mg400_msgs/share/mg400_msgs/rust/src/srv.rs\n'}
[0.646417] (mg400_msgs) StdoutLine: {'line': b'-- Up-to-date symlink: /root/ros2_ws/install/mg400_msgs/share/mg400_msgs/rust/src/srv/rmw.rs\n'}
[0.646585] (mg400_msgs) StdoutLine: {'line': b'-- Up-to-date symlink: /root/ros2_ws/install/mg400_msgs/share/mg400_msgs/msg/Arch.idl\n'}
[0.646752] (mg400_msgs) StdoutLine: {'line': b'-- Up-to-date symlink: /root/ros2_ws/install/mg400_msgs/share/mg400_msgs/msg/CollisionLevel.idl\n'}
[0.646905] (mg400_msgs) StdoutLine: {'line': b'-- Up-to-date symlink: /root/ros2_ws/install/mg400_msgs/share/mg400_msgs/msg/Command.idl\n'}
[0.647060] (mg400_msgs) StdoutLine: {'line': b'-- Up-to-date symlink: /root/ros2_ws/install/mg400_msgs/share/mg400_msgs/msg/DIIndex.idl\n'}
[0.647209] (mg400_msgs) StdoutLine: {'line': b'-- Up-to-date symlink: /root/ros2_ws/install/mg400_msgs/share/mg400_msgs/msg/DOIndex.idl\n'}
[0.647402] (mg400_msgs) StdoutLine: {'line': b'-- Up-to-date symlink: /root/ros2_ws/install/mg400_msgs/share/mg400_msgs/msg/DOStatus.idl\n'}
[0.647555] (mg400_msgs) StdoutLine: {'line': b'-- Up-to-date symlink: /root/ros2_ws/install/mg400_msgs/share/mg400_msgs/msg/DistanceMode.idl\n'}
[0.647735] (mg400_msgs) StdoutLine: {'line': b'-- Up-to-date symlink: /root/ros2_ws/install/mg400_msgs/share/mg400_msgs/msg/ErrorID.idl\n'}
[0.647890] (mg400_msgs) StdoutLine: {'line': b'-- Up-to-date symlink: /root/ros2_ws/install/mg400_msgs/share/mg400_msgs/msg/IDArray.idl\n'}
[0.648053] (mg400_msgs) StdoutLine: {'line': b'-- Up-to-date symlink: /root/ros2_ws/install/mg400_msgs/share/mg400_msgs/msg/JointMovJ.idl\n'}
[0.648207] (mg400_msgs) StdoutLine: {'line': b'-- Up-to-date symlink: /root/ros2_ws/install/mg400_msgs/share/mg400_msgs/msg/MovJ.idl\n'}
[0.648367] (mg400_msgs) StdoutLine: {'line': b'-- Up-to-date symlink: /root/ros2_ws/install/mg400_msgs/share/mg400_msgs/msg/MovJIO.idl\n'}
[0.648524] (mg400_msgs) StdoutLine: {'line': b'-- Up-to-date symlink: /root/ros2_ws/install/mg400_msgs/share/mg400_msgs/msg/MovL.idl\n'}
[0.648734] (mg400_msgs) StdoutLine: {'line': b'-- Up-to-date symlink: /root/ros2_ws/install/mg400_msgs/share/mg400_msgs/msg/MovLIO.idl\n'}
[0.648889] (mg400_msgs) StdoutLine: {'line': b'-- Up-to-date symlink: /root/ros2_ws/install/mg400_msgs/share/mg400_msgs/msg/MoveJog.idl\n'}
[0.649044] (mg400_msgs) StdoutLine: {'line': b'-- Up-to-date symlink: /root/ros2_ws/install/mg400_msgs/share/mg400_msgs/msg/RobotMode.idl\n'}
[0.649195] (mg400_msgs) StdoutLine: {'line': b'-- Up-to-date symlink: /root/ros2_ws/install/mg400_msgs/share/mg400_msgs/msg/Tool.idl\n'}
[0.649347] (mg400_msgs) StdoutLine: {'line': b'-- Up-to-date symlink: /root/ros2_ws/install/mg400_msgs/share/mg400_msgs/msg/ToolDIIndex.idl\n'}
[0.649504] (mg400_msgs) StdoutLine: {'line': b'-- Up-to-date symlink: /root/ros2_ws/install/mg400_msgs/share/mg400_msgs/msg/ToolDOIndex.idl\n'}
[0.649669] (mg400_msgs) StdoutLine: {'line': b'-- Up-to-date symlink: /root/ros2_ws/install/mg400_msgs/share/mg400_msgs/msg/User.idl\n'}
[0.649923] (mg400_msgs) StdoutLine: {'line': b'-- Up-to-date symlink: /root/ros2_ws/install/mg400_msgs/share/mg400_msgs/srv/AccJ.idl\n'}
[0.650118] (mg400_msgs) StdoutLine: {'line': b'-- Up-to-date symlink: /root/ros2_ws/install/mg400_msgs/share/mg400_msgs/srv/AccL.idl\n'}
[0.650293] (mg400_msgs) StdoutLine: {'line': b'-- Up-to-date symlink: /root/ros2_ws/install/mg400_msgs/share/mg400_msgs/srv/Arch.idl\n'}
[0.650445] (mg400_msgs) StdoutLine: {'line': b'-- Up-to-date symlink: /root/ros2_ws/install/mg400_msgs/share/mg400_msgs/srv/CP.idl\n'}
[0.650598] (mg400_msgs) StdoutLine: {'line': b'-- Up-to-date symlink: /root/ros2_ws/install/mg400_msgs/share/mg400_msgs/srv/ClearError.idl\n'}
[0.650761] (mg400_msgs) StdoutLine: {'line': b'-- Up-to-date symlink: /root/ros2_ws/install/mg400_msgs/share/mg400_msgs/srv/DI.idl\n'}
[0.650914] (mg400_msgs) StdoutLine: {'line': b'-- Up-to-date symlink: /root/ros2_ws/install/mg400_msgs/share/mg400_msgs/srv/DO.idl\n'}
[0.651063] (mg400_msgs) StdoutLine: {'line': b'-- Up-to-date symlink: /root/ros2_ws/install/mg400_msgs/share/mg400_msgs/srv/DisableRobot.idl\n'}
[0.651256] (mg400_msgs) StdoutLine: {'line': b'-- Up-to-date symlink: /root/ros2_ws/install/mg400_msgs/share/mg400_msgs/srv/EmergencyStop.idl\n'}
[0.651407] (mg400_msgs) StdoutLine: {'line': b'-- Up-to-date symlink: /root/ros2_ws/install/mg400_msgs/share/mg400_msgs/srv/EnableRobot.idl\n'}
[0.651568] (mg400_msgs) StdoutLine: {'line': b'-- Up-to-date symlink: /root/ros2_ws/install/mg400_msgs/share/mg400_msgs/srv/GetAngle.idl\n'}
[0.651738] (mg400_msgs) StdoutLine: {'line': b'-- Up-to-date symlink: /root/ros2_ws/install/mg400_msgs/share/mg400_msgs/srv/GetErrorID.idl\n'}
[0.651892] (mg400_msgs) StdoutLine: {'line': b'-- Up-to-date symlink: /root/ros2_ws/install/mg400_msgs/share/mg400_msgs/srv/GetPose.idl\n'}
[0.652051] (mg400_msgs) StdoutLine: {'line': b'-- Up-to-date symlink: /root/ros2_ws/install/mg400_msgs/share/mg400_msgs/srv/InverseSolution.idl\n'}
[0.652209] (mg400_msgs) StdoutLine: {'line': b'-- Up-to-date symlink: /root/ros2_ws/install/mg400_msgs/share/mg400_msgs/srv/JointMovJ.idl\n'}
[0.652367] (mg400_msgs) StdoutLine: {'line': b'-- Up-to-date symlink: /root/ros2_ws/install/mg400_msgs/share/mg400_msgs/srv/MoveJog.idl\n'}
[0.652579] (mg400_msgs) StdoutLine: {'line': b'-- Up-to-date symlink: /root/ros2_ws/install/mg400_msgs/share/mg400_msgs/srv/PayLoad.idl\n'}
[0.652749] (mg400_msgs) StdoutLine: {'line': b'-- Up-to-date symlink: /root/ros2_ws/install/mg400_msgs/share/mg400_msgs/srv/PositiveSolution.idl\n'}
[0.652901] (mg400_msgs) StdoutLine: {'line': b'-- Up-to-date symlink: /root/ros2_ws/install/mg400_msgs/share/mg400_msgs/srv/ResetRobot.idl\n'}
[0.653056] (mg400_msgs) StdoutLine: {'line': b'-- Up-to-date symlink: /root/ros2_ws/install/mg400_msgs/share/mg400_msgs/srv/RobotMode.idl\n'}
[0.653202] (mg400_msgs) StdoutLine: {'line': b'-- Up-to-date symlink: /root/ros2_ws/install/mg400_msgs/share/mg400_msgs/srv/SetCollisionLevel.idl\n'}
[0.653359] (mg400_msgs) StdoutLine: {'line': b'-- Up-to-date symlink: /root/ros2_ws/install/mg400_msgs/share/mg400_msgs/srv/SpeedFactor.idl\n'}
[0.653522] (mg400_msgs) StdoutLine: {'line': b'-- Up-to-date symlink: /root/ros2_ws/install/mg400_msgs/share/mg400_msgs/srv/SpeedJ.idl\n'}
[0.653676] (mg400_msgs) StdoutLine: {'line': b'-- Up-to-date symlink: /root/ros2_ws/install/mg400_msgs/share/mg400_msgs/srv/SpeedL.idl\n'}
[0.653888] (mg400_msgs) StdoutLine: {'line': b'-- Up-to-date symlink: /root/ros2_ws/install/mg400_msgs/share/mg400_msgs/srv/Tool.idl\n'}
[0.654037] (mg400_msgs) StdoutLine: {'line': b'-- Up-to-date symlink: /root/ros2_ws/install/mg400_msgs/share/mg400_msgs/srv/ToolDI.idl\n'}
[0.654188] (mg400_msgs) StdoutLine: {'line': b'-- Up-to-date symlink: /root/ros2_ws/install/mg400_msgs/share/mg400_msgs/srv/ToolDOExecute.idl\n'}
[0.654341] (mg400_msgs) StdoutLine: {'line': b'-- Up-to-date symlink: /root/ros2_ws/install/mg400_msgs/share/mg400_msgs/srv/User.idl\n'}
[0.654510] (mg400_msgs) StdoutLine: {'line': b'-- Up-to-date symlink: /root/ros2_ws/install/mg400_msgs/share/mg400_msgs/action/CommandQueue.idl\n'}
[0.654667] (mg400_msgs) StdoutLine: {'line': b'-- Up-to-date symlink: /root/ros2_ws/install/mg400_msgs/share/mg400_msgs/action/JointMovJ.idl\n'}
[0.654831] (mg400_msgs) StdoutLine: {'line': b'-- Up-to-date symlink: /root/ros2_ws/install/mg400_msgs/share/mg400_msgs/action/MovJ.idl\n'}
[0.655024] (mg400_msgs) StdoutLine: {'line': b'-- Up-to-date symlink: /root/ros2_ws/install/mg400_msgs/share/mg400_msgs/action/MovJIO.idl\n'}
[0.655181] (mg400_msgs) StdoutLine: {'line': b'-- Up-to-date symlink: /root/ros2_ws/install/mg400_msgs/share/mg400_msgs/action/MovL.idl\n'}
[0.655345] (mg400_msgs) StdoutLine: {'line': b'-- Up-to-date symlink: /root/ros2_ws/install/mg400_msgs/share/mg400_msgs/action/MovLIO.idl\n'}
[0.655458] (mg400_msgs) StdoutLine: {'line': b'-- Up-to-date symlink: /root/ros2_ws/install/mg400_msgs/share/mg400_msgs/msg/Arch.msg\n'}
[0.655608] (mg400_msgs) StdoutLine: {'line': b'-- Up-to-date symlink: /root/ros2_ws/install/mg400_msgs/share/mg400_msgs/msg/CollisionLevel.msg\n'}
[0.655734] (mg400_msgs) StdoutLine: {'line': b'-- Up-to-date symlink: /root/ros2_ws/install/mg400_msgs/share/mg400_msgs/msg/Command.msg\n'}
[0.655832] (mg400_msgs) StdoutLine: {'line': b'-- Up-to-date symlink: /root/ros2_ws/install/mg400_msgs/share/mg400_msgs/msg/DIIndex.msg\n'}
[0.655939] (mg400_msgs) StdoutLine: {'line': b'-- Up-to-date symlink: /root/ros2_ws/install/mg400_msgs/share/mg400_msgs/msg/DOIndex.msg\n'}
[0.656046] (mg400_msgs) StdoutLine: {'line': b'-- Up-to-date symlink: /root/ros2_ws/install/mg400_msgs/share/mg400_msgs/msg/DOStatus.msg\n'}
[0.656199] (mg400_msgs) StdoutLine: {'line': b'-- Up-to-date symlink: /root/ros2_ws/install/mg400_msgs/share/mg400_msgs/msg/DistanceMode.msg\n'}
[0.656309] (mg400_msgs) StdoutLine: {'line': b'-- Up-to-date symlink: /root/ros2_ws/install/mg400_msgs/share/mg400_msgs/msg/ErrorID.msg\n'}
[0.656414] (mg400_msgs) StdoutLine: {'line': b'-- Up-to-date symlink: /root/ros2_ws/install/mg400_msgs/share/mg400_msgs/msg/IDArray.msg\n'}
[0.656518] (mg400_msgs) StdoutLine: {'line': b'-- Up-to-date symlink: /root/ros2_ws/install/mg400_msgs/share/mg400_msgs/msg/JointMovJ.msg\n'}
[0.656619] (mg400_msgs) StdoutLine: {'line': b'-- Up-to-date symlink: /root/ros2_ws/install/mg400_msgs/share/mg400_msgs/msg/MovJ.msg\n'}
[0.656732] (mg400_msgs) StdoutLine: {'line': b'-- Up-to-date symlink: /root/ros2_ws/install/mg400_msgs/share/mg400_msgs/msg/MovJIO.msg\n'}
[0.656837] (mg400_msgs) StdoutLine: {'line': b'-- Up-to-date symlink: /root/ros2_ws/install/mg400_msgs/share/mg400_msgs/msg/MovL.msg\n'}
[0.656939] (mg400_msgs) StdoutLine: {'line': b'-- Up-to-date symlink: /root/ros2_ws/install/mg400_msgs/share/mg400_msgs/msg/MovLIO.msg\n'}
[0.657041] (mg400_msgs) StdoutLine: {'line': b'-- Up-to-date symlink: /root/ros2_ws/install/mg400_msgs/share/mg400_msgs/msg/MoveJog.msg\n'}
[0.657144] (mg400_msgs) StdoutLine: {'line': b'-- Up-to-date symlink: /root/ros2_ws/install/mg400_msgs/share/mg400_msgs/msg/RobotMode.msg\n'}
[0.657247] (mg400_msgs) StdoutLine: {'line': b'-- Up-to-date symlink: /root/ros2_ws/install/mg400_msgs/share/mg400_msgs/msg/Tool.msg\n'}
[0.657350] (mg400_msgs) StdoutLine: {'line': b'-- Up-to-date symlink: /root/ros2_ws/install/mg400_msgs/share/mg400_msgs/msg/ToolDIIndex.msg\n'}
[0.657453] (mg400_msgs) StdoutLine: {'line': b'-- Up-to-date symlink: /root/ros2_ws/install/mg400_msgs/share/mg400_msgs/msg/ToolDOIndex.msg\n'}
[0.657555] (mg400_msgs) StdoutLine: {'line': b'-- Up-to-date symlink: /root/ros2_ws/install/mg400_msgs/share/mg400_msgs/msg/User.msg\n'}
[0.657657] (mg400_msgs) StdoutLine: {'line': b'-- Up-to-date symlink: /root/ros2_ws/install/mg400_msgs/share/mg400_msgs/srv/AccJ.srv\n'}
[0.657832] (mg400_msgs) StdoutLine: {'line': b'-- Up-to-date symlink: /root/ros2_ws/install/mg400_msgs/share/mg400_msgs/srv/AccJ_Request.msg\n'}
[0.657980] (mg400_msgs) StdoutLine: {'line': b'-- Up-to-date symlink: /root/ros2_ws/install/mg400_msgs/share/mg400_msgs/srv/AccJ_Response.msg\n'}
[0.658090] (mg400_msgs) StdoutLine: {'line': b'-- Up-to-date symlink: /root/ros2_ws/install/mg400_msgs/share/mg400_msgs/srv/AccL.srv\n'}
[0.658237] (mg400_msgs) StdoutLine: {'line': b'-- Up-to-date symlink: /root/ros2_ws/install/mg400_msgs/share/mg400_msgs/srv/AccL_Request.msg\n'}
[0.658511] (mg400_msgs) StdoutLine: {'line': b'-- Up-to-date symlink: /root/ros2_ws/install/mg400_msgs/share/mg400_msgs/srv/AccL_Response.msg\n'}
[0.658618] (mg400_msgs) StdoutLine: {'line': b'-- Up-to-date symlink: /root/ros2_ws/install/mg400_msgs/share/mg400_msgs/srv/Arch.srv\n'}
[0.658773] (mg400_msgs) StdoutLine: {'line': b'-- Up-to-date symlink: /root/ros2_ws/install/mg400_msgs/share/mg400_msgs/srv/Arch_Request.msg\n'}
[0.659043] (mg400_msgs) StdoutLine: {'line': b'-- Up-to-date symlink: /root/ros2_ws/install/mg400_msgs/share/mg400_msgs/srv/Arch_Response.msg\n'}
[0.659161] (mg400_msgs) StdoutLine: {'line': b'-- Up-to-date symlink: /root/ros2_ws/install/mg400_msgs/share/mg400_msgs/srv/CP.srv\n'}
[0.659383] (mg400_msgs) StdoutLine: {'line': b'-- Up-to-date symlink: /root/ros2_ws/install/mg400_msgs/share/mg400_msgs/srv/CP_Request.msg\n'}
[0.659538] (mg400_msgs) StdoutLine: {'line': b'-- Up-to-date symlink: /root/ros2_ws/install/mg400_msgs/share/mg400_msgs/srv/CP_Response.msg\n'}
[0.659646] (mg400_msgs) StdoutLine: {'line': b'-- Up-to-date symlink: /root/ros2_ws/install/mg400_msgs/share/mg400_msgs/srv/ClearError.srv\n'}
[0.659923] (mg400_msgs) StdoutLine: {'line': b'-- Up-to-date symlink: /root/ros2_ws/install/mg400_msgs/share/mg400_msgs/srv/ClearError_Request.msg\n'}
[0.660074] (mg400_msgs) StdoutLine: {'line': b'-- Up-to-date symlink: /root/ros2_ws/install/mg400_msgs/share/mg400_msgs/srv/ClearError_Response.msg\n'}
[0.660181] (mg400_msgs) StdoutLine: {'line': b'-- Up-to-date symlink: /root/ros2_ws/install/mg400_msgs/share/mg400_msgs/srv/DI.srv\n'}
[0.660335] (mg400_msgs) StdoutLine: {'line': b'-- Up-to-date symlink: /root/ros2_ws/install/mg400_msgs/share/mg400_msgs/srv/DI_Request.msg\n'}
[0.660489] (mg400_msgs) StdoutLine: {'line': b'-- Up-to-date symlink: /root/ros2_ws/install/mg400_msgs/share/mg400_msgs/srv/DI_Response.msg\n'}
[0.660597] (mg400_msgs) StdoutLine: {'line': b'-- Up-to-date symlink: /root/ros2_ws/install/mg400_msgs/share/mg400_msgs/srv/DO.srv\n'}
[0.660800] (mg400_msgs) StdoutLine: {'line': b'-- Up-to-date symlink: /root/ros2_ws/install/mg400_msgs/share/mg400_msgs/srv/DO_Request.msg\n'}
[0.660960] (mg400_msgs) StdoutLine: {'line': b'-- Up-to-date symlink: /root/ros2_ws/install/mg400_msgs/share/mg400_msgs/srv/DO_Response.msg\n'}
[0.661115] (mg400_msgs) StdoutLine: {'line': b'-- Up-to-date symlink: /root/ros2_ws/install/mg400_msgs/share/mg400_msgs/srv/DisableRobot.srv\n'}
[0.661270] (mg400_msgs) StdoutLine: {'line': b'-- Up-to-date symlink: /root/ros2_ws/install/mg400_msgs/share/mg400_msgs/srv/DisableRobot_Request.msg\n'}
[0.661422] (mg400_msgs) StdoutLine: {'line': b'-- Up-to-date symlink: /root/ros2_ws/install/mg400_msgs/share/mg400_msgs/srv/DisableRobot_Response.msg\n'}
[0.661583] (mg400_msgs) StdoutLine: {'line': b'-- Up-to-date symlink: /root/ros2_ws/install/mg400_msgs/share/mg400_msgs/srv/EmergencyStop.srv\n'}
[0.661748] (mg400_msgs) StdoutLine: {'line': b'-- Up-to-date symlink: /root/ros2_ws/install/mg400_msgs/share/mg400_msgs/srv/EmergencyStop_Request.msg\n'}
[0.661896] (mg400_msgs) StdoutLine: {'line': b'-- Up-to-date symlink: /root/ros2_ws/install/mg400_msgs/share/mg400_msgs/srv/EmergencyStop_Response.msg\n'}
[0.662006] (mg400_msgs) StdoutLine: {'line': b'-- Up-to-date symlink: /root/ros2_ws/install/mg400_msgs/share/mg400_msgs/srv/EnableRobot.srv\n'}
[0.662149] (mg400_msgs) StdoutLine: {'line': b'-- Up-to-date symlink: /root/ros2_ws/install/mg400_msgs/share/mg400_msgs/srv/EnableRobot_Request.msg\n'}
[0.662305] (mg400_msgs) StdoutLine: {'line': b'-- Up-to-date symlink: /root/ros2_ws/install/mg400_msgs/share/mg400_msgs/srv/EnableRobot_Response.msg\n'}
[0.662415] (mg400_msgs) StdoutLine: {'line': b'-- Up-to-date symlink: /root/ros2_ws/install/mg400_msgs/share/mg400_msgs/srv/GetAngle.srv\n'}
[0.662604] (mg400_msgs) StdoutLine: {'line': b'-- Up-to-date symlink: /root/ros2_ws/install/mg400_msgs/share/mg400_msgs/srv/GetAngle_Request.msg\n'}
[0.662759] (mg400_msgs) StdoutLine: {'line': b'-- Up-to-date symlink: /root/ros2_ws/install/mg400_msgs/share/mg400_msgs/srv/GetAngle_Response.msg\n'}
[0.662865] (mg400_msgs) StdoutLine: {'line': b'-- Up-to-date symlink: /root/ros2_ws/install/mg400_msgs/share/mg400_msgs/srv/GetErrorID.srv\n'}
[0.663010] (mg400_msgs) StdoutLine: {'line': b'-- Up-to-date symlink: /root/ros2_ws/install/mg400_msgs/share/mg400_msgs/srv/GetErrorID_Request.msg\n'}
[0.663164] (mg400_msgs) StdoutLine: {'line': b'-- Up-to-date symlink: /root/ros2_ws/install/mg400_msgs/share/mg400_msgs/srv/GetErrorID_Response.msg\n'}
[0.663273] (mg400_msgs) StdoutLine: {'line': b'-- Up-to-date symlink: /root/ros2_ws/install/mg400_msgs/share/mg400_msgs/srv/GetPose.srv\n'}
[0.663432] (mg400_msgs) StdoutLine: {'line': b'-- Up-to-date symlink: /root/ros2_ws/install/mg400_msgs/share/mg400_msgs/srv/GetPose_Request.msg\n'}
[0.663580] (mg400_msgs) StdoutLine: {'line': b'-- Up-to-date symlink: /root/ros2_ws/install/mg400_msgs/share/mg400_msgs/srv/GetPose_Response.msg\n'}
[0.663743] (mg400_msgs) StdoutLine: {'line': b'-- Up-to-date symlink: /root/ros2_ws/install/mg400_msgs/share/mg400_msgs/srv/InverseSolution.srv\n'}
[0.663904] (mg400_msgs) StdoutLine: {'line': b'-- Up-to-date symlink: /root/ros2_ws/install/mg400_msgs/share/mg400_msgs/srv/InverseSolution_Request.msg\n'}
[0.664121] (mg400_msgs) StdoutLine: {'line': b'-- Up-to-date symlink: /root/ros2_ws/install/mg400_msgs/share/mg400_msgs/srv/InverseSolution_Response.msg\n'}
[0.664235] (mg400_msgs) StdoutLine: {'line': b'-- Up-to-date symlink: /root/ros2_ws/install/mg400_msgs/share/mg400_msgs/srv/JointMovJ.srv\n'}
[0.664387] (mg400_msgs) StdoutLine: {'line': b'-- Up-to-date symlink: /root/ros2_ws/install/mg400_msgs/share/mg400_msgs/srv/JointMovJ_Request.msg\n'}
[0.664536] (mg400_msgs) StdoutLine: {'line': b'-- Up-to-date symlink: /root/ros2_ws/install/mg400_msgs/share/mg400_msgs/srv/JointMovJ_Response.msg\n'}
[0.664643] (mg400_msgs) StdoutLine: {'line': b'-- Up-to-date symlink: /root/ros2_ws/install/mg400_msgs/share/mg400_msgs/srv/MoveJog.srv\n'}
[0.664812] (mg400_msgs) StdoutLine: {'line': b'-- Up-to-date symlink: /root/ros2_ws/install/mg400_msgs/share/mg400_msgs/srv/MoveJog_Request.msg\n'}
[0.664961] (mg400_msgs) StdoutLine: {'line': b'-- Up-to-date symlink: /root/ros2_ws/install/mg400_msgs/share/mg400_msgs/srv/MoveJog_Response.msg\n'}
[0.665069] (mg400_msgs) StdoutLine: {'line': b'-- Up-to-date symlink: /root/ros2_ws/install/mg400_msgs/share/mg400_msgs/srv/PayLoad.srv\n'}
[0.665226] (mg400_msgs) StdoutLine: {'line': b'-- Up-to-date symlink: /root/ros2_ws/install/mg400_msgs/share/mg400_msgs/srv/PayLoad_Request.msg\n'}
[0.665379] (mg400_msgs) StdoutLine: {'line': b'-- Up-to-date symlink: /root/ros2_ws/install/mg400_msgs/share/mg400_msgs/srv/PayLoad_Response.msg\n'}
[0.665543] (mg400_msgs) StdoutLine: {'line': b'-- Up-to-date symlink: /root/ros2_ws/install/mg400_msgs/share/mg400_msgs/srv/PositiveSolution.srv\n'}
[0.665705] (mg400_msgs) StdoutLine: {'line': b'-- Up-to-date symlink: /root/ros2_ws/install/mg400_msgs/share/mg400_msgs/srv/PositiveSolution_Request.msg\n'}
[0.665864] (mg400_msgs) StdoutLine: {'line': b'-- Up-to-date symlink: /root/ros2_ws/install/mg400_msgs/share/mg400_msgs/srv/PositiveSolution_Response.msg\n'}
[0.665969] (mg400_msgs) StdoutLine: {'line': b'-- Up-to-date symlink: /root/ros2_ws/install/mg400_msgs/share/mg400_msgs/srv/ResetRobot.srv\n'}
[0.666119] (mg400_msgs) StdoutLine: {'line': b'-- Up-to-date symlink: /root/ros2_ws/install/mg400_msgs/share/mg400_msgs/srv/ResetRobot_Request.msg\n'}
[0.666286] (mg400_msgs) StdoutLine: {'line': b'-- Up-to-date symlink: /root/ros2_ws/install/mg400_msgs/share/mg400_msgs/srv/ResetRobot_Response.msg\n'}
[0.666466] (mg400_msgs) StdoutLine: {'line': b'-- Up-to-date symlink: /root/ros2_ws/install/mg400_msgs/share/mg400_msgs/srv/RobotMode.srv\n'}
[0.666655] (mg400_msgs) StdoutLine: {'line': b'-- Up-to-date symlink: /root/ros2_ws/install/mg400_msgs/share/mg400_msgs/srv/RobotMode_Request.msg\n'}
[0.666858] (mg400_msgs) StdoutLine: {'line': b'-- Up-to-date symlink: /root/ros2_ws/install/mg400_msgs/share/mg400_msgs/srv/RobotMode_Response.msg\n'}
[0.667019] (mg400_msgs) StdoutLine: {'line': b'-- Up-to-date symlink: /root/ros2_ws/install/mg400_msgs/share/mg400_msgs/srv/SetCollisionLevel.srv\n'}
[0.667177] (mg400_msgs) StdoutLine: {'line': b'-- Up-to-date symlink: /root/ros2_ws/install/mg400_msgs/share/mg400_msgs/srv/SetCollisionLevel_Request.msg\n'}
[0.667316] (mg400_msgs) StdoutLine: {'line': b'-- Up-to-date symlink: /root/ros2_ws/install/mg400_msgs/share/mg400_msgs/srv/SetCollisionLevel_Response.msg\n'}
[0.667433] (mg400_msgs) StdoutLine: {'line': b'-- Up-to-date symlink: /root/ros2_ws/install/mg400_msgs/share/mg400_msgs/srv/SpeedFactor.srv\n'}
[0.667565] (mg400_msgs) StdoutLine: {'line': b'-- Up-to-date symlink: /root/ros2_ws/install/mg400_msgs/share/mg400_msgs/srv/SpeedFactor_Request.msg\n'}
[0.667748] (mg400_msgs) StdoutLine: {'line': b'-- Up-to-date symlink: /root/ros2_ws/install/mg400_msgs/share/mg400_msgs/srv/SpeedFactor_Response.msg\n'}
[0.667843] (mg400_msgs) StdoutLine: {'line': b'-- Up-to-date symlink: /root/ros2_ws/install/mg400_msgs/share/mg400_msgs/srv/SpeedJ.srv\n'}
[0.668014] (mg400_msgs) StdoutLine: {'line': b'-- Up-to-date symlink: /root/ros2_ws/install/mg400_msgs/share/mg400_msgs/srv/SpeedJ_Request.msg\n'}
[0.668150] (mg400_msgs) StdoutLine: {'line': b'-- Up-to-date symlink: /root/ros2_ws/install/mg400_msgs/share/mg400_msgs/srv/SpeedJ_Response.msg\n'}
[0.668255] (mg400_msgs) StdoutLine: {'line': b'-- Up-to-date symlink: /root/ros2_ws/install/mg400_msgs/share/mg400_msgs/srv/SpeedL.srv\n'}
[0.668404] (mg400_msgs) StdoutLine: {'line': b'-- Up-to-date symlink: /root/ros2_ws/install/mg400_msgs/share/mg400_msgs/srv/SpeedL_Request.msg\n'}
[0.668555] (mg400_msgs) StdoutLine: {'line': b'-- Up-to-date symlink: /root/ros2_ws/install/mg400_msgs/share/mg400_msgs/srv/SpeedL_Response.msg\n'}
[0.668662] (mg400_msgs) StdoutLine: {'line': b'-- Up-to-date symlink: /root/ros2_ws/install/mg400_msgs/share/mg400_msgs/srv/Tool.srv\n'}
[0.668834] (mg400_msgs) StdoutLine: {'line': b'-- Up-to-date symlink: /root/ros2_ws/install/mg400_msgs/share/mg400_msgs/srv/Tool_Request.msg\n'}
[0.668986] (mg400_msgs) StdoutLine: {'line': b'-- Up-to-date symlink: /root/ros2_ws/install/mg400_msgs/share/mg400_msgs/srv/Tool_Response.msg\n'}
[0.669094] (mg400_msgs) StdoutLine: {'line': b'-- Up-to-date symlink: /root/ros2_ws/install/mg400_msgs/share/mg400_msgs/srv/ToolDI.srv\n'}
[0.669241] (mg400_msgs) StdoutLine: {'line': b'-- Up-to-date symlink: /root/ros2_ws/install/mg400_msgs/share/mg400_msgs/srv/ToolDI_Request.msg\n'}
[0.669395] (mg400_msgs) StdoutLine: {'line': b'-- Up-to-date symlink: /root/ros2_ws/install/mg400_msgs/share/mg400_msgs/srv/ToolDI_Response.msg\n'}
[0.669549] (mg400_msgs) StdoutLine: {'line': b'-- Up-to-date symlink: /root/ros2_ws/install/mg400_msgs/share/mg400_msgs/srv/ToolDOExecute.srv\n'}
[0.669760] (mg400_msgs) StdoutLine: {'line': b'-- Up-to-date symlink: /root/ros2_ws/install/mg400_msgs/share/mg400_msgs/srv/ToolDOExecute_Request.msg\n'}
[0.669914] (mg400_msgs) StdoutLine: {'line': b'-- Up-to-date symlink: /root/ros2_ws/install/mg400_msgs/share/mg400_msgs/srv/ToolDOExecute_Response.msg\n'}
[0.670023] (mg400_msgs) StdoutLine: {'line': b'-- Up-to-date symlink: /root/ros2_ws/install/mg400_msgs/share/mg400_msgs/srv/User.srv\n'}
[0.670172] (mg400_msgs) StdoutLine: {'line': b'-- Up-to-date symlink: /root/ros2_ws/install/mg400_msgs/share/mg400_msgs/srv/User_Request.msg\n'}
[0.670430] (mg400_msgs) StdoutLine: {'line': b'-- Up-to-date symlink: /root/ros2_ws/install/mg400_msgs/share/mg400_msgs/srv/User_Response.msg\n'}
[0.670634] (mg400_msgs) StdoutLine: {'line': b'-- Up-to-date symlink: /root/ros2_ws/install/mg400_msgs/share/mg400_msgs/action/CommandQueue.action\n'}
[0.670858] (mg400_msgs) StdoutLine: {'line': b'-- Up-to-date symlink: /root/ros2_ws/install/mg400_msgs/share/mg400_msgs/action/JointMovJ.action\n'}
[0.670968] (mg400_msgs) StdoutLine: {'line': b'-- Up-to-date symlink: /root/ros2_ws/install/mg400_msgs/share/mg400_msgs/action/MovJ.action\n'}
[0.671116] (mg400_msgs) StdoutLine: {'line': b'-- Up-to-date symlink: /root/ros2_ws/install/mg400_msgs/share/mg400_msgs/action/MovJIO.action\n'}
[0.671227] (mg400_msgs) StdoutLine: {'line': b'-- Up-to-date symlink: /root/ros2_ws/install/mg400_msgs/share/mg400_msgs/action/MovL.action\n'}
[0.671375] (mg400_msgs) StdoutLine: {'line': b'-- Up-to-date symlink: /root/ros2_ws/install/mg400_msgs/share/mg400_msgs/action/MovLIO.action\n'}
[0.671912] (mg400_msgs) StdoutLine: {'line': b'-- Up-to-date symlink: /root/ros2_ws/install/mg400_msgs/share/ament_index/resource_index/package_run_dependencies/mg400_msgs\n'}
[0.672147] (mg400_msgs) StdoutLine: {'line': b'-- Up-to-date symlink: /root/ros2_ws/install/mg400_msgs/share/ament_index/resource_index/parent_prefix_path/mg400_msgs\n'}
[0.672277] (mg400_msgs) StdoutLine: {'line': b'-- Up-to-date symlink: /root/ros2_ws/install/mg400_msgs/share/mg400_msgs/environment/ament_prefix_path.sh\n'}
[0.672489] (mg400_msgs) StdoutLine: {'line': b'-- Up-to-date symlink: /root/ros2_ws/install/mg400_msgs/share/mg400_msgs/environment/ament_prefix_path.dsv\n'}
[0.672613] (mg400_msgs) StdoutLine: {'line': b'-- Up-to-date symlink: /root/ros2_ws/install/mg400_msgs/share/mg400_msgs/environment/path.sh\n'}
[0.672772] (mg400_msgs) StdoutLine: {'line': b'-- Up-to-date symlink: /root/ros2_ws/install/mg400_msgs/share/mg400_msgs/environment/path.dsv\n'}
[0.672935] (mg400_msgs) StdoutLine: {'line': b'-- Up-to-date symlink: /root/ros2_ws/install/mg400_msgs/share/mg400_msgs/local_setup.bash\n'}
[0.673059] (mg400_msgs) StdoutLine: {'line': b'-- Up-to-date symlink: /root/ros2_ws/install/mg400_msgs/share/mg400_msgs/local_setup.sh\n'}
[0.673320] (mg400_msgs) StdoutLine: {'line': b'-- Up-to-date symlink: /root/ros2_ws/install/mg400_msgs/share/mg400_msgs/local_setup.zsh\n'}
[0.673542] (mg400_msgs) StdoutLine: {'line': b'-- Up-to-date symlink: /root/ros2_ws/install/mg400_msgs/share/mg400_msgs/local_setup.dsv\n'}
[0.673622] (mg400_msgs) StdoutLine: {'line': b'-- Symlinking: /root/ros2_ws/install/mg400_msgs/share/mg400_msgs/package.dsv\n'}
[0.682986] (mg400_msgs) StdoutLine: {'line': b'-- Up-to-date symlink: /root/ros2_ws/install/mg400_msgs/share/ament_index/resource_index/packages/mg400_msgs\n'}
[0.683283] (mg400_msgs) StdoutLine: {'line': b'-- Up-to-date symlink: /root/ros2_ws/install/mg400_msgs/share/mg400_msgs/cmake/rosidl_cmake-extras.cmake\n'}
[0.683423] (mg400_msgs) StdoutLine: {'line': b'-- Up-to-date symlink: /root/ros2_ws/install/mg400_msgs/share/mg400_msgs/cmake/ament_cmake_export_dependencies-extras.cmake\n'}
[0.683644] (mg400_msgs) StdoutLine: {'line': b'-- Up-to-date symlink: /root/ros2_ws/install/mg400_msgs/share/mg400_msgs/cmake/ament_cmake_export_include_directories-extras.cmake\n'}
[0.683967] (mg400_msgs) StdoutLine: {'line': b'-- Up-to-date symlink: /root/ros2_ws/install/mg400_msgs/share/mg400_msgs/cmake/ament_cmake_export_libraries-extras.cmake\n'}
[0.684126] (mg400_msgs) StdoutLine: {'line': b'-- Up-to-date symlink: /root/ros2_ws/install/mg400_msgs/share/mg400_msgs/cmake/ament_cmake_export_targets-extras.cmake\n'}
[0.684289] (mg400_msgs) StdoutLine: {'line': b'-- Up-to-date symlink: /root/ros2_ws/install/mg400_msgs/share/mg400_msgs/cmake/rosidl_cmake_export_typesupport_targets-extras.cmake\n'}
[0.684394] (mg400_msgs) StdoutLine: {'line': b'-- Up-to-date symlink: /root/ros2_ws/install/mg400_msgs/share/mg400_msgs/cmake/rosidl_cmake_export_typesupport_libraries-extras.cmake\n'}
[0.684437] (mg400_msgs) StdoutLine: {'line': b'-- Up-to-date symlink: /root/ros2_ws/install/mg400_msgs/share/mg400_msgs/cmake/rosidl_cmake_aggregate_target-extras.cmake\n'}
[0.684480] (mg400_msgs) StdoutLine: {'line': b'-- Up-to-date symlink: /root/ros2_ws/install/mg400_msgs/share/mg400_msgs/cmake/mg400_msgsConfig.cmake\n'}
[0.684522] (mg400_msgs) StdoutLine: {'line': b'-- Up-to-date symlink: /root/ros2_ws/install/mg400_msgs/share/mg400_msgs/cmake/mg400_msgsConfig-version.cmake\n'}
[0.684564] (mg400_msgs) StdoutLine: {'line': b'-- Up-to-date symlink: /root/ros2_ws/install/mg400_msgs/share/mg400_msgs/package.xml\n'}
[0.684620] (mg400_msgs) StdoutLine: {'line': b'-- Up-to-date: /root/ros2_ws/install/mg400_msgs/lib/libmg400_msgs__rosidl_generator_c.so\n'}
[0.684902] (mg400_msgs) StdoutLine: {'line': b'-- Up-to-date: /root/ros2_ws/install/mg400_msgs/lib/libmg400_msgs__rosidl_typesupport_fastrtps_c.so\n'}
[0.685179] (mg400_msgs) StdoutLine: {'line': b'-- Up-to-date: /root/ros2_ws/install/mg400_msgs/lib/libmg400_msgs__rosidl_typesupport_fastrtps_cpp.so\n'}
[0.685443] (mg400_msgs) StdoutLine: {'line': b'-- Up-to-date: /root/ros2_ws/install/mg400_msgs/lib/libmg400_msgs__rosidl_typesupport_introspection_c.so\n'}
[0.685695] (mg400_msgs) StdoutLine: {'line': b'-- Up-to-date: /root/ros2_ws/install/mg400_msgs/lib/libmg400_msgs__rosidl_typesupport_c.so\n'}
[0.685969] (mg400_msgs) StdoutLine: {'line': b'-- Up-to-date: /root/ros2_ws/install/mg400_msgs/lib/libmg400_msgs__rosidl_typesupport_introspection_cpp.so\n'}
[0.686231] (mg400_msgs) StdoutLine: {'line': b'-- Up-to-date: /root/ros2_ws/install/mg400_msgs/lib/libmg400_msgs__rosidl_typesupport_cpp.so\n'}
[0.700312] (-) TimerEvent: {}
[0.720691] (mg400_msgs) StdoutLine: {'line': b"Listing '/root/ros2_ws/install/mg400_msgs/local/lib/python3.10/dist-packages/mg400_msgs'...\n"}
[0.720915] (mg400_msgs) StdoutLine: {'line': b"Listing '/root/ros2_ws/install/mg400_msgs/local/lib/python3.10/dist-packages/mg400_msgs/action'...\n"}
[0.721045] (mg400_msgs) StdoutLine: {'line': b"Listing '/root/ros2_ws/install/mg400_msgs/local/lib/python3.10/dist-packages/mg400_msgs/msg'...\n"}
[0.721142] (mg400_msgs) StdoutLine: {'line': b"Listing '/root/ros2_ws/install/mg400_msgs/local/lib/python3.10/dist-packages/mg400_msgs/srv'...\n"}
[0.725491] (mg400_msgs) StdoutLine: {'line': b'-- Up-to-date: /root/ros2_ws/install/mg400_msgs/lib/libmg400_msgs__rosidl_generator_py.so\n'}
[0.726069] (mg400_msgs) StdoutLine: {'line': b'-- Up-to-date: /root/ros2_ws/install/mg400_msgs/share/mg400_msgs/cmake/export_mg400_msgs__rosidl_generator_cExport.cmake\n'}
[0.726216] (mg400_msgs) StdoutLine: {'line': b'-- Up-to-date: /root/ros2_ws/install/mg400_msgs/share/mg400_msgs/cmake/export_mg400_msgs__rosidl_generator_cExport-noconfig.cmake\n'}
[0.726414] (mg400_msgs) StdoutLine: {'line': b'-- Up-to-date: /root/ros2_ws/install/mg400_msgs/share/mg400_msgs/cmake/export_mg400_msgs__rosidl_typesupport_fastrtps_cExport.cmake\n'}
[0.726477] (mg400_msgs) StdoutLine: {'line': b'-- Up-to-date: /root/ros2_ws/install/mg400_msgs/share/mg400_msgs/cmake/export_mg400_msgs__rosidl_typesupport_fastrtps_cExport-noconfig.cmake\n'}
[0.726608] (mg400_msgs) StdoutLine: {'line': b'-- Up-to-date: /root/ros2_ws/install/mg400_msgs/share/mg400_msgs/cmake/export_mg400_msgs__rosidl_generator_cppExport.cmake\n'}
[0.726762] (mg400_msgs) StdoutLine: {'line': b'-- Up-to-date: /root/ros2_ws/install/mg400_msgs/share/mg400_msgs/cmake/export_mg400_msgs__rosidl_typesupport_fastrtps_cppExport.cmake\n'}
[0.726830] (mg400_msgs) StdoutLine: {'line': b'-- Up-to-date: /root/ros2_ws/install/mg400_msgs/share/mg400_msgs/cmake/export_mg400_msgs__rosidl_typesupport_fastrtps_cppExport-noconfig.cmake\n'}
[0.726985] (mg400_msgs) StdoutLine: {'line': b'-- Up-to-date: /root/ros2_ws/install/mg400_msgs/share/mg400_msgs/cmake/mg400_msgs__rosidl_typesupport_introspection_cExport.cmake\n'}
[0.727059] (mg400_msgs) StdoutLine: {'line': b'-- Up-to-date: /root/ros2_ws/install/mg400_msgs/share/mg400_msgs/cmake/mg400_msgs__rosidl_typesupport_introspection_cExport-noconfig.cmake\n'}
[0.727172] (mg400_msgs) StdoutLine: {'line': b'-- Up-to-date: /root/ros2_ws/install/mg400_msgs/share/mg400_msgs/cmake/mg400_msgs__rosidl_typesupport_cExport.cmake\n'}
[0.727229] (mg400_msgs) StdoutLine: {'line': b'-- Up-to-date: /root/ros2_ws/install/mg400_msgs/share/mg400_msgs/cmake/mg400_msgs__rosidl_typesupport_cExport-noconfig.cmake\n'}
[0.727366] (mg400_msgs) StdoutLine: {'line': b'-- Up-to-date: /root/ros2_ws/install/mg400_msgs/share/mg400_msgs/cmake/mg400_msgs__rosidl_typesupport_introspection_cppExport.cmake\n'}
[0.727428] (mg400_msgs) StdoutLine: {'line': b'-- Up-to-date: /root/ros2_ws/install/mg400_msgs/share/mg400_msgs/cmake/mg400_msgs__rosidl_typesupport_introspection_cppExport-noconfig.cmake\n'}
[0.727561] (mg400_msgs) StdoutLine: {'line': b'-- Up-to-date: /root/ros2_ws/install/mg400_msgs/share/mg400_msgs/cmake/mg400_msgs__rosidl_typesupport_cppExport.cmake\n'}
[0.727613] (mg400_msgs) StdoutLine: {'line': b'-- Up-to-date: /root/ros2_ws/install/mg400_msgs/share/mg400_msgs/cmake/mg400_msgs__rosidl_typesupport_cppExport-noconfig.cmake\n'}
[0.727791] (mg400_msgs) StdoutLine: {'line': b'-- Up-to-date: /root/ros2_ws/install/mg400_msgs/share/mg400_msgs/cmake/export_mg400_msgs__rosidl_generator_pyExport.cmake\n'}
[0.727847] (mg400_msgs) StdoutLine: {'line': b'-- Up-to-date: /root/ros2_ws/install/mg400_msgs/share/mg400_msgs/cmake/export_mg400_msgs__rosidl_generator_pyExport-noconfig.cmake\n'}
[0.730618] (mg400_msgs) CommandEnded: {'returncode': 0}
[0.745833] (mg400_msgs) JobEnded: {'identifier': 'mg400_msgs', 'rc': 0}
[0.746998] (mg400_interface) JobStarted: {'identifier': 'mg400_interface'}
[0.749322] (mg400_tools) JobStarted: {'identifier': 'mg400_tools'}
[0.756086] (mg400_interface) JobProgress: {'identifier': 'mg400_interface', 'progress': 'cmake'}
[0.757212] (mg400_interface) JobProgress: {'identifier': 'mg400_interface', 'progress': 'build'}
[0.757569] (mg400_interface) Command: {'cmd': ['/usr/bin/cmake', '--build', '/root/ros2_ws/build/mg400_interface', '--', '-j16', '-l16'], 'cwd': '/root/ros2_ws/build/mg400_interface', 'env': OrderedDict([('HOSTNAME', 'zzz-2404'), ('SHLVL', '1'), ('LD_LIBRARY_PATH', '/root/ros2_ws/install/mg400_msgs/lib:/root/ros2_ws/install/mg400_common/lib:/opt/ros/humble/opt/rviz_ogre_vendor/lib:/opt/ros/humble/lib/x86_64-linux-gnu:/opt/ros/humble/lib'), ('HOME', '/root'), ('OLDPWD', '/root/ros2_ws'), ('ROS_PYTHON_VERSION', '3'), ('ROS_DISTRO', 'humble'), ('_', '/usr/bin/colcon'), ('ROS_VERSION', '2'), ('TERM', 'xterm'), ('ROS_LOCALHOST_ONLY', '0'), ('PATH', '/opt/ros/humble/bin:/usr/local/sbin:/usr/local/bin:/usr/sbin:/usr/bin:/sbin:/bin'), ('LANG', 'C.UTF-8'), ('LS_COLORS', 'rs=0:di=01;34:ln=01;36:mh=00:pi=40;33:so=01;35:do=01;35:bd=40;33;01:cd=40;33;01:or=40;31;01:mi=00:su=37;41:sg=30;43:ca=30;41:tw=30;42:ow=34;42:st=37;44:ex=01;32:*.tar=01;31:*.tgz=01;31:*.arc=01;31:*.arj=01;31:*.taz=01;31:*.lha=01;31:*.lz4=01;31:*.lzh=01;31:*.lzma=01;31:*.tlz=01;31:*.txz=01;31:*.tzo=01;31:*.t7z=01;31:*.zip=01;31:*.z=01;31:*.dz=01;31:*.gz=01;31:*.lrz=01;31:*.lz=01;31:*.lzo=01;31:*.xz=01;31:*.zst=01;31:*.tzst=01;31:*.bz2=01;31:*.bz=01;31:*.tbz=01;31:*.tbz2=01;31:*.tz=01;31:*.deb=01;31:*.rpm=01;31:*.jar=01;31:*.war=01;31:*.ear=01;31:*.sar=01;31:*.rar=01;31:*.alz=01;31:*.ace=01;31:*.zoo=01;31:*.cpio=01;31:*.7z=01;31:*.rz=01;31:*.cab=01;31:*.wim=01;31:*.swm=01;31:*.dwm=01;31:*.esd=01;31:*.jpg=01;35:*.jpeg=01;35:*.mjpg=01;35:*.mjpeg=01;35:*.gif=01;35:*.bmp=01;35:*.pbm=01;35:*.pgm=01;35:*.ppm=01;35:*.tga=01;35:*.xbm=01;35:*.xpm=01;35:*.tif=01;35:*.tiff=01;35:*.png=01;35:*.svg=01;35:*.svgz=01;35:*.mng=01;35:*.pcx=01;35:*.mov=01;35:*.mpg=01;35:*.mpeg=01;35:*.m2v=01;35:*.mkv=01;35:*.webm=01;35:*.webp=01;35:*.ogm=01;35:*.mp4=01;35:*.m4v=01;35:*.mp4v=01;35:*.vob=01;35:*.qt=01;35:*.nuv=01;35:*.wmv=01;35:*.asf=01;35:*.rm=01;35:*.rmvb=01;35:*.flc=01;35:*.avi=01;35:*.fli=01;35:*.flv=01;35:*.gl=01;35:*.dl=01;35:*.xcf=01;35:*.xwd=01;35:*.yuv=01;35:*.cgm=01;35:*.emf=01;35:*.ogv=01;35:*.ogx=01;35:*.aac=00;36:*.au=00;36:*.flac=00;36:*.m4a=00;36:*.mid=00;36:*.midi=00;36:*.mka=00;36:*.mp3=00;36:*.mpc=00;36:*.ogg=00;36:*.ra=00;36:*.wav=00;36:*.oga=00;36:*.opus=00;36:*.spx=00;36:*.xspf=00;36:'), ('AMENT_PREFIX_PATH', '/root/ros2_ws/install/mg400_msgs:/root/ros2_ws/install/mg400_common:/opt/ros/humble'), ('PWD', '/root/ros2_ws/build/mg400_interface'), ('LC_ALL', 'C.UTF-8'), ('PYTHONPATH', '/root/ros2_ws/install/mg400_msgs/local/lib/python3.10/dist-packages:/opt/ros/humble/lib/python3.10/site-packages:/opt/ros/humble/local/lib/python3.10/dist-packages'), ('COLCON', '1'), ('CMAKE_PREFIX_PATH', '/root/ros2_ws/install/mg400_msgs:/root/ros2_ws/install/mg400_common:/opt/ros/humble')]), 'shell': False}
[0.758918] (mg400_tools) JobProgress: {'identifier': 'mg400_tools', 'progress': 'cmake'}
[0.759369] (mg400_tools) JobProgress: {'identifier': 'mg400_tools', 'progress': 'build'}
[0.759655] (mg400_tools) Command: {'cmd': ['/usr/bin/cmake', '--build', '/root/ros2_ws/build/mg400_tools', '--', '-j16', '-l16'], 'cwd': '/root/ros2_ws/build/mg400_tools', 'env': OrderedDict([('HOSTNAME', 'zzz-2404'), ('SHLVL', '1'), ('LD_LIBRARY_PATH', '/root/ros2_ws/install/mg400_msgs/lib:/root/ros2_ws/install/mg400_common/lib:/opt/ros/humble/opt/rviz_ogre_vendor/lib:/opt/ros/humble/lib/x86_64-linux-gnu:/opt/ros/humble/lib'), ('HOME', '/root'), ('OLDPWD', '/root/ros2_ws'), ('ROS_PYTHON_VERSION', '3'), ('ROS_DISTRO', 'humble'), ('_', '/usr/bin/colcon'), ('ROS_VERSION', '2'), ('TERM', 'xterm'), ('ROS_LOCALHOST_ONLY', '0'), ('PATH', '/opt/ros/humble/bin:/usr/local/sbin:/usr/local/bin:/usr/sbin:/usr/bin:/sbin:/bin'), ('LANG', 'C.UTF-8'), ('LS_COLORS', 'rs=0:di=01;34:ln=01;36:mh=00:pi=40;33:so=01;35:do=01;35:bd=40;33;01:cd=40;33;01:or=40;31;01:mi=00:su=37;41:sg=30;43:ca=30;41:tw=30;42:ow=34;42:st=37;44:ex=01;32:*.tar=01;31:*.tgz=01;31:*.arc=01;31:*.arj=01;31:*.taz=01;31:*.lha=01;31:*.lz4=01;31:*.lzh=01;31:*.lzma=01;31:*.tlz=01;31:*.txz=01;31:*.tzo=01;31:*.t7z=01;31:*.zip=01;31:*.z=01;31:*.dz=01;31:*.gz=01;31:*.lrz=01;31:*.lz=01;31:*.lzo=01;31:*.xz=01;31:*.zst=01;31:*.tzst=01;31:*.bz2=01;31:*.bz=01;31:*.tbz=01;31:*.tbz2=01;31:*.tz=01;31:*.deb=01;31:*.rpm=01;31:*.jar=01;31:*.war=01;31:*.ear=01;31:*.sar=01;31:*.rar=01;31:*.alz=01;31:*.ace=01;31:*.zoo=01;31:*.cpio=01;31:*.7z=01;31:*.rz=01;31:*.cab=01;31:*.wim=01;31:*.swm=01;31:*.dwm=01;31:*.esd=01;31:*.jpg=01;35:*.jpeg=01;35:*.mjpg=01;35:*.mjpeg=01;35:*.gif=01;35:*.bmp=01;35:*.pbm=01;35:*.pgm=01;35:*.ppm=01;35:*.tga=01;35:*.xbm=01;35:*.xpm=01;35:*.tif=01;35:*.tiff=01;35:*.png=01;35:*.svg=01;35:*.svgz=01;35:*.mng=01;35:*.pcx=01;35:*.mov=01;35:*.mpg=01;35:*.mpeg=01;35:*.m2v=01;35:*.mkv=01;35:*.webm=01;35:*.webp=01;35:*.ogm=01;35:*.mp4=01;35:*.m4v=01;35:*.mp4v=01;35:*.vob=01;35:*.qt=01;35:*.nuv=01;35:*.wmv=01;35:*.asf=01;35:*.rm=01;35:*.rmvb=01;35:*.flc=01;35:*.avi=01;35:*.fli=01;35:*.flv=01;35:*.gl=01;35:*.dl=01;35:*.xcf=01;35:*.xwd=01;35:*.yuv=01;35:*.cgm=01;35:*.emf=01;35:*.ogv=01;35:*.ogx=01;35:*.aac=00;36:*.au=00;36:*.flac=00;36:*.m4a=00;36:*.mid=00;36:*.midi=00;36:*.mka=00;36:*.mp3=00;36:*.mpc=00;36:*.ogg=00;36:*.ra=00;36:*.wav=00;36:*.oga=00;36:*.opus=00;36:*.spx=00;36:*.xspf=00;36:'), ('AMENT_PREFIX_PATH', '/root/ros2_ws/install/mg400_msgs:/root/ros2_ws/install/mg400_common:/opt/ros/humble'), ('PWD', '/root/ros2_ws/build/mg400_tools'), ('LC_ALL', 'C.UTF-8'), ('PYTHONPATH', '/root/ros2_ws/install/mg400_msgs/local/lib/python3.10/dist-packages:/opt/ros/humble/lib/python3.10/site-packages:/opt/ros/humble/local/lib/python3.10/dist-packages'), ('COLCON', '1'), ('CMAKE_PREFIX_PATH', '/root/ros2_ws/install/mg400_msgs:/root/ros2_ws/install/mg400_common:/opt/ros/humble')]), 'shell': False}
[0.800416] (-) TimerEvent: {}
[0.800908] (mg400_interface) StdoutLine: {'line': b'\x1b[35m\x1b[1mConsolidate compiler generated dependencies of target gtest_main\x1b[0m\n'}
[0.801086] (mg400_interface) StdoutLine: {'line': b'\x1b[35m\x1b[1mConsolidate compiler generated dependencies of target gtest\x1b[0m\n'}
[0.801592] (mg400_tools) StdoutLine: {'line': b'\x1b[35m\x1b[1mConsolidate compiler generated dependencies of target validate_kinematics_with_solutions\x1b[0m\n'}
[0.801736] (mg400_interface) StdoutLine: {'line': b'\x1b[35m\x1b[1mConsolidate compiler generated dependencies of target gmock\x1b[0m\n'}
[0.801913] (mg400_tools) StdoutLine: {'line': b'\x1b[35m\x1b[1mConsolidate compiler generated dependencies of target command_queue_client\x1b[0m\n'}
[0.801988] (mg400_tools) StdoutLine: {'line': b'\x1b[35m\x1b[1mConsolidate compiler generated dependencies of target mg400_kinematics_cli\x1b[0m\n'}
[0.802661] (mg400_interface) StdoutLine: {'line': b'\x1b[35m\x1b[1mConsolidate compiler generated dependencies of target gmock_main\x1b[0m\n'}
[0.810196] (mg400_interface) StdoutLine: {'line': b'\x1b[35m\x1b[1mConsolidate compiler generated dependencies of target mg400_interface\x1b[0m\n'}
[0.815240] (mg400_interface) StdoutLine: {'line': b'[ 11%] Built target gtest\n'}
[0.815412] (mg400_interface) StdoutLine: {'line': b'[ 11%] Built target gtest_main\n'}
[0.817999] (mg400_interface) StdoutLine: {'line': b'[ 20%] Built target gmock\n'}
[0.818166] (mg400_interface) StdoutLine: {'line': b'[ 26%] Built target gmock_main\n'}
[0.823206] (mg400_tools) StdoutLine: {'line': b'[ 33%] Built target mg400_kinematics_cli\n'}
[0.825807] (mg400_tools) StdoutLine: {'line': b'[100%] Built target command_queue_client\n'}
[0.825908] (mg400_tools) StdoutLine: {'line': b'[100%] Built target validate_kinematics_with_solutions\n'}
[0.837017] (mg400_tools) CommandEnded: {'returncode': 0}
[0.837792] (mg400_tools) JobProgress: {'identifier': 'mg400_tools', 'progress': 'install'}
[0.838114] (mg400_tools) Command: {'cmd': ['/usr/bin/cmake', '--install', '/root/ros2_ws/build/mg400_tools'], 'cwd': '/root/ros2_ws/build/mg400_tools', 'env': OrderedDict([('HOSTNAME', 'zzz-2404'), ('SHLVL', '1'), ('LD_LIBRARY_PATH', '/root/ros2_ws/install/mg400_msgs/lib:/root/ros2_ws/install/mg400_common/lib:/opt/ros/humble/opt/rviz_ogre_vendor/lib:/opt/ros/humble/lib/x86_64-linux-gnu:/opt/ros/humble/lib'), ('HOME', '/root'), ('OLDPWD', '/root/ros2_ws'), ('ROS_PYTHON_VERSION', '3'), ('ROS_DISTRO', 'humble'), ('_', '/usr/bin/colcon'), ('ROS_VERSION', '2'), ('TERM', 'xterm'), ('ROS_LOCALHOST_ONLY', '0'), ('PATH', '/opt/ros/humble/bin:/usr/local/sbin:/usr/local/bin:/usr/sbin:/usr/bin:/sbin:/bin'), ('LANG', 'C.UTF-8'), ('LS_COLORS', 'rs=0:di=01;34:ln=01;36:mh=00:pi=40;33:so=01;35:do=01;35:bd=40;33;01:cd=40;33;01:or=40;31;01:mi=00:su=37;41:sg=30;43:ca=30;41:tw=30;42:ow=34;42:st=37;44:ex=01;32:*.tar=01;31:*.tgz=01;31:*.arc=01;31:*.arj=01;31:*.taz=01;31:*.lha=01;31:*.lz4=01;31:*.lzh=01;31:*.lzma=01;31:*.tlz=01;31:*.txz=01;31:*.tzo=01;31:*.t7z=01;31:*.zip=01;31:*.z=01;31:*.dz=01;31:*.gz=01;31:*.lrz=01;31:*.lz=01;31:*.lzo=01;31:*.xz=01;31:*.zst=01;31:*.tzst=01;31:*.bz2=01;31:*.bz=01;31:*.tbz=01;31:*.tbz2=01;31:*.tz=01;31:*.deb=01;31:*.rpm=01;31:*.jar=01;31:*.war=01;31:*.ear=01;31:*.sar=01;31:*.rar=01;31:*.alz=01;31:*.ace=01;31:*.zoo=01;31:*.cpio=01;31:*.7z=01;31:*.rz=01;31:*.cab=01;31:*.wim=01;31:*.swm=01;31:*.dwm=01;31:*.esd=01;31:*.jpg=01;35:*.jpeg=01;35:*.mjpg=01;35:*.mjpeg=01;35:*.gif=01;35:*.bmp=01;35:*.pbm=01;35:*.pgm=01;35:*.ppm=01;35:*.tga=01;35:*.xbm=01;35:*.xpm=01;35:*.tif=01;35:*.tiff=01;35:*.png=01;35:*.svg=01;35:*.svgz=01;35:*.mng=01;35:*.pcx=01;35:*.mov=01;35:*.mpg=01;35:*.mpeg=01;35:*.m2v=01;35:*.mkv=01;35:*.webm=01;35:*.webp=01;35:*.ogm=01;35:*.mp4=01;35:*.m4v=01;35:*.mp4v=01;35:*.vob=01;35:*.qt=01;35:*.nuv=01;35:*.wmv=01;35:*.asf=01;35:*.rm=01;35:*.rmvb=01;35:*.flc=01;35:*.avi=01;35:*.fli=01;35:*.flv=01;35:*.gl=01;35:*.dl=01;35:*.xcf=01;35:*.xwd=01;35:*.yuv=01;35:*.cgm=01;35:*.emf=01;35:*.ogv=01;35:*.ogx=01;35:*.aac=00;36:*.au=00;36:*.flac=00;36:*.m4a=00;36:*.mid=00;36:*.midi=00;36:*.mka=00;36:*.mp3=00;36:*.mpc=00;36:*.ogg=00;36:*.ra=00;36:*.wav=00;36:*.oga=00;36:*.opus=00;36:*.spx=00;36:*.xspf=00;36:'), ('AMENT_PREFIX_PATH', '/root/ros2_ws/install/mg400_msgs:/root/ros2_ws/install/mg400_common:/opt/ros/humble'), ('PWD', '/root/ros2_ws/build/mg400_tools'), ('LC_ALL', 'C.UTF-8'), ('PYTHONPATH', '/root/ros2_ws/install/mg400_msgs/local/lib/python3.10/dist-packages:/opt/ros/humble/lib/python3.10/site-packages:/opt/ros/humble/local/lib/python3.10/dist-packages'), ('COLCON', '1'), ('CMAKE_PREFIX_PATH', '/root/ros2_ws/install/mg400_msgs:/root/ros2_ws/install/mg400_common:/opt/ros/humble')]), 'shell': False}
[0.844803] (mg400_tools) StdoutLine: {'line': b'-- Install configuration: ""\n'}
[0.845319] (mg400_tools) StdoutLine: {'line': b'-- Execute custom install script\n'}
[0.845603] (mg400_tools) StdoutLine: {'line': b'-- Up-to-date symlink: /root/ros2_ws/install/mg400_tools/share/mg400_tools/config/commands.yaml\n'}
[0.845868] (mg400_tools) StdoutLine: {'line': b'-- Up-to-date symlink: /root/ros2_ws/install/mg400_tools/include/mg400_tools/command_queue_client.hpp\n'}
[0.846295] (mg400_tools) StdoutLine: {'line': b'-- Up-to-date symlink: /root/ros2_ws/install/mg400_tools/lib/mg400_tools/command_queue_client\n'}
[0.846564] (mg400_tools) StdoutLine: {'line': b'-- Up-to-date symlink: /root/ros2_ws/install/mg400_tools/lib/mg400_tools/validate_kinematics_with_solutions\n'}
[0.846678] (mg400_tools) StdoutLine: {'line': b'-- Up-to-date symlink: /root/ros2_ws/install/mg400_tools/lib/mg400_tools/mg400_kinematics_cli\n'}
[0.846993] (mg400_tools) StdoutLine: {'line': b'-- Up-to-date symlink: /root/ros2_ws/install/mg400_tools/share/ament_index/resource_index/package_run_dependencies/mg400_tools\n'}
[0.847172] (mg400_tools) StdoutLine: {'line': b'-- Up-to-date symlink: /root/ros2_ws/install/mg400_tools/share/ament_index/resource_index/parent_prefix_path/mg400_tools\n'}
[0.847357] (mg400_tools) StdoutLine: {'line': b'-- Up-to-date symlink: /root/ros2_ws/install/mg400_tools/share/mg400_tools/environment/ament_prefix_path.sh\n'}
[0.847521] (mg400_tools) StdoutLine: {'line': b'-- Up-to-date symlink: /root/ros2_ws/install/mg400_tools/share/mg400_tools/environment/ament_prefix_path.dsv\n'}
[0.847753] (mg400_tools) StdoutLine: {'line': b'-- Up-to-date symlink: /root/ros2_ws/install/mg400_tools/share/mg400_tools/environment/path.sh\n'}
[0.847919] (mg400_tools) StdoutLine: {'line': b'-- Up-to-date symlink: /root/ros2_ws/install/mg400_tools/share/mg400_tools/environment/path.dsv\n'}
[0.848082] (mg400_tools) StdoutLine: {'line': b'-- Up-to-date symlink: /root/ros2_ws/install/mg400_tools/share/mg400_tools/local_setup.bash\n'}
[0.848240] (mg400_tools) StdoutLine: {'line': b'-- Up-to-date symlink: /root/ros2_ws/install/mg400_tools/share/mg400_tools/local_setup.sh\n'}
[0.848403] (mg400_tools) StdoutLine: {'line': b'-- Up-to-date symlink: /root/ros2_ws/install/mg400_tools/share/mg400_tools/local_setup.zsh\n'}
[0.848557] (mg400_tools) StdoutLine: {'line': b'-- Up-to-date symlink: /root/ros2_ws/install/mg400_tools/share/mg400_tools/local_setup.dsv\n'}
[0.848639] (mg400_tools) StdoutLine: {'line': b'-- Symlinking: /root/ros2_ws/install/mg400_tools/share/mg400_tools/package.dsv\n'}
[0.856789] (mg400_interface) StdoutLine: {'line': b'[ 58%] Built target mg400_interface\n'}
[0.857308] (mg400_tools) StdoutLine: {'line': b'-- Up-to-date symlink: /root/ros2_ws/install/mg400_tools/share/ament_index/resource_index/packages/mg400_tools\n'}
[0.857517] (mg400_tools) StdoutLine: {'line': b'-- Up-to-date symlink: /root/ros2_ws/install/mg400_tools/share/mg400_tools/cmake/ament_cmake_export_dependencies-extras.cmake\n'}
[0.857741] (mg400_tools) StdoutLine: {'line': b'-- Up-to-date symlink: /root/ros2_ws/install/mg400_tools/share/mg400_tools/cmake/ament_cmake_export_include_directories-extras.cmake\n'}
[0.857972] (mg400_tools) StdoutLine: {'line': b'-- Up-to-date symlink: /root/ros2_ws/install/mg400_tools/share/mg400_tools/cmake/mg400_toolsConfig.cmake\n'}
[0.858153] (mg400_tools) StdoutLine: {'line': b'-- Up-to-date symlink: /root/ros2_ws/install/mg400_tools/share/mg400_tools/cmake/mg400_toolsConfig-version.cmake\n'}
[0.858307] (mg400_tools) StdoutLine: {'line': b'-- Up-to-date symlink: /root/ros2_ws/install/mg400_tools/share/mg400_tools/package.xml\n'}
[0.860088] (mg400_tools) CommandEnded: {'returncode': 0}
[0.868211] (mg400_interface) StdoutLine: {'line': b'\x1b[35m\x1b[1mConsolidate compiler generated dependencies of target test_response_parser\x1b[0m\n'}
[0.868604] (mg400_interface) StdoutLine: {'line': b'\x1b[35m\x1b[1mConsolidate compiler generated dependencies of target test_error_msg_generator\x1b[0m\n'}
[0.868754] (mg400_interface) StdoutLine: {'line': b'\x1b[35m\x1b[1mConsolidate compiler generated dependencies of target show_realtime_data\x1b[0m\n'}
[0.868874] (mg400_interface) StdoutLine: {'line': b'\x1b[35m\x1b[1mConsolidate compiler generated dependencies of target test_dashboard_commander\x1b[0m\n'}
[0.869466] (mg400_interface) StdoutLine: {'line': b'\x1b[35m\x1b[1mConsolidate compiler generated dependencies of target commander_check\x1b[0m\n'}
[0.869868] (mg400_interface) StdoutLine: {'line': b'\x1b[35m\x1b[1mConsolidate compiler generated dependencies of target test_motion_commander\x1b[0m\n'}
[0.870122] (mg400_interface) StdoutLine: {'line': b'\x1b[35m\x1b[1mConsolidate compiler generated dependencies of target test_joint_handler\x1b[0m\n'}
[0.873809] (mg400_tools) JobEnded: {'identifier': 'mg400_tools', 'rc': 0}
[0.885606] (mg400_interface) StdoutLine: {'line': b'[ 64%] Built target test_response_parser\n'}
[0.890510] (mg400_interface) StdoutLine: {'line': b'[ 76%] Built target test_error_msg_generator\n'}
[0.890695] (mg400_interface) StdoutLine: {'line': b'[ 76%] Built target test_dashboard_commander\n'}
[0.893047] (mg400_interface) StdoutLine: {'line': b'[ 88%] Built target show_realtime_data\n'}
[0.893230] (mg400_interface) StdoutLine: {'line': b'[ 88%] Built target test_motion_commander\n'}
[0.893341] (mg400_interface) StdoutLine: {'line': b'[ 94%] Built target commander_check\n'}
[0.894579] (mg400_interface) StdoutLine: {'line': b'[100%] Built target test_joint_handler\n'}
[0.900480] (-) TimerEvent: {}
[0.906530] (mg400_interface) CommandEnded: {'returncode': 0}
[0.907604] (mg400_interface) JobProgress: {'identifier': 'mg400_interface', 'progress': 'install'}
[0.907994] (mg400_interface) Command: {'cmd': ['/usr/bin/cmake', '--install', '/root/ros2_ws/build/mg400_interface'], 'cwd': '/root/ros2_ws/build/mg400_interface', 'env': OrderedDict([('HOSTNAME', 'zzz-2404'), ('SHLVL', '1'), ('LD_LIBRARY_PATH', '/root/ros2_ws/install/mg400_msgs/lib:/root/ros2_ws/install/mg400_common/lib:/opt/ros/humble/opt/rviz_ogre_vendor/lib:/opt/ros/humble/lib/x86_64-linux-gnu:/opt/ros/humble/lib'), ('HOME', '/root'), ('OLDPWD', '/root/ros2_ws'), ('ROS_PYTHON_VERSION', '3'), ('ROS_DISTRO', 'humble'), ('_', '/usr/bin/colcon'), ('ROS_VERSION', '2'), ('TERM', 'xterm'), ('ROS_LOCALHOST_ONLY', '0'), ('PATH', '/opt/ros/humble/bin:/usr/local/sbin:/usr/local/bin:/usr/sbin:/usr/bin:/sbin:/bin'), ('LANG', 'C.UTF-8'), ('LS_COLORS', 'rs=0:di=01;34:ln=01;36:mh=00:pi=40;33:so=01;35:do=01;35:bd=40;33;01:cd=40;33;01:or=40;31;01:mi=00:su=37;41:sg=30;43:ca=30;41:tw=30;42:ow=34;42:st=37;44:ex=01;32:*.tar=01;31:*.tgz=01;31:*.arc=01;31:*.arj=01;31:*.taz=01;31:*.lha=01;31:*.lz4=01;31:*.lzh=01;31:*.lzma=01;31:*.tlz=01;31:*.txz=01;31:*.tzo=01;31:*.t7z=01;31:*.zip=01;31:*.z=01;31:*.dz=01;31:*.gz=01;31:*.lrz=01;31:*.lz=01;31:*.lzo=01;31:*.xz=01;31:*.zst=01;31:*.tzst=01;31:*.bz2=01;31:*.bz=01;31:*.tbz=01;31:*.tbz2=01;31:*.tz=01;31:*.deb=01;31:*.rpm=01;31:*.jar=01;31:*.war=01;31:*.ear=01;31:*.sar=01;31:*.rar=01;31:*.alz=01;31:*.ace=01;31:*.zoo=01;31:*.cpio=01;31:*.7z=01;31:*.rz=01;31:*.cab=01;31:*.wim=01;31:*.swm=01;31:*.dwm=01;31:*.esd=01;31:*.jpg=01;35:*.jpeg=01;35:*.mjpg=01;35:*.mjpeg=01;35:*.gif=01;35:*.bmp=01;35:*.pbm=01;35:*.pgm=01;35:*.ppm=01;35:*.tga=01;35:*.xbm=01;35:*.xpm=01;35:*.tif=01;35:*.tiff=01;35:*.png=01;35:*.svg=01;35:*.svgz=01;35:*.mng=01;35:*.pcx=01;35:*.mov=01;35:*.mpg=01;35:*.mpeg=01;35:*.m2v=01;35:*.mkv=01;35:*.webm=01;35:*.webp=01;35:*.ogm=01;35:*.mp4=01;35:*.m4v=01;35:*.mp4v=01;35:*.vob=01;35:*.qt=01;35:*.nuv=01;35:*.wmv=01;35:*.asf=01;35:*.rm=01;35:*.rmvb=01;35:*.flc=01;35:*.avi=01;35:*.fli=01;35:*.flv=01;35:*.gl=01;35:*.dl=01;35:*.xcf=01;35:*.xwd=01;35:*.yuv=01;35:*.cgm=01;35:*.emf=01;35:*.ogv=01;35:*.ogx=01;35:*.aac=00;36:*.au=00;36:*.flac=00;36:*.m4a=00;36:*.mid=00;36:*.midi=00;36:*.mka=00;36:*.mp3=00;36:*.mpc=00;36:*.ogg=00;36:*.ra=00;36:*.wav=00;36:*.oga=00;36:*.opus=00;36:*.spx=00;36:*.xspf=00;36:'), ('AMENT_PREFIX_PATH', '/root/ros2_ws/install/mg400_msgs:/root/ros2_ws/install/mg400_common:/opt/ros/humble'), ('PWD', '/root/ros2_ws/build/mg400_interface'), ('LC_ALL', 'C.UTF-8'), ('PYTHONPATH', '/root/ros2_ws/install/mg400_msgs/local/lib/python3.10/dist-packages:/opt/ros/humble/lib/python3.10/site-packages:/opt/ros/humble/local/lib/python3.10/dist-packages'), ('COLCON', '1'), ('CMAKE_PREFIX_PATH', '/root/ros2_ws/install/mg400_msgs:/root/ros2_ws/install/mg400_common:/opt/ros/humble')]), 'shell': False}
[0.916309] (mg400_interface) StdoutLine: {'line': b'-- Install configuration: ""\n'}
[0.916853] (mg400_interface) StdoutLine: {'line': b'-- Execute custom install script\n'}
[0.917413] (mg400_interface) StdoutLine: {'line': b'-- Up-to-date symlink: /root/ros2_ws/install/mg400_interface/include/mg400_interface/command_utils.hpp\n'}
[0.917549] (mg400_interface) StdoutLine: {'line': b'-- Up-to-date symlink: /root/ros2_ws/install/mg400_interface/include/mg400_interface/commander/dashboard_commander.hpp\n'}
[0.917644] (mg400_interface) StdoutLine: {'line': b'-- Up-to-date symlink: /root/ros2_ws/install/mg400_interface/include/mg400_interface/commander/motion_commander.hpp\n'}
[0.917727] (mg400_interface) StdoutLine: {'line': b'-- Up-to-date symlink: /root/ros2_ws/install/mg400_interface/include/mg400_interface/commander/response_parser.hpp\n'}
[0.917810] (mg400_interface) StdoutLine: {'line': b'-- Up-to-date symlink: /root/ros2_ws/install/mg400_interface/include/mg400_interface/error_msg_generator.hpp\n'}
[0.917897] (mg400_interface) StdoutLine: {'line': b'-- Up-to-date symlink: /root/ros2_ws/install/mg400_interface/include/mg400_interface/joint_handler.hpp\n'}
[0.917984] (mg400_interface) StdoutLine: {'line': b'-- Up-to-date symlink: /root/ros2_ws/install/mg400_interface/include/mg400_interface/mg400_interface.hpp\n'}
[0.918084] (mg400_interface) StdoutLine: {'line': b'-- Up-to-date symlink: /root/ros2_ws/install/mg400_interface/include/mg400_interface/tcp_interface/dashboard_tcp_interface.hpp\n'}
[0.918166] (mg400_interface) StdoutLine: {'line': b'-- Up-to-date symlink: /root/ros2_ws/install/mg400_interface/include/mg400_interface/tcp_interface/motion_tcp_interface.hpp\n'}
[0.918256] (mg400_interface) StdoutLine: {'line': b'-- Up-to-date symlink: /root/ros2_ws/install/mg400_interface/include/mg400_interface/tcp_interface/realtime_data.hpp\n'}
[0.918347] (mg400_interface) StdoutLine: {'line': b'-- Up-to-date symlink: /root/ros2_ws/install/mg400_interface/include/mg400_interface/tcp_interface/realtime_feedback_tcp_interface.hpp\n'}
[0.918440] (mg400_interface) StdoutLine: {'line': b'-- Up-to-date symlink: /root/ros2_ws/install/mg400_interface/include/mg400_interface/tcp_interface/tcp_socket_handler.hpp\n'}
[0.918602] (mg400_interface) StdoutLine: {'line': b'-- Up-to-date symlink: /root/ros2_ws/install/mg400_interface/share/mg400_interface/environment/library_path.sh\n'}
[0.918874] (mg400_interface) StdoutLine: {'line': b'-- Up-to-date symlink: /root/ros2_ws/install/mg400_interface/share/mg400_interface/environment/library_path.dsv\n'}
[0.919138] (mg400_interface) StdoutLine: {'line': b'-- Up-to-date symlink: /root/ros2_ws/install/mg400_interface/lib/libmg400_interface.a\n'}
[0.919411] (mg400_interface) StdoutLine: {'line': b'-- Up-to-date symlink: /root/ros2_ws/install/mg400_interface/lib/mg400_interface/show_realtime_data\n'}
[0.919526] (mg400_interface) StdoutLine: {'line': b'-- Up-to-date symlink: /root/ros2_ws/install/mg400_interface/lib/mg400_interface/commander_check\n'}
[0.919867] (mg400_interface) StdoutLine: {'line': b'-- Up-to-date symlink: /root/ros2_ws/install/mg400_interface/share/mg400_interface/resources/README.md\n'}
[0.920006] (mg400_interface) StdoutLine: {'line': b'-- Up-to-date symlink: /root/ros2_ws/install/mg400_interface/share/mg400_interface/resources/alarm_controller.json\n'}
[0.920141] (mg400_interface) StdoutLine: {'line': b'-- Up-to-date symlink: /root/ros2_ws/install/mg400_interface/share/mg400_interface/resources/alarm_servo.json\n'}
[0.920323] (mg400_interface) StdoutLine: {'line': b'-- Up-to-date symlink: /root/ros2_ws/install/mg400_interface/share/ament_index/resource_index/package_run_dependencies/mg400_interface\n'}
[0.920612] (mg400_interface) StdoutLine: {'line': b'-- Up-to-date symlink: /root/ros2_ws/install/mg400_interface/share/ament_index/resource_index/parent_prefix_path/mg400_interface\n'}
[0.920763] (mg400_interface) StdoutLine: {'line': b'-- Up-to-date symlink: /root/ros2_ws/install/mg400_interface/share/mg400_interface/environment/ament_prefix_path.sh\n'}
[0.920973] (mg400_interface) StdoutLine: {'line': b'-- Up-to-date symlink: /root/ros2_ws/install/mg400_interface/share/mg400_interface/environment/ament_prefix_path.dsv\n'}
[0.921107] (mg400_interface) StdoutLine: {'line': b'-- Up-to-date symlink: /root/ros2_ws/install/mg400_interface/share/mg400_interface/environment/path.sh\n'}
[0.921304] (mg400_interface) StdoutLine: {'line': b'-- Up-to-date symlink: /root/ros2_ws/install/mg400_interface/share/mg400_interface/environment/path.dsv\n'}
[0.921503] (mg400_interface) StdoutLine: {'line': b'-- Up-to-date symlink: /root/ros2_ws/install/mg400_interface/share/mg400_interface/local_setup.bash\n'}
[0.921614] (mg400_interface) StdoutLine: {'line': b'-- Up-to-date symlink: /root/ros2_ws/install/mg400_interface/share/mg400_interface/local_setup.sh\n'}
[0.921872] (mg400_interface) StdoutLine: {'line': b'-- Up-to-date symlink: /root/ros2_ws/install/mg400_interface/share/mg400_interface/local_setup.zsh\n'}
[0.922029] (mg400_interface) StdoutLine: {'line': b'-- Up-to-date symlink: /root/ros2_ws/install/mg400_interface/share/mg400_interface/local_setup.dsv\n'}
[0.922112] (mg400_interface) StdoutLine: {'line': b'-- Symlinking: /root/ros2_ws/install/mg400_interface/share/mg400_interface/package.dsv\n'}
[0.932351] (mg400_interface) StdoutLine: {'line': b'-- Up-to-date symlink: /root/ros2_ws/install/mg400_interface/share/ament_index/resource_index/packages/mg400_interface\n'}
[0.932546] (mg400_interface) StdoutLine: {'line': b'-- Up-to-date symlink: /root/ros2_ws/install/mg400_interface/share/mg400_interface/cmake/ament_cmake_export_dependencies-extras.cmake\n'}
[0.932710] (mg400_interface) StdoutLine: {'line': b'-- Up-to-date symlink: /root/ros2_ws/install/mg400_interface/share/mg400_interface/cmake/ament_cmake_export_include_directories-extras.cmake\n'}
[0.932809] (mg400_interface) StdoutLine: {'line': b'-- Up-to-date symlink: /root/ros2_ws/install/mg400_interface/share/mg400_interface/cmake/ament_cmake_export_libraries-extras.cmake\n'}
[0.932935] (mg400_interface) StdoutLine: {'line': b'-- Up-to-date symlink: /root/ros2_ws/install/mg400_interface/share/mg400_interface/cmake/mg400_interfaceConfig.cmake\n'}
[0.933094] (mg400_interface) StdoutLine: {'line': b'-- Up-to-date symlink: /root/ros2_ws/install/mg400_interface/share/mg400_interface/cmake/mg400_interfaceConfig-version.cmake\n'}
[0.933241] (mg400_interface) StdoutLine: {'line': b'-- Up-to-date symlink: /root/ros2_ws/install/mg400_interface/share/mg400_interface/package.xml\n'}
[0.935311] (mg400_interface) CommandEnded: {'returncode': 0}
[0.947611] (mg400_interface) JobEnded: {'identifier': 'mg400_interface', 'rc': 0}
[0.948161] (mg400_plugin_base) JobStarted: {'identifier': 'mg400_plugin_base'}
[0.951891] (mg400_joy) JobStarted: {'identifier': 'mg400_joy'}
[0.955474] (mg400_rviz_plugin) JobStarted: {'identifier': 'mg400_rviz_plugin'}
[0.960679] (mg400_plugin_base) JobProgress: {'identifier': 'mg400_plugin_base', 'progress': 'cmake'}
[0.961698] (mg400_plugin_base) JobProgress: {'identifier': 'mg400_plugin_base', 'progress': 'build'}
[0.961987] (mg400_plugin_base) Command: {'cmd': ['/usr/bin/cmake', '--build', '/root/ros2_ws/build/mg400_plugin_base', '--', '-j16', '-l16'], 'cwd': '/root/ros2_ws/build/mg400_plugin_base', 'env': OrderedDict([('HOSTNAME', 'zzz-2404'), ('SHLVL', '1'), ('LD_LIBRARY_PATH', '/root/ros2_ws/install/mg400_interface/lib:/root/ros2_ws/install/mg400_msgs/lib:/root/ros2_ws/install/mg400_common/lib:/opt/ros/humble/opt/rviz_ogre_vendor/lib:/opt/ros/humble/lib/x86_64-linux-gnu:/opt/ros/humble/lib'), ('HOME', '/root'), ('OLDPWD', '/root/ros2_ws'), ('ROS_PYTHON_VERSION', '3'), ('ROS_DISTRO', 'humble'), ('_', '/usr/bin/colcon'), ('ROS_VERSION', '2'), ('TERM', 'xterm'), ('ROS_LOCALHOST_ONLY', '0'), ('PATH', '/opt/ros/humble/bin:/usr/local/sbin:/usr/local/bin:/usr/sbin:/usr/bin:/sbin:/bin'), ('LANG', 'C.UTF-8'), ('LS_COLORS', 'rs=0:di=01;34:ln=01;36:mh=00:pi=40;33:so=01;35:do=01;35:bd=40;33;01:cd=40;33;01:or=40;31;01:mi=00:su=37;41:sg=30;43:ca=30;41:tw=30;42:ow=34;42:st=37;44:ex=01;32:*.tar=01;31:*.tgz=01;31:*.arc=01;31:*.arj=01;31:*.taz=01;31:*.lha=01;31:*.lz4=01;31:*.lzh=01;31:*.lzma=01;31:*.tlz=01;31:*.txz=01;31:*.tzo=01;31:*.t7z=01;31:*.zip=01;31:*.z=01;31:*.dz=01;31:*.gz=01;31:*.lrz=01;31:*.lz=01;31:*.lzo=01;31:*.xz=01;31:*.zst=01;31:*.tzst=01;31:*.bz2=01;31:*.bz=01;31:*.tbz=01;31:*.tbz2=01;31:*.tz=01;31:*.deb=01;31:*.rpm=01;31:*.jar=01;31:*.war=01;31:*.ear=01;31:*.sar=01;31:*.rar=01;31:*.alz=01;31:*.ace=01;31:*.zoo=01;31:*.cpio=01;31:*.7z=01;31:*.rz=01;31:*.cab=01;31:*.wim=01;31:*.swm=01;31:*.dwm=01;31:*.esd=01;31:*.jpg=01;35:*.jpeg=01;35:*.mjpg=01;35:*.mjpeg=01;35:*.gif=01;35:*.bmp=01;35:*.pbm=01;35:*.pgm=01;35:*.ppm=01;35:*.tga=01;35:*.xbm=01;35:*.xpm=01;35:*.tif=01;35:*.tiff=01;35:*.png=01;35:*.svg=01;35:*.svgz=01;35:*.mng=01;35:*.pcx=01;35:*.mov=01;35:*.mpg=01;35:*.mpeg=01;35:*.m2v=01;35:*.mkv=01;35:*.webm=01;35:*.webp=01;35:*.ogm=01;35:*.mp4=01;35:*.m4v=01;35:*.mp4v=01;35:*.vob=01;35:*.qt=01;35:*.nuv=01;35:*.wmv=01;35:*.asf=01;35:*.rm=01;35:*.rmvb=01;35:*.flc=01;35:*.avi=01;35:*.fli=01;35:*.flv=01;35:*.gl=01;35:*.dl=01;35:*.xcf=01;35:*.xwd=01;35:*.yuv=01;35:*.cgm=01;35:*.emf=01;35:*.ogv=01;35:*.ogx=01;35:*.aac=00;36:*.au=00;36:*.flac=00;36:*.m4a=00;36:*.mid=00;36:*.midi=00;36:*.mka=00;36:*.mp3=00;36:*.mpc=00;36:*.ogg=00;36:*.ra=00;36:*.wav=00;36:*.oga=00;36:*.opus=00;36:*.spx=00;36:*.xspf=00;36:'), ('AMENT_PREFIX_PATH', '/root/ros2_ws/install/mg400_interface:/root/ros2_ws/install/mg400_msgs:/root/ros2_ws/install/mg400_common:/opt/ros/humble'), ('PWD', '/root/ros2_ws/build/mg400_plugin_base'), ('LC_ALL', 'C.UTF-8'), ('PYTHONPATH', '/root/ros2_ws/install/mg400_msgs/local/lib/python3.10/dist-packages:/opt/ros/humble/lib/python3.10/site-packages:/opt/ros/humble/local/lib/python3.10/dist-packages'), ('COLCON', '1'), ('CMAKE_PREFIX_PATH', '/root/ros2_ws/install/mg400_interface:/root/ros2_ws/install/mg400_msgs:/root/ros2_ws/install/mg400_common:/opt/ros/humble')]), 'shell': False}
[0.964164] (p9n_bringup) Command: {'cmd': ['/usr/bin/python3', '-W', 'ignore:setup.py install is deprecated', '-W', 'ignore:easy_install command is deprecated', 'setup.py', 'develop', '--editable', '--build-directory', '/root/ros2_ws/build/p9n_bringup/build', '--no-deps', 'symlink_data'], 'cwd': '/root/ros2_ws/build/p9n_bringup', 'env': {'HOSTNAME': 'zzz-2404', 'SHLVL': '1', 'LD_LIBRARY_PATH': '/root/ros2_ws/install/p9n_node/lib:/root/ros2_ws/install/p9n_interface/lib:/opt/ros/humble/opt/rviz_ogre_vendor/lib:/opt/ros/humble/lib/x86_64-linux-gnu:/opt/ros/humble/lib', 'HOME': '/root', 'OLDPWD': '/root/ros2_ws', 'ROS_PYTHON_VERSION': '3', 'ROS_DISTRO': 'humble', '_': '/usr/bin/colcon', 'ROS_VERSION': '2', 'TERM': 'xterm', 'ROS_LOCALHOST_ONLY': '0', 'PATH': '/opt/ros/humble/bin:/usr/local/sbin:/usr/local/bin:/usr/sbin:/usr/bin:/sbin:/bin', 'LANG': 'C.UTF-8', 'LS_COLORS': 'rs=0:di=01;34:ln=01;36:mh=00:pi=40;33:so=01;35:do=01;35:bd=40;33;01:cd=40;33;01:or=40;31;01:mi=00:su=37;41:sg=30;43:ca=30;41:tw=30;42:ow=34;42:st=37;44:ex=01;32:*.tar=01;31:*.tgz=01;31:*.arc=01;31:*.arj=01;31:*.taz=01;31:*.lha=01;31:*.lz4=01;31:*.lzh=01;31:*.lzma=01;31:*.tlz=01;31:*.txz=01;31:*.tzo=01;31:*.t7z=01;31:*.zip=01;31:*.z=01;31:*.dz=01;31:*.gz=01;31:*.lrz=01;31:*.lz=01;31:*.lzo=01;31:*.xz=01;31:*.zst=01;31:*.tzst=01;31:*.bz2=01;31:*.bz=01;31:*.tbz=01;31:*.tbz2=01;31:*.tz=01;31:*.deb=01;31:*.rpm=01;31:*.jar=01;31:*.war=01;31:*.ear=01;31:*.sar=01;31:*.rar=01;31:*.alz=01;31:*.ace=01;31:*.zoo=01;31:*.cpio=01;31:*.7z=01;31:*.rz=01;31:*.cab=01;31:*.wim=01;31:*.swm=01;31:*.dwm=01;31:*.esd=01;31:*.jpg=01;35:*.jpeg=01;35:*.mjpg=01;35:*.mjpeg=01;35:*.gif=01;35:*.bmp=01;35:*.pbm=01;35:*.pgm=01;35:*.ppm=01;35:*.tga=01;35:*.xbm=01;35:*.xpm=01;35:*.tif=01;35:*.tiff=01;35:*.png=01;35:*.svg=01;35:*.svgz=01;35:*.mng=01;35:*.pcx=01;35:*.mov=01;35:*.mpg=01;35:*.mpeg=01;35:*.m2v=01;35:*.mkv=01;35:*.webm=01;35:*.webp=01;35:*.ogm=01;35:*.mp4=01;35:*.m4v=01;35:*.mp4v=01;35:*.vob=01;35:*.qt=01;35:*.nuv=01;35:*.wmv=01;35:*.asf=01;35:*.rm=01;35:*.rmvb=01;35:*.flc=01;35:*.avi=01;35:*.fli=01;35:*.flv=01;35:*.gl=01;35:*.dl=01;35:*.xcf=01;35:*.xwd=01;35:*.yuv=01;35:*.cgm=01;35:*.emf=01;35:*.ogv=01;35:*.ogx=01;35:*.aac=00;36:*.au=00;36:*.flac=00;36:*.m4a=00;36:*.mid=00;36:*.midi=00;36:*.mka=00;36:*.mp3=00;36:*.mpc=00;36:*.ogg=00;36:*.ra=00;36:*.wav=00;36:*.oga=00;36:*.opus=00;36:*.spx=00;36:*.xspf=00;36:', 'AMENT_PREFIX_PATH': '/root/ros2_ws/install/p9n_node:/root/ros2_ws/install/p9n_interface:/opt/ros/humble', 'PWD': '/root/ros2_ws/build/p9n_bringup', 'LC_ALL': 'C.UTF-8', 'PYTHONPATH': '/root/ros2_ws/build/p9n_bringup/prefix_override:/usr/lib/python3/dist-packages/colcon_core/task/python/colcon_distutils_commands:/root/ros2_ws/install/p9n_bringup/lib/python3.10/site-packages:/opt/ros/humble/lib/python3.10/site-packages:/opt/ros/humble/local/lib/python3.10/dist-packages', 'COLCON': '1', 'CMAKE_PREFIX_PATH': '/root/ros2_ws/install/p9n_node:/root/ros2_ws/install/p9n_interface'}, 'shell': False}
[0.965609] (mg400_joy) JobProgress: {'identifier': 'mg400_joy', 'progress': 'cmake'}
[0.966192] (mg400_joy) JobProgress: {'identifier': 'mg400_joy', 'progress': 'build'}
[0.966428] (mg400_joy) Command: {'cmd': ['/usr/bin/cmake', '--build', '/root/ros2_ws/build/mg400_joy', '--', '-j16', '-l16'], 'cwd': '/root/ros2_ws/build/mg400_joy', 'env': OrderedDict([('HOSTNAME', 'zzz-2404'), ('SHLVL', '1'), ('LD_LIBRARY_PATH', '/root/ros2_ws/install/mg400_interface/lib:/root/ros2_ws/install/p9n_interface/lib:/root/ros2_ws/install/mg400_msgs/lib:/root/ros2_ws/install/mg400_common/lib:/opt/ros/humble/opt/rviz_ogre_vendor/lib:/opt/ros/humble/lib/x86_64-linux-gnu:/opt/ros/humble/lib'), ('HOME', '/root'), ('OLDPWD', '/root/ros2_ws'), ('ROS_PYTHON_VERSION', '3'), ('ROS_DISTRO', 'humble'), ('_', '/usr/bin/colcon'), ('ROS_VERSION', '2'), ('TERM', 'xterm'), ('ROS_LOCALHOST_ONLY', '0'), ('PATH', '/opt/ros/humble/bin:/usr/local/sbin:/usr/local/bin:/usr/sbin:/usr/bin:/sbin:/bin'), ('LANG', 'C.UTF-8'), ('LS_COLORS', 'rs=0:di=01;34:ln=01;36:mh=00:pi=40;33:so=01;35:do=01;35:bd=40;33;01:cd=40;33;01:or=40;31;01:mi=00:su=37;41:sg=30;43:ca=30;41:tw=30;42:ow=34;42:st=37;44:ex=01;32:*.tar=01;31:*.tgz=01;31:*.arc=01;31:*.arj=01;31:*.taz=01;31:*.lha=01;31:*.lz4=01;31:*.lzh=01;31:*.lzma=01;31:*.tlz=01;31:*.txz=01;31:*.tzo=01;31:*.t7z=01;31:*.zip=01;31:*.z=01;31:*.dz=01;31:*.gz=01;31:*.lrz=01;31:*.lz=01;31:*.lzo=01;31:*.xz=01;31:*.zst=01;31:*.tzst=01;31:*.bz2=01;31:*.bz=01;31:*.tbz=01;31:*.tbz2=01;31:*.tz=01;31:*.deb=01;31:*.rpm=01;31:*.jar=01;31:*.war=01;31:*.ear=01;31:*.sar=01;31:*.rar=01;31:*.alz=01;31:*.ace=01;31:*.zoo=01;31:*.cpio=01;31:*.7z=01;31:*.rz=01;31:*.cab=01;31:*.wim=01;31:*.swm=01;31:*.dwm=01;31:*.esd=01;31:*.jpg=01;35:*.jpeg=01;35:*.mjpg=01;35:*.mjpeg=01;35:*.gif=01;35:*.bmp=01;35:*.pbm=01;35:*.pgm=01;35:*.ppm=01;35:*.tga=01;35:*.xbm=01;35:*.xpm=01;35:*.tif=01;35:*.tiff=01;35:*.png=01;35:*.svg=01;35:*.svgz=01;35:*.mng=01;35:*.pcx=01;35:*.mov=01;35:*.mpg=01;35:*.mpeg=01;35:*.m2v=01;35:*.mkv=01;35:*.webm=01;35:*.webp=01;35:*.ogm=01;35:*.mp4=01;35:*.m4v=01;35:*.mp4v=01;35:*.vob=01;35:*.qt=01;35:*.nuv=01;35:*.wmv=01;35:*.asf=01;35:*.rm=01;35:*.rmvb=01;35:*.flc=01;35:*.avi=01;35:*.fli=01;35:*.flv=01;35:*.gl=01;35:*.dl=01;35:*.xcf=01;35:*.xwd=01;35:*.yuv=01;35:*.cgm=01;35:*.emf=01;35:*.ogv=01;35:*.ogx=01;35:*.aac=00;36:*.au=00;36:*.flac=00;36:*.m4a=00;36:*.mid=00;36:*.midi=00;36:*.mka=00;36:*.mp3=00;36:*.mpc=00;36:*.ogg=00;36:*.ra=00;36:*.wav=00;36:*.oga=00;36:*.opus=00;36:*.spx=00;36:*.xspf=00;36:'), ('AMENT_PREFIX_PATH', '/root/ros2_ws/install/mg400_interface:/root/ros2_ws/install/p9n_interface:/root/ros2_ws/install/mg400_msgs:/root/ros2_ws/install/mg400_common:/opt/ros/humble'), ('PWD', '/root/ros2_ws/build/mg400_joy'), ('LC_ALL', 'C.UTF-8'), ('PYTHONPATH', '/root/ros2_ws/install/mg400_msgs/local/lib/python3.10/dist-packages:/opt/ros/humble/lib/python3.10/site-packages:/opt/ros/humble/local/lib/python3.10/dist-packages'), ('COLCON', '1'), ('CMAKE_PREFIX_PATH', '/root/ros2_ws/install/mg400_interface:/root/ros2_ws/install/p9n_interface:/root/ros2_ws/install/mg400_msgs:/root/ros2_ws/install/mg400_common:/opt/ros/humble')]), 'shell': False}
[0.968217] (mg400_rviz_plugin) JobProgress: {'identifier': 'mg400_rviz_plugin', 'progress': 'cmake'}
[0.968633] (mg400_rviz_plugin) JobProgress: {'identifier': 'mg400_rviz_plugin', 'progress': 'build'}
[0.969438] (mg400_rviz_plugin) Command: {'cmd': ['/usr/bin/cmake', '--build', '/root/ros2_ws/build/mg400_rviz_plugin', '--', '-j16', '-l16'], 'cwd': '/root/ros2_ws/build/mg400_rviz_plugin', 'env': OrderedDict([('HOSTNAME', 'zzz-2404'), ('SHLVL', '1'), ('LD_LIBRARY_PATH', '/root/ros2_ws/install/mg400_interface/lib:/root/ros2_ws/install/mg400_msgs/lib:/root/ros2_ws/install/mg400_common/lib:/opt/ros/humble/opt/rviz_ogre_vendor/lib:/opt/ros/humble/lib/x86_64-linux-gnu:/opt/ros/humble/lib'), ('HOME', '/root'), ('OLDPWD', '/root/ros2_ws'), ('ROS_PYTHON_VERSION', '3'), ('ROS_DISTRO', 'humble'), ('_', '/usr/bin/colcon'), ('ROS_VERSION', '2'), ('TERM', 'xterm'), ('ROS_LOCALHOST_ONLY', '0'), ('PATH', '/opt/ros/humble/bin:/usr/local/sbin:/usr/local/bin:/usr/sbin:/usr/bin:/sbin:/bin'), ('LANG', 'C.UTF-8'), ('LS_COLORS', 'rs=0:di=01;34:ln=01;36:mh=00:pi=40;33:so=01;35:do=01;35:bd=40;33;01:cd=40;33;01:or=40;31;01:mi=00:su=37;41:sg=30;43:ca=30;41:tw=30;42:ow=34;42:st=37;44:ex=01;32:*.tar=01;31:*.tgz=01;31:*.arc=01;31:*.arj=01;31:*.taz=01;31:*.lha=01;31:*.lz4=01;31:*.lzh=01;31:*.lzma=01;31:*.tlz=01;31:*.txz=01;31:*.tzo=01;31:*.t7z=01;31:*.zip=01;31:*.z=01;31:*.dz=01;31:*.gz=01;31:*.lrz=01;31:*.lz=01;31:*.lzo=01;31:*.xz=01;31:*.zst=01;31:*.tzst=01;31:*.bz2=01;31:*.bz=01;31:*.tbz=01;31:*.tbz2=01;31:*.tz=01;31:*.deb=01;31:*.rpm=01;31:*.jar=01;31:*.war=01;31:*.ear=01;31:*.sar=01;31:*.rar=01;31:*.alz=01;31:*.ace=01;31:*.zoo=01;31:*.cpio=01;31:*.7z=01;31:*.rz=01;31:*.cab=01;31:*.wim=01;31:*.swm=01;31:*.dwm=01;31:*.esd=01;31:*.jpg=01;35:*.jpeg=01;35:*.mjpg=01;35:*.mjpeg=01;35:*.gif=01;35:*.bmp=01;35:*.pbm=01;35:*.pgm=01;35:*.ppm=01;35:*.tga=01;35:*.xbm=01;35:*.xpm=01;35:*.tif=01;35:*.tiff=01;35:*.png=01;35:*.svg=01;35:*.svgz=01;35:*.mng=01;35:*.pcx=01;35:*.mov=01;35:*.mpg=01;35:*.mpeg=01;35:*.m2v=01;35:*.mkv=01;35:*.webm=01;35:*.webp=01;35:*.ogm=01;35:*.mp4=01;35:*.m4v=01;35:*.mp4v=01;35:*.vob=01;35:*.qt=01;35:*.nuv=01;35:*.wmv=01;35:*.asf=01;35:*.rm=01;35:*.rmvb=01;35:*.flc=01;35:*.avi=01;35:*.fli=01;35:*.flv=01;35:*.gl=01;35:*.dl=01;35:*.xcf=01;35:*.xwd=01;35:*.yuv=01;35:*.cgm=01;35:*.emf=01;35:*.ogv=01;35:*.ogx=01;35:*.aac=00;36:*.au=00;36:*.flac=00;36:*.m4a=00;36:*.mid=00;36:*.midi=00;36:*.mka=00;36:*.mp3=00;36:*.mpc=00;36:*.ogg=00;36:*.ra=00;36:*.wav=00;36:*.oga=00;36:*.opus=00;36:*.spx=00;36:*.xspf=00;36:'), ('AMENT_PREFIX_PATH', '/root/ros2_ws/install/mg400_interface:/root/ros2_ws/install/mg400_msgs:/root/ros2_ws/install/mg400_common:/opt/ros/humble'), ('PWD', '/root/ros2_ws/build/mg400_rviz_plugin'), ('LC_ALL', 'C.UTF-8'), ('PYTHONPATH', '/root/ros2_ws/install/mg400_msgs/local/lib/python3.10/dist-packages:/opt/ros/humble/lib/python3.10/site-packages:/opt/ros/humble/local/lib/python3.10/dist-packages'), ('COLCON', '1'), ('CMAKE_PREFIX_PATH', '/root/ros2_ws/install/mg400_interface:/root/ros2_ws/install/mg400_msgs:/root/ros2_ws/install/mg400_common:/opt/ros/humble')]), 'shell': False}
[1.000576] (-) TimerEvent: {}
[1.006054] (mg400_plugin_base) CommandEnded: {'returncode': 0}
[1.006709] (mg400_plugin_base) JobProgress: {'identifier': 'mg400_plugin_base', 'progress': 'install'}
[1.007054] (mg400_plugin_base) Command: {'cmd': ['/usr/bin/cmake', '--install', '/root/ros2_ws/build/mg400_plugin_base'], 'cwd': '/root/ros2_ws/build/mg400_plugin_base', 'env': OrderedDict([('HOSTNAME', 'zzz-2404'), ('SHLVL', '1'), ('LD_LIBRARY_PATH', '/root/ros2_ws/install/mg400_interface/lib:/root/ros2_ws/install/mg400_msgs/lib:/root/ros2_ws/install/mg400_common/lib:/opt/ros/humble/opt/rviz_ogre_vendor/lib:/opt/ros/humble/lib/x86_64-linux-gnu:/opt/ros/humble/lib'), ('HOME', '/root'), ('OLDPWD', '/root/ros2_ws'), ('ROS_PYTHON_VERSION', '3'), ('ROS_DISTRO', 'humble'), ('_', '/usr/bin/colcon'), ('ROS_VERSION', '2'), ('TERM', 'xterm'), ('ROS_LOCALHOST_ONLY', '0'), ('PATH', '/opt/ros/humble/bin:/usr/local/sbin:/usr/local/bin:/usr/sbin:/usr/bin:/sbin:/bin'), ('LANG', 'C.UTF-8'), ('LS_COLORS', 'rs=0:di=01;34:ln=01;36:mh=00:pi=40;33:so=01;35:do=01;35:bd=40;33;01:cd=40;33;01:or=40;31;01:mi=00:su=37;41:sg=30;43:ca=30;41:tw=30;42:ow=34;42:st=37;44:ex=01;32:*.tar=01;31:*.tgz=01;31:*.arc=01;31:*.arj=01;31:*.taz=01;31:*.lha=01;31:*.lz4=01;31:*.lzh=01;31:*.lzma=01;31:*.tlz=01;31:*.txz=01;31:*.tzo=01;31:*.t7z=01;31:*.zip=01;31:*.z=01;31:*.dz=01;31:*.gz=01;31:*.lrz=01;31:*.lz=01;31:*.lzo=01;31:*.xz=01;31:*.zst=01;31:*.tzst=01;31:*.bz2=01;31:*.bz=01;31:*.tbz=01;31:*.tbz2=01;31:*.tz=01;31:*.deb=01;31:*.rpm=01;31:*.jar=01;31:*.war=01;31:*.ear=01;31:*.sar=01;31:*.rar=01;31:*.alz=01;31:*.ace=01;31:*.zoo=01;31:*.cpio=01;31:*.7z=01;31:*.rz=01;31:*.cab=01;31:*.wim=01;31:*.swm=01;31:*.dwm=01;31:*.esd=01;31:*.jpg=01;35:*.jpeg=01;35:*.mjpg=01;35:*.mjpeg=01;35:*.gif=01;35:*.bmp=01;35:*.pbm=01;35:*.pgm=01;35:*.ppm=01;35:*.tga=01;35:*.xbm=01;35:*.xpm=01;35:*.tif=01;35:*.tiff=01;35:*.png=01;35:*.svg=01;35:*.svgz=01;35:*.mng=01;35:*.pcx=01;35:*.mov=01;35:*.mpg=01;35:*.mpeg=01;35:*.m2v=01;35:*.mkv=01;35:*.webm=01;35:*.webp=01;35:*.ogm=01;35:*.mp4=01;35:*.m4v=01;35:*.mp4v=01;35:*.vob=01;35:*.qt=01;35:*.nuv=01;35:*.wmv=01;35:*.asf=01;35:*.rm=01;35:*.rmvb=01;35:*.flc=01;35:*.avi=01;35:*.fli=01;35:*.flv=01;35:*.gl=01;35:*.dl=01;35:*.xcf=01;35:*.xwd=01;35:*.yuv=01;35:*.cgm=01;35:*.emf=01;35:*.ogv=01;35:*.ogx=01;35:*.aac=00;36:*.au=00;36:*.flac=00;36:*.m4a=00;36:*.mid=00;36:*.midi=00;36:*.mka=00;36:*.mp3=00;36:*.mpc=00;36:*.ogg=00;36:*.ra=00;36:*.wav=00;36:*.oga=00;36:*.opus=00;36:*.spx=00;36:*.xspf=00;36:'), ('AMENT_PREFIX_PATH', '/root/ros2_ws/install/mg400_interface:/root/ros2_ws/install/mg400_msgs:/root/ros2_ws/install/mg400_common:/opt/ros/humble'), ('PWD', '/root/ros2_ws/build/mg400_plugin_base'), ('LC_ALL', 'C.UTF-8'), ('PYTHONPATH', '/root/ros2_ws/install/mg400_msgs/local/lib/python3.10/dist-packages:/opt/ros/humble/lib/python3.10/site-packages:/opt/ros/humble/local/lib/python3.10/dist-packages'), ('COLCON', '1'), ('CMAKE_PREFIX_PATH', '/root/ros2_ws/install/mg400_interface:/root/ros2_ws/install/mg400_msgs:/root/ros2_ws/install/mg400_common:/opt/ros/humble')]), 'shell': False}
[1.010746] (mg400_joy) StdoutLine: {'line': b'\x1b[35m\x1b[1mConsolidate compiler generated dependencies of target mg400_joy_interface_node_exec\x1b[0m\n'}
[1.010988] (mg400_joy) StdoutLine: {'line': b'\x1b[35m\x1b[1mConsolidate compiler generated dependencies of target mg400_joy_interface_node\x1b[0m\n'}
[1.013705] (mg400_plugin_base) StdoutLine: {'line': b'-- Install configuration: ""\n'}
[1.014176] (mg400_plugin_base) StdoutLine: {'line': b'-- Execute custom install script\n'}
[1.014491] (mg400_plugin_base) StdoutLine: {'line': b'-- Up-to-date symlink: /root/ros2_ws/install/mg400_plugin_base/include/mg400_plugin_base/api_loader_base.hpp\n'}
[1.014628] (mg400_plugin_base) StdoutLine: {'line': b'-- Up-to-date symlink: /root/ros2_ws/install/mg400_plugin_base/include/mg400_plugin_base/api_plugin_base.hpp\n'}
[1.015150] (mg400_plugin_base) StdoutLine: {'line': b'-- Up-to-date symlink: /root/ros2_ws/install/mg400_plugin_base/share/ament_index/resource_index/package_run_dependencies/mg400_plugin_base\n'}
[1.015376] (mg400_plugin_base) StdoutLine: {'line': b'-- Up-to-date symlink: /root/ros2_ws/install/mg400_plugin_base/share/ament_index/resource_index/parent_prefix_path/mg400_plugin_base\n'}
[1.015532] (mg400_plugin_base) StdoutLine: {'line': b'-- Up-to-date symlink: /root/ros2_ws/install/mg400_plugin_base/share/mg400_plugin_base/environment/ament_prefix_path.sh\n'}
[1.015734] (mg400_plugin_base) StdoutLine: {'line': b'-- Up-to-date symlink: /root/ros2_ws/install/mg400_plugin_base/share/mg400_plugin_base/environment/ament_prefix_path.dsv\n'}
[1.015867] (mg400_plugin_base) StdoutLine: {'line': b'-- Up-to-date symlink: /root/ros2_ws/install/mg400_plugin_base/share/mg400_plugin_base/environment/path.sh\n'}
[1.016069] (mg400_plugin_base) StdoutLine: {'line': b'-- Up-to-date symlink: /root/ros2_ws/install/mg400_plugin_base/share/mg400_plugin_base/environment/path.dsv\n'}
[1.016324] (mg400_plugin_base) StdoutLine: {'line': b'-- Up-to-date symlink: /root/ros2_ws/install/mg400_plugin_base/share/mg400_plugin_base/local_setup.bash\n'}
[1.016436] (mg400_plugin_base) StdoutLine: {'line': b'-- Up-to-date symlink: /root/ros2_ws/install/mg400_plugin_base/share/mg400_plugin_base/local_setup.sh\n'}
[1.016643] (mg400_plugin_base) StdoutLine: {'line': b'-- Up-to-date symlink: /root/ros2_ws/install/mg400_plugin_base/share/mg400_plugin_base/local_setup.zsh\n'}
[1.016814] (mg400_plugin_base) StdoutLine: {'line': b'-- Up-to-date symlink: /root/ros2_ws/install/mg400_plugin_base/share/mg400_plugin_base/local_setup.dsv\n'}
[1.016894] (mg400_plugin_base) StdoutLine: {'line': b'-- Symlinking: /root/ros2_ws/install/mg400_plugin_base/share/mg400_plugin_base/package.dsv\n'}
[1.019179] (mg400_rviz_plugin) StdoutLine: {'line': b'[ 16%] \x1b[34m\x1b[1mAutomatic MOC for target mg400_rviz_plugin\x1b[0m\n'}
[1.025096] (mg400_plugin_base) StdoutLine: {'line': b'-- Up-to-date symlink: /root/ros2_ws/install/mg400_plugin_base/share/ament_index/resource_index/packages/mg400_plugin_base\n'}
[1.025337] (mg400_plugin_base) StdoutLine: {'line': b'-- Up-to-date symlink: /root/ros2_ws/install/mg400_plugin_base/share/mg400_plugin_base/cmake/ament_cmake_export_dependencies-extras.cmake\n'}
[1.025490] (mg400_plugin_base) StdoutLine: {'line': b'-- Up-to-date symlink: /root/ros2_ws/install/mg400_plugin_base/share/mg400_plugin_base/cmake/ament_cmake_export_include_directories-extras.cmake\n'}
[1.025643] (mg400_plugin_base) StdoutLine: {'line': b'-- Up-to-date symlink: /root/ros2_ws/install/mg400_plugin_base/share/mg400_plugin_base/cmake/mg400_plugin_baseConfig.cmake\n'}
[1.025780] (mg400_plugin_base) StdoutLine: {'line': b'-- Up-to-date symlink: /root/ros2_ws/install/mg400_plugin_base/share/mg400_plugin_base/cmake/mg400_plugin_baseConfig-version.cmake\n'}
[1.025885] (mg400_plugin_base) StdoutLine: {'line': b'-- Up-to-date symlink: /root/ros2_ws/install/mg400_plugin_base/share/mg400_plugin_base/package.xml\n'}
[1.027304] (mg400_plugin_base) CommandEnded: {'returncode': 0}
[1.031183] (mg400_joy) StdoutLine: {'line': b'[ 50%] Built target mg400_joy_interface_node_exec\n'}
[1.037601] (mg400_joy) StdoutLine: {'line': b'[100%] Built target mg400_joy_interface_node\n'}
[1.038415] (mg400_rviz_plugin) StdoutLine: {'line': b'[ 16%] Built target mg400_rviz_plugin_autogen\n'}
[1.039614] (mg400_plugin_base) JobEnded: {'identifier': 'mg400_plugin_base', 'rc': 0}
[1.040704] (mg400_plugin) JobStarted: {'identifier': 'mg400_plugin'}
[1.048760] (mg400_joy) CommandEnded: {'returncode': 0}
[1.049231] (mg400_joy) JobProgress: {'identifier': 'mg400_joy', 'progress': 'install'}
[1.049414] (mg400_joy) Command: {'cmd': ['/usr/bin/cmake', '--install', '/root/ros2_ws/build/mg400_joy'], 'cwd': '/root/ros2_ws/build/mg400_joy', 'env': OrderedDict([('HOSTNAME', 'zzz-2404'), ('SHLVL', '1'), ('LD_LIBRARY_PATH', '/root/ros2_ws/install/mg400_interface/lib:/root/ros2_ws/install/p9n_interface/lib:/root/ros2_ws/install/mg400_msgs/lib:/root/ros2_ws/install/mg400_common/lib:/opt/ros/humble/opt/rviz_ogre_vendor/lib:/opt/ros/humble/lib/x86_64-linux-gnu:/opt/ros/humble/lib'), ('HOME', '/root'), ('OLDPWD', '/root/ros2_ws'), ('ROS_PYTHON_VERSION', '3'), ('ROS_DISTRO', 'humble'), ('_', '/usr/bin/colcon'), ('ROS_VERSION', '2'), ('TERM', 'xterm'), ('ROS_LOCALHOST_ONLY', '0'), ('PATH', '/opt/ros/humble/bin:/usr/local/sbin:/usr/local/bin:/usr/sbin:/usr/bin:/sbin:/bin'), ('LANG', 'C.UTF-8'), ('LS_COLORS', 'rs=0:di=01;34:ln=01;36:mh=00:pi=40;33:so=01;35:do=01;35:bd=40;33;01:cd=40;33;01:or=40;31;01:mi=00:su=37;41:sg=30;43:ca=30;41:tw=30;42:ow=34;42:st=37;44:ex=01;32:*.tar=01;31:*.tgz=01;31:*.arc=01;31:*.arj=01;31:*.taz=01;31:*.lha=01;31:*.lz4=01;31:*.lzh=01;31:*.lzma=01;31:*.tlz=01;31:*.txz=01;31:*.tzo=01;31:*.t7z=01;31:*.zip=01;31:*.z=01;31:*.dz=01;31:*.gz=01;31:*.lrz=01;31:*.lz=01;31:*.lzo=01;31:*.xz=01;31:*.zst=01;31:*.tzst=01;31:*.bz2=01;31:*.bz=01;31:*.tbz=01;31:*.tbz2=01;31:*.tz=01;31:*.deb=01;31:*.rpm=01;31:*.jar=01;31:*.war=01;31:*.ear=01;31:*.sar=01;31:*.rar=01;31:*.alz=01;31:*.ace=01;31:*.zoo=01;31:*.cpio=01;31:*.7z=01;31:*.rz=01;31:*.cab=01;31:*.wim=01;31:*.swm=01;31:*.dwm=01;31:*.esd=01;31:*.jpg=01;35:*.jpeg=01;35:*.mjpg=01;35:*.mjpeg=01;35:*.gif=01;35:*.bmp=01;35:*.pbm=01;35:*.pgm=01;35:*.ppm=01;35:*.tga=01;35:*.xbm=01;35:*.xpm=01;35:*.tif=01;35:*.tiff=01;35:*.png=01;35:*.svg=01;35:*.svgz=01;35:*.mng=01;35:*.pcx=01;35:*.mov=01;35:*.mpg=01;35:*.mpeg=01;35:*.m2v=01;35:*.mkv=01;35:*.webm=01;35:*.webp=01;35:*.ogm=01;35:*.mp4=01;35:*.m4v=01;35:*.mp4v=01;35:*.vob=01;35:*.qt=01;35:*.nuv=01;35:*.wmv=01;35:*.asf=01;35:*.rm=01;35:*.rmvb=01;35:*.flc=01;35:*.avi=01;35:*.fli=01;35:*.flv=01;35:*.gl=01;35:*.dl=01;35:*.xcf=01;35:*.xwd=01;35:*.yuv=01;35:*.cgm=01;35:*.emf=01;35:*.ogv=01;35:*.ogx=01;35:*.aac=00;36:*.au=00;36:*.flac=00;36:*.m4a=00;36:*.mid=00;36:*.midi=00;36:*.mka=00;36:*.mp3=00;36:*.mpc=00;36:*.ogg=00;36:*.ra=00;36:*.wav=00;36:*.oga=00;36:*.opus=00;36:*.spx=00;36:*.xspf=00;36:'), ('AMENT_PREFIX_PATH', '/root/ros2_ws/install/mg400_interface:/root/ros2_ws/install/p9n_interface:/root/ros2_ws/install/mg400_msgs:/root/ros2_ws/install/mg400_common:/opt/ros/humble'), ('PWD', '/root/ros2_ws/build/mg400_joy'), ('LC_ALL', 'C.UTF-8'), ('PYTHONPATH', '/root/ros2_ws/install/mg400_msgs/local/lib/python3.10/dist-packages:/opt/ros/humble/lib/python3.10/site-packages:/opt/ros/humble/local/lib/python3.10/dist-packages'), ('COLCON', '1'), ('CMAKE_PREFIX_PATH', '/root/ros2_ws/install/mg400_interface:/root/ros2_ws/install/p9n_interface:/root/ros2_ws/install/mg400_msgs:/root/ros2_ws/install/mg400_common:/opt/ros/humble')]), 'shell': False}
[1.051033] (mg400_plugin) JobProgress: {'identifier': 'mg400_plugin', 'progress': 'cmake'}
[1.051618] (mg400_plugin) JobProgress: {'identifier': 'mg400_plugin', 'progress': 'build'}
[1.051683] (mg400_rviz_plugin) StdoutLine: {'line': b'\x1b[35m\x1b[1mConsolidate compiler generated dependencies of target mg400_rviz_plugin\x1b[0m\n'}
[1.052346] (mg400_plugin) Command: {'cmd': ['/usr/bin/cmake', '--build', '/root/ros2_ws/build/mg400_plugin', '--', '-j16', '-l16'], 'cwd': '/root/ros2_ws/build/mg400_plugin', 'env': OrderedDict([('HOSTNAME', 'zzz-2404'), ('SHLVL', '1'), ('LD_LIBRARY_PATH', '/root/ros2_ws/install/mg400_interface/lib:/root/ros2_ws/install/mg400_msgs/lib:/root/ros2_ws/install/mg400_common/lib:/opt/ros/humble/opt/rviz_ogre_vendor/lib:/opt/ros/humble/lib/x86_64-linux-gnu:/opt/ros/humble/lib'), ('HOME', '/root'), ('OLDPWD', '/root/ros2_ws'), ('ROS_PYTHON_VERSION', '3'), ('ROS_DISTRO', 'humble'), ('_', '/usr/bin/colcon'), ('ROS_VERSION', '2'), ('TERM', 'xterm'), ('ROS_LOCALHOST_ONLY', '0'), ('PATH', '/opt/ros/humble/bin:/usr/local/sbin:/usr/local/bin:/usr/sbin:/usr/bin:/sbin:/bin'), ('LANG', 'C.UTF-8'), ('LS_COLORS', 'rs=0:di=01;34:ln=01;36:mh=00:pi=40;33:so=01;35:do=01;35:bd=40;33;01:cd=40;33;01:or=40;31;01:mi=00:su=37;41:sg=30;43:ca=30;41:tw=30;42:ow=34;42:st=37;44:ex=01;32:*.tar=01;31:*.tgz=01;31:*.arc=01;31:*.arj=01;31:*.taz=01;31:*.lha=01;31:*.lz4=01;31:*.lzh=01;31:*.lzma=01;31:*.tlz=01;31:*.txz=01;31:*.tzo=01;31:*.t7z=01;31:*.zip=01;31:*.z=01;31:*.dz=01;31:*.gz=01;31:*.lrz=01;31:*.lz=01;31:*.lzo=01;31:*.xz=01;31:*.zst=01;31:*.tzst=01;31:*.bz2=01;31:*.bz=01;31:*.tbz=01;31:*.tbz2=01;31:*.tz=01;31:*.deb=01;31:*.rpm=01;31:*.jar=01;31:*.war=01;31:*.ear=01;31:*.sar=01;31:*.rar=01;31:*.alz=01;31:*.ace=01;31:*.zoo=01;31:*.cpio=01;31:*.7z=01;31:*.rz=01;31:*.cab=01;31:*.wim=01;31:*.swm=01;31:*.dwm=01;31:*.esd=01;31:*.jpg=01;35:*.jpeg=01;35:*.mjpg=01;35:*.mjpeg=01;35:*.gif=01;35:*.bmp=01;35:*.pbm=01;35:*.pgm=01;35:*.ppm=01;35:*.tga=01;35:*.xbm=01;35:*.xpm=01;35:*.tif=01;35:*.tiff=01;35:*.png=01;35:*.svg=01;35:*.svgz=01;35:*.mng=01;35:*.pcx=01;35:*.mov=01;35:*.mpg=01;35:*.mpeg=01;35:*.m2v=01;35:*.mkv=01;35:*.webm=01;35:*.webp=01;35:*.ogm=01;35:*.mp4=01;35:*.m4v=01;35:*.mp4v=01;35:*.vob=01;35:*.qt=01;35:*.nuv=01;35:*.wmv=01;35:*.asf=01;35:*.rm=01;35:*.rmvb=01;35:*.flc=01;35:*.avi=01;35:*.fli=01;35:*.flv=01;35:*.gl=01;35:*.dl=01;35:*.xcf=01;35:*.xwd=01;35:*.yuv=01;35:*.cgm=01;35:*.emf=01;35:*.ogv=01;35:*.ogx=01;35:*.aac=00;36:*.au=00;36:*.flac=00;36:*.m4a=00;36:*.mid=00;36:*.midi=00;36:*.mka=00;36:*.mp3=00;36:*.mpc=00;36:*.ogg=00;36:*.ra=00;36:*.wav=00;36:*.oga=00;36:*.opus=00;36:*.spx=00;36:*.xspf=00;36:'), ('AMENT_PREFIX_PATH', '/root/ros2_ws/install/mg400_plugin_base:/root/ros2_ws/install/mg400_interface:/root/ros2_ws/install/mg400_msgs:/root/ros2_ws/install/mg400_common:/opt/ros/humble'), ('PWD', '/root/ros2_ws/build/mg400_plugin'), ('LC_ALL', 'C.UTF-8'), ('PYTHONPATH', '/root/ros2_ws/install/mg400_msgs/local/lib/python3.10/dist-packages:/opt/ros/humble/lib/python3.10/site-packages:/opt/ros/humble/local/lib/python3.10/dist-packages'), ('COLCON', '1'), ('CMAKE_PREFIX_PATH', '/root/ros2_ws/install/mg400_plugin_base:/root/ros2_ws/install/mg400_interface:/root/ros2_ws/install/mg400_msgs:/root/ros2_ws/install/mg400_common:/opt/ros/humble')]), 'shell': False}
[1.056666] (mg400_joy) StdoutLine: {'line': b'-- Install configuration: ""\n'}
[1.057085] (mg400_joy) StdoutLine: {'line': b'-- Execute custom install script\n'}
[1.057311] (mg400_joy) StdoutLine: {'line': b'-- Up-to-date symlink: /root/ros2_ws/install/mg400_joy/lib/mg400_joy/mg400_joy_interface_node_exec\n'}
[1.057570] (mg400_joy) StdoutLine: {'line': b'-- Up-to-date symlink: /root/ros2_ws/install/mg400_joy/include/mg400_joy/mg400_joy_interface_node.hpp\n'}
[1.057789] (mg400_joy) StdoutLine: {'line': b'-- Up-to-date symlink: /root/ros2_ws/install/mg400_joy/share/mg400_joy/environment/library_path.sh\n'}
[1.058100] (mg400_joy) StdoutLine: {'line': b'-- Up-to-date symlink: /root/ros2_ws/install/mg400_joy/share/mg400_joy/environment/library_path.dsv\n'}
[1.058452] (mg400_joy) StdoutLine: {'line': b'-- Up-to-date symlink: /root/ros2_ws/install/mg400_joy/lib/libmg400_joy_interface_node.so\n'}
[1.058805] (mg400_joy) StdoutLine: {'line': b'-- Up-to-date symlink: /root/ros2_ws/install/mg400_joy/share/ament_index/resource_index/package_run_dependencies/mg400_joy\n'}
[1.058932] (mg400_joy) StdoutLine: {'line': b'-- Up-to-date symlink: /root/ros2_ws/install/mg400_joy/share/ament_index/resource_index/parent_prefix_path/mg400_joy\n'}
[1.059062] (mg400_joy) StdoutLine: {'line': b'-- Up-to-date symlink: /root/ros2_ws/install/mg400_joy/share/mg400_joy/environment/ament_prefix_path.sh\n'}
[1.059169] (mg400_joy) StdoutLine: {'line': b'-- Up-to-date symlink: /root/ros2_ws/install/mg400_joy/share/mg400_joy/environment/ament_prefix_path.dsv\n'}
[1.059292] (mg400_joy) StdoutLine: {'line': b'-- Up-to-date symlink: /root/ros2_ws/install/mg400_joy/share/mg400_joy/environment/path.sh\n'}
[1.059409] (mg400_joy) StdoutLine: {'line': b'-- Up-to-date symlink: /root/ros2_ws/install/mg400_joy/share/mg400_joy/environment/path.dsv\n'}
[1.059507] (mg400_joy) StdoutLine: {'line': b'-- Up-to-date symlink: /root/ros2_ws/install/mg400_joy/share/mg400_joy/local_setup.bash\n'}
[1.059611] (mg400_joy) StdoutLine: {'line': b'-- Up-to-date symlink: /root/ros2_ws/install/mg400_joy/share/mg400_joy/local_setup.sh\n'}
[1.059724] (mg400_joy) StdoutLine: {'line': b'-- Up-to-date symlink: /root/ros2_ws/install/mg400_joy/share/mg400_joy/local_setup.zsh\n'}
[1.059838] (mg400_joy) StdoutLine: {'line': b'-- Up-to-date symlink: /root/ros2_ws/install/mg400_joy/share/mg400_joy/local_setup.dsv\n'}
[1.059938] (mg400_joy) StdoutLine: {'line': b'-- Symlinking: /root/ros2_ws/install/mg400_joy/share/mg400_joy/package.dsv\n'}
[1.067728] (mg400_joy) StdoutLine: {'line': b'-- Up-to-date symlink: /root/ros2_ws/install/mg400_joy/share/ament_index/resource_index/packages/mg400_joy\n'}
[1.067869] (mg400_joy) StdoutLine: {'line': b'-- Up-to-date symlink: /root/ros2_ws/install/mg400_joy/share/ament_index/resource_index/rclcpp_components/mg400_joy\n'}
[1.067958] (mg400_joy) StdoutLine: {'line': b'-- Up-to-date symlink: /root/ros2_ws/install/mg400_joy/share/mg400_joy/cmake/ament_cmake_export_dependencies-extras.cmake\n'}
[1.068083] (mg400_joy) StdoutLine: {'line': b'-- Up-to-date symlink: /root/ros2_ws/install/mg400_joy/share/mg400_joy/cmake/ament_cmake_export_include_directories-extras.cmake\n'}
[1.068205] (mg400_joy) StdoutLine: {'line': b'-- Up-to-date symlink: /root/ros2_ws/install/mg400_joy/share/mg400_joy/cmake/ament_cmake_export_libraries-extras.cmake\n'}
[1.068337] (mg400_joy) StdoutLine: {'line': b'-- Up-to-date symlink: /root/ros2_ws/install/mg400_joy/share/mg400_joy/cmake/mg400_joyConfig.cmake\n'}
[1.068425] (mg400_joy) StdoutLine: {'line': b'-- Up-to-date symlink: /root/ros2_ws/install/mg400_joy/share/mg400_joy/cmake/mg400_joyConfig-version.cmake\n'}
[1.068540] (mg400_joy) StdoutLine: {'line': b'-- Up-to-date symlink: /root/ros2_ws/install/mg400_joy/share/mg400_joy/package.xml\n'}
[1.070118] (mg400_joy) CommandEnded: {'returncode': 0}
[1.082081] (mg400_joy) JobEnded: {'identifier': 'mg400_joy', 'rc': 0}
[1.088129] (mg400_rviz_plugin) StdoutLine: {'line': b'[100%] Built target mg400_rviz_plugin\n'}
[1.098593] (mg400_rviz_plugin) CommandEnded: {'returncode': 0}
[1.099274] (mg400_rviz_plugin) JobProgress: {'identifier': 'mg400_rviz_plugin', 'progress': 'install'}
[1.099565] (mg400_rviz_plugin) Command: {'cmd': ['/usr/bin/cmake', '--install', '/root/ros2_ws/build/mg400_rviz_plugin'], 'cwd': '/root/ros2_ws/build/mg400_rviz_plugin', 'env': OrderedDict([('HOSTNAME', 'zzz-2404'), ('SHLVL', '1'), ('LD_LIBRARY_PATH', '/root/ros2_ws/install/mg400_interface/lib:/root/ros2_ws/install/mg400_msgs/lib:/root/ros2_ws/install/mg400_common/lib:/opt/ros/humble/opt/rviz_ogre_vendor/lib:/opt/ros/humble/lib/x86_64-linux-gnu:/opt/ros/humble/lib'), ('HOME', '/root'), ('OLDPWD', '/root/ros2_ws'), ('ROS_PYTHON_VERSION', '3'), ('ROS_DISTRO', 'humble'), ('_', '/usr/bin/colcon'), ('ROS_VERSION', '2'), ('TERM', 'xterm'), ('ROS_LOCALHOST_ONLY', '0'), ('PATH', '/opt/ros/humble/bin:/usr/local/sbin:/usr/local/bin:/usr/sbin:/usr/bin:/sbin:/bin'), ('LANG', 'C.UTF-8'), ('LS_COLORS', 'rs=0:di=01;34:ln=01;36:mh=00:pi=40;33:so=01;35:do=01;35:bd=40;33;01:cd=40;33;01:or=40;31;01:mi=00:su=37;41:sg=30;43:ca=30;41:tw=30;42:ow=34;42:st=37;44:ex=01;32:*.tar=01;31:*.tgz=01;31:*.arc=01;31:*.arj=01;31:*.taz=01;31:*.lha=01;31:*.lz4=01;31:*.lzh=01;31:*.lzma=01;31:*.tlz=01;31:*.txz=01;31:*.tzo=01;31:*.t7z=01;31:*.zip=01;31:*.z=01;31:*.dz=01;31:*.gz=01;31:*.lrz=01;31:*.lz=01;31:*.lzo=01;31:*.xz=01;31:*.zst=01;31:*.tzst=01;31:*.bz2=01;31:*.bz=01;31:*.tbz=01;31:*.tbz2=01;31:*.tz=01;31:*.deb=01;31:*.rpm=01;31:*.jar=01;31:*.war=01;31:*.ear=01;31:*.sar=01;31:*.rar=01;31:*.alz=01;31:*.ace=01;31:*.zoo=01;31:*.cpio=01;31:*.7z=01;31:*.rz=01;31:*.cab=01;31:*.wim=01;31:*.swm=01;31:*.dwm=01;31:*.esd=01;31:*.jpg=01;35:*.jpeg=01;35:*.mjpg=01;35:*.mjpeg=01;35:*.gif=01;35:*.bmp=01;35:*.pbm=01;35:*.pgm=01;35:*.ppm=01;35:*.tga=01;35:*.xbm=01;35:*.xpm=01;35:*.tif=01;35:*.tiff=01;35:*.png=01;35:*.svg=01;35:*.svgz=01;35:*.mng=01;35:*.pcx=01;35:*.mov=01;35:*.mpg=01;35:*.mpeg=01;35:*.m2v=01;35:*.mkv=01;35:*.webm=01;35:*.webp=01;35:*.ogm=01;35:*.mp4=01;35:*.m4v=01;35:*.mp4v=01;35:*.vob=01;35:*.qt=01;35:*.nuv=01;35:*.wmv=01;35:*.asf=01;35:*.rm=01;35:*.rmvb=01;35:*.flc=01;35:*.avi=01;35:*.fli=01;35:*.flv=01;35:*.gl=01;35:*.dl=01;35:*.xcf=01;35:*.xwd=01;35:*.yuv=01;35:*.cgm=01;35:*.emf=01;35:*.ogv=01;35:*.ogx=01;35:*.aac=00;36:*.au=00;36:*.flac=00;36:*.m4a=00;36:*.mid=00;36:*.midi=00;36:*.mka=00;36:*.mp3=00;36:*.mpc=00;36:*.ogg=00;36:*.ra=00;36:*.wav=00;36:*.oga=00;36:*.opus=00;36:*.spx=00;36:*.xspf=00;36:'), ('AMENT_PREFIX_PATH', '/root/ros2_ws/install/mg400_interface:/root/ros2_ws/install/mg400_msgs:/root/ros2_ws/install/mg400_common:/opt/ros/humble'), ('PWD', '/root/ros2_ws/build/mg400_rviz_plugin'), ('LC_ALL', 'C.UTF-8'), ('PYTHONPATH', '/root/ros2_ws/install/mg400_msgs/local/lib/python3.10/dist-packages:/opt/ros/humble/lib/python3.10/site-packages:/opt/ros/humble/local/lib/python3.10/dist-packages'), ('COLCON', '1'), ('CMAKE_PREFIX_PATH', '/root/ros2_ws/install/mg400_interface:/root/ros2_ws/install/mg400_msgs:/root/ros2_ws/install/mg400_common:/opt/ros/humble')]), 'shell': False}
[1.100686] (-) TimerEvent: {}
[1.106670] (mg400_rviz_plugin) StdoutLine: {'line': b'-- Install configuration: ""\n'}
[1.107093] (mg400_rviz_plugin) StdoutLine: {'line': b'-- Execute custom install script\n'}
[1.107262] (mg400_rviz_plugin) StdoutLine: {'line': b'-- Up-to-date symlink: /root/ros2_ws/install/mg400_rviz_plugin/share/mg400_rviz_plugin//plugins_description.xml\n'}
[1.107516] (mg400_rviz_plugin) StdoutLine: {'line': b'-- Up-to-date symlink: /root/ros2_ws/install/mg400_rviz_plugin/include/mg400_rviz_plugin/panel_mg400_controller.hpp\n'}
[1.107709] (mg400_rviz_plugin) StdoutLine: {'line': b'-- Up-to-date symlink: /root/ros2_ws/install/mg400_rviz_plugin/share/mg400_rviz_plugin/environment/library_path.sh\n'}
[1.107817] (mg400_rviz_plugin) StdoutLine: {'line': b'-- Up-to-date symlink: /root/ros2_ws/install/mg400_rviz_plugin/share/mg400_rviz_plugin/environment/library_path.dsv\n'}
[1.107973] (mg400_rviz_plugin) StdoutLine: {'line': b'-- Up-to-date symlink: /root/ros2_ws/install/mg400_rviz_plugin/lib/libmg400_rviz_plugin.so\n'}
[1.108165] (mg400_rviz_plugin) StdoutLine: {'line': b'-- Up-to-date symlink: /root/ros2_ws/install/mg400_rviz_plugin/share/ament_index/resource_index/package_run_dependencies/mg400_rviz_plugin\n'}
[1.108292] (mg400_rviz_plugin) StdoutLine: {'line': b'-- Up-to-date symlink: /root/ros2_ws/install/mg400_rviz_plugin/share/ament_index/resource_index/parent_prefix_path/mg400_rviz_plugin\n'}
[1.108424] (mg400_rviz_plugin) StdoutLine: {'line': b'-- Up-to-date symlink: /root/ros2_ws/install/mg400_rviz_plugin/share/mg400_rviz_plugin/environment/ament_prefix_path.sh\n'}
[1.108533] (mg400_rviz_plugin) StdoutLine: {'line': b'-- Up-to-date symlink: /root/ros2_ws/install/mg400_rviz_plugin/share/mg400_rviz_plugin/environment/ament_prefix_path.dsv\n'}
[1.108650] (mg400_rviz_plugin) StdoutLine: {'line': b'-- Up-to-date symlink: /root/ros2_ws/install/mg400_rviz_plugin/share/mg400_rviz_plugin/environment/path.sh\n'}
[1.108771] (mg400_rviz_plugin) StdoutLine: {'line': b'-- Up-to-date symlink: /root/ros2_ws/install/mg400_rviz_plugin/share/mg400_rviz_plugin/environment/path.dsv\n'}
[1.108881] (mg400_rviz_plugin) StdoutLine: {'line': b'-- Up-to-date symlink: /root/ros2_ws/install/mg400_rviz_plugin/share/mg400_rviz_plugin/local_setup.bash\n'}
[1.108988] (mg400_rviz_plugin) StdoutLine: {'line': b'-- Up-to-date symlink: /root/ros2_ws/install/mg400_rviz_plugin/share/mg400_rviz_plugin/local_setup.sh\n'}
[1.109091] (mg400_rviz_plugin) StdoutLine: {'line': b'-- Up-to-date symlink: /root/ros2_ws/install/mg400_rviz_plugin/share/mg400_rviz_plugin/local_setup.zsh\n'}
[1.109194] (mg400_rviz_plugin) StdoutLine: {'line': b'-- Up-to-date symlink: /root/ros2_ws/install/mg400_rviz_plugin/share/mg400_rviz_plugin/local_setup.dsv\n'}
[1.109278] (mg400_rviz_plugin) StdoutLine: {'line': b'-- Symlinking: /root/ros2_ws/install/mg400_rviz_plugin/share/mg400_rviz_plugin/package.dsv\n'}
[1.116023] (mg400_plugin) StdoutLine: {'line': b'\x1b[35m\x1b[1mConsolidate compiler generated dependencies of target mg400_plugin_dashboard_api\x1b[0m\n'}
[1.119718] (mg400_rviz_plugin) StdoutLine: {'line': b'-- Up-to-date symlink: /root/ros2_ws/install/mg400_rviz_plugin/share/ament_index/resource_index/packages/mg400_rviz_plugin\n'}
[1.119990] (mg400_rviz_plugin) StdoutLine: {'line': b'-- Up-to-date symlink: /root/ros2_ws/install/mg400_rviz_plugin/share/ament_index/resource_index/rviz_common__pluginlib__plugin/mg400_rviz_plugin\n'}
[1.120121] (mg400_rviz_plugin) StdoutLine: {'line': b'-- Up-to-date symlink: /root/ros2_ws/install/mg400_rviz_plugin/share/mg400_rviz_plugin/cmake/ament_cmake_export_dependencies-extras.cmake\n'}
[1.120278] (mg400_rviz_plugin) StdoutLine: {'line': b'-- Up-to-date symlink: /root/ros2_ws/install/mg400_rviz_plugin/share/mg400_rviz_plugin/cmake/ament_cmake_export_include_directories-extras.cmake\n'}
[1.120442] (mg400_rviz_plugin) StdoutLine: {'line': b'-- Up-to-date symlink: /root/ros2_ws/install/mg400_rviz_plugin/share/mg400_rviz_plugin/cmake/ament_cmake_export_libraries-extras.cmake\n'}
[1.120563] (mg400_rviz_plugin) StdoutLine: {'line': b'-- Up-to-date symlink: /root/ros2_ws/install/mg400_rviz_plugin/share/mg400_rviz_plugin/cmake/mg400_rviz_pluginConfig.cmake\n'}
[1.120630] (mg400_rviz_plugin) StdoutLine: {'line': b'-- Up-to-date symlink: /root/ros2_ws/install/mg400_rviz_plugin/share/mg400_rviz_plugin/cmake/mg400_rviz_pluginConfig-version.cmake\n'}
[1.120749] (mg400_rviz_plugin) StdoutLine: {'line': b'-- Up-to-date symlink: /root/ros2_ws/install/mg400_rviz_plugin/share/mg400_rviz_plugin/package.xml\n'}
[1.122745] (mg400_rviz_plugin) CommandEnded: {'returncode': 0}
[1.135752] (mg400_rviz_plugin) JobEnded: {'identifier': 'mg400_rviz_plugin', 'rc': 0}
[1.148591] (p9n_bringup) StdoutLine: {'line': b'running develop\n'}
[1.200754] (-) TimerEvent: {}
[1.235988] (mg400_plugin) StdoutLine: {'line': b'[ 75%] Built target mg400_plugin_dashboard_api\n'}
[1.244332] (p9n_bringup) StdoutLine: {'line': b'running egg_info\n'}
[1.244593] (p9n_bringup) StdoutLine: {'line': b'writing p9n_bringup.egg-info/PKG-INFO\n'}
[1.244831] (p9n_bringup) StdoutLine: {'line': b'writing dependency_links to p9n_bringup.egg-info/dependency_links.txt\n'}
[1.245064] (p9n_bringup) StdoutLine: {'line': b'writing entry points to p9n_bringup.egg-info/entry_points.txt\n'}
[1.245170] (p9n_bringup) StdoutLine: {'line': b'writing requirements to p9n_bringup.egg-info/requires.txt\n'}
[1.245266] (p9n_bringup) StdoutLine: {'line': b'writing top-level names to p9n_bringup.egg-info/top_level.txt\n'}
[1.246502] (p9n_bringup) StdoutLine: {'line': b"reading manifest file 'p9n_bringup.egg-info/SOURCES.txt'\n"}
[1.247139] (p9n_bringup) StdoutLine: {'line': b"writing manifest file 'p9n_bringup.egg-info/SOURCES.txt'\n"}
[1.248108] (p9n_bringup) StdoutLine: {'line': b'running build_ext\n'}
[1.248263] (p9n_bringup) StdoutLine: {'line': b'Creating /root/ros2_ws/install/p9n_bringup/lib/python3.10/site-packages/p9n-bringup.egg-link (link to .)\n'}
[1.248945] (p9n_bringup) StdoutLine: {'line': b'\n'}
[1.249043] (p9n_bringup) StdoutLine: {'line': b'Installed /root/ros2_ws/build/p9n_bringup\n'}
[1.249139] (p9n_bringup) StdoutLine: {'line': b'running symlink_data\n'}
[1.253828] (mg400_plugin) StdoutLine: {'line': b'\x1b[35m\x1b[1mConsolidate compiler generated dependencies of target mg400_plugin_motion_api\x1b[0m\n'}
[1.273337] (p9n_bringup) CommandEnded: {'returncode': 0}
[1.281048] (p9n_bringup) JobEnded: {'identifier': 'p9n_bringup', 'rc': 0}
[1.282377] (p9n) JobStarted: {'identifier': 'p9n'}
[1.297283] (p9n) JobProgress: {'identifier': 'p9n', 'progress': 'cmake'}
[1.297980] (p9n) JobProgress: {'identifier': 'p9n', 'progress': 'build'}
[1.298145] (p9n) Command: {'cmd': ['/usr/bin/cmake', '--build', '/root/ros2_ws/build/p9n', '--', '-j16', '-l16'], 'cwd': '/root/ros2_ws/build/p9n', 'env': OrderedDict([('HOSTNAME', 'zzz-2404'), ('SHLVL', '1'), ('LD_LIBRARY_PATH', '/root/ros2_ws/install/p9n_test/lib:/root/ros2_ws/install/p9n_node/lib:/root/ros2_ws/install/p9n_example/lib:/root/ros2_ws/install/p9n_interface/lib:/opt/ros/humble/opt/rviz_ogre_vendor/lib:/opt/ros/humble/lib/x86_64-linux-gnu:/opt/ros/humble/lib'), ('HOME', '/root'), ('OLDPWD', '/root/ros2_ws'), ('ROS_PYTHON_VERSION', '3'), ('ROS_DISTRO', 'humble'), ('_', '/usr/bin/colcon'), ('ROS_VERSION', '2'), ('TERM', 'xterm'), ('ROS_LOCALHOST_ONLY', '0'), ('PATH', '/opt/ros/humble/bin:/usr/local/sbin:/usr/local/bin:/usr/sbin:/usr/bin:/sbin:/bin'), ('LANG', 'C.UTF-8'), ('LS_COLORS', 'rs=0:di=01;34:ln=01;36:mh=00:pi=40;33:so=01;35:do=01;35:bd=40;33;01:cd=40;33;01:or=40;31;01:mi=00:su=37;41:sg=30;43:ca=30;41:tw=30;42:ow=34;42:st=37;44:ex=01;32:*.tar=01;31:*.tgz=01;31:*.arc=01;31:*.arj=01;31:*.taz=01;31:*.lha=01;31:*.lz4=01;31:*.lzh=01;31:*.lzma=01;31:*.tlz=01;31:*.txz=01;31:*.tzo=01;31:*.t7z=01;31:*.zip=01;31:*.z=01;31:*.dz=01;31:*.gz=01;31:*.lrz=01;31:*.lz=01;31:*.lzo=01;31:*.xz=01;31:*.zst=01;31:*.tzst=01;31:*.bz2=01;31:*.bz=01;31:*.tbz=01;31:*.tbz2=01;31:*.tz=01;31:*.deb=01;31:*.rpm=01;31:*.jar=01;31:*.war=01;31:*.ear=01;31:*.sar=01;31:*.rar=01;31:*.alz=01;31:*.ace=01;31:*.zoo=01;31:*.cpio=01;31:*.7z=01;31:*.rz=01;31:*.cab=01;31:*.wim=01;31:*.swm=01;31:*.dwm=01;31:*.esd=01;31:*.jpg=01;35:*.jpeg=01;35:*.mjpg=01;35:*.mjpeg=01;35:*.gif=01;35:*.bmp=01;35:*.pbm=01;35:*.pgm=01;35:*.ppm=01;35:*.tga=01;35:*.xbm=01;35:*.xpm=01;35:*.tif=01;35:*.tiff=01;35:*.png=01;35:*.svg=01;35:*.svgz=01;35:*.mng=01;35:*.pcx=01;35:*.mov=01;35:*.mpg=01;35:*.mpeg=01;35:*.m2v=01;35:*.mkv=01;35:*.webm=01;35:*.webp=01;35:*.ogm=01;35:*.mp4=01;35:*.m4v=01;35:*.mp4v=01;35:*.vob=01;35:*.qt=01;35:*.nuv=01;35:*.wmv=01;35:*.asf=01;35:*.rm=01;35:*.rmvb=01;35:*.flc=01;35:*.avi=01;35:*.fli=01;35:*.flv=01;35:*.gl=01;35:*.dl=01;35:*.xcf=01;35:*.xwd=01;35:*.yuv=01;35:*.cgm=01;35:*.emf=01;35:*.ogv=01;35:*.ogx=01;35:*.aac=00;36:*.au=00;36:*.flac=00;36:*.m4a=00;36:*.mid=00;36:*.midi=00;36:*.mka=00;36:*.mp3=00;36:*.mpc=00;36:*.ogg=00;36:*.ra=00;36:*.wav=00;36:*.oga=00;36:*.opus=00;36:*.spx=00;36:*.xspf=00;36:'), ('AMENT_PREFIX_PATH', '/root/ros2_ws/install/p9n_bringup:/root/ros2_ws/install/p9n_test:/root/ros2_ws/install/p9n_node:/root/ros2_ws/install/p9n_example:/root/ros2_ws/install/p9n_interface:/opt/ros/humble'), ('PWD', '/root/ros2_ws/build/p9n'), ('LC_ALL', 'C.UTF-8'), ('PYTHONPATH', '/root/ros2_ws/build/p9n_bringup:/root/ros2_ws/install/p9n_bringup/lib/python3.10/site-packages:/opt/ros/humble/lib/python3.10/site-packages:/opt/ros/humble/local/lib/python3.10/dist-packages'), ('COLCON', '1'), ('CMAKE_PREFIX_PATH', '/root/ros2_ws/install/p9n_test:/root/ros2_ws/install/p9n_node:/root/ros2_ws/install/p9n_example:/root/ros2_ws/install/p9n_interface:/opt/ros/humble')]), 'shell': False}
[1.300805] (-) TimerEvent: {}
[1.305965] (mg400_plugin) StdoutLine: {'line': b'[100%] Built target mg400_plugin_motion_api\n'}
[1.316639] (mg400_plugin) CommandEnded: {'returncode': 0}
[1.317263] (mg400_plugin) JobProgress: {'identifier': 'mg400_plugin', 'progress': 'install'}
[1.317922] (mg400_plugin) Command: {'cmd': ['/usr/bin/cmake', '--install', '/root/ros2_ws/build/mg400_plugin'], 'cwd': '/root/ros2_ws/build/mg400_plugin', 'env': OrderedDict([('HOSTNAME', 'zzz-2404'), ('SHLVL', '1'), ('LD_LIBRARY_PATH', '/root/ros2_ws/install/mg400_interface/lib:/root/ros2_ws/install/mg400_msgs/lib:/root/ros2_ws/install/mg400_common/lib:/opt/ros/humble/opt/rviz_ogre_vendor/lib:/opt/ros/humble/lib/x86_64-linux-gnu:/opt/ros/humble/lib'), ('HOME', '/root'), ('OLDPWD', '/root/ros2_ws'), ('ROS_PYTHON_VERSION', '3'), ('ROS_DISTRO', 'humble'), ('_', '/usr/bin/colcon'), ('ROS_VERSION', '2'), ('TERM', 'xterm'), ('ROS_LOCALHOST_ONLY', '0'), ('PATH', '/opt/ros/humble/bin:/usr/local/sbin:/usr/local/bin:/usr/sbin:/usr/bin:/sbin:/bin'), ('LANG', 'C.UTF-8'), ('LS_COLORS', 'rs=0:di=01;34:ln=01;36:mh=00:pi=40;33:so=01;35:do=01;35:bd=40;33;01:cd=40;33;01:or=40;31;01:mi=00:su=37;41:sg=30;43:ca=30;41:tw=30;42:ow=34;42:st=37;44:ex=01;32:*.tar=01;31:*.tgz=01;31:*.arc=01;31:*.arj=01;31:*.taz=01;31:*.lha=01;31:*.lz4=01;31:*.lzh=01;31:*.lzma=01;31:*.tlz=01;31:*.txz=01;31:*.tzo=01;31:*.t7z=01;31:*.zip=01;31:*.z=01;31:*.dz=01;31:*.gz=01;31:*.lrz=01;31:*.lz=01;31:*.lzo=01;31:*.xz=01;31:*.zst=01;31:*.tzst=01;31:*.bz2=01;31:*.bz=01;31:*.tbz=01;31:*.tbz2=01;31:*.tz=01;31:*.deb=01;31:*.rpm=01;31:*.jar=01;31:*.war=01;31:*.ear=01;31:*.sar=01;31:*.rar=01;31:*.alz=01;31:*.ace=01;31:*.zoo=01;31:*.cpio=01;31:*.7z=01;31:*.rz=01;31:*.cab=01;31:*.wim=01;31:*.swm=01;31:*.dwm=01;31:*.esd=01;31:*.jpg=01;35:*.jpeg=01;35:*.mjpg=01;35:*.mjpeg=01;35:*.gif=01;35:*.bmp=01;35:*.pbm=01;35:*.pgm=01;35:*.ppm=01;35:*.tga=01;35:*.xbm=01;35:*.xpm=01;35:*.tif=01;35:*.tiff=01;35:*.png=01;35:*.svg=01;35:*.svgz=01;35:*.mng=01;35:*.pcx=01;35:*.mov=01;35:*.mpg=01;35:*.mpeg=01;35:*.m2v=01;35:*.mkv=01;35:*.webm=01;35:*.webp=01;35:*.ogm=01;35:*.mp4=01;35:*.m4v=01;35:*.mp4v=01;35:*.vob=01;35:*.qt=01;35:*.nuv=01;35:*.wmv=01;35:*.asf=01;35:*.rm=01;35:*.rmvb=01;35:*.flc=01;35:*.avi=01;35:*.fli=01;35:*.flv=01;35:*.gl=01;35:*.dl=01;35:*.xcf=01;35:*.xwd=01;35:*.yuv=01;35:*.cgm=01;35:*.emf=01;35:*.ogv=01;35:*.ogx=01;35:*.aac=00;36:*.au=00;36:*.flac=00;36:*.m4a=00;36:*.mid=00;36:*.midi=00;36:*.mka=00;36:*.mp3=00;36:*.mpc=00;36:*.ogg=00;36:*.ra=00;36:*.wav=00;36:*.oga=00;36:*.opus=00;36:*.spx=00;36:*.xspf=00;36:'), ('AMENT_PREFIX_PATH', '/root/ros2_ws/install/mg400_plugin_base:/root/ros2_ws/install/mg400_interface:/root/ros2_ws/install/mg400_msgs:/root/ros2_ws/install/mg400_common:/opt/ros/humble'), ('PWD', '/root/ros2_ws/build/mg400_plugin'), ('LC_ALL', 'C.UTF-8'), ('PYTHONPATH', '/root/ros2_ws/install/mg400_msgs/local/lib/python3.10/dist-packages:/opt/ros/humble/lib/python3.10/site-packages:/opt/ros/humble/local/lib/python3.10/dist-packages'), ('COLCON', '1'), ('CMAKE_PREFIX_PATH', '/root/ros2_ws/install/mg400_plugin_base:/root/ros2_ws/install/mg400_interface:/root/ros2_ws/install/mg400_msgs:/root/ros2_ws/install/mg400_common:/opt/ros/humble')]), 'shell': False}
[1.324146] (mg400_plugin) StdoutLine: {'line': b'-- Install configuration: ""\n'}
[1.324518] (mg400_plugin) StdoutLine: {'line': b'-- Execute custom install script\n'}
[1.324701] (mg400_plugin) StdoutLine: {'line': b'-- Up-to-date symlink: /root/ros2_ws/install/mg400_plugin/share/mg400_plugin//dashboard_api_plugins.xml\n'}
[1.324837] (mg400_plugin) StdoutLine: {'line': b'-- Up-to-date symlink: /root/ros2_ws/install/mg400_plugin/share/mg400_plugin//motion_api_plugins.xml\n'}
[1.325422] (mg400_plugin) StdoutLine: {'line': b'-- Up-to-date symlink: /root/ros2_ws/install/mg400_plugin/include/mg400_plugin/dashboard_api/acc_j.hpp\n'}
[1.325547] (mg400_plugin) StdoutLine: {'line': b'-- Up-to-date symlink: /root/ros2_ws/install/mg400_plugin/include/mg400_plugin/dashboard_api/acc_l.hpp\n'}
[1.325659] (mg400_plugin) StdoutLine: {'line': b'-- Up-to-date symlink: /root/ros2_ws/install/mg400_plugin/include/mg400_plugin/dashboard_api/arch.hpp\n'}
[1.325801] (mg400_plugin) StdoutLine: {'line': b'-- Up-to-date symlink: /root/ros2_ws/install/mg400_plugin/include/mg400_plugin/dashboard_api/clear_error.hpp\n'}
[1.325876] (mg400_plugin) StdoutLine: {'line': b'-- Up-to-date symlink: /root/ros2_ws/install/mg400_plugin/include/mg400_plugin/dashboard_api/cp.hpp\n'}
[1.325970] (mg400_plugin) StdoutLine: {'line': b'-- Up-to-date symlink: /root/ros2_ws/install/mg400_plugin/include/mg400_plugin/dashboard_api/di.hpp\n'}
[1.326083] (mg400_plugin) StdoutLine: {'line': b'-- Up-to-date symlink: /root/ros2_ws/install/mg400_plugin/include/mg400_plugin/dashboard_api/disable_robot.hpp\n'}
[1.326204] (mg400_plugin) StdoutLine: {'line': b'-- Up-to-date symlink: /root/ros2_ws/install/mg400_plugin/include/mg400_plugin/dashboard_api/do.hpp\n'}
[1.326311] (mg400_plugin) StdoutLine: {'line': b'-- Up-to-date symlink: /root/ros2_ws/install/mg400_plugin/include/mg400_plugin/dashboard_api/emergency_stop.hpp\n'}
[1.326423] (mg400_plugin) StdoutLine: {'line': b'-- Up-to-date symlink: /root/ros2_ws/install/mg400_plugin/include/mg400_plugin/dashboard_api/enable_robot.hpp\n'}
[1.326527] (mg400_plugin) StdoutLine: {'line': b'-- Up-to-date symlink: /root/ros2_ws/install/mg400_plugin/include/mg400_plugin/dashboard_api/get_angle.hpp\n'}
[1.326648] (mg400_plugin) StdoutLine: {'line': b'-- Up-to-date symlink: /root/ros2_ws/install/mg400_plugin/include/mg400_plugin/dashboard_api/get_error_id.hpp\n'}
[1.326800] (mg400_plugin) StdoutLine: {'line': b'-- Up-to-date symlink: /root/ros2_ws/install/mg400_plugin/include/mg400_plugin/dashboard_api/get_pose.hpp\n'}
[1.326925] (mg400_plugin) StdoutLine: {'line': b'-- Up-to-date symlink: /root/ros2_ws/install/mg400_plugin/include/mg400_plugin/dashboard_api/inverse_solution.hpp\n'}
[1.327033] (mg400_plugin) StdoutLine: {'line': b'-- Up-to-date symlink: /root/ros2_ws/install/mg400_plugin/include/mg400_plugin/dashboard_api/pay_load.hpp\n'}
[1.327138] (mg400_plugin) StdoutLine: {'line': b'-- Up-to-date symlink: /root/ros2_ws/install/mg400_plugin/include/mg400_plugin/dashboard_api/positive_solution.hpp\n'}
[1.327237] (mg400_plugin) StdoutLine: {'line': b'-- Up-to-date symlink: /root/ros2_ws/install/mg400_plugin/include/mg400_plugin/dashboard_api/reset_robot.hpp\n'}
[1.327338] (mg400_plugin) StdoutLine: {'line': b'-- Up-to-date symlink: /root/ros2_ws/install/mg400_plugin/include/mg400_plugin/dashboard_api/robot_mode.hpp\n'}
[1.327446] (mg400_plugin) StdoutLine: {'line': b'-- Up-to-date symlink: /root/ros2_ws/install/mg400_plugin/include/mg400_plugin/dashboard_api/set_collision_level.hpp\n'}
[1.327552] (mg400_plugin) StdoutLine: {'line': b'-- Up-to-date symlink: /root/ros2_ws/install/mg400_plugin/include/mg400_plugin/dashboard_api/speed_factor.hpp\n'}
[1.327631] (mg400_plugin) StdoutLine: {'line': b'-- Up-to-date symlink: /root/ros2_ws/install/mg400_plugin/include/mg400_plugin/dashboard_api/speed_j.hpp\n'}
[1.327745] (mg400_plugin) StdoutLine: {'line': b'-- Up-to-date symlink: /root/ros2_ws/install/mg400_plugin/include/mg400_plugin/dashboard_api/speed_l.hpp\n'}
[1.327850] (mg400_plugin) StdoutLine: {'line': b'-- Up-to-date symlink: /root/ros2_ws/install/mg400_plugin/include/mg400_plugin/dashboard_api/tool.hpp\n'}
[1.327956] (mg400_plugin) StdoutLine: {'line': b'-- Up-to-date symlink: /root/ros2_ws/install/mg400_plugin/include/mg400_plugin/dashboard_api/tool_di.hpp\n'}
[1.328061] (mg400_plugin) StdoutLine: {'line': b'-- Up-to-date symlink: /root/ros2_ws/install/mg400_plugin/include/mg400_plugin/dashboard_api/tool_do_execute.hpp\n'}
[1.328166] (mg400_plugin) StdoutLine: {'line': b'-- Up-to-date symlink: /root/ros2_ws/install/mg400_plugin/include/mg400_plugin/dashboard_api/user.hpp\n'}
[1.328269] (mg400_plugin) StdoutLine: {'line': b'-- Up-to-date symlink: /root/ros2_ws/install/mg400_plugin/include/mg400_plugin/motion_api/command_queue.hpp\n'}
[1.328373] (mg400_plugin) StdoutLine: {'line': b'-- Up-to-date symlink: /root/ros2_ws/install/mg400_plugin/include/mg400_plugin/motion_api/joint_mov_j.hpp\n'}
[1.328474] (mg400_plugin) StdoutLine: {'line': b'-- Up-to-date symlink: /root/ros2_ws/install/mg400_plugin/include/mg400_plugin/motion_api/mov_j.hpp\n'}
[1.328577] (mg400_plugin) StdoutLine: {'line': b'-- Up-to-date symlink: /root/ros2_ws/install/mg400_plugin/include/mg400_plugin/motion_api/mov_jio.hpp\n'}
[1.328684] (mg400_plugin) StdoutLine: {'line': b'-- Up-to-date symlink: /root/ros2_ws/install/mg400_plugin/include/mg400_plugin/motion_api/mov_l.hpp\n'}
[1.328798] (mg400_plugin) StdoutLine: {'line': b'-- Up-to-date symlink: /root/ros2_ws/install/mg400_plugin/include/mg400_plugin/motion_api/mov_lio.hpp\n'}
[1.328901] (mg400_plugin) StdoutLine: {'line': b'-- Up-to-date symlink: /root/ros2_ws/install/mg400_plugin/include/mg400_plugin/motion_api/move_jog.hpp\n'}
[1.329000] (mg400_plugin) StdoutLine: {'line': b'-- Up-to-date symlink: /root/ros2_ws/install/mg400_plugin/include/mg400_plugin/plugin_utils.hpp\n'}
[1.329100] (mg400_plugin) StdoutLine: {'line': b'-- Up-to-date symlink: /root/ros2_ws/install/mg400_plugin/include/mg400_plugin/tf_manager.hpp\n'}
[1.329257] (mg400_plugin) StdoutLine: {'line': b'-- Up-to-date symlink: /root/ros2_ws/install/mg400_plugin/share/mg400_plugin/environment/library_path.sh\n'}
[1.329384] (mg400_plugin) StdoutLine: {'line': b'-- Up-to-date symlink: /root/ros2_ws/install/mg400_plugin/share/mg400_plugin/environment/library_path.dsv\n'}
[1.329585] (mg400_plugin) StdoutLine: {'line': b'-- Up-to-date symlink: /root/ros2_ws/install/mg400_plugin/lib/libmg400_plugin_dashboard_api.so\n'}
[1.329707] (mg400_plugin) StdoutLine: {'line': b'-- Up-to-date symlink: /root/ros2_ws/install/mg400_plugin/lib/libmg400_plugin_motion_api.so\n'}
[1.329956] (mg400_plugin) StdoutLine: {'line': b'-- Up-to-date symlink: /root/ros2_ws/install/mg400_plugin/share/ament_index/resource_index/package_run_dependencies/mg400_plugin\n'}
[1.330125] (mg400_plugin) StdoutLine: {'line': b'-- Up-to-date symlink: /root/ros2_ws/install/mg400_plugin/share/ament_index/resource_index/parent_prefix_path/mg400_plugin\n'}
[1.330300] (mg400_plugin) StdoutLine: {'line': b'-- Up-to-date symlink: /root/ros2_ws/install/mg400_plugin/share/mg400_plugin/environment/ament_prefix_path.sh\n'}
[1.330452] (mg400_plugin) StdoutLine: {'line': b'-- Up-to-date symlink: /root/ros2_ws/install/mg400_plugin/share/mg400_plugin/environment/ament_prefix_path.dsv\n'}
[1.330621] (mg400_plugin) StdoutLine: {'line': b'-- Up-to-date symlink: /root/ros2_ws/install/mg400_plugin/share/mg400_plugin/environment/path.sh\n'}
[1.330789] (mg400_plugin) StdoutLine: {'line': b'-- Up-to-date symlink: /root/ros2_ws/install/mg400_plugin/share/mg400_plugin/environment/path.dsv\n'}
[1.330939] (mg400_plugin) StdoutLine: {'line': b'-- Up-to-date symlink: /root/ros2_ws/install/mg400_plugin/share/mg400_plugin/local_setup.bash\n'}
[1.331132] (mg400_plugin) StdoutLine: {'line': b'-- Up-to-date symlink: /root/ros2_ws/install/mg400_plugin/share/mg400_plugin/local_setup.sh\n'}
[1.331300] (mg400_plugin) StdoutLine: {'line': b'-- Up-to-date symlink: /root/ros2_ws/install/mg400_plugin/share/mg400_plugin/local_setup.zsh\n'}
[1.331466] (mg400_plugin) StdoutLine: {'line': b'-- Up-to-date symlink: /root/ros2_ws/install/mg400_plugin/share/mg400_plugin/local_setup.dsv\n'}
[1.331590] (mg400_plugin) StdoutLine: {'line': b'-- Symlinking: /root/ros2_ws/install/mg400_plugin/share/mg400_plugin/package.dsv\n'}
[1.335319] (p9n) CommandEnded: {'returncode': 0}
[1.336065] (p9n) JobProgress: {'identifier': 'p9n', 'progress': 'install'}
[1.336371] (p9n) Command: {'cmd': ['/usr/bin/cmake', '--install', '/root/ros2_ws/build/p9n'], 'cwd': '/root/ros2_ws/build/p9n', 'env': OrderedDict([('HOSTNAME', 'zzz-2404'), ('SHLVL', '1'), ('LD_LIBRARY_PATH', '/root/ros2_ws/install/p9n_test/lib:/root/ros2_ws/install/p9n_node/lib:/root/ros2_ws/install/p9n_example/lib:/root/ros2_ws/install/p9n_interface/lib:/opt/ros/humble/opt/rviz_ogre_vendor/lib:/opt/ros/humble/lib/x86_64-linux-gnu:/opt/ros/humble/lib'), ('HOME', '/root'), ('OLDPWD', '/root/ros2_ws'), ('ROS_PYTHON_VERSION', '3'), ('ROS_DISTRO', 'humble'), ('_', '/usr/bin/colcon'), ('ROS_VERSION', '2'), ('TERM', 'xterm'), ('ROS_LOCALHOST_ONLY', '0'), ('PATH', '/opt/ros/humble/bin:/usr/local/sbin:/usr/local/bin:/usr/sbin:/usr/bin:/sbin:/bin'), ('LANG', 'C.UTF-8'), ('LS_COLORS', 'rs=0:di=01;34:ln=01;36:mh=00:pi=40;33:so=01;35:do=01;35:bd=40;33;01:cd=40;33;01:or=40;31;01:mi=00:su=37;41:sg=30;43:ca=30;41:tw=30;42:ow=34;42:st=37;44:ex=01;32:*.tar=01;31:*.tgz=01;31:*.arc=01;31:*.arj=01;31:*.taz=01;31:*.lha=01;31:*.lz4=01;31:*.lzh=01;31:*.lzma=01;31:*.tlz=01;31:*.txz=01;31:*.tzo=01;31:*.t7z=01;31:*.zip=01;31:*.z=01;31:*.dz=01;31:*.gz=01;31:*.lrz=01;31:*.lz=01;31:*.lzo=01;31:*.xz=01;31:*.zst=01;31:*.tzst=01;31:*.bz2=01;31:*.bz=01;31:*.tbz=01;31:*.tbz2=01;31:*.tz=01;31:*.deb=01;31:*.rpm=01;31:*.jar=01;31:*.war=01;31:*.ear=01;31:*.sar=01;31:*.rar=01;31:*.alz=01;31:*.ace=01;31:*.zoo=01;31:*.cpio=01;31:*.7z=01;31:*.rz=01;31:*.cab=01;31:*.wim=01;31:*.swm=01;31:*.dwm=01;31:*.esd=01;31:*.jpg=01;35:*.jpeg=01;35:*.mjpg=01;35:*.mjpeg=01;35:*.gif=01;35:*.bmp=01;35:*.pbm=01;35:*.pgm=01;35:*.ppm=01;35:*.tga=01;35:*.xbm=01;35:*.xpm=01;35:*.tif=01;35:*.tiff=01;35:*.png=01;35:*.svg=01;35:*.svgz=01;35:*.mng=01;35:*.pcx=01;35:*.mov=01;35:*.mpg=01;35:*.mpeg=01;35:*.m2v=01;35:*.mkv=01;35:*.webm=01;35:*.webp=01;35:*.ogm=01;35:*.mp4=01;35:*.m4v=01;35:*.mp4v=01;35:*.vob=01;35:*.qt=01;35:*.nuv=01;35:*.wmv=01;35:*.asf=01;35:*.rm=01;35:*.rmvb=01;35:*.flc=01;35:*.avi=01;35:*.fli=01;35:*.flv=01;35:*.gl=01;35:*.dl=01;35:*.xcf=01;35:*.xwd=01;35:*.yuv=01;35:*.cgm=01;35:*.emf=01;35:*.ogv=01;35:*.ogx=01;35:*.aac=00;36:*.au=00;36:*.flac=00;36:*.m4a=00;36:*.mid=00;36:*.midi=00;36:*.mka=00;36:*.mp3=00;36:*.mpc=00;36:*.ogg=00;36:*.ra=00;36:*.wav=00;36:*.oga=00;36:*.opus=00;36:*.spx=00;36:*.xspf=00;36:'), ('AMENT_PREFIX_PATH', '/root/ros2_ws/install/p9n_bringup:/root/ros2_ws/install/p9n_test:/root/ros2_ws/install/p9n_node:/root/ros2_ws/install/p9n_example:/root/ros2_ws/install/p9n_interface:/opt/ros/humble'), ('PWD', '/root/ros2_ws/build/p9n'), ('LC_ALL', 'C.UTF-8'), ('PYTHONPATH', '/root/ros2_ws/build/p9n_bringup:/root/ros2_ws/install/p9n_bringup/lib/python3.10/site-packages:/opt/ros/humble/lib/python3.10/site-packages:/opt/ros/humble/local/lib/python3.10/dist-packages'), ('COLCON', '1'), ('CMAKE_PREFIX_PATH', '/root/ros2_ws/install/p9n_test:/root/ros2_ws/install/p9n_node:/root/ros2_ws/install/p9n_example:/root/ros2_ws/install/p9n_interface:/opt/ros/humble')]), 'shell': False}
[1.339435] (mg400_plugin) StdoutLine: {'line': b'-- Up-to-date symlink: /root/ros2_ws/install/mg400_plugin/share/ament_index/resource_index/packages/mg400_plugin\n'}
[1.339735] (mg400_plugin) StdoutLine: {'line': b'-- Up-to-date symlink: /root/ros2_ws/install/mg400_plugin/share/ament_index/resource_index/mg400_plugin_base__pluginlib__plugin/mg400_plugin\n'}
[1.339974] (mg400_plugin) StdoutLine: {'line': b'-- Up-to-date symlink: /root/ros2_ws/install/mg400_plugin/share/mg400_plugin/cmake/ament_cmake_export_dependencies-extras.cmake\n'}
[1.340191] (mg400_plugin) StdoutLine: {'line': b'-- Up-to-date symlink: /root/ros2_ws/install/mg400_plugin/share/mg400_plugin/cmake/ament_cmake_export_include_directories-extras.cmake\n'}
[1.340404] (mg400_plugin) StdoutLine: {'line': b'-- Up-to-date symlink: /root/ros2_ws/install/mg400_plugin/share/mg400_plugin/cmake/ament_cmake_export_libraries-extras.cmake\n'}
[1.340628] (mg400_plugin) StdoutLine: {'line': b'-- Up-to-date symlink: /root/ros2_ws/install/mg400_plugin/share/mg400_plugin/cmake/mg400_pluginConfig.cmake\n'}
[1.340807] (mg400_plugin) StdoutLine: {'line': b'-- Up-to-date symlink: /root/ros2_ws/install/mg400_plugin/share/mg400_plugin/cmake/mg400_pluginConfig-version.cmake\n'}
[1.340919] (mg400_plugin) StdoutLine: {'line': b'-- Up-to-date symlink: /root/ros2_ws/install/mg400_plugin/share/mg400_plugin/package.xml\n'}
[1.342494] (mg400_plugin) CommandEnded: {'returncode': 0}
[1.343910] (p9n) StdoutLine: {'line': b'-- Install configuration: ""\n'}
[1.344374] (p9n) StdoutLine: {'line': b'-- Execute custom install script\n'}
[1.344628] (p9n) StdoutLine: {'line': b'-- Up-to-date symlink: /root/ros2_ws/install/p9n/share/ament_index/resource_index/package_run_dependencies/p9n\n'}
[1.344948] (p9n) StdoutLine: {'line': b'-- Up-to-date symlink: /root/ros2_ws/install/p9n/share/ament_index/resource_index/parent_prefix_path/p9n\n'}
[1.345067] (p9n) StdoutLine: {'line': b'-- Up-to-date symlink: /root/ros2_ws/install/p9n/share/p9n/environment/ament_prefix_path.sh\n'}
[1.345261] (p9n) StdoutLine: {'line': b'-- Up-to-date symlink: /root/ros2_ws/install/p9n/share/p9n/environment/ament_prefix_path.dsv\n'}
[1.345624] (p9n) StdoutLine: {'line': b'-- Up-to-date symlink: /root/ros2_ws/install/p9n/share/p9n/environment/path.sh\n'}
[1.345770] (p9n) StdoutLine: {'line': b'-- Up-to-date symlink: /root/ros2_ws/install/p9n/share/p9n/environment/path.dsv\n'}
[1.345955] (p9n) StdoutLine: {'line': b'-- Up-to-date symlink: /root/ros2_ws/install/p9n/share/p9n/local_setup.bash\n'}
[1.346125] (p9n) StdoutLine: {'line': b'-- Up-to-date symlink: /root/ros2_ws/install/p9n/share/p9n/local_setup.sh\n'}
[1.346332] (p9n) StdoutLine: {'line': b'-- Up-to-date symlink: /root/ros2_ws/install/p9n/share/p9n/local_setup.zsh\n'}
[1.346516] (p9n) StdoutLine: {'line': b'-- Up-to-date symlink: /root/ros2_ws/install/p9n/share/p9n/local_setup.dsv\n'}
[1.346639] (p9n) StdoutLine: {'line': b'-- Symlinking: /root/ros2_ws/install/p9n/share/p9n/package.dsv\n'}
[1.355487] (mg400_plugin) JobEnded: {'identifier': 'mg400_plugin', 'rc': 0}
[1.356512] (mg400_node) JobStarted: {'identifier': 'mg400_node'}
[1.356666] (p9n) StdoutLine: {'line': b'-- Up-to-date symlink: /root/ros2_ws/install/p9n/share/ament_index/resource_index/packages/p9n\n'}
[1.357052] (p9n) StdoutLine: {'line': b'-- Up-to-date symlink: /root/ros2_ws/install/p9n/share/p9n/cmake/p9nConfig.cmake\n'}
[1.357215] (p9n) StdoutLine: {'line': b'-- Up-to-date symlink: /root/ros2_ws/install/p9n/share/p9n/cmake/p9nConfig-version.cmake\n'}
[1.357303] (p9n) StdoutLine: {'line': b'-- Up-to-date symlink: /root/ros2_ws/install/p9n/share/p9n/package.xml\n'}
[1.360410] (p9n) CommandEnded: {'returncode': 0}
[1.370295] (p9n) JobEnded: {'identifier': 'p9n', 'rc': 0}
[1.371564] (mg400_node) JobProgress: {'identifier': 'mg400_node', 'progress': 'cmake'}
[1.372103] (mg400_node) JobProgress: {'identifier': 'mg400_node', 'progress': 'build'}
[1.372613] (mg400_node) Command: {'cmd': ['/usr/bin/cmake', '--build', '/root/ros2_ws/build/mg400_node', '--', '-j16', '-l16'], 'cwd': '/root/ros2_ws/build/mg400_node', 'env': OrderedDict([('HOSTNAME', 'zzz-2404'), ('SHLVL', '1'), ('LD_LIBRARY_PATH', '/root/ros2_ws/install/mg400_plugin/lib:/root/ros2_ws/install/mg400_interface/lib:/root/ros2_ws/install/mg400_msgs/lib:/root/ros2_ws/install/mg400_common/lib:/opt/ros/humble/opt/rviz_ogre_vendor/lib:/opt/ros/humble/lib/x86_64-linux-gnu:/opt/ros/humble/lib'), ('HOME', '/root'), ('OLDPWD', '/root/ros2_ws'), ('ROS_PYTHON_VERSION', '3'), ('ROS_DISTRO', 'humble'), ('_', '/usr/bin/colcon'), ('ROS_VERSION', '2'), ('TERM', 'xterm'), ('ROS_LOCALHOST_ONLY', '0'), ('PATH', '/opt/ros/humble/bin:/usr/local/sbin:/usr/local/bin:/usr/sbin:/usr/bin:/sbin:/bin'), ('LANG', 'C.UTF-8'), ('LS_COLORS', 'rs=0:di=01;34:ln=01;36:mh=00:pi=40;33:so=01;35:do=01;35:bd=40;33;01:cd=40;33;01:or=40;31;01:mi=00:su=37;41:sg=30;43:ca=30;41:tw=30;42:ow=34;42:st=37;44:ex=01;32:*.tar=01;31:*.tgz=01;31:*.arc=01;31:*.arj=01;31:*.taz=01;31:*.lha=01;31:*.lz4=01;31:*.lzh=01;31:*.lzma=01;31:*.tlz=01;31:*.txz=01;31:*.tzo=01;31:*.t7z=01;31:*.zip=01;31:*.z=01;31:*.dz=01;31:*.gz=01;31:*.lrz=01;31:*.lz=01;31:*.lzo=01;31:*.xz=01;31:*.zst=01;31:*.tzst=01;31:*.bz2=01;31:*.bz=01;31:*.tbz=01;31:*.tbz2=01;31:*.tz=01;31:*.deb=01;31:*.rpm=01;31:*.jar=01;31:*.war=01;31:*.ear=01;31:*.sar=01;31:*.rar=01;31:*.alz=01;31:*.ace=01;31:*.zoo=01;31:*.cpio=01;31:*.7z=01;31:*.rz=01;31:*.cab=01;31:*.wim=01;31:*.swm=01;31:*.dwm=01;31:*.esd=01;31:*.jpg=01;35:*.jpeg=01;35:*.mjpg=01;35:*.mjpeg=01;35:*.gif=01;35:*.bmp=01;35:*.pbm=01;35:*.pgm=01;35:*.ppm=01;35:*.tga=01;35:*.xbm=01;35:*.xpm=01;35:*.tif=01;35:*.tiff=01;35:*.png=01;35:*.svg=01;35:*.svgz=01;35:*.mng=01;35:*.pcx=01;35:*.mov=01;35:*.mpg=01;35:*.mpeg=01;35:*.m2v=01;35:*.mkv=01;35:*.webm=01;35:*.webp=01;35:*.ogm=01;35:*.mp4=01;35:*.m4v=01;35:*.mp4v=01;35:*.vob=01;35:*.qt=01;35:*.nuv=01;35:*.wmv=01;35:*.asf=01;35:*.rm=01;35:*.rmvb=01;35:*.flc=01;35:*.avi=01;35:*.fli=01;35:*.flv=01;35:*.gl=01;35:*.dl=01;35:*.xcf=01;35:*.xwd=01;35:*.yuv=01;35:*.cgm=01;35:*.emf=01;35:*.ogv=01;35:*.ogx=01;35:*.aac=00;36:*.au=00;36:*.flac=00;36:*.m4a=00;36:*.mid=00;36:*.midi=00;36:*.mka=00;36:*.mp3=00;36:*.mpc=00;36:*.ogg=00;36:*.ra=00;36:*.wav=00;36:*.oga=00;36:*.opus=00;36:*.spx=00;36:*.xspf=00;36:'), ('AMENT_PREFIX_PATH', '/root/ros2_ws/install/mg400_plugin:/root/ros2_ws/install/mg400_plugin_base:/root/ros2_ws/install/mg400_interface:/root/ros2_ws/install/mg400_msgs:/root/ros2_ws/install/mg400_common:/opt/ros/humble'), ('PWD', '/root/ros2_ws/build/mg400_node'), ('LC_ALL', 'C.UTF-8'), ('PYTHONPATH', '/root/ros2_ws/install/mg400_msgs/local/lib/python3.10/dist-packages:/opt/ros/humble/lib/python3.10/site-packages:/opt/ros/humble/local/lib/python3.10/dist-packages'), ('COLCON', '1'), ('CMAKE_PREFIX_PATH', '/root/ros2_ws/install/mg400_plugin:/root/ros2_ws/install/mg400_plugin_base:/root/ros2_ws/install/mg400_interface:/root/ros2_ws/install/mg400_msgs:/root/ros2_ws/install/mg400_common:/opt/ros/humble')]), 'shell': False}
[1.400918] (-) TimerEvent: {}
[1.416517] (mg400_node) StdoutLine: {'line': b'\x1b[35m\x1b[1mConsolidate compiler generated dependencies of target mg400_node_exec\x1b[0m\n'}
[1.417426] (mg400_node) StdoutLine: {'line': b'\x1b[35m\x1b[1mConsolidate compiler generated dependencies of target mg400_node\x1b[0m\n'}
[1.425141] (mg400_node) StdoutLine: {'line': b'[  7%] \x1b[34m\x1b[1mAutomatic MOC and UIC for target joint_command_publisher_gui\x1b[0m\n'}
[1.425344] (mg400_node) StdoutLine: {'line': b'[ 14%] \x1b[34m\x1b[1mAutomatic MOC and UIC for target joint_state_publisher_gui\x1b[0m\n'}
[1.434321] (mg400_node) StdoutLine: {'line': b'[ 28%] Built target mg400_node_exec\n'}
[1.444036] (mg400_node) StdoutLine: {'line': b'[ 42%] Built target mg400_node\n'}
[1.445540] (mg400_node) StdoutLine: {'line': b'[ 42%] Built target joint_command_publisher_gui_autogen\n'}
[1.445647] (mg400_node) StdoutLine: {'line': b'[ 42%] Built target joint_state_publisher_gui_autogen\n'}
[1.458497] (mg400_node) StdoutLine: {'line': b'\x1b[35m\x1b[1mConsolidate compiler generated dependencies of target joint_command_publisher_gui\x1b[0m\n'}
[1.490485] (mg400_node) StdoutLine: {'line': b'[ 71%] Built target joint_command_publisher_gui\n'}
[1.501015] (-) TimerEvent: {}
[1.503566] (mg400_node) StdoutLine: {'line': b'\x1b[35m\x1b[1mConsolidate compiler generated dependencies of target joint_state_publisher_gui\x1b[0m\n'}
[1.535341] (mg400_node) StdoutLine: {'line': b'[100%] Built target joint_state_publisher_gui\n'}
[1.546118] (mg400_node) CommandEnded: {'returncode': 0}
[1.546744] (mg400_node) JobProgress: {'identifier': 'mg400_node', 'progress': 'install'}
[1.547218] (mg400_node) Command: {'cmd': ['/usr/bin/cmake', '--install', '/root/ros2_ws/build/mg400_node'], 'cwd': '/root/ros2_ws/build/mg400_node', 'env': OrderedDict([('HOSTNAME', 'zzz-2404'), ('SHLVL', '1'), ('LD_LIBRARY_PATH', '/root/ros2_ws/install/mg400_plugin/lib:/root/ros2_ws/install/mg400_interface/lib:/root/ros2_ws/install/mg400_msgs/lib:/root/ros2_ws/install/mg400_common/lib:/opt/ros/humble/opt/rviz_ogre_vendor/lib:/opt/ros/humble/lib/x86_64-linux-gnu:/opt/ros/humble/lib'), ('HOME', '/root'), ('OLDPWD', '/root/ros2_ws'), ('ROS_PYTHON_VERSION', '3'), ('ROS_DISTRO', 'humble'), ('_', '/usr/bin/colcon'), ('ROS_VERSION', '2'), ('TERM', 'xterm'), ('ROS_LOCALHOST_ONLY', '0'), ('PATH', '/opt/ros/humble/bin:/usr/local/sbin:/usr/local/bin:/usr/sbin:/usr/bin:/sbin:/bin'), ('LANG', 'C.UTF-8'), ('LS_COLORS', 'rs=0:di=01;34:ln=01;36:mh=00:pi=40;33:so=01;35:do=01;35:bd=40;33;01:cd=40;33;01:or=40;31;01:mi=00:su=37;41:sg=30;43:ca=30;41:tw=30;42:ow=34;42:st=37;44:ex=01;32:*.tar=01;31:*.tgz=01;31:*.arc=01;31:*.arj=01;31:*.taz=01;31:*.lha=01;31:*.lz4=01;31:*.lzh=01;31:*.lzma=01;31:*.tlz=01;31:*.txz=01;31:*.tzo=01;31:*.t7z=01;31:*.zip=01;31:*.z=01;31:*.dz=01;31:*.gz=01;31:*.lrz=01;31:*.lz=01;31:*.lzo=01;31:*.xz=01;31:*.zst=01;31:*.tzst=01;31:*.bz2=01;31:*.bz=01;31:*.tbz=01;31:*.tbz2=01;31:*.tz=01;31:*.deb=01;31:*.rpm=01;31:*.jar=01;31:*.war=01;31:*.ear=01;31:*.sar=01;31:*.rar=01;31:*.alz=01;31:*.ace=01;31:*.zoo=01;31:*.cpio=01;31:*.7z=01;31:*.rz=01;31:*.cab=01;31:*.wim=01;31:*.swm=01;31:*.dwm=01;31:*.esd=01;31:*.jpg=01;35:*.jpeg=01;35:*.mjpg=01;35:*.mjpeg=01;35:*.gif=01;35:*.bmp=01;35:*.pbm=01;35:*.pgm=01;35:*.ppm=01;35:*.tga=01;35:*.xbm=01;35:*.xpm=01;35:*.tif=01;35:*.tiff=01;35:*.png=01;35:*.svg=01;35:*.svgz=01;35:*.mng=01;35:*.pcx=01;35:*.mov=01;35:*.mpg=01;35:*.mpeg=01;35:*.m2v=01;35:*.mkv=01;35:*.webm=01;35:*.webp=01;35:*.ogm=01;35:*.mp4=01;35:*.m4v=01;35:*.mp4v=01;35:*.vob=01;35:*.qt=01;35:*.nuv=01;35:*.wmv=01;35:*.asf=01;35:*.rm=01;35:*.rmvb=01;35:*.flc=01;35:*.avi=01;35:*.fli=01;35:*.flv=01;35:*.gl=01;35:*.dl=01;35:*.xcf=01;35:*.xwd=01;35:*.yuv=01;35:*.cgm=01;35:*.emf=01;35:*.ogv=01;35:*.ogx=01;35:*.aac=00;36:*.au=00;36:*.flac=00;36:*.m4a=00;36:*.mid=00;36:*.midi=00;36:*.mka=00;36:*.mp3=00;36:*.mpc=00;36:*.ogg=00;36:*.ra=00;36:*.wav=00;36:*.oga=00;36:*.opus=00;36:*.spx=00;36:*.xspf=00;36:'), ('AMENT_PREFIX_PATH', '/root/ros2_ws/install/mg400_plugin:/root/ros2_ws/install/mg400_plugin_base:/root/ros2_ws/install/mg400_interface:/root/ros2_ws/install/mg400_msgs:/root/ros2_ws/install/mg400_common:/opt/ros/humble'), ('PWD', '/root/ros2_ws/build/mg400_node'), ('LC_ALL', 'C.UTF-8'), ('PYTHONPATH', '/root/ros2_ws/install/mg400_msgs/local/lib/python3.10/dist-packages:/opt/ros/humble/lib/python3.10/site-packages:/opt/ros/humble/local/lib/python3.10/dist-packages'), ('COLCON', '1'), ('CMAKE_PREFIX_PATH', '/root/ros2_ws/install/mg400_plugin:/root/ros2_ws/install/mg400_plugin_base:/root/ros2_ws/install/mg400_interface:/root/ros2_ws/install/mg400_msgs:/root/ros2_ws/install/mg400_common:/opt/ros/humble')]), 'shell': False}
[1.555088] (mg400_node) StdoutLine: {'line': b'-- Install configuration: ""\n'}
[1.555436] (mg400_node) StdoutLine: {'line': b'-- Execute custom install script\n'}
[1.555658] (mg400_node) StdoutLine: {'line': b'-- Up-to-date symlink: /root/ros2_ws/install/mg400_node/lib/mg400_node/mg400_node_exec\n'}
[1.555902] (mg400_node) StdoutLine: {'line': b'-- Up-to-date symlink: /root/ros2_ws/install/mg400_node/include/mg400_node/mg400_node.hpp\n'}
[1.556046] (mg400_node) StdoutLine: {'line': b'-- Up-to-date symlink: /root/ros2_ws/install/mg400_node/share/mg400_node/environment/library_path.sh\n'}
[1.556172] (mg400_node) StdoutLine: {'line': b'-- Up-to-date symlink: /root/ros2_ws/install/mg400_node/share/mg400_node/environment/library_path.dsv\n'}
[1.556330] (mg400_node) StdoutLine: {'line': b'-- Up-to-date symlink: /root/ros2_ws/install/mg400_node/lib/libmg400_node.so\n'}
[1.556504] (mg400_node) StdoutLine: {'line': b'-- Up-to-date symlink: /root/ros2_ws/install/mg400_node/lib/mg400_node/joint_state_publisher_gui\n'}
[1.556630] (mg400_node) StdoutLine: {'line': b'-- Up-to-date symlink: /root/ros2_ws/install/mg400_node/lib/mg400_node/joint_command_publisher_gui\n'}
[1.556767] (mg400_node) StdoutLine: {'line': b'-- Up-to-date symlink: /root/ros2_ws/install/mg400_node/share/ament_index/resource_index/package_run_dependencies/mg400_node\n'}
[1.556856] (mg400_node) StdoutLine: {'line': b'-- Up-to-date symlink: /root/ros2_ws/install/mg400_node/share/ament_index/resource_index/parent_prefix_path/mg400_node\n'}
[1.556981] (mg400_node) StdoutLine: {'line': b'-- Up-to-date symlink: /root/ros2_ws/install/mg400_node/share/mg400_node/environment/ament_prefix_path.sh\n'}
[1.557087] (mg400_node) StdoutLine: {'line': b'-- Up-to-date symlink: /root/ros2_ws/install/mg400_node/share/mg400_node/environment/ament_prefix_path.dsv\n'}
[1.557205] (mg400_node) StdoutLine: {'line': b'-- Up-to-date symlink: /root/ros2_ws/install/mg400_node/share/mg400_node/environment/path.sh\n'}
[1.557315] (mg400_node) StdoutLine: {'line': b'-- Up-to-date symlink: /root/ros2_ws/install/mg400_node/share/mg400_node/environment/path.dsv\n'}
[1.557419] (mg400_node) StdoutLine: {'line': b'-- Up-to-date symlink: /root/ros2_ws/install/mg400_node/share/mg400_node/local_setup.bash\n'}
[1.557521] (mg400_node) StdoutLine: {'line': b'-- Up-to-date symlink: /root/ros2_ws/install/mg400_node/share/mg400_node/local_setup.sh\n'}
[1.557621] (mg400_node) StdoutLine: {'line': b'-- Up-to-date symlink: /root/ros2_ws/install/mg400_node/share/mg400_node/local_setup.zsh\n'}
[1.557733] (mg400_node) StdoutLine: {'line': b'-- Up-to-date symlink: /root/ros2_ws/install/mg400_node/share/mg400_node/local_setup.dsv\n'}
[1.557809] (mg400_node) StdoutLine: {'line': b'-- Symlinking: /root/ros2_ws/install/mg400_node/share/mg400_node/package.dsv\n'}
[1.565967] (mg400_node) StdoutLine: {'line': b'-- Up-to-date symlink: /root/ros2_ws/install/mg400_node/share/ament_index/resource_index/packages/mg400_node\n'}
[1.566196] (mg400_node) StdoutLine: {'line': b'-- Up-to-date symlink: /root/ros2_ws/install/mg400_node/share/ament_index/resource_index/rclcpp_components/mg400_node\n'}
[1.566404] (mg400_node) StdoutLine: {'line': b'-- Up-to-date symlink: /root/ros2_ws/install/mg400_node/share/mg400_node/cmake/ament_cmake_export_dependencies-extras.cmake\n'}
[1.566549] (mg400_node) StdoutLine: {'line': b'-- Up-to-date symlink: /root/ros2_ws/install/mg400_node/share/mg400_node/cmake/ament_cmake_export_include_directories-extras.cmake\n'}
[1.566663] (mg400_node) StdoutLine: {'line': b'-- Up-to-date symlink: /root/ros2_ws/install/mg400_node/share/mg400_node/cmake/ament_cmake_export_libraries-extras.cmake\n'}
[1.566817] (mg400_node) StdoutLine: {'line': b'-- Up-to-date symlink: /root/ros2_ws/install/mg400_node/share/mg400_node/cmake/mg400_nodeConfig.cmake\n'}
[1.566917] (mg400_node) StdoutLine: {'line': b'-- Up-to-date symlink: /root/ros2_ws/install/mg400_node/share/mg400_node/cmake/mg400_nodeConfig-version.cmake\n'}
[1.567026] (mg400_node) StdoutLine: {'line': b'-- Up-to-date symlink: /root/ros2_ws/install/mg400_node/share/mg400_node/package.xml\n'}
[1.568405] (mg400_node) CommandEnded: {'returncode': 0}
[1.579923] (mg400_node) JobEnded: {'identifier': 'mg400_node', 'rc': 0}
[1.581110] (mg400_bringup) JobStarted: {'identifier': 'mg400_bringup'}
[1.601098] (-) TimerEvent: {}
[1.701329] (-) TimerEvent: {}
[1.801623] (-) TimerEvent: {}
[1.901841] (-) TimerEvent: {}
[2.002101] (-) TimerEvent: {}
[2.102394] (-) TimerEvent: {}
[2.202699] (-) TimerEvent: {}
[2.214901] (mg400_bringup) Command: {'cmd': ['/usr/bin/python3', '-W', 'ignore:setup.py install is deprecated', '-W', 'ignore:easy_install command is deprecated', 'setup.py', 'develop', '--editable', '--build-directory', '/root/ros2_ws/build/mg400_bringup/build', '--no-deps', 'symlink_data'], 'cwd': '/root/ros2_ws/build/mg400_bringup', 'env': {'HOSTNAME': 'zzz-2404', 'SHLVL': '1', 'LD_LIBRARY_PATH': '/root/ros2_ws/install/mg400_node/lib:/root/ros2_ws/install/mg400_plugin/lib:/root/ros2_ws/install/mg400_joy/lib:/root/ros2_ws/install/mg400_interface/lib:/root/ros2_ws/install/p9n_interface/lib:/root/ros2_ws/install/mg400_msgs/lib:/root/ros2_ws/install/mg400_common/lib:/opt/ros/humble/opt/rviz_ogre_vendor/lib:/opt/ros/humble/lib/x86_64-linux-gnu:/opt/ros/humble/lib', 'HOME': '/root', 'OLDPWD': '/root/ros2_ws', 'ROS_PYTHON_VERSION': '3', 'ROS_DISTRO': 'humble', '_': '/usr/bin/colcon', 'ROS_VERSION': '2', 'TERM': 'xterm', 'ROS_LOCALHOST_ONLY': '0', 'PATH': '/opt/ros/humble/bin:/usr/local/sbin:/usr/local/bin:/usr/sbin:/usr/bin:/sbin:/bin', 'LANG': 'C.UTF-8', 'LS_COLORS': 'rs=0:di=01;34:ln=01;36:mh=00:pi=40;33:so=01;35:do=01;35:bd=40;33;01:cd=40;33;01:or=40;31;01:mi=00:su=37;41:sg=30;43:ca=30;41:tw=30;42:ow=34;42:st=37;44:ex=01;32:*.tar=01;31:*.tgz=01;31:*.arc=01;31:*.arj=01;31:*.taz=01;31:*.lha=01;31:*.lz4=01;31:*.lzh=01;31:*.lzma=01;31:*.tlz=01;31:*.txz=01;31:*.tzo=01;31:*.t7z=01;31:*.zip=01;31:*.z=01;31:*.dz=01;31:*.gz=01;31:*.lrz=01;31:*.lz=01;31:*.lzo=01;31:*.xz=01;31:*.zst=01;31:*.tzst=01;31:*.bz2=01;31:*.bz=01;31:*.tbz=01;31:*.tbz2=01;31:*.tz=01;31:*.deb=01;31:*.rpm=01;31:*.jar=01;31:*.war=01;31:*.ear=01;31:*.sar=01;31:*.rar=01;31:*.alz=01;31:*.ace=01;31:*.zoo=01;31:*.cpio=01;31:*.7z=01;31:*.rz=01;31:*.cab=01;31:*.wim=01;31:*.swm=01;31:*.dwm=01;31:*.esd=01;31:*.jpg=01;35:*.jpeg=01;35:*.mjpg=01;35:*.mjpeg=01;35:*.gif=01;35:*.bmp=01;35:*.pbm=01;35:*.pgm=01;35:*.ppm=01;35:*.tga=01;35:*.xbm=01;35:*.xpm=01;35:*.tif=01;35:*.tiff=01;35:*.png=01;35:*.svg=01;35:*.svgz=01;35:*.mng=01;35:*.pcx=01;35:*.mov=01;35:*.mpg=01;35:*.mpeg=01;35:*.m2v=01;35:*.mkv=01;35:*.webm=01;35:*.webp=01;35:*.ogm=01;35:*.mp4=01;35:*.m4v=01;35:*.mp4v=01;35:*.vob=01;35:*.qt=01;35:*.nuv=01;35:*.wmv=01;35:*.asf=01;35:*.rm=01;35:*.rmvb=01;35:*.flc=01;35:*.avi=01;35:*.fli=01;35:*.flv=01;35:*.gl=01;35:*.dl=01;35:*.xcf=01;35:*.xwd=01;35:*.yuv=01;35:*.cgm=01;35:*.emf=01;35:*.ogv=01;35:*.ogx=01;35:*.aac=00;36:*.au=00;36:*.flac=00;36:*.m4a=00;36:*.mid=00;36:*.midi=00;36:*.mka=00;36:*.mp3=00;36:*.mpc=00;36:*.ogg=00;36:*.ra=00;36:*.wav=00;36:*.oga=00;36:*.opus=00;36:*.spx=00;36:*.xspf=00;36:', 'AMENT_PREFIX_PATH': '/root/ros2_ws/install/mg400_node:/root/ros2_ws/install/mg400_plugin:/root/ros2_ws/install/mg400_plugin_base:/root/ros2_ws/install/mg400_joy:/root/ros2_ws/install/mg400_interface:/root/ros2_ws/install/p9n_interface:/root/ros2_ws/install/mg400_msgs:/root/ros2_ws/install/mg400_description:/root/ros2_ws/install/mg400_common:/opt/ros/humble', 'PWD': '/root/ros2_ws/build/mg400_bringup', 'LC_ALL': 'C.UTF-8', 'PYTHONPATH': '/root/ros2_ws/build/mg400_bringup/prefix_override:/usr/lib/python3/dist-packages/colcon_core/task/python/colcon_distutils_commands:/root/ros2_ws/install/mg400_bringup/lib/python3.10/site-packages:/root/ros2_ws/install/mg400_msgs/local/lib/python3.10/dist-packages:/opt/ros/humble/lib/python3.10/site-packages:/opt/ros/humble/local/lib/python3.10/dist-packages', 'COLCON': '1', 'CMAKE_PREFIX_PATH': '/root/ros2_ws/install/mg400_node:/root/ros2_ws/install/mg400_plugin:/root/ros2_ws/install/mg400_plugin_base:/root/ros2_ws/install/mg400_joy:/root/ros2_ws/install/mg400_interface:/root/ros2_ws/install/p9n_interface:/root/ros2_ws/install/mg400_msgs:/root/ros2_ws/install/mg400_description:/root/ros2_ws/install/mg400_common'}, 'shell': False}
[2.302828] (-) TimerEvent: {}
[2.392823] (mg400_bringup) StdoutLine: {'line': b'running develop\n'}
[2.402933] (-) TimerEvent: {}
[2.487421] (mg400_bringup) StdoutLine: {'line': b'running egg_info\n'}
[2.487712] (mg400_bringup) StdoutLine: {'line': b'writing mg400_bringup.egg-info/PKG-INFO\n'}
[2.487990] (mg400_bringup) StdoutLine: {'line': b'writing dependency_links to mg400_bringup.egg-info/dependency_links.txt\n'}
[2.488127] (mg400_bringup) StdoutLine: {'line': b'writing entry points to mg400_bringup.egg-info/entry_points.txt\n'}
[2.488234] (mg400_bringup) StdoutLine: {'line': b'writing requirements to mg400_bringup.egg-info/requires.txt\n'}
[2.488331] (mg400_bringup) StdoutLine: {'line': b'writing top-level names to mg400_bringup.egg-info/top_level.txt\n'}
[2.489115] (mg400_bringup) StdoutLine: {'line': b"reading manifest file 'mg400_bringup.egg-info/SOURCES.txt'\n"}
[2.489694] (mg400_bringup) StdoutLine: {'line': b"writing manifest file 'mg400_bringup.egg-info/SOURCES.txt'\n"}
[2.490644] (mg400_bringup) StdoutLine: {'line': b'running build_ext\n'}
[2.490811] (mg400_bringup) StdoutLine: {'line': b'Creating /root/ros2_ws/install/mg400_bringup/lib/python3.10/site-packages/mg400-bringup.egg-link (link to .)\n'}
[2.491410] (mg400_bringup) StdoutLine: {'line': b'\n'}
[2.491498] (mg400_bringup) StdoutLine: {'line': b'Installed /root/ros2_ws/build/mg400_bringup\n'}
[2.491548] (mg400_bringup) StdoutLine: {'line': b'running symlink_data\n'}
[2.503038] (-) TimerEvent: {}
[2.517239] (mg400_bringup) CommandEnded: {'returncode': 0}
[2.524026] (mg400_bringup) JobEnded: {'identifier': 'mg400_bringup', 'rc': 0}
[2.525224] (mg400) JobStarted: {'identifier': 'mg400'}
[2.548918] (mg400) JobProgress: {'identifier': 'mg400', 'progress': 'cmake'}
[2.549511] (mg400) JobProgress: {'identifier': 'mg400', 'progress': 'build'}
[2.550210] (mg400) Command: {'cmd': ['/usr/bin/cmake', '--build', '/root/ros2_ws/build/mg400', '--', '-j16', '-l16'], 'cwd': '/root/ros2_ws/build/mg400', 'env': OrderedDict([('HOSTNAME', 'zzz-2404'), ('SHLVL', '1'), ('LD_LIBRARY_PATH', '/root/ros2_ws/install/mg400_node/lib:/root/ros2_ws/install/mg400_plugin/lib:/root/ros2_ws/install/mg400_joy/lib:/root/ros2_ws/install/mg400_interface/lib:/root/ros2_ws/install/p9n_interface/lib:/root/ros2_ws/install/mg400_msgs/lib:/root/ros2_ws/install/mg400_common/lib:/opt/ros/humble/opt/rviz_ogre_vendor/lib:/opt/ros/humble/lib/x86_64-linux-gnu:/opt/ros/humble/lib'), ('HOME', '/root'), ('OLDPWD', '/root/ros2_ws'), ('ROS_PYTHON_VERSION', '3'), ('ROS_DISTRO', 'humble'), ('_', '/usr/bin/colcon'), ('ROS_VERSION', '2'), ('TERM', 'xterm'), ('ROS_LOCALHOST_ONLY', '0'), ('PATH', '/opt/ros/humble/bin:/usr/local/sbin:/usr/local/bin:/usr/sbin:/usr/bin:/sbin:/bin'), ('LANG', 'C.UTF-8'), ('LS_COLORS', 'rs=0:di=01;34:ln=01;36:mh=00:pi=40;33:so=01;35:do=01;35:bd=40;33;01:cd=40;33;01:or=40;31;01:mi=00:su=37;41:sg=30;43:ca=30;41:tw=30;42:ow=34;42:st=37;44:ex=01;32:*.tar=01;31:*.tgz=01;31:*.arc=01;31:*.arj=01;31:*.taz=01;31:*.lha=01;31:*.lz4=01;31:*.lzh=01;31:*.lzma=01;31:*.tlz=01;31:*.txz=01;31:*.tzo=01;31:*.t7z=01;31:*.zip=01;31:*.z=01;31:*.dz=01;31:*.gz=01;31:*.lrz=01;31:*.lz=01;31:*.lzo=01;31:*.xz=01;31:*.zst=01;31:*.tzst=01;31:*.bz2=01;31:*.bz=01;31:*.tbz=01;31:*.tbz2=01;31:*.tz=01;31:*.deb=01;31:*.rpm=01;31:*.jar=01;31:*.war=01;31:*.ear=01;31:*.sar=01;31:*.rar=01;31:*.alz=01;31:*.ace=01;31:*.zoo=01;31:*.cpio=01;31:*.7z=01;31:*.rz=01;31:*.cab=01;31:*.wim=01;31:*.swm=01;31:*.dwm=01;31:*.esd=01;31:*.jpg=01;35:*.jpeg=01;35:*.mjpg=01;35:*.mjpeg=01;35:*.gif=01;35:*.bmp=01;35:*.pbm=01;35:*.pgm=01;35:*.ppm=01;35:*.tga=01;35:*.xbm=01;35:*.xpm=01;35:*.tif=01;35:*.tiff=01;35:*.png=01;35:*.svg=01;35:*.svgz=01;35:*.mng=01;35:*.pcx=01;35:*.mov=01;35:*.mpg=01;35:*.mpeg=01;35:*.m2v=01;35:*.mkv=01;35:*.webm=01;35:*.webp=01;35:*.ogm=01;35:*.mp4=01;35:*.m4v=01;35:*.mp4v=01;35:*.vob=01;35:*.qt=01;35:*.nuv=01;35:*.wmv=01;35:*.asf=01;35:*.rm=01;35:*.rmvb=01;35:*.flc=01;35:*.avi=01;35:*.fli=01;35:*.flv=01;35:*.gl=01;35:*.dl=01;35:*.xcf=01;35:*.xwd=01;35:*.yuv=01;35:*.cgm=01;35:*.emf=01;35:*.ogv=01;35:*.ogx=01;35:*.aac=00;36:*.au=00;36:*.flac=00;36:*.m4a=00;36:*.mid=00;36:*.midi=00;36:*.mka=00;36:*.mp3=00;36:*.mpc=00;36:*.ogg=00;36:*.ra=00;36:*.wav=00;36:*.oga=00;36:*.opus=00;36:*.spx=00;36:*.xspf=00;36:'), ('AMENT_PREFIX_PATH', '/root/ros2_ws/install/mg400_bringup:/root/ros2_ws/install/mg400_node:/root/ros2_ws/install/mg400_plugin:/root/ros2_ws/install/mg400_plugin_base:/root/ros2_ws/install/mg400_joy:/root/ros2_ws/install/mg400_interface:/root/ros2_ws/install/p9n_interface:/root/ros2_ws/install/mg400_msgs:/root/ros2_ws/install/mg400_description:/root/ros2_ws/install/mg400_common:/opt/ros/humble'), ('PWD', '/root/ros2_ws/build/mg400'), ('LC_ALL', 'C.UTF-8'), ('PYTHONPATH', '/root/ros2_ws/build/mg400_bringup:/root/ros2_ws/install/mg400_bringup/lib/python3.10/site-packages:/root/ros2_ws/install/mg400_msgs/local/lib/python3.10/dist-packages:/opt/ros/humble/lib/python3.10/site-packages:/opt/ros/humble/local/lib/python3.10/dist-packages'), ('COLCON', '1'), ('CMAKE_PREFIX_PATH', '/root/ros2_ws/install/mg400_node:/root/ros2_ws/install/mg400_plugin:/root/ros2_ws/install/mg400_plugin_base:/root/ros2_ws/install/mg400_joy:/root/ros2_ws/install/mg400_interface:/root/ros2_ws/install/p9n_interface:/root/ros2_ws/install/mg400_msgs:/root/ros2_ws/install/mg400_description:/root/ros2_ws/install/mg400_common:/opt/ros/humble')]), 'shell': False}
[2.588687] (mg400) CommandEnded: {'returncode': 0}
[2.589303] (mg400) JobProgress: {'identifier': 'mg400', 'progress': 'install'}
[2.589453] (mg400) Command: {'cmd': ['/usr/bin/cmake', '--install', '/root/ros2_ws/build/mg400'], 'cwd': '/root/ros2_ws/build/mg400', 'env': OrderedDict([('HOSTNAME', 'zzz-2404'), ('SHLVL', '1'), ('LD_LIBRARY_PATH', '/root/ros2_ws/install/mg400_node/lib:/root/ros2_ws/install/mg400_plugin/lib:/root/ros2_ws/install/mg400_joy/lib:/root/ros2_ws/install/mg400_interface/lib:/root/ros2_ws/install/p9n_interface/lib:/root/ros2_ws/install/mg400_msgs/lib:/root/ros2_ws/install/mg400_common/lib:/opt/ros/humble/opt/rviz_ogre_vendor/lib:/opt/ros/humble/lib/x86_64-linux-gnu:/opt/ros/humble/lib'), ('HOME', '/root'), ('OLDPWD', '/root/ros2_ws'), ('ROS_PYTHON_VERSION', '3'), ('ROS_DISTRO', 'humble'), ('_', '/usr/bin/colcon'), ('ROS_VERSION', '2'), ('TERM', 'xterm'), ('ROS_LOCALHOST_ONLY', '0'), ('PATH', '/opt/ros/humble/bin:/usr/local/sbin:/usr/local/bin:/usr/sbin:/usr/bin:/sbin:/bin'), ('LANG', 'C.UTF-8'), ('LS_COLORS', 'rs=0:di=01;34:ln=01;36:mh=00:pi=40;33:so=01;35:do=01;35:bd=40;33;01:cd=40;33;01:or=40;31;01:mi=00:su=37;41:sg=30;43:ca=30;41:tw=30;42:ow=34;42:st=37;44:ex=01;32:*.tar=01;31:*.tgz=01;31:*.arc=01;31:*.arj=01;31:*.taz=01;31:*.lha=01;31:*.lz4=01;31:*.lzh=01;31:*.lzma=01;31:*.tlz=01;31:*.txz=01;31:*.tzo=01;31:*.t7z=01;31:*.zip=01;31:*.z=01;31:*.dz=01;31:*.gz=01;31:*.lrz=01;31:*.lz=01;31:*.lzo=01;31:*.xz=01;31:*.zst=01;31:*.tzst=01;31:*.bz2=01;31:*.bz=01;31:*.tbz=01;31:*.tbz2=01;31:*.tz=01;31:*.deb=01;31:*.rpm=01;31:*.jar=01;31:*.war=01;31:*.ear=01;31:*.sar=01;31:*.rar=01;31:*.alz=01;31:*.ace=01;31:*.zoo=01;31:*.cpio=01;31:*.7z=01;31:*.rz=01;31:*.cab=01;31:*.wim=01;31:*.swm=01;31:*.dwm=01;31:*.esd=01;31:*.jpg=01;35:*.jpeg=01;35:*.mjpg=01;35:*.mjpeg=01;35:*.gif=01;35:*.bmp=01;35:*.pbm=01;35:*.pgm=01;35:*.ppm=01;35:*.tga=01;35:*.xbm=01;35:*.xpm=01;35:*.tif=01;35:*.tiff=01;35:*.png=01;35:*.svg=01;35:*.svgz=01;35:*.mng=01;35:*.pcx=01;35:*.mov=01;35:*.mpg=01;35:*.mpeg=01;35:*.m2v=01;35:*.mkv=01;35:*.webm=01;35:*.webp=01;35:*.ogm=01;35:*.mp4=01;35:*.m4v=01;35:*.mp4v=01;35:*.vob=01;35:*.qt=01;35:*.nuv=01;35:*.wmv=01;35:*.asf=01;35:*.rm=01;35:*.rmvb=01;35:*.flc=01;35:*.avi=01;35:*.fli=01;35:*.flv=01;35:*.gl=01;35:*.dl=01;35:*.xcf=01;35:*.xwd=01;35:*.yuv=01;35:*.cgm=01;35:*.emf=01;35:*.ogv=01;35:*.ogx=01;35:*.aac=00;36:*.au=00;36:*.flac=00;36:*.m4a=00;36:*.mid=00;36:*.midi=00;36:*.mka=00;36:*.mp3=00;36:*.mpc=00;36:*.ogg=00;36:*.ra=00;36:*.wav=00;36:*.oga=00;36:*.opus=00;36:*.spx=00;36:*.xspf=00;36:'), ('AMENT_PREFIX_PATH', '/root/ros2_ws/install/mg400_bringup:/root/ros2_ws/install/mg400_node:/root/ros2_ws/install/mg400_plugin:/root/ros2_ws/install/mg400_plugin_base:/root/ros2_ws/install/mg400_joy:/root/ros2_ws/install/mg400_interface:/root/ros2_ws/install/p9n_interface:/root/ros2_ws/install/mg400_msgs:/root/ros2_ws/install/mg400_description:/root/ros2_ws/install/mg400_common:/opt/ros/humble'), ('PWD', '/root/ros2_ws/build/mg400'), ('LC_ALL', 'C.UTF-8'), ('PYTHONPATH', '/root/ros2_ws/build/mg400_bringup:/root/ros2_ws/install/mg400_bringup/lib/python3.10/site-packages:/root/ros2_ws/install/mg400_msgs/local/lib/python3.10/dist-packages:/opt/ros/humble/lib/python3.10/site-packages:/opt/ros/humble/local/lib/python3.10/dist-packages'), ('COLCON', '1'), ('CMAKE_PREFIX_PATH', '/root/ros2_ws/install/mg400_node:/root/ros2_ws/install/mg400_plugin:/root/ros2_ws/install/mg400_plugin_base:/root/ros2_ws/install/mg400_joy:/root/ros2_ws/install/mg400_interface:/root/ros2_ws/install/p9n_interface:/root/ros2_ws/install/mg400_msgs:/root/ros2_ws/install/mg400_description:/root/ros2_ws/install/mg400_common:/opt/ros/humble')]), 'shell': False}
[2.597256] (mg400) StdoutLine: {'line': b'-- Install configuration: ""\n'}
[2.597619] (mg400) StdoutLine: {'line': b'-- Execute custom install script\n'}
[2.597795] (mg400) StdoutLine: {'line': b'-- Up-to-date symlink: /root/ros2_ws/install/mg400/share/ament_index/resource_index/package_run_dependencies/mg400\n'}
[2.597950] (mg400) StdoutLine: {'line': b'-- Up-to-date symlink: /root/ros2_ws/install/mg400/share/ament_index/resource_index/parent_prefix_path/mg400\n'}
[2.598070] (mg400) StdoutLine: {'line': b'-- Up-to-date symlink: /root/ros2_ws/install/mg400/share/mg400/environment/ament_prefix_path.sh\n'}
[2.598195] (mg400) StdoutLine: {'line': b'-- Up-to-date symlink: /root/ros2_ws/install/mg400/share/mg400/environment/ament_prefix_path.dsv\n'}
[2.598321] (mg400) StdoutLine: {'line': b'-- Up-to-date symlink: /root/ros2_ws/install/mg400/share/mg400/environment/path.sh\n'}
[2.598437] (mg400) StdoutLine: {'line': b'-- Up-to-date symlink: /root/ros2_ws/install/mg400/share/mg400/environment/path.dsv\n'}
[2.598499] (mg400) StdoutLine: {'line': b'-- Up-to-date symlink: /root/ros2_ws/install/mg400/share/mg400/local_setup.bash\n'}
[2.598598] (mg400) StdoutLine: {'line': b'-- Up-to-date symlink: /root/ros2_ws/install/mg400/share/mg400/local_setup.sh\n'}
[2.598725] (mg400) StdoutLine: {'line': b'-- Up-to-date symlink: /root/ros2_ws/install/mg400/share/mg400/local_setup.zsh\n'}
[2.598863] (mg400) StdoutLine: {'line': b'-- Up-to-date symlink: /root/ros2_ws/install/mg400/share/mg400/local_setup.dsv\n'}
[2.598952] (mg400) StdoutLine: {'line': b'-- Symlinking: /root/ros2_ws/install/mg400/share/mg400/package.dsv\n'}
[2.603097] (-) TimerEvent: {}
[2.607334] (mg400) StdoutLine: {'line': b'-- Up-to-date symlink: /root/ros2_ws/install/mg400/share/ament_index/resource_index/packages/mg400\n'}
[2.607588] (mg400) StdoutLine: {'line': b'-- Up-to-date symlink: /root/ros2_ws/install/mg400/share/mg400/cmake/mg400Config.cmake\n'}
[2.607754] (mg400) StdoutLine: {'line': b'-- Up-to-date symlink: /root/ros2_ws/install/mg400/share/mg400/cmake/mg400Config-version.cmake\n'}
[2.607853] (mg400) StdoutLine: {'line': b'-- Up-to-date symlink: /root/ros2_ws/install/mg400/share/mg400/package.xml\n'}
[2.609446] (mg400) CommandEnded: {'returncode': 0}
[2.618459] (mg400) JobEnded: {'identifier': 'mg400', 'rc': 0}
[2.619167] (-) EventReactorShutdown: {}
