[0.153s] DEBUG:colcon:Command line arguments: ['/usr/bin/colcon', 'build', '--symlink-install']
[0.153s] DEBUG:colcon:Parsed command line arguments: Namespace(log_base=None, log_level=None, verb_name='build', build_base='build', install_base='install', merge_install=False, symlink_install=True, test_result_base=None, continue_on_error=False, executor='parallel', parallel_workers=16, event_handlers=None, ignore_user_meta=False, metas=['./colcon.meta'], base_paths=['.'], packages_ignore=None, packages_ignore_regex=None, paths=None, packages_up_to=None, packages_up_to_regex=None, packages_above=None, packages_above_and_dependencies=None, packages_above_depth=None, packages_select_by_dep=None, packages_skip_by_dep=None, packages_skip_up_to=None, packages_select_build_failed=False, packages_skip_build_finished=False, packages_select_test_failures=False, packages_skip_test_passed=False, packages_select=None, packages_skip=None, packages_select_regex=None, packages_skip_regex=None, packages_start=None, packages_end=None, cmake_args=None, cmake_target=None, cmake_target_skip_unavailable=False, cmake_clean_cache=False, cmake_clean_first=False, cmake_force_configure=False, ament_cmake_args=None, catkin_cmake_args=None, catkin_skip_building_tests=False, mixin_files=None, mixin=None, verb_parser=<colcon_mixin.mixin.mixin_argument.MixinArgumentDecorator object at 0x706dc48a3a30>, verb_extension=<colcon_core.verb.build.BuildVerb object at 0x706dc48a3580>, main=<bound method BuildVerb.main of <colcon_core.verb.build.BuildVerb object at 0x706dc48a3580>>, mixin_verb=('build',))
[0.308s] Level 1:colcon.colcon_core.package_discovery:discover_packages(colcon_meta) check parameters
[0.309s] INFO:colcon.colcon_metadata.package_discovery.colcon_meta:Using configuration from '/root/.colcon/metadata/default/Gazebo.meta'
[0.310s] INFO:colcon.colcon_metadata.package_discovery.colcon_meta:Using configuration from '/root/.colcon/metadata/default/fastdds.meta'
[0.310s] INFO:colcon.colcon_metadata.package_discovery.colcon_meta:Using configuration from '/root/.colcon/metadata/default/fastrtps.meta'
[0.311s] Level 1:colcon.colcon_core.package_discovery:discover_packages(recursive) check parameters
[0.311s] Level 1:colcon.colcon_core.package_discovery:discover_packages(ignore) check parameters
[0.311s] Level 1:colcon.colcon_core.package_discovery:discover_packages(path) check parameters
[0.311s] Level 1:colcon.colcon_core.package_discovery:discover_packages(colcon_meta) discover
[0.311s] Level 1:colcon.colcon_core.package_discovery:discover_packages(recursive) discover
[0.311s] INFO:colcon.colcon_core.package_discovery:Crawling recursively for packages in '/root/ros2_ws'
[0.311s] Level 1:colcon.colcon_core.package_identification:_identify(.) by extensions ['ignore', 'ignore_ament_install']
[0.311s] Level 1:colcon.colcon_core.package_identification:_identify(.) by extension 'ignore'
[0.311s] Level 1:colcon.colcon_core.package_identification:_identify(.) by extension 'ignore_ament_install'
[0.311s] Level 1:colcon.colcon_core.package_identification:_identify(.) by extensions ['colcon_pkg']
[0.312s] Level 1:colcon.colcon_core.package_identification:_identify(.) by extension 'colcon_pkg'
[0.312s] Level 1:colcon.colcon_core.package_identification:_identify(.) by extensions ['colcon_meta']
[0.312s] Level 1:colcon.colcon_core.package_identification:_identify(.) by extension 'colcon_meta'
[0.312s] Level 1:colcon.colcon_core.package_identification:_identify(.) by extensions ['ros']
[0.312s] Level 1:colcon.colcon_core.package_identification:_identify(.) by extension 'ros'
[0.323s] Level 1:colcon.colcon_core.package_identification:_identify(.) by extensions ['cmake', 'python']
[0.323s] Level 1:colcon.colcon_core.package_identification:_identify(.) by extension 'cmake'
[0.323s] Level 1:colcon.colcon_core.package_identification:_identify(.) by extension 'python'
[0.324s] Level 1:colcon.colcon_core.package_identification:_identify(.) by extensions ['python_setup_py']
[0.324s] Level 1:colcon.colcon_core.package_identification:_identify(.) by extension 'python_setup_py'
[0.324s] Level 1:colcon.colcon_core.package_identification:_identify(build) by extensions ['ignore', 'ignore_ament_install']
[0.324s] Level 1:colcon.colcon_core.package_identification:_identify(build) by extension 'ignore'
[0.324s] Level 1:colcon.colcon_core.package_identification:_identify(build) ignored
[0.324s] Level 1:colcon.colcon_core.package_identification:_identify(install) by extensions ['ignore', 'ignore_ament_install']
[0.324s] Level 1:colcon.colcon_core.package_identification:_identify(install) by extension 'ignore'
[0.324s] Level 1:colcon.colcon_core.package_identification:_identify(install) ignored
[0.324s] Level 1:colcon.colcon_core.package_identification:_identify(log) by extensions ['ignore', 'ignore_ament_install']
[0.324s] Level 1:colcon.colcon_core.package_identification:_identify(log) by extension 'ignore'
[0.324s] Level 1:colcon.colcon_core.package_identification:_identify(log) ignored
[0.324s] Level 1:colcon.colcon_core.package_identification:_identify(src) by extensions ['ignore', 'ignore_ament_install']
[0.325s] Level 1:colcon.colcon_core.package_identification:_identify(src) by extension 'ignore'
[0.325s] Level 1:colcon.colcon_core.package_identification:_identify(src) by extension 'ignore_ament_install'
[0.325s] Level 1:colcon.colcon_core.package_identification:_identify(src) by extensions ['colcon_pkg']
[0.325s] Level 1:colcon.colcon_core.package_identification:_identify(src) by extension 'colcon_pkg'
[0.325s] Level 1:colcon.colcon_core.package_identification:_identify(src) by extensions ['colcon_meta']
[0.325s] Level 1:colcon.colcon_core.package_identification:_identify(src) by extension 'colcon_meta'
[0.325s] Level 1:colcon.colcon_core.package_identification:_identify(src) by extensions ['ros']
[0.325s] Level 1:colcon.colcon_core.package_identification:_identify(src) by extension 'ros'
[0.325s] Level 1:colcon.colcon_core.package_identification:_identify(src) by extensions ['cmake', 'python']
[0.325s] Level 1:colcon.colcon_core.package_identification:_identify(src) by extension 'cmake'
[0.325s] Level 1:colcon.colcon_core.package_identification:_identify(src) by extension 'python'
[0.325s] Level 1:colcon.colcon_core.package_identification:_identify(src) by extensions ['python_setup_py']
[0.325s] Level 1:colcon.colcon_core.package_identification:_identify(src) by extension 'python_setup_py'
[0.325s] Level 1:colcon.colcon_core.package_identification:_identify(src/MG400_ROS2) by extensions ['ignore', 'ignore_ament_install']
[0.325s] Level 1:colcon.colcon_core.package_identification:_identify(src/MG400_ROS2) by extension 'ignore'
[0.325s] Level 1:colcon.colcon_core.package_identification:_identify(src/MG400_ROS2) by extension 'ignore_ament_install'
[0.326s] Level 1:colcon.colcon_core.package_identification:_identify(src/MG400_ROS2) by extensions ['colcon_pkg']
[0.326s] Level 1:colcon.colcon_core.package_identification:_identify(src/MG400_ROS2) by extension 'colcon_pkg'
[0.326s] Level 1:colcon.colcon_core.package_identification:_identify(src/MG400_ROS2) by extensions ['colcon_meta']
[0.326s] Level 1:colcon.colcon_core.package_identification:_identify(src/MG400_ROS2) by extension 'colcon_meta'
[0.326s] Level 1:colcon.colcon_core.package_identification:_identify(src/MG400_ROS2) by extensions ['ros']
[0.326s] Level 1:colcon.colcon_core.package_identification:_identify(src/MG400_ROS2) by extension 'ros'
[0.326s] Level 1:colcon.colcon_core.package_identification:_identify(src/MG400_ROS2) by extensions ['cmake', 'python']
[0.326s] Level 1:colcon.colcon_core.package_identification:_identify(src/MG400_ROS2) by extension 'cmake'
[0.326s] Level 1:colcon.colcon_core.package_identification:_identify(src/MG400_ROS2) by extension 'python'
[0.326s] Level 1:colcon.colcon_core.package_identification:_identify(src/MG400_ROS2) by extensions ['python_setup_py']
[0.326s] Level 1:colcon.colcon_core.package_identification:_identify(src/MG400_ROS2) by extension 'python_setup_py'
[0.326s] Level 1:colcon.colcon_core.package_identification:_identify(src/MG400_ROS2/doc) by extensions ['ignore', 'ignore_ament_install']
[0.326s] Level 1:colcon.colcon_core.package_identification:_identify(src/MG400_ROS2/doc) by extension 'ignore'
[0.326s] Level 1:colcon.colcon_core.package_identification:_identify(src/MG400_ROS2/doc) by extension 'ignore_ament_install'
[0.326s] Level 1:colcon.colcon_core.package_identification:_identify(src/MG400_ROS2/doc) by extensions ['colcon_pkg']
[0.326s] Level 1:colcon.colcon_core.package_identification:_identify(src/MG400_ROS2/doc) by extension 'colcon_pkg'
[0.326s] Level 1:colcon.colcon_core.package_identification:_identify(src/MG400_ROS2/doc) by extensions ['colcon_meta']
[0.326s] Level 1:colcon.colcon_core.package_identification:_identify(src/MG400_ROS2/doc) by extension 'colcon_meta'
[0.326s] Level 1:colcon.colcon_core.package_identification:_identify(src/MG400_ROS2/doc) by extensions ['ros']
[0.327s] Level 1:colcon.colcon_core.package_identification:_identify(src/MG400_ROS2/doc) by extension 'ros'
[0.327s] Level 1:colcon.colcon_core.package_identification:_identify(src/MG400_ROS2/doc) by extensions ['cmake', 'python']
[0.327s] Level 1:colcon.colcon_core.package_identification:_identify(src/MG400_ROS2/doc) by extension 'cmake'
[0.327s] Level 1:colcon.colcon_core.package_identification:_identify(src/MG400_ROS2/doc) by extension 'python'
[0.327s] Level 1:colcon.colcon_core.package_identification:_identify(src/MG400_ROS2/doc) by extensions ['python_setup_py']
[0.327s] Level 1:colcon.colcon_core.package_identification:_identify(src/MG400_ROS2/doc) by extension 'python_setup_py'
[0.327s] Level 1:colcon.colcon_core.package_identification:_identify(src/MG400_ROS2/media) by extensions ['ignore', 'ignore_ament_install']
[0.327s] Level 1:colcon.colcon_core.package_identification:_identify(src/MG400_ROS2/media) by extension 'ignore'
[0.327s] Level 1:colcon.colcon_core.package_identification:_identify(src/MG400_ROS2/media) by extension 'ignore_ament_install'
[0.327s] Level 1:colcon.colcon_core.package_identification:_identify(src/MG400_ROS2/media) by extensions ['colcon_pkg']
[0.327s] Level 1:colcon.colcon_core.package_identification:_identify(src/MG400_ROS2/media) by extension 'colcon_pkg'
[0.327s] Level 1:colcon.colcon_core.package_identification:_identify(src/MG400_ROS2/media) by extensions ['colcon_meta']
[0.327s] Level 1:colcon.colcon_core.package_identification:_identify(src/MG400_ROS2/media) by extension 'colcon_meta'
[0.327s] Level 1:colcon.colcon_core.package_identification:_identify(src/MG400_ROS2/media) by extensions ['ros']
[0.327s] Level 1:colcon.colcon_core.package_identification:_identify(src/MG400_ROS2/media) by extension 'ros'
[0.327s] Level 1:colcon.colcon_core.package_identification:_identify(src/MG400_ROS2/media) by extensions ['cmake', 'python']
[0.327s] Level 1:colcon.colcon_core.package_identification:_identify(src/MG400_ROS2/media) by extension 'cmake'
[0.327s] Level 1:colcon.colcon_core.package_identification:_identify(src/MG400_ROS2/media) by extension 'python'
[0.328s] Level 1:colcon.colcon_core.package_identification:_identify(src/MG400_ROS2/media) by extensions ['python_setup_py']
[0.328s] Level 1:colcon.colcon_core.package_identification:_identify(src/MG400_ROS2/media) by extension 'python_setup_py'
[0.328s] Level 1:colcon.colcon_core.package_identification:_identify(src/MG400_ROS2/mg400) by extensions ['ignore', 'ignore_ament_install']
[0.328s] Level 1:colcon.colcon_core.package_identification:_identify(src/MG400_ROS2/mg400) by extension 'ignore'
[0.328s] Level 1:colcon.colcon_core.package_identification:_identify(src/MG400_ROS2/mg400) by extension 'ignore_ament_install'
[0.328s] Level 1:colcon.colcon_core.package_identification:_identify(src/MG400_ROS2/mg400) by extensions ['colcon_pkg']
[0.328s] Level 1:colcon.colcon_core.package_identification:_identify(src/MG400_ROS2/mg400) by extension 'colcon_pkg'
[0.328s] Level 1:colcon.colcon_core.package_identification:_identify(src/MG400_ROS2/mg400) by extensions ['colcon_meta']
[0.328s] Level 1:colcon.colcon_core.package_identification:_identify(src/MG400_ROS2/mg400) by extension 'colcon_meta'
[0.328s] Level 1:colcon.colcon_core.package_identification:_identify(src/MG400_ROS2/mg400) by extensions ['ros']
[0.328s] Level 1:colcon.colcon_core.package_identification:_identify(src/MG400_ROS2/mg400) by extension 'ros'
[0.331s] DEBUG:colcon.colcon_core.package_identification:Package 'src/MG400_ROS2/mg400' with type 'ros.ament_cmake' and name 'mg400'
[0.331s] Level 1:colcon.colcon_core.package_identification:_identify(src/MG400_ROS2/mg400_bringup) by extensions ['ignore', 'ignore_ament_install']
[0.331s] Level 1:colcon.colcon_core.package_identification:_identify(src/MG400_ROS2/mg400_bringup) by extension 'ignore'
[0.331s] Level 1:colcon.colcon_core.package_identification:_identify(src/MG400_ROS2/mg400_bringup) by extension 'ignore_ament_install'
[0.331s] Level 1:colcon.colcon_core.package_identification:_identify(src/MG400_ROS2/mg400_bringup) by extensions ['colcon_pkg']
[0.331s] Level 1:colcon.colcon_core.package_identification:_identify(src/MG400_ROS2/mg400_bringup) by extension 'colcon_pkg'
[0.331s] Level 1:colcon.colcon_core.package_identification:_identify(src/MG400_ROS2/mg400_bringup) by extensions ['colcon_meta']
[0.331s] Level 1:colcon.colcon_core.package_identification:_identify(src/MG400_ROS2/mg400_bringup) by extension 'colcon_meta'
[0.332s] Level 1:colcon.colcon_core.package_identification:_identify(src/MG400_ROS2/mg400_bringup) by extensions ['ros']
[0.332s] Level 1:colcon.colcon_core.package_identification:_identify(src/MG400_ROS2/mg400_bringup) by extension 'ros'
[0.332s] DEBUG:colcon.colcon_core.package_identification:Package 'src/MG400_ROS2/mg400_bringup' with type 'ros.ament_python' and name 'mg400_bringup'
[0.332s] Level 1:colcon.colcon_core.package_identification:_identify(src/MG400_ROS2/mg400_common) by extensions ['ignore', 'ignore_ament_install']
[0.332s] Level 1:colcon.colcon_core.package_identification:_identify(src/MG400_ROS2/mg400_common) by extension 'ignore'
[0.333s] Level 1:colcon.colcon_core.package_identification:_identify(src/MG400_ROS2/mg400_common) by extension 'ignore_ament_install'
[0.333s] Level 1:colcon.colcon_core.package_identification:_identify(src/MG400_ROS2/mg400_common) by extensions ['colcon_pkg']
[0.333s] Level 1:colcon.colcon_core.package_identification:_identify(src/MG400_ROS2/mg400_common) by extension 'colcon_pkg'
[0.333s] Level 1:colcon.colcon_core.package_identification:_identify(src/MG400_ROS2/mg400_common) by extensions ['colcon_meta']
[0.333s] Level 1:colcon.colcon_core.package_identification:_identify(src/MG400_ROS2/mg400_common) by extension 'colcon_meta'
[0.333s] Level 1:colcon.colcon_core.package_identification:_identify(src/MG400_ROS2/mg400_common) by extensions ['ros']
[0.333s] Level 1:colcon.colcon_core.package_identification:_identify(src/MG400_ROS2/mg400_common) by extension 'ros'
[0.333s] DEBUG:colcon.colcon_core.package_identification:Package 'src/MG400_ROS2/mg400_common' with type 'ros.ament_cmake' and name 'mg400_common'
[0.334s] Level 1:colcon.colcon_core.package_identification:_identify(src/MG400_ROS2/mg400_description) by extensions ['ignore', 'ignore_ament_install']
[0.334s] Level 1:colcon.colcon_core.package_identification:_identify(src/MG400_ROS2/mg400_description) by extension 'ignore'
[0.334s] Level 1:colcon.colcon_core.package_identification:_identify(src/MG400_ROS2/mg400_description) by extension 'ignore_ament_install'
[0.334s] Level 1:colcon.colcon_core.package_identification:_identify(src/MG400_ROS2/mg400_description) by extensions ['colcon_pkg']
[0.334s] Level 1:colcon.colcon_core.package_identification:_identify(src/MG400_ROS2/mg400_description) by extension 'colcon_pkg'
[0.334s] Level 1:colcon.colcon_core.package_identification:_identify(src/MG400_ROS2/mg400_description) by extensions ['colcon_meta']
[0.334s] Level 1:colcon.colcon_core.package_identification:_identify(src/MG400_ROS2/mg400_description) by extension 'colcon_meta'
[0.334s] Level 1:colcon.colcon_core.package_identification:_identify(src/MG400_ROS2/mg400_description) by extensions ['ros']
[0.334s] Level 1:colcon.colcon_core.package_identification:_identify(src/MG400_ROS2/mg400_description) by extension 'ros'
[0.335s] DEBUG:colcon.colcon_core.package_identification:Package 'src/MG400_ROS2/mg400_description' with type 'ros.ament_cmake' and name 'mg400_description'
[0.335s] Level 1:colcon.colcon_core.package_identification:_identify(src/MG400_ROS2/mg400_interface) by extensions ['ignore', 'ignore_ament_install']
[0.335s] Level 1:colcon.colcon_core.package_identification:_identify(src/MG400_ROS2/mg400_interface) by extension 'ignore'
[0.335s] Level 1:colcon.colcon_core.package_identification:_identify(src/MG400_ROS2/mg400_interface) by extension 'ignore_ament_install'
[0.335s] Level 1:colcon.colcon_core.package_identification:_identify(src/MG400_ROS2/mg400_interface) by extensions ['colcon_pkg']
[0.335s] Level 1:colcon.colcon_core.package_identification:_identify(src/MG400_ROS2/mg400_interface) by extension 'colcon_pkg'
[0.335s] Level 1:colcon.colcon_core.package_identification:_identify(src/MG400_ROS2/mg400_interface) by extensions ['colcon_meta']
[0.335s] Level 1:colcon.colcon_core.package_identification:_identify(src/MG400_ROS2/mg400_interface) by extension 'colcon_meta'
[0.335s] Level 1:colcon.colcon_core.package_identification:_identify(src/MG400_ROS2/mg400_interface) by extensions ['ros']
[0.335s] Level 1:colcon.colcon_core.package_identification:_identify(src/MG400_ROS2/mg400_interface) by extension 'ros'
[0.336s] DEBUG:colcon.colcon_core.package_identification:Package 'src/MG400_ROS2/mg400_interface' with type 'ros.ament_cmake' and name 'mg400_interface'
[0.337s] Level 1:colcon.colcon_core.package_identification:_identify(src/MG400_ROS2/mg400_joy) by extensions ['ignore', 'ignore_ament_install']
[0.337s] Level 1:colcon.colcon_core.package_identification:_identify(src/MG400_ROS2/mg400_joy) by extension 'ignore'
[0.337s] Level 1:colcon.colcon_core.package_identification:_identify(src/MG400_ROS2/mg400_joy) by extension 'ignore_ament_install'
[0.337s] Level 1:colcon.colcon_core.package_identification:_identify(src/MG400_ROS2/mg400_joy) by extensions ['colcon_pkg']
[0.337s] Level 1:colcon.colcon_core.package_identification:_identify(src/MG400_ROS2/mg400_joy) by extension 'colcon_pkg'
[0.337s] Level 1:colcon.colcon_core.package_identification:_identify(src/MG400_ROS2/mg400_joy) by extensions ['colcon_meta']
[0.337s] Level 1:colcon.colcon_core.package_identification:_identify(src/MG400_ROS2/mg400_joy) by extension 'colcon_meta'
[0.337s] Level 1:colcon.colcon_core.package_identification:_identify(src/MG400_ROS2/mg400_joy) by extensions ['ros']
[0.337s] Level 1:colcon.colcon_core.package_identification:_identify(src/MG400_ROS2/mg400_joy) by extension 'ros'
[0.338s] DEBUG:colcon.colcon_core.package_identification:Package 'src/MG400_ROS2/mg400_joy' with type 'ros.ament_cmake' and name 'mg400_joy'
[0.338s] Level 1:colcon.colcon_core.package_identification:_identify(src/MG400_ROS2/mg400_msgs) by extensions ['ignore', 'ignore_ament_install']
[0.338s] Level 1:colcon.colcon_core.package_identification:_identify(src/MG400_ROS2/mg400_msgs) by extension 'ignore'
[0.338s] Level 1:colcon.colcon_core.package_identification:_identify(src/MG400_ROS2/mg400_msgs) by extension 'ignore_ament_install'
[0.338s] Level 1:colcon.colcon_core.package_identification:_identify(src/MG400_ROS2/mg400_msgs) by extensions ['colcon_pkg']
[0.338s] Level 1:colcon.colcon_core.package_identification:_identify(src/MG400_ROS2/mg400_msgs) by extension 'colcon_pkg'
[0.338s] Level 1:colcon.colcon_core.package_identification:_identify(src/MG400_ROS2/mg400_msgs) by extensions ['colcon_meta']
[0.338s] Level 1:colcon.colcon_core.package_identification:_identify(src/MG400_ROS2/mg400_msgs) by extension 'colcon_meta'
[0.338s] Level 1:colcon.colcon_core.package_identification:_identify(src/MG400_ROS2/mg400_msgs) by extensions ['ros']
[0.338s] Level 1:colcon.colcon_core.package_identification:_identify(src/MG400_ROS2/mg400_msgs) by extension 'ros'
[0.339s] DEBUG:colcon.colcon_core.package_identification:Package 'src/MG400_ROS2/mg400_msgs' with type 'ros.ament_cmake' and name 'mg400_msgs'
[0.339s] Level 1:colcon.colcon_core.package_identification:_identify(src/MG400_ROS2/mg400_node) by extensions ['ignore', 'ignore_ament_install']
[0.340s] Level 1:colcon.colcon_core.package_identification:_identify(src/MG400_ROS2/mg400_node) by extension 'ignore'
[0.340s] Level 1:colcon.colcon_core.package_identification:_identify(src/MG400_ROS2/mg400_node) by extension 'ignore_ament_install'
[0.340s] Level 1:colcon.colcon_core.package_identification:_identify(src/MG400_ROS2/mg400_node) by extensions ['colcon_pkg']
[0.340s] Level 1:colcon.colcon_core.package_identification:_identify(src/MG400_ROS2/mg400_node) by extension 'colcon_pkg'
[0.340s] Level 1:colcon.colcon_core.package_identification:_identify(src/MG400_ROS2/mg400_node) by extensions ['colcon_meta']
[0.340s] Level 1:colcon.colcon_core.package_identification:_identify(src/MG400_ROS2/mg400_node) by extension 'colcon_meta'
[0.340s] Level 1:colcon.colcon_core.package_identification:_identify(src/MG400_ROS2/mg400_node) by extensions ['ros']
[0.340s] Level 1:colcon.colcon_core.package_identification:_identify(src/MG400_ROS2/mg400_node) by extension 'ros'
[0.341s] DEBUG:colcon.colcon_core.package_identification:Package 'src/MG400_ROS2/mg400_node' with type 'ros.ament_cmake' and name 'mg400_node'
[0.341s] Level 1:colcon.colcon_core.package_identification:_identify(src/MG400_ROS2/mg400_plugin) by extensions ['ignore', 'ignore_ament_install']
[0.341s] Level 1:colcon.colcon_core.package_identification:_identify(src/MG400_ROS2/mg400_plugin) by extension 'ignore'
[0.341s] Level 1:colcon.colcon_core.package_identification:_identify(src/MG400_ROS2/mg400_plugin) by extension 'ignore_ament_install'
[0.341s] Level 1:colcon.colcon_core.package_identification:_identify(src/MG400_ROS2/mg400_plugin) by extensions ['colcon_pkg']
[0.341s] Level 1:colcon.colcon_core.package_identification:_identify(src/MG400_ROS2/mg400_plugin) by extension 'colcon_pkg'
[0.341s] Level 1:colcon.colcon_core.package_identification:_identify(src/MG400_ROS2/mg400_plugin) by extensions ['colcon_meta']
[0.341s] Level 1:colcon.colcon_core.package_identification:_identify(src/MG400_ROS2/mg400_plugin) by extension 'colcon_meta'
[0.341s] Level 1:colcon.colcon_core.package_identification:_identify(src/MG400_ROS2/mg400_plugin) by extensions ['ros']
[0.341s] Level 1:colcon.colcon_core.package_identification:_identify(src/MG400_ROS2/mg400_plugin) by extension 'ros'
[0.342s] DEBUG:colcon.colcon_core.package_identification:Package 'src/MG400_ROS2/mg400_plugin' with type 'ros.ament_cmake' and name 'mg400_plugin'
[0.343s] Level 1:colcon.colcon_core.package_identification:_identify(src/MG400_ROS2/mg400_plugin_base) by extensions ['ignore', 'ignore_ament_install']
[0.343s] Level 1:colcon.colcon_core.package_identification:_identify(src/MG400_ROS2/mg400_plugin_base) by extension 'ignore'
[0.343s] Level 1:colcon.colcon_core.package_identification:_identify(src/MG400_ROS2/mg400_plugin_base) by extension 'ignore_ament_install'
[0.343s] Level 1:colcon.colcon_core.package_identification:_identify(src/MG400_ROS2/mg400_plugin_base) by extensions ['colcon_pkg']
[0.343s] Level 1:colcon.colcon_core.package_identification:_identify(src/MG400_ROS2/mg400_plugin_base) by extension 'colcon_pkg'
[0.343s] Level 1:colcon.colcon_core.package_identification:_identify(src/MG400_ROS2/mg400_plugin_base) by extensions ['colcon_meta']
[0.343s] Level 1:colcon.colcon_core.package_identification:_identify(src/MG400_ROS2/mg400_plugin_base) by extension 'colcon_meta'
[0.343s] Level 1:colcon.colcon_core.package_identification:_identify(src/MG400_ROS2/mg400_plugin_base) by extensions ['ros']
[0.343s] Level 1:colcon.colcon_core.package_identification:_identify(src/MG400_ROS2/mg400_plugin_base) by extension 'ros'
[0.344s] DEBUG:colcon.colcon_core.package_identification:Package 'src/MG400_ROS2/mg400_plugin_base' with type 'ros.ament_cmake' and name 'mg400_plugin_base'
[0.344s] Level 1:colcon.colcon_core.package_identification:_identify(src/MG400_ROS2/mg400_rviz_plugin) by extensions ['ignore', 'ignore_ament_install']
[0.344s] Level 1:colcon.colcon_core.package_identification:_identify(src/MG400_ROS2/mg400_rviz_plugin) by extension 'ignore'
[0.344s] Level 1:colcon.colcon_core.package_identification:_identify(src/MG400_ROS2/mg400_rviz_plugin) by extension 'ignore_ament_install'
[0.344s] Level 1:colcon.colcon_core.package_identification:_identify(src/MG400_ROS2/mg400_rviz_plugin) by extensions ['colcon_pkg']
[0.344s] Level 1:colcon.colcon_core.package_identification:_identify(src/MG400_ROS2/mg400_rviz_plugin) by extension 'colcon_pkg'
[0.344s] Level 1:colcon.colcon_core.package_identification:_identify(src/MG400_ROS2/mg400_rviz_plugin) by extensions ['colcon_meta']
[0.344s] Level 1:colcon.colcon_core.package_identification:_identify(src/MG400_ROS2/mg400_rviz_plugin) by extension 'colcon_meta'
[0.344s] Level 1:colcon.colcon_core.package_identification:_identify(src/MG400_ROS2/mg400_rviz_plugin) by extensions ['ros']
[0.344s] Level 1:colcon.colcon_core.package_identification:_identify(src/MG400_ROS2/mg400_rviz_plugin) by extension 'ros'
[0.345s] DEBUG:colcon.colcon_core.package_identification:Package 'src/MG400_ROS2/mg400_rviz_plugin' with type 'ros.ament_cmake' and name 'mg400_rviz_plugin'
[0.346s] Level 1:colcon.colcon_core.package_identification:_identify(src/MG400_ROS2/mg400_tools) by extensions ['ignore', 'ignore_ament_install']
[0.346s] Level 1:colcon.colcon_core.package_identification:_identify(src/MG400_ROS2/mg400_tools) by extension 'ignore'
[0.346s] Level 1:colcon.colcon_core.package_identification:_identify(src/MG400_ROS2/mg400_tools) by extension 'ignore_ament_install'
[0.346s] Level 1:colcon.colcon_core.package_identification:_identify(src/MG400_ROS2/mg400_tools) by extensions ['colcon_pkg']
[0.346s] Level 1:colcon.colcon_core.package_identification:_identify(src/MG400_ROS2/mg400_tools) by extension 'colcon_pkg'
[0.346s] Level 1:colcon.colcon_core.package_identification:_identify(src/MG400_ROS2/mg400_tools) by extensions ['colcon_meta']
[0.346s] Level 1:colcon.colcon_core.package_identification:_identify(src/MG400_ROS2/mg400_tools) by extension 'colcon_meta'
[0.346s] Level 1:colcon.colcon_core.package_identification:_identify(src/MG400_ROS2/mg400_tools) by extensions ['ros']
[0.346s] Level 1:colcon.colcon_core.package_identification:_identify(src/MG400_ROS2/mg400_tools) by extension 'ros'
[0.347s] DEBUG:colcon.colcon_core.package_identification:Package 'src/MG400_ROS2/mg400_tools' with type 'ros.ament_cmake' and name 'mg400_tools'
[0.347s] Level 1:colcon.colcon_core.package_identification:_identify(src/MG400_ROS2/scripts) by extensions ['ignore', 'ignore_ament_install']
[0.347s] Level 1:colcon.colcon_core.package_identification:_identify(src/MG400_ROS2/scripts) by extension 'ignore'
[0.347s] Level 1:colcon.colcon_core.package_identification:_identify(src/MG400_ROS2/scripts) by extension 'ignore_ament_install'
[0.347s] Level 1:colcon.colcon_core.package_identification:_identify(src/MG400_ROS2/scripts) by extensions ['colcon_pkg']
[0.347s] Level 1:colcon.colcon_core.package_identification:_identify(src/MG400_ROS2/scripts) by extension 'colcon_pkg'
[0.347s] Level 1:colcon.colcon_core.package_identification:_identify(src/MG400_ROS2/scripts) by extensions ['colcon_meta']
[0.347s] Level 1:colcon.colcon_core.package_identification:_identify(src/MG400_ROS2/scripts) by extension 'colcon_meta'
[0.348s] Level 1:colcon.colcon_core.package_identification:_identify(src/MG400_ROS2/scripts) by extensions ['ros']
[0.348s] Level 1:colcon.colcon_core.package_identification:_identify(src/MG400_ROS2/scripts) by extension 'ros'
[0.348s] Level 1:colcon.colcon_core.package_identification:_identify(src/MG400_ROS2/scripts) by extensions ['cmake', 'python']
[0.348s] Level 1:colcon.colcon_core.package_identification:_identify(src/MG400_ROS2/scripts) by extension 'cmake'
[0.348s] Level 1:colcon.colcon_core.package_identification:_identify(src/MG400_ROS2/scripts) by extension 'python'
[0.348s] Level 1:colcon.colcon_core.package_identification:_identify(src/MG400_ROS2/scripts) by extensions ['python_setup_py']
[0.348s] Level 1:colcon.colcon_core.package_identification:_identify(src/MG400_ROS2/scripts) by extension 'python_setup_py'
[0.348s] Level 1:colcon.colcon_core.package_identification:_identify(src/PlayStation-JoyInterface-ROS2) by extensions ['ignore', 'ignore_ament_install']
[0.348s] Level 1:colcon.colcon_core.package_identification:_identify(src/PlayStation-JoyInterface-ROS2) by extension 'ignore'
[0.348s] Level 1:colcon.colcon_core.package_identification:_identify(src/PlayStation-JoyInterface-ROS2) by extension 'ignore_ament_install'
[0.348s] Level 1:colcon.colcon_core.package_identification:_identify(src/PlayStation-JoyInterface-ROS2) by extensions ['colcon_pkg']
[0.348s] Level 1:colcon.colcon_core.package_identification:_identify(src/PlayStation-JoyInterface-ROS2) by extension 'colcon_pkg'
[0.348s] Level 1:colcon.colcon_core.package_identification:_identify(src/PlayStation-JoyInterface-ROS2) by extensions ['colcon_meta']
[0.348s] Level 1:colcon.colcon_core.package_identification:_identify(src/PlayStation-JoyInterface-ROS2) by extension 'colcon_meta'
[0.349s] Level 1:colcon.colcon_core.package_identification:_identify(src/PlayStation-JoyInterface-ROS2) by extensions ['ros']
[0.349s] Level 1:colcon.colcon_core.package_identification:_identify(src/PlayStation-JoyInterface-ROS2) by extension 'ros'
[0.349s] Level 1:colcon.colcon_core.package_identification:_identify(src/PlayStation-JoyInterface-ROS2) by extensions ['cmake', 'python']
[0.349s] Level 1:colcon.colcon_core.package_identification:_identify(src/PlayStation-JoyInterface-ROS2) by extension 'cmake'
[0.349s] Level 1:colcon.colcon_core.package_identification:_identify(src/PlayStation-JoyInterface-ROS2) by extension 'python'
[0.349s] Level 1:colcon.colcon_core.package_identification:_identify(src/PlayStation-JoyInterface-ROS2) by extensions ['python_setup_py']
[0.349s] Level 1:colcon.colcon_core.package_identification:_identify(src/PlayStation-JoyInterface-ROS2) by extension 'python_setup_py'
[0.349s] Level 1:colcon.colcon_core.package_identification:_identify(src/PlayStation-JoyInterface-ROS2/media) by extensions ['ignore', 'ignore_ament_install']
[0.349s] Level 1:colcon.colcon_core.package_identification:_identify(src/PlayStation-JoyInterface-ROS2/media) by extension 'ignore'
[0.349s] Level 1:colcon.colcon_core.package_identification:_identify(src/PlayStation-JoyInterface-ROS2/media) by extension 'ignore_ament_install'
[0.349s] Level 1:colcon.colcon_core.package_identification:_identify(src/PlayStation-JoyInterface-ROS2/media) by extensions ['colcon_pkg']
[0.349s] Level 1:colcon.colcon_core.package_identification:_identify(src/PlayStation-JoyInterface-ROS2/media) by extension 'colcon_pkg'
[0.349s] Level 1:colcon.colcon_core.package_identification:_identify(src/PlayStation-JoyInterface-ROS2/media) by extensions ['colcon_meta']
[0.349s] Level 1:colcon.colcon_core.package_identification:_identify(src/PlayStation-JoyInterface-ROS2/media) by extension 'colcon_meta'
[0.350s] Level 1:colcon.colcon_core.package_identification:_identify(src/PlayStation-JoyInterface-ROS2/media) by extensions ['ros']
[0.350s] Level 1:colcon.colcon_core.package_identification:_identify(src/PlayStation-JoyInterface-ROS2/media) by extension 'ros'
[0.350s] Level 1:colcon.colcon_core.package_identification:_identify(src/PlayStation-JoyInterface-ROS2/media) by extensions ['cmake', 'python']
[0.350s] Level 1:colcon.colcon_core.package_identification:_identify(src/PlayStation-JoyInterface-ROS2/media) by extension 'cmake'
[0.350s] Level 1:colcon.colcon_core.package_identification:_identify(src/PlayStation-JoyInterface-ROS2/media) by extension 'python'
[0.350s] Level 1:colcon.colcon_core.package_identification:_identify(src/PlayStation-JoyInterface-ROS2/media) by extensions ['python_setup_py']
[0.350s] Level 1:colcon.colcon_core.package_identification:_identify(src/PlayStation-JoyInterface-ROS2/media) by extension 'python_setup_py'
[0.350s] Level 1:colcon.colcon_core.package_identification:_identify(src/PlayStation-JoyInterface-ROS2/p9n) by extensions ['ignore', 'ignore_ament_install']
[0.350s] Level 1:colcon.colcon_core.package_identification:_identify(src/PlayStation-JoyInterface-ROS2/p9n) by extension 'ignore'
[0.350s] Level 1:colcon.colcon_core.package_identification:_identify(src/PlayStation-JoyInterface-ROS2/p9n) by extension 'ignore_ament_install'
[0.350s] Level 1:colcon.colcon_core.package_identification:_identify(src/PlayStation-JoyInterface-ROS2/p9n) by extensions ['colcon_pkg']
[0.350s] Level 1:colcon.colcon_core.package_identification:_identify(src/PlayStation-JoyInterface-ROS2/p9n) by extension 'colcon_pkg'
[0.350s] Level 1:colcon.colcon_core.package_identification:_identify(src/PlayStation-JoyInterface-ROS2/p9n) by extensions ['colcon_meta']
[0.350s] Level 1:colcon.colcon_core.package_identification:_identify(src/PlayStation-JoyInterface-ROS2/p9n) by extension 'colcon_meta'
[0.350s] Level 1:colcon.colcon_core.package_identification:_identify(src/PlayStation-JoyInterface-ROS2/p9n) by extensions ['ros']
[0.350s] Level 1:colcon.colcon_core.package_identification:_identify(src/PlayStation-JoyInterface-ROS2/p9n) by extension 'ros'
[0.351s] DEBUG:colcon.colcon_core.package_identification:Package 'src/PlayStation-JoyInterface-ROS2/p9n' with type 'ros.ament_cmake' and name 'p9n'
[0.351s] Level 1:colcon.colcon_core.package_identification:_identify(src/PlayStation-JoyInterface-ROS2/p9n_bringup) by extensions ['ignore', 'ignore_ament_install']
[0.352s] Level 1:colcon.colcon_core.package_identification:_identify(src/PlayStation-JoyInterface-ROS2/p9n_bringup) by extension 'ignore'
[0.352s] Level 1:colcon.colcon_core.package_identification:_identify(src/PlayStation-JoyInterface-ROS2/p9n_bringup) by extension 'ignore_ament_install'
[0.352s] Level 1:colcon.colcon_core.package_identification:_identify(src/PlayStation-JoyInterface-ROS2/p9n_bringup) by extensions ['colcon_pkg']
[0.352s] Level 1:colcon.colcon_core.package_identification:_identify(src/PlayStation-JoyInterface-ROS2/p9n_bringup) by extension 'colcon_pkg'
[0.352s] Level 1:colcon.colcon_core.package_identification:_identify(src/PlayStation-JoyInterface-ROS2/p9n_bringup) by extensions ['colcon_meta']
[0.352s] Level 1:colcon.colcon_core.package_identification:_identify(src/PlayStation-JoyInterface-ROS2/p9n_bringup) by extension 'colcon_meta'
[0.352s] Level 1:colcon.colcon_core.package_identification:_identify(src/PlayStation-JoyInterface-ROS2/p9n_bringup) by extensions ['ros']
[0.352s] Level 1:colcon.colcon_core.package_identification:_identify(src/PlayStation-JoyInterface-ROS2/p9n_bringup) by extension 'ros'
[0.353s] DEBUG:colcon.colcon_core.package_identification:Package 'src/PlayStation-JoyInterface-ROS2/p9n_bringup' with type 'ros.ament_python' and name 'p9n_bringup'
[0.353s] Level 1:colcon.colcon_core.package_identification:_identify(src/PlayStation-JoyInterface-ROS2/p9n_example) by extensions ['ignore', 'ignore_ament_install']
[0.353s] Level 1:colcon.colcon_core.package_identification:_identify(src/PlayStation-JoyInterface-ROS2/p9n_example) by extension 'ignore'
[0.353s] Level 1:colcon.colcon_core.package_identification:_identify(src/PlayStation-JoyInterface-ROS2/p9n_example) by extension 'ignore_ament_install'
[0.353s] Level 1:colcon.colcon_core.package_identification:_identify(src/PlayStation-JoyInterface-ROS2/p9n_example) by extensions ['colcon_pkg']
[0.353s] Level 1:colcon.colcon_core.package_identification:_identify(src/PlayStation-JoyInterface-ROS2/p9n_example) by extension 'colcon_pkg'
[0.353s] Level 1:colcon.colcon_core.package_identification:_identify(src/PlayStation-JoyInterface-ROS2/p9n_example) by extensions ['colcon_meta']
[0.353s] Level 1:colcon.colcon_core.package_identification:_identify(src/PlayStation-JoyInterface-ROS2/p9n_example) by extension 'colcon_meta'
[0.353s] Level 1:colcon.colcon_core.package_identification:_identify(src/PlayStation-JoyInterface-ROS2/p9n_example) by extensions ['ros']
[0.353s] Level 1:colcon.colcon_core.package_identification:_identify(src/PlayStation-JoyInterface-ROS2/p9n_example) by extension 'ros'
[0.354s] DEBUG:colcon.colcon_core.package_identification:Package 'src/PlayStation-JoyInterface-ROS2/p9n_example' with type 'ros.ament_cmake' and name 'p9n_example'
[0.354s] Level 1:colcon.colcon_core.package_identification:_identify(src/PlayStation-JoyInterface-ROS2/p9n_interface) by extensions ['ignore', 'ignore_ament_install']
[0.354s] Level 1:colcon.colcon_core.package_identification:_identify(src/PlayStation-JoyInterface-ROS2/p9n_interface) by extension 'ignore'
[0.354s] Level 1:colcon.colcon_core.package_identification:_identify(src/PlayStation-JoyInterface-ROS2/p9n_interface) by extension 'ignore_ament_install'
[0.354s] Level 1:colcon.colcon_core.package_identification:_identify(src/PlayStation-JoyInterface-ROS2/p9n_interface) by extensions ['colcon_pkg']
[0.355s] Level 1:colcon.colcon_core.package_identification:_identify(src/PlayStation-JoyInterface-ROS2/p9n_interface) by extension 'colcon_pkg'
[0.355s] Level 1:colcon.colcon_core.package_identification:_identify(src/PlayStation-JoyInterface-ROS2/p9n_interface) by extensions ['colcon_meta']
[0.355s] Level 1:colcon.colcon_core.package_identification:_identify(src/PlayStation-JoyInterface-ROS2/p9n_interface) by extension 'colcon_meta'
[0.355s] Level 1:colcon.colcon_core.package_identification:_identify(src/PlayStation-JoyInterface-ROS2/p9n_interface) by extensions ['ros']
[0.355s] Level 1:colcon.colcon_core.package_identification:_identify(src/PlayStation-JoyInterface-ROS2/p9n_interface) by extension 'ros'
[0.355s] DEBUG:colcon.colcon_core.package_identification:Package 'src/PlayStation-JoyInterface-ROS2/p9n_interface' with type 'ros.ament_cmake' and name 'p9n_interface'
[0.356s] Level 1:colcon.colcon_core.package_identification:_identify(src/PlayStation-JoyInterface-ROS2/p9n_node) by extensions ['ignore', 'ignore_ament_install']
[0.356s] Level 1:colcon.colcon_core.package_identification:_identify(src/PlayStation-JoyInterface-ROS2/p9n_node) by extension 'ignore'
[0.356s] Level 1:colcon.colcon_core.package_identification:_identify(src/PlayStation-JoyInterface-ROS2/p9n_node) by extension 'ignore_ament_install'
[0.356s] Level 1:colcon.colcon_core.package_identification:_identify(src/PlayStation-JoyInterface-ROS2/p9n_node) by extensions ['colcon_pkg']
[0.356s] Level 1:colcon.colcon_core.package_identification:_identify(src/PlayStation-JoyInterface-ROS2/p9n_node) by extension 'colcon_pkg'
[0.356s] Level 1:colcon.colcon_core.package_identification:_identify(src/PlayStation-JoyInterface-ROS2/p9n_node) by extensions ['colcon_meta']
[0.356s] Level 1:colcon.colcon_core.package_identification:_identify(src/PlayStation-JoyInterface-ROS2/p9n_node) by extension 'colcon_meta'
[0.356s] Level 1:colcon.colcon_core.package_identification:_identify(src/PlayStation-JoyInterface-ROS2/p9n_node) by extensions ['ros']
[0.356s] Level 1:colcon.colcon_core.package_identification:_identify(src/PlayStation-JoyInterface-ROS2/p9n_node) by extension 'ros'
[0.357s] DEBUG:colcon.colcon_core.package_identification:Package 'src/PlayStation-JoyInterface-ROS2/p9n_node' with type 'ros.ament_cmake' and name 'p9n_node'
[0.357s] Level 1:colcon.colcon_core.package_identification:_identify(src/PlayStation-JoyInterface-ROS2/p9n_test) by extensions ['ignore', 'ignore_ament_install']
[0.357s] Level 1:colcon.colcon_core.package_identification:_identify(src/PlayStation-JoyInterface-ROS2/p9n_test) by extension 'ignore'
[0.357s] Level 1:colcon.colcon_core.package_identification:_identify(src/PlayStation-JoyInterface-ROS2/p9n_test) by extension 'ignore_ament_install'
[0.357s] Level 1:colcon.colcon_core.package_identification:_identify(src/PlayStation-JoyInterface-ROS2/p9n_test) by extensions ['colcon_pkg']
[0.357s] Level 1:colcon.colcon_core.package_identification:_identify(src/PlayStation-JoyInterface-ROS2/p9n_test) by extension 'colcon_pkg'
[0.357s] Level 1:colcon.colcon_core.package_identification:_identify(src/PlayStation-JoyInterface-ROS2/p9n_test) by extensions ['colcon_meta']
[0.357s] Level 1:colcon.colcon_core.package_identification:_identify(src/PlayStation-JoyInterface-ROS2/p9n_test) by extension 'colcon_meta'
[0.357s] Level 1:colcon.colcon_core.package_identification:_identify(src/PlayStation-JoyInterface-ROS2/p9n_test) by extensions ['ros']
[0.357s] Level 1:colcon.colcon_core.package_identification:_identify(src/PlayStation-JoyInterface-ROS2/p9n_test) by extension 'ros'
[0.358s] DEBUG:colcon.colcon_core.package_identification:Package 'src/PlayStation-JoyInterface-ROS2/p9n_test' with type 'ros.ament_cmake' and name 'p9n_test'
[0.358s] Level 1:colcon.colcon_core.package_identification:_identify(third_party) by extensions ['ignore', 'ignore_ament_install']
[0.358s] Level 1:colcon.colcon_core.package_identification:_identify(third_party) by extension 'ignore'
[0.358s] Level 1:colcon.colcon_core.package_identification:_identify(third_party) by extension 'ignore_ament_install'
[0.359s] Level 1:colcon.colcon_core.package_identification:_identify(third_party) by extensions ['colcon_pkg']
[0.359s] Level 1:colcon.colcon_core.package_identification:_identify(third_party) by extension 'colcon_pkg'
[0.359s] Level 1:colcon.colcon_core.package_identification:_identify(third_party) by extensions ['colcon_meta']
[0.359s] Level 1:colcon.colcon_core.package_identification:_identify(third_party) by extension 'colcon_meta'
[0.359s] Level 1:colcon.colcon_core.package_identification:_identify(third_party) by extensions ['ros']
[0.359s] Level 1:colcon.colcon_core.package_identification:_identify(third_party) by extension 'ros'
[0.359s] Level 1:colcon.colcon_core.package_identification:_identify(third_party) by extensions ['cmake', 'python']
[0.359s] Level 1:colcon.colcon_core.package_identification:_identify(third_party) by extension 'cmake'
[0.359s] Level 1:colcon.colcon_core.package_identification:_identify(third_party) by extension 'python'
[0.359s] Level 1:colcon.colcon_core.package_identification:_identify(third_party) by extensions ['python_setup_py']
[0.359s] Level 1:colcon.colcon_core.package_identification:_identify(third_party) by extension 'python_setup_py'
[0.359s] Level 1:colcon.colcon_core.package_identification:_identify(third_party/TCP-IP-4Axis-Python) by extensions ['ignore', 'ignore_ament_install']
[0.359s] Level 1:colcon.colcon_core.package_identification:_identify(third_party/TCP-IP-4Axis-Python) by extension 'ignore'
[0.359s] Level 1:colcon.colcon_core.package_identification:_identify(third_party/TCP-IP-4Axis-Python) by extension 'ignore_ament_install'
[0.359s] Level 1:colcon.colcon_core.package_identification:_identify(third_party/TCP-IP-4Axis-Python) by extensions ['colcon_pkg']
[0.359s] Level 1:colcon.colcon_core.package_identification:_identify(third_party/TCP-IP-4Axis-Python) by extension 'colcon_pkg'
[0.359s] Level 1:colcon.colcon_core.package_identification:_identify(third_party/TCP-IP-4Axis-Python) by extensions ['colcon_meta']
[0.359s] Level 1:colcon.colcon_core.package_identification:_identify(third_party/TCP-IP-4Axis-Python) by extension 'colcon_meta'
[0.360s] Level 1:colcon.colcon_core.package_identification:_identify(third_party/TCP-IP-4Axis-Python) by extensions ['ros']
[0.360s] Level 1:colcon.colcon_core.package_identification:_identify(third_party/TCP-IP-4Axis-Python) by extension 'ros'
[0.360s] Level 1:colcon.colcon_core.package_identification:_identify(third_party/TCP-IP-4Axis-Python) by extensions ['cmake', 'python']
[0.360s] Level 1:colcon.colcon_core.package_identification:_identify(third_party/TCP-IP-4Axis-Python) by extension 'cmake'
[0.360s] Level 1:colcon.colcon_core.package_identification:_identify(third_party/TCP-IP-4Axis-Python) by extension 'python'
[0.360s] Level 1:colcon.colcon_core.package_identification:_identify(third_party/TCP-IP-4Axis-Python) by extensions ['python_setup_py']
[0.360s] Level 1:colcon.colcon_core.package_identification:_identify(third_party/TCP-IP-4Axis-Python) by extension 'python_setup_py'
[0.360s] Level 1:colcon.colcon_core.package_identification:_identify(third_party/TCP-IP-4Axis-Python/__pycache__) by extensions ['ignore', 'ignore_ament_install']
[0.360s] Level 1:colcon.colcon_core.package_identification:_identify(third_party/TCP-IP-4Axis-Python/__pycache__) by extension 'ignore'
[0.360s] Level 1:colcon.colcon_core.package_identification:_identify(third_party/TCP-IP-4Axis-Python/__pycache__) by extension 'ignore_ament_install'
[0.360s] Level 1:colcon.colcon_core.package_identification:_identify(third_party/TCP-IP-4Axis-Python/__pycache__) by extensions ['colcon_pkg']
[0.360s] Level 1:colcon.colcon_core.package_identification:_identify(third_party/TCP-IP-4Axis-Python/__pycache__) by extension 'colcon_pkg'
[0.360s] Level 1:colcon.colcon_core.package_identification:_identify(third_party/TCP-IP-4Axis-Python/__pycache__) by extensions ['colcon_meta']
[0.360s] Level 1:colcon.colcon_core.package_identification:_identify(third_party/TCP-IP-4Axis-Python/__pycache__) by extension 'colcon_meta'
[0.360s] Level 1:colcon.colcon_core.package_identification:_identify(third_party/TCP-IP-4Axis-Python/__pycache__) by extensions ['ros']
[0.360s] Level 1:colcon.colcon_core.package_identification:_identify(third_party/TCP-IP-4Axis-Python/__pycache__) by extension 'ros'
[0.361s] Level 1:colcon.colcon_core.package_identification:_identify(third_party/TCP-IP-4Axis-Python/__pycache__) by extensions ['cmake', 'python']
[0.361s] Level 1:colcon.colcon_core.package_identification:_identify(third_party/TCP-IP-4Axis-Python/__pycache__) by extension 'cmake'
[0.361s] Level 1:colcon.colcon_core.package_identification:_identify(third_party/TCP-IP-4Axis-Python/__pycache__) by extension 'python'
[0.361s] Level 1:colcon.colcon_core.package_identification:_identify(third_party/TCP-IP-4Axis-Python/__pycache__) by extensions ['python_setup_py']
[0.361s] Level 1:colcon.colcon_core.package_identification:_identify(third_party/TCP-IP-4Axis-Python/__pycache__) by extension 'python_setup_py'
[0.361s] Level 1:colcon.colcon_core.package_identification:_identify(third_party/TCP-IP-4Axis-Python/files) by extensions ['ignore', 'ignore_ament_install']
[0.361s] Level 1:colcon.colcon_core.package_identification:_identify(third_party/TCP-IP-4Axis-Python/files) by extension 'ignore'
[0.361s] Level 1:colcon.colcon_core.package_identification:_identify(third_party/TCP-IP-4Axis-Python/files) by extension 'ignore_ament_install'
[0.361s] Level 1:colcon.colcon_core.package_identification:_identify(third_party/TCP-IP-4Axis-Python/files) by extensions ['colcon_pkg']
[0.361s] Level 1:colcon.colcon_core.package_identification:_identify(third_party/TCP-IP-4Axis-Python/files) by extension 'colcon_pkg'
[0.361s] Level 1:colcon.colcon_core.package_identification:_identify(third_party/TCP-IP-4Axis-Python/files) by extensions ['colcon_meta']
[0.361s] Level 1:colcon.colcon_core.package_identification:_identify(third_party/TCP-IP-4Axis-Python/files) by extension 'colcon_meta'
[0.361s] Level 1:colcon.colcon_core.package_identification:_identify(third_party/TCP-IP-4Axis-Python/files) by extensions ['ros']
[0.361s] Level 1:colcon.colcon_core.package_identification:_identify(third_party/TCP-IP-4Axis-Python/files) by extension 'ros'
[0.361s] Level 1:colcon.colcon_core.package_identification:_identify(third_party/TCP-IP-4Axis-Python/files) by extensions ['cmake', 'python']
[0.361s] Level 1:colcon.colcon_core.package_identification:_identify(third_party/TCP-IP-4Axis-Python/files) by extension 'cmake'
[0.361s] Level 1:colcon.colcon_core.package_identification:_identify(third_party/TCP-IP-4Axis-Python/files) by extension 'python'
[0.361s] Level 1:colcon.colcon_core.package_identification:_identify(third_party/TCP-IP-4Axis-Python/files) by extensions ['python_setup_py']
[0.361s] Level 1:colcon.colcon_core.package_identification:_identify(third_party/TCP-IP-4Axis-Python/files) by extension 'python_setup_py'
[0.362s] Level 1:colcon.colcon_core.package_identification:_identify(third_party/TCP-IP-4Axis-Python/files/__pycache__) by extensions ['ignore', 'ignore_ament_install']
[0.362s] Level 1:colcon.colcon_core.package_identification:_identify(third_party/TCP-IP-4Axis-Python/files/__pycache__) by extension 'ignore'
[0.362s] Level 1:colcon.colcon_core.package_identification:_identify(third_party/TCP-IP-4Axis-Python/files/__pycache__) by extension 'ignore_ament_install'
[0.362s] Level 1:colcon.colcon_core.package_identification:_identify(third_party/TCP-IP-4Axis-Python/files/__pycache__) by extensions ['colcon_pkg']
[0.362s] Level 1:colcon.colcon_core.package_identification:_identify(third_party/TCP-IP-4Axis-Python/files/__pycache__) by extension 'colcon_pkg'
[0.362s] Level 1:colcon.colcon_core.package_identification:_identify(third_party/TCP-IP-4Axis-Python/files/__pycache__) by extensions ['colcon_meta']
[0.362s] Level 1:colcon.colcon_core.package_identification:_identify(third_party/TCP-IP-4Axis-Python/files/__pycache__) by extension 'colcon_meta'
[0.362s] Level 1:colcon.colcon_core.package_identification:_identify(third_party/TCP-IP-4Axis-Python/files/__pycache__) by extensions ['ros']
[0.362s] Level 1:colcon.colcon_core.package_identification:_identify(third_party/TCP-IP-4Axis-Python/files/__pycache__) by extension 'ros'
[0.362s] Level 1:colcon.colcon_core.package_identification:_identify(third_party/TCP-IP-4Axis-Python/files/__pycache__) by extensions ['cmake', 'python']
[0.362s] Level 1:colcon.colcon_core.package_identification:_identify(third_party/TCP-IP-4Axis-Python/files/__pycache__) by extension 'cmake'
[0.362s] Level 1:colcon.colcon_core.package_identification:_identify(third_party/TCP-IP-4Axis-Python/files/__pycache__) by extension 'python'
[0.362s] Level 1:colcon.colcon_core.package_identification:_identify(third_party/TCP-IP-4Axis-Python/files/__pycache__) by extensions ['python_setup_py']
[0.362s] Level 1:colcon.colcon_core.package_identification:_identify(third_party/TCP-IP-4Axis-Python/files/__pycache__) by extension 'python_setup_py'
[0.362s] Level 1:colcon.colcon_core.package_identification:_identify(third_party/TCP-IP-4Axis-Python/images) by extensions ['ignore', 'ignore_ament_install']
[0.363s] Level 1:colcon.colcon_core.package_identification:_identify(third_party/TCP-IP-4Axis-Python/images) by extension 'ignore'
[0.363s] Level 1:colcon.colcon_core.package_identification:_identify(third_party/TCP-IP-4Axis-Python/images) by extension 'ignore_ament_install'
[0.363s] Level 1:colcon.colcon_core.package_identification:_identify(third_party/TCP-IP-4Axis-Python/images) by extensions ['colcon_pkg']
[0.363s] Level 1:colcon.colcon_core.package_identification:_identify(third_party/TCP-IP-4Axis-Python/images) by extension 'colcon_pkg'
[0.363s] Level 1:colcon.colcon_core.package_identification:_identify(third_party/TCP-IP-4Axis-Python/images) by extensions ['colcon_meta']
[0.363s] Level 1:colcon.colcon_core.package_identification:_identify(third_party/TCP-IP-4Axis-Python/images) by extension 'colcon_meta'
[0.363s] Level 1:colcon.colcon_core.package_identification:_identify(third_party/TCP-IP-4Axis-Python/images) by extensions ['ros']
[0.363s] Level 1:colcon.colcon_core.package_identification:_identify(third_party/TCP-IP-4Axis-Python/images) by extension 'ros'
[0.363s] Level 1:colcon.colcon_core.package_identification:_identify(third_party/TCP-IP-4Axis-Python/images) by extensions ['cmake', 'python']
[0.363s] Level 1:colcon.colcon_core.package_identification:_identify(third_party/TCP-IP-4Axis-Python/images) by extension 'cmake'
[0.363s] Level 1:colcon.colcon_core.package_identification:_identify(third_party/TCP-IP-4Axis-Python/images) by extension 'python'
[0.363s] Level 1:colcon.colcon_core.package_identification:_identify(third_party/TCP-IP-4Axis-Python/images) by extensions ['python_setup_py']
[0.363s] Level 1:colcon.colcon_core.package_identification:_identify(third_party/TCP-IP-4Axis-Python/images) by extension 'python_setup_py'
[0.363s] Level 1:colcon.colcon_core.package_identification:_identify(third_party/TCP-IP-4Axis-Python/picture) by extensions ['ignore', 'ignore_ament_install']
[0.363s] Level 1:colcon.colcon_core.package_identification:_identify(third_party/TCP-IP-4Axis-Python/picture) by extension 'ignore'
[0.363s] Level 1:colcon.colcon_core.package_identification:_identify(third_party/TCP-IP-4Axis-Python/picture) by extension 'ignore_ament_install'
[0.363s] Level 1:colcon.colcon_core.package_identification:_identify(third_party/TCP-IP-4Axis-Python/picture) by extensions ['colcon_pkg']
[0.364s] Level 1:colcon.colcon_core.package_identification:_identify(third_party/TCP-IP-4Axis-Python/picture) by extension 'colcon_pkg'
[0.364s] Level 1:colcon.colcon_core.package_identification:_identify(third_party/TCP-IP-4Axis-Python/picture) by extensions ['colcon_meta']
[0.364s] Level 1:colcon.colcon_core.package_identification:_identify(third_party/TCP-IP-4Axis-Python/picture) by extension 'colcon_meta'
[0.364s] Level 1:colcon.colcon_core.package_identification:_identify(third_party/TCP-IP-4Axis-Python/picture) by extensions ['ros']
[0.364s] Level 1:colcon.colcon_core.package_identification:_identify(third_party/TCP-IP-4Axis-Python/picture) by extension 'ros'
[0.364s] Level 1:colcon.colcon_core.package_identification:_identify(third_party/TCP-IP-4Axis-Python/picture) by extensions ['cmake', 'python']
[0.364s] Level 1:colcon.colcon_core.package_identification:_identify(third_party/TCP-IP-4Axis-Python/picture) by extension 'cmake'
[0.364s] Level 1:colcon.colcon_core.package_identification:_identify(third_party/TCP-IP-4Axis-Python/picture) by extension 'python'
[0.364s] Level 1:colcon.colcon_core.package_identification:_identify(third_party/TCP-IP-4Axis-Python/picture) by extensions ['python_setup_py']
[0.364s] Level 1:colcon.colcon_core.package_identification:_identify(third_party/TCP-IP-4Axis-Python/picture) by extension 'python_setup_py'
[0.364s] Level 1:colcon.colcon_core.package_discovery:discover_packages(recursive) using defaults
[0.364s] Level 1:colcon.colcon_core.package_discovery:discover_packages(ignore) discover
[0.364s] Level 1:colcon.colcon_core.package_discovery:discover_packages(ignore) using defaults
[0.364s] Level 1:colcon.colcon_core.package_discovery:discover_packages(path) discover
[0.364s] Level 1:colcon.colcon_core.package_discovery:discover_packages(path) using defaults
[0.401s] Level 5:colcon.colcon_core.verb:set package 'mg400_common' build argument 'cmake_args' from command line to 'None'
[0.401s] Level 5:colcon.colcon_core.verb:set package 'mg400_common' build argument 'cmake_target' from command line to 'None'
[0.401s] Level 5:colcon.colcon_core.verb:set package 'mg400_common' build argument 'cmake_target_skip_unavailable' from command line to 'False'
[0.401s] Level 5:colcon.colcon_core.verb:set package 'mg400_common' build argument 'cmake_clean_cache' from command line to 'False'
[0.401s] Level 5:colcon.colcon_core.verb:set package 'mg400_common' build argument 'cmake_clean_first' from command line to 'False'
[0.401s] Level 5:colcon.colcon_core.verb:set package 'mg400_common' build argument 'cmake_force_configure' from command line to 'False'
[0.401s] Level 5:colcon.colcon_core.verb:set package 'mg400_common' build argument 'ament_cmake_args' from command line to 'None'
[0.402s] Level 5:colcon.colcon_core.verb:set package 'mg400_common' build argument 'catkin_cmake_args' from command line to 'None'
[0.402s] Level 5:colcon.colcon_core.verb:set package 'mg400_common' build argument 'catkin_skip_building_tests' from command line to 'False'
[0.402s] DEBUG:colcon.colcon_core.verb:Building package 'mg400_common' with the following arguments: {'ament_cmake_args': None, 'build_base': '/root/ros2_ws/build/mg400_common', 'catkin_cmake_args': None, 'catkin_skip_building_tests': False, 'cmake_args': None, 'cmake_clean_cache': False, 'cmake_clean_first': False, 'cmake_force_configure': False, 'cmake_target': None, 'cmake_target_skip_unavailable': False, 'install_base': '/root/ros2_ws/install/mg400_common', 'merge_install': False, 'path': '/root/ros2_ws/src/MG400_ROS2/mg400_common', 'symlink_install': True, 'test_result_base': None}
[0.402s] Level 5:colcon.colcon_core.verb:set package 'mg400_description' build argument 'cmake_args' from command line to 'None'
[0.402s] Level 5:colcon.colcon_core.verb:set package 'mg400_description' build argument 'cmake_target' from command line to 'None'
[0.402s] Level 5:colcon.colcon_core.verb:set package 'mg400_description' build argument 'cmake_target_skip_unavailable' from command line to 'False'
[0.402s] Level 5:colcon.colcon_core.verb:set package 'mg400_description' build argument 'cmake_clean_cache' from command line to 'False'
[0.402s] Level 5:colcon.colcon_core.verb:set package 'mg400_description' build argument 'cmake_clean_first' from command line to 'False'
[0.402s] Level 5:colcon.colcon_core.verb:set package 'mg400_description' build argument 'cmake_force_configure' from command line to 'False'
[0.402s] Level 5:colcon.colcon_core.verb:set package 'mg400_description' build argument 'ament_cmake_args' from command line to 'None'
[0.402s] Level 5:colcon.colcon_core.verb:set package 'mg400_description' build argument 'catkin_cmake_args' from command line to 'None'
[0.402s] Level 5:colcon.colcon_core.verb:set package 'mg400_description' build argument 'catkin_skip_building_tests' from command line to 'False'
[0.402s] DEBUG:colcon.colcon_core.verb:Building package 'mg400_description' with the following arguments: {'ament_cmake_args': None, 'build_base': '/root/ros2_ws/build/mg400_description', 'catkin_cmake_args': None, 'catkin_skip_building_tests': False, 'cmake_args': None, 'cmake_clean_cache': False, 'cmake_clean_first': False, 'cmake_force_configure': False, 'cmake_target': None, 'cmake_target_skip_unavailable': False, 'install_base': '/root/ros2_ws/install/mg400_description', 'merge_install': False, 'path': '/root/ros2_ws/src/MG400_ROS2/mg400_description', 'symlink_install': True, 'test_result_base': None}
[0.402s] Level 5:colcon.colcon_core.verb:set package 'mg400_msgs' build argument 'cmake_args' from command line to 'None'
[0.402s] Level 5:colcon.colcon_core.verb:set package 'mg400_msgs' build argument 'cmake_target' from command line to 'None'
[0.402s] Level 5:colcon.colcon_core.verb:set package 'mg400_msgs' build argument 'cmake_target_skip_unavailable' from command line to 'False'
[0.402s] Level 5:colcon.colcon_core.verb:set package 'mg400_msgs' build argument 'cmake_clean_cache' from command line to 'False'
[0.402s] Level 5:colcon.colcon_core.verb:set package 'mg400_msgs' build argument 'cmake_clean_first' from command line to 'False'
[0.402s] Level 5:colcon.colcon_core.verb:set package 'mg400_msgs' build argument 'cmake_force_configure' from command line to 'False'
[0.402s] Level 5:colcon.colcon_core.verb:set package 'mg400_msgs' build argument 'ament_cmake_args' from command line to 'None'
[0.402s] Level 5:colcon.colcon_core.verb:set package 'mg400_msgs' build argument 'catkin_cmake_args' from command line to 'None'
[0.402s] Level 5:colcon.colcon_core.verb:set package 'mg400_msgs' build argument 'catkin_skip_building_tests' from command line to 'False'
[0.402s] DEBUG:colcon.colcon_core.verb:Building package 'mg400_msgs' with the following arguments: {'ament_cmake_args': None, 'build_base': '/root/ros2_ws/build/mg400_msgs', 'catkin_cmake_args': None, 'catkin_skip_building_tests': False, 'cmake_args': None, 'cmake_clean_cache': False, 'cmake_clean_first': False, 'cmake_force_configure': False, 'cmake_target': None, 'cmake_target_skip_unavailable': False, 'install_base': '/root/ros2_ws/install/mg400_msgs', 'merge_install': False, 'path': '/root/ros2_ws/src/MG400_ROS2/mg400_msgs', 'symlink_install': True, 'test_result_base': None}
[0.403s] Level 5:colcon.colcon_core.verb:set package 'p9n_interface' build argument 'cmake_args' from command line to 'None'
[0.403s] Level 5:colcon.colcon_core.verb:set package 'p9n_interface' build argument 'cmake_target' from command line to 'None'
[0.403s] Level 5:colcon.colcon_core.verb:set package 'p9n_interface' build argument 'cmake_target_skip_unavailable' from command line to 'False'
[0.403s] Level 5:colcon.colcon_core.verb:set package 'p9n_interface' build argument 'cmake_clean_cache' from command line to 'False'
[0.403s] Level 5:colcon.colcon_core.verb:set package 'p9n_interface' build argument 'cmake_clean_first' from command line to 'False'
[0.403s] Level 5:colcon.colcon_core.verb:set package 'p9n_interface' build argument 'cmake_force_configure' from command line to 'False'
[0.403s] Level 5:colcon.colcon_core.verb:set package 'p9n_interface' build argument 'ament_cmake_args' from command line to 'None'
[0.403s] Level 5:colcon.colcon_core.verb:set package 'p9n_interface' build argument 'catkin_cmake_args' from command line to 'None'
[0.403s] Level 5:colcon.colcon_core.verb:set package 'p9n_interface' build argument 'catkin_skip_building_tests' from command line to 'False'
[0.403s] DEBUG:colcon.colcon_core.verb:Building package 'p9n_interface' with the following arguments: {'ament_cmake_args': None, 'build_base': '/root/ros2_ws/build/p9n_interface', 'catkin_cmake_args': None, 'catkin_skip_building_tests': False, 'cmake_args': None, 'cmake_clean_cache': False, 'cmake_clean_first': False, 'cmake_force_configure': False, 'cmake_target': None, 'cmake_target_skip_unavailable': False, 'install_base': '/root/ros2_ws/install/p9n_interface', 'merge_install': False, 'path': '/root/ros2_ws/src/PlayStation-JoyInterface-ROS2/p9n_interface', 'symlink_install': True, 'test_result_base': None}
[0.403s] Level 5:colcon.colcon_core.verb:set package 'mg400_interface' build argument 'cmake_args' from command line to 'None'
[0.403s] Level 5:colcon.colcon_core.verb:set package 'mg400_interface' build argument 'cmake_target' from command line to 'None'
[0.403s] Level 5:colcon.colcon_core.verb:set package 'mg400_interface' build argument 'cmake_target_skip_unavailable' from command line to 'False'
[0.403s] Level 5:colcon.colcon_core.verb:set package 'mg400_interface' build argument 'cmake_clean_cache' from command line to 'False'
[0.403s] Level 5:colcon.colcon_core.verb:set package 'mg400_interface' build argument 'cmake_clean_first' from command line to 'False'
[0.403s] Level 5:colcon.colcon_core.verb:set package 'mg400_interface' build argument 'cmake_force_configure' from command line to 'False'
[0.403s] Level 5:colcon.colcon_core.verb:set package 'mg400_interface' build argument 'ament_cmake_args' from command line to 'None'
[0.403s] Level 5:colcon.colcon_core.verb:set package 'mg400_interface' build argument 'catkin_cmake_args' from command line to 'None'
[0.403s] Level 5:colcon.colcon_core.verb:set package 'mg400_interface' build argument 'catkin_skip_building_tests' from command line to 'False'
[0.403s] DEBUG:colcon.colcon_core.verb:Building package 'mg400_interface' with the following arguments: {'ament_cmake_args': None, 'build_base': '/root/ros2_ws/build/mg400_interface', 'catkin_cmake_args': None, 'catkin_skip_building_tests': False, 'cmake_args': None, 'cmake_clean_cache': False, 'cmake_clean_first': False, 'cmake_force_configure': False, 'cmake_target': None, 'cmake_target_skip_unavailable': False, 'install_base': '/root/ros2_ws/install/mg400_interface', 'merge_install': False, 'path': '/root/ros2_ws/src/MG400_ROS2/mg400_interface', 'symlink_install': True, 'test_result_base': None}
[0.403s] Level 5:colcon.colcon_core.verb:set package 'mg400_tools' build argument 'cmake_args' from command line to 'None'
[0.403s] Level 5:colcon.colcon_core.verb:set package 'mg400_tools' build argument 'cmake_target' from command line to 'None'
[0.403s] Level 5:colcon.colcon_core.verb:set package 'mg400_tools' build argument 'cmake_target_skip_unavailable' from command line to 'False'
[0.403s] Level 5:colcon.colcon_core.verb:set package 'mg400_tools' build argument 'cmake_clean_cache' from command line to 'False'
[0.404s] Level 5:colcon.colcon_core.verb:set package 'mg400_tools' build argument 'cmake_clean_first' from command line to 'False'
[0.404s] Level 5:colcon.colcon_core.verb:set package 'mg400_tools' build argument 'cmake_force_configure' from command line to 'False'
[0.404s] Level 5:colcon.colcon_core.verb:set package 'mg400_tools' build argument 'ament_cmake_args' from command line to 'None'
[0.404s] Level 5:colcon.colcon_core.verb:set package 'mg400_tools' build argument 'catkin_cmake_args' from command line to 'None'
[0.404s] Level 5:colcon.colcon_core.verb:set package 'mg400_tools' build argument 'catkin_skip_building_tests' from command line to 'False'
[0.404s] DEBUG:colcon.colcon_core.verb:Building package 'mg400_tools' with the following arguments: {'ament_cmake_args': None, 'build_base': '/root/ros2_ws/build/mg400_tools', 'catkin_cmake_args': None, 'catkin_skip_building_tests': False, 'cmake_args': None, 'cmake_clean_cache': False, 'cmake_clean_first': False, 'cmake_force_configure': False, 'cmake_target': None, 'cmake_target_skip_unavailable': False, 'install_base': '/root/ros2_ws/install/mg400_tools', 'merge_install': False, 'path': '/root/ros2_ws/src/MG400_ROS2/mg400_tools', 'symlink_install': True, 'test_result_base': None}
[0.404s] Level 5:colcon.colcon_core.verb:set package 'p9n_example' build argument 'cmake_args' from command line to 'None'
[0.404s] Level 5:colcon.colcon_core.verb:set package 'p9n_example' build argument 'cmake_target' from command line to 'None'
[0.404s] Level 5:colcon.colcon_core.verb:set package 'p9n_example' build argument 'cmake_target_skip_unavailable' from command line to 'False'
[0.404s] Level 5:colcon.colcon_core.verb:set package 'p9n_example' build argument 'cmake_clean_cache' from command line to 'False'
[0.404s] Level 5:colcon.colcon_core.verb:set package 'p9n_example' build argument 'cmake_clean_first' from command line to 'False'
[0.404s] Level 5:colcon.colcon_core.verb:set package 'p9n_example' build argument 'cmake_force_configure' from command line to 'False'
[0.404s] Level 5:colcon.colcon_core.verb:set package 'p9n_example' build argument 'ament_cmake_args' from command line to 'None'
[0.404s] Level 5:colcon.colcon_core.verb:set package 'p9n_example' build argument 'catkin_cmake_args' from command line to 'None'
[0.404s] Level 5:colcon.colcon_core.verb:set package 'p9n_example' build argument 'catkin_skip_building_tests' from command line to 'False'
[0.404s] DEBUG:colcon.colcon_core.verb:Building package 'p9n_example' with the following arguments: {'ament_cmake_args': None, 'build_base': '/root/ros2_ws/build/p9n_example', 'catkin_cmake_args': None, 'catkin_skip_building_tests': False, 'cmake_args': None, 'cmake_clean_cache': False, 'cmake_clean_first': False, 'cmake_force_configure': False, 'cmake_target': None, 'cmake_target_skip_unavailable': False, 'install_base': '/root/ros2_ws/install/p9n_example', 'merge_install': False, 'path': '/root/ros2_ws/src/PlayStation-JoyInterface-ROS2/p9n_example', 'symlink_install': True, 'test_result_base': None}
[0.404s] Level 5:colcon.colcon_core.verb:set package 'p9n_node' build argument 'cmake_args' from command line to 'None'
[0.404s] Level 5:colcon.colcon_core.verb:set package 'p9n_node' build argument 'cmake_target' from command line to 'None'
[0.404s] Level 5:colcon.colcon_core.verb:set package 'p9n_node' build argument 'cmake_target_skip_unavailable' from command line to 'False'
[0.404s] Level 5:colcon.colcon_core.verb:set package 'p9n_node' build argument 'cmake_clean_cache' from command line to 'False'
[0.404s] Level 5:colcon.colcon_core.verb:set package 'p9n_node' build argument 'cmake_clean_first' from command line to 'False'
[0.404s] Level 5:colcon.colcon_core.verb:set package 'p9n_node' build argument 'cmake_force_configure' from command line to 'False'
[0.404s] Level 5:colcon.colcon_core.verb:set package 'p9n_node' build argument 'ament_cmake_args' from command line to 'None'
[0.404s] Level 5:colcon.colcon_core.verb:set package 'p9n_node' build argument 'catkin_cmake_args' from command line to 'None'
[0.404s] Level 5:colcon.colcon_core.verb:set package 'p9n_node' build argument 'catkin_skip_building_tests' from command line to 'False'
[0.404s] DEBUG:colcon.colcon_core.verb:Building package 'p9n_node' with the following arguments: {'ament_cmake_args': None, 'build_base': '/root/ros2_ws/build/p9n_node', 'catkin_cmake_args': None, 'catkin_skip_building_tests': False, 'cmake_args': None, 'cmake_clean_cache': False, 'cmake_clean_first': False, 'cmake_force_configure': False, 'cmake_target': None, 'cmake_target_skip_unavailable': False, 'install_base': '/root/ros2_ws/install/p9n_node', 'merge_install': False, 'path': '/root/ros2_ws/src/PlayStation-JoyInterface-ROS2/p9n_node', 'symlink_install': True, 'test_result_base': None}
[0.405s] Level 5:colcon.colcon_core.verb:set package 'p9n_test' build argument 'cmake_args' from command line to 'None'
[0.405s] Level 5:colcon.colcon_core.verb:set package 'p9n_test' build argument 'cmake_target' from command line to 'None'
[0.405s] Level 5:colcon.colcon_core.verb:set package 'p9n_test' build argument 'cmake_target_skip_unavailable' from command line to 'False'
[0.405s] Level 5:colcon.colcon_core.verb:set package 'p9n_test' build argument 'cmake_clean_cache' from command line to 'False'
[0.405s] Level 5:colcon.colcon_core.verb:set package 'p9n_test' build argument 'cmake_clean_first' from command line to 'False'
[0.405s] Level 5:colcon.colcon_core.verb:set package 'p9n_test' build argument 'cmake_force_configure' from command line to 'False'
[0.405s] Level 5:colcon.colcon_core.verb:set package 'p9n_test' build argument 'ament_cmake_args' from command line to 'None'
[0.405s] Level 5:colcon.colcon_core.verb:set package 'p9n_test' build argument 'catkin_cmake_args' from command line to 'None'
[0.405s] Level 5:colcon.colcon_core.verb:set package 'p9n_test' build argument 'catkin_skip_building_tests' from command line to 'False'
[0.405s] DEBUG:colcon.colcon_core.verb:Building package 'p9n_test' with the following arguments: {'ament_cmake_args': None, 'build_base': '/root/ros2_ws/build/p9n_test', 'catkin_cmake_args': None, 'catkin_skip_building_tests': False, 'cmake_args': None, 'cmake_clean_cache': False, 'cmake_clean_first': False, 'cmake_force_configure': False, 'cmake_target': None, 'cmake_target_skip_unavailable': False, 'install_base': '/root/ros2_ws/install/p9n_test', 'merge_install': False, 'path': '/root/ros2_ws/src/PlayStation-JoyInterface-ROS2/p9n_test', 'symlink_install': True, 'test_result_base': None}
[0.405s] Level 5:colcon.colcon_core.verb:set package 'mg400_joy' build argument 'cmake_args' from command line to 'None'
[0.405s] Level 5:colcon.colcon_core.verb:set package 'mg400_joy' build argument 'cmake_target' from command line to 'None'
[0.405s] Level 5:colcon.colcon_core.verb:set package 'mg400_joy' build argument 'cmake_target_skip_unavailable' from command line to 'False'
[0.405s] Level 5:colcon.colcon_core.verb:set package 'mg400_joy' build argument 'cmake_clean_cache' from command line to 'False'
[0.405s] Level 5:colcon.colcon_core.verb:set package 'mg400_joy' build argument 'cmake_clean_first' from command line to 'False'
[0.405s] Level 5:colcon.colcon_core.verb:set package 'mg400_joy' build argument 'cmake_force_configure' from command line to 'False'
[0.405s] Level 5:colcon.colcon_core.verb:set package 'mg400_joy' build argument 'ament_cmake_args' from command line to 'None'
[0.405s] Level 5:colcon.colcon_core.verb:set package 'mg400_joy' build argument 'catkin_cmake_args' from command line to 'None'
[0.405s] Level 5:colcon.colcon_core.verb:set package 'mg400_joy' build argument 'catkin_skip_building_tests' from command line to 'False'
[0.405s] DEBUG:colcon.colcon_core.verb:Building package 'mg400_joy' with the following arguments: {'ament_cmake_args': None, 'build_base': '/root/ros2_ws/build/mg400_joy', 'catkin_cmake_args': None, 'catkin_skip_building_tests': False, 'cmake_args': None, 'cmake_clean_cache': False, 'cmake_clean_first': False, 'cmake_force_configure': False, 'cmake_target': None, 'cmake_target_skip_unavailable': False, 'install_base': '/root/ros2_ws/install/mg400_joy', 'merge_install': False, 'path': '/root/ros2_ws/src/MG400_ROS2/mg400_joy', 'symlink_install': True, 'test_result_base': None}
[0.405s] Level 5:colcon.colcon_core.verb:set package 'mg400_plugin_base' build argument 'cmake_args' from command line to 'None'
[0.405s] Level 5:colcon.colcon_core.verb:set package 'mg400_plugin_base' build argument 'cmake_target' from command line to 'None'
[0.405s] Level 5:colcon.colcon_core.verb:set package 'mg400_plugin_base' build argument 'cmake_target_skip_unavailable' from command line to 'False'
[0.405s] Level 5:colcon.colcon_core.verb:set package 'mg400_plugin_base' build argument 'cmake_clean_cache' from command line to 'False'
[0.405s] Level 5:colcon.colcon_core.verb:set package 'mg400_plugin_base' build argument 'cmake_clean_first' from command line to 'False'
[0.405s] Level 5:colcon.colcon_core.verb:set package 'mg400_plugin_base' build argument 'cmake_force_configure' from command line to 'False'
[0.405s] Level 5:colcon.colcon_core.verb:set package 'mg400_plugin_base' build argument 'ament_cmake_args' from command line to 'None'
[0.405s] Level 5:colcon.colcon_core.verb:set package 'mg400_plugin_base' build argument 'catkin_cmake_args' from command line to 'None'
[0.406s] Level 5:colcon.colcon_core.verb:set package 'mg400_plugin_base' build argument 'catkin_skip_building_tests' from command line to 'False'
[0.406s] DEBUG:colcon.colcon_core.verb:Building package 'mg400_plugin_base' with the following arguments: {'ament_cmake_args': None, 'build_base': '/root/ros2_ws/build/mg400_plugin_base', 'catkin_cmake_args': None, 'catkin_skip_building_tests': False, 'cmake_args': None, 'cmake_clean_cache': False, 'cmake_clean_first': False, 'cmake_force_configure': False, 'cmake_target': None, 'cmake_target_skip_unavailable': False, 'install_base': '/root/ros2_ws/install/mg400_plugin_base', 'merge_install': False, 'path': '/root/ros2_ws/src/MG400_ROS2/mg400_plugin_base', 'symlink_install': True, 'test_result_base': None}
[0.406s] Level 5:colcon.colcon_core.verb:set package 'mg400_rviz_plugin' build argument 'cmake_args' from command line to 'None'
[0.406s] Level 5:colcon.colcon_core.verb:set package 'mg400_rviz_plugin' build argument 'cmake_target' from command line to 'None'
[0.406s] Level 5:colcon.colcon_core.verb:set package 'mg400_rviz_plugin' build argument 'cmake_target_skip_unavailable' from command line to 'False'
[0.406s] Level 5:colcon.colcon_core.verb:set package 'mg400_rviz_plugin' build argument 'cmake_clean_cache' from command line to 'False'
[0.406s] Level 5:colcon.colcon_core.verb:set package 'mg400_rviz_plugin' build argument 'cmake_clean_first' from command line to 'False'
[0.406s] Level 5:colcon.colcon_core.verb:set package 'mg400_rviz_plugin' build argument 'cmake_force_configure' from command line to 'False'
[0.406s] Level 5:colcon.colcon_core.verb:set package 'mg400_rviz_plugin' build argument 'ament_cmake_args' from command line to 'None'
[0.406s] Level 5:colcon.colcon_core.verb:set package 'mg400_rviz_plugin' build argument 'catkin_cmake_args' from command line to 'None'
[0.406s] Level 5:colcon.colcon_core.verb:set package 'mg400_rviz_plugin' build argument 'catkin_skip_building_tests' from command line to 'False'
[0.406s] DEBUG:colcon.colcon_core.verb:Building package 'mg400_rviz_plugin' with the following arguments: {'ament_cmake_args': None, 'build_base': '/root/ros2_ws/build/mg400_rviz_plugin', 'catkin_cmake_args': None, 'catkin_skip_building_tests': False, 'cmake_args': None, 'cmake_clean_cache': False, 'cmake_clean_first': False, 'cmake_force_configure': False, 'cmake_target': None, 'cmake_target_skip_unavailable': False, 'install_base': '/root/ros2_ws/install/mg400_rviz_plugin', 'merge_install': False, 'path': '/root/ros2_ws/src/MG400_ROS2/mg400_rviz_plugin', 'symlink_install': True, 'test_result_base': None}
[0.406s] Level 5:colcon.colcon_core.verb:set package 'p9n_bringup' build argument 'cmake_args' from command line to 'None'
[0.406s] Level 5:colcon.colcon_core.verb:set package 'p9n_bringup' build argument 'cmake_target' from command line to 'None'
[0.406s] Level 5:colcon.colcon_core.verb:set package 'p9n_bringup' build argument 'cmake_target_skip_unavailable' from command line to 'False'
[0.406s] Level 5:colcon.colcon_core.verb:set package 'p9n_bringup' build argument 'cmake_clean_cache' from command line to 'False'
[0.406s] Level 5:colcon.colcon_core.verb:set package 'p9n_bringup' build argument 'cmake_clean_first' from command line to 'False'
[0.406s] Level 5:colcon.colcon_core.verb:set package 'p9n_bringup' build argument 'cmake_force_configure' from command line to 'False'
[0.406s] Level 5:colcon.colcon_core.verb:set package 'p9n_bringup' build argument 'ament_cmake_args' from command line to 'None'
[0.406s] Level 5:colcon.colcon_core.verb:set package 'p9n_bringup' build argument 'catkin_cmake_args' from command line to 'None'
[0.406s] Level 5:colcon.colcon_core.verb:set package 'p9n_bringup' build argument 'catkin_skip_building_tests' from command line to 'False'
[0.406s] DEBUG:colcon.colcon_core.verb:Building package 'p9n_bringup' with the following arguments: {'ament_cmake_args': None, 'build_base': '/root/ros2_ws/build/p9n_bringup', 'catkin_cmake_args': None, 'catkin_skip_building_tests': False, 'cmake_args': None, 'cmake_clean_cache': False, 'cmake_clean_first': False, 'cmake_force_configure': False, 'cmake_target': None, 'cmake_target_skip_unavailable': False, 'install_base': '/root/ros2_ws/install/p9n_bringup', 'merge_install': False, 'path': '/root/ros2_ws/src/PlayStation-JoyInterface-ROS2/p9n_bringup', 'symlink_install': True, 'test_result_base': None}
[0.407s] Level 5:colcon.colcon_core.verb:set package 'mg400_plugin' build argument 'cmake_args' from command line to 'None'
[0.407s] Level 5:colcon.colcon_core.verb:set package 'mg400_plugin' build argument 'cmake_target' from command line to 'None'
[0.407s] Level 5:colcon.colcon_core.verb:set package 'mg400_plugin' build argument 'cmake_target_skip_unavailable' from command line to 'False'
[0.407s] Level 5:colcon.colcon_core.verb:set package 'mg400_plugin' build argument 'cmake_clean_cache' from command line to 'False'
[0.407s] Level 5:colcon.colcon_core.verb:set package 'mg400_plugin' build argument 'cmake_clean_first' from command line to 'False'
[0.407s] Level 5:colcon.colcon_core.verb:set package 'mg400_plugin' build argument 'cmake_force_configure' from command line to 'False'
[0.407s] Level 5:colcon.colcon_core.verb:set package 'mg400_plugin' build argument 'ament_cmake_args' from command line to 'None'
[0.407s] Level 5:colcon.colcon_core.verb:set package 'mg400_plugin' build argument 'catkin_cmake_args' from command line to 'None'
[0.407s] Level 5:colcon.colcon_core.verb:set package 'mg400_plugin' build argument 'catkin_skip_building_tests' from command line to 'False'
[0.407s] DEBUG:colcon.colcon_core.verb:Building package 'mg400_plugin' with the following arguments: {'ament_cmake_args': None, 'build_base': '/root/ros2_ws/build/mg400_plugin', 'catkin_cmake_args': None, 'catkin_skip_building_tests': False, 'cmake_args': None, 'cmake_clean_cache': False, 'cmake_clean_first': False, 'cmake_force_configure': False, 'cmake_target': None, 'cmake_target_skip_unavailable': False, 'install_base': '/root/ros2_ws/install/mg400_plugin', 'merge_install': False, 'path': '/root/ros2_ws/src/MG400_ROS2/mg400_plugin', 'symlink_install': True, 'test_result_base': None}
[0.407s] Level 5:colcon.colcon_core.verb:set package 'p9n' build argument 'cmake_args' from command line to 'None'
[0.407s] Level 5:colcon.colcon_core.verb:set package 'p9n' build argument 'cmake_target' from command line to 'None'
[0.407s] Level 5:colcon.colcon_core.verb:set package 'p9n' build argument 'cmake_target_skip_unavailable' from command line to 'False'
[0.407s] Level 5:colcon.colcon_core.verb:set package 'p9n' build argument 'cmake_clean_cache' from command line to 'False'
[0.407s] Level 5:colcon.colcon_core.verb:set package 'p9n' build argument 'cmake_clean_first' from command line to 'False'
[0.407s] Level 5:colcon.colcon_core.verb:set package 'p9n' build argument 'cmake_force_configure' from command line to 'False'
[0.407s] Level 5:colcon.colcon_core.verb:set package 'p9n' build argument 'ament_cmake_args' from command line to 'None'
[0.407s] Level 5:colcon.colcon_core.verb:set package 'p9n' build argument 'catkin_cmake_args' from command line to 'None'
[0.407s] Level 5:colcon.colcon_core.verb:set package 'p9n' build argument 'catkin_skip_building_tests' from command line to 'False'
[0.407s] DEBUG:colcon.colcon_core.verb:Building package 'p9n' with the following arguments: {'ament_cmake_args': None, 'build_base': '/root/ros2_ws/build/p9n', 'catkin_cmake_args': None, 'catkin_skip_building_tests': False, 'cmake_args': None, 'cmake_clean_cache': False, 'cmake_clean_first': False, 'cmake_force_configure': False, 'cmake_target': None, 'cmake_target_skip_unavailable': False, 'install_base': '/root/ros2_ws/install/p9n', 'merge_install': False, 'path': '/root/ros2_ws/src/PlayStation-JoyInterface-ROS2/p9n', 'symlink_install': True, 'test_result_base': None}
[0.407s] Level 5:colcon.colcon_core.verb:set package 'mg400_node' build argument 'cmake_args' from command line to 'None'
[0.407s] Level 5:colcon.colcon_core.verb:set package 'mg400_node' build argument 'cmake_target' from command line to 'None'
[0.407s] Level 5:colcon.colcon_core.verb:set package 'mg400_node' build argument 'cmake_target_skip_unavailable' from command line to 'False'
[0.407s] Level 5:colcon.colcon_core.verb:set package 'mg400_node' build argument 'cmake_clean_cache' from command line to 'False'
[0.407s] Level 5:colcon.colcon_core.verb:set package 'mg400_node' build argument 'cmake_clean_first' from command line to 'False'
[0.407s] Level 5:colcon.colcon_core.verb:set package 'mg400_node' build argument 'cmake_force_configure' from command line to 'False'
[0.407s] Level 5:colcon.colcon_core.verb:set package 'mg400_node' build argument 'ament_cmake_args' from command line to 'None'
[0.407s] Level 5:colcon.colcon_core.verb:set package 'mg400_node' build argument 'catkin_cmake_args' from command line to 'None'
[0.407s] Level 5:colcon.colcon_core.verb:set package 'mg400_node' build argument 'catkin_skip_building_tests' from command line to 'False'
[0.408s] DEBUG:colcon.colcon_core.verb:Building package 'mg400_node' with the following arguments: {'ament_cmake_args': None, 'build_base': '/root/ros2_ws/build/mg400_node', 'catkin_cmake_args': None, 'catkin_skip_building_tests': False, 'cmake_args': None, 'cmake_clean_cache': False, 'cmake_clean_first': False, 'cmake_force_configure': False, 'cmake_target': None, 'cmake_target_skip_unavailable': False, 'install_base': '/root/ros2_ws/install/mg400_node', 'merge_install': False, 'path': '/root/ros2_ws/src/MG400_ROS2/mg400_node', 'symlink_install': True, 'test_result_base': None}
[0.408s] Level 5:colcon.colcon_core.verb:set package 'mg400_bringup' build argument 'cmake_args' from command line to 'None'
[0.408s] Level 5:colcon.colcon_core.verb:set package 'mg400_bringup' build argument 'cmake_target' from command line to 'None'
[0.408s] Level 5:colcon.colcon_core.verb:set package 'mg400_bringup' build argument 'cmake_target_skip_unavailable' from command line to 'False'
[0.408s] Level 5:colcon.colcon_core.verb:set package 'mg400_bringup' build argument 'cmake_clean_cache' from command line to 'False'
[0.408s] Level 5:colcon.colcon_core.verb:set package 'mg400_bringup' build argument 'cmake_clean_first' from command line to 'False'
[0.408s] Level 5:colcon.colcon_core.verb:set package 'mg400_bringup' build argument 'cmake_force_configure' from command line to 'False'
[0.408s] Level 5:colcon.colcon_core.verb:set package 'mg400_bringup' build argument 'ament_cmake_args' from command line to 'None'
[0.408s] Level 5:colcon.colcon_core.verb:set package 'mg400_bringup' build argument 'catkin_cmake_args' from command line to 'None'
[0.408s] Level 5:colcon.colcon_core.verb:set package 'mg400_bringup' build argument 'catkin_skip_building_tests' from command line to 'False'
[0.408s] DEBUG:colcon.colcon_core.verb:Building package 'mg400_bringup' with the following arguments: {'ament_cmake_args': None, 'build_base': '/root/ros2_ws/build/mg400_bringup', 'catkin_cmake_args': None, 'catkin_skip_building_tests': False, 'cmake_args': None, 'cmake_clean_cache': False, 'cmake_clean_first': False, 'cmake_force_configure': False, 'cmake_target': None, 'cmake_target_skip_unavailable': False, 'install_base': '/root/ros2_ws/install/mg400_bringup', 'merge_install': False, 'path': '/root/ros2_ws/src/MG400_ROS2/mg400_bringup', 'symlink_install': True, 'test_result_base': None}
[0.408s] Level 5:colcon.colcon_core.verb:set package 'mg400' build argument 'cmake_args' from command line to 'None'
[0.408s] Level 5:colcon.colcon_core.verb:set package 'mg400' build argument 'cmake_target' from command line to 'None'
[0.408s] Level 5:colcon.colcon_core.verb:set package 'mg400' build argument 'cmake_target_skip_unavailable' from command line to 'False'
[0.408s] Level 5:colcon.colcon_core.verb:set package 'mg400' build argument 'cmake_clean_cache' from command line to 'False'
[0.408s] Level 5:colcon.colcon_core.verb:set package 'mg400' build argument 'cmake_clean_first' from command line to 'False'
[0.408s] Level 5:colcon.colcon_core.verb:set package 'mg400' build argument 'cmake_force_configure' from command line to 'False'
[0.408s] Level 5:colcon.colcon_core.verb:set package 'mg400' build argument 'ament_cmake_args' from command line to 'None'
[0.408s] Level 5:colcon.colcon_core.verb:set package 'mg400' build argument 'catkin_cmake_args' from command line to 'None'
[0.408s] Level 5:colcon.colcon_core.verb:set package 'mg400' build argument 'catkin_skip_building_tests' from command line to 'False'
[0.408s] DEBUG:colcon.colcon_core.verb:Building package 'mg400' with the following arguments: {'ament_cmake_args': None, 'build_base': '/root/ros2_ws/build/mg400', 'catkin_cmake_args': None, 'catkin_skip_building_tests': False, 'cmake_args': None, 'cmake_clean_cache': False, 'cmake_clean_first': False, 'cmake_force_configure': False, 'cmake_target': None, 'cmake_target_skip_unavailable': False, 'install_base': '/root/ros2_ws/install/mg400', 'merge_install': False, 'path': '/root/ros2_ws/src/MG400_ROS2/mg400', 'symlink_install': True, 'test_result_base': None}
[0.408s] INFO:colcon.colcon_core.executor:Executing jobs using 'parallel' executor
[0.409s] DEBUG:colcon.colcon_parallel_executor.executor.parallel:run_until_complete
[0.410s] INFO:colcon.colcon_ros.task.ament_cmake.build:Building ROS package in '/root/ros2_ws/src/MG400_ROS2/mg400_common' with build type 'ament_cmake'
[0.410s] INFO:colcon.colcon_cmake.task.cmake.build:Building CMake package in '/root/ros2_ws/src/MG400_ROS2/mg400_common'
[0.413s] INFO:colcon.colcon_core.plugin_system:Skipping extension 'colcon_core.shell.bat': Not used on non-Windows systems
[0.413s] INFO:colcon.colcon_core.shell:Skip shell extension 'powershell' for command environment: Not usable outside of PowerShell
[0.413s] DEBUG:colcon.colcon_core.shell:Skip shell extension 'dsv' for command environment
[0.417s] INFO:colcon.colcon_ros.task.ament_cmake.build:Building ROS package in '/root/ros2_ws/src/MG400_ROS2/mg400_msgs' with build type 'ament_cmake'
[0.417s] INFO:colcon.colcon_cmake.task.cmake.build:Building CMake package in '/root/ros2_ws/src/MG400_ROS2/mg400_msgs'
[0.417s] INFO:colcon.colcon_core.shell:Skip shell extension 'powershell' for command environment: Not usable outside of PowerShell
[0.417s] DEBUG:colcon.colcon_core.shell:Skip shell extension 'dsv' for command environment
[0.420s] INFO:colcon.colcon_ros.task.ament_cmake.build:Building ROS package in '/root/ros2_ws/src/PlayStation-JoyInterface-ROS2/p9n_interface' with build type 'ament_cmake'
[0.420s] INFO:colcon.colcon_cmake.task.cmake.build:Building CMake package in '/root/ros2_ws/src/PlayStation-JoyInterface-ROS2/p9n_interface'
[0.420s] INFO:colcon.colcon_core.shell:Skip shell extension 'powershell' for command environment: Not usable outside of PowerShell
[0.420s] DEBUG:colcon.colcon_core.shell:Skip shell extension 'dsv' for command environment
[0.422s] INFO:colcon.colcon_ros.task.ament_cmake.build:Building ROS package in '/root/ros2_ws/src/MG400_ROS2/mg400_description' with build type 'ament_cmake'
[0.423s] INFO:colcon.colcon_cmake.task.cmake.build:Building CMake package in '/root/ros2_ws/src/MG400_ROS2/mg400_description'
[0.423s] INFO:colcon.colcon_core.shell:Skip shell extension 'powershell' for command environment: Not usable outside of PowerShell
[0.423s] DEBUG:colcon.colcon_core.shell:Skip shell extension 'dsv' for command environment
[0.428s] DEBUG:colcon.colcon_core.event_handler.log_command:Invoking command in '/root/ros2_ws/build/mg400_common': CMAKE_PREFIX_PATH=/opt/ros/humble /usr/bin/cmake --build /root/ros2_ws/build/mg400_common -- -j16 -l16
[0.432s] DEBUG:colcon.colcon_core.event_handler.log_command:Invoking command in '/root/ros2_ws/build/mg400_msgs': CMAKE_PREFIX_PATH=/opt/ros/humble /usr/bin/cmake --build /root/ros2_ws/build/mg400_msgs -- -j16 -l16
[0.434s] DEBUG:colcon.colcon_core.event_handler.log_command:Invoking command in '/root/ros2_ws/build/p9n_interface': CMAKE_PREFIX_PATH=/opt/ros/humble /usr/bin/cmake --build /root/ros2_ws/build/p9n_interface -- -j16 -l16
[0.437s] DEBUG:colcon.colcon_core.event_handler.log_command:Invoking command in '/root/ros2_ws/build/mg400_description': CMAKE_PREFIX_PATH=/opt/ros/humble /usr/bin/cmake --build /root/ros2_ws/build/mg400_description -- -j16 -l16
[0.469s] DEBUG:colcon.colcon_core.event_handler.log_command:Invoked command in '/root/ros2_ws/build/mg400_description' returned '0': CMAKE_PREFIX_PATH=/opt/ros/humble /usr/bin/cmake --build /root/ros2_ws/build/mg400_description -- -j16 -l16
[0.478s] DEBUG:colcon.colcon_core.event_handler.log_command:Invoking command in '/root/ros2_ws/build/mg400_description': CMAKE_PREFIX_PATH=/opt/ros/humble /usr/bin/cmake --install /root/ros2_ws/build/mg400_description
[0.494s] DEBUG:colcon.colcon_core.event_handler.log_command:Invoked command in '/root/ros2_ws/build/p9n_interface' returned '0': CMAKE_PREFIX_PATH=/opt/ros/humble /usr/bin/cmake --build /root/ros2_ws/build/p9n_interface -- -j16 -l16
[0.496s] DEBUG:colcon.colcon_core.event_handler.log_command:Invoking command in '/root/ros2_ws/build/p9n_interface': CMAKE_PREFIX_PATH=/opt/ros/humble /usr/bin/cmake --install /root/ros2_ws/build/p9n_interface
[0.502s] Level 1:colcon.colcon_core.environment:create_environment_scripts_only(mg400_description)
[0.502s] DEBUG:colcon.colcon_core.event_handler.log_command:Invoked command in '/root/ros2_ws/build/mg400_description' returned '0': CMAKE_PREFIX_PATH=/opt/ros/humble /usr/bin/cmake --install /root/ros2_ws/build/mg400_description
[0.507s] Level 1:colcon.colcon_core.environment:checking '/root/ros2_ws/install/mg400_description' for CMake module files
[0.508s] Level 1:colcon.colcon_core.environment:checking '/root/ros2_ws/install/mg400_description' for CMake config files
[0.510s] Level 1:colcon.colcon_core.shell:create_environment_hook('mg400_description', 'cmake_prefix_path')
[0.511s] INFO:colcon.colcon_core.shell:Creating environment hook '/root/ros2_ws/install/mg400_description/share/mg400_description/hook/cmake_prefix_path.ps1'
[0.511s] INFO:colcon.colcon_core.shell:Creating environment descriptor '/root/ros2_ws/install/mg400_description/share/mg400_description/hook/cmake_prefix_path.dsv'
[0.512s] INFO:colcon.colcon_core.shell:Creating environment hook '/root/ros2_ws/install/mg400_description/share/mg400_description/hook/cmake_prefix_path.sh'
[0.513s] Level 1:colcon.colcon_core.environment:checking '/root/ros2_ws/install/mg400_description/bin'
[0.513s] Level 1:colcon.colcon_core.environment:checking '/root/ros2_ws/install/mg400_description/lib/pkgconfig/mg400_description.pc'
[0.515s] Level 1:colcon.colcon_core.environment:checking '/root/ros2_ws/install/mg400_description/lib/python3.10/site-packages'
[0.515s] Level 1:colcon.colcon_core.environment:checking '/root/ros2_ws/install/mg400_description/bin'
[0.515s] INFO:colcon.colcon_core.shell:Creating package script '/root/ros2_ws/install/mg400_description/share/mg400_description/package.ps1'
[0.517s] INFO:colcon.colcon_core.shell:Creating package descriptor '/root/ros2_ws/install/mg400_description/share/mg400_description/package.dsv'
[0.518s] INFO:colcon.colcon_core.shell:Creating package script '/root/ros2_ws/install/mg400_description/share/mg400_description/package.sh'
[0.519s] INFO:colcon.colcon_core.shell:Creating package script '/root/ros2_ws/install/mg400_description/share/mg400_description/package.bash'
[0.520s] INFO:colcon.colcon_core.shell:Creating package script '/root/ros2_ws/install/mg400_description/share/mg400_description/package.zsh'
[0.521s] Level 1:colcon.colcon_core.environment:create_file_with_runtime_dependencies(/root/ros2_ws/install/mg400_description/share/colcon-core/packages/mg400_description)
[0.521s] Level 1:colcon.colcon_core.environment:create_environment_scripts_only(mg400_description)
[0.521s] Level 1:colcon.colcon_core.environment:checking '/root/ros2_ws/install/mg400_description' for CMake module files
[0.522s] Level 1:colcon.colcon_core.environment:checking '/root/ros2_ws/install/mg400_description' for CMake config files
[0.522s] Level 1:colcon.colcon_core.shell:create_environment_hook('mg400_description', 'cmake_prefix_path')
[0.523s] INFO:colcon.colcon_core.shell:Creating environment hook '/root/ros2_ws/install/mg400_description/share/mg400_description/hook/cmake_prefix_path.ps1'
[0.523s] INFO:colcon.colcon_core.shell:Creating environment descriptor '/root/ros2_ws/install/mg400_description/share/mg400_description/hook/cmake_prefix_path.dsv'
[0.523s] INFO:colcon.colcon_core.shell:Creating environment hook '/root/ros2_ws/install/mg400_description/share/mg400_description/hook/cmake_prefix_path.sh'
[0.524s] Level 1:colcon.colcon_core.environment:checking '/root/ros2_ws/install/mg400_description/bin'
[0.524s] Level 1:colcon.colcon_core.environment:checking '/root/ros2_ws/install/mg400_description/lib/pkgconfig/mg400_description.pc'
[0.524s] Level 1:colcon.colcon_core.environment:checking '/root/ros2_ws/install/mg400_description/lib/python3.10/site-packages'
[0.524s] Level 1:colcon.colcon_core.environment:checking '/root/ros2_ws/install/mg400_description/bin'
[0.524s] INFO:colcon.colcon_core.shell:Creating package script '/root/ros2_ws/install/mg400_description/share/mg400_description/package.ps1'
[0.525s] INFO:colcon.colcon_core.shell:Creating package descriptor '/root/ros2_ws/install/mg400_description/share/mg400_description/package.dsv'
[0.525s] INFO:colcon.colcon_core.shell:Creating package script '/root/ros2_ws/install/mg400_description/share/mg400_description/package.sh'
[0.525s] INFO:colcon.colcon_core.shell:Creating package script '/root/ros2_ws/install/mg400_description/share/mg400_description/package.bash'
[0.526s] INFO:colcon.colcon_core.shell:Creating package script '/root/ros2_ws/install/mg400_description/share/mg400_description/package.zsh'
[0.526s] Level 1:colcon.colcon_core.environment:create_file_with_runtime_dependencies(/root/ros2_ws/install/mg400_description/share/colcon-core/packages/mg400_description)
[0.527s] DEBUG:colcon.colcon_core.event_handler.log_command:Invoked command in '/root/ros2_ws/build/mg400_common' returned '0': CMAKE_PREFIX_PATH=/opt/ros/humble /usr/bin/cmake --build /root/ros2_ws/build/mg400_common -- -j16 -l16
[0.529s] DEBUG:colcon.colcon_core.event_handler.log_command:Invoking command in '/root/ros2_ws/build/mg400_common': CMAKE_PREFIX_PATH=/opt/ros/humble /usr/bin/cmake --install /root/ros2_ws/build/mg400_common
[0.529s] Level 1:colcon.colcon_core.environment:create_environment_scripts_only(p9n_interface)
[0.529s] Level 1:colcon.colcon_core.environment:checking '/root/ros2_ws/install/p9n_interface' for CMake module files
[0.530s] DEBUG:colcon.colcon_core.event_handler.log_command:Invoked command in '/root/ros2_ws/build/p9n_interface' returned '0': CMAKE_PREFIX_PATH=/opt/ros/humble /usr/bin/cmake --install /root/ros2_ws/build/p9n_interface
[0.530s] Level 1:colcon.colcon_core.environment:checking '/root/ros2_ws/install/p9n_interface' for CMake config files
[0.531s] Level 1:colcon.colcon_core.shell:create_environment_hook('p9n_interface', 'cmake_prefix_path')
[0.531s] INFO:colcon.colcon_core.shell:Creating environment hook '/root/ros2_ws/install/p9n_interface/share/p9n_interface/hook/cmake_prefix_path.ps1'
[0.532s] INFO:colcon.colcon_core.shell:Creating environment descriptor '/root/ros2_ws/install/p9n_interface/share/p9n_interface/hook/cmake_prefix_path.dsv'
[0.532s] INFO:colcon.colcon_core.shell:Creating environment hook '/root/ros2_ws/install/p9n_interface/share/p9n_interface/hook/cmake_prefix_path.sh'
[0.533s] Level 1:colcon.colcon_core.environment:checking '/root/ros2_ws/install/p9n_interface/lib'
[0.533s] Level 1:colcon.colcon_core.environment:checking '/root/ros2_ws/install/p9n_interface/bin'
[0.533s] Level 1:colcon.colcon_core.environment:checking '/root/ros2_ws/install/p9n_interface/lib/pkgconfig/p9n_interface.pc'
[0.534s] Level 1:colcon.colcon_core.environment:checking '/root/ros2_ws/install/p9n_interface/lib/python3.10/site-packages'
[0.534s] Level 1:colcon.colcon_core.environment:checking '/root/ros2_ws/install/p9n_interface/bin'
[0.534s] INFO:colcon.colcon_core.shell:Creating package script '/root/ros2_ws/install/p9n_interface/share/p9n_interface/package.ps1'
[0.535s] INFO:colcon.colcon_core.shell:Creating package descriptor '/root/ros2_ws/install/p9n_interface/share/p9n_interface/package.dsv'
[0.535s] INFO:colcon.colcon_core.shell:Creating package script '/root/ros2_ws/install/p9n_interface/share/p9n_interface/package.sh'
[0.536s] INFO:colcon.colcon_core.shell:Creating package script '/root/ros2_ws/install/p9n_interface/share/p9n_interface/package.bash'
[0.536s] INFO:colcon.colcon_core.shell:Creating package script '/root/ros2_ws/install/p9n_interface/share/p9n_interface/package.zsh'
[0.537s] Level 1:colcon.colcon_core.environment:create_file_with_runtime_dependencies(/root/ros2_ws/install/p9n_interface/share/colcon-core/packages/p9n_interface)
[0.538s] Level 1:colcon.colcon_core.environment:create_environment_scripts_only(p9n_interface)
[0.538s] Level 1:colcon.colcon_core.environment:checking '/root/ros2_ws/install/p9n_interface' for CMake module files
[0.540s] Level 1:colcon.colcon_core.environment:checking '/root/ros2_ws/install/p9n_interface' for CMake config files
[0.541s] Level 1:colcon.colcon_core.shell:create_environment_hook('p9n_interface', 'cmake_prefix_path')
[0.541s] INFO:colcon.colcon_core.shell:Creating environment hook '/root/ros2_ws/install/p9n_interface/share/p9n_interface/hook/cmake_prefix_path.ps1'
[0.542s] INFO:colcon.colcon_core.shell:Creating environment descriptor '/root/ros2_ws/install/p9n_interface/share/p9n_interface/hook/cmake_prefix_path.dsv'
[0.542s] INFO:colcon.colcon_core.shell:Creating environment hook '/root/ros2_ws/install/p9n_interface/share/p9n_interface/hook/cmake_prefix_path.sh'
[0.543s] Level 1:colcon.colcon_core.environment:checking '/root/ros2_ws/install/p9n_interface/lib'
[0.543s] Level 1:colcon.colcon_core.environment:checking '/root/ros2_ws/install/p9n_interface/bin'
[0.543s] Level 1:colcon.colcon_core.environment:checking '/root/ros2_ws/install/p9n_interface/lib/pkgconfig/p9n_interface.pc'
[0.543s] Level 1:colcon.colcon_core.environment:checking '/root/ros2_ws/install/p9n_interface/lib/python3.10/site-packages'
[0.543s] Level 1:colcon.colcon_core.environment:checking '/root/ros2_ws/install/p9n_interface/bin'
[0.543s] INFO:colcon.colcon_core.shell:Creating package script '/root/ros2_ws/install/p9n_interface/share/p9n_interface/package.ps1'
[0.544s] INFO:colcon.colcon_core.shell:Creating package descriptor '/root/ros2_ws/install/p9n_interface/share/p9n_interface/package.dsv'
[0.544s] INFO:colcon.colcon_core.shell:Creating package script '/root/ros2_ws/install/p9n_interface/share/p9n_interface/package.sh'
[0.545s] INFO:colcon.colcon_core.shell:Creating package script '/root/ros2_ws/install/p9n_interface/share/p9n_interface/package.bash'
[0.545s] INFO:colcon.colcon_core.shell:Creating package script '/root/ros2_ws/install/p9n_interface/share/p9n_interface/package.zsh'
[0.545s] Level 1:colcon.colcon_core.environment:create_file_with_runtime_dependencies(/root/ros2_ws/install/p9n_interface/share/colcon-core/packages/p9n_interface)
[0.545s] INFO:colcon.colcon_ros.task.ament_cmake.build:Building ROS package in '/root/ros2_ws/src/PlayStation-JoyInterface-ROS2/p9n_node' with build type 'ament_cmake'
[0.546s] INFO:colcon.colcon_cmake.task.cmake.build:Building CMake package in '/root/ros2_ws/src/PlayStation-JoyInterface-ROS2/p9n_node'
[0.546s] INFO:colcon.colcon_core.shell:Skip shell extension 'powershell' for command environment: Not usable outside of PowerShell
[0.546s] DEBUG:colcon.colcon_core.shell:Skip shell extension 'dsv' for command environment
[0.549s] INFO:colcon.colcon_ros.task.ament_cmake.build:Building ROS package in '/root/ros2_ws/src/PlayStation-JoyInterface-ROS2/p9n_example' with build type 'ament_cmake'
[0.549s] INFO:colcon.colcon_cmake.task.cmake.build:Building CMake package in '/root/ros2_ws/src/PlayStation-JoyInterface-ROS2/p9n_example'
[0.549s] INFO:colcon.colcon_core.shell:Skip shell extension 'powershell' for command environment: Not usable outside of PowerShell
[0.550s] DEBUG:colcon.colcon_core.shell:Skip shell extension 'dsv' for command environment
[0.553s] INFO:colcon.colcon_ros.task.ament_cmake.build:Building ROS package in '/root/ros2_ws/src/PlayStation-JoyInterface-ROS2/p9n_test' with build type 'ament_cmake'
[0.553s] INFO:colcon.colcon_cmake.task.cmake.build:Building CMake package in '/root/ros2_ws/src/PlayStation-JoyInterface-ROS2/p9n_test'
[0.554s] INFO:colcon.colcon_core.shell:Skip shell extension 'powershell' for command environment: Not usable outside of PowerShell
[0.554s] DEBUG:colcon.colcon_core.shell:Skip shell extension 'dsv' for command environment
[0.558s] Level 1:colcon.colcon_core.environment:create_environment_scripts_only(mg400_common)
[0.558s] Level 1:colcon.colcon_core.environment:checking '/root/ros2_ws/install/mg400_common' for CMake module files
[0.558s] DEBUG:colcon.colcon_core.event_handler.log_command:Invoked command in '/root/ros2_ws/build/mg400_common' returned '0': CMAKE_PREFIX_PATH=/opt/ros/humble /usr/bin/cmake --install /root/ros2_ws/build/mg400_common
[0.559s] Level 1:colcon.colcon_core.environment:checking '/root/ros2_ws/install/mg400_common' for CMake config files
[0.560s] Level 1:colcon.colcon_core.shell:create_environment_hook('mg400_common', 'cmake_prefix_path')
[0.560s] INFO:colcon.colcon_core.shell:Creating environment hook '/root/ros2_ws/install/mg400_common/share/mg400_common/hook/cmake_prefix_path.ps1'
[0.560s] INFO:colcon.colcon_core.shell:Creating environment descriptor '/root/ros2_ws/install/mg400_common/share/mg400_common/hook/cmake_prefix_path.dsv'
[0.561s] INFO:colcon.colcon_core.shell:Creating environment hook '/root/ros2_ws/install/mg400_common/share/mg400_common/hook/cmake_prefix_path.sh'
[0.561s] Level 1:colcon.colcon_core.environment:checking '/root/ros2_ws/install/mg400_common/lib'
[0.561s] Level 1:colcon.colcon_core.shell:create_environment_hook('mg400_common', 'ld_library_path_lib')
[0.561s] INFO:colcon.colcon_core.shell:Creating environment hook '/root/ros2_ws/install/mg400_common/share/mg400_common/hook/ld_library_path_lib.ps1'
[0.562s] INFO:colcon.colcon_core.shell:Creating environment descriptor '/root/ros2_ws/install/mg400_common/share/mg400_common/hook/ld_library_path_lib.dsv'
[0.562s] INFO:colcon.colcon_core.shell:Creating environment hook '/root/ros2_ws/install/mg400_common/share/mg400_common/hook/ld_library_path_lib.sh'
[0.562s] Level 1:colcon.colcon_core.environment:checking '/root/ros2_ws/install/mg400_common/bin'
[0.562s] Level 1:colcon.colcon_core.environment:checking '/root/ros2_ws/install/mg400_common/lib/pkgconfig/mg400_common.pc'
[0.562s] Level 1:colcon.colcon_core.environment:checking '/root/ros2_ws/install/mg400_common/lib/python3.10/site-packages'
[0.563s] Level 1:colcon.colcon_core.environment:checking '/root/ros2_ws/install/mg400_common/bin'
[0.563s] INFO:colcon.colcon_core.shell:Creating package script '/root/ros2_ws/install/mg400_common/share/mg400_common/package.ps1'
[0.563s] INFO:colcon.colcon_core.shell:Creating package descriptor '/root/ros2_ws/install/mg400_common/share/mg400_common/package.dsv'
[0.564s] INFO:colcon.colcon_core.shell:Creating package script '/root/ros2_ws/install/mg400_common/share/mg400_common/package.sh'
[0.564s] INFO:colcon.colcon_core.shell:Creating package script '/root/ros2_ws/install/mg400_common/share/mg400_common/package.bash'
[0.565s] INFO:colcon.colcon_core.shell:Creating package script '/root/ros2_ws/install/mg400_common/share/mg400_common/package.zsh'
[0.565s] Level 1:colcon.colcon_core.environment:create_file_with_runtime_dependencies(/root/ros2_ws/install/mg400_common/share/colcon-core/packages/mg400_common)
[0.565s] Level 1:colcon.colcon_core.environment:create_environment_scripts_only(mg400_common)
[0.566s] Level 1:colcon.colcon_core.environment:checking '/root/ros2_ws/install/mg400_common' for CMake module files
[0.566s] Level 1:colcon.colcon_core.environment:checking '/root/ros2_ws/install/mg400_common' for CMake config files
[0.566s] Level 1:colcon.colcon_core.shell:create_environment_hook('mg400_common', 'cmake_prefix_path')
[0.566s] INFO:colcon.colcon_core.shell:Creating environment hook '/root/ros2_ws/install/mg400_common/share/mg400_common/hook/cmake_prefix_path.ps1'
[0.567s] INFO:colcon.colcon_core.shell:Creating environment descriptor '/root/ros2_ws/install/mg400_common/share/mg400_common/hook/cmake_prefix_path.dsv'
[0.567s] INFO:colcon.colcon_core.shell:Creating environment hook '/root/ros2_ws/install/mg400_common/share/mg400_common/hook/cmake_prefix_path.sh'
[0.567s] Level 1:colcon.colcon_core.environment:checking '/root/ros2_ws/install/mg400_common/lib'
[0.567s] Level 1:colcon.colcon_core.shell:create_environment_hook('mg400_common', 'ld_library_path_lib')
[0.568s] INFO:colcon.colcon_core.shell:Creating environment hook '/root/ros2_ws/install/mg400_common/share/mg400_common/hook/ld_library_path_lib.ps1'
[0.568s] INFO:colcon.colcon_core.shell:Creating environment descriptor '/root/ros2_ws/install/mg400_common/share/mg400_common/hook/ld_library_path_lib.dsv'
[0.568s] INFO:colcon.colcon_core.shell:Creating environment hook '/root/ros2_ws/install/mg400_common/share/mg400_common/hook/ld_library_path_lib.sh'
[0.568s] Level 1:colcon.colcon_core.environment:checking '/root/ros2_ws/install/mg400_common/bin'
[0.569s] Level 1:colcon.colcon_core.environment:checking '/root/ros2_ws/install/mg400_common/lib/pkgconfig/mg400_common.pc'
[0.569s] Level 1:colcon.colcon_core.environment:checking '/root/ros2_ws/install/mg400_common/lib/python3.10/site-packages'
[0.569s] Level 1:colcon.colcon_core.environment:checking '/root/ros2_ws/install/mg400_common/bin'
[0.569s] INFO:colcon.colcon_core.shell:Creating package script '/root/ros2_ws/install/mg400_common/share/mg400_common/package.ps1'
[0.570s] INFO:colcon.colcon_core.shell:Creating package descriptor '/root/ros2_ws/install/mg400_common/share/mg400_common/package.dsv'
[0.570s] INFO:colcon.colcon_core.shell:Creating package script '/root/ros2_ws/install/mg400_common/share/mg400_common/package.sh'
[0.570s] INFO:colcon.colcon_core.shell:Creating package script '/root/ros2_ws/install/mg400_common/share/mg400_common/package.bash'
[0.571s] INFO:colcon.colcon_core.shell:Creating package script '/root/ros2_ws/install/mg400_common/share/mg400_common/package.zsh'
[0.571s] Level 1:colcon.colcon_core.environment:create_file_with_runtime_dependencies(/root/ros2_ws/install/mg400_common/share/colcon-core/packages/mg400_common)
[0.574s] DEBUG:colcon.colcon_core.event_handler.log_command:Invoking command in '/root/ros2_ws/build/p9n_node': AMENT_PREFIX_PATH=/root/ros2_ws/install/p9n_interface:${AMENT_PREFIX_PATH} CMAKE_PREFIX_PATH=/root/ros2_ws/install/p9n_interface:/opt/ros/humble LD_LIBRARY_PATH=/root/ros2_ws/install/p9n_interface/lib:${LD_LIBRARY_PATH} /usr/bin/cmake --build /root/ros2_ws/build/p9n_node -- -j16 -l16
[0.578s] DEBUG:colcon.colcon_core.event_handler.log_command:Invoking command in '/root/ros2_ws/build/p9n_example': AMENT_PREFIX_PATH=/root/ros2_ws/install/p9n_interface:${AMENT_PREFIX_PATH} CMAKE_PREFIX_PATH=/root/ros2_ws/install/p9n_interface:/opt/ros/humble LD_LIBRARY_PATH=/root/ros2_ws/install/p9n_interface/lib:${LD_LIBRARY_PATH} /usr/bin/cmake --build /root/ros2_ws/build/p9n_example -- -j16 -l16
[0.581s] DEBUG:colcon.colcon_core.event_handler.log_command:Invoking command in '/root/ros2_ws/build/p9n_test': AMENT_PREFIX_PATH=/root/ros2_ws/install/p9n_interface:${AMENT_PREFIX_PATH} CMAKE_PREFIX_PATH=/root/ros2_ws/install/p9n_interface:/opt/ros/humble LD_LIBRARY_PATH=/root/ros2_ws/install/p9n_interface/lib:${LD_LIBRARY_PATH} /usr/bin/cmake --build /root/ros2_ws/build/p9n_test -- -j16 -l16
[0.645s] DEBUG:colcon.colcon_core.event_handler.log_command:Invoked command in '/root/ros2_ws/build/p9n_example' returned '0': AMENT_PREFIX_PATH=/root/ros2_ws/install/p9n_interface:${AMENT_PREFIX_PATH} CMAKE_PREFIX_PATH=/root/ros2_ws/install/p9n_interface:/opt/ros/humble LD_LIBRARY_PATH=/root/ros2_ws/install/p9n_interface/lib:${LD_LIBRARY_PATH} /usr/bin/cmake --build /root/ros2_ws/build/p9n_example -- -j16 -l16
[0.646s] DEBUG:colcon.colcon_core.event_handler.log_command:Invoking command in '/root/ros2_ws/build/p9n_example': AMENT_PREFIX_PATH=/root/ros2_ws/install/p9n_interface:${AMENT_PREFIX_PATH} CMAKE_PREFIX_PATH=/root/ros2_ws/install/p9n_interface:/opt/ros/humble LD_LIBRARY_PATH=/root/ros2_ws/install/p9n_interface/lib:${LD_LIBRARY_PATH} /usr/bin/cmake --install /root/ros2_ws/build/p9n_example
[0.647s] DEBUG:colcon.colcon_core.event_handler.log_command:Invoked command in '/root/ros2_ws/build/p9n_node' returned '0': AMENT_PREFIX_PATH=/root/ros2_ws/install/p9n_interface:${AMENT_PREFIX_PATH} CMAKE_PREFIX_PATH=/root/ros2_ws/install/p9n_interface:/opt/ros/humble LD_LIBRARY_PATH=/root/ros2_ws/install/p9n_interface/lib:${LD_LIBRARY_PATH} /usr/bin/cmake --build /root/ros2_ws/build/p9n_node -- -j16 -l16
[0.649s] DEBUG:colcon.colcon_core.event_handler.log_command:Invoking command in '/root/ros2_ws/build/p9n_node': AMENT_PREFIX_PATH=/root/ros2_ws/install/p9n_interface:${AMENT_PREFIX_PATH} CMAKE_PREFIX_PATH=/root/ros2_ws/install/p9n_interface:/opt/ros/humble LD_LIBRARY_PATH=/root/ros2_ws/install/p9n_interface/lib:${LD_LIBRARY_PATH} /usr/bin/cmake --install /root/ros2_ws/build/p9n_node
[0.650s] DEBUG:colcon.colcon_core.event_handler.log_command:Invoked command in '/root/ros2_ws/build/p9n_test' returned '0': AMENT_PREFIX_PATH=/root/ros2_ws/install/p9n_interface:${AMENT_PREFIX_PATH} CMAKE_PREFIX_PATH=/root/ros2_ws/install/p9n_interface:/opt/ros/humble LD_LIBRARY_PATH=/root/ros2_ws/install/p9n_interface/lib:${LD_LIBRARY_PATH} /usr/bin/cmake --build /root/ros2_ws/build/p9n_test -- -j16 -l16
[0.652s] DEBUG:colcon.colcon_core.event_handler.log_command:Invoking command in '/root/ros2_ws/build/p9n_test': AMENT_PREFIX_PATH=/root/ros2_ws/install/p9n_interface:${AMENT_PREFIX_PATH} CMAKE_PREFIX_PATH=/root/ros2_ws/install/p9n_interface:/opt/ros/humble LD_LIBRARY_PATH=/root/ros2_ws/install/p9n_interface/lib:${LD_LIBRARY_PATH} /usr/bin/cmake --install /root/ros2_ws/build/p9n_test
[0.668s] Level 1:colcon.colcon_core.environment:create_environment_scripts_only(p9n_example)
[0.669s] Level 1:colcon.colcon_core.environment:checking '/root/ros2_ws/install/p9n_example' for CMake module files
[0.669s] DEBUG:colcon.colcon_core.event_handler.log_command:Invoked command in '/root/ros2_ws/build/p9n_example' returned '0': AMENT_PREFIX_PATH=/root/ros2_ws/install/p9n_interface:${AMENT_PREFIX_PATH} CMAKE_PREFIX_PATH=/root/ros2_ws/install/p9n_interface:/opt/ros/humble LD_LIBRARY_PATH=/root/ros2_ws/install/p9n_interface/lib:${LD_LIBRARY_PATH} /usr/bin/cmake --install /root/ros2_ws/build/p9n_example
[0.670s] Level 1:colcon.colcon_core.environment:checking '/root/ros2_ws/install/p9n_example' for CMake config files
[0.671s] Level 1:colcon.colcon_core.shell:create_environment_hook('p9n_example', 'cmake_prefix_path')
[0.671s] INFO:colcon.colcon_core.shell:Creating environment hook '/root/ros2_ws/install/p9n_example/share/p9n_example/hook/cmake_prefix_path.ps1'
[0.671s] INFO:colcon.colcon_core.shell:Creating environment descriptor '/root/ros2_ws/install/p9n_example/share/p9n_example/hook/cmake_prefix_path.dsv'
[0.672s] INFO:colcon.colcon_core.shell:Creating environment hook '/root/ros2_ws/install/p9n_example/share/p9n_example/hook/cmake_prefix_path.sh'
[0.672s] Level 1:colcon.colcon_core.environment:checking '/root/ros2_ws/install/p9n_example/lib'
[0.672s] Level 1:colcon.colcon_core.shell:create_environment_hook('p9n_example', 'ld_library_path_lib')
[0.672s] INFO:colcon.colcon_core.shell:Creating environment hook '/root/ros2_ws/install/p9n_example/share/p9n_example/hook/ld_library_path_lib.ps1'
[0.673s] INFO:colcon.colcon_core.shell:Creating environment descriptor '/root/ros2_ws/install/p9n_example/share/p9n_example/hook/ld_library_path_lib.dsv'
[0.673s] INFO:colcon.colcon_core.shell:Creating environment hook '/root/ros2_ws/install/p9n_example/share/p9n_example/hook/ld_library_path_lib.sh'
[0.674s] Level 1:colcon.colcon_core.environment:checking '/root/ros2_ws/install/p9n_example/bin'
[0.674s] Level 1:colcon.colcon_core.environment:checking '/root/ros2_ws/install/p9n_example/lib/pkgconfig/p9n_example.pc'
[0.674s] Level 1:colcon.colcon_core.environment:checking '/root/ros2_ws/install/p9n_example/lib/python3.10/site-packages'
[0.674s] Level 1:colcon.colcon_core.environment:checking '/root/ros2_ws/install/p9n_example/bin'
[0.675s] INFO:colcon.colcon_core.shell:Creating package script '/root/ros2_ws/install/p9n_example/share/p9n_example/package.ps1'
[0.676s] INFO:colcon.colcon_core.shell:Creating package descriptor '/root/ros2_ws/install/p9n_example/share/p9n_example/package.dsv'
[0.676s] INFO:colcon.colcon_core.shell:Creating package script '/root/ros2_ws/install/p9n_example/share/p9n_example/package.sh'
[0.676s] INFO:colcon.colcon_core.shell:Creating package script '/root/ros2_ws/install/p9n_example/share/p9n_example/package.bash'
[0.677s] INFO:colcon.colcon_core.shell:Creating package script '/root/ros2_ws/install/p9n_example/share/p9n_example/package.zsh'
[0.677s] Level 1:colcon.colcon_core.environment:create_file_with_runtime_dependencies(/root/ros2_ws/install/p9n_example/share/colcon-core/packages/p9n_example)
[0.677s] Level 1:colcon.colcon_core.environment:create_environment_scripts_only(p9n_example)
[0.678s] Level 1:colcon.colcon_core.environment:checking '/root/ros2_ws/install/p9n_example' for CMake module files
[0.678s] Level 1:colcon.colcon_core.environment:checking '/root/ros2_ws/install/p9n_example' for CMake config files
[0.678s] Level 1:colcon.colcon_core.shell:create_environment_hook('p9n_example', 'cmake_prefix_path')
[0.678s] INFO:colcon.colcon_core.shell:Creating environment hook '/root/ros2_ws/install/p9n_example/share/p9n_example/hook/cmake_prefix_path.ps1'
[0.679s] INFO:colcon.colcon_core.shell:Creating environment descriptor '/root/ros2_ws/install/p9n_example/share/p9n_example/hook/cmake_prefix_path.dsv'
[0.679s] INFO:colcon.colcon_core.shell:Creating environment hook '/root/ros2_ws/install/p9n_example/share/p9n_example/hook/cmake_prefix_path.sh'
[0.679s] Level 1:colcon.colcon_core.environment:checking '/root/ros2_ws/install/p9n_example/lib'
[0.679s] Level 1:colcon.colcon_core.shell:create_environment_hook('p9n_example', 'ld_library_path_lib')
[0.680s] INFO:colcon.colcon_core.shell:Creating environment hook '/root/ros2_ws/install/p9n_example/share/p9n_example/hook/ld_library_path_lib.ps1'
[0.680s] INFO:colcon.colcon_core.shell:Creating environment descriptor '/root/ros2_ws/install/p9n_example/share/p9n_example/hook/ld_library_path_lib.dsv'
[0.680s] INFO:colcon.colcon_core.shell:Creating environment hook '/root/ros2_ws/install/p9n_example/share/p9n_example/hook/ld_library_path_lib.sh'
[0.680s] Level 1:colcon.colcon_core.environment:checking '/root/ros2_ws/install/p9n_example/bin'
[0.681s] Level 1:colcon.colcon_core.environment:checking '/root/ros2_ws/install/p9n_example/lib/pkgconfig/p9n_example.pc'
[0.681s] Level 1:colcon.colcon_core.environment:checking '/root/ros2_ws/install/p9n_example/lib/python3.10/site-packages'
[0.681s] Level 1:colcon.colcon_core.environment:checking '/root/ros2_ws/install/p9n_example/bin'
[0.681s] INFO:colcon.colcon_core.shell:Creating package script '/root/ros2_ws/install/p9n_example/share/p9n_example/package.ps1'
[0.682s] INFO:colcon.colcon_core.shell:Creating package descriptor '/root/ros2_ws/install/p9n_example/share/p9n_example/package.dsv'
[0.682s] INFO:colcon.colcon_core.shell:Creating package script '/root/ros2_ws/install/p9n_example/share/p9n_example/package.sh'
[0.682s] INFO:colcon.colcon_core.shell:Creating package script '/root/ros2_ws/install/p9n_example/share/p9n_example/package.bash'
[0.683s] INFO:colcon.colcon_core.shell:Creating package script '/root/ros2_ws/install/p9n_example/share/p9n_example/package.zsh'
[0.683s] Level 1:colcon.colcon_core.environment:create_file_with_runtime_dependencies(/root/ros2_ws/install/p9n_example/share/colcon-core/packages/p9n_example)
[0.684s] Level 1:colcon.colcon_core.environment:create_environment_scripts_only(p9n_node)
[0.684s] Level 1:colcon.colcon_core.environment:checking '/root/ros2_ws/install/p9n_node' for CMake module files
[0.684s] DEBUG:colcon.colcon_core.event_handler.log_command:Invoked command in '/root/ros2_ws/build/p9n_node' returned '0': AMENT_PREFIX_PATH=/root/ros2_ws/install/p9n_interface:${AMENT_PREFIX_PATH} CMAKE_PREFIX_PATH=/root/ros2_ws/install/p9n_interface:/opt/ros/humble LD_LIBRARY_PATH=/root/ros2_ws/install/p9n_interface/lib:${LD_LIBRARY_PATH} /usr/bin/cmake --install /root/ros2_ws/build/p9n_node
[0.685s] Level 1:colcon.colcon_core.environment:checking '/root/ros2_ws/install/p9n_node' for CMake config files
[0.686s] Level 1:colcon.colcon_core.shell:create_environment_hook('p9n_node', 'cmake_prefix_path')
[0.687s] INFO:colcon.colcon_core.shell:Creating environment hook '/root/ros2_ws/install/p9n_node/share/p9n_node/hook/cmake_prefix_path.ps1'
[0.687s] INFO:colcon.colcon_core.shell:Creating environment descriptor '/root/ros2_ws/install/p9n_node/share/p9n_node/hook/cmake_prefix_path.dsv'
[0.687s] INFO:colcon.colcon_core.shell:Creating environment hook '/root/ros2_ws/install/p9n_node/share/p9n_node/hook/cmake_prefix_path.sh'
[0.688s] Level 1:colcon.colcon_core.environment:checking '/root/ros2_ws/install/p9n_node/lib'
[0.688s] Level 1:colcon.colcon_core.shell:create_environment_hook('p9n_node', 'ld_library_path_lib')
[0.688s] INFO:colcon.colcon_core.shell:Creating environment hook '/root/ros2_ws/install/p9n_node/share/p9n_node/hook/ld_library_path_lib.ps1'
[0.688s] INFO:colcon.colcon_core.shell:Creating environment descriptor '/root/ros2_ws/install/p9n_node/share/p9n_node/hook/ld_library_path_lib.dsv'
[0.688s] INFO:colcon.colcon_core.shell:Creating environment hook '/root/ros2_ws/install/p9n_node/share/p9n_node/hook/ld_library_path_lib.sh'
[0.689s] Level 1:colcon.colcon_core.environment:checking '/root/ros2_ws/install/p9n_node/bin'
[0.689s] Level 1:colcon.colcon_core.environment:checking '/root/ros2_ws/install/p9n_node/lib/pkgconfig/p9n_node.pc'
[0.689s] Level 1:colcon.colcon_core.environment:checking '/root/ros2_ws/install/p9n_node/lib/python3.10/site-packages'
[0.689s] Level 1:colcon.colcon_core.environment:checking '/root/ros2_ws/install/p9n_node/bin'
[0.690s] INFO:colcon.colcon_core.shell:Creating package script '/root/ros2_ws/install/p9n_node/share/p9n_node/package.ps1'
[0.690s] INFO:colcon.colcon_core.shell:Creating package descriptor '/root/ros2_ws/install/p9n_node/share/p9n_node/package.dsv'
[0.690s] INFO:colcon.colcon_core.shell:Creating package script '/root/ros2_ws/install/p9n_node/share/p9n_node/package.sh'
[0.691s] INFO:colcon.colcon_core.shell:Creating package script '/root/ros2_ws/install/p9n_node/share/p9n_node/package.bash'
[0.691s] INFO:colcon.colcon_core.shell:Creating package script '/root/ros2_ws/install/p9n_node/share/p9n_node/package.zsh'
[0.691s] Level 1:colcon.colcon_core.environment:create_file_with_runtime_dependencies(/root/ros2_ws/install/p9n_node/share/colcon-core/packages/p9n_node)
[0.692s] Level 1:colcon.colcon_core.environment:create_environment_scripts_only(p9n_node)
[0.692s] Level 1:colcon.colcon_core.environment:checking '/root/ros2_ws/install/p9n_node' for CMake module files
[0.692s] Level 1:colcon.colcon_core.environment:checking '/root/ros2_ws/install/p9n_node' for CMake config files
[0.693s] Level 1:colcon.colcon_core.shell:create_environment_hook('p9n_node', 'cmake_prefix_path')
[0.693s] INFO:colcon.colcon_core.shell:Creating environment hook '/root/ros2_ws/install/p9n_node/share/p9n_node/hook/cmake_prefix_path.ps1'
[0.693s] INFO:colcon.colcon_core.shell:Creating environment descriptor '/root/ros2_ws/install/p9n_node/share/p9n_node/hook/cmake_prefix_path.dsv'
[0.694s] INFO:colcon.colcon_core.shell:Creating environment hook '/root/ros2_ws/install/p9n_node/share/p9n_node/hook/cmake_prefix_path.sh'
[0.694s] Level 1:colcon.colcon_core.environment:checking '/root/ros2_ws/install/p9n_node/lib'
[0.694s] Level 1:colcon.colcon_core.shell:create_environment_hook('p9n_node', 'ld_library_path_lib')
[0.694s] INFO:colcon.colcon_core.shell:Creating environment hook '/root/ros2_ws/install/p9n_node/share/p9n_node/hook/ld_library_path_lib.ps1'
[0.695s] INFO:colcon.colcon_core.shell:Creating environment descriptor '/root/ros2_ws/install/p9n_node/share/p9n_node/hook/ld_library_path_lib.dsv'
[0.695s] INFO:colcon.colcon_core.shell:Creating environment hook '/root/ros2_ws/install/p9n_node/share/p9n_node/hook/ld_library_path_lib.sh'
[0.695s] Level 1:colcon.colcon_core.environment:checking '/root/ros2_ws/install/p9n_node/bin'
[0.695s] Level 1:colcon.colcon_core.environment:checking '/root/ros2_ws/install/p9n_node/lib/pkgconfig/p9n_node.pc'
[0.696s] Level 1:colcon.colcon_core.environment:checking '/root/ros2_ws/install/p9n_node/lib/python3.10/site-packages'
[0.696s] Level 1:colcon.colcon_core.environment:checking '/root/ros2_ws/install/p9n_node/bin'
[0.696s] INFO:colcon.colcon_core.shell:Creating package script '/root/ros2_ws/install/p9n_node/share/p9n_node/package.ps1'
[0.697s] INFO:colcon.colcon_core.shell:Creating package descriptor '/root/ros2_ws/install/p9n_node/share/p9n_node/package.dsv'
[0.697s] INFO:colcon.colcon_core.shell:Creating package script '/root/ros2_ws/install/p9n_node/share/p9n_node/package.sh'
[0.698s] INFO:colcon.colcon_core.shell:Creating package script '/root/ros2_ws/install/p9n_node/share/p9n_node/package.bash'
[0.698s] INFO:colcon.colcon_core.shell:Creating package script '/root/ros2_ws/install/p9n_node/share/p9n_node/package.zsh'
[0.698s] Level 1:colcon.colcon_core.environment:create_file_with_runtime_dependencies(/root/ros2_ws/install/p9n_node/share/colcon-core/packages/p9n_node)
[0.699s] INFO:colcon.colcon_ros.task.ament_python.build:Building ROS package in '/root/ros2_ws/src/PlayStation-JoyInterface-ROS2/p9n_bringup' with build type 'ament_python'
[0.699s] Level 1:colcon.colcon_core.shell:create_environment_hook('p9n_bringup', 'ament_prefix_path')
[0.699s] INFO:colcon.colcon_core.shell:Creating environment hook '/root/ros2_ws/install/p9n_bringup/share/p9n_bringup/hook/ament_prefix_path.ps1'
[0.700s] INFO:colcon.colcon_core.shell:Creating environment descriptor '/root/ros2_ws/install/p9n_bringup/share/p9n_bringup/hook/ament_prefix_path.dsv'
[0.700s] INFO:colcon.colcon_core.shell:Creating environment hook '/root/ros2_ws/install/p9n_bringup/share/p9n_bringup/hook/ament_prefix_path.sh'
[0.700s] INFO:colcon.colcon_core.shell:Skip shell extension 'powershell' for command environment: Not usable outside of PowerShell
[0.700s] DEBUG:colcon.colcon_core.shell:Skip shell extension 'dsv' for command environment
[0.704s] Level 1:colcon.colcon_core.environment:create_environment_scripts_only(p9n_test)
[0.704s] Level 1:colcon.colcon_core.environment:checking '/root/ros2_ws/install/p9n_test' for CMake module files
[0.704s] DEBUG:colcon.colcon_core.event_handler.log_command:Invoked command in '/root/ros2_ws/build/p9n_test' returned '0': AMENT_PREFIX_PATH=/root/ros2_ws/install/p9n_interface:${AMENT_PREFIX_PATH} CMAKE_PREFIX_PATH=/root/ros2_ws/install/p9n_interface:/opt/ros/humble LD_LIBRARY_PATH=/root/ros2_ws/install/p9n_interface/lib:${LD_LIBRARY_PATH} /usr/bin/cmake --install /root/ros2_ws/build/p9n_test
[0.705s] Level 1:colcon.colcon_core.environment:checking '/root/ros2_ws/install/p9n_test' for CMake config files
[0.707s] Level 1:colcon.colcon_core.shell:create_environment_hook('p9n_test', 'cmake_prefix_path')
[0.707s] INFO:colcon.colcon_core.shell:Creating environment hook '/root/ros2_ws/install/p9n_test/share/p9n_test/hook/cmake_prefix_path.ps1'
[0.708s] INFO:colcon.colcon_core.shell:Creating environment descriptor '/root/ros2_ws/install/p9n_test/share/p9n_test/hook/cmake_prefix_path.dsv'
[0.708s] INFO:colcon.colcon_core.shell:Creating environment hook '/root/ros2_ws/install/p9n_test/share/p9n_test/hook/cmake_prefix_path.sh'
[0.708s] Level 1:colcon.colcon_core.environment:checking '/root/ros2_ws/install/p9n_test/lib'
[0.708s] Level 1:colcon.colcon_core.shell:create_environment_hook('p9n_test', 'ld_library_path_lib')
[0.709s] INFO:colcon.colcon_core.shell:Creating environment hook '/root/ros2_ws/install/p9n_test/share/p9n_test/hook/ld_library_path_lib.ps1'
[0.709s] INFO:colcon.colcon_core.shell:Creating environment descriptor '/root/ros2_ws/install/p9n_test/share/p9n_test/hook/ld_library_path_lib.dsv'
[0.709s] INFO:colcon.colcon_core.shell:Creating environment hook '/root/ros2_ws/install/p9n_test/share/p9n_test/hook/ld_library_path_lib.sh'
[0.710s] Level 1:colcon.colcon_core.environment:checking '/root/ros2_ws/install/p9n_test/bin'
[0.710s] Level 1:colcon.colcon_core.environment:checking '/root/ros2_ws/install/p9n_test/lib/pkgconfig/p9n_test.pc'
[0.710s] Level 1:colcon.colcon_core.environment:checking '/root/ros2_ws/install/p9n_test/lib/python3.10/site-packages'
[0.710s] Level 1:colcon.colcon_core.environment:checking '/root/ros2_ws/install/p9n_test/bin'
[0.710s] INFO:colcon.colcon_core.shell:Creating package script '/root/ros2_ws/install/p9n_test/share/p9n_test/package.ps1'
[0.711s] INFO:colcon.colcon_core.shell:Creating package descriptor '/root/ros2_ws/install/p9n_test/share/p9n_test/package.dsv'
[0.711s] INFO:colcon.colcon_core.shell:Creating package script '/root/ros2_ws/install/p9n_test/share/p9n_test/package.sh'
[0.712s] INFO:colcon.colcon_core.shell:Creating package script '/root/ros2_ws/install/p9n_test/share/p9n_test/package.bash'
[0.712s] INFO:colcon.colcon_core.shell:Creating package script '/root/ros2_ws/install/p9n_test/share/p9n_test/package.zsh'
[0.712s] Level 1:colcon.colcon_core.environment:create_file_with_runtime_dependencies(/root/ros2_ws/install/p9n_test/share/colcon-core/packages/p9n_test)
[0.713s] Level 1:colcon.colcon_core.environment:create_environment_scripts_only(p9n_test)
[0.713s] Level 1:colcon.colcon_core.environment:checking '/root/ros2_ws/install/p9n_test' for CMake module files
[0.713s] Level 1:colcon.colcon_core.environment:checking '/root/ros2_ws/install/p9n_test' for CMake config files
[0.714s] Level 1:colcon.colcon_core.shell:create_environment_hook('p9n_test', 'cmake_prefix_path')
[0.714s] INFO:colcon.colcon_core.shell:Creating environment hook '/root/ros2_ws/install/p9n_test/share/p9n_test/hook/cmake_prefix_path.ps1'
[0.714s] INFO:colcon.colcon_core.shell:Creating environment descriptor '/root/ros2_ws/install/p9n_test/share/p9n_test/hook/cmake_prefix_path.dsv'
[0.715s] INFO:colcon.colcon_core.shell:Creating environment hook '/root/ros2_ws/install/p9n_test/share/p9n_test/hook/cmake_prefix_path.sh'
[0.715s] Level 1:colcon.colcon_core.environment:checking '/root/ros2_ws/install/p9n_test/lib'
[0.715s] Level 1:colcon.colcon_core.shell:create_environment_hook('p9n_test', 'ld_library_path_lib')
[0.715s] INFO:colcon.colcon_core.shell:Creating environment hook '/root/ros2_ws/install/p9n_test/share/p9n_test/hook/ld_library_path_lib.ps1'
[0.716s] INFO:colcon.colcon_core.shell:Creating environment descriptor '/root/ros2_ws/install/p9n_test/share/p9n_test/hook/ld_library_path_lib.dsv'
[0.716s] INFO:colcon.colcon_core.shell:Creating environment hook '/root/ros2_ws/install/p9n_test/share/p9n_test/hook/ld_library_path_lib.sh'
[0.716s] Level 1:colcon.colcon_core.environment:checking '/root/ros2_ws/install/p9n_test/bin'
[0.716s] Level 1:colcon.colcon_core.environment:checking '/root/ros2_ws/install/p9n_test/lib/pkgconfig/p9n_test.pc'
[0.716s] Level 1:colcon.colcon_core.environment:checking '/root/ros2_ws/install/p9n_test/lib/python3.10/site-packages'
[0.717s] Level 1:colcon.colcon_core.environment:checking '/root/ros2_ws/install/p9n_test/bin'
[0.717s] INFO:colcon.colcon_core.shell:Creating package script '/root/ros2_ws/install/p9n_test/share/p9n_test/package.ps1'
[0.717s] INFO:colcon.colcon_core.shell:Creating package descriptor '/root/ros2_ws/install/p9n_test/share/p9n_test/package.dsv'
[0.718s] INFO:colcon.colcon_core.shell:Creating package script '/root/ros2_ws/install/p9n_test/share/p9n_test/package.sh'
[0.718s] INFO:colcon.colcon_core.shell:Creating package script '/root/ros2_ws/install/p9n_test/share/p9n_test/package.bash'
[0.718s] INFO:colcon.colcon_core.shell:Creating package script '/root/ros2_ws/install/p9n_test/share/p9n_test/package.zsh'
[0.719s] Level 1:colcon.colcon_core.environment:create_file_with_runtime_dependencies(/root/ros2_ws/install/p9n_test/share/colcon-core/packages/p9n_test)
[0.893s] INFO:colcon.colcon_core.task.python.build:Building Python package in '/root/ros2_ws/src/PlayStation-JoyInterface-ROS2/p9n_bringup'
[0.893s] INFO:colcon.colcon_core.shell:Skip shell extension 'powershell' for command environment: Not usable outside of PowerShell
[0.893s] DEBUG:colcon.colcon_core.shell:Skip shell extension 'dsv' for command environment
[0.897s] DEBUG:colcon.colcon_core.event_handler.log_command:Invoked command in '/root/ros2_ws/build/mg400_msgs' returned '0': CMAKE_PREFIX_PATH=/opt/ros/humble /usr/bin/cmake --build /root/ros2_ws/build/mg400_msgs -- -j16 -l16
[0.899s] DEBUG:colcon.colcon_core.event_handler.log_command:Invoking command in '/root/ros2_ws/build/mg400_msgs': CMAKE_PREFIX_PATH=/opt/ros/humble /usr/bin/cmake --install /root/ros2_ws/build/mg400_msgs
[1.140s] Level 1:colcon.colcon_core.environment:create_environment_scripts_only(mg400_msgs)
[1.140s] Level 1:colcon.colcon_core.environment:checking '/root/ros2_ws/install/mg400_msgs' for CMake module files
[1.140s] DEBUG:colcon.colcon_core.event_handler.log_command:Invoked command in '/root/ros2_ws/build/mg400_msgs' returned '0': CMAKE_PREFIX_PATH=/opt/ros/humble /usr/bin/cmake --install /root/ros2_ws/build/mg400_msgs
[1.141s] Level 1:colcon.colcon_core.environment:checking '/root/ros2_ws/install/mg400_msgs' for CMake config files
[1.143s] Level 1:colcon.colcon_core.shell:create_environment_hook('mg400_msgs', 'cmake_prefix_path')
[1.143s] INFO:colcon.colcon_core.shell:Creating environment hook '/root/ros2_ws/install/mg400_msgs/share/mg400_msgs/hook/cmake_prefix_path.ps1'
[1.144s] INFO:colcon.colcon_core.shell:Creating environment descriptor '/root/ros2_ws/install/mg400_msgs/share/mg400_msgs/hook/cmake_prefix_path.dsv'
[1.144s] INFO:colcon.colcon_core.shell:Creating environment hook '/root/ros2_ws/install/mg400_msgs/share/mg400_msgs/hook/cmake_prefix_path.sh'
[1.144s] Level 1:colcon.colcon_core.environment:checking '/root/ros2_ws/install/mg400_msgs/lib'
[1.144s] Level 1:colcon.colcon_core.shell:create_environment_hook('mg400_msgs', 'ld_library_path_lib')
[1.145s] INFO:colcon.colcon_core.shell:Creating environment hook '/root/ros2_ws/install/mg400_msgs/share/mg400_msgs/hook/ld_library_path_lib.ps1'
[1.145s] INFO:colcon.colcon_core.shell:Creating environment descriptor '/root/ros2_ws/install/mg400_msgs/share/mg400_msgs/hook/ld_library_path_lib.dsv'
[1.145s] INFO:colcon.colcon_core.shell:Creating environment hook '/root/ros2_ws/install/mg400_msgs/share/mg400_msgs/hook/ld_library_path_lib.sh'
[1.146s] Level 1:colcon.colcon_core.environment:checking '/root/ros2_ws/install/mg400_msgs/bin'
[1.146s] Level 1:colcon.colcon_core.environment:checking '/root/ros2_ws/install/mg400_msgs/lib/pkgconfig/mg400_msgs.pc'
[1.146s] Level 1:colcon.colcon_core.environment:checking '/root/ros2_ws/install/mg400_msgs/lib/python3.10/site-packages'
[1.146s] Level 1:colcon.colcon_core.environment:checking '/root/ros2_ws/install/mg400_msgs/bin'
[1.146s] INFO:colcon.colcon_core.shell:Creating package script '/root/ros2_ws/install/mg400_msgs/share/mg400_msgs/package.ps1'
[1.147s] INFO:colcon.colcon_core.shell:Creating package descriptor '/root/ros2_ws/install/mg400_msgs/share/mg400_msgs/package.dsv'
[1.147s] INFO:colcon.colcon_core.shell:Creating package script '/root/ros2_ws/install/mg400_msgs/share/mg400_msgs/package.sh'
[1.147s] INFO:colcon.colcon_core.shell:Creating package script '/root/ros2_ws/install/mg400_msgs/share/mg400_msgs/package.bash'
[1.148s] INFO:colcon.colcon_core.shell:Creating package script '/root/ros2_ws/install/mg400_msgs/share/mg400_msgs/package.zsh'
[1.148s] Level 1:colcon.colcon_core.environment:create_file_with_runtime_dependencies(/root/ros2_ws/install/mg400_msgs/share/colcon-core/packages/mg400_msgs)
[1.148s] Level 1:colcon.colcon_core.environment:create_environment_scripts_only(mg400_msgs)
[1.149s] Level 1:colcon.colcon_core.environment:checking '/root/ros2_ws/install/mg400_msgs' for CMake module files
[1.149s] Level 1:colcon.colcon_core.environment:checking '/root/ros2_ws/install/mg400_msgs' for CMake config files
[1.150s] Level 1:colcon.colcon_core.shell:create_environment_hook('mg400_msgs', 'cmake_prefix_path')
[1.151s] INFO:colcon.colcon_core.shell:Creating environment hook '/root/ros2_ws/install/mg400_msgs/share/mg400_msgs/hook/cmake_prefix_path.ps1'
[1.151s] INFO:colcon.colcon_core.shell:Creating environment descriptor '/root/ros2_ws/install/mg400_msgs/share/mg400_msgs/hook/cmake_prefix_path.dsv'
[1.151s] INFO:colcon.colcon_core.shell:Creating environment hook '/root/ros2_ws/install/mg400_msgs/share/mg400_msgs/hook/cmake_prefix_path.sh'
[1.151s] Level 1:colcon.colcon_core.environment:checking '/root/ros2_ws/install/mg400_msgs/lib'
[1.152s] Level 1:colcon.colcon_core.shell:create_environment_hook('mg400_msgs', 'ld_library_path_lib')
[1.152s] INFO:colcon.colcon_core.shell:Creating environment hook '/root/ros2_ws/install/mg400_msgs/share/mg400_msgs/hook/ld_library_path_lib.ps1'
[1.152s] INFO:colcon.colcon_core.shell:Creating environment descriptor '/root/ros2_ws/install/mg400_msgs/share/mg400_msgs/hook/ld_library_path_lib.dsv'
[1.152s] INFO:colcon.colcon_core.shell:Creating environment hook '/root/ros2_ws/install/mg400_msgs/share/mg400_msgs/hook/ld_library_path_lib.sh'
[1.152s] Level 1:colcon.colcon_core.environment:checking '/root/ros2_ws/install/mg400_msgs/bin'
[1.153s] Level 1:colcon.colcon_core.environment:checking '/root/ros2_ws/install/mg400_msgs/lib/pkgconfig/mg400_msgs.pc'
[1.153s] Level 1:colcon.colcon_core.environment:checking '/root/ros2_ws/install/mg400_msgs/lib/python3.10/site-packages'
[1.153s] Level 1:colcon.colcon_core.environment:checking '/root/ros2_ws/install/mg400_msgs/bin'
[1.153s] INFO:colcon.colcon_core.shell:Creating package script '/root/ros2_ws/install/mg400_msgs/share/mg400_msgs/package.ps1'
[1.154s] INFO:colcon.colcon_core.shell:Creating package descriptor '/root/ros2_ws/install/mg400_msgs/share/mg400_msgs/package.dsv'
[1.154s] INFO:colcon.colcon_core.shell:Creating package script '/root/ros2_ws/install/mg400_msgs/share/mg400_msgs/package.sh'
[1.154s] INFO:colcon.colcon_core.shell:Creating package script '/root/ros2_ws/install/mg400_msgs/share/mg400_msgs/package.bash'
[1.154s] INFO:colcon.colcon_core.shell:Creating package script '/root/ros2_ws/install/mg400_msgs/share/mg400_msgs/package.zsh'
[1.155s] Level 1:colcon.colcon_core.environment:create_file_with_runtime_dependencies(/root/ros2_ws/install/mg400_msgs/share/colcon-core/packages/mg400_msgs)
[1.155s] INFO:colcon.colcon_ros.task.ament_cmake.build:Building ROS package in '/root/ros2_ws/src/MG400_ROS2/mg400_interface' with build type 'ament_cmake'
[1.155s] INFO:colcon.colcon_cmake.task.cmake.build:Building CMake package in '/root/ros2_ws/src/MG400_ROS2/mg400_interface'
[1.155s] INFO:colcon.colcon_core.shell:Skip shell extension 'powershell' for command environment: Not usable outside of PowerShell
[1.155s] DEBUG:colcon.colcon_core.shell:Skip shell extension 'dsv' for command environment
[1.158s] INFO:colcon.colcon_ros.task.ament_cmake.build:Building ROS package in '/root/ros2_ws/src/MG400_ROS2/mg400_tools' with build type 'ament_cmake'
[1.159s] INFO:colcon.colcon_cmake.task.cmake.build:Building CMake package in '/root/ros2_ws/src/MG400_ROS2/mg400_tools'
[1.159s] INFO:colcon.colcon_core.shell:Skip shell extension 'powershell' for command environment: Not usable outside of PowerShell
[1.159s] DEBUG:colcon.colcon_core.shell:Skip shell extension 'dsv' for command environment
[1.162s] DEBUG:colcon.colcon_core.task.python.build:Available setuptools commands: clean, build_clib, install_data, upload, bdist, install_headers, rotate, easy_install, build_py, check, install, test, dist_info, install_scripts, bdist_dumb, install_egg_info, build_scripts, install_lib, register, develop, upload_docs, symlink_data, bdist_rpm, egg_info, setopt, build, bdist_egg, sdist, alias, build_ext, saveopts
[1.168s] DEBUG:colcon.colcon_core.event_handler.log_command:Invoking command in '/root/ros2_ws/build/mg400_interface': AMENT_PREFIX_PATH=/root/ros2_ws/install/mg400_msgs:/root/ros2_ws/install/mg400_common:${AMENT_PREFIX_PATH} CMAKE_PREFIX_PATH=/root/ros2_ws/install/mg400_msgs:/root/ros2_ws/install/mg400_common:/opt/ros/humble LD_LIBRARY_PATH=/root/ros2_ws/install/mg400_msgs/lib:/root/ros2_ws/install/mg400_common/lib:${LD_LIBRARY_PATH} PYTHONPATH=/root/ros2_ws/install/mg400_msgs/local/lib/python3.10/dist-packages:${PYTHONPATH} /usr/bin/cmake --build /root/ros2_ws/build/mg400_interface -- -j16 -l16
[1.170s] DEBUG:colcon.colcon_core.event_handler.log_command:Invoking command in '/root/ros2_ws/build/mg400_tools': AMENT_PREFIX_PATH=/root/ros2_ws/install/mg400_msgs:/root/ros2_ws/install/mg400_common:${AMENT_PREFIX_PATH} CMAKE_PREFIX_PATH=/root/ros2_ws/install/mg400_msgs:/root/ros2_ws/install/mg400_common:/opt/ros/humble LD_LIBRARY_PATH=/root/ros2_ws/install/mg400_msgs/lib:/root/ros2_ws/install/mg400_common/lib:${LD_LIBRARY_PATH} PYTHONPATH=/root/ros2_ws/install/mg400_msgs/local/lib/python3.10/dist-packages:${PYTHONPATH} /usr/bin/cmake --build /root/ros2_ws/build/mg400_tools -- -j16 -l16
[1.246s] DEBUG:colcon.colcon_core.event_handler.log_command:Invoked command in '/root/ros2_ws/build/mg400_tools' returned '0': AMENT_PREFIX_PATH=/root/ros2_ws/install/mg400_msgs:/root/ros2_ws/install/mg400_common:${AMENT_PREFIX_PATH} CMAKE_PREFIX_PATH=/root/ros2_ws/install/mg400_msgs:/root/ros2_ws/install/mg400_common:/opt/ros/humble LD_LIBRARY_PATH=/root/ros2_ws/install/mg400_msgs/lib:/root/ros2_ws/install/mg400_common/lib:${LD_LIBRARY_PATH} PYTHONPATH=/root/ros2_ws/install/mg400_msgs/local/lib/python3.10/dist-packages:${PYTHONPATH} /usr/bin/cmake --build /root/ros2_ws/build/mg400_tools -- -j16 -l16
[1.248s] DEBUG:colcon.colcon_core.event_handler.log_command:Invoking command in '/root/ros2_ws/build/mg400_tools': AMENT_PREFIX_PATH=/root/ros2_ws/install/mg400_msgs:/root/ros2_ws/install/mg400_common:${AMENT_PREFIX_PATH} CMAKE_PREFIX_PATH=/root/ros2_ws/install/mg400_msgs:/root/ros2_ws/install/mg400_common:/opt/ros/humble LD_LIBRARY_PATH=/root/ros2_ws/install/mg400_msgs/lib:/root/ros2_ws/install/mg400_common/lib:${LD_LIBRARY_PATH} PYTHONPATH=/root/ros2_ws/install/mg400_msgs/local/lib/python3.10/dist-packages:${PYTHONPATH} /usr/bin/cmake --install /root/ros2_ws/build/mg400_tools
[1.269s] Level 1:colcon.colcon_core.environment:create_environment_scripts_only(mg400_tools)
[1.269s] Level 1:colcon.colcon_core.environment:checking '/root/ros2_ws/install/mg400_tools' for CMake module files
[1.270s] DEBUG:colcon.colcon_core.event_handler.log_command:Invoked command in '/root/ros2_ws/build/mg400_tools' returned '0': AMENT_PREFIX_PATH=/root/ros2_ws/install/mg400_msgs:/root/ros2_ws/install/mg400_common:${AMENT_PREFIX_PATH} CMAKE_PREFIX_PATH=/root/ros2_ws/install/mg400_msgs:/root/ros2_ws/install/mg400_common:/opt/ros/humble LD_LIBRARY_PATH=/root/ros2_ws/install/mg400_msgs/lib:/root/ros2_ws/install/mg400_common/lib:${LD_LIBRARY_PATH} PYTHONPATH=/root/ros2_ws/install/mg400_msgs/local/lib/python3.10/dist-packages:${PYTHONPATH} /usr/bin/cmake --install /root/ros2_ws/build/mg400_tools
[1.270s] Level 1:colcon.colcon_core.environment:checking '/root/ros2_ws/install/mg400_tools' for CMake config files
[1.271s] Level 1:colcon.colcon_core.shell:create_environment_hook('mg400_tools', 'cmake_prefix_path')
[1.271s] INFO:colcon.colcon_core.shell:Creating environment hook '/root/ros2_ws/install/mg400_tools/share/mg400_tools/hook/cmake_prefix_path.ps1'
[1.272s] INFO:colcon.colcon_core.shell:Creating environment descriptor '/root/ros2_ws/install/mg400_tools/share/mg400_tools/hook/cmake_prefix_path.dsv'
[1.272s] INFO:colcon.colcon_core.shell:Creating environment hook '/root/ros2_ws/install/mg400_tools/share/mg400_tools/hook/cmake_prefix_path.sh'
[1.273s] Level 1:colcon.colcon_core.environment:checking '/root/ros2_ws/install/mg400_tools/lib'
[1.273s] Level 1:colcon.colcon_core.environment:checking '/root/ros2_ws/install/mg400_tools/bin'
[1.273s] Level 1:colcon.colcon_core.environment:checking '/root/ros2_ws/install/mg400_tools/lib/pkgconfig/mg400_tools.pc'
[1.273s] Level 1:colcon.colcon_core.environment:checking '/root/ros2_ws/install/mg400_tools/lib/python3.10/site-packages'
[1.274s] Level 1:colcon.colcon_core.environment:checking '/root/ros2_ws/install/mg400_tools/bin'
[1.274s] INFO:colcon.colcon_core.shell:Creating package script '/root/ros2_ws/install/mg400_tools/share/mg400_tools/package.ps1'
[1.275s] INFO:colcon.colcon_core.shell:Creating package descriptor '/root/ros2_ws/install/mg400_tools/share/mg400_tools/package.dsv'
[1.275s] INFO:colcon.colcon_core.shell:Creating package script '/root/ros2_ws/install/mg400_tools/share/mg400_tools/package.sh'
[1.276s] INFO:colcon.colcon_core.shell:Creating package script '/root/ros2_ws/install/mg400_tools/share/mg400_tools/package.bash'
[1.276s] INFO:colcon.colcon_core.shell:Creating package script '/root/ros2_ws/install/mg400_tools/share/mg400_tools/package.zsh'
[1.276s] Level 1:colcon.colcon_core.environment:create_file_with_runtime_dependencies(/root/ros2_ws/install/mg400_tools/share/colcon-core/packages/mg400_tools)
[1.277s] Level 1:colcon.colcon_core.environment:create_environment_scripts_only(mg400_tools)
[1.277s] Level 1:colcon.colcon_core.environment:checking '/root/ros2_ws/install/mg400_tools' for CMake module files
[1.278s] Level 1:colcon.colcon_core.environment:checking '/root/ros2_ws/install/mg400_tools' for CMake config files
[1.279s] Level 1:colcon.colcon_core.shell:create_environment_hook('mg400_tools', 'cmake_prefix_path')
[1.279s] INFO:colcon.colcon_core.shell:Creating environment hook '/root/ros2_ws/install/mg400_tools/share/mg400_tools/hook/cmake_prefix_path.ps1'
[1.279s] INFO:colcon.colcon_core.shell:Creating environment descriptor '/root/ros2_ws/install/mg400_tools/share/mg400_tools/hook/cmake_prefix_path.dsv'
[1.280s] INFO:colcon.colcon_core.shell:Creating environment hook '/root/ros2_ws/install/mg400_tools/share/mg400_tools/hook/cmake_prefix_path.sh'
[1.280s] Level 1:colcon.colcon_core.environment:checking '/root/ros2_ws/install/mg400_tools/lib'
[1.280s] Level 1:colcon.colcon_core.environment:checking '/root/ros2_ws/install/mg400_tools/bin'
[1.280s] Level 1:colcon.colcon_core.environment:checking '/root/ros2_ws/install/mg400_tools/lib/pkgconfig/mg400_tools.pc'
[1.280s] Level 1:colcon.colcon_core.environment:checking '/root/ros2_ws/install/mg400_tools/lib/python3.10/site-packages'
[1.281s] Level 1:colcon.colcon_core.environment:checking '/root/ros2_ws/install/mg400_tools/bin'
[1.281s] INFO:colcon.colcon_core.shell:Creating package script '/root/ros2_ws/install/mg400_tools/share/mg400_tools/package.ps1'
[1.281s] INFO:colcon.colcon_core.shell:Creating package descriptor '/root/ros2_ws/install/mg400_tools/share/mg400_tools/package.dsv'
[1.282s] INFO:colcon.colcon_core.shell:Creating package script '/root/ros2_ws/install/mg400_tools/share/mg400_tools/package.sh'
[1.282s] INFO:colcon.colcon_core.shell:Creating package script '/root/ros2_ws/install/mg400_tools/share/mg400_tools/package.bash'
[1.282s] INFO:colcon.colcon_core.shell:Creating package script '/root/ros2_ws/install/mg400_tools/share/mg400_tools/package.zsh'
[1.283s] Level 1:colcon.colcon_core.environment:create_file_with_runtime_dependencies(/root/ros2_ws/install/mg400_tools/share/colcon-core/packages/mg400_tools)
[1.316s] DEBUG:colcon.colcon_core.event_handler.log_command:Invoked command in '/root/ros2_ws/build/mg400_interface' returned '0': AMENT_PREFIX_PATH=/root/ros2_ws/install/mg400_msgs:/root/ros2_ws/install/mg400_common:${AMENT_PREFIX_PATH} CMAKE_PREFIX_PATH=/root/ros2_ws/install/mg400_msgs:/root/ros2_ws/install/mg400_common:/opt/ros/humble LD_LIBRARY_PATH=/root/ros2_ws/install/mg400_msgs/lib:/root/ros2_ws/install/mg400_common/lib:${LD_LIBRARY_PATH} PYTHONPATH=/root/ros2_ws/install/mg400_msgs/local/lib/python3.10/dist-packages:${PYTHONPATH} /usr/bin/cmake --build /root/ros2_ws/build/mg400_interface -- -j16 -l16
[1.318s] DEBUG:colcon.colcon_core.event_handler.log_command:Invoking command in '/root/ros2_ws/build/mg400_interface': AMENT_PREFIX_PATH=/root/ros2_ws/install/mg400_msgs:/root/ros2_ws/install/mg400_common:${AMENT_PREFIX_PATH} CMAKE_PREFIX_PATH=/root/ros2_ws/install/mg400_msgs:/root/ros2_ws/install/mg400_common:/opt/ros/humble LD_LIBRARY_PATH=/root/ros2_ws/install/mg400_msgs/lib:/root/ros2_ws/install/mg400_common/lib:${LD_LIBRARY_PATH} PYTHONPATH=/root/ros2_ws/install/mg400_msgs/local/lib/python3.10/dist-packages:${PYTHONPATH} /usr/bin/cmake --install /root/ros2_ws/build/mg400_interface
[1.344s] Level 1:colcon.colcon_core.environment:create_environment_scripts_only(mg400_interface)
[1.345s] Level 1:colcon.colcon_core.environment:checking '/root/ros2_ws/install/mg400_interface' for CMake module files
[1.345s] DEBUG:colcon.colcon_core.event_handler.log_command:Invoked command in '/root/ros2_ws/build/mg400_interface' returned '0': AMENT_PREFIX_PATH=/root/ros2_ws/install/mg400_msgs:/root/ros2_ws/install/mg400_common:${AMENT_PREFIX_PATH} CMAKE_PREFIX_PATH=/root/ros2_ws/install/mg400_msgs:/root/ros2_ws/install/mg400_common:/opt/ros/humble LD_LIBRARY_PATH=/root/ros2_ws/install/mg400_msgs/lib:/root/ros2_ws/install/mg400_common/lib:${LD_LIBRARY_PATH} PYTHONPATH=/root/ros2_ws/install/mg400_msgs/local/lib/python3.10/dist-packages:${PYTHONPATH} /usr/bin/cmake --install /root/ros2_ws/build/mg400_interface
[1.346s] Level 1:colcon.colcon_core.environment:checking '/root/ros2_ws/install/mg400_interface' for CMake config files
[1.347s] Level 1:colcon.colcon_core.shell:create_environment_hook('mg400_interface', 'cmake_prefix_path')
[1.347s] INFO:colcon.colcon_core.shell:Creating environment hook '/root/ros2_ws/install/mg400_interface/share/mg400_interface/hook/cmake_prefix_path.ps1'
[1.347s] INFO:colcon.colcon_core.shell:Creating environment descriptor '/root/ros2_ws/install/mg400_interface/share/mg400_interface/hook/cmake_prefix_path.dsv'
[1.348s] INFO:colcon.colcon_core.shell:Creating environment hook '/root/ros2_ws/install/mg400_interface/share/mg400_interface/hook/cmake_prefix_path.sh'
[1.348s] Level 1:colcon.colcon_core.environment:checking '/root/ros2_ws/install/mg400_interface/lib'
[1.348s] Level 1:colcon.colcon_core.environment:checking '/root/ros2_ws/install/mg400_interface/bin'
[1.348s] Level 1:colcon.colcon_core.environment:checking '/root/ros2_ws/install/mg400_interface/lib/pkgconfig/mg400_interface.pc'
[1.348s] Level 1:colcon.colcon_core.environment:checking '/root/ros2_ws/install/mg400_interface/lib/python3.10/site-packages'
[1.349s] Level 1:colcon.colcon_core.environment:checking '/root/ros2_ws/install/mg400_interface/bin'
[1.349s] INFO:colcon.colcon_core.shell:Creating package script '/root/ros2_ws/install/mg400_interface/share/mg400_interface/package.ps1'
[1.349s] INFO:colcon.colcon_core.shell:Creating package descriptor '/root/ros2_ws/install/mg400_interface/share/mg400_interface/package.dsv'
[1.350s] INFO:colcon.colcon_core.shell:Creating package script '/root/ros2_ws/install/mg400_interface/share/mg400_interface/package.sh'
[1.350s] INFO:colcon.colcon_core.shell:Creating package script '/root/ros2_ws/install/mg400_interface/share/mg400_interface/package.bash'
[1.350s] INFO:colcon.colcon_core.shell:Creating package script '/root/ros2_ws/install/mg400_interface/share/mg400_interface/package.zsh'
[1.351s] Level 1:colcon.colcon_core.environment:create_file_with_runtime_dependencies(/root/ros2_ws/install/mg400_interface/share/colcon-core/packages/mg400_interface)
[1.351s] Level 1:colcon.colcon_core.environment:create_environment_scripts_only(mg400_interface)
[1.351s] Level 1:colcon.colcon_core.environment:checking '/root/ros2_ws/install/mg400_interface' for CMake module files
[1.352s] Level 1:colcon.colcon_core.environment:checking '/root/ros2_ws/install/mg400_interface' for CMake config files
[1.352s] Level 1:colcon.colcon_core.shell:create_environment_hook('mg400_interface', 'cmake_prefix_path')
[1.352s] INFO:colcon.colcon_core.shell:Creating environment hook '/root/ros2_ws/install/mg400_interface/share/mg400_interface/hook/cmake_prefix_path.ps1'
[1.353s] INFO:colcon.colcon_core.shell:Creating environment descriptor '/root/ros2_ws/install/mg400_interface/share/mg400_interface/hook/cmake_prefix_path.dsv'
[1.353s] INFO:colcon.colcon_core.shell:Creating environment hook '/root/ros2_ws/install/mg400_interface/share/mg400_interface/hook/cmake_prefix_path.sh'
[1.354s] Level 1:colcon.colcon_core.environment:checking '/root/ros2_ws/install/mg400_interface/lib'
[1.354s] Level 1:colcon.colcon_core.environment:checking '/root/ros2_ws/install/mg400_interface/bin'
[1.354s] Level 1:colcon.colcon_core.environment:checking '/root/ros2_ws/install/mg400_interface/lib/pkgconfig/mg400_interface.pc'
[1.354s] Level 1:colcon.colcon_core.environment:checking '/root/ros2_ws/install/mg400_interface/lib/python3.10/site-packages'
[1.354s] Level 1:colcon.colcon_core.environment:checking '/root/ros2_ws/install/mg400_interface/bin'
[1.354s] INFO:colcon.colcon_core.shell:Creating package script '/root/ros2_ws/install/mg400_interface/share/mg400_interface/package.ps1'
[1.355s] INFO:colcon.colcon_core.shell:Creating package descriptor '/root/ros2_ws/install/mg400_interface/share/mg400_interface/package.dsv'
[1.355s] INFO:colcon.colcon_core.shell:Creating package script '/root/ros2_ws/install/mg400_interface/share/mg400_interface/package.sh'
[1.355s] INFO:colcon.colcon_core.shell:Creating package script '/root/ros2_ws/install/mg400_interface/share/mg400_interface/package.bash'
[1.356s] INFO:colcon.colcon_core.shell:Creating package script '/root/ros2_ws/install/mg400_interface/share/mg400_interface/package.zsh'
[1.356s] Level 1:colcon.colcon_core.environment:create_file_with_runtime_dependencies(/root/ros2_ws/install/mg400_interface/share/colcon-core/packages/mg400_interface)
[1.356s] INFO:colcon.colcon_ros.task.ament_cmake.build:Building ROS package in '/root/ros2_ws/src/MG400_ROS2/mg400_plugin_base' with build type 'ament_cmake'
[1.356s] INFO:colcon.colcon_cmake.task.cmake.build:Building CMake package in '/root/ros2_ws/src/MG400_ROS2/mg400_plugin_base'
[1.357s] INFO:colcon.colcon_core.shell:Skip shell extension 'powershell' for command environment: Not usable outside of PowerShell
[1.357s] DEBUG:colcon.colcon_core.shell:Skip shell extension 'dsv' for command environment
[1.361s] INFO:colcon.colcon_ros.task.ament_cmake.build:Building ROS package in '/root/ros2_ws/src/MG400_ROS2/mg400_joy' with build type 'ament_cmake'
[1.361s] INFO:colcon.colcon_cmake.task.cmake.build:Building CMake package in '/root/ros2_ws/src/MG400_ROS2/mg400_joy'
[1.361s] INFO:colcon.colcon_core.shell:Skip shell extension 'powershell' for command environment: Not usable outside of PowerShell
[1.361s] DEBUG:colcon.colcon_core.shell:Skip shell extension 'dsv' for command environment
[1.365s] INFO:colcon.colcon_ros.task.ament_cmake.build:Building ROS package in '/root/ros2_ws/src/MG400_ROS2/mg400_rviz_plugin' with build type 'ament_cmake'
[1.365s] INFO:colcon.colcon_cmake.task.cmake.build:Building CMake package in '/root/ros2_ws/src/MG400_ROS2/mg400_rviz_plugin'
[1.365s] INFO:colcon.colcon_core.shell:Skip shell extension 'powershell' for command environment: Not usable outside of PowerShell
[1.365s] DEBUG:colcon.colcon_core.shell:Skip shell extension 'dsv' for command environment
[1.372s] DEBUG:colcon.colcon_core.task.python.build:Available setuptools 'develop' options: --zip-ok, --upgrade, --force-installation-into-system-dir, --allow-hosts, --version, --optimize, --install-layout, --editable, --help, --quiet, --prefix, --build-directory, --multi-version, --no-user-cfg, --install-dir, --no-deps, --verbose, --exclude-scripts, --always-copy, --site-dirs, --no-find-links, --index-url, --script-dir, --find-links, --uninstall, --dry-run, --record, --local-snapshots-ok, --user, --egg-path, --always-unzip
[1.372s] DEBUG:colcon.colcon_core.event_handler.log_command:Invoking command in '/root/ros2_ws/build/mg400_plugin_base': AMENT_PREFIX_PATH=/root/ros2_ws/install/mg400_interface:/root/ros2_ws/install/mg400_msgs:/root/ros2_ws/install/mg400_common:${AMENT_PREFIX_PATH} CMAKE_PREFIX_PATH=/root/ros2_ws/install/mg400_interface:/root/ros2_ws/install/mg400_msgs:/root/ros2_ws/install/mg400_common:/opt/ros/humble LD_LIBRARY_PATH=/root/ros2_ws/install/mg400_interface/lib:/root/ros2_ws/install/mg400_msgs/lib:/root/ros2_ws/install/mg400_common/lib:${LD_LIBRARY_PATH} PYTHONPATH=/root/ros2_ws/install/mg400_msgs/local/lib/python3.10/dist-packages:${PYTHONPATH} /usr/bin/cmake --build /root/ros2_ws/build/mg400_plugin_base -- -j16 -l16
[1.375s] DEBUG:colcon.colcon_core.event_handler.log_command:Invoking command in '/root/ros2_ws/build/p9n_bringup': AMENT_PREFIX_PATH=/root/ros2_ws/install/p9n_node:/root/ros2_ws/install/p9n_interface:${AMENT_PREFIX_PATH} CMAKE_PREFIX_PATH=/root/ros2_ws/install/p9n_node:/root/ros2_ws/install/p9n_interface LD_LIBRARY_PATH=/root/ros2_ws/install/p9n_node/lib:/root/ros2_ws/install/p9n_interface/lib:${LD_LIBRARY_PATH} PYTHONPATH=/root/ros2_ws/build/p9n_bringup/prefix_override:/usr/lib/python3/dist-packages/colcon_core/task/python/colcon_distutils_commands:/root/ros2_ws/install/p9n_bringup/lib/python3.10/site-packages:${PYTHONPATH} /usr/bin/python3 -W ignore:setup.py install is deprecated -W ignore:easy_install command is deprecated setup.py develop --editable --build-directory /root/ros2_ws/build/p9n_bringup/build --no-deps symlink_data
[1.377s] DEBUG:colcon.colcon_core.event_handler.log_command:Invoking command in '/root/ros2_ws/build/mg400_joy': AMENT_PREFIX_PATH=/root/ros2_ws/install/mg400_interface:/root/ros2_ws/install/p9n_interface:/root/ros2_ws/install/mg400_msgs:/root/ros2_ws/install/mg400_common:${AMENT_PREFIX_PATH} CMAKE_PREFIX_PATH=/root/ros2_ws/install/mg400_interface:/root/ros2_ws/install/p9n_interface:/root/ros2_ws/install/mg400_msgs:/root/ros2_ws/install/mg400_common:/opt/ros/humble LD_LIBRARY_PATH=/root/ros2_ws/install/mg400_interface/lib:/root/ros2_ws/install/p9n_interface/lib:/root/ros2_ws/install/mg400_msgs/lib:/root/ros2_ws/install/mg400_common/lib:${LD_LIBRARY_PATH} PYTHONPATH=/root/ros2_ws/install/mg400_msgs/local/lib/python3.10/dist-packages:${PYTHONPATH} /usr/bin/cmake --build /root/ros2_ws/build/mg400_joy -- -j16 -l16
[1.379s] DEBUG:colcon.colcon_core.event_handler.log_command:Invoking command in '/root/ros2_ws/build/mg400_rviz_plugin': AMENT_PREFIX_PATH=/root/ros2_ws/install/mg400_interface:/root/ros2_ws/install/mg400_msgs:/root/ros2_ws/install/mg400_common:${AMENT_PREFIX_PATH} CMAKE_PREFIX_PATH=/root/ros2_ws/install/mg400_interface:/root/ros2_ws/install/mg400_msgs:/root/ros2_ws/install/mg400_common:/opt/ros/humble LD_LIBRARY_PATH=/root/ros2_ws/install/mg400_interface/lib:/root/ros2_ws/install/mg400_msgs/lib:/root/ros2_ws/install/mg400_common/lib:${LD_LIBRARY_PATH} PYTHONPATH=/root/ros2_ws/install/mg400_msgs/local/lib/python3.10/dist-packages:${PYTHONPATH} /usr/bin/cmake --build /root/ros2_ws/build/mg400_rviz_plugin -- -j16 -l16
[1.415s] DEBUG:colcon.colcon_core.event_handler.log_command:Invoked command in '/root/ros2_ws/build/mg400_plugin_base' returned '0': AMENT_PREFIX_PATH=/root/ros2_ws/install/mg400_interface:/root/ros2_ws/install/mg400_msgs:/root/ros2_ws/install/mg400_common:${AMENT_PREFIX_PATH} CMAKE_PREFIX_PATH=/root/ros2_ws/install/mg400_interface:/root/ros2_ws/install/mg400_msgs:/root/ros2_ws/install/mg400_common:/opt/ros/humble LD_LIBRARY_PATH=/root/ros2_ws/install/mg400_interface/lib:/root/ros2_ws/install/mg400_msgs/lib:/root/ros2_ws/install/mg400_common/lib:${LD_LIBRARY_PATH} PYTHONPATH=/root/ros2_ws/install/mg400_msgs/local/lib/python3.10/dist-packages:${PYTHONPATH} /usr/bin/cmake --build /root/ros2_ws/build/mg400_plugin_base -- -j16 -l16
[1.417s] DEBUG:colcon.colcon_core.event_handler.log_command:Invoking command in '/root/ros2_ws/build/mg400_plugin_base': AMENT_PREFIX_PATH=/root/ros2_ws/install/mg400_interface:/root/ros2_ws/install/mg400_msgs:/root/ros2_ws/install/mg400_common:${AMENT_PREFIX_PATH} CMAKE_PREFIX_PATH=/root/ros2_ws/install/mg400_interface:/root/ros2_ws/install/mg400_msgs:/root/ros2_ws/install/mg400_common:/opt/ros/humble LD_LIBRARY_PATH=/root/ros2_ws/install/mg400_interface/lib:/root/ros2_ws/install/mg400_msgs/lib:/root/ros2_ws/install/mg400_common/lib:${LD_LIBRARY_PATH} PYTHONPATH=/root/ros2_ws/install/mg400_msgs/local/lib/python3.10/dist-packages:${PYTHONPATH} /usr/bin/cmake --install /root/ros2_ws/build/mg400_plugin_base
[1.436s] Level 1:colcon.colcon_core.environment:create_environment_scripts_only(mg400_plugin_base)
[1.437s] Level 1:colcon.colcon_core.environment:checking '/root/ros2_ws/install/mg400_plugin_base' for CMake module files
[1.437s] DEBUG:colcon.colcon_core.event_handler.log_command:Invoked command in '/root/ros2_ws/build/mg400_plugin_base' returned '0': AMENT_PREFIX_PATH=/root/ros2_ws/install/mg400_interface:/root/ros2_ws/install/mg400_msgs:/root/ros2_ws/install/mg400_common:${AMENT_PREFIX_PATH} CMAKE_PREFIX_PATH=/root/ros2_ws/install/mg400_interface:/root/ros2_ws/install/mg400_msgs:/root/ros2_ws/install/mg400_common:/opt/ros/humble LD_LIBRARY_PATH=/root/ros2_ws/install/mg400_interface/lib:/root/ros2_ws/install/mg400_msgs/lib:/root/ros2_ws/install/mg400_common/lib:${LD_LIBRARY_PATH} PYTHONPATH=/root/ros2_ws/install/mg400_msgs/local/lib/python3.10/dist-packages:${PYTHONPATH} /usr/bin/cmake --install /root/ros2_ws/build/mg400_plugin_base
[1.437s] Level 1:colcon.colcon_core.environment:checking '/root/ros2_ws/install/mg400_plugin_base' for CMake config files
[1.438s] Level 1:colcon.colcon_core.shell:create_environment_hook('mg400_plugin_base', 'cmake_prefix_path')
[1.438s] INFO:colcon.colcon_core.shell:Creating environment hook '/root/ros2_ws/install/mg400_plugin_base/share/mg400_plugin_base/hook/cmake_prefix_path.ps1'
[1.439s] INFO:colcon.colcon_core.shell:Creating environment descriptor '/root/ros2_ws/install/mg400_plugin_base/share/mg400_plugin_base/hook/cmake_prefix_path.dsv'
[1.439s] INFO:colcon.colcon_core.shell:Creating environment hook '/root/ros2_ws/install/mg400_plugin_base/share/mg400_plugin_base/hook/cmake_prefix_path.sh'
[1.440s] Level 1:colcon.colcon_core.environment:checking '/root/ros2_ws/install/mg400_plugin_base/bin'
[1.440s] Level 1:colcon.colcon_core.environment:checking '/root/ros2_ws/install/mg400_plugin_base/lib/pkgconfig/mg400_plugin_base.pc'
[1.440s] Level 1:colcon.colcon_core.environment:checking '/root/ros2_ws/install/mg400_plugin_base/lib/python3.10/site-packages'
[1.440s] Level 1:colcon.colcon_core.environment:checking '/root/ros2_ws/install/mg400_plugin_base/bin'
[1.441s] INFO:colcon.colcon_core.shell:Creating package script '/root/ros2_ws/install/mg400_plugin_base/share/mg400_plugin_base/package.ps1'
[1.441s] INFO:colcon.colcon_core.shell:Creating package descriptor '/root/ros2_ws/install/mg400_plugin_base/share/mg400_plugin_base/package.dsv'
[1.441s] INFO:colcon.colcon_core.shell:Creating package script '/root/ros2_ws/install/mg400_plugin_base/share/mg400_plugin_base/package.sh'
[1.442s] INFO:colcon.colcon_core.shell:Creating package script '/root/ros2_ws/install/mg400_plugin_base/share/mg400_plugin_base/package.bash'
[1.442s] INFO:colcon.colcon_core.shell:Creating package script '/root/ros2_ws/install/mg400_plugin_base/share/mg400_plugin_base/package.zsh'
[1.442s] Level 1:colcon.colcon_core.environment:create_file_with_runtime_dependencies(/root/ros2_ws/install/mg400_plugin_base/share/colcon-core/packages/mg400_plugin_base)
[1.443s] Level 1:colcon.colcon_core.environment:create_environment_scripts_only(mg400_plugin_base)
[1.443s] Level 1:colcon.colcon_core.environment:checking '/root/ros2_ws/install/mg400_plugin_base' for CMake module files
[1.443s] Level 1:colcon.colcon_core.environment:checking '/root/ros2_ws/install/mg400_plugin_base' for CMake config files
[1.444s] Level 1:colcon.colcon_core.shell:create_environment_hook('mg400_plugin_base', 'cmake_prefix_path')
[1.444s] INFO:colcon.colcon_core.shell:Creating environment hook '/root/ros2_ws/install/mg400_plugin_base/share/mg400_plugin_base/hook/cmake_prefix_path.ps1'
[1.444s] INFO:colcon.colcon_core.shell:Creating environment descriptor '/root/ros2_ws/install/mg400_plugin_base/share/mg400_plugin_base/hook/cmake_prefix_path.dsv'
[1.444s] INFO:colcon.colcon_core.shell:Creating environment hook '/root/ros2_ws/install/mg400_plugin_base/share/mg400_plugin_base/hook/cmake_prefix_path.sh'
[1.445s] Level 1:colcon.colcon_core.environment:checking '/root/ros2_ws/install/mg400_plugin_base/bin'
[1.445s] Level 1:colcon.colcon_core.environment:checking '/root/ros2_ws/install/mg400_plugin_base/lib/pkgconfig/mg400_plugin_base.pc'
[1.445s] Level 1:colcon.colcon_core.environment:checking '/root/ros2_ws/install/mg400_plugin_base/lib/python3.10/site-packages'
[1.445s] Level 1:colcon.colcon_core.environment:checking '/root/ros2_ws/install/mg400_plugin_base/bin'
[1.446s] INFO:colcon.colcon_core.shell:Creating package script '/root/ros2_ws/install/mg400_plugin_base/share/mg400_plugin_base/package.ps1'
[1.446s] INFO:colcon.colcon_core.shell:Creating package descriptor '/root/ros2_ws/install/mg400_plugin_base/share/mg400_plugin_base/package.dsv'
[1.446s] INFO:colcon.colcon_core.shell:Creating package script '/root/ros2_ws/install/mg400_plugin_base/share/mg400_plugin_base/package.sh'
[1.447s] INFO:colcon.colcon_core.shell:Creating package script '/root/ros2_ws/install/mg400_plugin_base/share/mg400_plugin_base/package.bash'
[1.447s] INFO:colcon.colcon_core.shell:Creating package script '/root/ros2_ws/install/mg400_plugin_base/share/mg400_plugin_base/package.zsh'
[1.448s] Level 1:colcon.colcon_core.environment:create_file_with_runtime_dependencies(/root/ros2_ws/install/mg400_plugin_base/share/colcon-core/packages/mg400_plugin_base)
[1.449s] INFO:colcon.colcon_ros.task.ament_cmake.build:Building ROS package in '/root/ros2_ws/src/MG400_ROS2/mg400_plugin' with build type 'ament_cmake'
[1.449s] INFO:colcon.colcon_cmake.task.cmake.build:Building CMake package in '/root/ros2_ws/src/MG400_ROS2/mg400_plugin'
[1.449s] INFO:colcon.colcon_core.shell:Skip shell extension 'powershell' for command environment: Not usable outside of PowerShell
[1.449s] DEBUG:colcon.colcon_core.shell:Skip shell extension 'dsv' for command environment
[1.458s] DEBUG:colcon.colcon_core.event_handler.log_command:Invoked command in '/root/ros2_ws/build/mg400_joy' returned '0': AMENT_PREFIX_PATH=/root/ros2_ws/install/mg400_interface:/root/ros2_ws/install/p9n_interface:/root/ros2_ws/install/mg400_msgs:/root/ros2_ws/install/mg400_common:${AMENT_PREFIX_PATH} CMAKE_PREFIX_PATH=/root/ros2_ws/install/mg400_interface:/root/ros2_ws/install/p9n_interface:/root/ros2_ws/install/mg400_msgs:/root/ros2_ws/install/mg400_common:/opt/ros/humble LD_LIBRARY_PATH=/root/ros2_ws/install/mg400_interface/lib:/root/ros2_ws/install/p9n_interface/lib:/root/ros2_ws/install/mg400_msgs/lib:/root/ros2_ws/install/mg400_common/lib:${LD_LIBRARY_PATH} PYTHONPATH=/root/ros2_ws/install/mg400_msgs/local/lib/python3.10/dist-packages:${PYTHONPATH} /usr/bin/cmake --build /root/ros2_ws/build/mg400_joy -- -j16 -l16
[1.460s] DEBUG:colcon.colcon_core.event_handler.log_command:Invoking command in '/root/ros2_ws/build/mg400_joy': AMENT_PREFIX_PATH=/root/ros2_ws/install/mg400_interface:/root/ros2_ws/install/p9n_interface:/root/ros2_ws/install/mg400_msgs:/root/ros2_ws/install/mg400_common:${AMENT_PREFIX_PATH} CMAKE_PREFIX_PATH=/root/ros2_ws/install/mg400_interface:/root/ros2_ws/install/p9n_interface:/root/ros2_ws/install/mg400_msgs:/root/ros2_ws/install/mg400_common:/opt/ros/humble LD_LIBRARY_PATH=/root/ros2_ws/install/mg400_interface/lib:/root/ros2_ws/install/p9n_interface/lib:/root/ros2_ws/install/mg400_msgs/lib:/root/ros2_ws/install/mg400_common/lib:${LD_LIBRARY_PATH} PYTHONPATH=/root/ros2_ws/install/mg400_msgs/local/lib/python3.10/dist-packages:${PYTHONPATH} /usr/bin/cmake --install /root/ros2_ws/build/mg400_joy
[1.462s] DEBUG:colcon.colcon_core.event_handler.log_command:Invoking command in '/root/ros2_ws/build/mg400_plugin': AMENT_PREFIX_PATH=/root/ros2_ws/install/mg400_plugin_base:/root/ros2_ws/install/mg400_interface:/root/ros2_ws/install/mg400_msgs:/root/ros2_ws/install/mg400_common:${AMENT_PREFIX_PATH} CMAKE_PREFIX_PATH=/root/ros2_ws/install/mg400_plugin_base:/root/ros2_ws/install/mg400_interface:/root/ros2_ws/install/mg400_msgs:/root/ros2_ws/install/mg400_common:/opt/ros/humble LD_LIBRARY_PATH=/root/ros2_ws/install/mg400_interface/lib:/root/ros2_ws/install/mg400_msgs/lib:/root/ros2_ws/install/mg400_common/lib:${LD_LIBRARY_PATH} PYTHONPATH=/root/ros2_ws/install/mg400_msgs/local/lib/python3.10/dist-packages:${PYTHONPATH} /usr/bin/cmake --build /root/ros2_ws/build/mg400_plugin -- -j16 -l16
[1.479s] Level 1:colcon.colcon_core.environment:create_environment_scripts_only(mg400_joy)
[1.479s] Level 1:colcon.colcon_core.environment:checking '/root/ros2_ws/install/mg400_joy' for CMake module files
[1.480s] DEBUG:colcon.colcon_core.event_handler.log_command:Invoked command in '/root/ros2_ws/build/mg400_joy' returned '0': AMENT_PREFIX_PATH=/root/ros2_ws/install/mg400_interface:/root/ros2_ws/install/p9n_interface:/root/ros2_ws/install/mg400_msgs:/root/ros2_ws/install/mg400_common:${AMENT_PREFIX_PATH} CMAKE_PREFIX_PATH=/root/ros2_ws/install/mg400_interface:/root/ros2_ws/install/p9n_interface:/root/ros2_ws/install/mg400_msgs:/root/ros2_ws/install/mg400_common:/opt/ros/humble LD_LIBRARY_PATH=/root/ros2_ws/install/mg400_interface/lib:/root/ros2_ws/install/p9n_interface/lib:/root/ros2_ws/install/mg400_msgs/lib:/root/ros2_ws/install/mg400_common/lib:${LD_LIBRARY_PATH} PYTHONPATH=/root/ros2_ws/install/mg400_msgs/local/lib/python3.10/dist-packages:${PYTHONPATH} /usr/bin/cmake --install /root/ros2_ws/build/mg400_joy
[1.480s] Level 1:colcon.colcon_core.environment:checking '/root/ros2_ws/install/mg400_joy' for CMake config files
[1.480s] Level 1:colcon.colcon_core.shell:create_environment_hook('mg400_joy', 'cmake_prefix_path')
[1.481s] INFO:colcon.colcon_core.shell:Creating environment hook '/root/ros2_ws/install/mg400_joy/share/mg400_joy/hook/cmake_prefix_path.ps1'
[1.481s] INFO:colcon.colcon_core.shell:Creating environment descriptor '/root/ros2_ws/install/mg400_joy/share/mg400_joy/hook/cmake_prefix_path.dsv'
[1.481s] INFO:colcon.colcon_core.shell:Creating environment hook '/root/ros2_ws/install/mg400_joy/share/mg400_joy/hook/cmake_prefix_path.sh'
[1.482s] Level 1:colcon.colcon_core.environment:checking '/root/ros2_ws/install/mg400_joy/lib'
[1.482s] Level 1:colcon.colcon_core.shell:create_environment_hook('mg400_joy', 'ld_library_path_lib')
[1.482s] INFO:colcon.colcon_core.shell:Creating environment hook '/root/ros2_ws/install/mg400_joy/share/mg400_joy/hook/ld_library_path_lib.ps1'
[1.482s] INFO:colcon.colcon_core.shell:Creating environment descriptor '/root/ros2_ws/install/mg400_joy/share/mg400_joy/hook/ld_library_path_lib.dsv'
[1.483s] INFO:colcon.colcon_core.shell:Creating environment hook '/root/ros2_ws/install/mg400_joy/share/mg400_joy/hook/ld_library_path_lib.sh'
[1.483s] Level 1:colcon.colcon_core.environment:checking '/root/ros2_ws/install/mg400_joy/bin'
[1.483s] Level 1:colcon.colcon_core.environment:checking '/root/ros2_ws/install/mg400_joy/lib/pkgconfig/mg400_joy.pc'
[1.483s] Level 1:colcon.colcon_core.environment:checking '/root/ros2_ws/install/mg400_joy/lib/python3.10/site-packages'
[1.483s] Level 1:colcon.colcon_core.environment:checking '/root/ros2_ws/install/mg400_joy/bin'
[1.484s] INFO:colcon.colcon_core.shell:Creating package script '/root/ros2_ws/install/mg400_joy/share/mg400_joy/package.ps1'
[1.484s] INFO:colcon.colcon_core.shell:Creating package descriptor '/root/ros2_ws/install/mg400_joy/share/mg400_joy/package.dsv'
[1.484s] INFO:colcon.colcon_core.shell:Creating package script '/root/ros2_ws/install/mg400_joy/share/mg400_joy/package.sh'
[1.485s] INFO:colcon.colcon_core.shell:Creating package script '/root/ros2_ws/install/mg400_joy/share/mg400_joy/package.bash'
[1.485s] INFO:colcon.colcon_core.shell:Creating package script '/root/ros2_ws/install/mg400_joy/share/mg400_joy/package.zsh'
[1.485s] Level 1:colcon.colcon_core.environment:create_file_with_runtime_dependencies(/root/ros2_ws/install/mg400_joy/share/colcon-core/packages/mg400_joy)
[1.486s] Level 1:colcon.colcon_core.environment:create_environment_scripts_only(mg400_joy)
[1.486s] Level 1:colcon.colcon_core.environment:checking '/root/ros2_ws/install/mg400_joy' for CMake module files
[1.486s] Level 1:colcon.colcon_core.environment:checking '/root/ros2_ws/install/mg400_joy' for CMake config files
[1.487s] Level 1:colcon.colcon_core.shell:create_environment_hook('mg400_joy', 'cmake_prefix_path')
[1.487s] INFO:colcon.colcon_core.shell:Creating environment hook '/root/ros2_ws/install/mg400_joy/share/mg400_joy/hook/cmake_prefix_path.ps1'
[1.487s] INFO:colcon.colcon_core.shell:Creating environment descriptor '/root/ros2_ws/install/mg400_joy/share/mg400_joy/hook/cmake_prefix_path.dsv'
[1.487s] INFO:colcon.colcon_core.shell:Creating environment hook '/root/ros2_ws/install/mg400_joy/share/mg400_joy/hook/cmake_prefix_path.sh'
[1.488s] Level 1:colcon.colcon_core.environment:checking '/root/ros2_ws/install/mg400_joy/lib'
[1.488s] Level 1:colcon.colcon_core.shell:create_environment_hook('mg400_joy', 'ld_library_path_lib')
[1.488s] INFO:colcon.colcon_core.shell:Creating environment hook '/root/ros2_ws/install/mg400_joy/share/mg400_joy/hook/ld_library_path_lib.ps1'
[1.488s] INFO:colcon.colcon_core.shell:Creating environment descriptor '/root/ros2_ws/install/mg400_joy/share/mg400_joy/hook/ld_library_path_lib.dsv'
[1.488s] INFO:colcon.colcon_core.shell:Creating environment hook '/root/ros2_ws/install/mg400_joy/share/mg400_joy/hook/ld_library_path_lib.sh'
[1.489s] Level 1:colcon.colcon_core.environment:checking '/root/ros2_ws/install/mg400_joy/bin'
[1.489s] Level 1:colcon.colcon_core.environment:checking '/root/ros2_ws/install/mg400_joy/lib/pkgconfig/mg400_joy.pc'
[1.489s] Level 1:colcon.colcon_core.environment:checking '/root/ros2_ws/install/mg400_joy/lib/python3.10/site-packages'
[1.489s] Level 1:colcon.colcon_core.environment:checking '/root/ros2_ws/install/mg400_joy/bin'
[1.489s] INFO:colcon.colcon_core.shell:Creating package script '/root/ros2_ws/install/mg400_joy/share/mg400_joy/package.ps1'
[1.490s] INFO:colcon.colcon_core.shell:Creating package descriptor '/root/ros2_ws/install/mg400_joy/share/mg400_joy/package.dsv'
[1.490s] INFO:colcon.colcon_core.shell:Creating package script '/root/ros2_ws/install/mg400_joy/share/mg400_joy/package.sh'
[1.490s] INFO:colcon.colcon_core.shell:Creating package script '/root/ros2_ws/install/mg400_joy/share/mg400_joy/package.bash'
[1.491s] INFO:colcon.colcon_core.shell:Creating package script '/root/ros2_ws/install/mg400_joy/share/mg400_joy/package.zsh'
[1.491s] Level 1:colcon.colcon_core.environment:create_file_with_runtime_dependencies(/root/ros2_ws/install/mg400_joy/share/colcon-core/packages/mg400_joy)
[1.508s] DEBUG:colcon.colcon_core.event_handler.log_command:Invoked command in '/root/ros2_ws/build/mg400_rviz_plugin' returned '0': AMENT_PREFIX_PATH=/root/ros2_ws/install/mg400_interface:/root/ros2_ws/install/mg400_msgs:/root/ros2_ws/install/mg400_common:${AMENT_PREFIX_PATH} CMAKE_PREFIX_PATH=/root/ros2_ws/install/mg400_interface:/root/ros2_ws/install/mg400_msgs:/root/ros2_ws/install/mg400_common:/opt/ros/humble LD_LIBRARY_PATH=/root/ros2_ws/install/mg400_interface/lib:/root/ros2_ws/install/mg400_msgs/lib:/root/ros2_ws/install/mg400_common/lib:${LD_LIBRARY_PATH} PYTHONPATH=/root/ros2_ws/install/mg400_msgs/local/lib/python3.10/dist-packages:${PYTHONPATH} /usr/bin/cmake --build /root/ros2_ws/build/mg400_rviz_plugin -- -j16 -l16
[1.509s] DEBUG:colcon.colcon_core.event_handler.log_command:Invoking command in '/root/ros2_ws/build/mg400_rviz_plugin': AMENT_PREFIX_PATH=/root/ros2_ws/install/mg400_interface:/root/ros2_ws/install/mg400_msgs:/root/ros2_ws/install/mg400_common:${AMENT_PREFIX_PATH} CMAKE_PREFIX_PATH=/root/ros2_ws/install/mg400_interface:/root/ros2_ws/install/mg400_msgs:/root/ros2_ws/install/mg400_common:/opt/ros/humble LD_LIBRARY_PATH=/root/ros2_ws/install/mg400_interface/lib:/root/ros2_ws/install/mg400_msgs/lib:/root/ros2_ws/install/mg400_common/lib:${LD_LIBRARY_PATH} PYTHONPATH=/root/ros2_ws/install/mg400_msgs/local/lib/python3.10/dist-packages:${PYTHONPATH} /usr/bin/cmake --install /root/ros2_ws/build/mg400_rviz_plugin
[1.532s] Level 1:colcon.colcon_core.environment:create_environment_scripts_only(mg400_rviz_plugin)
[1.532s] Level 1:colcon.colcon_core.environment:checking '/root/ros2_ws/install/mg400_rviz_plugin' for CMake module files
[1.533s] DEBUG:colcon.colcon_core.event_handler.log_command:Invoked command in '/root/ros2_ws/build/mg400_rviz_plugin' returned '0': AMENT_PREFIX_PATH=/root/ros2_ws/install/mg400_interface:/root/ros2_ws/install/mg400_msgs:/root/ros2_ws/install/mg400_common:${AMENT_PREFIX_PATH} CMAKE_PREFIX_PATH=/root/ros2_ws/install/mg400_interface:/root/ros2_ws/install/mg400_msgs:/root/ros2_ws/install/mg400_common:/opt/ros/humble LD_LIBRARY_PATH=/root/ros2_ws/install/mg400_interface/lib:/root/ros2_ws/install/mg400_msgs/lib:/root/ros2_ws/install/mg400_common/lib:${LD_LIBRARY_PATH} PYTHONPATH=/root/ros2_ws/install/mg400_msgs/local/lib/python3.10/dist-packages:${PYTHONPATH} /usr/bin/cmake --install /root/ros2_ws/build/mg400_rviz_plugin
[1.533s] Level 1:colcon.colcon_core.environment:checking '/root/ros2_ws/install/mg400_rviz_plugin' for CMake config files
[1.533s] Level 1:colcon.colcon_core.shell:create_environment_hook('mg400_rviz_plugin', 'cmake_prefix_path')
[1.533s] INFO:colcon.colcon_core.shell:Creating environment hook '/root/ros2_ws/install/mg400_rviz_plugin/share/mg400_rviz_plugin/hook/cmake_prefix_path.ps1'
[1.534s] INFO:colcon.colcon_core.shell:Creating environment descriptor '/root/ros2_ws/install/mg400_rviz_plugin/share/mg400_rviz_plugin/hook/cmake_prefix_path.dsv'
[1.534s] INFO:colcon.colcon_core.shell:Creating environment hook '/root/ros2_ws/install/mg400_rviz_plugin/share/mg400_rviz_plugin/hook/cmake_prefix_path.sh'
[1.535s] Level 1:colcon.colcon_core.environment:checking '/root/ros2_ws/install/mg400_rviz_plugin/lib'
[1.535s] Level 1:colcon.colcon_core.shell:create_environment_hook('mg400_rviz_plugin', 'ld_library_path_lib')
[1.535s] INFO:colcon.colcon_core.shell:Creating environment hook '/root/ros2_ws/install/mg400_rviz_plugin/share/mg400_rviz_plugin/hook/ld_library_path_lib.ps1'
[1.535s] INFO:colcon.colcon_core.shell:Creating environment descriptor '/root/ros2_ws/install/mg400_rviz_plugin/share/mg400_rviz_plugin/hook/ld_library_path_lib.dsv'
[1.535s] INFO:colcon.colcon_core.shell:Creating environment hook '/root/ros2_ws/install/mg400_rviz_plugin/share/mg400_rviz_plugin/hook/ld_library_path_lib.sh'
[1.536s] Level 1:colcon.colcon_core.environment:checking '/root/ros2_ws/install/mg400_rviz_plugin/bin'
[1.536s] Level 1:colcon.colcon_core.environment:checking '/root/ros2_ws/install/mg400_rviz_plugin/lib/pkgconfig/mg400_rviz_plugin.pc'
[1.536s] Level 1:colcon.colcon_core.environment:checking '/root/ros2_ws/install/mg400_rviz_plugin/lib/python3.10/site-packages'
[1.536s] Level 1:colcon.colcon_core.environment:checking '/root/ros2_ws/install/mg400_rviz_plugin/bin'
[1.536s] INFO:colcon.colcon_core.shell:Creating package script '/root/ros2_ws/install/mg400_rviz_plugin/share/mg400_rviz_plugin/package.ps1'
[1.537s] INFO:colcon.colcon_core.shell:Creating package descriptor '/root/ros2_ws/install/mg400_rviz_plugin/share/mg400_rviz_plugin/package.dsv'
[1.537s] INFO:colcon.colcon_core.shell:Creating package script '/root/ros2_ws/install/mg400_rviz_plugin/share/mg400_rviz_plugin/package.sh'
[1.538s] INFO:colcon.colcon_core.shell:Creating package script '/root/ros2_ws/install/mg400_rviz_plugin/share/mg400_rviz_plugin/package.bash'
[1.538s] INFO:colcon.colcon_core.shell:Creating package script '/root/ros2_ws/install/mg400_rviz_plugin/share/mg400_rviz_plugin/package.zsh'
[1.538s] Level 1:colcon.colcon_core.environment:create_file_with_runtime_dependencies(/root/ros2_ws/install/mg400_rviz_plugin/share/colcon-core/packages/mg400_rviz_plugin)
[1.539s] Level 1:colcon.colcon_core.environment:create_environment_scripts_only(mg400_rviz_plugin)
[1.539s] Level 1:colcon.colcon_core.environment:checking '/root/ros2_ws/install/mg400_rviz_plugin' for CMake module files
[1.539s] Level 1:colcon.colcon_core.environment:checking '/root/ros2_ws/install/mg400_rviz_plugin' for CMake config files
[1.539s] Level 1:colcon.colcon_core.shell:create_environment_hook('mg400_rviz_plugin', 'cmake_prefix_path')
[1.540s] INFO:colcon.colcon_core.shell:Creating environment hook '/root/ros2_ws/install/mg400_rviz_plugin/share/mg400_rviz_plugin/hook/cmake_prefix_path.ps1'
[1.540s] INFO:colcon.colcon_core.shell:Creating environment descriptor '/root/ros2_ws/install/mg400_rviz_plugin/share/mg400_rviz_plugin/hook/cmake_prefix_path.dsv'
[1.540s] INFO:colcon.colcon_core.shell:Creating environment hook '/root/ros2_ws/install/mg400_rviz_plugin/share/mg400_rviz_plugin/hook/cmake_prefix_path.sh'
[1.541s] Level 1:colcon.colcon_core.environment:checking '/root/ros2_ws/install/mg400_rviz_plugin/lib'
[1.541s] Level 1:colcon.colcon_core.shell:create_environment_hook('mg400_rviz_plugin', 'ld_library_path_lib')
[1.541s] INFO:colcon.colcon_core.shell:Creating environment hook '/root/ros2_ws/install/mg400_rviz_plugin/share/mg400_rviz_plugin/hook/ld_library_path_lib.ps1'
[1.541s] INFO:colcon.colcon_core.shell:Creating environment descriptor '/root/ros2_ws/install/mg400_rviz_plugin/share/mg400_rviz_plugin/hook/ld_library_path_lib.dsv'
[1.542s] INFO:colcon.colcon_core.shell:Creating environment hook '/root/ros2_ws/install/mg400_rviz_plugin/share/mg400_rviz_plugin/hook/ld_library_path_lib.sh'
[1.542s] Level 1:colcon.colcon_core.environment:checking '/root/ros2_ws/install/mg400_rviz_plugin/bin'
[1.542s] Level 1:colcon.colcon_core.environment:checking '/root/ros2_ws/install/mg400_rviz_plugin/lib/pkgconfig/mg400_rviz_plugin.pc'
[1.542s] Level 1:colcon.colcon_core.environment:checking '/root/ros2_ws/install/mg400_rviz_plugin/lib/python3.10/site-packages'
[1.543s] Level 1:colcon.colcon_core.environment:checking '/root/ros2_ws/install/mg400_rviz_plugin/bin'
[1.543s] INFO:colcon.colcon_core.shell:Creating package script '/root/ros2_ws/install/mg400_rviz_plugin/share/mg400_rviz_plugin/package.ps1'
[1.543s] INFO:colcon.colcon_core.shell:Creating package descriptor '/root/ros2_ws/install/mg400_rviz_plugin/share/mg400_rviz_plugin/package.dsv'
[1.544s] INFO:colcon.colcon_core.shell:Creating package script '/root/ros2_ws/install/mg400_rviz_plugin/share/mg400_rviz_plugin/package.sh'
[1.544s] INFO:colcon.colcon_core.shell:Creating package script '/root/ros2_ws/install/mg400_rviz_plugin/share/mg400_rviz_plugin/package.bash'
[1.544s] INFO:colcon.colcon_core.shell:Creating package script '/root/ros2_ws/install/mg400_rviz_plugin/share/mg400_rviz_plugin/package.zsh'
[1.545s] Level 1:colcon.colcon_core.environment:create_file_with_runtime_dependencies(/root/ros2_ws/install/mg400_rviz_plugin/share/colcon-core/packages/mg400_rviz_plugin)
[1.682s] Level 1:colcon.colcon_core.shell:create_environment_hook('p9n_bringup', 'pythonpath_develop')
[1.683s] INFO:colcon.colcon_core.shell:Creating environment hook '/root/ros2_ws/build/p9n_bringup/share/p9n_bringup/hook/pythonpath_develop.ps1'
[1.683s] DEBUG:colcon.colcon_core.event_handler.log_command:Invoked command in '/root/ros2_ws/build/p9n_bringup' returned '0': AMENT_PREFIX_PATH=/root/ros2_ws/install/p9n_node:/root/ros2_ws/install/p9n_interface:${AMENT_PREFIX_PATH} CMAKE_PREFIX_PATH=/root/ros2_ws/install/p9n_node:/root/ros2_ws/install/p9n_interface LD_LIBRARY_PATH=/root/ros2_ws/install/p9n_node/lib:/root/ros2_ws/install/p9n_interface/lib:${LD_LIBRARY_PATH} PYTHONPATH=/root/ros2_ws/build/p9n_bringup/prefix_override:/usr/lib/python3/dist-packages/colcon_core/task/python/colcon_distutils_commands:/root/ros2_ws/install/p9n_bringup/lib/python3.10/site-packages:${PYTHONPATH} /usr/bin/python3 -W ignore:setup.py install is deprecated -W ignore:easy_install command is deprecated setup.py develop --editable --build-directory /root/ros2_ws/build/p9n_bringup/build --no-deps symlink_data
[1.683s] INFO:colcon.colcon_core.shell:Creating environment descriptor '/root/ros2_ws/build/p9n_bringup/share/p9n_bringup/hook/pythonpath_develop.dsv'
[1.684s] INFO:colcon.colcon_core.shell:Creating environment hook '/root/ros2_ws/build/p9n_bringup/share/p9n_bringup/hook/pythonpath_develop.sh'
[1.684s] Level 1:colcon.colcon_core.environment:checking '/root/ros2_ws/install/p9n_bringup' for CMake module files
[1.685s] Level 1:colcon.colcon_core.environment:checking '/root/ros2_ws/install/p9n_bringup' for CMake config files
[1.686s] Level 1:colcon.colcon_core.environment:checking '/root/ros2_ws/install/p9n_bringup/lib'
[1.686s] Level 1:colcon.colcon_core.environment:checking '/root/ros2_ws/install/p9n_bringup/bin'
[1.686s] Level 1:colcon.colcon_core.environment:checking '/root/ros2_ws/install/p9n_bringup/lib/pkgconfig/p9n_bringup.pc'
[1.686s] Level 1:colcon.colcon_core.environment:checking '/root/ros2_ws/install/p9n_bringup/lib/python3.10/site-packages'
[1.686s] Level 1:colcon.colcon_core.shell:create_environment_hook('p9n_bringup', 'pythonpath')
[1.686s] INFO:colcon.colcon_core.shell:Creating environment hook '/root/ros2_ws/install/p9n_bringup/share/p9n_bringup/hook/pythonpath.ps1'
[1.686s] INFO:colcon.colcon_core.shell:Creating environment descriptor '/root/ros2_ws/install/p9n_bringup/share/p9n_bringup/hook/pythonpath.dsv'
[1.687s] INFO:colcon.colcon_core.shell:Creating environment hook '/root/ros2_ws/install/p9n_bringup/share/p9n_bringup/hook/pythonpath.sh'
[1.687s] Level 1:colcon.colcon_core.environment:checking '/root/ros2_ws/install/p9n_bringup/bin'
[1.687s] Level 1:colcon.colcon_core.environment:create_environment_scripts_only(p9n_bringup)
[1.688s] INFO:colcon.colcon_core.shell:Creating package script '/root/ros2_ws/install/p9n_bringup/share/p9n_bringup/package.ps1'
[1.689s] INFO:colcon.colcon_core.shell:Creating package descriptor '/root/ros2_ws/install/p9n_bringup/share/p9n_bringup/package.dsv'
[1.689s] INFO:colcon.colcon_core.shell:Creating package script '/root/ros2_ws/install/p9n_bringup/share/p9n_bringup/package.sh'
[1.689s] INFO:colcon.colcon_core.shell:Creating package script '/root/ros2_ws/install/p9n_bringup/share/p9n_bringup/package.bash'
[1.690s] INFO:colcon.colcon_core.shell:Creating package script '/root/ros2_ws/install/p9n_bringup/share/p9n_bringup/package.zsh'
[1.690s] Level 1:colcon.colcon_core.environment:create_file_with_runtime_dependencies(/root/ros2_ws/install/p9n_bringup/share/colcon-core/packages/p9n_bringup)
[1.690s] INFO:colcon.colcon_ros.task.ament_cmake.build:Building ROS package in '/root/ros2_ws/src/PlayStation-JoyInterface-ROS2/p9n' with build type 'ament_cmake'
[1.690s] INFO:colcon.colcon_cmake.task.cmake.build:Building CMake package in '/root/ros2_ws/src/PlayStation-JoyInterface-ROS2/p9n'
[1.691s] INFO:colcon.colcon_core.shell:Skip shell extension 'powershell' for command environment: Not usable outside of PowerShell
[1.691s] DEBUG:colcon.colcon_core.shell:Skip shell extension 'dsv' for command environment
[1.708s] DEBUG:colcon.colcon_core.event_handler.log_command:Invoking command in '/root/ros2_ws/build/p9n': AMENT_PREFIX_PATH=/root/ros2_ws/install/p9n_bringup:/root/ros2_ws/install/p9n_test:/root/ros2_ws/install/p9n_node:/root/ros2_ws/install/p9n_example:/root/ros2_ws/install/p9n_interface:${AMENT_PREFIX_PATH} CMAKE_PREFIX_PATH=/root/ros2_ws/install/p9n_test:/root/ros2_ws/install/p9n_node:/root/ros2_ws/install/p9n_example:/root/ros2_ws/install/p9n_interface:/opt/ros/humble LD_LIBRARY_PATH=/root/ros2_ws/install/p9n_test/lib:/root/ros2_ws/install/p9n_node/lib:/root/ros2_ws/install/p9n_example/lib:/root/ros2_ws/install/p9n_interface/lib:${LD_LIBRARY_PATH} PYTHONPATH=/root/ros2_ws/build/p9n_bringup:/root/ros2_ws/install/p9n_bringup/lib/python3.10/site-packages:${PYTHONPATH} /usr/bin/cmake --build /root/ros2_ws/build/p9n -- -j16 -l16
[1.726s] DEBUG:colcon.colcon_core.event_handler.log_command:Invoked command in '/root/ros2_ws/build/mg400_plugin' returned '0': AMENT_PREFIX_PATH=/root/ros2_ws/install/mg400_plugin_base:/root/ros2_ws/install/mg400_interface:/root/ros2_ws/install/mg400_msgs:/root/ros2_ws/install/mg400_common:${AMENT_PREFIX_PATH} CMAKE_PREFIX_PATH=/root/ros2_ws/install/mg400_plugin_base:/root/ros2_ws/install/mg400_interface:/root/ros2_ws/install/mg400_msgs:/root/ros2_ws/install/mg400_common:/opt/ros/humble LD_LIBRARY_PATH=/root/ros2_ws/install/mg400_interface/lib:/root/ros2_ws/install/mg400_msgs/lib:/root/ros2_ws/install/mg400_common/lib:${LD_LIBRARY_PATH} PYTHONPATH=/root/ros2_ws/install/mg400_msgs/local/lib/python3.10/dist-packages:${PYTHONPATH} /usr/bin/cmake --build /root/ros2_ws/build/mg400_plugin -- -j16 -l16
[1.727s] DEBUG:colcon.colcon_core.event_handler.log_command:Invoking command in '/root/ros2_ws/build/mg400_plugin': AMENT_PREFIX_PATH=/root/ros2_ws/install/mg400_plugin_base:/root/ros2_ws/install/mg400_interface:/root/ros2_ws/install/mg400_msgs:/root/ros2_ws/install/mg400_common:${AMENT_PREFIX_PATH} CMAKE_PREFIX_PATH=/root/ros2_ws/install/mg400_plugin_base:/root/ros2_ws/install/mg400_interface:/root/ros2_ws/install/mg400_msgs:/root/ros2_ws/install/mg400_common:/opt/ros/humble LD_LIBRARY_PATH=/root/ros2_ws/install/mg400_interface/lib:/root/ros2_ws/install/mg400_msgs/lib:/root/ros2_ws/install/mg400_common/lib:${LD_LIBRARY_PATH} PYTHONPATH=/root/ros2_ws/install/mg400_msgs/local/lib/python3.10/dist-packages:${PYTHONPATH} /usr/bin/cmake --install /root/ros2_ws/build/mg400_plugin
[1.745s] DEBUG:colcon.colcon_core.event_handler.log_command:Invoked command in '/root/ros2_ws/build/p9n' returned '0': AMENT_PREFIX_PATH=/root/ros2_ws/install/p9n_bringup:/root/ros2_ws/install/p9n_test:/root/ros2_ws/install/p9n_node:/root/ros2_ws/install/p9n_example:/root/ros2_ws/install/p9n_interface:${AMENT_PREFIX_PATH} CMAKE_PREFIX_PATH=/root/ros2_ws/install/p9n_test:/root/ros2_ws/install/p9n_node:/root/ros2_ws/install/p9n_example:/root/ros2_ws/install/p9n_interface:/opt/ros/humble LD_LIBRARY_PATH=/root/ros2_ws/install/p9n_test/lib:/root/ros2_ws/install/p9n_node/lib:/root/ros2_ws/install/p9n_example/lib:/root/ros2_ws/install/p9n_interface/lib:${LD_LIBRARY_PATH} PYTHONPATH=/root/ros2_ws/build/p9n_bringup:/root/ros2_ws/install/p9n_bringup/lib/python3.10/site-packages:${PYTHONPATH} /usr/bin/cmake --build /root/ros2_ws/build/p9n -- -j16 -l16
[1.746s] DEBUG:colcon.colcon_core.event_handler.log_command:Invoking command in '/root/ros2_ws/build/p9n': AMENT_PREFIX_PATH=/root/ros2_ws/install/p9n_bringup:/root/ros2_ws/install/p9n_test:/root/ros2_ws/install/p9n_node:/root/ros2_ws/install/p9n_example:/root/ros2_ws/install/p9n_interface:${AMENT_PREFIX_PATH} CMAKE_PREFIX_PATH=/root/ros2_ws/install/p9n_test:/root/ros2_ws/install/p9n_node:/root/ros2_ws/install/p9n_example:/root/ros2_ws/install/p9n_interface:/opt/ros/humble LD_LIBRARY_PATH=/root/ros2_ws/install/p9n_test/lib:/root/ros2_ws/install/p9n_node/lib:/root/ros2_ws/install/p9n_example/lib:/root/ros2_ws/install/p9n_interface/lib:${LD_LIBRARY_PATH} PYTHONPATH=/root/ros2_ws/build/p9n_bringup:/root/ros2_ws/install/p9n_bringup/lib/python3.10/site-packages:${PYTHONPATH} /usr/bin/cmake --install /root/ros2_ws/build/p9n
[1.752s] Level 1:colcon.colcon_core.environment:create_environment_scripts_only(mg400_plugin)
[1.752s] Level 1:colcon.colcon_core.environment:checking '/root/ros2_ws/install/mg400_plugin' for CMake module files
[1.752s] DEBUG:colcon.colcon_core.event_handler.log_command:Invoked command in '/root/ros2_ws/build/mg400_plugin' returned '0': AMENT_PREFIX_PATH=/root/ros2_ws/install/mg400_plugin_base:/root/ros2_ws/install/mg400_interface:/root/ros2_ws/install/mg400_msgs:/root/ros2_ws/install/mg400_common:${AMENT_PREFIX_PATH} CMAKE_PREFIX_PATH=/root/ros2_ws/install/mg400_plugin_base:/root/ros2_ws/install/mg400_interface:/root/ros2_ws/install/mg400_msgs:/root/ros2_ws/install/mg400_common:/opt/ros/humble LD_LIBRARY_PATH=/root/ros2_ws/install/mg400_interface/lib:/root/ros2_ws/install/mg400_msgs/lib:/root/ros2_ws/install/mg400_common/lib:${LD_LIBRARY_PATH} PYTHONPATH=/root/ros2_ws/install/mg400_msgs/local/lib/python3.10/dist-packages:${PYTHONPATH} /usr/bin/cmake --install /root/ros2_ws/build/mg400_plugin
[1.752s] Level 1:colcon.colcon_core.environment:checking '/root/ros2_ws/install/mg400_plugin' for CMake config files
[1.753s] Level 1:colcon.colcon_core.shell:create_environment_hook('mg400_plugin', 'cmake_prefix_path')
[1.753s] INFO:colcon.colcon_core.shell:Creating environment hook '/root/ros2_ws/install/mg400_plugin/share/mg400_plugin/hook/cmake_prefix_path.ps1'
[1.753s] INFO:colcon.colcon_core.shell:Creating environment descriptor '/root/ros2_ws/install/mg400_plugin/share/mg400_plugin/hook/cmake_prefix_path.dsv'
[1.754s] INFO:colcon.colcon_core.shell:Creating environment hook '/root/ros2_ws/install/mg400_plugin/share/mg400_plugin/hook/cmake_prefix_path.sh'
[1.754s] Level 1:colcon.colcon_core.environment:checking '/root/ros2_ws/install/mg400_plugin/lib'
[1.755s] Level 1:colcon.colcon_core.shell:create_environment_hook('mg400_plugin', 'ld_library_path_lib')
[1.755s] INFO:colcon.colcon_core.shell:Creating environment hook '/root/ros2_ws/install/mg400_plugin/share/mg400_plugin/hook/ld_library_path_lib.ps1'
[1.755s] INFO:colcon.colcon_core.shell:Creating environment descriptor '/root/ros2_ws/install/mg400_plugin/share/mg400_plugin/hook/ld_library_path_lib.dsv'
[1.756s] INFO:colcon.colcon_core.shell:Creating environment hook '/root/ros2_ws/install/mg400_plugin/share/mg400_plugin/hook/ld_library_path_lib.sh'
[1.756s] Level 1:colcon.colcon_core.environment:checking '/root/ros2_ws/install/mg400_plugin/bin'
[1.756s] Level 1:colcon.colcon_core.environment:checking '/root/ros2_ws/install/mg400_plugin/lib/pkgconfig/mg400_plugin.pc'
[1.756s] Level 1:colcon.colcon_core.environment:checking '/root/ros2_ws/install/mg400_plugin/lib/python3.10/site-packages'
[1.756s] Level 1:colcon.colcon_core.environment:checking '/root/ros2_ws/install/mg400_plugin/bin'
[1.757s] INFO:colcon.colcon_core.shell:Creating package script '/root/ros2_ws/install/mg400_plugin/share/mg400_plugin/package.ps1'
[1.757s] INFO:colcon.colcon_core.shell:Creating package descriptor '/root/ros2_ws/install/mg400_plugin/share/mg400_plugin/package.dsv'
[1.757s] INFO:colcon.colcon_core.shell:Creating package script '/root/ros2_ws/install/mg400_plugin/share/mg400_plugin/package.sh'
[1.758s] INFO:colcon.colcon_core.shell:Creating package script '/root/ros2_ws/install/mg400_plugin/share/mg400_plugin/package.bash'
[1.759s] INFO:colcon.colcon_core.shell:Creating package script '/root/ros2_ws/install/mg400_plugin/share/mg400_plugin/package.zsh'
[1.759s] Level 1:colcon.colcon_core.environment:create_file_with_runtime_dependencies(/root/ros2_ws/install/mg400_plugin/share/colcon-core/packages/mg400_plugin)
[1.759s] Level 1:colcon.colcon_core.environment:create_environment_scripts_only(mg400_plugin)
[1.759s] Level 1:colcon.colcon_core.environment:checking '/root/ros2_ws/install/mg400_plugin' for CMake module files
[1.760s] Level 1:colcon.colcon_core.environment:checking '/root/ros2_ws/install/mg400_plugin' for CMake config files
[1.760s] Level 1:colcon.colcon_core.shell:create_environment_hook('mg400_plugin', 'cmake_prefix_path')
[1.760s] INFO:colcon.colcon_core.shell:Creating environment hook '/root/ros2_ws/install/mg400_plugin/share/mg400_plugin/hook/cmake_prefix_path.ps1'
[1.760s] INFO:colcon.colcon_core.shell:Creating environment descriptor '/root/ros2_ws/install/mg400_plugin/share/mg400_plugin/hook/cmake_prefix_path.dsv'
[1.761s] INFO:colcon.colcon_core.shell:Creating environment hook '/root/ros2_ws/install/mg400_plugin/share/mg400_plugin/hook/cmake_prefix_path.sh'
[1.761s] Level 1:colcon.colcon_core.environment:checking '/root/ros2_ws/install/mg400_plugin/lib'
[1.761s] Level 1:colcon.colcon_core.shell:create_environment_hook('mg400_plugin', 'ld_library_path_lib')
[1.761s] INFO:colcon.colcon_core.shell:Creating environment hook '/root/ros2_ws/install/mg400_plugin/share/mg400_plugin/hook/ld_library_path_lib.ps1'
[1.762s] INFO:colcon.colcon_core.shell:Creating environment descriptor '/root/ros2_ws/install/mg400_plugin/share/mg400_plugin/hook/ld_library_path_lib.dsv'
[1.762s] INFO:colcon.colcon_core.shell:Creating environment hook '/root/ros2_ws/install/mg400_plugin/share/mg400_plugin/hook/ld_library_path_lib.sh'
[1.762s] Level 1:colcon.colcon_core.environment:checking '/root/ros2_ws/install/mg400_plugin/bin'
[1.762s] Level 1:colcon.colcon_core.environment:checking '/root/ros2_ws/install/mg400_plugin/lib/pkgconfig/mg400_plugin.pc'
[1.762s] Level 1:colcon.colcon_core.environment:checking '/root/ros2_ws/install/mg400_plugin/lib/python3.10/site-packages'
[1.762s] Level 1:colcon.colcon_core.environment:checking '/root/ros2_ws/install/mg400_plugin/bin'
[1.763s] INFO:colcon.colcon_core.shell:Creating package script '/root/ros2_ws/install/mg400_plugin/share/mg400_plugin/package.ps1'
[1.763s] INFO:colcon.colcon_core.shell:Creating package descriptor '/root/ros2_ws/install/mg400_plugin/share/mg400_plugin/package.dsv'
[1.763s] INFO:colcon.colcon_core.shell:Creating package script '/root/ros2_ws/install/mg400_plugin/share/mg400_plugin/package.sh'
[1.764s] INFO:colcon.colcon_core.shell:Creating package script '/root/ros2_ws/install/mg400_plugin/share/mg400_plugin/package.bash'
[1.764s] INFO:colcon.colcon_core.shell:Creating package script '/root/ros2_ws/install/mg400_plugin/share/mg400_plugin/package.zsh'
[1.764s] Level 1:colcon.colcon_core.environment:create_file_with_runtime_dependencies(/root/ros2_ws/install/mg400_plugin/share/colcon-core/packages/mg400_plugin)
[1.765s] INFO:colcon.colcon_ros.task.ament_cmake.build:Building ROS package in '/root/ros2_ws/src/MG400_ROS2/mg400_node' with build type 'ament_cmake'
[1.765s] INFO:colcon.colcon_cmake.task.cmake.build:Building CMake package in '/root/ros2_ws/src/MG400_ROS2/mg400_node'
[1.765s] INFO:colcon.colcon_core.shell:Skip shell extension 'powershell' for command environment: Not usable outside of PowerShell
[1.765s] DEBUG:colcon.colcon_core.shell:Skip shell extension 'dsv' for command environment
[1.769s] Level 1:colcon.colcon_core.environment:create_environment_scripts_only(p9n)
[1.770s] Level 1:colcon.colcon_core.environment:checking '/root/ros2_ws/install/p9n' for CMake module files
[1.770s] DEBUG:colcon.colcon_core.event_handler.log_command:Invoked command in '/root/ros2_ws/build/p9n' returned '0': AMENT_PREFIX_PATH=/root/ros2_ws/install/p9n_bringup:/root/ros2_ws/install/p9n_test:/root/ros2_ws/install/p9n_node:/root/ros2_ws/install/p9n_example:/root/ros2_ws/install/p9n_interface:${AMENT_PREFIX_PATH} CMAKE_PREFIX_PATH=/root/ros2_ws/install/p9n_test:/root/ros2_ws/install/p9n_node:/root/ros2_ws/install/p9n_example:/root/ros2_ws/install/p9n_interface:/opt/ros/humble LD_LIBRARY_PATH=/root/ros2_ws/install/p9n_test/lib:/root/ros2_ws/install/p9n_node/lib:/root/ros2_ws/install/p9n_example/lib:/root/ros2_ws/install/p9n_interface/lib:${LD_LIBRARY_PATH} PYTHONPATH=/root/ros2_ws/build/p9n_bringup:/root/ros2_ws/install/p9n_bringup/lib/python3.10/site-packages:${PYTHONPATH} /usr/bin/cmake --install /root/ros2_ws/build/p9n
[1.770s] Level 1:colcon.colcon_core.environment:checking '/root/ros2_ws/install/p9n' for CMake config files
[1.771s] Level 1:colcon.colcon_core.shell:create_environment_hook('p9n', 'cmake_prefix_path')
[1.771s] INFO:colcon.colcon_core.shell:Creating environment hook '/root/ros2_ws/install/p9n/share/p9n/hook/cmake_prefix_path.ps1'
[1.772s] INFO:colcon.colcon_core.shell:Creating environment descriptor '/root/ros2_ws/install/p9n/share/p9n/hook/cmake_prefix_path.dsv'
[1.772s] INFO:colcon.colcon_core.shell:Creating environment hook '/root/ros2_ws/install/p9n/share/p9n/hook/cmake_prefix_path.sh'
[1.773s] Level 1:colcon.colcon_core.environment:checking '/root/ros2_ws/install/p9n/bin'
[1.773s] Level 1:colcon.colcon_core.environment:checking '/root/ros2_ws/install/p9n/lib/pkgconfig/p9n.pc'
[1.773s] Level 1:colcon.colcon_core.environment:checking '/root/ros2_ws/install/p9n/lib/python3.10/site-packages'
[1.773s] Level 1:colcon.colcon_core.environment:checking '/root/ros2_ws/install/p9n/bin'
[1.773s] INFO:colcon.colcon_core.shell:Creating package script '/root/ros2_ws/install/p9n/share/p9n/package.ps1'
[1.774s] INFO:colcon.colcon_core.shell:Creating package descriptor '/root/ros2_ws/install/p9n/share/p9n/package.dsv'
[1.774s] INFO:colcon.colcon_core.shell:Creating package script '/root/ros2_ws/install/p9n/share/p9n/package.sh'
[1.774s] INFO:colcon.colcon_core.shell:Creating package script '/root/ros2_ws/install/p9n/share/p9n/package.bash'
[1.774s] INFO:colcon.colcon_core.shell:Creating package script '/root/ros2_ws/install/p9n/share/p9n/package.zsh'
[1.775s] Level 1:colcon.colcon_core.environment:create_file_with_runtime_dependencies(/root/ros2_ws/install/p9n/share/colcon-core/packages/p9n)
[1.775s] Level 1:colcon.colcon_core.environment:create_environment_scripts_only(p9n)
[1.775s] Level 1:colcon.colcon_core.environment:checking '/root/ros2_ws/install/p9n' for CMake module files
[1.776s] Level 1:colcon.colcon_core.environment:checking '/root/ros2_ws/install/p9n' for CMake config files
[1.776s] Level 1:colcon.colcon_core.shell:create_environment_hook('p9n', 'cmake_prefix_path')
[1.776s] INFO:colcon.colcon_core.shell:Creating environment hook '/root/ros2_ws/install/p9n/share/p9n/hook/cmake_prefix_path.ps1'
[1.776s] INFO:colcon.colcon_core.shell:Creating environment descriptor '/root/ros2_ws/install/p9n/share/p9n/hook/cmake_prefix_path.dsv'
[1.777s] INFO:colcon.colcon_core.shell:Creating environment hook '/root/ros2_ws/install/p9n/share/p9n/hook/cmake_prefix_path.sh'
[1.777s] Level 1:colcon.colcon_core.environment:checking '/root/ros2_ws/install/p9n/bin'
[1.777s] Level 1:colcon.colcon_core.environment:checking '/root/ros2_ws/install/p9n/lib/pkgconfig/p9n.pc'
[1.777s] Level 1:colcon.colcon_core.environment:checking '/root/ros2_ws/install/p9n/lib/python3.10/site-packages'
[1.777s] Level 1:colcon.colcon_core.environment:checking '/root/ros2_ws/install/p9n/bin'
[1.778s] INFO:colcon.colcon_core.shell:Creating package script '/root/ros2_ws/install/p9n/share/p9n/package.ps1'
[1.778s] INFO:colcon.colcon_core.shell:Creating package descriptor '/root/ros2_ws/install/p9n/share/p9n/package.dsv'
[1.778s] INFO:colcon.colcon_core.shell:Creating package script '/root/ros2_ws/install/p9n/share/p9n/package.sh'
[1.779s] INFO:colcon.colcon_core.shell:Creating package script '/root/ros2_ws/install/p9n/share/p9n/package.bash'
[1.779s] INFO:colcon.colcon_core.shell:Creating package script '/root/ros2_ws/install/p9n/share/p9n/package.zsh'
[1.779s] Level 1:colcon.colcon_core.environment:create_file_with_runtime_dependencies(/root/ros2_ws/install/p9n/share/colcon-core/packages/p9n)
[1.783s] DEBUG:colcon.colcon_core.event_handler.log_command:Invoking command in '/root/ros2_ws/build/mg400_node': AMENT_PREFIX_PATH=/root/ros2_ws/install/mg400_plugin:/root/ros2_ws/install/mg400_plugin_base:/root/ros2_ws/install/mg400_interface:/root/ros2_ws/install/mg400_msgs:/root/ros2_ws/install/mg400_common:${AMENT_PREFIX_PATH} CMAKE_PREFIX_PATH=/root/ros2_ws/install/mg400_plugin:/root/ros2_ws/install/mg400_plugin_base:/root/ros2_ws/install/mg400_interface:/root/ros2_ws/install/mg400_msgs:/root/ros2_ws/install/mg400_common:/opt/ros/humble LD_LIBRARY_PATH=/root/ros2_ws/install/mg400_plugin/lib:/root/ros2_ws/install/mg400_interface/lib:/root/ros2_ws/install/mg400_msgs/lib:/root/ros2_ws/install/mg400_common/lib:${LD_LIBRARY_PATH} PYTHONPATH=/root/ros2_ws/install/mg400_msgs/local/lib/python3.10/dist-packages:${PYTHONPATH} /usr/bin/cmake --build /root/ros2_ws/build/mg400_node -- -j16 -l16
[1.955s] DEBUG:colcon.colcon_core.event_handler.log_command:Invoked command in '/root/ros2_ws/build/mg400_node' returned '0': AMENT_PREFIX_PATH=/root/ros2_ws/install/mg400_plugin:/root/ros2_ws/install/mg400_plugin_base:/root/ros2_ws/install/mg400_interface:/root/ros2_ws/install/mg400_msgs:/root/ros2_ws/install/mg400_common:${AMENT_PREFIX_PATH} CMAKE_PREFIX_PATH=/root/ros2_ws/install/mg400_plugin:/root/ros2_ws/install/mg400_plugin_base:/root/ros2_ws/install/mg400_interface:/root/ros2_ws/install/mg400_msgs:/root/ros2_ws/install/mg400_common:/opt/ros/humble LD_LIBRARY_PATH=/root/ros2_ws/install/mg400_plugin/lib:/root/ros2_ws/install/mg400_interface/lib:/root/ros2_ws/install/mg400_msgs/lib:/root/ros2_ws/install/mg400_common/lib:${LD_LIBRARY_PATH} PYTHONPATH=/root/ros2_ws/install/mg400_msgs/local/lib/python3.10/dist-packages:${PYTHONPATH} /usr/bin/cmake --build /root/ros2_ws/build/mg400_node -- -j16 -l16
[1.957s] DEBUG:colcon.colcon_core.event_handler.log_command:Invoking command in '/root/ros2_ws/build/mg400_node': AMENT_PREFIX_PATH=/root/ros2_ws/install/mg400_plugin:/root/ros2_ws/install/mg400_plugin_base:/root/ros2_ws/install/mg400_interface:/root/ros2_ws/install/mg400_msgs:/root/ros2_ws/install/mg400_common:${AMENT_PREFIX_PATH} CMAKE_PREFIX_PATH=/root/ros2_ws/install/mg400_plugin:/root/ros2_ws/install/mg400_plugin_base:/root/ros2_ws/install/mg400_interface:/root/ros2_ws/install/mg400_msgs:/root/ros2_ws/install/mg400_common:/opt/ros/humble LD_LIBRARY_PATH=/root/ros2_ws/install/mg400_plugin/lib:/root/ros2_ws/install/mg400_interface/lib:/root/ros2_ws/install/mg400_msgs/lib:/root/ros2_ws/install/mg400_common/lib:${LD_LIBRARY_PATH} PYTHONPATH=/root/ros2_ws/install/mg400_msgs/local/lib/python3.10/dist-packages:${PYTHONPATH} /usr/bin/cmake --install /root/ros2_ws/build/mg400_node
[1.977s] Level 1:colcon.colcon_core.environment:create_environment_scripts_only(mg400_node)
[1.978s] Level 1:colcon.colcon_core.environment:checking '/root/ros2_ws/install/mg400_node' for CMake module files
[1.978s] DEBUG:colcon.colcon_core.event_handler.log_command:Invoked command in '/root/ros2_ws/build/mg400_node' returned '0': AMENT_PREFIX_PATH=/root/ros2_ws/install/mg400_plugin:/root/ros2_ws/install/mg400_plugin_base:/root/ros2_ws/install/mg400_interface:/root/ros2_ws/install/mg400_msgs:/root/ros2_ws/install/mg400_common:${AMENT_PREFIX_PATH} CMAKE_PREFIX_PATH=/root/ros2_ws/install/mg400_plugin:/root/ros2_ws/install/mg400_plugin_base:/root/ros2_ws/install/mg400_interface:/root/ros2_ws/install/mg400_msgs:/root/ros2_ws/install/mg400_common:/opt/ros/humble LD_LIBRARY_PATH=/root/ros2_ws/install/mg400_plugin/lib:/root/ros2_ws/install/mg400_interface/lib:/root/ros2_ws/install/mg400_msgs/lib:/root/ros2_ws/install/mg400_common/lib:${LD_LIBRARY_PATH} PYTHONPATH=/root/ros2_ws/install/mg400_msgs/local/lib/python3.10/dist-packages:${PYTHONPATH} /usr/bin/cmake --install /root/ros2_ws/build/mg400_node
[1.979s] Level 1:colcon.colcon_core.environment:checking '/root/ros2_ws/install/mg400_node' for CMake config files
[1.979s] Level 1:colcon.colcon_core.shell:create_environment_hook('mg400_node', 'cmake_prefix_path')
[1.979s] INFO:colcon.colcon_core.shell:Creating environment hook '/root/ros2_ws/install/mg400_node/share/mg400_node/hook/cmake_prefix_path.ps1'
[1.980s] INFO:colcon.colcon_core.shell:Creating environment descriptor '/root/ros2_ws/install/mg400_node/share/mg400_node/hook/cmake_prefix_path.dsv'
[1.980s] INFO:colcon.colcon_core.shell:Creating environment hook '/root/ros2_ws/install/mg400_node/share/mg400_node/hook/cmake_prefix_path.sh'
[1.980s] Level 1:colcon.colcon_core.environment:checking '/root/ros2_ws/install/mg400_node/lib'
[1.980s] Level 1:colcon.colcon_core.shell:create_environment_hook('mg400_node', 'ld_library_path_lib')
[1.981s] INFO:colcon.colcon_core.shell:Creating environment hook '/root/ros2_ws/install/mg400_node/share/mg400_node/hook/ld_library_path_lib.ps1'
[1.981s] INFO:colcon.colcon_core.shell:Creating environment descriptor '/root/ros2_ws/install/mg400_node/share/mg400_node/hook/ld_library_path_lib.dsv'
[1.981s] INFO:colcon.colcon_core.shell:Creating environment hook '/root/ros2_ws/install/mg400_node/share/mg400_node/hook/ld_library_path_lib.sh'
[1.981s] Level 1:colcon.colcon_core.environment:checking '/root/ros2_ws/install/mg400_node/bin'
[1.981s] Level 1:colcon.colcon_core.environment:checking '/root/ros2_ws/install/mg400_node/lib/pkgconfig/mg400_node.pc'
[1.982s] Level 1:colcon.colcon_core.environment:checking '/root/ros2_ws/install/mg400_node/lib/python3.10/site-packages'
[1.982s] Level 1:colcon.colcon_core.environment:checking '/root/ros2_ws/install/mg400_node/bin'
[1.982s] INFO:colcon.colcon_core.shell:Creating package script '/root/ros2_ws/install/mg400_node/share/mg400_node/package.ps1'
[1.982s] INFO:colcon.colcon_core.shell:Creating package descriptor '/root/ros2_ws/install/mg400_node/share/mg400_node/package.dsv'
[1.983s] INFO:colcon.colcon_core.shell:Creating package script '/root/ros2_ws/install/mg400_node/share/mg400_node/package.sh'
[1.983s] INFO:colcon.colcon_core.shell:Creating package script '/root/ros2_ws/install/mg400_node/share/mg400_node/package.bash'
[1.983s] INFO:colcon.colcon_core.shell:Creating package script '/root/ros2_ws/install/mg400_node/share/mg400_node/package.zsh'
[1.983s] Level 1:colcon.colcon_core.environment:create_file_with_runtime_dependencies(/root/ros2_ws/install/mg400_node/share/colcon-core/packages/mg400_node)
[1.984s] Level 1:colcon.colcon_core.environment:create_environment_scripts_only(mg400_node)
[1.984s] Level 1:colcon.colcon_core.environment:checking '/root/ros2_ws/install/mg400_node' for CMake module files
[1.984s] Level 1:colcon.colcon_core.environment:checking '/root/ros2_ws/install/mg400_node' for CMake config files
[1.985s] Level 1:colcon.colcon_core.shell:create_environment_hook('mg400_node', 'cmake_prefix_path')
[1.985s] INFO:colcon.colcon_core.shell:Creating environment hook '/root/ros2_ws/install/mg400_node/share/mg400_node/hook/cmake_prefix_path.ps1'
[1.985s] INFO:colcon.colcon_core.shell:Creating environment descriptor '/root/ros2_ws/install/mg400_node/share/mg400_node/hook/cmake_prefix_path.dsv'
[1.985s] INFO:colcon.colcon_core.shell:Creating environment hook '/root/ros2_ws/install/mg400_node/share/mg400_node/hook/cmake_prefix_path.sh'
[1.986s] Level 1:colcon.colcon_core.environment:checking '/root/ros2_ws/install/mg400_node/lib'
[1.986s] Level 1:colcon.colcon_core.shell:create_environment_hook('mg400_node', 'ld_library_path_lib')
[1.986s] INFO:colcon.colcon_core.shell:Creating environment hook '/root/ros2_ws/install/mg400_node/share/mg400_node/hook/ld_library_path_lib.ps1'
[1.986s] INFO:colcon.colcon_core.shell:Creating environment descriptor '/root/ros2_ws/install/mg400_node/share/mg400_node/hook/ld_library_path_lib.dsv'
[1.986s] INFO:colcon.colcon_core.shell:Creating environment hook '/root/ros2_ws/install/mg400_node/share/mg400_node/hook/ld_library_path_lib.sh'
[1.987s] Level 1:colcon.colcon_core.environment:checking '/root/ros2_ws/install/mg400_node/bin'
[1.987s] Level 1:colcon.colcon_core.environment:checking '/root/ros2_ws/install/mg400_node/lib/pkgconfig/mg400_node.pc'
[1.987s] Level 1:colcon.colcon_core.environment:checking '/root/ros2_ws/install/mg400_node/lib/python3.10/site-packages'
[1.987s] Level 1:colcon.colcon_core.environment:checking '/root/ros2_ws/install/mg400_node/bin'
[1.987s] INFO:colcon.colcon_core.shell:Creating package script '/root/ros2_ws/install/mg400_node/share/mg400_node/package.ps1'
[1.988s] INFO:colcon.colcon_core.shell:Creating package descriptor '/root/ros2_ws/install/mg400_node/share/mg400_node/package.dsv'
[1.988s] INFO:colcon.colcon_core.shell:Creating package script '/root/ros2_ws/install/mg400_node/share/mg400_node/package.sh'
[1.988s] INFO:colcon.colcon_core.shell:Creating package script '/root/ros2_ws/install/mg400_node/share/mg400_node/package.bash'
[1.988s] INFO:colcon.colcon_core.shell:Creating package script '/root/ros2_ws/install/mg400_node/share/mg400_node/package.zsh'
[1.989s] Level 1:colcon.colcon_core.environment:create_file_with_runtime_dependencies(/root/ros2_ws/install/mg400_node/share/colcon-core/packages/mg400_node)
[1.989s] INFO:colcon.colcon_ros.task.ament_python.build:Building ROS package in '/root/ros2_ws/src/MG400_ROS2/mg400_bringup' with build type 'ament_python'
[1.989s] Level 1:colcon.colcon_core.shell:create_environment_hook('mg400_bringup', 'ament_prefix_path')
[1.989s] INFO:colcon.colcon_core.shell:Creating environment hook '/root/ros2_ws/install/mg400_bringup/share/mg400_bringup/hook/ament_prefix_path.ps1'
[1.990s] INFO:colcon.colcon_core.shell:Creating environment descriptor '/root/ros2_ws/install/mg400_bringup/share/mg400_bringup/hook/ament_prefix_path.dsv'
[1.990s] INFO:colcon.colcon_core.shell:Creating environment hook '/root/ros2_ws/install/mg400_bringup/share/mg400_bringup/hook/ament_prefix_path.sh'
[1.991s] INFO:colcon.colcon_core.shell:Skip shell extension 'powershell' for command environment: Not usable outside of PowerShell
[1.991s] DEBUG:colcon.colcon_core.shell:Skip shell extension 'dsv' for command environment
[2.184s] INFO:colcon.colcon_core.task.python.build:Building Python package in '/root/ros2_ws/src/MG400_ROS2/mg400_bringup'
[2.184s] INFO:colcon.colcon_core.shell:Skip shell extension 'powershell' for command environment: Not usable outside of PowerShell
[2.184s] DEBUG:colcon.colcon_core.shell:Skip shell extension 'dsv' for command environment
[2.428s] DEBUG:colcon.colcon_core.task.python.build:Available setuptools commands: clean, build_clib, install_data, upload, bdist, install_headers, rotate, easy_install, build_py, check, install, test, dist_info, install_scripts, bdist_dumb, install_egg_info, build_scripts, install_lib, register, develop, upload_docs, symlink_data, bdist_rpm, egg_info, setopt, build, bdist_egg, sdist, alias, build_ext, saveopts
[2.622s] DEBUG:colcon.colcon_core.task.python.build:Available setuptools 'develop' options: --zip-ok, --upgrade, --force-installation-into-system-dir, --allow-hosts, --version, --optimize, --install-layout, --editable, --help, --quiet, --prefix, --build-directory, --multi-version, --no-user-cfg, --install-dir, --no-deps, --verbose, --exclude-scripts, --always-copy, --site-dirs, --no-find-links, --index-url, --script-dir, --find-links, --uninstall, --dry-run, --record, --local-snapshots-ok, --user, --egg-path, --always-unzip
[2.625s] DEBUG:colcon.colcon_core.event_handler.log_command:Invoking command in '/root/ros2_ws/build/mg400_bringup': AMENT_PREFIX_PATH=/root/ros2_ws/install/mg400_node:/root/ros2_ws/install/mg400_plugin:/root/ros2_ws/install/mg400_plugin_base:/root/ros2_ws/install/mg400_joy:/root/ros2_ws/install/mg400_interface:/root/ros2_ws/install/p9n_interface:/root/ros2_ws/install/mg400_msgs:/root/ros2_ws/install/mg400_description:/root/ros2_ws/install/mg400_common:${AMENT_PREFIX_PATH} CMAKE_PREFIX_PATH=/root/ros2_ws/install/mg400_node:/root/ros2_ws/install/mg400_plugin:/root/ros2_ws/install/mg400_plugin_base:/root/ros2_ws/install/mg400_joy:/root/ros2_ws/install/mg400_interface:/root/ros2_ws/install/p9n_interface:/root/ros2_ws/install/mg400_msgs:/root/ros2_ws/install/mg400_description:/root/ros2_ws/install/mg400_common LD_LIBRARY_PATH=/root/ros2_ws/install/mg400_node/lib:/root/ros2_ws/install/mg400_plugin/lib:/root/ros2_ws/install/mg400_joy/lib:/root/ros2_ws/install/mg400_interface/lib:/root/ros2_ws/install/p9n_interface/lib:/root/ros2_ws/install/mg400_msgs/lib:/root/ros2_ws/install/mg400_common/lib:${LD_LIBRARY_PATH} PYTHONPATH=/root/ros2_ws/build/mg400_bringup/prefix_override:/usr/lib/python3/dist-packages/colcon_core/task/python/colcon_distutils_commands:/root/ros2_ws/install/mg400_bringup/lib/python3.10/site-packages:/root/ros2_ws/install/mg400_msgs/local/lib/python3.10/dist-packages:${PYTHONPATH} /usr/bin/python3 -W ignore:setup.py install is deprecated -W ignore:easy_install command is deprecated setup.py develop --editable --build-directory /root/ros2_ws/build/mg400_bringup/build --no-deps symlink_data
[2.926s] Level 1:colcon.colcon_core.shell:create_environment_hook('mg400_bringup', 'pythonpath_develop')
[2.926s] INFO:colcon.colcon_core.shell:Creating environment hook '/root/ros2_ws/build/mg400_bringup/share/mg400_bringup/hook/pythonpath_develop.ps1'
[2.927s] DEBUG:colcon.colcon_core.event_handler.log_command:Invoked command in '/root/ros2_ws/build/mg400_bringup' returned '0': AMENT_PREFIX_PATH=/root/ros2_ws/install/mg400_node:/root/ros2_ws/install/mg400_plugin:/root/ros2_ws/install/mg400_plugin_base:/root/ros2_ws/install/mg400_joy:/root/ros2_ws/install/mg400_interface:/root/ros2_ws/install/p9n_interface:/root/ros2_ws/install/mg400_msgs:/root/ros2_ws/install/mg400_description:/root/ros2_ws/install/mg400_common:${AMENT_PREFIX_PATH} CMAKE_PREFIX_PATH=/root/ros2_ws/install/mg400_node:/root/ros2_ws/install/mg400_plugin:/root/ros2_ws/install/mg400_plugin_base:/root/ros2_ws/install/mg400_joy:/root/ros2_ws/install/mg400_interface:/root/ros2_ws/install/p9n_interface:/root/ros2_ws/install/mg400_msgs:/root/ros2_ws/install/mg400_description:/root/ros2_ws/install/mg400_common LD_LIBRARY_PATH=/root/ros2_ws/install/mg400_node/lib:/root/ros2_ws/install/mg400_plugin/lib:/root/ros2_ws/install/mg400_joy/lib:/root/ros2_ws/install/mg400_interface/lib:/root/ros2_ws/install/p9n_interface/lib:/root/ros2_ws/install/mg400_msgs/lib:/root/ros2_ws/install/mg400_common/lib:${LD_LIBRARY_PATH} PYTHONPATH=/root/ros2_ws/build/mg400_bringup/prefix_override:/usr/lib/python3/dist-packages/colcon_core/task/python/colcon_distutils_commands:/root/ros2_ws/install/mg400_bringup/lib/python3.10/site-packages:/root/ros2_ws/install/mg400_msgs/local/lib/python3.10/dist-packages:${PYTHONPATH} /usr/bin/python3 -W ignore:setup.py install is deprecated -W ignore:easy_install command is deprecated setup.py develop --editable --build-directory /root/ros2_ws/build/mg400_bringup/build --no-deps symlink_data
[2.927s] INFO:colcon.colcon_core.shell:Creating environment descriptor '/root/ros2_ws/build/mg400_bringup/share/mg400_bringup/hook/pythonpath_develop.dsv'
[2.928s] INFO:colcon.colcon_core.shell:Creating environment hook '/root/ros2_ws/build/mg400_bringup/share/mg400_bringup/hook/pythonpath_develop.sh'
[2.928s] Level 1:colcon.colcon_core.environment:checking '/root/ros2_ws/install/mg400_bringup' for CMake module files
[2.929s] Level 1:colcon.colcon_core.environment:checking '/root/ros2_ws/install/mg400_bringup' for CMake config files
[2.930s] Level 1:colcon.colcon_core.environment:checking '/root/ros2_ws/install/mg400_bringup/lib'
[2.930s] Level 1:colcon.colcon_core.environment:checking '/root/ros2_ws/install/mg400_bringup/bin'
[2.930s] Level 1:colcon.colcon_core.environment:checking '/root/ros2_ws/install/mg400_bringup/lib/pkgconfig/mg400_bringup.pc'
[2.930s] Level 1:colcon.colcon_core.environment:checking '/root/ros2_ws/install/mg400_bringup/lib/python3.10/site-packages'
[2.930s] Level 1:colcon.colcon_core.shell:create_environment_hook('mg400_bringup', 'pythonpath')
[2.930s] INFO:colcon.colcon_core.shell:Creating environment hook '/root/ros2_ws/install/mg400_bringup/share/mg400_bringup/hook/pythonpath.ps1'
[2.930s] INFO:colcon.colcon_core.shell:Creating environment descriptor '/root/ros2_ws/install/mg400_bringup/share/mg400_bringup/hook/pythonpath.dsv'
[2.931s] INFO:colcon.colcon_core.shell:Creating environment hook '/root/ros2_ws/install/mg400_bringup/share/mg400_bringup/hook/pythonpath.sh'
[2.931s] Level 1:colcon.colcon_core.environment:checking '/root/ros2_ws/install/mg400_bringup/bin'
[2.931s] Level 1:colcon.colcon_core.environment:create_environment_scripts_only(mg400_bringup)
[2.931s] INFO:colcon.colcon_core.shell:Creating package script '/root/ros2_ws/install/mg400_bringup/share/mg400_bringup/package.ps1'
[2.932s] INFO:colcon.colcon_core.shell:Creating package descriptor '/root/ros2_ws/install/mg400_bringup/share/mg400_bringup/package.dsv'
[2.932s] INFO:colcon.colcon_core.shell:Creating package script '/root/ros2_ws/install/mg400_bringup/share/mg400_bringup/package.sh'
[2.932s] INFO:colcon.colcon_core.shell:Creating package script '/root/ros2_ws/install/mg400_bringup/share/mg400_bringup/package.bash'
[2.933s] INFO:colcon.colcon_core.shell:Creating package script '/root/ros2_ws/install/mg400_bringup/share/mg400_bringup/package.zsh'
[2.933s] Level 1:colcon.colcon_core.environment:create_file_with_runtime_dependencies(/root/ros2_ws/install/mg400_bringup/share/colcon-core/packages/mg400_bringup)
[2.933s] INFO:colcon.colcon_ros.task.ament_cmake.build:Building ROS package in '/root/ros2_ws/src/MG400_ROS2/mg400' with build type 'ament_cmake'
[2.933s] INFO:colcon.colcon_cmake.task.cmake.build:Building CMake package in '/root/ros2_ws/src/MG400_ROS2/mg400'
[2.934s] INFO:colcon.colcon_core.shell:Skip shell extension 'powershell' for command environment: Not usable outside of PowerShell
[2.934s] DEBUG:colcon.colcon_core.shell:Skip shell extension 'dsv' for command environment
[2.960s] DEBUG:colcon.colcon_core.event_handler.log_command:Invoking command in '/root/ros2_ws/build/mg400': AMENT_PREFIX_PATH=/root/ros2_ws/install/mg400_bringup:/root/ros2_ws/install/mg400_node:/root/ros2_ws/install/mg400_plugin:/root/ros2_ws/install/mg400_plugin_base:/root/ros2_ws/install/mg400_joy:/root/ros2_ws/install/mg400_interface:/root/ros2_ws/install/p9n_interface:/root/ros2_ws/install/mg400_msgs:/root/ros2_ws/install/mg400_description:/root/ros2_ws/install/mg400_common:${AMENT_PREFIX_PATH} CMAKE_PREFIX_PATH=/root/ros2_ws/install/mg400_node:/root/ros2_ws/install/mg400_plugin:/root/ros2_ws/install/mg400_plugin_base:/root/ros2_ws/install/mg400_joy:/root/ros2_ws/install/mg400_interface:/root/ros2_ws/install/p9n_interface:/root/ros2_ws/install/mg400_msgs:/root/ros2_ws/install/mg400_description:/root/ros2_ws/install/mg400_common:/opt/ros/humble LD_LIBRARY_PATH=/root/ros2_ws/install/mg400_node/lib:/root/ros2_ws/install/mg400_plugin/lib:/root/ros2_ws/install/mg400_joy/lib:/root/ros2_ws/install/mg400_interface/lib:/root/ros2_ws/install/p9n_interface/lib:/root/ros2_ws/install/mg400_msgs/lib:/root/ros2_ws/install/mg400_common/lib:${LD_LIBRARY_PATH} PYTHONPATH=/root/ros2_ws/build/mg400_bringup:/root/ros2_ws/install/mg400_bringup/lib/python3.10/site-packages:/root/ros2_ws/install/mg400_msgs/local/lib/python3.10/dist-packages:${PYTHONPATH} /usr/bin/cmake --build /root/ros2_ws/build/mg400 -- -j16 -l16
[2.998s] DEBUG:colcon.colcon_core.event_handler.log_command:Invoked command in '/root/ros2_ws/build/mg400' returned '0': AMENT_PREFIX_PATH=/root/ros2_ws/install/mg400_bringup:/root/ros2_ws/install/mg400_node:/root/ros2_ws/install/mg400_plugin:/root/ros2_ws/install/mg400_plugin_base:/root/ros2_ws/install/mg400_joy:/root/ros2_ws/install/mg400_interface:/root/ros2_ws/install/p9n_interface:/root/ros2_ws/install/mg400_msgs:/root/ros2_ws/install/mg400_description:/root/ros2_ws/install/mg400_common:${AMENT_PREFIX_PATH} CMAKE_PREFIX_PATH=/root/ros2_ws/install/mg400_node:/root/ros2_ws/install/mg400_plugin:/root/ros2_ws/install/mg400_plugin_base:/root/ros2_ws/install/mg400_joy:/root/ros2_ws/install/mg400_interface:/root/ros2_ws/install/p9n_interface:/root/ros2_ws/install/mg400_msgs:/root/ros2_ws/install/mg400_description:/root/ros2_ws/install/mg400_common:/opt/ros/humble LD_LIBRARY_PATH=/root/ros2_ws/install/mg400_node/lib:/root/ros2_ws/install/mg400_plugin/lib:/root/ros2_ws/install/mg400_joy/lib:/root/ros2_ws/install/mg400_interface/lib:/root/ros2_ws/install/p9n_interface/lib:/root/ros2_ws/install/mg400_msgs/lib:/root/ros2_ws/install/mg400_common/lib:${LD_LIBRARY_PATH} PYTHONPATH=/root/ros2_ws/build/mg400_bringup:/root/ros2_ws/install/mg400_bringup/lib/python3.10/site-packages:/root/ros2_ws/install/mg400_msgs/local/lib/python3.10/dist-packages:${PYTHONPATH} /usr/bin/cmake --build /root/ros2_ws/build/mg400 -- -j16 -l16
[2.999s] DEBUG:colcon.colcon_core.event_handler.log_command:Invoking command in '/root/ros2_ws/build/mg400': AMENT_PREFIX_PATH=/root/ros2_ws/install/mg400_bringup:/root/ros2_ws/install/mg400_node:/root/ros2_ws/install/mg400_plugin:/root/ros2_ws/install/mg400_plugin_base:/root/ros2_ws/install/mg400_joy:/root/ros2_ws/install/mg400_interface:/root/ros2_ws/install/p9n_interface:/root/ros2_ws/install/mg400_msgs:/root/ros2_ws/install/mg400_description:/root/ros2_ws/install/mg400_common:${AMENT_PREFIX_PATH} CMAKE_PREFIX_PATH=/root/ros2_ws/install/mg400_node:/root/ros2_ws/install/mg400_plugin:/root/ros2_ws/install/mg400_plugin_base:/root/ros2_ws/install/mg400_joy:/root/ros2_ws/install/mg400_interface:/root/ros2_ws/install/p9n_interface:/root/ros2_ws/install/mg400_msgs:/root/ros2_ws/install/mg400_description:/root/ros2_ws/install/mg400_common:/opt/ros/humble LD_LIBRARY_PATH=/root/ros2_ws/install/mg400_node/lib:/root/ros2_ws/install/mg400_plugin/lib:/root/ros2_ws/install/mg400_joy/lib:/root/ros2_ws/install/mg400_interface/lib:/root/ros2_ws/install/p9n_interface/lib:/root/ros2_ws/install/mg400_msgs/lib:/root/ros2_ws/install/mg400_common/lib:${LD_LIBRARY_PATH} PYTHONPATH=/root/ros2_ws/build/mg400_bringup:/root/ros2_ws/install/mg400_bringup/lib/python3.10/site-packages:/root/ros2_ws/install/mg400_msgs/local/lib/python3.10/dist-packages:${PYTHONPATH} /usr/bin/cmake --install /root/ros2_ws/build/mg400
[3.018s] Level 1:colcon.colcon_core.environment:create_environment_scripts_only(mg400)
[3.019s] Level 1:colcon.colcon_core.environment:checking '/root/ros2_ws/install/mg400' for CMake module files
[3.019s] DEBUG:colcon.colcon_core.event_handler.log_command:Invoked command in '/root/ros2_ws/build/mg400' returned '0': AMENT_PREFIX_PATH=/root/ros2_ws/install/mg400_bringup:/root/ros2_ws/install/mg400_node:/root/ros2_ws/install/mg400_plugin:/root/ros2_ws/install/mg400_plugin_base:/root/ros2_ws/install/mg400_joy:/root/ros2_ws/install/mg400_interface:/root/ros2_ws/install/p9n_interface:/root/ros2_ws/install/mg400_msgs:/root/ros2_ws/install/mg400_description:/root/ros2_ws/install/mg400_common:${AMENT_PREFIX_PATH} CMAKE_PREFIX_PATH=/root/ros2_ws/install/mg400_node:/root/ros2_ws/install/mg400_plugin:/root/ros2_ws/install/mg400_plugin_base:/root/ros2_ws/install/mg400_joy:/root/ros2_ws/install/mg400_interface:/root/ros2_ws/install/p9n_interface:/root/ros2_ws/install/mg400_msgs:/root/ros2_ws/install/mg400_description:/root/ros2_ws/install/mg400_common:/opt/ros/humble LD_LIBRARY_PATH=/root/ros2_ws/install/mg400_node/lib:/root/ros2_ws/install/mg400_plugin/lib:/root/ros2_ws/install/mg400_joy/lib:/root/ros2_ws/install/mg400_interface/lib:/root/ros2_ws/install/p9n_interface/lib:/root/ros2_ws/install/mg400_msgs/lib:/root/ros2_ws/install/mg400_common/lib:${LD_LIBRARY_PATH} PYTHONPATH=/root/ros2_ws/build/mg400_bringup:/root/ros2_ws/install/mg400_bringup/lib/python3.10/site-packages:/root/ros2_ws/install/mg400_msgs/local/lib/python3.10/dist-packages:${PYTHONPATH} /usr/bin/cmake --install /root/ros2_ws/build/mg400
[3.019s] Level 1:colcon.colcon_core.environment:checking '/root/ros2_ws/install/mg400' for CMake config files
[3.020s] Level 1:colcon.colcon_core.shell:create_environment_hook('mg400', 'cmake_prefix_path')
[3.020s] INFO:colcon.colcon_core.shell:Creating environment hook '/root/ros2_ws/install/mg400/share/mg400/hook/cmake_prefix_path.ps1'
[3.020s] INFO:colcon.colcon_core.shell:Creating environment descriptor '/root/ros2_ws/install/mg400/share/mg400/hook/cmake_prefix_path.dsv'
[3.020s] INFO:colcon.colcon_core.shell:Creating environment hook '/root/ros2_ws/install/mg400/share/mg400/hook/cmake_prefix_path.sh'
[3.021s] Level 1:colcon.colcon_core.environment:checking '/root/ros2_ws/install/mg400/bin'
[3.021s] Level 1:colcon.colcon_core.environment:checking '/root/ros2_ws/install/mg400/lib/pkgconfig/mg400.pc'
[3.021s] Level 1:colcon.colcon_core.environment:checking '/root/ros2_ws/install/mg400/lib/python3.10/site-packages'
[3.021s] Level 1:colcon.colcon_core.environment:checking '/root/ros2_ws/install/mg400/bin'
[3.021s] INFO:colcon.colcon_core.shell:Creating package script '/root/ros2_ws/install/mg400/share/mg400/package.ps1'
[3.022s] INFO:colcon.colcon_core.shell:Creating package descriptor '/root/ros2_ws/install/mg400/share/mg400/package.dsv'
[3.022s] INFO:colcon.colcon_core.shell:Creating package script '/root/ros2_ws/install/mg400/share/mg400/package.sh'
[3.022s] INFO:colcon.colcon_core.shell:Creating package script '/root/ros2_ws/install/mg400/share/mg400/package.bash'
[3.023s] INFO:colcon.colcon_core.shell:Creating package script '/root/ros2_ws/install/mg400/share/mg400/package.zsh'
[3.023s] Level 1:colcon.colcon_core.environment:create_file_with_runtime_dependencies(/root/ros2_ws/install/mg400/share/colcon-core/packages/mg400)
[3.023s] Level 1:colcon.colcon_core.environment:create_environment_scripts_only(mg400)
[3.024s] Level 1:colcon.colcon_core.environment:checking '/root/ros2_ws/install/mg400' for CMake module files
[3.024s] Level 1:colcon.colcon_core.environment:checking '/root/ros2_ws/install/mg400' for CMake config files
[3.024s] Level 1:colcon.colcon_core.shell:create_environment_hook('mg400', 'cmake_prefix_path')
[3.024s] INFO:colcon.colcon_core.shell:Creating environment hook '/root/ros2_ws/install/mg400/share/mg400/hook/cmake_prefix_path.ps1'
[3.025s] INFO:colcon.colcon_core.shell:Creating environment descriptor '/root/ros2_ws/install/mg400/share/mg400/hook/cmake_prefix_path.dsv'
[3.025s] INFO:colcon.colcon_core.shell:Creating environment hook '/root/ros2_ws/install/mg400/share/mg400/hook/cmake_prefix_path.sh'
[3.025s] Level 1:colcon.colcon_core.environment:checking '/root/ros2_ws/install/mg400/bin'
[3.025s] Level 1:colcon.colcon_core.environment:checking '/root/ros2_ws/install/mg400/lib/pkgconfig/mg400.pc'
[3.025s] Level 1:colcon.colcon_core.environment:checking '/root/ros2_ws/install/mg400/lib/python3.10/site-packages'
[3.026s] Level 1:colcon.colcon_core.environment:checking '/root/ros2_ws/install/mg400/bin'
[3.026s] INFO:colcon.colcon_core.shell:Creating package script '/root/ros2_ws/install/mg400/share/mg400/package.ps1'
[3.026s] INFO:colcon.colcon_core.shell:Creating package descriptor '/root/ros2_ws/install/mg400/share/mg400/package.dsv'
[3.026s] INFO:colcon.colcon_core.shell:Creating package script '/root/ros2_ws/install/mg400/share/mg400/package.sh'
[3.027s] INFO:colcon.colcon_core.shell:Creating package script '/root/ros2_ws/install/mg400/share/mg400/package.bash'
[3.027s] INFO:colcon.colcon_core.shell:Creating package script '/root/ros2_ws/install/mg400/share/mg400/package.zsh'
[3.027s] Level 1:colcon.colcon_core.environment:create_file_with_runtime_dependencies(/root/ros2_ws/install/mg400/share/colcon-core/packages/mg400)
[3.028s] DEBUG:colcon.colcon_parallel_executor.executor.parallel:closing loop
[3.028s] DEBUG:colcon.colcon_parallel_executor.executor.parallel:loop closed
[3.028s] DEBUG:colcon.colcon_parallel_executor.executor.parallel:run_until_complete finished with '0'
[3.028s] DEBUG:colcon.colcon_core.event_reactor:joining thread
[3.033s] INFO:colcon.colcon_core.plugin_system:Skipping extension 'colcon_notification.desktop_notification.notify_send': Could not find 'notify-send'
[3.033s] INFO:colcon.colcon_core.plugin_system:Skipping extension 'colcon_notification.desktop_notification.terminal_notifier': Not used on non-Darwin systems
[3.033s] INFO:colcon.colcon_core.plugin_system:Skipping extension 'colcon_notification.desktop_notification.win32': Not used on non-Windows systems
[3.033s] INFO:colcon.colcon_notification.desktop_notification:Sending desktop notification using 'notify2'
[3.033s] DEBUG:colcon.colcon_notification.desktop_notification.notify2:Failed to initialize notify2: org.freedesktop.DBus.Error.NotSupported: Unable to autolaunch a dbus-daemon without a $DISPLAY for X11
[3.033s] DEBUG:colcon.colcon_core.event_reactor:joined thread
[3.033s] INFO:colcon.colcon_core.shell:Creating prefix script '/root/ros2_ws/install/local_setup.ps1'
[3.034s] INFO:colcon.colcon_core.shell:Creating prefix util module '/root/ros2_ws/install/_local_setup_util_ps1.py'
[3.035s] INFO:colcon.colcon_core.shell:Creating prefix chain script '/root/ros2_ws/install/setup.ps1'
[3.036s] INFO:colcon.colcon_core.shell:Creating prefix script '/root/ros2_ws/install/local_setup.sh'
[3.036s] INFO:colcon.colcon_core.shell:Creating prefix util module '/root/ros2_ws/install/_local_setup_util_sh.py'
[3.037s] INFO:colcon.colcon_core.shell:Creating prefix chain script '/root/ros2_ws/install/setup.sh'
[3.037s] INFO:colcon.colcon_core.shell:Creating prefix script '/root/ros2_ws/install/local_setup.bash'
[3.038s] INFO:colcon.colcon_core.shell:Creating prefix chain script '/root/ros2_ws/install/setup.bash'
[3.038s] INFO:colcon.colcon_core.shell:Creating prefix script '/root/ros2_ws/install/local_setup.zsh'
[3.039s] INFO:colcon.colcon_core.shell:Creating prefix chain script '/root/ros2_ws/install/setup.zsh'
