[  1%] Built target mg400_msgs__rs
[  1%] Built target ament_cmake_python_symlink_mg400_msgs
[  1%] Built target mg400_msgs__cpp
[35m[1mConsolidate compiler generated dependencies of target mg400_msgs__rosidl_generator_c[0m
[35m[1mConsolidate compiler generated dependencies of target mg400_msgs__rosidl_typesupport_cpp[0m
[ 13%] Built target mg400_msgs__rosidl_generator_c
[35m[1mConsolidate compiler generated dependencies of target mg400_msgs__rosidl_typesupport_fastrtps_cpp[0m
[35m[1mConsolidate compiler generated dependencies of target mg400_msgs__rosidl_typesupport_introspection_cpp[0m
[35m[1mConsolidate compiler generated dependencies of target mg400_msgs__rosidl_typesupport_c[0m
[35m[1mConsolidate compiler generated dependencies of target mg400_msgs__rosidl_typesupport_introspection_c[0m
[35m[1mConsolidate compiler generated dependencies of target mg400_msgs__rosidl_typesupport_fastrtps_c[0m
[ 25%] Built target mg400_msgs__rosidl_typesupport_cpp
[ 38%] Built target mg400_msgs__rosidl_typesupport_c
[ 50%] Built target mg400_msgs__rosidl_typesupport_introspection_cpp
[ 63%] Built target mg400_msgs__rosidl_typesupport_introspection_c
[ 75%] Built target mg400_msgs__rosidl_typesupport_fastrtps_cpp
[ 88%] Built target mg400_msgs__rosidl_typesupport_fastrtps_c
[ 88%] Built target mg400_msgs
[ 88%] Built target mg400_msgs__py
running egg_info
writing mg400_msgs.egg-info/PKG-INFO
writing dependency_links to mg400_msgs.egg-info/dependency_links.txt
writing top-level names to mg400_msgs.egg-info/top_level.txt
reading manifest file 'mg400_msgs.egg-info/SOURCES.txt'
writing manifest file 'mg400_msgs.egg-info/SOURCES.txt'
[35m[1mConsolidate compiler generated dependencies of target mg400_msgs__rosidl_generator_py[0m
[ 88%] Built target ament_cmake_python_build_mg400_msgs_egg
[100%] Built target mg400_msgs__rosidl_generator_py
[35m[1mConsolidate compiler generated dependencies of target mg400_msgs__rosidl_typesupport_c__pyext[0m
[35m[1mConsolidate compiler generated dependencies of target mg400_msgs__rosidl_typesupport_introspection_c__pyext[0m
[35m[1mConsolidate compiler generated dependencies of target mg400_msgs__rosidl_typesupport_fastrtps_c__pyext[0m
[100%] Built target mg400_msgs__rosidl_typesupport_fastrtps_c__pyext
[100%] Built target mg400_msgs__rosidl_typesupport_introspection_c__pyext
[100%] Built target mg400_msgs__rosidl_typesupport_c__pyext
-- Install configuration: ""
-- Execute custom install script
-- Up-to-date symlink: /root/ros2_ws/install/mg400_msgs/share/ament_index/resource_index/rosidl_interfaces/mg400_msgs
-- Up-to-date symlink: /root/ros2_ws/install/mg400_msgs/include/mg400_msgs/mg400_msgs/action/command_queue.h
-- Up-to-date symlink: /root/ros2_ws/install/mg400_msgs/include/mg400_msgs/mg400_msgs/action/detail/command_queue__functions.h
-- Up-to-date symlink: /root/ros2_ws/install/mg400_msgs/include/mg400_msgs/mg400_msgs/action/detail/command_queue__struct.h
-- Up-to-date symlink: /root/ros2_ws/install/mg400_msgs/include/mg400_msgs/mg400_msgs/action/detail/command_queue__type_support.h
-- Up-to-date symlink: /root/ros2_ws/install/mg400_msgs/include/mg400_msgs/mg400_msgs/action/detail/joint_mov_j__functions.h
-- Up-to-date symlink: /root/ros2_ws/install/mg400_msgs/include/mg400_msgs/mg400_msgs/action/detail/joint_mov_j__struct.h
-- Up-to-date symlink: /root/ros2_ws/install/mg400_msgs/include/mg400_msgs/mg400_msgs/action/detail/joint_mov_j__type_support.h
-- Up-to-date symlink: /root/ros2_ws/install/mg400_msgs/include/mg400_msgs/mg400_msgs/action/detail/mov_j__functions.h
-- Up-to-date symlink: /root/ros2_ws/install/mg400_msgs/include/mg400_msgs/mg400_msgs/action/detail/mov_j__struct.h
-- Up-to-date symlink: /root/ros2_ws/install/mg400_msgs/include/mg400_msgs/mg400_msgs/action/detail/mov_j__type_support.h
-- Up-to-date symlink: /root/ros2_ws/install/mg400_msgs/include/mg400_msgs/mg400_msgs/action/detail/mov_jio__functions.h
-- Up-to-date symlink: /root/ros2_ws/install/mg400_msgs/include/mg400_msgs/mg400_msgs/action/detail/mov_jio__struct.h
-- Up-to-date symlink: /root/ros2_ws/install/mg400_msgs/include/mg400_msgs/mg400_msgs/action/detail/mov_jio__type_support.h
-- Up-to-date symlink: /root/ros2_ws/install/mg400_msgs/include/mg400_msgs/mg400_msgs/action/detail/mov_l__functions.h
-- Up-to-date symlink: /root/ros2_ws/install/mg400_msgs/include/mg400_msgs/mg400_msgs/action/detail/mov_l__struct.h
-- Up-to-date symlink: /root/ros2_ws/install/mg400_msgs/include/mg400_msgs/mg400_msgs/action/detail/mov_l__type_support.h
-- Up-to-date symlink: /root/ros2_ws/install/mg400_msgs/include/mg400_msgs/mg400_msgs/action/detail/mov_lio__functions.h
-- Up-to-date symlink: /root/ros2_ws/install/mg400_msgs/include/mg400_msgs/mg400_msgs/action/detail/mov_lio__struct.h
-- Up-to-date symlink: /root/ros2_ws/install/mg400_msgs/include/mg400_msgs/mg400_msgs/action/detail/mov_lio__type_support.h
-- Up-to-date symlink: /root/ros2_ws/install/mg400_msgs/include/mg400_msgs/mg400_msgs/action/joint_mov_j.h
-- Up-to-date symlink: /root/ros2_ws/install/mg400_msgs/include/mg400_msgs/mg400_msgs/action/mov_j.h
-- Up-to-date symlink: /root/ros2_ws/install/mg400_msgs/include/mg400_msgs/mg400_msgs/action/mov_jio.h
-- Up-to-date symlink: /root/ros2_ws/install/mg400_msgs/include/mg400_msgs/mg400_msgs/action/mov_l.h
-- Up-to-date symlink: /root/ros2_ws/install/mg400_msgs/include/mg400_msgs/mg400_msgs/action/mov_lio.h
-- Up-to-date symlink: /root/ros2_ws/install/mg400_msgs/include/mg400_msgs/mg400_msgs/msg/arch.h
-- Up-to-date symlink: /root/ros2_ws/install/mg400_msgs/include/mg400_msgs/mg400_msgs/msg/collision_level.h
-- Up-to-date symlink: /root/ros2_ws/install/mg400_msgs/include/mg400_msgs/mg400_msgs/msg/command.h
-- Up-to-date symlink: /root/ros2_ws/install/mg400_msgs/include/mg400_msgs/mg400_msgs/msg/detail/arch__functions.h
-- Up-to-date symlink: /root/ros2_ws/install/mg400_msgs/include/mg400_msgs/mg400_msgs/msg/detail/arch__struct.h
-- Up-to-date symlink: /root/ros2_ws/install/mg400_msgs/include/mg400_msgs/mg400_msgs/msg/detail/arch__type_support.h
-- Up-to-date symlink: /root/ros2_ws/install/mg400_msgs/include/mg400_msgs/mg400_msgs/msg/detail/collision_level__functions.h
-- Up-to-date symlink: /root/ros2_ws/install/mg400_msgs/include/mg400_msgs/mg400_msgs/msg/detail/collision_level__struct.h
-- Up-to-date symlink: /root/ros2_ws/install/mg400_msgs/include/mg400_msgs/mg400_msgs/msg/detail/collision_level__type_support.h
-- Up-to-date symlink: /root/ros2_ws/install/mg400_msgs/include/mg400_msgs/mg400_msgs/msg/detail/command__functions.h
-- Up-to-date symlink: /root/ros2_ws/install/mg400_msgs/include/mg400_msgs/mg400_msgs/msg/detail/command__struct.h
-- Up-to-date symlink: /root/ros2_ws/install/mg400_msgs/include/mg400_msgs/mg400_msgs/msg/detail/command__type_support.h
-- Up-to-date symlink: /root/ros2_ws/install/mg400_msgs/include/mg400_msgs/mg400_msgs/msg/detail/di_index__functions.h
-- Up-to-date symlink: /root/ros2_ws/install/mg400_msgs/include/mg400_msgs/mg400_msgs/msg/detail/di_index__struct.h
-- Up-to-date symlink: /root/ros2_ws/install/mg400_msgs/include/mg400_msgs/mg400_msgs/msg/detail/di_index__type_support.h
-- Up-to-date symlink: /root/ros2_ws/install/mg400_msgs/include/mg400_msgs/mg400_msgs/msg/detail/distance_mode__functions.h
-- Up-to-date symlink: /root/ros2_ws/install/mg400_msgs/include/mg400_msgs/mg400_msgs/msg/detail/distance_mode__struct.h
-- Up-to-date symlink: /root/ros2_ws/install/mg400_msgs/include/mg400_msgs/mg400_msgs/msg/detail/distance_mode__type_support.h
-- Up-to-date symlink: /root/ros2_ws/install/mg400_msgs/include/mg400_msgs/mg400_msgs/msg/detail/do_index__functions.h
-- Up-to-date symlink: /root/ros2_ws/install/mg400_msgs/include/mg400_msgs/mg400_msgs/msg/detail/do_index__struct.h
-- Up-to-date symlink: /root/ros2_ws/install/mg400_msgs/include/mg400_msgs/mg400_msgs/msg/detail/do_index__type_support.h
-- Up-to-date symlink: /root/ros2_ws/install/mg400_msgs/include/mg400_msgs/mg400_msgs/msg/detail/do_status__functions.h
-- Up-to-date symlink: /root/ros2_ws/install/mg400_msgs/include/mg400_msgs/mg400_msgs/msg/detail/do_status__struct.h
-- Up-to-date symlink: /root/ros2_ws/install/mg400_msgs/include/mg400_msgs/mg400_msgs/msg/detail/do_status__type_support.h
-- Up-to-date symlink: /root/ros2_ws/install/mg400_msgs/include/mg400_msgs/mg400_msgs/msg/detail/error_id__functions.h
-- Up-to-date symlink: /root/ros2_ws/install/mg400_msgs/include/mg400_msgs/mg400_msgs/msg/detail/error_id__struct.h
-- Up-to-date symlink: /root/ros2_ws/install/mg400_msgs/include/mg400_msgs/mg400_msgs/msg/detail/error_id__type_support.h
-- Up-to-date symlink: /root/ros2_ws/install/mg400_msgs/include/mg400_msgs/mg400_msgs/msg/detail/id_array__functions.h
-- Up-to-date symlink: /root/ros2_ws/install/mg400_msgs/include/mg400_msgs/mg400_msgs/msg/detail/id_array__struct.h
-- Up-to-date symlink: /root/ros2_ws/install/mg400_msgs/include/mg400_msgs/mg400_msgs/msg/detail/id_array__type_support.h
-- Up-to-date symlink: /root/ros2_ws/install/mg400_msgs/include/mg400_msgs/mg400_msgs/msg/detail/joint_mov_j__functions.h
-- Up-to-date symlink: /root/ros2_ws/install/mg400_msgs/include/mg400_msgs/mg400_msgs/msg/detail/joint_mov_j__struct.h
-- Up-to-date symlink: /root/ros2_ws/install/mg400_msgs/include/mg400_msgs/mg400_msgs/msg/detail/joint_mov_j__type_support.h
-- Up-to-date symlink: /root/ros2_ws/install/mg400_msgs/include/mg400_msgs/mg400_msgs/msg/detail/mov_j__functions.h
-- Up-to-date symlink: /root/ros2_ws/install/mg400_msgs/include/mg400_msgs/mg400_msgs/msg/detail/mov_j__struct.h
-- Up-to-date symlink: /root/ros2_ws/install/mg400_msgs/include/mg400_msgs/mg400_msgs/msg/detail/mov_j__type_support.h
-- Up-to-date symlink: /root/ros2_ws/install/mg400_msgs/include/mg400_msgs/mg400_msgs/msg/detail/mov_jio__functions.h
-- Up-to-date symlink: /root/ros2_ws/install/mg400_msgs/include/mg400_msgs/mg400_msgs/msg/detail/mov_jio__struct.h
-- Up-to-date symlink: /root/ros2_ws/install/mg400_msgs/include/mg400_msgs/mg400_msgs/msg/detail/mov_jio__type_support.h
-- Up-to-date symlink: /root/ros2_ws/install/mg400_msgs/include/mg400_msgs/mg400_msgs/msg/detail/mov_l__functions.h
-- Up-to-date symlink: /root/ros2_ws/install/mg400_msgs/include/mg400_msgs/mg400_msgs/msg/detail/mov_l__struct.h
-- Up-to-date symlink: /root/ros2_ws/install/mg400_msgs/include/mg400_msgs/mg400_msgs/msg/detail/mov_l__type_support.h
-- Up-to-date symlink: /root/ros2_ws/install/mg400_msgs/include/mg400_msgs/mg400_msgs/msg/detail/mov_lio__functions.h
-- Up-to-date symlink: /root/ros2_ws/install/mg400_msgs/include/mg400_msgs/mg400_msgs/msg/detail/mov_lio__struct.h
-- Up-to-date symlink: /root/ros2_ws/install/mg400_msgs/include/mg400_msgs/mg400_msgs/msg/detail/mov_lio__type_support.h
-- Up-to-date symlink: /root/ros2_ws/install/mg400_msgs/include/mg400_msgs/mg400_msgs/msg/detail/move_jog__functions.h
-- Up-to-date symlink: /root/ros2_ws/install/mg400_msgs/include/mg400_msgs/mg400_msgs/msg/detail/move_jog__struct.h
-- Up-to-date symlink: /root/ros2_ws/install/mg400_msgs/include/mg400_msgs/mg400_msgs/msg/detail/move_jog__type_support.h
-- Up-to-date symlink: /root/ros2_ws/install/mg400_msgs/include/mg400_msgs/mg400_msgs/msg/detail/robot_mode__functions.h
-- Up-to-date symlink: /root/ros2_ws/install/mg400_msgs/include/mg400_msgs/mg400_msgs/msg/detail/robot_mode__struct.h
-- Up-to-date symlink: /root/ros2_ws/install/mg400_msgs/include/mg400_msgs/mg400_msgs/msg/detail/robot_mode__type_support.h
-- Up-to-date symlink: /root/ros2_ws/install/mg400_msgs/include/mg400_msgs/mg400_msgs/msg/detail/tool__functions.h
-- Up-to-date symlink: /root/ros2_ws/install/mg400_msgs/include/mg400_msgs/mg400_msgs/msg/detail/tool__struct.h
-- Up-to-date symlink: /root/ros2_ws/install/mg400_msgs/include/mg400_msgs/mg400_msgs/msg/detail/tool__type_support.h
-- Up-to-date symlink: /root/ros2_ws/install/mg400_msgs/include/mg400_msgs/mg400_msgs/msg/detail/tool_di_index__functions.h
-- Up-to-date symlink: /root/ros2_ws/install/mg400_msgs/include/mg400_msgs/mg400_msgs/msg/detail/tool_di_index__struct.h
-- Up-to-date symlink: /root/ros2_ws/install/mg400_msgs/include/mg400_msgs/mg400_msgs/msg/detail/tool_di_index__type_support.h
-- Up-to-date symlink: /root/ros2_ws/install/mg400_msgs/include/mg400_msgs/mg400_msgs/msg/detail/tool_do_index__functions.h
-- Up-to-date symlink: /root/ros2_ws/install/mg400_msgs/include/mg400_msgs/mg400_msgs/msg/detail/tool_do_index__struct.h
-- Up-to-date symlink: /root/ros2_ws/install/mg400_msgs/include/mg400_msgs/mg400_msgs/msg/detail/tool_do_index__type_support.h
-- Up-to-date symlink: /root/ros2_ws/install/mg400_msgs/include/mg400_msgs/mg400_msgs/msg/detail/user__functions.h
-- Up-to-date symlink: /root/ros2_ws/install/mg400_msgs/include/mg400_msgs/mg400_msgs/msg/detail/user__struct.h
-- Up-to-date symlink: /root/ros2_ws/install/mg400_msgs/include/mg400_msgs/mg400_msgs/msg/detail/user__type_support.h
-- Up-to-date symlink: /root/ros2_ws/install/mg400_msgs/include/mg400_msgs/mg400_msgs/msg/di_index.h
-- Up-to-date symlink: /root/ros2_ws/install/mg400_msgs/include/mg400_msgs/mg400_msgs/msg/distance_mode.h
-- Up-to-date symlink: /root/ros2_ws/install/mg400_msgs/include/mg400_msgs/mg400_msgs/msg/do_index.h
-- Up-to-date symlink: /root/ros2_ws/install/mg400_msgs/include/mg400_msgs/mg400_msgs/msg/do_status.h
-- Up-to-date symlink: /root/ros2_ws/install/mg400_msgs/include/mg400_msgs/mg400_msgs/msg/error_id.h
-- Up-to-date symlink: /root/ros2_ws/install/mg400_msgs/include/mg400_msgs/mg400_msgs/msg/id_array.h
-- Up-to-date symlink: /root/ros2_ws/install/mg400_msgs/include/mg400_msgs/mg400_msgs/msg/joint_mov_j.h
-- Up-to-date symlink: /root/ros2_ws/install/mg400_msgs/include/mg400_msgs/mg400_msgs/msg/mov_j.h
-- Up-to-date symlink: /root/ros2_ws/install/mg400_msgs/include/mg400_msgs/mg400_msgs/msg/mov_jio.h
-- Up-to-date symlink: /root/ros2_ws/install/mg400_msgs/include/mg400_msgs/mg400_msgs/msg/mov_l.h
-- Up-to-date symlink: /root/ros2_ws/install/mg400_msgs/include/mg400_msgs/mg400_msgs/msg/mov_lio.h
-- Up-to-date symlink: /root/ros2_ws/install/mg400_msgs/include/mg400_msgs/mg400_msgs/msg/move_jog.h
-- Up-to-date symlink: /root/ros2_ws/install/mg400_msgs/include/mg400_msgs/mg400_msgs/msg/robot_mode.h
-- Up-to-date symlink: /root/ros2_ws/install/mg400_msgs/include/mg400_msgs/mg400_msgs/msg/rosidl_generator_c__visibility_control.h
-- Up-to-date symlink: /root/ros2_ws/install/mg400_msgs/include/mg400_msgs/mg400_msgs/msg/tool.h
-- Up-to-date symlink: /root/ros2_ws/install/mg400_msgs/include/mg400_msgs/mg400_msgs/msg/tool_di_index.h
-- Up-to-date symlink: /root/ros2_ws/install/mg400_msgs/include/mg400_msgs/mg400_msgs/msg/tool_do_index.h
-- Up-to-date symlink: /root/ros2_ws/install/mg400_msgs/include/mg400_msgs/mg400_msgs/msg/user.h
-- Up-to-date symlink: /root/ros2_ws/install/mg400_msgs/include/mg400_msgs/mg400_msgs/srv/acc_j.h
-- Up-to-date symlink: /root/ros2_ws/install/mg400_msgs/include/mg400_msgs/mg400_msgs/srv/acc_l.h
-- Up-to-date symlink: /root/ros2_ws/install/mg400_msgs/include/mg400_msgs/mg400_msgs/srv/arch.h
-- Up-to-date symlink: /root/ros2_ws/install/mg400_msgs/include/mg400_msgs/mg400_msgs/srv/clear_error.h
-- Up-to-date symlink: /root/ros2_ws/install/mg400_msgs/include/mg400_msgs/mg400_msgs/srv/cp.h
-- Up-to-date symlink: /root/ros2_ws/install/mg400_msgs/include/mg400_msgs/mg400_msgs/srv/detail/acc_j__functions.h
-- Up-to-date symlink: /root/ros2_ws/install/mg400_msgs/include/mg400_msgs/mg400_msgs/srv/detail/acc_j__struct.h
-- Up-to-date symlink: /root/ros2_ws/install/mg400_msgs/include/mg400_msgs/mg400_msgs/srv/detail/acc_j__type_support.h
-- Up-to-date symlink: /root/ros2_ws/install/mg400_msgs/include/mg400_msgs/mg400_msgs/srv/detail/acc_l__functions.h
-- Up-to-date symlink: /root/ros2_ws/install/mg400_msgs/include/mg400_msgs/mg400_msgs/srv/detail/acc_l__struct.h
-- Up-to-date symlink: /root/ros2_ws/install/mg400_msgs/include/mg400_msgs/mg400_msgs/srv/detail/acc_l__type_support.h
-- Up-to-date symlink: /root/ros2_ws/install/mg400_msgs/include/mg400_msgs/mg400_msgs/srv/detail/arch__functions.h
-- Up-to-date symlink: /root/ros2_ws/install/mg400_msgs/include/mg400_msgs/mg400_msgs/srv/detail/arch__struct.h
-- Up-to-date symlink: /root/ros2_ws/install/mg400_msgs/include/mg400_msgs/mg400_msgs/srv/detail/arch__type_support.h
-- Up-to-date symlink: /root/ros2_ws/install/mg400_msgs/include/mg400_msgs/mg400_msgs/srv/detail/clear_error__functions.h
-- Up-to-date symlink: /root/ros2_ws/install/mg400_msgs/include/mg400_msgs/mg400_msgs/srv/detail/clear_error__struct.h
-- Up-to-date symlink: /root/ros2_ws/install/mg400_msgs/include/mg400_msgs/mg400_msgs/srv/detail/clear_error__type_support.h
-- Up-to-date symlink: /root/ros2_ws/install/mg400_msgs/include/mg400_msgs/mg400_msgs/srv/detail/cp__functions.h
-- Up-to-date symlink: /root/ros2_ws/install/mg400_msgs/include/mg400_msgs/mg400_msgs/srv/detail/cp__struct.h
-- Up-to-date symlink: /root/ros2_ws/install/mg400_msgs/include/mg400_msgs/mg400_msgs/srv/detail/cp__type_support.h
-- Up-to-date symlink: /root/ros2_ws/install/mg400_msgs/include/mg400_msgs/mg400_msgs/srv/detail/di__functions.h
-- Up-to-date symlink: /root/ros2_ws/install/mg400_msgs/include/mg400_msgs/mg400_msgs/srv/detail/di__struct.h
-- Up-to-date symlink: /root/ros2_ws/install/mg400_msgs/include/mg400_msgs/mg400_msgs/srv/detail/di__type_support.h
-- Up-to-date symlink: /root/ros2_ws/install/mg400_msgs/include/mg400_msgs/mg400_msgs/srv/detail/disable_robot__functions.h
-- Up-to-date symlink: /root/ros2_ws/install/mg400_msgs/include/mg400_msgs/mg400_msgs/srv/detail/disable_robot__struct.h
-- Up-to-date symlink: /root/ros2_ws/install/mg400_msgs/include/mg400_msgs/mg400_msgs/srv/detail/disable_robot__type_support.h
-- Up-to-date symlink: /root/ros2_ws/install/mg400_msgs/include/mg400_msgs/mg400_msgs/srv/detail/do__functions.h
-- Up-to-date symlink: /root/ros2_ws/install/mg400_msgs/include/mg400_msgs/mg400_msgs/srv/detail/do__struct.h
-- Up-to-date symlink: /root/ros2_ws/install/mg400_msgs/include/mg400_msgs/mg400_msgs/srv/detail/do__type_support.h
-- Up-to-date symlink: /root/ros2_ws/install/mg400_msgs/include/mg400_msgs/mg400_msgs/srv/detail/emergency_stop__functions.h
-- Up-to-date symlink: /root/ros2_ws/install/mg400_msgs/include/mg400_msgs/mg400_msgs/srv/detail/emergency_stop__struct.h
-- Up-to-date symlink: /root/ros2_ws/install/mg400_msgs/include/mg400_msgs/mg400_msgs/srv/detail/emergency_stop__type_support.h
-- Up-to-date symlink: /root/ros2_ws/install/mg400_msgs/include/mg400_msgs/mg400_msgs/srv/detail/enable_robot__functions.h
-- Up-to-date symlink: /root/ros2_ws/install/mg400_msgs/include/mg400_msgs/mg400_msgs/srv/detail/enable_robot__struct.h
-- Up-to-date symlink: /root/ros2_ws/install/mg400_msgs/include/mg400_msgs/mg400_msgs/srv/detail/enable_robot__type_support.h
-- Up-to-date symlink: /root/ros2_ws/install/mg400_msgs/include/mg400_msgs/mg400_msgs/srv/detail/get_angle__functions.h
-- Up-to-date symlink: /root/ros2_ws/install/mg400_msgs/include/mg400_msgs/mg400_msgs/srv/detail/get_angle__struct.h
-- Up-to-date symlink: /root/ros2_ws/install/mg400_msgs/include/mg400_msgs/mg400_msgs/srv/detail/get_angle__type_support.h
-- Up-to-date symlink: /root/ros2_ws/install/mg400_msgs/include/mg400_msgs/mg400_msgs/srv/detail/get_error_id__functions.h
-- Up-to-date symlink: /root/ros2_ws/install/mg400_msgs/include/mg400_msgs/mg400_msgs/srv/detail/get_error_id__struct.h
-- Up-to-date symlink: /root/ros2_ws/install/mg400_msgs/include/mg400_msgs/mg400_msgs/srv/detail/get_error_id__type_support.h
-- Up-to-date symlink: /root/ros2_ws/install/mg400_msgs/include/mg400_msgs/mg400_msgs/srv/detail/get_pose__functions.h
-- Up-to-date symlink: /root/ros2_ws/install/mg400_msgs/include/mg400_msgs/mg400_msgs/srv/detail/get_pose__struct.h
-- Up-to-date symlink: /root/ros2_ws/install/mg400_msgs/include/mg400_msgs/mg400_msgs/srv/detail/get_pose__type_support.h
-- Up-to-date symlink: /root/ros2_ws/install/mg400_msgs/include/mg400_msgs/mg400_msgs/srv/detail/inverse_solution__functions.h
-- Up-to-date symlink: /root/ros2_ws/install/mg400_msgs/include/mg400_msgs/mg400_msgs/srv/detail/inverse_solution__struct.h
-- Up-to-date symlink: /root/ros2_ws/install/mg400_msgs/include/mg400_msgs/mg400_msgs/srv/detail/inverse_solution__type_support.h
-- Up-to-date symlink: /root/ros2_ws/install/mg400_msgs/include/mg400_msgs/mg400_msgs/srv/detail/joint_mov_j__functions.h
-- Up-to-date symlink: /root/ros2_ws/install/mg400_msgs/include/mg400_msgs/mg400_msgs/srv/detail/joint_mov_j__struct.h
-- Up-to-date symlink: /root/ros2_ws/install/mg400_msgs/include/mg400_msgs/mg400_msgs/srv/detail/joint_mov_j__type_support.h
-- Up-to-date symlink: /root/ros2_ws/install/mg400_msgs/include/mg400_msgs/mg400_msgs/srv/detail/move_jog__functions.h
-- Up-to-date symlink: /root/ros2_ws/install/mg400_msgs/include/mg400_msgs/mg400_msgs/srv/detail/move_jog__struct.h
-- Up-to-date symlink: /root/ros2_ws/install/mg400_msgs/include/mg400_msgs/mg400_msgs/srv/detail/move_jog__type_support.h
-- Up-to-date symlink: /root/ros2_ws/install/mg400_msgs/include/mg400_msgs/mg400_msgs/srv/detail/pay_load__functions.h
-- Up-to-date symlink: /root/ros2_ws/install/mg400_msgs/include/mg400_msgs/mg400_msgs/srv/detail/pay_load__struct.h
-- Up-to-date symlink: /root/ros2_ws/install/mg400_msgs/include/mg400_msgs/mg400_msgs/srv/detail/pay_load__type_support.h
-- Up-to-date symlink: /root/ros2_ws/install/mg400_msgs/include/mg400_msgs/mg400_msgs/srv/detail/positive_solution__functions.h
-- Up-to-date symlink: /root/ros2_ws/install/mg400_msgs/include/mg400_msgs/mg400_msgs/srv/detail/positive_solution__struct.h
-- Up-to-date symlink: /root/ros2_ws/install/mg400_msgs/include/mg400_msgs/mg400_msgs/srv/detail/positive_solution__type_support.h
-- Up-to-date symlink: /root/ros2_ws/install/mg400_msgs/include/mg400_msgs/mg400_msgs/srv/detail/reset_robot__functions.h
-- Up-to-date symlink: /root/ros2_ws/install/mg400_msgs/include/mg400_msgs/mg400_msgs/srv/detail/reset_robot__struct.h
-- Up-to-date symlink: /root/ros2_ws/install/mg400_msgs/include/mg400_msgs/mg400_msgs/srv/detail/reset_robot__type_support.h
-- Up-to-date symlink: /root/ros2_ws/install/mg400_msgs/include/mg400_msgs/mg400_msgs/srv/detail/robot_mode__functions.h
-- Up-to-date symlink: /root/ros2_ws/install/mg400_msgs/include/mg400_msgs/mg400_msgs/srv/detail/robot_mode__struct.h
-- Up-to-date symlink: /root/ros2_ws/install/mg400_msgs/include/mg400_msgs/mg400_msgs/srv/detail/robot_mode__type_support.h
-- Up-to-date symlink: /root/ros2_ws/install/mg400_msgs/include/mg400_msgs/mg400_msgs/srv/detail/set_collision_level__functions.h
-- Up-to-date symlink: /root/ros2_ws/install/mg400_msgs/include/mg400_msgs/mg400_msgs/srv/detail/set_collision_level__struct.h
-- Up-to-date symlink: /root/ros2_ws/install/mg400_msgs/include/mg400_msgs/mg400_msgs/srv/detail/set_collision_level__type_support.h
-- Up-to-date symlink: /root/ros2_ws/install/mg400_msgs/include/mg400_msgs/mg400_msgs/srv/detail/speed_factor__functions.h
-- Up-to-date symlink: /root/ros2_ws/install/mg400_msgs/include/mg400_msgs/mg400_msgs/srv/detail/speed_factor__struct.h
-- Up-to-date symlink: /root/ros2_ws/install/mg400_msgs/include/mg400_msgs/mg400_msgs/srv/detail/speed_factor__type_support.h
-- Up-to-date symlink: /root/ros2_ws/install/mg400_msgs/include/mg400_msgs/mg400_msgs/srv/detail/speed_j__functions.h
-- Up-to-date symlink: /root/ros2_ws/install/mg400_msgs/include/mg400_msgs/mg400_msgs/srv/detail/speed_j__struct.h
-- Up-to-date symlink: /root/ros2_ws/install/mg400_msgs/include/mg400_msgs/mg400_msgs/srv/detail/speed_j__type_support.h
-- Up-to-date symlink: /root/ros2_ws/install/mg400_msgs/include/mg400_msgs/mg400_msgs/srv/detail/speed_l__functions.h
-- Up-to-date symlink: /root/ros2_ws/install/mg400_msgs/include/mg400_msgs/mg400_msgs/srv/detail/speed_l__struct.h
-- Up-to-date symlink: /root/ros2_ws/install/mg400_msgs/include/mg400_msgs/mg400_msgs/srv/detail/speed_l__type_support.h
-- Up-to-date symlink: /root/ros2_ws/install/mg400_msgs/include/mg400_msgs/mg400_msgs/srv/detail/tool__functions.h
-- Up-to-date symlink: /root/ros2_ws/install/mg400_msgs/include/mg400_msgs/mg400_msgs/srv/detail/tool__struct.h
-- Up-to-date symlink: /root/ros2_ws/install/mg400_msgs/include/mg400_msgs/mg400_msgs/srv/detail/tool__type_support.h
-- Up-to-date symlink: /root/ros2_ws/install/mg400_msgs/include/mg400_msgs/mg400_msgs/srv/detail/tool_di__functions.h
-- Up-to-date symlink: /root/ros2_ws/install/mg400_msgs/include/mg400_msgs/mg400_msgs/srv/detail/tool_di__struct.h
-- Up-to-date symlink: /root/ros2_ws/install/mg400_msgs/include/mg400_msgs/mg400_msgs/srv/detail/tool_di__type_support.h
-- Up-to-date symlink: /root/ros2_ws/install/mg400_msgs/include/mg400_msgs/mg400_msgs/srv/detail/tool_do_execute__functions.h
-- Up-to-date symlink: /root/ros2_ws/install/mg400_msgs/include/mg400_msgs/mg400_msgs/srv/detail/tool_do_execute__struct.h
-- Up-to-date symlink: /root/ros2_ws/install/mg400_msgs/include/mg400_msgs/mg400_msgs/srv/detail/tool_do_execute__type_support.h
-- Up-to-date symlink: /root/ros2_ws/install/mg400_msgs/include/mg400_msgs/mg400_msgs/srv/detail/user__functions.h
-- Up-to-date symlink: /root/ros2_ws/install/mg400_msgs/include/mg400_msgs/mg400_msgs/srv/detail/user__struct.h
-- Up-to-date symlink: /root/ros2_ws/install/mg400_msgs/include/mg400_msgs/mg400_msgs/srv/detail/user__type_support.h
-- Up-to-date symlink: /root/ros2_ws/install/mg400_msgs/include/mg400_msgs/mg400_msgs/srv/di.h
-- Up-to-date symlink: /root/ros2_ws/install/mg400_msgs/include/mg400_msgs/mg400_msgs/srv/disable_robot.h
-- Up-to-date symlink: /root/ros2_ws/install/mg400_msgs/include/mg400_msgs/mg400_msgs/srv/do.h
-- Up-to-date symlink: /root/ros2_ws/install/mg400_msgs/include/mg400_msgs/mg400_msgs/srv/emergency_stop.h
-- Up-to-date symlink: /root/ros2_ws/install/mg400_msgs/include/mg400_msgs/mg400_msgs/srv/enable_robot.h
-- Up-to-date symlink: /root/ros2_ws/install/mg400_msgs/include/mg400_msgs/mg400_msgs/srv/get_angle.h
-- Up-to-date symlink: /root/ros2_ws/install/mg400_msgs/include/mg400_msgs/mg400_msgs/srv/get_error_id.h
-- Up-to-date symlink: /root/ros2_ws/install/mg400_msgs/include/mg400_msgs/mg400_msgs/srv/get_pose.h
-- Up-to-date symlink: /root/ros2_ws/install/mg400_msgs/include/mg400_msgs/mg400_msgs/srv/inverse_solution.h
-- Up-to-date symlink: /root/ros2_ws/install/mg400_msgs/include/mg400_msgs/mg400_msgs/srv/joint_mov_j.h
-- Up-to-date symlink: /root/ros2_ws/install/mg400_msgs/include/mg400_msgs/mg400_msgs/srv/move_jog.h
-- Up-to-date symlink: /root/ros2_ws/install/mg400_msgs/include/mg400_msgs/mg400_msgs/srv/pay_load.h
-- Up-to-date symlink: /root/ros2_ws/install/mg400_msgs/include/mg400_msgs/mg400_msgs/srv/positive_solution.h
-- Up-to-date symlink: /root/ros2_ws/install/mg400_msgs/include/mg400_msgs/mg400_msgs/srv/reset_robot.h
-- Up-to-date symlink: /root/ros2_ws/install/mg400_msgs/include/mg400_msgs/mg400_msgs/srv/robot_mode.h
-- Up-to-date symlink: /root/ros2_ws/install/mg400_msgs/include/mg400_msgs/mg400_msgs/srv/set_collision_level.h
-- Up-to-date symlink: /root/ros2_ws/install/mg400_msgs/include/mg400_msgs/mg400_msgs/srv/speed_factor.h
-- Up-to-date symlink: /root/ros2_ws/install/mg400_msgs/include/mg400_msgs/mg400_msgs/srv/speed_j.h
-- Up-to-date symlink: /root/ros2_ws/install/mg400_msgs/include/mg400_msgs/mg400_msgs/srv/speed_l.h
-- Up-to-date symlink: /root/ros2_ws/install/mg400_msgs/include/mg400_msgs/mg400_msgs/srv/tool.h
-- Up-to-date symlink: /root/ros2_ws/install/mg400_msgs/include/mg400_msgs/mg400_msgs/srv/tool_di.h
-- Up-to-date symlink: /root/ros2_ws/install/mg400_msgs/include/mg400_msgs/mg400_msgs/srv/tool_do_execute.h
-- Up-to-date symlink: /root/ros2_ws/install/mg400_msgs/include/mg400_msgs/mg400_msgs/srv/user.h
-- Up-to-date symlink: /root/ros2_ws/install/mg400_msgs/share/mg400_msgs/environment/library_path.sh
-- Up-to-date symlink: /root/ros2_ws/install/mg400_msgs/share/mg400_msgs/environment/library_path.dsv
-- Up-to-date symlink: /root/ros2_ws/install/mg400_msgs/include/mg400_msgs/mg400_msgs/action/detail/command_queue__rosidl_typesupport_fastrtps_c.h
-- Up-to-date symlink: /root/ros2_ws/install/mg400_msgs/include/mg400_msgs/mg400_msgs/action/detail/joint_mov_j__rosidl_typesupport_fastrtps_c.h
-- Up-to-date symlink: /root/ros2_ws/install/mg400_msgs/include/mg400_msgs/mg400_msgs/action/detail/mov_j__rosidl_typesupport_fastrtps_c.h
-- Up-to-date symlink: /root/ros2_ws/install/mg400_msgs/include/mg400_msgs/mg400_msgs/action/detail/mov_jio__rosidl_typesupport_fastrtps_c.h
-- Up-to-date symlink: /root/ros2_ws/install/mg400_msgs/include/mg400_msgs/mg400_msgs/action/detail/mov_l__rosidl_typesupport_fastrtps_c.h
-- Up-to-date symlink: /root/ros2_ws/install/mg400_msgs/include/mg400_msgs/mg400_msgs/action/detail/mov_lio__rosidl_typesupport_fastrtps_c.h
-- Up-to-date symlink: /root/ros2_ws/install/mg400_msgs/include/mg400_msgs/mg400_msgs/msg/detail/arch__rosidl_typesupport_fastrtps_c.h
-- Up-to-date symlink: /root/ros2_ws/install/mg400_msgs/include/mg400_msgs/mg400_msgs/msg/detail/collision_level__rosidl_typesupport_fastrtps_c.h
-- Up-to-date symlink: /root/ros2_ws/install/mg400_msgs/include/mg400_msgs/mg400_msgs/msg/detail/command__rosidl_typesupport_fastrtps_c.h
-- Up-to-date symlink: /root/ros2_ws/install/mg400_msgs/include/mg400_msgs/mg400_msgs/msg/detail/di_index__rosidl_typesupport_fastrtps_c.h
-- Up-to-date symlink: /root/ros2_ws/install/mg400_msgs/include/mg400_msgs/mg400_msgs/msg/detail/distance_mode__rosidl_typesupport_fastrtps_c.h
-- Up-to-date symlink: /root/ros2_ws/install/mg400_msgs/include/mg400_msgs/mg400_msgs/msg/detail/do_index__rosidl_typesupport_fastrtps_c.h
-- Up-to-date symlink: /root/ros2_ws/install/mg400_msgs/include/mg400_msgs/mg400_msgs/msg/detail/do_status__rosidl_typesupport_fastrtps_c.h
-- Up-to-date symlink: /root/ros2_ws/install/mg400_msgs/include/mg400_msgs/mg400_msgs/msg/detail/error_id__rosidl_typesupport_fastrtps_c.h
-- Up-to-date symlink: /root/ros2_ws/install/mg400_msgs/include/mg400_msgs/mg400_msgs/msg/detail/id_array__rosidl_typesupport_fastrtps_c.h
-- Up-to-date symlink: /root/ros2_ws/install/mg400_msgs/include/mg400_msgs/mg400_msgs/msg/detail/joint_mov_j__rosidl_typesupport_fastrtps_c.h
-- Up-to-date symlink: /root/ros2_ws/install/mg400_msgs/include/mg400_msgs/mg400_msgs/msg/detail/mov_j__rosidl_typesupport_fastrtps_c.h
-- Up-to-date symlink: /root/ros2_ws/install/mg400_msgs/include/mg400_msgs/mg400_msgs/msg/detail/mov_jio__rosidl_typesupport_fastrtps_c.h
-- Up-to-date symlink: /root/ros2_ws/install/mg400_msgs/include/mg400_msgs/mg400_msgs/msg/detail/mov_l__rosidl_typesupport_fastrtps_c.h
-- Up-to-date symlink: /root/ros2_ws/install/mg400_msgs/include/mg400_msgs/mg400_msgs/msg/detail/mov_lio__rosidl_typesupport_fastrtps_c.h
-- Up-to-date symlink: /root/ros2_ws/install/mg400_msgs/include/mg400_msgs/mg400_msgs/msg/detail/move_jog__rosidl_typesupport_fastrtps_c.h
-- Up-to-date symlink: /root/ros2_ws/install/mg400_msgs/include/mg400_msgs/mg400_msgs/msg/detail/robot_mode__rosidl_typesupport_fastrtps_c.h
-- Up-to-date symlink: /root/ros2_ws/install/mg400_msgs/include/mg400_msgs/mg400_msgs/msg/detail/tool__rosidl_typesupport_fastrtps_c.h
-- Up-to-date symlink: /root/ros2_ws/install/mg400_msgs/include/mg400_msgs/mg400_msgs/msg/detail/tool_di_index__rosidl_typesupport_fastrtps_c.h
-- Up-to-date symlink: /root/ros2_ws/install/mg400_msgs/include/mg400_msgs/mg400_msgs/msg/detail/tool_do_index__rosidl_typesupport_fastrtps_c.h
-- Up-to-date symlink: /root/ros2_ws/install/mg400_msgs/include/mg400_msgs/mg400_msgs/msg/detail/user__rosidl_typesupport_fastrtps_c.h
-- Up-to-date symlink: /root/ros2_ws/install/mg400_msgs/include/mg400_msgs/mg400_msgs/msg/rosidl_typesupport_fastrtps_c__visibility_control.h
-- Up-to-date symlink: /root/ros2_ws/install/mg400_msgs/include/mg400_msgs/mg400_msgs/srv/detail/acc_j__rosidl_typesupport_fastrtps_c.h
-- Up-to-date symlink: /root/ros2_ws/install/mg400_msgs/include/mg400_msgs/mg400_msgs/srv/detail/acc_l__rosidl_typesupport_fastrtps_c.h
-- Up-to-date symlink: /root/ros2_ws/install/mg400_msgs/include/mg400_msgs/mg400_msgs/srv/detail/arch__rosidl_typesupport_fastrtps_c.h
-- Up-to-date symlink: /root/ros2_ws/install/mg400_msgs/include/mg400_msgs/mg400_msgs/srv/detail/clear_error__rosidl_typesupport_fastrtps_c.h
-- Up-to-date symlink: /root/ros2_ws/install/mg400_msgs/include/mg400_msgs/mg400_msgs/srv/detail/cp__rosidl_typesupport_fastrtps_c.h
-- Up-to-date symlink: /root/ros2_ws/install/mg400_msgs/include/mg400_msgs/mg400_msgs/srv/detail/di__rosidl_typesupport_fastrtps_c.h
-- Up-to-date symlink: /root/ros2_ws/install/mg400_msgs/include/mg400_msgs/mg400_msgs/srv/detail/disable_robot__rosidl_typesupport_fastrtps_c.h
-- Up-to-date symlink: /root/ros2_ws/install/mg400_msgs/include/mg400_msgs/mg400_msgs/srv/detail/do__rosidl_typesupport_fastrtps_c.h
-- Up-to-date symlink: /root/ros2_ws/install/mg400_msgs/include/mg400_msgs/mg400_msgs/srv/detail/emergency_stop__rosidl_typesupport_fastrtps_c.h
-- Up-to-date symlink: /root/ros2_ws/install/mg400_msgs/include/mg400_msgs/mg400_msgs/srv/detail/enable_robot__rosidl_typesupport_fastrtps_c.h
-- Up-to-date symlink: /root/ros2_ws/install/mg400_msgs/include/mg400_msgs/mg400_msgs/srv/detail/get_angle__rosidl_typesupport_fastrtps_c.h
-- Up-to-date symlink: /root/ros2_ws/install/mg400_msgs/include/mg400_msgs/mg400_msgs/srv/detail/get_error_id__rosidl_typesupport_fastrtps_c.h
-- Up-to-date symlink: /root/ros2_ws/install/mg400_msgs/include/mg400_msgs/mg400_msgs/srv/detail/get_pose__rosidl_typesupport_fastrtps_c.h
-- Up-to-date symlink: /root/ros2_ws/install/mg400_msgs/include/mg400_msgs/mg400_msgs/srv/detail/inverse_solution__rosidl_typesupport_fastrtps_c.h
-- Up-to-date symlink: /root/ros2_ws/install/mg400_msgs/include/mg400_msgs/mg400_msgs/srv/detail/joint_mov_j__rosidl_typesupport_fastrtps_c.h
-- Up-to-date symlink: /root/ros2_ws/install/mg400_msgs/include/mg400_msgs/mg400_msgs/srv/detail/move_jog__rosidl_typesupport_fastrtps_c.h
-- Up-to-date symlink: /root/ros2_ws/install/mg400_msgs/include/mg400_msgs/mg400_msgs/srv/detail/pay_load__rosidl_typesupport_fastrtps_c.h
-- Up-to-date symlink: /root/ros2_ws/install/mg400_msgs/include/mg400_msgs/mg400_msgs/srv/detail/positive_solution__rosidl_typesupport_fastrtps_c.h
-- Up-to-date symlink: /root/ros2_ws/install/mg400_msgs/include/mg400_msgs/mg400_msgs/srv/detail/reset_robot__rosidl_typesupport_fastrtps_c.h
-- Up-to-date symlink: /root/ros2_ws/install/mg400_msgs/include/mg400_msgs/mg400_msgs/srv/detail/robot_mode__rosidl_typesupport_fastrtps_c.h
-- Up-to-date symlink: /root/ros2_ws/install/mg400_msgs/include/mg400_msgs/mg400_msgs/srv/detail/set_collision_level__rosidl_typesupport_fastrtps_c.h
-- Up-to-date symlink: /root/ros2_ws/install/mg400_msgs/include/mg400_msgs/mg400_msgs/srv/detail/speed_factor__rosidl_typesupport_fastrtps_c.h
-- Up-to-date symlink: /root/ros2_ws/install/mg400_msgs/include/mg400_msgs/mg400_msgs/srv/detail/speed_j__rosidl_typesupport_fastrtps_c.h
-- Up-to-date symlink: /root/ros2_ws/install/mg400_msgs/include/mg400_msgs/mg400_msgs/srv/detail/speed_l__rosidl_typesupport_fastrtps_c.h
-- Up-to-date symlink: /root/ros2_ws/install/mg400_msgs/include/mg400_msgs/mg400_msgs/srv/detail/tool__rosidl_typesupport_fastrtps_c.h
-- Up-to-date symlink: /root/ros2_ws/install/mg400_msgs/include/mg400_msgs/mg400_msgs/srv/detail/tool_di__rosidl_typesupport_fastrtps_c.h
-- Up-to-date symlink: /root/ros2_ws/install/mg400_msgs/include/mg400_msgs/mg400_msgs/srv/detail/tool_do_execute__rosidl_typesupport_fastrtps_c.h
-- Up-to-date symlink: /root/ros2_ws/install/mg400_msgs/include/mg400_msgs/mg400_msgs/srv/detail/user__rosidl_typesupport_fastrtps_c.h
-- Up-to-date symlink: /root/ros2_ws/install/mg400_msgs/include/mg400_msgs/mg400_msgs/action/command_queue.hpp
-- Up-to-date symlink: /root/ros2_ws/install/mg400_msgs/include/mg400_msgs/mg400_msgs/action/detail/command_queue__builder.hpp
-- Up-to-date symlink: /root/ros2_ws/install/mg400_msgs/include/mg400_msgs/mg400_msgs/action/detail/command_queue__struct.hpp
-- Up-to-date symlink: /root/ros2_ws/install/mg400_msgs/include/mg400_msgs/mg400_msgs/action/detail/command_queue__traits.hpp
-- Up-to-date symlink: /root/ros2_ws/install/mg400_msgs/include/mg400_msgs/mg400_msgs/action/detail/command_queue__type_support.hpp
-- Up-to-date symlink: /root/ros2_ws/install/mg400_msgs/include/mg400_msgs/mg400_msgs/action/detail/joint_mov_j__builder.hpp
-- Up-to-date symlink: /root/ros2_ws/install/mg400_msgs/include/mg400_msgs/mg400_msgs/action/detail/joint_mov_j__struct.hpp
-- Up-to-date symlink: /root/ros2_ws/install/mg400_msgs/include/mg400_msgs/mg400_msgs/action/detail/joint_mov_j__traits.hpp
-- Up-to-date symlink: /root/ros2_ws/install/mg400_msgs/include/mg400_msgs/mg400_msgs/action/detail/joint_mov_j__type_support.hpp
-- Up-to-date symlink: /root/ros2_ws/install/mg400_msgs/include/mg400_msgs/mg400_msgs/action/detail/mov_j__builder.hpp
-- Up-to-date symlink: /root/ros2_ws/install/mg400_msgs/include/mg400_msgs/mg400_msgs/action/detail/mov_j__struct.hpp
-- Up-to-date symlink: /root/ros2_ws/install/mg400_msgs/include/mg400_msgs/mg400_msgs/action/detail/mov_j__traits.hpp
-- Up-to-date symlink: /root/ros2_ws/install/mg400_msgs/include/mg400_msgs/mg400_msgs/action/detail/mov_j__type_support.hpp
-- Up-to-date symlink: /root/ros2_ws/install/mg400_msgs/include/mg400_msgs/mg400_msgs/action/detail/mov_jio__builder.hpp
-- Up-to-date symlink: /root/ros2_ws/install/mg400_msgs/include/mg400_msgs/mg400_msgs/action/detail/mov_jio__struct.hpp
-- Up-to-date symlink: /root/ros2_ws/install/mg400_msgs/include/mg400_msgs/mg400_msgs/action/detail/mov_jio__traits.hpp
-- Up-to-date symlink: /root/ros2_ws/install/mg400_msgs/include/mg400_msgs/mg400_msgs/action/detail/mov_jio__type_support.hpp
-- Up-to-date symlink: /root/ros2_ws/install/mg400_msgs/include/mg400_msgs/mg400_msgs/action/detail/mov_l__builder.hpp
-- Up-to-date symlink: /root/ros2_ws/install/mg400_msgs/include/mg400_msgs/mg400_msgs/action/detail/mov_l__struct.hpp
-- Up-to-date symlink: /root/ros2_ws/install/mg400_msgs/include/mg400_msgs/mg400_msgs/action/detail/mov_l__traits.hpp
-- Up-to-date symlink: /root/ros2_ws/install/mg400_msgs/include/mg400_msgs/mg400_msgs/action/detail/mov_l__type_support.hpp
-- Up-to-date symlink: /root/ros2_ws/install/mg400_msgs/include/mg400_msgs/mg400_msgs/action/detail/mov_lio__builder.hpp
-- Up-to-date symlink: /root/ros2_ws/install/mg400_msgs/include/mg400_msgs/mg400_msgs/action/detail/mov_lio__struct.hpp
-- Up-to-date symlink: /root/ros2_ws/install/mg400_msgs/include/mg400_msgs/mg400_msgs/action/detail/mov_lio__traits.hpp
-- Up-to-date symlink: /root/ros2_ws/install/mg400_msgs/include/mg400_msgs/mg400_msgs/action/detail/mov_lio__type_support.hpp
-- Up-to-date symlink: /root/ros2_ws/install/mg400_msgs/include/mg400_msgs/mg400_msgs/action/joint_mov_j.hpp
-- Up-to-date symlink: /root/ros2_ws/install/mg400_msgs/include/mg400_msgs/mg400_msgs/action/mov_j.hpp
-- Up-to-date symlink: /root/ros2_ws/install/mg400_msgs/include/mg400_msgs/mg400_msgs/action/mov_jio.hpp
-- Up-to-date symlink: /root/ros2_ws/install/mg400_msgs/include/mg400_msgs/mg400_msgs/action/mov_l.hpp
-- Up-to-date symlink: /root/ros2_ws/install/mg400_msgs/include/mg400_msgs/mg400_msgs/action/mov_lio.hpp
-- Up-to-date symlink: /root/ros2_ws/install/mg400_msgs/include/mg400_msgs/mg400_msgs/msg/arch.hpp
-- Up-to-date symlink: /root/ros2_ws/install/mg400_msgs/include/mg400_msgs/mg400_msgs/msg/collision_level.hpp
-- Up-to-date symlink: /root/ros2_ws/install/mg400_msgs/include/mg400_msgs/mg400_msgs/msg/command.hpp
-- Up-to-date symlink: /root/ros2_ws/install/mg400_msgs/include/mg400_msgs/mg400_msgs/msg/detail/arch__builder.hpp
-- Up-to-date symlink: /root/ros2_ws/install/mg400_msgs/include/mg400_msgs/mg400_msgs/msg/detail/arch__struct.hpp
-- Up-to-date symlink: /root/ros2_ws/install/mg400_msgs/include/mg400_msgs/mg400_msgs/msg/detail/arch__traits.hpp
-- Up-to-date symlink: /root/ros2_ws/install/mg400_msgs/include/mg400_msgs/mg400_msgs/msg/detail/arch__type_support.hpp
-- Up-to-date symlink: /root/ros2_ws/install/mg400_msgs/include/mg400_msgs/mg400_msgs/msg/detail/collision_level__builder.hpp
-- Up-to-date symlink: /root/ros2_ws/install/mg400_msgs/include/mg400_msgs/mg400_msgs/msg/detail/collision_level__struct.hpp
-- Up-to-date symlink: /root/ros2_ws/install/mg400_msgs/include/mg400_msgs/mg400_msgs/msg/detail/collision_level__traits.hpp
-- Up-to-date symlink: /root/ros2_ws/install/mg400_msgs/include/mg400_msgs/mg400_msgs/msg/detail/collision_level__type_support.hpp
-- Up-to-date symlink: /root/ros2_ws/install/mg400_msgs/include/mg400_msgs/mg400_msgs/msg/detail/command__builder.hpp
-- Up-to-date symlink: /root/ros2_ws/install/mg400_msgs/include/mg400_msgs/mg400_msgs/msg/detail/command__struct.hpp
-- Up-to-date symlink: /root/ros2_ws/install/mg400_msgs/include/mg400_msgs/mg400_msgs/msg/detail/command__traits.hpp
-- Up-to-date symlink: /root/ros2_ws/install/mg400_msgs/include/mg400_msgs/mg400_msgs/msg/detail/command__type_support.hpp
-- Up-to-date symlink: /root/ros2_ws/install/mg400_msgs/include/mg400_msgs/mg400_msgs/msg/detail/di_index__builder.hpp
-- Up-to-date symlink: /root/ros2_ws/install/mg400_msgs/include/mg400_msgs/mg400_msgs/msg/detail/di_index__struct.hpp
-- Up-to-date symlink: /root/ros2_ws/install/mg400_msgs/include/mg400_msgs/mg400_msgs/msg/detail/di_index__traits.hpp
-- Up-to-date symlink: /root/ros2_ws/install/mg400_msgs/include/mg400_msgs/mg400_msgs/msg/detail/di_index__type_support.hpp
-- Up-to-date symlink: /root/ros2_ws/install/mg400_msgs/include/mg400_msgs/mg400_msgs/msg/detail/distance_mode__builder.hpp
-- Up-to-date symlink: /root/ros2_ws/install/mg400_msgs/include/mg400_msgs/mg400_msgs/msg/detail/distance_mode__struct.hpp
-- Up-to-date symlink: /root/ros2_ws/install/mg400_msgs/include/mg400_msgs/mg400_msgs/msg/detail/distance_mode__traits.hpp
-- Up-to-date symlink: /root/ros2_ws/install/mg400_msgs/include/mg400_msgs/mg400_msgs/msg/detail/distance_mode__type_support.hpp
-- Up-to-date symlink: /root/ros2_ws/install/mg400_msgs/include/mg400_msgs/mg400_msgs/msg/detail/do_index__builder.hpp
-- Up-to-date symlink: /root/ros2_ws/install/mg400_msgs/include/mg400_msgs/mg400_msgs/msg/detail/do_index__struct.hpp
-- Up-to-date symlink: /root/ros2_ws/install/mg400_msgs/include/mg400_msgs/mg400_msgs/msg/detail/do_index__traits.hpp
-- Up-to-date symlink: /root/ros2_ws/install/mg400_msgs/include/mg400_msgs/mg400_msgs/msg/detail/do_index__type_support.hpp
-- Up-to-date symlink: /root/ros2_ws/install/mg400_msgs/include/mg400_msgs/mg400_msgs/msg/detail/do_status__builder.hpp
-- Up-to-date symlink: /root/ros2_ws/install/mg400_msgs/include/mg400_msgs/mg400_msgs/msg/detail/do_status__struct.hpp
-- Up-to-date symlink: /root/ros2_ws/install/mg400_msgs/include/mg400_msgs/mg400_msgs/msg/detail/do_status__traits.hpp
-- Up-to-date symlink: /root/ros2_ws/install/mg400_msgs/include/mg400_msgs/mg400_msgs/msg/detail/do_status__type_support.hpp
-- Up-to-date symlink: /root/ros2_ws/install/mg400_msgs/include/mg400_msgs/mg400_msgs/msg/detail/error_id__builder.hpp
-- Up-to-date symlink: /root/ros2_ws/install/mg400_msgs/include/mg400_msgs/mg400_msgs/msg/detail/error_id__struct.hpp
-- Up-to-date symlink: /root/ros2_ws/install/mg400_msgs/include/mg400_msgs/mg400_msgs/msg/detail/error_id__traits.hpp
-- Up-to-date symlink: /root/ros2_ws/install/mg400_msgs/include/mg400_msgs/mg400_msgs/msg/detail/error_id__type_support.hpp
-- Up-to-date symlink: /root/ros2_ws/install/mg400_msgs/include/mg400_msgs/mg400_msgs/msg/detail/id_array__builder.hpp
-- Up-to-date symlink: /root/ros2_ws/install/mg400_msgs/include/mg400_msgs/mg400_msgs/msg/detail/id_array__struct.hpp
-- Up-to-date symlink: /root/ros2_ws/install/mg400_msgs/include/mg400_msgs/mg400_msgs/msg/detail/id_array__traits.hpp
-- Up-to-date symlink: /root/ros2_ws/install/mg400_msgs/include/mg400_msgs/mg400_msgs/msg/detail/id_array__type_support.hpp
-- Up-to-date symlink: /root/ros2_ws/install/mg400_msgs/include/mg400_msgs/mg400_msgs/msg/detail/joint_mov_j__builder.hpp
-- Up-to-date symlink: /root/ros2_ws/install/mg400_msgs/include/mg400_msgs/mg400_msgs/msg/detail/joint_mov_j__struct.hpp
-- Up-to-date symlink: /root/ros2_ws/install/mg400_msgs/include/mg400_msgs/mg400_msgs/msg/detail/joint_mov_j__traits.hpp
-- Up-to-date symlink: /root/ros2_ws/install/mg400_msgs/include/mg400_msgs/mg400_msgs/msg/detail/joint_mov_j__type_support.hpp
-- Up-to-date symlink: /root/ros2_ws/install/mg400_msgs/include/mg400_msgs/mg400_msgs/msg/detail/mov_j__builder.hpp
-- Up-to-date symlink: /root/ros2_ws/install/mg400_msgs/include/mg400_msgs/mg400_msgs/msg/detail/mov_j__struct.hpp
-- Up-to-date symlink: /root/ros2_ws/install/mg400_msgs/include/mg400_msgs/mg400_msgs/msg/detail/mov_j__traits.hpp
-- Up-to-date symlink: /root/ros2_ws/install/mg400_msgs/include/mg400_msgs/mg400_msgs/msg/detail/mov_j__type_support.hpp
-- Up-to-date symlink: /root/ros2_ws/install/mg400_msgs/include/mg400_msgs/mg400_msgs/msg/detail/mov_jio__builder.hpp
-- Up-to-date symlink: /root/ros2_ws/install/mg400_msgs/include/mg400_msgs/mg400_msgs/msg/detail/mov_jio__struct.hpp
-- Up-to-date symlink: /root/ros2_ws/install/mg400_msgs/include/mg400_msgs/mg400_msgs/msg/detail/mov_jio__traits.hpp
-- Up-to-date symlink: /root/ros2_ws/install/mg400_msgs/include/mg400_msgs/mg400_msgs/msg/detail/mov_jio__type_support.hpp
-- Up-to-date symlink: /root/ros2_ws/install/mg400_msgs/include/mg400_msgs/mg400_msgs/msg/detail/mov_l__builder.hpp
-- Up-to-date symlink: /root/ros2_ws/install/mg400_msgs/include/mg400_msgs/mg400_msgs/msg/detail/mov_l__struct.hpp
-- Up-to-date symlink: /root/ros2_ws/install/mg400_msgs/include/mg400_msgs/mg400_msgs/msg/detail/mov_l__traits.hpp
-- Up-to-date symlink: /root/ros2_ws/install/mg400_msgs/include/mg400_msgs/mg400_msgs/msg/detail/mov_l__type_support.hpp
-- Up-to-date symlink: /root/ros2_ws/install/mg400_msgs/include/mg400_msgs/mg400_msgs/msg/detail/mov_lio__builder.hpp
-- Up-to-date symlink: /root/ros2_ws/install/mg400_msgs/include/mg400_msgs/mg400_msgs/msg/detail/mov_lio__struct.hpp
-- Up-to-date symlink: /root/ros2_ws/install/mg400_msgs/include/mg400_msgs/mg400_msgs/msg/detail/mov_lio__traits.hpp
-- Up-to-date symlink: /root/ros2_ws/install/mg400_msgs/include/mg400_msgs/mg400_msgs/msg/detail/mov_lio__type_support.hpp
-- Up-to-date symlink: /root/ros2_ws/install/mg400_msgs/include/mg400_msgs/mg400_msgs/msg/detail/move_jog__builder.hpp
-- Up-to-date symlink: /root/ros2_ws/install/mg400_msgs/include/mg400_msgs/mg400_msgs/msg/detail/move_jog__struct.hpp
-- Up-to-date symlink: /root/ros2_ws/install/mg400_msgs/include/mg400_msgs/mg400_msgs/msg/detail/move_jog__traits.hpp
-- Up-to-date symlink: /root/ros2_ws/install/mg400_msgs/include/mg400_msgs/mg400_msgs/msg/detail/move_jog__type_support.hpp
-- Up-to-date symlink: /root/ros2_ws/install/mg400_msgs/include/mg400_msgs/mg400_msgs/msg/detail/robot_mode__builder.hpp
-- Up-to-date symlink: /root/ros2_ws/install/mg400_msgs/include/mg400_msgs/mg400_msgs/msg/detail/robot_mode__struct.hpp
-- Up-to-date symlink: /root/ros2_ws/install/mg400_msgs/include/mg400_msgs/mg400_msgs/msg/detail/robot_mode__traits.hpp
-- Up-to-date symlink: /root/ros2_ws/install/mg400_msgs/include/mg400_msgs/mg400_msgs/msg/detail/robot_mode__type_support.hpp
-- Up-to-date symlink: /root/ros2_ws/install/mg400_msgs/include/mg400_msgs/mg400_msgs/msg/detail/tool__builder.hpp
-- Up-to-date symlink: /root/ros2_ws/install/mg400_msgs/include/mg400_msgs/mg400_msgs/msg/detail/tool__struct.hpp
-- Up-to-date symlink: /root/ros2_ws/install/mg400_msgs/include/mg400_msgs/mg400_msgs/msg/detail/tool__traits.hpp
-- Up-to-date symlink: /root/ros2_ws/install/mg400_msgs/include/mg400_msgs/mg400_msgs/msg/detail/tool__type_support.hpp
-- Up-to-date symlink: /root/ros2_ws/install/mg400_msgs/include/mg400_msgs/mg400_msgs/msg/detail/tool_di_index__builder.hpp
-- Up-to-date symlink: /root/ros2_ws/install/mg400_msgs/include/mg400_msgs/mg400_msgs/msg/detail/tool_di_index__struct.hpp
-- Up-to-date symlink: /root/ros2_ws/install/mg400_msgs/include/mg400_msgs/mg400_msgs/msg/detail/tool_di_index__traits.hpp
-- Up-to-date symlink: /root/ros2_ws/install/mg400_msgs/include/mg400_msgs/mg400_msgs/msg/detail/tool_di_index__type_support.hpp
-- Up-to-date symlink: /root/ros2_ws/install/mg400_msgs/include/mg400_msgs/mg400_msgs/msg/detail/tool_do_index__builder.hpp
-- Up-to-date symlink: /root/ros2_ws/install/mg400_msgs/include/mg400_msgs/mg400_msgs/msg/detail/tool_do_index__struct.hpp
-- Up-to-date symlink: /root/ros2_ws/install/mg400_msgs/include/mg400_msgs/mg400_msgs/msg/detail/tool_do_index__traits.hpp
-- Up-to-date symlink: /root/ros2_ws/install/mg400_msgs/include/mg400_msgs/mg400_msgs/msg/detail/tool_do_index__type_support.hpp
-- Up-to-date symlink: /root/ros2_ws/install/mg400_msgs/include/mg400_msgs/mg400_msgs/msg/detail/user__builder.hpp
-- Up-to-date symlink: /root/ros2_ws/install/mg400_msgs/include/mg400_msgs/mg400_msgs/msg/detail/user__struct.hpp
-- Up-to-date symlink: /root/ros2_ws/install/mg400_msgs/include/mg400_msgs/mg400_msgs/msg/detail/user__traits.hpp
-- Up-to-date symlink: /root/ros2_ws/install/mg400_msgs/include/mg400_msgs/mg400_msgs/msg/detail/user__type_support.hpp
-- Up-to-date symlink: /root/ros2_ws/install/mg400_msgs/include/mg400_msgs/mg400_msgs/msg/di_index.hpp
-- Up-to-date symlink: /root/ros2_ws/install/mg400_msgs/include/mg400_msgs/mg400_msgs/msg/distance_mode.hpp
-- Up-to-date symlink: /root/ros2_ws/install/mg400_msgs/include/mg400_msgs/mg400_msgs/msg/do_index.hpp
-- Up-to-date symlink: /root/ros2_ws/install/mg400_msgs/include/mg400_msgs/mg400_msgs/msg/do_status.hpp
-- Up-to-date symlink: /root/ros2_ws/install/mg400_msgs/include/mg400_msgs/mg400_msgs/msg/error_id.hpp
-- Up-to-date symlink: /root/ros2_ws/install/mg400_msgs/include/mg400_msgs/mg400_msgs/msg/id_array.hpp
-- Up-to-date symlink: /root/ros2_ws/install/mg400_msgs/include/mg400_msgs/mg400_msgs/msg/joint_mov_j.hpp
-- Up-to-date symlink: /root/ros2_ws/install/mg400_msgs/include/mg400_msgs/mg400_msgs/msg/mov_j.hpp
-- Up-to-date symlink: /root/ros2_ws/install/mg400_msgs/include/mg400_msgs/mg400_msgs/msg/mov_jio.hpp
-- Up-to-date symlink: /root/ros2_ws/install/mg400_msgs/include/mg400_msgs/mg400_msgs/msg/mov_l.hpp
-- Up-to-date symlink: /root/ros2_ws/install/mg400_msgs/include/mg400_msgs/mg400_msgs/msg/mov_lio.hpp
-- Up-to-date symlink: /root/ros2_ws/install/mg400_msgs/include/mg400_msgs/mg400_msgs/msg/move_jog.hpp
-- Up-to-date symlink: /root/ros2_ws/install/mg400_msgs/include/mg400_msgs/mg400_msgs/msg/robot_mode.hpp
-- Up-to-date symlink: /root/ros2_ws/install/mg400_msgs/include/mg400_msgs/mg400_msgs/msg/rosidl_generator_cpp__visibility_control.hpp
-- Up-to-date symlink: /root/ros2_ws/install/mg400_msgs/include/mg400_msgs/mg400_msgs/msg/tool.hpp
-- Up-to-date symlink: /root/ros2_ws/install/mg400_msgs/include/mg400_msgs/mg400_msgs/msg/tool_di_index.hpp
-- Up-to-date symlink: /root/ros2_ws/install/mg400_msgs/include/mg400_msgs/mg400_msgs/msg/tool_do_index.hpp
-- Up-to-date symlink: /root/ros2_ws/install/mg400_msgs/include/mg400_msgs/mg400_msgs/msg/user.hpp
-- Up-to-date symlink: /root/ros2_ws/install/mg400_msgs/include/mg400_msgs/mg400_msgs/srv/acc_j.hpp
-- Up-to-date symlink: /root/ros2_ws/install/mg400_msgs/include/mg400_msgs/mg400_msgs/srv/acc_l.hpp
-- Up-to-date symlink: /root/ros2_ws/install/mg400_msgs/include/mg400_msgs/mg400_msgs/srv/arch.hpp
-- Up-to-date symlink: /root/ros2_ws/install/mg400_msgs/include/mg400_msgs/mg400_msgs/srv/clear_error.hpp
-- Up-to-date symlink: /root/ros2_ws/install/mg400_msgs/include/mg400_msgs/mg400_msgs/srv/cp.hpp
-- Up-to-date symlink: /root/ros2_ws/install/mg400_msgs/include/mg400_msgs/mg400_msgs/srv/detail/acc_j__builder.hpp
-- Up-to-date symlink: /root/ros2_ws/install/mg400_msgs/include/mg400_msgs/mg400_msgs/srv/detail/acc_j__struct.hpp
-- Up-to-date symlink: /root/ros2_ws/install/mg400_msgs/include/mg400_msgs/mg400_msgs/srv/detail/acc_j__traits.hpp
-- Up-to-date symlink: /root/ros2_ws/install/mg400_msgs/include/mg400_msgs/mg400_msgs/srv/detail/acc_j__type_support.hpp
-- Up-to-date symlink: /root/ros2_ws/install/mg400_msgs/include/mg400_msgs/mg400_msgs/srv/detail/acc_l__builder.hpp
-- Up-to-date symlink: /root/ros2_ws/install/mg400_msgs/include/mg400_msgs/mg400_msgs/srv/detail/acc_l__struct.hpp
-- Up-to-date symlink: /root/ros2_ws/install/mg400_msgs/include/mg400_msgs/mg400_msgs/srv/detail/acc_l__traits.hpp
-- Up-to-date symlink: /root/ros2_ws/install/mg400_msgs/include/mg400_msgs/mg400_msgs/srv/detail/acc_l__type_support.hpp
-- Up-to-date symlink: /root/ros2_ws/install/mg400_msgs/include/mg400_msgs/mg400_msgs/srv/detail/arch__builder.hpp
-- Up-to-date symlink: /root/ros2_ws/install/mg400_msgs/include/mg400_msgs/mg400_msgs/srv/detail/arch__struct.hpp
-- Up-to-date symlink: /root/ros2_ws/install/mg400_msgs/include/mg400_msgs/mg400_msgs/srv/detail/arch__traits.hpp
-- Up-to-date symlink: /root/ros2_ws/install/mg400_msgs/include/mg400_msgs/mg400_msgs/srv/detail/arch__type_support.hpp
-- Up-to-date symlink: /root/ros2_ws/install/mg400_msgs/include/mg400_msgs/mg400_msgs/srv/detail/clear_error__builder.hpp
-- Up-to-date symlink: /root/ros2_ws/install/mg400_msgs/include/mg400_msgs/mg400_msgs/srv/detail/clear_error__struct.hpp
-- Up-to-date symlink: /root/ros2_ws/install/mg400_msgs/include/mg400_msgs/mg400_msgs/srv/detail/clear_error__traits.hpp
-- Up-to-date symlink: /root/ros2_ws/install/mg400_msgs/include/mg400_msgs/mg400_msgs/srv/detail/clear_error__type_support.hpp
-- Up-to-date symlink: /root/ros2_ws/install/mg400_msgs/include/mg400_msgs/mg400_msgs/srv/detail/cp__builder.hpp
-- Up-to-date symlink: /root/ros2_ws/install/mg400_msgs/include/mg400_msgs/mg400_msgs/srv/detail/cp__struct.hpp
-- Up-to-date symlink: /root/ros2_ws/install/mg400_msgs/include/mg400_msgs/mg400_msgs/srv/detail/cp__traits.hpp
-- Up-to-date symlink: /root/ros2_ws/install/mg400_msgs/include/mg400_msgs/mg400_msgs/srv/detail/cp__type_support.hpp
-- Up-to-date symlink: /root/ros2_ws/install/mg400_msgs/include/mg400_msgs/mg400_msgs/srv/detail/di__builder.hpp
-- Up-to-date symlink: /root/ros2_ws/install/mg400_msgs/include/mg400_msgs/mg400_msgs/srv/detail/di__struct.hpp
-- Up-to-date symlink: /root/ros2_ws/install/mg400_msgs/include/mg400_msgs/mg400_msgs/srv/detail/di__traits.hpp
-- Up-to-date symlink: /root/ros2_ws/install/mg400_msgs/include/mg400_msgs/mg400_msgs/srv/detail/di__type_support.hpp
-- Up-to-date symlink: /root/ros2_ws/install/mg400_msgs/include/mg400_msgs/mg400_msgs/srv/detail/disable_robot__builder.hpp
-- Up-to-date symlink: /root/ros2_ws/install/mg400_msgs/include/mg400_msgs/mg400_msgs/srv/detail/disable_robot__struct.hpp
-- Up-to-date symlink: /root/ros2_ws/install/mg400_msgs/include/mg400_msgs/mg400_msgs/srv/detail/disable_robot__traits.hpp
-- Up-to-date symlink: /root/ros2_ws/install/mg400_msgs/include/mg400_msgs/mg400_msgs/srv/detail/disable_robot__type_support.hpp
-- Up-to-date symlink: /root/ros2_ws/install/mg400_msgs/include/mg400_msgs/mg400_msgs/srv/detail/do__builder.hpp
-- Up-to-date symlink: /root/ros2_ws/install/mg400_msgs/include/mg400_msgs/mg400_msgs/srv/detail/do__struct.hpp
-- Up-to-date symlink: /root/ros2_ws/install/mg400_msgs/include/mg400_msgs/mg400_msgs/srv/detail/do__traits.hpp
-- Up-to-date symlink: /root/ros2_ws/install/mg400_msgs/include/mg400_msgs/mg400_msgs/srv/detail/do__type_support.hpp
-- Up-to-date symlink: /root/ros2_ws/install/mg400_msgs/include/mg400_msgs/mg400_msgs/srv/detail/emergency_stop__builder.hpp
-- Up-to-date symlink: /root/ros2_ws/install/mg400_msgs/include/mg400_msgs/mg400_msgs/srv/detail/emergency_stop__struct.hpp
-- Up-to-date symlink: /root/ros2_ws/install/mg400_msgs/include/mg400_msgs/mg400_msgs/srv/detail/emergency_stop__traits.hpp
-- Up-to-date symlink: /root/ros2_ws/install/mg400_msgs/include/mg400_msgs/mg400_msgs/srv/detail/emergency_stop__type_support.hpp
-- Up-to-date symlink: /root/ros2_ws/install/mg400_msgs/include/mg400_msgs/mg400_msgs/srv/detail/enable_robot__builder.hpp
-- Up-to-date symlink: /root/ros2_ws/install/mg400_msgs/include/mg400_msgs/mg400_msgs/srv/detail/enable_robot__struct.hpp
-- Up-to-date symlink: /root/ros2_ws/install/mg400_msgs/include/mg400_msgs/mg400_msgs/srv/detail/enable_robot__traits.hpp
-- Up-to-date symlink: /root/ros2_ws/install/mg400_msgs/include/mg400_msgs/mg400_msgs/srv/detail/enable_robot__type_support.hpp
-- Up-to-date symlink: /root/ros2_ws/install/mg400_msgs/include/mg400_msgs/mg400_msgs/srv/detail/get_angle__builder.hpp
-- Up-to-date symlink: /root/ros2_ws/install/mg400_msgs/include/mg400_msgs/mg400_msgs/srv/detail/get_angle__struct.hpp
-- Up-to-date symlink: /root/ros2_ws/install/mg400_msgs/include/mg400_msgs/mg400_msgs/srv/detail/get_angle__traits.hpp
-- Up-to-date symlink: /root/ros2_ws/install/mg400_msgs/include/mg400_msgs/mg400_msgs/srv/detail/get_angle__type_support.hpp
-- Up-to-date symlink: /root/ros2_ws/install/mg400_msgs/include/mg400_msgs/mg400_msgs/srv/detail/get_error_id__builder.hpp
-- Up-to-date symlink: /root/ros2_ws/install/mg400_msgs/include/mg400_msgs/mg400_msgs/srv/detail/get_error_id__struct.hpp
-- Up-to-date symlink: /root/ros2_ws/install/mg400_msgs/include/mg400_msgs/mg400_msgs/srv/detail/get_error_id__traits.hpp
-- Up-to-date symlink: /root/ros2_ws/install/mg400_msgs/include/mg400_msgs/mg400_msgs/srv/detail/get_error_id__type_support.hpp
-- Up-to-date symlink: /root/ros2_ws/install/mg400_msgs/include/mg400_msgs/mg400_msgs/srv/detail/get_pose__builder.hpp
-- Up-to-date symlink: /root/ros2_ws/install/mg400_msgs/include/mg400_msgs/mg400_msgs/srv/detail/get_pose__struct.hpp
-- Up-to-date symlink: /root/ros2_ws/install/mg400_msgs/include/mg400_msgs/mg400_msgs/srv/detail/get_pose__traits.hpp
-- Up-to-date symlink: /root/ros2_ws/install/mg400_msgs/include/mg400_msgs/mg400_msgs/srv/detail/get_pose__type_support.hpp
-- Up-to-date symlink: /root/ros2_ws/install/mg400_msgs/include/mg400_msgs/mg400_msgs/srv/detail/inverse_solution__builder.hpp
-- Up-to-date symlink: /root/ros2_ws/install/mg400_msgs/include/mg400_msgs/mg400_msgs/srv/detail/inverse_solution__struct.hpp
-- Up-to-date symlink: /root/ros2_ws/install/mg400_msgs/include/mg400_msgs/mg400_msgs/srv/detail/inverse_solution__traits.hpp
-- Up-to-date symlink: /root/ros2_ws/install/mg400_msgs/include/mg400_msgs/mg400_msgs/srv/detail/inverse_solution__type_support.hpp
-- Up-to-date symlink: /root/ros2_ws/install/mg400_msgs/include/mg400_msgs/mg400_msgs/srv/detail/joint_mov_j__builder.hpp
-- Up-to-date symlink: /root/ros2_ws/install/mg400_msgs/include/mg400_msgs/mg400_msgs/srv/detail/joint_mov_j__struct.hpp
-- Up-to-date symlink: /root/ros2_ws/install/mg400_msgs/include/mg400_msgs/mg400_msgs/srv/detail/joint_mov_j__traits.hpp
-- Up-to-date symlink: /root/ros2_ws/install/mg400_msgs/include/mg400_msgs/mg400_msgs/srv/detail/joint_mov_j__type_support.hpp
-- Up-to-date symlink: /root/ros2_ws/install/mg400_msgs/include/mg400_msgs/mg400_msgs/srv/detail/move_jog__builder.hpp
-- Up-to-date symlink: /root/ros2_ws/install/mg400_msgs/include/mg400_msgs/mg400_msgs/srv/detail/move_jog__struct.hpp
-- Up-to-date symlink: /root/ros2_ws/install/mg400_msgs/include/mg400_msgs/mg400_msgs/srv/detail/move_jog__traits.hpp
-- Up-to-date symlink: /root/ros2_ws/install/mg400_msgs/include/mg400_msgs/mg400_msgs/srv/detail/move_jog__type_support.hpp
-- Up-to-date symlink: /root/ros2_ws/install/mg400_msgs/include/mg400_msgs/mg400_msgs/srv/detail/pay_load__builder.hpp
-- Up-to-date symlink: /root/ros2_ws/install/mg400_msgs/include/mg400_msgs/mg400_msgs/srv/detail/pay_load__struct.hpp
-- Up-to-date symlink: /root/ros2_ws/install/mg400_msgs/include/mg400_msgs/mg400_msgs/srv/detail/pay_load__traits.hpp
-- Up-to-date symlink: /root/ros2_ws/install/mg400_msgs/include/mg400_msgs/mg400_msgs/srv/detail/pay_load__type_support.hpp
-- Up-to-date symlink: /root/ros2_ws/install/mg400_msgs/include/mg400_msgs/mg400_msgs/srv/detail/positive_solution__builder.hpp
-- Up-to-date symlink: /root/ros2_ws/install/mg400_msgs/include/mg400_msgs/mg400_msgs/srv/detail/positive_solution__struct.hpp
-- Up-to-date symlink: /root/ros2_ws/install/mg400_msgs/include/mg400_msgs/mg400_msgs/srv/detail/positive_solution__traits.hpp
-- Up-to-date symlink: /root/ros2_ws/install/mg400_msgs/include/mg400_msgs/mg400_msgs/srv/detail/positive_solution__type_support.hpp
-- Up-to-date symlink: /root/ros2_ws/install/mg400_msgs/include/mg400_msgs/mg400_msgs/srv/detail/reset_robot__builder.hpp
-- Up-to-date symlink: /root/ros2_ws/install/mg400_msgs/include/mg400_msgs/mg400_msgs/srv/detail/reset_robot__struct.hpp
-- Up-to-date symlink: /root/ros2_ws/install/mg400_msgs/include/mg400_msgs/mg400_msgs/srv/detail/reset_robot__traits.hpp
-- Up-to-date symlink: /root/ros2_ws/install/mg400_msgs/include/mg400_msgs/mg400_msgs/srv/detail/reset_robot__type_support.hpp
-- Up-to-date symlink: /root/ros2_ws/install/mg400_msgs/include/mg400_msgs/mg400_msgs/srv/detail/robot_mode__builder.hpp
-- Up-to-date symlink: /root/ros2_ws/install/mg400_msgs/include/mg400_msgs/mg400_msgs/srv/detail/robot_mode__struct.hpp
-- Up-to-date symlink: /root/ros2_ws/install/mg400_msgs/include/mg400_msgs/mg400_msgs/srv/detail/robot_mode__traits.hpp
-- Up-to-date symlink: /root/ros2_ws/install/mg400_msgs/include/mg400_msgs/mg400_msgs/srv/detail/robot_mode__type_support.hpp
-- Up-to-date symlink: /root/ros2_ws/install/mg400_msgs/include/mg400_msgs/mg400_msgs/srv/detail/set_collision_level__builder.hpp
-- Up-to-date symlink: /root/ros2_ws/install/mg400_msgs/include/mg400_msgs/mg400_msgs/srv/detail/set_collision_level__struct.hpp
-- Up-to-date symlink: /root/ros2_ws/install/mg400_msgs/include/mg400_msgs/mg400_msgs/srv/detail/set_collision_level__traits.hpp
-- Up-to-date symlink: /root/ros2_ws/install/mg400_msgs/include/mg400_msgs/mg400_msgs/srv/detail/set_collision_level__type_support.hpp
-- Up-to-date symlink: /root/ros2_ws/install/mg400_msgs/include/mg400_msgs/mg400_msgs/srv/detail/speed_factor__builder.hpp
-- Up-to-date symlink: /root/ros2_ws/install/mg400_msgs/include/mg400_msgs/mg400_msgs/srv/detail/speed_factor__struct.hpp
-- Up-to-date symlink: /root/ros2_ws/install/mg400_msgs/include/mg400_msgs/mg400_msgs/srv/detail/speed_factor__traits.hpp
-- Up-to-date symlink: /root/ros2_ws/install/mg400_msgs/include/mg400_msgs/mg400_msgs/srv/detail/speed_factor__type_support.hpp
-- Up-to-date symlink: /root/ros2_ws/install/mg400_msgs/include/mg400_msgs/mg400_msgs/srv/detail/speed_j__builder.hpp
-- Up-to-date symlink: /root/ros2_ws/install/mg400_msgs/include/mg400_msgs/mg400_msgs/srv/detail/speed_j__struct.hpp
-- Up-to-date symlink: /root/ros2_ws/install/mg400_msgs/include/mg400_msgs/mg400_msgs/srv/detail/speed_j__traits.hpp
-- Up-to-date symlink: /root/ros2_ws/install/mg400_msgs/include/mg400_msgs/mg400_msgs/srv/detail/speed_j__type_support.hpp
-- Up-to-date symlink: /root/ros2_ws/install/mg400_msgs/include/mg400_msgs/mg400_msgs/srv/detail/speed_l__builder.hpp
-- Up-to-date symlink: /root/ros2_ws/install/mg400_msgs/include/mg400_msgs/mg400_msgs/srv/detail/speed_l__struct.hpp
-- Up-to-date symlink: /root/ros2_ws/install/mg400_msgs/include/mg400_msgs/mg400_msgs/srv/detail/speed_l__traits.hpp
-- Up-to-date symlink: /root/ros2_ws/install/mg400_msgs/include/mg400_msgs/mg400_msgs/srv/detail/speed_l__type_support.hpp
-- Up-to-date symlink: /root/ros2_ws/install/mg400_msgs/include/mg400_msgs/mg400_msgs/srv/detail/tool__builder.hpp
-- Up-to-date symlink: /root/ros2_ws/install/mg400_msgs/include/mg400_msgs/mg400_msgs/srv/detail/tool__struct.hpp
-- Up-to-date symlink: /root/ros2_ws/install/mg400_msgs/include/mg400_msgs/mg400_msgs/srv/detail/tool__traits.hpp
-- Up-to-date symlink: /root/ros2_ws/install/mg400_msgs/include/mg400_msgs/mg400_msgs/srv/detail/tool__type_support.hpp
-- Up-to-date symlink: /root/ros2_ws/install/mg400_msgs/include/mg400_msgs/mg400_msgs/srv/detail/tool_di__builder.hpp
-- Up-to-date symlink: /root/ros2_ws/install/mg400_msgs/include/mg400_msgs/mg400_msgs/srv/detail/tool_di__struct.hpp
-- Up-to-date symlink: /root/ros2_ws/install/mg400_msgs/include/mg400_msgs/mg400_msgs/srv/detail/tool_di__traits.hpp
-- Up-to-date symlink: /root/ros2_ws/install/mg400_msgs/include/mg400_msgs/mg400_msgs/srv/detail/tool_di__type_support.hpp
-- Up-to-date symlink: /root/ros2_ws/install/mg400_msgs/include/mg400_msgs/mg400_msgs/srv/detail/tool_do_execute__builder.hpp
-- Up-to-date symlink: /root/ros2_ws/install/mg400_msgs/include/mg400_msgs/mg400_msgs/srv/detail/tool_do_execute__struct.hpp
-- Up-to-date symlink: /root/ros2_ws/install/mg400_msgs/include/mg400_msgs/mg400_msgs/srv/detail/tool_do_execute__traits.hpp
-- Up-to-date symlink: /root/ros2_ws/install/mg400_msgs/include/mg400_msgs/mg400_msgs/srv/detail/tool_do_execute__type_support.hpp
-- Up-to-date symlink: /root/ros2_ws/install/mg400_msgs/include/mg400_msgs/mg400_msgs/srv/detail/user__builder.hpp
-- Up-to-date symlink: /root/ros2_ws/install/mg400_msgs/include/mg400_msgs/mg400_msgs/srv/detail/user__struct.hpp
-- Up-to-date symlink: /root/ros2_ws/install/mg400_msgs/include/mg400_msgs/mg400_msgs/srv/detail/user__traits.hpp
-- Up-to-date symlink: /root/ros2_ws/install/mg400_msgs/include/mg400_msgs/mg400_msgs/srv/detail/user__type_support.hpp
-- Up-to-date symlink: /root/ros2_ws/install/mg400_msgs/include/mg400_msgs/mg400_msgs/srv/di.hpp
-- Up-to-date symlink: /root/ros2_ws/install/mg400_msgs/include/mg400_msgs/mg400_msgs/srv/disable_robot.hpp
-- Up-to-date symlink: /root/ros2_ws/install/mg400_msgs/include/mg400_msgs/mg400_msgs/srv/do.hpp
-- Up-to-date symlink: /root/ros2_ws/install/mg400_msgs/include/mg400_msgs/mg400_msgs/srv/emergency_stop.hpp
-- Up-to-date symlink: /root/ros2_ws/install/mg400_msgs/include/mg400_msgs/mg400_msgs/srv/enable_robot.hpp
-- Up-to-date symlink: /root/ros2_ws/install/mg400_msgs/include/mg400_msgs/mg400_msgs/srv/get_angle.hpp
-- Up-to-date symlink: /root/ros2_ws/install/mg400_msgs/include/mg400_msgs/mg400_msgs/srv/get_error_id.hpp
-- Up-to-date symlink: /root/ros2_ws/install/mg400_msgs/include/mg400_msgs/mg400_msgs/srv/get_pose.hpp
-- Up-to-date symlink: /root/ros2_ws/install/mg400_msgs/include/mg400_msgs/mg400_msgs/srv/inverse_solution.hpp
-- Up-to-date symlink: /root/ros2_ws/install/mg400_msgs/include/mg400_msgs/mg400_msgs/srv/joint_mov_j.hpp
-- Up-to-date symlink: /root/ros2_ws/install/mg400_msgs/include/mg400_msgs/mg400_msgs/srv/move_jog.hpp
-- Up-to-date symlink: /root/ros2_ws/install/mg400_msgs/include/mg400_msgs/mg400_msgs/srv/pay_load.hpp
-- Up-to-date symlink: /root/ros2_ws/install/mg400_msgs/include/mg400_msgs/mg400_msgs/srv/positive_solution.hpp
-- Up-to-date symlink: /root/ros2_ws/install/mg400_msgs/include/mg400_msgs/mg400_msgs/srv/reset_robot.hpp
-- Up-to-date symlink: /root/ros2_ws/install/mg400_msgs/include/mg400_msgs/mg400_msgs/srv/robot_mode.hpp
-- Up-to-date symlink: /root/ros2_ws/install/mg400_msgs/include/mg400_msgs/mg400_msgs/srv/set_collision_level.hpp
-- Up-to-date symlink: /root/ros2_ws/install/mg400_msgs/include/mg400_msgs/mg400_msgs/srv/speed_factor.hpp
-- Up-to-date symlink: /root/ros2_ws/install/mg400_msgs/include/mg400_msgs/mg400_msgs/srv/speed_j.hpp
-- Up-to-date symlink: /root/ros2_ws/install/mg400_msgs/include/mg400_msgs/mg400_msgs/srv/speed_l.hpp
-- Up-to-date symlink: /root/ros2_ws/install/mg400_msgs/include/mg400_msgs/mg400_msgs/srv/tool.hpp
-- Up-to-date symlink: /root/ros2_ws/install/mg400_msgs/include/mg400_msgs/mg400_msgs/srv/tool_di.hpp
-- Up-to-date symlink: /root/ros2_ws/install/mg400_msgs/include/mg400_msgs/mg400_msgs/srv/tool_do_execute.hpp
-- Up-to-date symlink: /root/ros2_ws/install/mg400_msgs/include/mg400_msgs/mg400_msgs/srv/user.hpp
-- Up-to-date symlink: /root/ros2_ws/install/mg400_msgs/include/mg400_msgs/mg400_msgs/action/detail/command_queue__rosidl_typesupport_fastrtps_cpp.hpp
-- Up-to-date symlink: /root/ros2_ws/install/mg400_msgs/include/mg400_msgs/mg400_msgs/action/detail/joint_mov_j__rosidl_typesupport_fastrtps_cpp.hpp
-- Up-to-date symlink: /root/ros2_ws/install/mg400_msgs/include/mg400_msgs/mg400_msgs/action/detail/mov_j__rosidl_typesupport_fastrtps_cpp.hpp
-- Up-to-date symlink: /root/ros2_ws/install/mg400_msgs/include/mg400_msgs/mg400_msgs/action/detail/mov_jio__rosidl_typesupport_fastrtps_cpp.hpp
-- Up-to-date symlink: /root/ros2_ws/install/mg400_msgs/include/mg400_msgs/mg400_msgs/action/detail/mov_l__rosidl_typesupport_fastrtps_cpp.hpp
-- Up-to-date symlink: /root/ros2_ws/install/mg400_msgs/include/mg400_msgs/mg400_msgs/action/detail/mov_lio__rosidl_typesupport_fastrtps_cpp.hpp
-- Up-to-date symlink: /root/ros2_ws/install/mg400_msgs/include/mg400_msgs/mg400_msgs/msg/detail/arch__rosidl_typesupport_fastrtps_cpp.hpp
-- Up-to-date symlink: /root/ros2_ws/install/mg400_msgs/include/mg400_msgs/mg400_msgs/msg/detail/collision_level__rosidl_typesupport_fastrtps_cpp.hpp
-- Up-to-date symlink: /root/ros2_ws/install/mg400_msgs/include/mg400_msgs/mg400_msgs/msg/detail/command__rosidl_typesupport_fastrtps_cpp.hpp
-- Up-to-date symlink: /root/ros2_ws/install/mg400_msgs/include/mg400_msgs/mg400_msgs/msg/detail/di_index__rosidl_typesupport_fastrtps_cpp.hpp
-- Up-to-date symlink: /root/ros2_ws/install/mg400_msgs/include/mg400_msgs/mg400_msgs/msg/detail/distance_mode__rosidl_typesupport_fastrtps_cpp.hpp
-- Up-to-date symlink: /root/ros2_ws/install/mg400_msgs/include/mg400_msgs/mg400_msgs/msg/detail/do_index__rosidl_typesupport_fastrtps_cpp.hpp
-- Up-to-date symlink: /root/ros2_ws/install/mg400_msgs/include/mg400_msgs/mg400_msgs/msg/detail/do_status__rosidl_typesupport_fastrtps_cpp.hpp
-- Up-to-date symlink: /root/ros2_ws/install/mg400_msgs/include/mg400_msgs/mg400_msgs/msg/detail/error_id__rosidl_typesupport_fastrtps_cpp.hpp
-- Up-to-date symlink: /root/ros2_ws/install/mg400_msgs/include/mg400_msgs/mg400_msgs/msg/detail/id_array__rosidl_typesupport_fastrtps_cpp.hpp
-- Up-to-date symlink: /root/ros2_ws/install/mg400_msgs/include/mg400_msgs/mg400_msgs/msg/detail/joint_mov_j__rosidl_typesupport_fastrtps_cpp.hpp
-- Up-to-date symlink: /root/ros2_ws/install/mg400_msgs/include/mg400_msgs/mg400_msgs/msg/detail/mov_j__rosidl_typesupport_fastrtps_cpp.hpp
-- Up-to-date symlink: /root/ros2_ws/install/mg400_msgs/include/mg400_msgs/mg400_msgs/msg/detail/mov_jio__rosidl_typesupport_fastrtps_cpp.hpp
-- Up-to-date symlink: /root/ros2_ws/install/mg400_msgs/include/mg400_msgs/mg400_msgs/msg/detail/mov_l__rosidl_typesupport_fastrtps_cpp.hpp
-- Up-to-date symlink: /root/ros2_ws/install/mg400_msgs/include/mg400_msgs/mg400_msgs/msg/detail/mov_lio__rosidl_typesupport_fastrtps_cpp.hpp
-- Up-to-date symlink: /root/ros2_ws/install/mg400_msgs/include/mg400_msgs/mg400_msgs/msg/detail/move_jog__rosidl_typesupport_fastrtps_cpp.hpp
-- Up-to-date symlink: /root/ros2_ws/install/mg400_msgs/include/mg400_msgs/mg400_msgs/msg/detail/robot_mode__rosidl_typesupport_fastrtps_cpp.hpp
-- Up-to-date symlink: /root/ros2_ws/install/mg400_msgs/include/mg400_msgs/mg400_msgs/msg/detail/tool__rosidl_typesupport_fastrtps_cpp.hpp
-- Up-to-date symlink: /root/ros2_ws/install/mg400_msgs/include/mg400_msgs/mg400_msgs/msg/detail/tool_di_index__rosidl_typesupport_fastrtps_cpp.hpp
-- Up-to-date symlink: /root/ros2_ws/install/mg400_msgs/include/mg400_msgs/mg400_msgs/msg/detail/tool_do_index__rosidl_typesupport_fastrtps_cpp.hpp
-- Up-to-date symlink: /root/ros2_ws/install/mg400_msgs/include/mg400_msgs/mg400_msgs/msg/detail/user__rosidl_typesupport_fastrtps_cpp.hpp
-- Up-to-date symlink: /root/ros2_ws/install/mg400_msgs/include/mg400_msgs/mg400_msgs/msg/rosidl_typesupport_fastrtps_cpp__visibility_control.h
-- Up-to-date symlink: /root/ros2_ws/install/mg400_msgs/include/mg400_msgs/mg400_msgs/srv/detail/acc_j__rosidl_typesupport_fastrtps_cpp.hpp
-- Up-to-date symlink: /root/ros2_ws/install/mg400_msgs/include/mg400_msgs/mg400_msgs/srv/detail/acc_l__rosidl_typesupport_fastrtps_cpp.hpp
-- Up-to-date symlink: /root/ros2_ws/install/mg400_msgs/include/mg400_msgs/mg400_msgs/srv/detail/arch__rosidl_typesupport_fastrtps_cpp.hpp
-- Up-to-date symlink: /root/ros2_ws/install/mg400_msgs/include/mg400_msgs/mg400_msgs/srv/detail/clear_error__rosidl_typesupport_fastrtps_cpp.hpp
-- Up-to-date symlink: /root/ros2_ws/install/mg400_msgs/include/mg400_msgs/mg400_msgs/srv/detail/cp__rosidl_typesupport_fastrtps_cpp.hpp
-- Up-to-date symlink: /root/ros2_ws/install/mg400_msgs/include/mg400_msgs/mg400_msgs/srv/detail/di__rosidl_typesupport_fastrtps_cpp.hpp
-- Up-to-date symlink: /root/ros2_ws/install/mg400_msgs/include/mg400_msgs/mg400_msgs/srv/detail/disable_robot__rosidl_typesupport_fastrtps_cpp.hpp
-- Up-to-date symlink: /root/ros2_ws/install/mg400_msgs/include/mg400_msgs/mg400_msgs/srv/detail/do__rosidl_typesupport_fastrtps_cpp.hpp
-- Up-to-date symlink: /root/ros2_ws/install/mg400_msgs/include/mg400_msgs/mg400_msgs/srv/detail/emergency_stop__rosidl_typesupport_fastrtps_cpp.hpp
-- Up-to-date symlink: /root/ros2_ws/install/mg400_msgs/include/mg400_msgs/mg400_msgs/srv/detail/enable_robot__rosidl_typesupport_fastrtps_cpp.hpp
-- Up-to-date symlink: /root/ros2_ws/install/mg400_msgs/include/mg400_msgs/mg400_msgs/srv/detail/get_angle__rosidl_typesupport_fastrtps_cpp.hpp
-- Up-to-date symlink: /root/ros2_ws/install/mg400_msgs/include/mg400_msgs/mg400_msgs/srv/detail/get_error_id__rosidl_typesupport_fastrtps_cpp.hpp
-- Up-to-date symlink: /root/ros2_ws/install/mg400_msgs/include/mg400_msgs/mg400_msgs/srv/detail/get_pose__rosidl_typesupport_fastrtps_cpp.hpp
-- Up-to-date symlink: /root/ros2_ws/install/mg400_msgs/include/mg400_msgs/mg400_msgs/srv/detail/inverse_solution__rosidl_typesupport_fastrtps_cpp.hpp
-- Up-to-date symlink: /root/ros2_ws/install/mg400_msgs/include/mg400_msgs/mg400_msgs/srv/detail/joint_mov_j__rosidl_typesupport_fastrtps_cpp.hpp
-- Up-to-date symlink: /root/ros2_ws/install/mg400_msgs/include/mg400_msgs/mg400_msgs/srv/detail/move_jog__rosidl_typesupport_fastrtps_cpp.hpp
-- Up-to-date symlink: /root/ros2_ws/install/mg400_msgs/include/mg400_msgs/mg400_msgs/srv/detail/pay_load__rosidl_typesupport_fastrtps_cpp.hpp
-- Up-to-date symlink: /root/ros2_ws/install/mg400_msgs/include/mg400_msgs/mg400_msgs/srv/detail/positive_solution__rosidl_typesupport_fastrtps_cpp.hpp
-- Up-to-date symlink: /root/ros2_ws/install/mg400_msgs/include/mg400_msgs/mg400_msgs/srv/detail/reset_robot__rosidl_typesupport_fastrtps_cpp.hpp
-- Up-to-date symlink: /root/ros2_ws/install/mg400_msgs/include/mg400_msgs/mg400_msgs/srv/detail/robot_mode__rosidl_typesupport_fastrtps_cpp.hpp
-- Up-to-date symlink: /root/ros2_ws/install/mg400_msgs/include/mg400_msgs/mg400_msgs/srv/detail/set_collision_level__rosidl_typesupport_fastrtps_cpp.hpp
-- Up-to-date symlink: /root/ros2_ws/install/mg400_msgs/include/mg400_msgs/mg400_msgs/srv/detail/speed_factor__rosidl_typesupport_fastrtps_cpp.hpp
-- Up-to-date symlink: /root/ros2_ws/install/mg400_msgs/include/mg400_msgs/mg400_msgs/srv/detail/speed_j__rosidl_typesupport_fastrtps_cpp.hpp
-- Up-to-date symlink: /root/ros2_ws/install/mg400_msgs/include/mg400_msgs/mg400_msgs/srv/detail/speed_l__rosidl_typesupport_fastrtps_cpp.hpp
-- Up-to-date symlink: /root/ros2_ws/install/mg400_msgs/include/mg400_msgs/mg400_msgs/srv/detail/tool__rosidl_typesupport_fastrtps_cpp.hpp
-- Up-to-date symlink: /root/ros2_ws/install/mg400_msgs/include/mg400_msgs/mg400_msgs/srv/detail/tool_di__rosidl_typesupport_fastrtps_cpp.hpp
-- Up-to-date symlink: /root/ros2_ws/install/mg400_msgs/include/mg400_msgs/mg400_msgs/srv/detail/tool_do_execute__rosidl_typesupport_fastrtps_cpp.hpp
-- Up-to-date symlink: /root/ros2_ws/install/mg400_msgs/include/mg400_msgs/mg400_msgs/srv/detail/user__rosidl_typesupport_fastrtps_cpp.hpp
-- Up-to-date symlink: /root/ros2_ws/install/mg400_msgs/include/mg400_msgs/mg400_msgs/action/detail/command_queue__rosidl_typesupport_introspection_c.h
-- Up-to-date symlink: /root/ros2_ws/install/mg400_msgs/include/mg400_msgs/mg400_msgs/action/detail/joint_mov_j__rosidl_typesupport_introspection_c.h
-- Up-to-date symlink: /root/ros2_ws/install/mg400_msgs/include/mg400_msgs/mg400_msgs/action/detail/mov_j__rosidl_typesupport_introspection_c.h
-- Up-to-date symlink: /root/ros2_ws/install/mg400_msgs/include/mg400_msgs/mg400_msgs/action/detail/mov_jio__rosidl_typesupport_introspection_c.h
-- Up-to-date symlink: /root/ros2_ws/install/mg400_msgs/include/mg400_msgs/mg400_msgs/action/detail/mov_l__rosidl_typesupport_introspection_c.h
-- Up-to-date symlink: /root/ros2_ws/install/mg400_msgs/include/mg400_msgs/mg400_msgs/action/detail/mov_lio__rosidl_typesupport_introspection_c.h
-- Up-to-date symlink: /root/ros2_ws/install/mg400_msgs/include/mg400_msgs/mg400_msgs/msg/detail/arch__rosidl_typesupport_introspection_c.h
-- Up-to-date symlink: /root/ros2_ws/install/mg400_msgs/include/mg400_msgs/mg400_msgs/msg/detail/collision_level__rosidl_typesupport_introspection_c.h
-- Up-to-date symlink: /root/ros2_ws/install/mg400_msgs/include/mg400_msgs/mg400_msgs/msg/detail/command__rosidl_typesupport_introspection_c.h
-- Up-to-date symlink: /root/ros2_ws/install/mg400_msgs/include/mg400_msgs/mg400_msgs/msg/detail/di_index__rosidl_typesupport_introspection_c.h
-- Up-to-date symlink: /root/ros2_ws/install/mg400_msgs/include/mg400_msgs/mg400_msgs/msg/detail/distance_mode__rosidl_typesupport_introspection_c.h
-- Up-to-date symlink: /root/ros2_ws/install/mg400_msgs/include/mg400_msgs/mg400_msgs/msg/detail/do_index__rosidl_typesupport_introspection_c.h
-- Up-to-date symlink: /root/ros2_ws/install/mg400_msgs/include/mg400_msgs/mg400_msgs/msg/detail/do_status__rosidl_typesupport_introspection_c.h
-- Up-to-date symlink: /root/ros2_ws/install/mg400_msgs/include/mg400_msgs/mg400_msgs/msg/detail/error_id__rosidl_typesupport_introspection_c.h
-- Up-to-date symlink: /root/ros2_ws/install/mg400_msgs/include/mg400_msgs/mg400_msgs/msg/detail/id_array__rosidl_typesupport_introspection_c.h
-- Up-to-date symlink: /root/ros2_ws/install/mg400_msgs/include/mg400_msgs/mg400_msgs/msg/detail/joint_mov_j__rosidl_typesupport_introspection_c.h
-- Up-to-date symlink: /root/ros2_ws/install/mg400_msgs/include/mg400_msgs/mg400_msgs/msg/detail/mov_j__rosidl_typesupport_introspection_c.h
-- Up-to-date symlink: /root/ros2_ws/install/mg400_msgs/include/mg400_msgs/mg400_msgs/msg/detail/mov_jio__rosidl_typesupport_introspection_c.h
-- Up-to-date symlink: /root/ros2_ws/install/mg400_msgs/include/mg400_msgs/mg400_msgs/msg/detail/mov_l__rosidl_typesupport_introspection_c.h
-- Up-to-date symlink: /root/ros2_ws/install/mg400_msgs/include/mg400_msgs/mg400_msgs/msg/detail/mov_lio__rosidl_typesupport_introspection_c.h
-- Up-to-date symlink: /root/ros2_ws/install/mg400_msgs/include/mg400_msgs/mg400_msgs/msg/detail/move_jog__rosidl_typesupport_introspection_c.h
-- Up-to-date symlink: /root/ros2_ws/install/mg400_msgs/include/mg400_msgs/mg400_msgs/msg/detail/robot_mode__rosidl_typesupport_introspection_c.h
-- Up-to-date symlink: /root/ros2_ws/install/mg400_msgs/include/mg400_msgs/mg400_msgs/msg/detail/tool__rosidl_typesupport_introspection_c.h
-- Up-to-date symlink: /root/ros2_ws/install/mg400_msgs/include/mg400_msgs/mg400_msgs/msg/detail/tool_di_index__rosidl_typesupport_introspection_c.h
-- Up-to-date symlink: /root/ros2_ws/install/mg400_msgs/include/mg400_msgs/mg400_msgs/msg/detail/tool_do_index__rosidl_typesupport_introspection_c.h
-- Up-to-date symlink: /root/ros2_ws/install/mg400_msgs/include/mg400_msgs/mg400_msgs/msg/detail/user__rosidl_typesupport_introspection_c.h
-- Up-to-date symlink: /root/ros2_ws/install/mg400_msgs/include/mg400_msgs/mg400_msgs/msg/rosidl_typesupport_introspection_c__visibility_control.h
-- Up-to-date symlink: /root/ros2_ws/install/mg400_msgs/include/mg400_msgs/mg400_msgs/srv/detail/acc_j__rosidl_typesupport_introspection_c.h
-- Up-to-date symlink: /root/ros2_ws/install/mg400_msgs/include/mg400_msgs/mg400_msgs/srv/detail/acc_l__rosidl_typesupport_introspection_c.h
-- Up-to-date symlink: /root/ros2_ws/install/mg400_msgs/include/mg400_msgs/mg400_msgs/srv/detail/arch__rosidl_typesupport_introspection_c.h
-- Up-to-date symlink: /root/ros2_ws/install/mg400_msgs/include/mg400_msgs/mg400_msgs/srv/detail/clear_error__rosidl_typesupport_introspection_c.h
-- Up-to-date symlink: /root/ros2_ws/install/mg400_msgs/include/mg400_msgs/mg400_msgs/srv/detail/cp__rosidl_typesupport_introspection_c.h
-- Up-to-date symlink: /root/ros2_ws/install/mg400_msgs/include/mg400_msgs/mg400_msgs/srv/detail/di__rosidl_typesupport_introspection_c.h
-- Up-to-date symlink: /root/ros2_ws/install/mg400_msgs/include/mg400_msgs/mg400_msgs/srv/detail/disable_robot__rosidl_typesupport_introspection_c.h
-- Up-to-date symlink: /root/ros2_ws/install/mg400_msgs/include/mg400_msgs/mg400_msgs/srv/detail/do__rosidl_typesupport_introspection_c.h
-- Up-to-date symlink: /root/ros2_ws/install/mg400_msgs/include/mg400_msgs/mg400_msgs/srv/detail/emergency_stop__rosidl_typesupport_introspection_c.h
-- Up-to-date symlink: /root/ros2_ws/install/mg400_msgs/include/mg400_msgs/mg400_msgs/srv/detail/enable_robot__rosidl_typesupport_introspection_c.h
-- Up-to-date symlink: /root/ros2_ws/install/mg400_msgs/include/mg400_msgs/mg400_msgs/srv/detail/get_angle__rosidl_typesupport_introspection_c.h
-- Up-to-date symlink: /root/ros2_ws/install/mg400_msgs/include/mg400_msgs/mg400_msgs/srv/detail/get_error_id__rosidl_typesupport_introspection_c.h
-- Up-to-date symlink: /root/ros2_ws/install/mg400_msgs/include/mg400_msgs/mg400_msgs/srv/detail/get_pose__rosidl_typesupport_introspection_c.h
-- Up-to-date symlink: /root/ros2_ws/install/mg400_msgs/include/mg400_msgs/mg400_msgs/srv/detail/inverse_solution__rosidl_typesupport_introspection_c.h
-- Up-to-date symlink: /root/ros2_ws/install/mg400_msgs/include/mg400_msgs/mg400_msgs/srv/detail/joint_mov_j__rosidl_typesupport_introspection_c.h
-- Up-to-date symlink: /root/ros2_ws/install/mg400_msgs/include/mg400_msgs/mg400_msgs/srv/detail/move_jog__rosidl_typesupport_introspection_c.h
-- Up-to-date symlink: /root/ros2_ws/install/mg400_msgs/include/mg400_msgs/mg400_msgs/srv/detail/pay_load__rosidl_typesupport_introspection_c.h
-- Up-to-date symlink: /root/ros2_ws/install/mg400_msgs/include/mg400_msgs/mg400_msgs/srv/detail/positive_solution__rosidl_typesupport_introspection_c.h
-- Up-to-date symlink: /root/ros2_ws/install/mg400_msgs/include/mg400_msgs/mg400_msgs/srv/detail/reset_robot__rosidl_typesupport_introspection_c.h
-- Up-to-date symlink: /root/ros2_ws/install/mg400_msgs/include/mg400_msgs/mg400_msgs/srv/detail/robot_mode__rosidl_typesupport_introspection_c.h
-- Up-to-date symlink: /root/ros2_ws/install/mg400_msgs/include/mg400_msgs/mg400_msgs/srv/detail/set_collision_level__rosidl_typesupport_introspection_c.h
-- Up-to-date symlink: /root/ros2_ws/install/mg400_msgs/include/mg400_msgs/mg400_msgs/srv/detail/speed_factor__rosidl_typesupport_introspection_c.h
-- Up-to-date symlink: /root/ros2_ws/install/mg400_msgs/include/mg400_msgs/mg400_msgs/srv/detail/speed_j__rosidl_typesupport_introspection_c.h
-- Up-to-date symlink: /root/ros2_ws/install/mg400_msgs/include/mg400_msgs/mg400_msgs/srv/detail/speed_l__rosidl_typesupport_introspection_c.h
-- Up-to-date symlink: /root/ros2_ws/install/mg400_msgs/include/mg400_msgs/mg400_msgs/srv/detail/tool__rosidl_typesupport_introspection_c.h
-- Up-to-date symlink: /root/ros2_ws/install/mg400_msgs/include/mg400_msgs/mg400_msgs/srv/detail/tool_di__rosidl_typesupport_introspection_c.h
-- Up-to-date symlink: /root/ros2_ws/install/mg400_msgs/include/mg400_msgs/mg400_msgs/srv/detail/tool_do_execute__rosidl_typesupport_introspection_c.h
-- Up-to-date symlink: /root/ros2_ws/install/mg400_msgs/include/mg400_msgs/mg400_msgs/srv/detail/user__rosidl_typesupport_introspection_c.h
-- Up-to-date symlink: /root/ros2_ws/install/mg400_msgs/include/mg400_msgs/mg400_msgs/action/detail/command_queue__rosidl_typesupport_introspection_cpp.hpp
-- Up-to-date symlink: /root/ros2_ws/install/mg400_msgs/include/mg400_msgs/mg400_msgs/action/detail/joint_mov_j__rosidl_typesupport_introspection_cpp.hpp
-- Up-to-date symlink: /root/ros2_ws/install/mg400_msgs/include/mg400_msgs/mg400_msgs/action/detail/mov_j__rosidl_typesupport_introspection_cpp.hpp
-- Up-to-date symlink: /root/ros2_ws/install/mg400_msgs/include/mg400_msgs/mg400_msgs/action/detail/mov_jio__rosidl_typesupport_introspection_cpp.hpp
-- Up-to-date symlink: /root/ros2_ws/install/mg400_msgs/include/mg400_msgs/mg400_msgs/action/detail/mov_l__rosidl_typesupport_introspection_cpp.hpp
-- Up-to-date symlink: /root/ros2_ws/install/mg400_msgs/include/mg400_msgs/mg400_msgs/action/detail/mov_lio__rosidl_typesupport_introspection_cpp.hpp
-- Up-to-date symlink: /root/ros2_ws/install/mg400_msgs/include/mg400_msgs/mg400_msgs/msg/detail/arch__rosidl_typesupport_introspection_cpp.hpp
-- Up-to-date symlink: /root/ros2_ws/install/mg400_msgs/include/mg400_msgs/mg400_msgs/msg/detail/collision_level__rosidl_typesupport_introspection_cpp.hpp
-- Up-to-date symlink: /root/ros2_ws/install/mg400_msgs/include/mg400_msgs/mg400_msgs/msg/detail/command__rosidl_typesupport_introspection_cpp.hpp
-- Up-to-date symlink: /root/ros2_ws/install/mg400_msgs/include/mg400_msgs/mg400_msgs/msg/detail/di_index__rosidl_typesupport_introspection_cpp.hpp
-- Up-to-date symlink: /root/ros2_ws/install/mg400_msgs/include/mg400_msgs/mg400_msgs/msg/detail/distance_mode__rosidl_typesupport_introspection_cpp.hpp
-- Up-to-date symlink: /root/ros2_ws/install/mg400_msgs/include/mg400_msgs/mg400_msgs/msg/detail/do_index__rosidl_typesupport_introspection_cpp.hpp
-- Up-to-date symlink: /root/ros2_ws/install/mg400_msgs/include/mg400_msgs/mg400_msgs/msg/detail/do_status__rosidl_typesupport_introspection_cpp.hpp
-- Up-to-date symlink: /root/ros2_ws/install/mg400_msgs/include/mg400_msgs/mg400_msgs/msg/detail/error_id__rosidl_typesupport_introspection_cpp.hpp
-- Up-to-date symlink: /root/ros2_ws/install/mg400_msgs/include/mg400_msgs/mg400_msgs/msg/detail/id_array__rosidl_typesupport_introspection_cpp.hpp
-- Up-to-date symlink: /root/ros2_ws/install/mg400_msgs/include/mg400_msgs/mg400_msgs/msg/detail/joint_mov_j__rosidl_typesupport_introspection_cpp.hpp
-- Up-to-date symlink: /root/ros2_ws/install/mg400_msgs/include/mg400_msgs/mg400_msgs/msg/detail/mov_j__rosidl_typesupport_introspection_cpp.hpp
-- Up-to-date symlink: /root/ros2_ws/install/mg400_msgs/include/mg400_msgs/mg400_msgs/msg/detail/mov_jio__rosidl_typesupport_introspection_cpp.hpp
-- Up-to-date symlink: /root/ros2_ws/install/mg400_msgs/include/mg400_msgs/mg400_msgs/msg/detail/mov_l__rosidl_typesupport_introspection_cpp.hpp
-- Up-to-date symlink: /root/ros2_ws/install/mg400_msgs/include/mg400_msgs/mg400_msgs/msg/detail/mov_lio__rosidl_typesupport_introspection_cpp.hpp
-- Up-to-date symlink: /root/ros2_ws/install/mg400_msgs/include/mg400_msgs/mg400_msgs/msg/detail/move_jog__rosidl_typesupport_introspection_cpp.hpp
-- Up-to-date symlink: /root/ros2_ws/install/mg400_msgs/include/mg400_msgs/mg400_msgs/msg/detail/robot_mode__rosidl_typesupport_introspection_cpp.hpp
-- Up-to-date symlink: /root/ros2_ws/install/mg400_msgs/include/mg400_msgs/mg400_msgs/msg/detail/tool__rosidl_typesupport_introspection_cpp.hpp
-- Up-to-date symlink: /root/ros2_ws/install/mg400_msgs/include/mg400_msgs/mg400_msgs/msg/detail/tool_di_index__rosidl_typesupport_introspection_cpp.hpp
-- Up-to-date symlink: /root/ros2_ws/install/mg400_msgs/include/mg400_msgs/mg400_msgs/msg/detail/tool_do_index__rosidl_typesupport_introspection_cpp.hpp
-- Up-to-date symlink: /root/ros2_ws/install/mg400_msgs/include/mg400_msgs/mg400_msgs/msg/detail/user__rosidl_typesupport_introspection_cpp.hpp
-- Up-to-date symlink: /root/ros2_ws/install/mg400_msgs/include/mg400_msgs/mg400_msgs/srv/detail/acc_j__rosidl_typesupport_introspection_cpp.hpp
-- Up-to-date symlink: /root/ros2_ws/install/mg400_msgs/include/mg400_msgs/mg400_msgs/srv/detail/acc_l__rosidl_typesupport_introspection_cpp.hpp
-- Up-to-date symlink: /root/ros2_ws/install/mg400_msgs/include/mg400_msgs/mg400_msgs/srv/detail/arch__rosidl_typesupport_introspection_cpp.hpp
-- Up-to-date symlink: /root/ros2_ws/install/mg400_msgs/include/mg400_msgs/mg400_msgs/srv/detail/clear_error__rosidl_typesupport_introspection_cpp.hpp
-- Up-to-date symlink: /root/ros2_ws/install/mg400_msgs/include/mg400_msgs/mg400_msgs/srv/detail/cp__rosidl_typesupport_introspection_cpp.hpp
-- Up-to-date symlink: /root/ros2_ws/install/mg400_msgs/include/mg400_msgs/mg400_msgs/srv/detail/di__rosidl_typesupport_introspection_cpp.hpp
-- Up-to-date symlink: /root/ros2_ws/install/mg400_msgs/include/mg400_msgs/mg400_msgs/srv/detail/disable_robot__rosidl_typesupport_introspection_cpp.hpp
-- Up-to-date symlink: /root/ros2_ws/install/mg400_msgs/include/mg400_msgs/mg400_msgs/srv/detail/do__rosidl_typesupport_introspection_cpp.hpp
-- Up-to-date symlink: /root/ros2_ws/install/mg400_msgs/include/mg400_msgs/mg400_msgs/srv/detail/emergency_stop__rosidl_typesupport_introspection_cpp.hpp
-- Up-to-date symlink: /root/ros2_ws/install/mg400_msgs/include/mg400_msgs/mg400_msgs/srv/detail/enable_robot__rosidl_typesupport_introspection_cpp.hpp
-- Up-to-date symlink: /root/ros2_ws/install/mg400_msgs/include/mg400_msgs/mg400_msgs/srv/detail/get_angle__rosidl_typesupport_introspection_cpp.hpp
-- Up-to-date symlink: /root/ros2_ws/install/mg400_msgs/include/mg400_msgs/mg400_msgs/srv/detail/get_error_id__rosidl_typesupport_introspection_cpp.hpp
-- Up-to-date symlink: /root/ros2_ws/install/mg400_msgs/include/mg400_msgs/mg400_msgs/srv/detail/get_pose__rosidl_typesupport_introspection_cpp.hpp
-- Up-to-date symlink: /root/ros2_ws/install/mg400_msgs/include/mg400_msgs/mg400_msgs/srv/detail/inverse_solution__rosidl_typesupport_introspection_cpp.hpp
-- Up-to-date symlink: /root/ros2_ws/install/mg400_msgs/include/mg400_msgs/mg400_msgs/srv/detail/joint_mov_j__rosidl_typesupport_introspection_cpp.hpp
-- Up-to-date symlink: /root/ros2_ws/install/mg400_msgs/include/mg400_msgs/mg400_msgs/srv/detail/move_jog__rosidl_typesupport_introspection_cpp.hpp
-- Up-to-date symlink: /root/ros2_ws/install/mg400_msgs/include/mg400_msgs/mg400_msgs/srv/detail/pay_load__rosidl_typesupport_introspection_cpp.hpp
-- Up-to-date symlink: /root/ros2_ws/install/mg400_msgs/include/mg400_msgs/mg400_msgs/srv/detail/positive_solution__rosidl_typesupport_introspection_cpp.hpp
-- Up-to-date symlink: /root/ros2_ws/install/mg400_msgs/include/mg400_msgs/mg400_msgs/srv/detail/reset_robot__rosidl_typesupport_introspection_cpp.hpp
-- Up-to-date symlink: /root/ros2_ws/install/mg400_msgs/include/mg400_msgs/mg400_msgs/srv/detail/robot_mode__rosidl_typesupport_introspection_cpp.hpp
-- Up-to-date symlink: /root/ros2_ws/install/mg400_msgs/include/mg400_msgs/mg400_msgs/srv/detail/set_collision_level__rosidl_typesupport_introspection_cpp.hpp
-- Up-to-date symlink: /root/ros2_ws/install/mg400_msgs/include/mg400_msgs/mg400_msgs/srv/detail/speed_factor__rosidl_typesupport_introspection_cpp.hpp
-- Up-to-date symlink: /root/ros2_ws/install/mg400_msgs/include/mg400_msgs/mg400_msgs/srv/detail/speed_j__rosidl_typesupport_introspection_cpp.hpp
-- Up-to-date symlink: /root/ros2_ws/install/mg400_msgs/include/mg400_msgs/mg400_msgs/srv/detail/speed_l__rosidl_typesupport_introspection_cpp.hpp
-- Up-to-date symlink: /root/ros2_ws/install/mg400_msgs/include/mg400_msgs/mg400_msgs/srv/detail/tool__rosidl_typesupport_introspection_cpp.hpp
-- Up-to-date symlink: /root/ros2_ws/install/mg400_msgs/include/mg400_msgs/mg400_msgs/srv/detail/tool_di__rosidl_typesupport_introspection_cpp.hpp
-- Up-to-date symlink: /root/ros2_ws/install/mg400_msgs/include/mg400_msgs/mg400_msgs/srv/detail/tool_do_execute__rosidl_typesupport_introspection_cpp.hpp
-- Up-to-date symlink: /root/ros2_ws/install/mg400_msgs/include/mg400_msgs/mg400_msgs/srv/detail/user__rosidl_typesupport_introspection_cpp.hpp
-- Up-to-date symlink: /root/ros2_ws/install/mg400_msgs/share/mg400_msgs/environment/pythonpath.sh
-- Up-to-date symlink: /root/ros2_ws/install/mg400_msgs/share/mg400_msgs/environment/pythonpath.dsv
-- Up-to-date symlink: /root/ros2_ws/install/mg400_msgs/local/lib/python3.10/dist-packages/mg400_msgs-1.7.0-py3.10.egg-info/PKG-INFO
-- Up-to-date symlink: /root/ros2_ws/install/mg400_msgs/local/lib/python3.10/dist-packages/mg400_msgs-1.7.0-py3.10.egg-info/SOURCES.txt
-- Up-to-date symlink: /root/ros2_ws/install/mg400_msgs/local/lib/python3.10/dist-packages/mg400_msgs-1.7.0-py3.10.egg-info/dependency_links.txt
-- Up-to-date symlink: /root/ros2_ws/install/mg400_msgs/local/lib/python3.10/dist-packages/mg400_msgs-1.7.0-py3.10.egg-info/top_level.txt
-- Up-to-date symlink: /root/ros2_ws/install/mg400_msgs/local/lib/python3.10/dist-packages/mg400_msgs/__init__.py
-- Up-to-date symlink: /root/ros2_ws/install/mg400_msgs/local/lib/python3.10/dist-packages/mg400_msgs/_mg400_msgs_s.ep.rosidl_typesupport_c.c
-- Up-to-date symlink: /root/ros2_ws/install/mg400_msgs/local/lib/python3.10/dist-packages/mg400_msgs/_mg400_msgs_s.ep.rosidl_typesupport_fastrtps_c.c
-- Up-to-date symlink: /root/ros2_ws/install/mg400_msgs/local/lib/python3.10/dist-packages/mg400_msgs/_mg400_msgs_s.ep.rosidl_typesupport_introspection_c.c
-- Up-to-date symlink: /root/ros2_ws/install/mg400_msgs/local/lib/python3.10/dist-packages/mg400_msgs/action/__init__.py
-- Up-to-date symlink: /root/ros2_ws/install/mg400_msgs/local/lib/python3.10/dist-packages/mg400_msgs/action/_command_queue.py
-- Up-to-date symlink: /root/ros2_ws/install/mg400_msgs/local/lib/python3.10/dist-packages/mg400_msgs/action/_command_queue_s.c
-- Up-to-date symlink: /root/ros2_ws/install/mg400_msgs/local/lib/python3.10/dist-packages/mg400_msgs/action/_joint_mov_j.py
-- Up-to-date symlink: /root/ros2_ws/install/mg400_msgs/local/lib/python3.10/dist-packages/mg400_msgs/action/_joint_mov_j_s.c
-- Up-to-date symlink: /root/ros2_ws/install/mg400_msgs/local/lib/python3.10/dist-packages/mg400_msgs/action/_mov_j.py
-- Up-to-date symlink: /root/ros2_ws/install/mg400_msgs/local/lib/python3.10/dist-packages/mg400_msgs/action/_mov_j_s.c
-- Up-to-date symlink: /root/ros2_ws/install/mg400_msgs/local/lib/python3.10/dist-packages/mg400_msgs/action/_mov_jio.py
-- Up-to-date symlink: /root/ros2_ws/install/mg400_msgs/local/lib/python3.10/dist-packages/mg400_msgs/action/_mov_jio_s.c
-- Up-to-date symlink: /root/ros2_ws/install/mg400_msgs/local/lib/python3.10/dist-packages/mg400_msgs/action/_mov_l.py
-- Up-to-date symlink: /root/ros2_ws/install/mg400_msgs/local/lib/python3.10/dist-packages/mg400_msgs/action/_mov_l_s.c
-- Up-to-date symlink: /root/ros2_ws/install/mg400_msgs/local/lib/python3.10/dist-packages/mg400_msgs/action/_mov_lio.py
-- Up-to-date symlink: /root/ros2_ws/install/mg400_msgs/local/lib/python3.10/dist-packages/mg400_msgs/action/_mov_lio_s.c
-- Up-to-date symlink: /root/ros2_ws/install/mg400_msgs/local/lib/python3.10/dist-packages/mg400_msgs/libmg400_msgs__rosidl_generator_py.so
-- Up-to-date symlink: /root/ros2_ws/install/mg400_msgs/local/lib/python3.10/dist-packages/mg400_msgs/mg400_msgs_s__rosidl_typesupport_c.cpython-310-x86_64-linux-gnu.so
-- Up-to-date symlink: /root/ros2_ws/install/mg400_msgs/local/lib/python3.10/dist-packages/mg400_msgs/mg400_msgs_s__rosidl_typesupport_fastrtps_c.cpython-310-x86_64-linux-gnu.so
-- Up-to-date symlink: /root/ros2_ws/install/mg400_msgs/local/lib/python3.10/dist-packages/mg400_msgs/mg400_msgs_s__rosidl_typesupport_introspection_c.cpython-310-x86_64-linux-gnu.so
-- Up-to-date symlink: /root/ros2_ws/install/mg400_msgs/local/lib/python3.10/dist-packages/mg400_msgs/msg/__init__.py
-- Up-to-date symlink: /root/ros2_ws/install/mg400_msgs/local/lib/python3.10/dist-packages/mg400_msgs/msg/_arch.py
-- Up-to-date symlink: /root/ros2_ws/install/mg400_msgs/local/lib/python3.10/dist-packages/mg400_msgs/msg/_arch_s.c
-- Up-to-date symlink: /root/ros2_ws/install/mg400_msgs/local/lib/python3.10/dist-packages/mg400_msgs/msg/_collision_level.py
-- Up-to-date symlink: /root/ros2_ws/install/mg400_msgs/local/lib/python3.10/dist-packages/mg400_msgs/msg/_collision_level_s.c
-- Up-to-date symlink: /root/ros2_ws/install/mg400_msgs/local/lib/python3.10/dist-packages/mg400_msgs/msg/_command.py
-- Up-to-date symlink: /root/ros2_ws/install/mg400_msgs/local/lib/python3.10/dist-packages/mg400_msgs/msg/_command_s.c
-- Up-to-date symlink: /root/ros2_ws/install/mg400_msgs/local/lib/python3.10/dist-packages/mg400_msgs/msg/_di_index.py
-- Up-to-date symlink: /root/ros2_ws/install/mg400_msgs/local/lib/python3.10/dist-packages/mg400_msgs/msg/_di_index_s.c
-- Up-to-date symlink: /root/ros2_ws/install/mg400_msgs/local/lib/python3.10/dist-packages/mg400_msgs/msg/_distance_mode.py
-- Up-to-date symlink: /root/ros2_ws/install/mg400_msgs/local/lib/python3.10/dist-packages/mg400_msgs/msg/_distance_mode_s.c
-- Up-to-date symlink: /root/ros2_ws/install/mg400_msgs/local/lib/python3.10/dist-packages/mg400_msgs/msg/_do_index.py
-- Up-to-date symlink: /root/ros2_ws/install/mg400_msgs/local/lib/python3.10/dist-packages/mg400_msgs/msg/_do_index_s.c
-- Up-to-date symlink: /root/ros2_ws/install/mg400_msgs/local/lib/python3.10/dist-packages/mg400_msgs/msg/_do_status.py
-- Up-to-date symlink: /root/ros2_ws/install/mg400_msgs/local/lib/python3.10/dist-packages/mg400_msgs/msg/_do_status_s.c
-- Up-to-date symlink: /root/ros2_ws/install/mg400_msgs/local/lib/python3.10/dist-packages/mg400_msgs/msg/_error_id.py
-- Up-to-date symlink: /root/ros2_ws/install/mg400_msgs/local/lib/python3.10/dist-packages/mg400_msgs/msg/_error_id_s.c
-- Up-to-date symlink: /root/ros2_ws/install/mg400_msgs/local/lib/python3.10/dist-packages/mg400_msgs/msg/_id_array.py
-- Up-to-date symlink: /root/ros2_ws/install/mg400_msgs/local/lib/python3.10/dist-packages/mg400_msgs/msg/_id_array_s.c
-- Up-to-date symlink: /root/ros2_ws/install/mg400_msgs/local/lib/python3.10/dist-packages/mg400_msgs/msg/_joint_mov_j.py
-- Up-to-date symlink: /root/ros2_ws/install/mg400_msgs/local/lib/python3.10/dist-packages/mg400_msgs/msg/_joint_mov_j_s.c
-- Up-to-date symlink: /root/ros2_ws/install/mg400_msgs/local/lib/python3.10/dist-packages/mg400_msgs/msg/_mov_j.py
-- Up-to-date symlink: /root/ros2_ws/install/mg400_msgs/local/lib/python3.10/dist-packages/mg400_msgs/msg/_mov_j_s.c
-- Up-to-date symlink: /root/ros2_ws/install/mg400_msgs/local/lib/python3.10/dist-packages/mg400_msgs/msg/_mov_jio.py
-- Up-to-date symlink: /root/ros2_ws/install/mg400_msgs/local/lib/python3.10/dist-packages/mg400_msgs/msg/_mov_jio_s.c
-- Up-to-date symlink: /root/ros2_ws/install/mg400_msgs/local/lib/python3.10/dist-packages/mg400_msgs/msg/_mov_l.py
-- Up-to-date symlink: /root/ros2_ws/install/mg400_msgs/local/lib/python3.10/dist-packages/mg400_msgs/msg/_mov_l_s.c
-- Up-to-date symlink: /root/ros2_ws/install/mg400_msgs/local/lib/python3.10/dist-packages/mg400_msgs/msg/_mov_lio.py
-- Up-to-date symlink: /root/ros2_ws/install/mg400_msgs/local/lib/python3.10/dist-packages/mg400_msgs/msg/_mov_lio_s.c
-- Up-to-date symlink: /root/ros2_ws/install/mg400_msgs/local/lib/python3.10/dist-packages/mg400_msgs/msg/_move_jog.py
-- Up-to-date symlink: /root/ros2_ws/install/mg400_msgs/local/lib/python3.10/dist-packages/mg400_msgs/msg/_move_jog_s.c
-- Up-to-date symlink: /root/ros2_ws/install/mg400_msgs/local/lib/python3.10/dist-packages/mg400_msgs/msg/_robot_mode.py
-- Up-to-date symlink: /root/ros2_ws/install/mg400_msgs/local/lib/python3.10/dist-packages/mg400_msgs/msg/_robot_mode_s.c
-- Up-to-date symlink: /root/ros2_ws/install/mg400_msgs/local/lib/python3.10/dist-packages/mg400_msgs/msg/_tool.py
-- Up-to-date symlink: /root/ros2_ws/install/mg400_msgs/local/lib/python3.10/dist-packages/mg400_msgs/msg/_tool_di_index.py
-- Up-to-date symlink: /root/ros2_ws/install/mg400_msgs/local/lib/python3.10/dist-packages/mg400_msgs/msg/_tool_di_index_s.c
-- Up-to-date symlink: /root/ros2_ws/install/mg400_msgs/local/lib/python3.10/dist-packages/mg400_msgs/msg/_tool_do_index.py
-- Up-to-date symlink: /root/ros2_ws/install/mg400_msgs/local/lib/python3.10/dist-packages/mg400_msgs/msg/_tool_do_index_s.c
-- Up-to-date symlink: /root/ros2_ws/install/mg400_msgs/local/lib/python3.10/dist-packages/mg400_msgs/msg/_tool_s.c
-- Up-to-date symlink: /root/ros2_ws/install/mg400_msgs/local/lib/python3.10/dist-packages/mg400_msgs/msg/_user.py
-- Up-to-date symlink: /root/ros2_ws/install/mg400_msgs/local/lib/python3.10/dist-packages/mg400_msgs/msg/_user_s.c
-- Up-to-date symlink: /root/ros2_ws/install/mg400_msgs/local/lib/python3.10/dist-packages/mg400_msgs/srv/__init__.py
-- Up-to-date symlink: /root/ros2_ws/install/mg400_msgs/local/lib/python3.10/dist-packages/mg400_msgs/srv/_acc_j.py
-- Up-to-date symlink: /root/ros2_ws/install/mg400_msgs/local/lib/python3.10/dist-packages/mg400_msgs/srv/_acc_j_s.c
-- Up-to-date symlink: /root/ros2_ws/install/mg400_msgs/local/lib/python3.10/dist-packages/mg400_msgs/srv/_acc_l.py
-- Up-to-date symlink: /root/ros2_ws/install/mg400_msgs/local/lib/python3.10/dist-packages/mg400_msgs/srv/_acc_l_s.c
-- Up-to-date symlink: /root/ros2_ws/install/mg400_msgs/local/lib/python3.10/dist-packages/mg400_msgs/srv/_arch.py
-- Up-to-date symlink: /root/ros2_ws/install/mg400_msgs/local/lib/python3.10/dist-packages/mg400_msgs/srv/_arch_s.c
-- Up-to-date symlink: /root/ros2_ws/install/mg400_msgs/local/lib/python3.10/dist-packages/mg400_msgs/srv/_clear_error.py
-- Up-to-date symlink: /root/ros2_ws/install/mg400_msgs/local/lib/python3.10/dist-packages/mg400_msgs/srv/_clear_error_s.c
-- Up-to-date symlink: /root/ros2_ws/install/mg400_msgs/local/lib/python3.10/dist-packages/mg400_msgs/srv/_cp.py
-- Up-to-date symlink: /root/ros2_ws/install/mg400_msgs/local/lib/python3.10/dist-packages/mg400_msgs/srv/_cp_s.c
-- Up-to-date symlink: /root/ros2_ws/install/mg400_msgs/local/lib/python3.10/dist-packages/mg400_msgs/srv/_di.py
-- Up-to-date symlink: /root/ros2_ws/install/mg400_msgs/local/lib/python3.10/dist-packages/mg400_msgs/srv/_di_s.c
-- Up-to-date symlink: /root/ros2_ws/install/mg400_msgs/local/lib/python3.10/dist-packages/mg400_msgs/srv/_disable_robot.py
-- Up-to-date symlink: /root/ros2_ws/install/mg400_msgs/local/lib/python3.10/dist-packages/mg400_msgs/srv/_disable_robot_s.c
-- Up-to-date symlink: /root/ros2_ws/install/mg400_msgs/local/lib/python3.10/dist-packages/mg400_msgs/srv/_do.py
-- Up-to-date symlink: /root/ros2_ws/install/mg400_msgs/local/lib/python3.10/dist-packages/mg400_msgs/srv/_do_s.c
-- Up-to-date symlink: /root/ros2_ws/install/mg400_msgs/local/lib/python3.10/dist-packages/mg400_msgs/srv/_emergency_stop.py
-- Up-to-date symlink: /root/ros2_ws/install/mg400_msgs/local/lib/python3.10/dist-packages/mg400_msgs/srv/_emergency_stop_s.c
-- Up-to-date symlink: /root/ros2_ws/install/mg400_msgs/local/lib/python3.10/dist-packages/mg400_msgs/srv/_enable_robot.py
-- Up-to-date symlink: /root/ros2_ws/install/mg400_msgs/local/lib/python3.10/dist-packages/mg400_msgs/srv/_enable_robot_s.c
-- Up-to-date symlink: /root/ros2_ws/install/mg400_msgs/local/lib/python3.10/dist-packages/mg400_msgs/srv/_get_angle.py
-- Up-to-date symlink: /root/ros2_ws/install/mg400_msgs/local/lib/python3.10/dist-packages/mg400_msgs/srv/_get_angle_s.c
-- Up-to-date symlink: /root/ros2_ws/install/mg400_msgs/local/lib/python3.10/dist-packages/mg400_msgs/srv/_get_error_id.py
-- Up-to-date symlink: /root/ros2_ws/install/mg400_msgs/local/lib/python3.10/dist-packages/mg400_msgs/srv/_get_error_id_s.c
-- Up-to-date symlink: /root/ros2_ws/install/mg400_msgs/local/lib/python3.10/dist-packages/mg400_msgs/srv/_get_pose.py
-- Up-to-date symlink: /root/ros2_ws/install/mg400_msgs/local/lib/python3.10/dist-packages/mg400_msgs/srv/_get_pose_s.c
-- Up-to-date symlink: /root/ros2_ws/install/mg400_msgs/local/lib/python3.10/dist-packages/mg400_msgs/srv/_inverse_solution.py
-- Up-to-date symlink: /root/ros2_ws/install/mg400_msgs/local/lib/python3.10/dist-packages/mg400_msgs/srv/_inverse_solution_s.c
-- Up-to-date symlink: /root/ros2_ws/install/mg400_msgs/local/lib/python3.10/dist-packages/mg400_msgs/srv/_joint_mov_j.py
-- Up-to-date symlink: /root/ros2_ws/install/mg400_msgs/local/lib/python3.10/dist-packages/mg400_msgs/srv/_joint_mov_j_s.c
-- Up-to-date symlink: /root/ros2_ws/install/mg400_msgs/local/lib/python3.10/dist-packages/mg400_msgs/srv/_move_jog.py
-- Up-to-date symlink: /root/ros2_ws/install/mg400_msgs/local/lib/python3.10/dist-packages/mg400_msgs/srv/_move_jog_s.c
-- Up-to-date symlink: /root/ros2_ws/install/mg400_msgs/local/lib/python3.10/dist-packages/mg400_msgs/srv/_pay_load.py
-- Up-to-date symlink: /root/ros2_ws/install/mg400_msgs/local/lib/python3.10/dist-packages/mg400_msgs/srv/_pay_load_s.c
-- Up-to-date symlink: /root/ros2_ws/install/mg400_msgs/local/lib/python3.10/dist-packages/mg400_msgs/srv/_positive_solution.py
-- Up-to-date symlink: /root/ros2_ws/install/mg400_msgs/local/lib/python3.10/dist-packages/mg400_msgs/srv/_positive_solution_s.c
-- Up-to-date symlink: /root/ros2_ws/install/mg400_msgs/local/lib/python3.10/dist-packages/mg400_msgs/srv/_reset_robot.py
-- Up-to-date symlink: /root/ros2_ws/install/mg400_msgs/local/lib/python3.10/dist-packages/mg400_msgs/srv/_reset_robot_s.c
-- Up-to-date symlink: /root/ros2_ws/install/mg400_msgs/local/lib/python3.10/dist-packages/mg400_msgs/srv/_robot_mode.py
-- Up-to-date symlink: /root/ros2_ws/install/mg400_msgs/local/lib/python3.10/dist-packages/mg400_msgs/srv/_robot_mode_s.c
-- Up-to-date symlink: /root/ros2_ws/install/mg400_msgs/local/lib/python3.10/dist-packages/mg400_msgs/srv/_set_collision_level.py
-- Up-to-date symlink: /root/ros2_ws/install/mg400_msgs/local/lib/python3.10/dist-packages/mg400_msgs/srv/_set_collision_level_s.c
-- Up-to-date symlink: /root/ros2_ws/install/mg400_msgs/local/lib/python3.10/dist-packages/mg400_msgs/srv/_speed_factor.py
-- Up-to-date symlink: /root/ros2_ws/install/mg400_msgs/local/lib/python3.10/dist-packages/mg400_msgs/srv/_speed_factor_s.c
-- Up-to-date symlink: /root/ros2_ws/install/mg400_msgs/local/lib/python3.10/dist-packages/mg400_msgs/srv/_speed_j.py
-- Up-to-date symlink: /root/ros2_ws/install/mg400_msgs/local/lib/python3.10/dist-packages/mg400_msgs/srv/_speed_j_s.c
-- Up-to-date symlink: /root/ros2_ws/install/mg400_msgs/local/lib/python3.10/dist-packages/mg400_msgs/srv/_speed_l.py
-- Up-to-date symlink: /root/ros2_ws/install/mg400_msgs/local/lib/python3.10/dist-packages/mg400_msgs/srv/_speed_l_s.c
-- Up-to-date symlink: /root/ros2_ws/install/mg400_msgs/local/lib/python3.10/dist-packages/mg400_msgs/srv/_tool.py
-- Up-to-date symlink: /root/ros2_ws/install/mg400_msgs/local/lib/python3.10/dist-packages/mg400_msgs/srv/_tool_di.py
-- Up-to-date symlink: /root/ros2_ws/install/mg400_msgs/local/lib/python3.10/dist-packages/mg400_msgs/srv/_tool_di_s.c
-- Up-to-date symlink: /root/ros2_ws/install/mg400_msgs/local/lib/python3.10/dist-packages/mg400_msgs/srv/_tool_do_execute.py
-- Up-to-date symlink: /root/ros2_ws/install/mg400_msgs/local/lib/python3.10/dist-packages/mg400_msgs/srv/_tool_do_execute_s.c
-- Up-to-date symlink: /root/ros2_ws/install/mg400_msgs/local/lib/python3.10/dist-packages/mg400_msgs/srv/_tool_s.c
-- Up-to-date symlink: /root/ros2_ws/install/mg400_msgs/local/lib/python3.10/dist-packages/mg400_msgs/srv/_user.py
-- Up-to-date symlink: /root/ros2_ws/install/mg400_msgs/local/lib/python3.10/dist-packages/mg400_msgs/srv/_user_s.c
-- Up-to-date symlink: /root/ros2_ws/install/mg400_msgs/local/lib/python3.10/dist-packages/mg400_msgs/mg400_msgs_s__rosidl_typesupport_fastrtps_c.cpython-310-x86_64-linux-gnu.so
-- Up-to-date symlink: /root/ros2_ws/install/mg400_msgs/local/lib/python3.10/dist-packages/mg400_msgs/mg400_msgs_s__rosidl_typesupport_introspection_c.cpython-310-x86_64-linux-gnu.so
-- Up-to-date symlink: /root/ros2_ws/install/mg400_msgs/local/lib/python3.10/dist-packages/mg400_msgs/mg400_msgs_s__rosidl_typesupport_c.cpython-310-x86_64-linux-gnu.so
-- Up-to-date symlink: /root/ros2_ws/install/mg400_msgs/share/ament_index/resource_index/rust_packages/mg400_msgs
-- Up-to-date symlink: /root/ros2_ws/install/mg400_msgs/share/mg400_msgs/rust/Cargo.toml
-- Up-to-date symlink: /root/ros2_ws/install/mg400_msgs/share/mg400_msgs/rust/build.rs
-- Up-to-date symlink: /root/ros2_ws/install/mg400_msgs/share/mg400_msgs/rust/src/action.rs
-- Up-to-date symlink: /root/ros2_ws/install/mg400_msgs/share/mg400_msgs/rust/src/action/rmw.rs
-- Up-to-date symlink: /root/ros2_ws/install/mg400_msgs/share/mg400_msgs/rust/src/lib.rs
-- Up-to-date symlink: /root/ros2_ws/install/mg400_msgs/share/mg400_msgs/rust/src/msg.rs
-- Up-to-date symlink: /root/ros2_ws/install/mg400_msgs/share/mg400_msgs/rust/src/msg/rmw.rs
-- Up-to-date symlink: /root/ros2_ws/install/mg400_msgs/share/mg400_msgs/rust/src/srv.rs
-- Up-to-date symlink: /root/ros2_ws/install/mg400_msgs/share/mg400_msgs/rust/src/srv/rmw.rs
-- Up-to-date symlink: /root/ros2_ws/install/mg400_msgs/share/mg400_msgs/msg/Arch.idl
-- Up-to-date symlink: /root/ros2_ws/install/mg400_msgs/share/mg400_msgs/msg/CollisionLevel.idl
-- Up-to-date symlink: /root/ros2_ws/install/mg400_msgs/share/mg400_msgs/msg/Command.idl
-- Up-to-date symlink: /root/ros2_ws/install/mg400_msgs/share/mg400_msgs/msg/DIIndex.idl
-- Up-to-date symlink: /root/ros2_ws/install/mg400_msgs/share/mg400_msgs/msg/DOIndex.idl
-- Up-to-date symlink: /root/ros2_ws/install/mg400_msgs/share/mg400_msgs/msg/DOStatus.idl
-- Up-to-date symlink: /root/ros2_ws/install/mg400_msgs/share/mg400_msgs/msg/DistanceMode.idl
-- Up-to-date symlink: /root/ros2_ws/install/mg400_msgs/share/mg400_msgs/msg/ErrorID.idl
-- Up-to-date symlink: /root/ros2_ws/install/mg400_msgs/share/mg400_msgs/msg/IDArray.idl
-- Up-to-date symlink: /root/ros2_ws/install/mg400_msgs/share/mg400_msgs/msg/JointMovJ.idl
-- Up-to-date symlink: /root/ros2_ws/install/mg400_msgs/share/mg400_msgs/msg/MovJ.idl
-- Up-to-date symlink: /root/ros2_ws/install/mg400_msgs/share/mg400_msgs/msg/MovJIO.idl
-- Up-to-date symlink: /root/ros2_ws/install/mg400_msgs/share/mg400_msgs/msg/MovL.idl
-- Up-to-date symlink: /root/ros2_ws/install/mg400_msgs/share/mg400_msgs/msg/MovLIO.idl
-- Up-to-date symlink: /root/ros2_ws/install/mg400_msgs/share/mg400_msgs/msg/MoveJog.idl
-- Up-to-date symlink: /root/ros2_ws/install/mg400_msgs/share/mg400_msgs/msg/RobotMode.idl
-- Up-to-date symlink: /root/ros2_ws/install/mg400_msgs/share/mg400_msgs/msg/Tool.idl
-- Up-to-date symlink: /root/ros2_ws/install/mg400_msgs/share/mg400_msgs/msg/ToolDIIndex.idl
-- Up-to-date symlink: /root/ros2_ws/install/mg400_msgs/share/mg400_msgs/msg/ToolDOIndex.idl
-- Up-to-date symlink: /root/ros2_ws/install/mg400_msgs/share/mg400_msgs/msg/User.idl
-- Up-to-date symlink: /root/ros2_ws/install/mg400_msgs/share/mg400_msgs/srv/AccJ.idl
-- Up-to-date symlink: /root/ros2_ws/install/mg400_msgs/share/mg400_msgs/srv/AccL.idl
-- Up-to-date symlink: /root/ros2_ws/install/mg400_msgs/share/mg400_msgs/srv/Arch.idl
-- Up-to-date symlink: /root/ros2_ws/install/mg400_msgs/share/mg400_msgs/srv/CP.idl
-- Up-to-date symlink: /root/ros2_ws/install/mg400_msgs/share/mg400_msgs/srv/ClearError.idl
-- Up-to-date symlink: /root/ros2_ws/install/mg400_msgs/share/mg400_msgs/srv/DI.idl
-- Up-to-date symlink: /root/ros2_ws/install/mg400_msgs/share/mg400_msgs/srv/DO.idl
-- Up-to-date symlink: /root/ros2_ws/install/mg400_msgs/share/mg400_msgs/srv/DisableRobot.idl
-- Up-to-date symlink: /root/ros2_ws/install/mg400_msgs/share/mg400_msgs/srv/EmergencyStop.idl
-- Up-to-date symlink: /root/ros2_ws/install/mg400_msgs/share/mg400_msgs/srv/EnableRobot.idl
-- Up-to-date symlink: /root/ros2_ws/install/mg400_msgs/share/mg400_msgs/srv/GetAngle.idl
-- Up-to-date symlink: /root/ros2_ws/install/mg400_msgs/share/mg400_msgs/srv/GetErrorID.idl
-- Up-to-date symlink: /root/ros2_ws/install/mg400_msgs/share/mg400_msgs/srv/GetPose.idl
-- Up-to-date symlink: /root/ros2_ws/install/mg400_msgs/share/mg400_msgs/srv/InverseSolution.idl
-- Up-to-date symlink: /root/ros2_ws/install/mg400_msgs/share/mg400_msgs/srv/JointMovJ.idl
-- Up-to-date symlink: /root/ros2_ws/install/mg400_msgs/share/mg400_msgs/srv/MoveJog.idl
-- Up-to-date symlink: /root/ros2_ws/install/mg400_msgs/share/mg400_msgs/srv/PayLoad.idl
-- Up-to-date symlink: /root/ros2_ws/install/mg400_msgs/share/mg400_msgs/srv/PositiveSolution.idl
-- Up-to-date symlink: /root/ros2_ws/install/mg400_msgs/share/mg400_msgs/srv/ResetRobot.idl
-- Up-to-date symlink: /root/ros2_ws/install/mg400_msgs/share/mg400_msgs/srv/RobotMode.idl
-- Up-to-date symlink: /root/ros2_ws/install/mg400_msgs/share/mg400_msgs/srv/SetCollisionLevel.idl
-- Up-to-date symlink: /root/ros2_ws/install/mg400_msgs/share/mg400_msgs/srv/SpeedFactor.idl
-- Up-to-date symlink: /root/ros2_ws/install/mg400_msgs/share/mg400_msgs/srv/SpeedJ.idl
-- Up-to-date symlink: /root/ros2_ws/install/mg400_msgs/share/mg400_msgs/srv/SpeedL.idl
-- Up-to-date symlink: /root/ros2_ws/install/mg400_msgs/share/mg400_msgs/srv/Tool.idl
-- Up-to-date symlink: /root/ros2_ws/install/mg400_msgs/share/mg400_msgs/srv/ToolDI.idl
-- Up-to-date symlink: /root/ros2_ws/install/mg400_msgs/share/mg400_msgs/srv/ToolDOExecute.idl
-- Up-to-date symlink: /root/ros2_ws/install/mg400_msgs/share/mg400_msgs/srv/User.idl
-- Up-to-date symlink: /root/ros2_ws/install/mg400_msgs/share/mg400_msgs/action/CommandQueue.idl
-- Up-to-date symlink: /root/ros2_ws/install/mg400_msgs/share/mg400_msgs/action/JointMovJ.idl
-- Up-to-date symlink: /root/ros2_ws/install/mg400_msgs/share/mg400_msgs/action/MovJ.idl
-- Up-to-date symlink: /root/ros2_ws/install/mg400_msgs/share/mg400_msgs/action/MovJIO.idl
-- Up-to-date symlink: /root/ros2_ws/install/mg400_msgs/share/mg400_msgs/action/MovL.idl
-- Up-to-date symlink: /root/ros2_ws/install/mg400_msgs/share/mg400_msgs/action/MovLIO.idl
-- Up-to-date symlink: /root/ros2_ws/install/mg400_msgs/share/mg400_msgs/msg/Arch.msg
-- Up-to-date symlink: /root/ros2_ws/install/mg400_msgs/share/mg400_msgs/msg/CollisionLevel.msg
-- Up-to-date symlink: /root/ros2_ws/install/mg400_msgs/share/mg400_msgs/msg/Command.msg
-- Up-to-date symlink: /root/ros2_ws/install/mg400_msgs/share/mg400_msgs/msg/DIIndex.msg
-- Up-to-date symlink: /root/ros2_ws/install/mg400_msgs/share/mg400_msgs/msg/DOIndex.msg
-- Up-to-date symlink: /root/ros2_ws/install/mg400_msgs/share/mg400_msgs/msg/DOStatus.msg
-- Up-to-date symlink: /root/ros2_ws/install/mg400_msgs/share/mg400_msgs/msg/DistanceMode.msg
-- Up-to-date symlink: /root/ros2_ws/install/mg400_msgs/share/mg400_msgs/msg/ErrorID.msg
-- Up-to-date symlink: /root/ros2_ws/install/mg400_msgs/share/mg400_msgs/msg/IDArray.msg
-- Up-to-date symlink: /root/ros2_ws/install/mg400_msgs/share/mg400_msgs/msg/JointMovJ.msg
-- Up-to-date symlink: /root/ros2_ws/install/mg400_msgs/share/mg400_msgs/msg/MovJ.msg
-- Up-to-date symlink: /root/ros2_ws/install/mg400_msgs/share/mg400_msgs/msg/MovJIO.msg
-- Up-to-date symlink: /root/ros2_ws/install/mg400_msgs/share/mg400_msgs/msg/MovL.msg
-- Up-to-date symlink: /root/ros2_ws/install/mg400_msgs/share/mg400_msgs/msg/MovLIO.msg
-- Up-to-date symlink: /root/ros2_ws/install/mg400_msgs/share/mg400_msgs/msg/MoveJog.msg
-- Up-to-date symlink: /root/ros2_ws/install/mg400_msgs/share/mg400_msgs/msg/RobotMode.msg
-- Up-to-date symlink: /root/ros2_ws/install/mg400_msgs/share/mg400_msgs/msg/Tool.msg
-- Up-to-date symlink: /root/ros2_ws/install/mg400_msgs/share/mg400_msgs/msg/ToolDIIndex.msg
-- Up-to-date symlink: /root/ros2_ws/install/mg400_msgs/share/mg400_msgs/msg/ToolDOIndex.msg
-- Up-to-date symlink: /root/ros2_ws/install/mg400_msgs/share/mg400_msgs/msg/User.msg
-- Up-to-date symlink: /root/ros2_ws/install/mg400_msgs/share/mg400_msgs/srv/AccJ.srv
-- Up-to-date symlink: /root/ros2_ws/install/mg400_msgs/share/mg400_msgs/srv/AccJ_Request.msg
-- Up-to-date symlink: /root/ros2_ws/install/mg400_msgs/share/mg400_msgs/srv/AccJ_Response.msg
-- Up-to-date symlink: /root/ros2_ws/install/mg400_msgs/share/mg400_msgs/srv/AccL.srv
-- Up-to-date symlink: /root/ros2_ws/install/mg400_msgs/share/mg400_msgs/srv/AccL_Request.msg
-- Up-to-date symlink: /root/ros2_ws/install/mg400_msgs/share/mg400_msgs/srv/AccL_Response.msg
-- Up-to-date symlink: /root/ros2_ws/install/mg400_msgs/share/mg400_msgs/srv/Arch.srv
-- Up-to-date symlink: /root/ros2_ws/install/mg400_msgs/share/mg400_msgs/srv/Arch_Request.msg
-- Up-to-date symlink: /root/ros2_ws/install/mg400_msgs/share/mg400_msgs/srv/Arch_Response.msg
-- Up-to-date symlink: /root/ros2_ws/install/mg400_msgs/share/mg400_msgs/srv/CP.srv
-- Up-to-date symlink: /root/ros2_ws/install/mg400_msgs/share/mg400_msgs/srv/CP_Request.msg
-- Up-to-date symlink: /root/ros2_ws/install/mg400_msgs/share/mg400_msgs/srv/CP_Response.msg
-- Up-to-date symlink: /root/ros2_ws/install/mg400_msgs/share/mg400_msgs/srv/ClearError.srv
-- Up-to-date symlink: /root/ros2_ws/install/mg400_msgs/share/mg400_msgs/srv/ClearError_Request.msg
-- Up-to-date symlink: /root/ros2_ws/install/mg400_msgs/share/mg400_msgs/srv/ClearError_Response.msg
-- Up-to-date symlink: /root/ros2_ws/install/mg400_msgs/share/mg400_msgs/srv/DI.srv
-- Up-to-date symlink: /root/ros2_ws/install/mg400_msgs/share/mg400_msgs/srv/DI_Request.msg
-- Up-to-date symlink: /root/ros2_ws/install/mg400_msgs/share/mg400_msgs/srv/DI_Response.msg
-- Up-to-date symlink: /root/ros2_ws/install/mg400_msgs/share/mg400_msgs/srv/DO.srv
-- Up-to-date symlink: /root/ros2_ws/install/mg400_msgs/share/mg400_msgs/srv/DO_Request.msg
-- Up-to-date symlink: /root/ros2_ws/install/mg400_msgs/share/mg400_msgs/srv/DO_Response.msg
-- Up-to-date symlink: /root/ros2_ws/install/mg400_msgs/share/mg400_msgs/srv/DisableRobot.srv
-- Up-to-date symlink: /root/ros2_ws/install/mg400_msgs/share/mg400_msgs/srv/DisableRobot_Request.msg
-- Up-to-date symlink: /root/ros2_ws/install/mg400_msgs/share/mg400_msgs/srv/DisableRobot_Response.msg
-- Up-to-date symlink: /root/ros2_ws/install/mg400_msgs/share/mg400_msgs/srv/EmergencyStop.srv
-- Up-to-date symlink: /root/ros2_ws/install/mg400_msgs/share/mg400_msgs/srv/EmergencyStop_Request.msg
-- Up-to-date symlink: /root/ros2_ws/install/mg400_msgs/share/mg400_msgs/srv/EmergencyStop_Response.msg
-- Up-to-date symlink: /root/ros2_ws/install/mg400_msgs/share/mg400_msgs/srv/EnableRobot.srv
-- Up-to-date symlink: /root/ros2_ws/install/mg400_msgs/share/mg400_msgs/srv/EnableRobot_Request.msg
-- Up-to-date symlink: /root/ros2_ws/install/mg400_msgs/share/mg400_msgs/srv/EnableRobot_Response.msg
-- Up-to-date symlink: /root/ros2_ws/install/mg400_msgs/share/mg400_msgs/srv/GetAngle.srv
-- Up-to-date symlink: /root/ros2_ws/install/mg400_msgs/share/mg400_msgs/srv/GetAngle_Request.msg
-- Up-to-date symlink: /root/ros2_ws/install/mg400_msgs/share/mg400_msgs/srv/GetAngle_Response.msg
-- Up-to-date symlink: /root/ros2_ws/install/mg400_msgs/share/mg400_msgs/srv/GetErrorID.srv
-- Up-to-date symlink: /root/ros2_ws/install/mg400_msgs/share/mg400_msgs/srv/GetErrorID_Request.msg
-- Up-to-date symlink: /root/ros2_ws/install/mg400_msgs/share/mg400_msgs/srv/GetErrorID_Response.msg
-- Up-to-date symlink: /root/ros2_ws/install/mg400_msgs/share/mg400_msgs/srv/GetPose.srv
-- Up-to-date symlink: /root/ros2_ws/install/mg400_msgs/share/mg400_msgs/srv/GetPose_Request.msg
-- Up-to-date symlink: /root/ros2_ws/install/mg400_msgs/share/mg400_msgs/srv/GetPose_Response.msg
-- Up-to-date symlink: /root/ros2_ws/install/mg400_msgs/share/mg400_msgs/srv/InverseSolution.srv
-- Up-to-date symlink: /root/ros2_ws/install/mg400_msgs/share/mg400_msgs/srv/InverseSolution_Request.msg
-- Up-to-date symlink: /root/ros2_ws/install/mg400_msgs/share/mg400_msgs/srv/InverseSolution_Response.msg
-- Up-to-date symlink: /root/ros2_ws/install/mg400_msgs/share/mg400_msgs/srv/JointMovJ.srv
-- Up-to-date symlink: /root/ros2_ws/install/mg400_msgs/share/mg400_msgs/srv/JointMovJ_Request.msg
-- Up-to-date symlink: /root/ros2_ws/install/mg400_msgs/share/mg400_msgs/srv/JointMovJ_Response.msg
-- Up-to-date symlink: /root/ros2_ws/install/mg400_msgs/share/mg400_msgs/srv/MoveJog.srv
-- Up-to-date symlink: /root/ros2_ws/install/mg400_msgs/share/mg400_msgs/srv/MoveJog_Request.msg
-- Up-to-date symlink: /root/ros2_ws/install/mg400_msgs/share/mg400_msgs/srv/MoveJog_Response.msg
-- Up-to-date symlink: /root/ros2_ws/install/mg400_msgs/share/mg400_msgs/srv/PayLoad.srv
-- Up-to-date symlink: /root/ros2_ws/install/mg400_msgs/share/mg400_msgs/srv/PayLoad_Request.msg
-- Up-to-date symlink: /root/ros2_ws/install/mg400_msgs/share/mg400_msgs/srv/PayLoad_Response.msg
-- Up-to-date symlink: /root/ros2_ws/install/mg400_msgs/share/mg400_msgs/srv/PositiveSolution.srv
-- Up-to-date symlink: /root/ros2_ws/install/mg400_msgs/share/mg400_msgs/srv/PositiveSolution_Request.msg
-- Up-to-date symlink: /root/ros2_ws/install/mg400_msgs/share/mg400_msgs/srv/PositiveSolution_Response.msg
-- Up-to-date symlink: /root/ros2_ws/install/mg400_msgs/share/mg400_msgs/srv/ResetRobot.srv
-- Up-to-date symlink: /root/ros2_ws/install/mg400_msgs/share/mg400_msgs/srv/ResetRobot_Request.msg
-- Up-to-date symlink: /root/ros2_ws/install/mg400_msgs/share/mg400_msgs/srv/ResetRobot_Response.msg
-- Up-to-date symlink: /root/ros2_ws/install/mg400_msgs/share/mg400_msgs/srv/RobotMode.srv
-- Up-to-date symlink: /root/ros2_ws/install/mg400_msgs/share/mg400_msgs/srv/RobotMode_Request.msg
-- Up-to-date symlink: /root/ros2_ws/install/mg400_msgs/share/mg400_msgs/srv/RobotMode_Response.msg
-- Up-to-date symlink: /root/ros2_ws/install/mg400_msgs/share/mg400_msgs/srv/SetCollisionLevel.srv
-- Up-to-date symlink: /root/ros2_ws/install/mg400_msgs/share/mg400_msgs/srv/SetCollisionLevel_Request.msg
-- Up-to-date symlink: /root/ros2_ws/install/mg400_msgs/share/mg400_msgs/srv/SetCollisionLevel_Response.msg
-- Up-to-date symlink: /root/ros2_ws/install/mg400_msgs/share/mg400_msgs/srv/SpeedFactor.srv
-- Up-to-date symlink: /root/ros2_ws/install/mg400_msgs/share/mg400_msgs/srv/SpeedFactor_Request.msg
-- Up-to-date symlink: /root/ros2_ws/install/mg400_msgs/share/mg400_msgs/srv/SpeedFactor_Response.msg
-- Up-to-date symlink: /root/ros2_ws/install/mg400_msgs/share/mg400_msgs/srv/SpeedJ.srv
-- Up-to-date symlink: /root/ros2_ws/install/mg400_msgs/share/mg400_msgs/srv/SpeedJ_Request.msg
-- Up-to-date symlink: /root/ros2_ws/install/mg400_msgs/share/mg400_msgs/srv/SpeedJ_Response.msg
-- Up-to-date symlink: /root/ros2_ws/install/mg400_msgs/share/mg400_msgs/srv/SpeedL.srv
-- Up-to-date symlink: /root/ros2_ws/install/mg400_msgs/share/mg400_msgs/srv/SpeedL_Request.msg
-- Up-to-date symlink: /root/ros2_ws/install/mg400_msgs/share/mg400_msgs/srv/SpeedL_Response.msg
-- Up-to-date symlink: /root/ros2_ws/install/mg400_msgs/share/mg400_msgs/srv/Tool.srv
-- Up-to-date symlink: /root/ros2_ws/install/mg400_msgs/share/mg400_msgs/srv/Tool_Request.msg
-- Up-to-date symlink: /root/ros2_ws/install/mg400_msgs/share/mg400_msgs/srv/Tool_Response.msg
-- Up-to-date symlink: /root/ros2_ws/install/mg400_msgs/share/mg400_msgs/srv/ToolDI.srv
-- Up-to-date symlink: /root/ros2_ws/install/mg400_msgs/share/mg400_msgs/srv/ToolDI_Request.msg
-- Up-to-date symlink: /root/ros2_ws/install/mg400_msgs/share/mg400_msgs/srv/ToolDI_Response.msg
-- Up-to-date symlink: /root/ros2_ws/install/mg400_msgs/share/mg400_msgs/srv/ToolDOExecute.srv
-- Up-to-date symlink: /root/ros2_ws/install/mg400_msgs/share/mg400_msgs/srv/ToolDOExecute_Request.msg
-- Up-to-date symlink: /root/ros2_ws/install/mg400_msgs/share/mg400_msgs/srv/ToolDOExecute_Response.msg
-- Up-to-date symlink: /root/ros2_ws/install/mg400_msgs/share/mg400_msgs/srv/User.srv
-- Up-to-date symlink: /root/ros2_ws/install/mg400_msgs/share/mg400_msgs/srv/User_Request.msg
-- Up-to-date symlink: /root/ros2_ws/install/mg400_msgs/share/mg400_msgs/srv/User_Response.msg
-- Up-to-date symlink: /root/ros2_ws/install/mg400_msgs/share/mg400_msgs/action/CommandQueue.action
-- Up-to-date symlink: /root/ros2_ws/install/mg400_msgs/share/mg400_msgs/action/JointMovJ.action
-- Up-to-date symlink: /root/ros2_ws/install/mg400_msgs/share/mg400_msgs/action/MovJ.action
-- Up-to-date symlink: /root/ros2_ws/install/mg400_msgs/share/mg400_msgs/action/MovJIO.action
-- Up-to-date symlink: /root/ros2_ws/install/mg400_msgs/share/mg400_msgs/action/MovL.action
-- Up-to-date symlink: /root/ros2_ws/install/mg400_msgs/share/mg400_msgs/action/MovLIO.action
-- Up-to-date symlink: /root/ros2_ws/install/mg400_msgs/share/ament_index/resource_index/package_run_dependencies/mg400_msgs
-- Up-to-date symlink: /root/ros2_ws/install/mg400_msgs/share/ament_index/resource_index/parent_prefix_path/mg400_msgs
-- Up-to-date symlink: /root/ros2_ws/install/mg400_msgs/share/mg400_msgs/environment/ament_prefix_path.sh
-- Up-to-date symlink: /root/ros2_ws/install/mg400_msgs/share/mg400_msgs/environment/ament_prefix_path.dsv
-- Up-to-date symlink: /root/ros2_ws/install/mg400_msgs/share/mg400_msgs/environment/path.sh
-- Up-to-date symlink: /root/ros2_ws/install/mg400_msgs/share/mg400_msgs/environment/path.dsv
-- Up-to-date symlink: /root/ros2_ws/install/mg400_msgs/share/mg400_msgs/local_setup.bash
-- Up-to-date symlink: /root/ros2_ws/install/mg400_msgs/share/mg400_msgs/local_setup.sh
-- Up-to-date symlink: /root/ros2_ws/install/mg400_msgs/share/mg400_msgs/local_setup.zsh
-- Up-to-date symlink: /root/ros2_ws/install/mg400_msgs/share/mg400_msgs/local_setup.dsv
-- Symlinking: /root/ros2_ws/install/mg400_msgs/share/mg400_msgs/package.dsv
-- Up-to-date symlink: /root/ros2_ws/install/mg400_msgs/share/ament_index/resource_index/packages/mg400_msgs
-- Up-to-date symlink: /root/ros2_ws/install/mg400_msgs/share/mg400_msgs/cmake/rosidl_cmake-extras.cmake
-- Up-to-date symlink: /root/ros2_ws/install/mg400_msgs/share/mg400_msgs/cmake/ament_cmake_export_dependencies-extras.cmake
-- Up-to-date symlink: /root/ros2_ws/install/mg400_msgs/share/mg400_msgs/cmake/ament_cmake_export_include_directories-extras.cmake
-- Up-to-date symlink: /root/ros2_ws/install/mg400_msgs/share/mg400_msgs/cmake/ament_cmake_export_libraries-extras.cmake
-- Up-to-date symlink: /root/ros2_ws/install/mg400_msgs/share/mg400_msgs/cmake/ament_cmake_export_targets-extras.cmake
-- Up-to-date symlink: /root/ros2_ws/install/mg400_msgs/share/mg400_msgs/cmake/rosidl_cmake_export_typesupport_targets-extras.cmake
-- Up-to-date symlink: /root/ros2_ws/install/mg400_msgs/share/mg400_msgs/cmake/rosidl_cmake_export_typesupport_libraries-extras.cmake
-- Up-to-date symlink: /root/ros2_ws/install/mg400_msgs/share/mg400_msgs/cmake/rosidl_cmake_aggregate_target-extras.cmake
-- Up-to-date symlink: /root/ros2_ws/install/mg400_msgs/share/mg400_msgs/cmake/mg400_msgsConfig.cmake
-- Up-to-date symlink: /root/ros2_ws/install/mg400_msgs/share/mg400_msgs/cmake/mg400_msgsConfig-version.cmake
-- Up-to-date symlink: /root/ros2_ws/install/mg400_msgs/share/mg400_msgs/package.xml
-- Up-to-date: /root/ros2_ws/install/mg400_msgs/lib/libmg400_msgs__rosidl_generator_c.so
-- Up-to-date: /root/ros2_ws/install/mg400_msgs/lib/libmg400_msgs__rosidl_typesupport_fastrtps_c.so
-- Up-to-date: /root/ros2_ws/install/mg400_msgs/lib/libmg400_msgs__rosidl_typesupport_fastrtps_cpp.so
-- Up-to-date: /root/ros2_ws/install/mg400_msgs/lib/libmg400_msgs__rosidl_typesupport_introspection_c.so
-- Up-to-date: /root/ros2_ws/install/mg400_msgs/lib/libmg400_msgs__rosidl_typesupport_c.so
-- Up-to-date: /root/ros2_ws/install/mg400_msgs/lib/libmg400_msgs__rosidl_typesupport_introspection_cpp.so
-- Up-to-date: /root/ros2_ws/install/mg400_msgs/lib/libmg400_msgs__rosidl_typesupport_cpp.so
Listing '/root/ros2_ws/install/mg400_msgs/local/lib/python3.10/dist-packages/mg400_msgs'...
Listing '/root/ros2_ws/install/mg400_msgs/local/lib/python3.10/dist-packages/mg400_msgs/action'...
Listing '/root/ros2_ws/install/mg400_msgs/local/lib/python3.10/dist-packages/mg400_msgs/msg'...
Listing '/root/ros2_ws/install/mg400_msgs/local/lib/python3.10/dist-packages/mg400_msgs/srv'...
-- Up-to-date: /root/ros2_ws/install/mg400_msgs/lib/libmg400_msgs__rosidl_generator_py.so
-- Up-to-date: /root/ros2_ws/install/mg400_msgs/share/mg400_msgs/cmake/export_mg400_msgs__rosidl_generator_cExport.cmake
-- Up-to-date: /root/ros2_ws/install/mg400_msgs/share/mg400_msgs/cmake/export_mg400_msgs__rosidl_generator_cExport-noconfig.cmake
-- Up-to-date: /root/ros2_ws/install/mg400_msgs/share/mg400_msgs/cmake/export_mg400_msgs__rosidl_typesupport_fastrtps_cExport.cmake
-- Up-to-date: /root/ros2_ws/install/mg400_msgs/share/mg400_msgs/cmake/export_mg400_msgs__rosidl_typesupport_fastrtps_cExport-noconfig.cmake
-- Up-to-date: /root/ros2_ws/install/mg400_msgs/share/mg400_msgs/cmake/export_mg400_msgs__rosidl_generator_cppExport.cmake
-- Up-to-date: /root/ros2_ws/install/mg400_msgs/share/mg400_msgs/cmake/export_mg400_msgs__rosidl_typesupport_fastrtps_cppExport.cmake
-- Up-to-date: /root/ros2_ws/install/mg400_msgs/share/mg400_msgs/cmake/export_mg400_msgs__rosidl_typesupport_fastrtps_cppExport-noconfig.cmake
-- Up-to-date: /root/ros2_ws/install/mg400_msgs/share/mg400_msgs/cmake/mg400_msgs__rosidl_typesupport_introspection_cExport.cmake
-- Up-to-date: /root/ros2_ws/install/mg400_msgs/share/mg400_msgs/cmake/mg400_msgs__rosidl_typesupport_introspection_cExport-noconfig.cmake
-- Up-to-date: /root/ros2_ws/install/mg400_msgs/share/mg400_msgs/cmake/mg400_msgs__rosidl_typesupport_cExport.cmake
-- Up-to-date: /root/ros2_ws/install/mg400_msgs/share/mg400_msgs/cmake/mg400_msgs__rosidl_typesupport_cExport-noconfig.cmake
-- Up-to-date: /root/ros2_ws/install/mg400_msgs/share/mg400_msgs/cmake/mg400_msgs__rosidl_typesupport_introspection_cppExport.cmake
-- Up-to-date: /root/ros2_ws/install/mg400_msgs/share/mg400_msgs/cmake/mg400_msgs__rosidl_typesupport_introspection_cppExport-noconfig.cmake
-- Up-to-date: /root/ros2_ws/install/mg400_msgs/share/mg400_msgs/cmake/mg400_msgs__rosidl_typesupport_cppExport.cmake
-- Up-to-date: /root/ros2_ws/install/mg400_msgs/share/mg400_msgs/cmake/mg400_msgs__rosidl_typesupport_cppExport-noconfig.cmake
-- Up-to-date: /root/ros2_ws/install/mg400_msgs/share/mg400_msgs/cmake/export_mg400_msgs__rosidl_generator_pyExport.cmake
-- Up-to-date: /root/ros2_ws/install/mg400_msgs/share/mg400_msgs/cmake/export_mg400_msgs__rosidl_generator_pyExport-noconfig.cmake
