[0.014s] Invoking command in '/root/ros2_ws/build/mg400_msgs': CMAKE_PREFIX_PATH=/opt/ros/humble /usr/bin/cmake --build /root/ros2_ws/build/mg400_msgs -- -j16 -l16
[0.077s] [  1%] Built target mg400_msgs__rs
[0.082s] [  1%] Built target ament_cmake_python_symlink_mg400_msgs
[0.082s] [  1%] Built target mg400_msgs__cpp
[0.083s] [35m[1mConsolidate compiler generated dependencies of target mg400_msgs__rosidl_generator_c[0m
[0.110s] [35m[1mConsolidate compiler generated dependencies of target mg400_msgs__rosidl_typesupport_cpp[0m
[0.113s] [ 13%] Built target mg400_msgs__rosidl_generator_c
[0.113s] [35m[1mConsolidate compiler generated dependencies of target mg400_msgs__rosidl_typesupport_fastrtps_cpp[0m
[0.114s] [35m[1mConsolidate compiler generated dependencies of target mg400_msgs__rosidl_typesupport_introspection_cpp[0m
[0.134s] [35m[1mConsolidate compiler generated dependencies of target mg400_msgs__rosidl_typesupport_c[0m
[0.138s] [35m[1mConsolidate compiler generated dependencies of target mg400_msgs__rosidl_typesupport_introspection_c[0m
[0.147s] [35m[1mConsolidate compiler generated dependencies of target mg400_msgs__rosidl_typesupport_fastrtps_c[0m
[0.161s] [ 25%] Built target mg400_msgs__rosidl_typesupport_cpp
[0.161s] [ 38%] Built target mg400_msgs__rosidl_typesupport_c
[0.167s] [ 50%] Built target mg400_msgs__rosidl_typesupport_introspection_cpp
[0.174s] [ 63%] Built target mg400_msgs__rosidl_typesupport_introspection_c
[0.176s] [ 75%] Built target mg400_msgs__rosidl_typesupport_fastrtps_cpp
[0.205s] [ 88%] Built target mg400_msgs__rosidl_typesupport_fastrtps_c
[0.224s] [ 88%] Built target mg400_msgs
[0.246s] [ 88%] Built target mg400_msgs__py
[0.267s] running egg_info
[0.268s] writing mg400_msgs.egg-info/PKG-INFO
[0.268s] writing dependency_links to mg400_msgs.egg-info/dependency_links.txt
[0.268s] writing top-level names to mg400_msgs.egg-info/top_level.txt
[0.271s] reading manifest file 'mg400_msgs.egg-info/SOURCES.txt'
[0.272s] writing manifest file 'mg400_msgs.egg-info/SOURCES.txt'
[0.273s] [35m[1mConsolidate compiler generated dependencies of target mg400_msgs__rosidl_generator_py[0m
[0.297s] [ 88%] Built target ament_cmake_python_build_mg400_msgs_egg
[0.329s] [100%] Built target mg400_msgs__rosidl_generator_py
[0.340s] [35m[1mConsolidate compiler generated dependencies of target mg400_msgs__rosidl_typesupport_c__pyext[0m
[0.340s] [35m[1mConsolidate compiler generated dependencies of target mg400_msgs__rosidl_typesupport_introspection_c__pyext[0m
[0.340s] [35m[1mConsolidate compiler generated dependencies of target mg400_msgs__rosidl_typesupport_fastrtps_c__pyext[0m
[0.354s] [100%] Built target mg400_msgs__rosidl_typesupport_fastrtps_c__pyext
[0.354s] [100%] Built target mg400_msgs__rosidl_typesupport_introspection_c__pyext
[0.354s] [100%] Built target mg400_msgs__rosidl_typesupport_c__pyext
[0.480s] Invoked command in '/root/ros2_ws/build/mg400_msgs' returned '0': CMAKE_PREFIX_PATH=/opt/ros/humble /usr/bin/cmake --build /root/ros2_ws/build/mg400_msgs -- -j16 -l16
[0.481s] Invoking command in '/root/ros2_ws/build/mg400_msgs': CMAKE_PREFIX_PATH=/opt/ros/humble /usr/bin/cmake --install /root/ros2_ws/build/mg400_msgs
[0.488s] -- Install configuration: ""
[0.489s] -- Execute custom install script
[0.489s] -- Up-to-date symlink: /root/ros2_ws/install/mg400_msgs/share/ament_index/resource_index/rosidl_interfaces/mg400_msgs
[0.492s] -- Up-to-date symlink: /root/ros2_ws/install/mg400_msgs/include/mg400_msgs/mg400_msgs/action/command_queue.h
[0.493s] -- Up-to-date symlink: /root/ros2_ws/install/mg400_msgs/include/mg400_msgs/mg400_msgs/action/detail/command_queue__functions.h
[0.493s] -- Up-to-date symlink: /root/ros2_ws/install/mg400_msgs/include/mg400_msgs/mg400_msgs/action/detail/command_queue__struct.h
[0.493s] -- Up-to-date symlink: /root/ros2_ws/install/mg400_msgs/include/mg400_msgs/mg400_msgs/action/detail/command_queue__type_support.h
[0.494s] -- Up-to-date symlink: /root/ros2_ws/install/mg400_msgs/include/mg400_msgs/mg400_msgs/action/detail/joint_mov_j__functions.h
[0.494s] -- Up-to-date symlink: /root/ros2_ws/install/mg400_msgs/include/mg400_msgs/mg400_msgs/action/detail/joint_mov_j__struct.h
[0.494s] -- Up-to-date symlink: /root/ros2_ws/install/mg400_msgs/include/mg400_msgs/mg400_msgs/action/detail/joint_mov_j__type_support.h
[0.494s] -- Up-to-date symlink: /root/ros2_ws/install/mg400_msgs/include/mg400_msgs/mg400_msgs/action/detail/mov_j__functions.h
[0.495s] -- Up-to-date symlink: /root/ros2_ws/install/mg400_msgs/include/mg400_msgs/mg400_msgs/action/detail/mov_j__struct.h
[0.495s] -- Up-to-date symlink: /root/ros2_ws/install/mg400_msgs/include/mg400_msgs/mg400_msgs/action/detail/mov_j__type_support.h
[0.495s] -- Up-to-date symlink: /root/ros2_ws/install/mg400_msgs/include/mg400_msgs/mg400_msgs/action/detail/mov_jio__functions.h
[0.495s] -- Up-to-date symlink: /root/ros2_ws/install/mg400_msgs/include/mg400_msgs/mg400_msgs/action/detail/mov_jio__struct.h
[0.495s] -- Up-to-date symlink: /root/ros2_ws/install/mg400_msgs/include/mg400_msgs/mg400_msgs/action/detail/mov_jio__type_support.h
[0.495s] -- Up-to-date symlink: /root/ros2_ws/install/mg400_msgs/include/mg400_msgs/mg400_msgs/action/detail/mov_l__functions.h
[0.496s] -- Up-to-date symlink: /root/ros2_ws/install/mg400_msgs/include/mg400_msgs/mg400_msgs/action/detail/mov_l__struct.h
[0.496s] -- Up-to-date symlink: /root/ros2_ws/install/mg400_msgs/include/mg400_msgs/mg400_msgs/action/detail/mov_l__type_support.h
[0.496s] -- Up-to-date symlink: /root/ros2_ws/install/mg400_msgs/include/mg400_msgs/mg400_msgs/action/detail/mov_lio__functions.h
[0.496s] -- Up-to-date symlink: /root/ros2_ws/install/mg400_msgs/include/mg400_msgs/mg400_msgs/action/detail/mov_lio__struct.h
[0.496s] -- Up-to-date symlink: /root/ros2_ws/install/mg400_msgs/include/mg400_msgs/mg400_msgs/action/detail/mov_lio__type_support.h
[0.496s] -- Up-to-date symlink: /root/ros2_ws/install/mg400_msgs/include/mg400_msgs/mg400_msgs/action/joint_mov_j.h
[0.497s] -- Up-to-date symlink: /root/ros2_ws/install/mg400_msgs/include/mg400_msgs/mg400_msgs/action/mov_j.h
[0.497s] -- Up-to-date symlink: /root/ros2_ws/install/mg400_msgs/include/mg400_msgs/mg400_msgs/action/mov_jio.h
[0.497s] -- Up-to-date symlink: /root/ros2_ws/install/mg400_msgs/include/mg400_msgs/mg400_msgs/action/mov_l.h
[0.497s] -- Up-to-date symlink: /root/ros2_ws/install/mg400_msgs/include/mg400_msgs/mg400_msgs/action/mov_lio.h
[0.497s] -- Up-to-date symlink: /root/ros2_ws/install/mg400_msgs/include/mg400_msgs/mg400_msgs/msg/arch.h
[0.497s] -- Up-to-date symlink: /root/ros2_ws/install/mg400_msgs/include/mg400_msgs/mg400_msgs/msg/collision_level.h
[0.497s] -- Up-to-date symlink: /root/ros2_ws/install/mg400_msgs/include/mg400_msgs/mg400_msgs/msg/command.h
[0.498s] -- Up-to-date symlink: /root/ros2_ws/install/mg400_msgs/include/mg400_msgs/mg400_msgs/msg/detail/arch__functions.h
[0.498s] -- Up-to-date symlink: /root/ros2_ws/install/mg400_msgs/include/mg400_msgs/mg400_msgs/msg/detail/arch__struct.h
[0.498s] -- Up-to-date symlink: /root/ros2_ws/install/mg400_msgs/include/mg400_msgs/mg400_msgs/msg/detail/arch__type_support.h
[0.498s] -- Up-to-date symlink: /root/ros2_ws/install/mg400_msgs/include/mg400_msgs/mg400_msgs/msg/detail/collision_level__functions.h
[0.498s] -- Up-to-date symlink: /root/ros2_ws/install/mg400_msgs/include/mg400_msgs/mg400_msgs/msg/detail/collision_level__struct.h
[0.498s] -- Up-to-date symlink: /root/ros2_ws/install/mg400_msgs/include/mg400_msgs/mg400_msgs/msg/detail/collision_level__type_support.h
[0.499s] -- Up-to-date symlink: /root/ros2_ws/install/mg400_msgs/include/mg400_msgs/mg400_msgs/msg/detail/command__functions.h
[0.499s] -- Up-to-date symlink: /root/ros2_ws/install/mg400_msgs/include/mg400_msgs/mg400_msgs/msg/detail/command__struct.h
[0.499s] -- Up-to-date symlink: /root/ros2_ws/install/mg400_msgs/include/mg400_msgs/mg400_msgs/msg/detail/command__type_support.h
[0.499s] -- Up-to-date symlink: /root/ros2_ws/install/mg400_msgs/include/mg400_msgs/mg400_msgs/msg/detail/di_index__functions.h
[0.499s] -- Up-to-date symlink: /root/ros2_ws/install/mg400_msgs/include/mg400_msgs/mg400_msgs/msg/detail/di_index__struct.h
[0.499s] -- Up-to-date symlink: /root/ros2_ws/install/mg400_msgs/include/mg400_msgs/mg400_msgs/msg/detail/di_index__type_support.h
[0.499s] -- Up-to-date symlink: /root/ros2_ws/install/mg400_msgs/include/mg400_msgs/mg400_msgs/msg/detail/distance_mode__functions.h
[0.500s] -- Up-to-date symlink: /root/ros2_ws/install/mg400_msgs/include/mg400_msgs/mg400_msgs/msg/detail/distance_mode__struct.h
[0.500s] -- Up-to-date symlink: /root/ros2_ws/install/mg400_msgs/include/mg400_msgs/mg400_msgs/msg/detail/distance_mode__type_support.h
[0.500s] -- Up-to-date symlink: /root/ros2_ws/install/mg400_msgs/include/mg400_msgs/mg400_msgs/msg/detail/do_index__functions.h
[0.500s] -- Up-to-date symlink: /root/ros2_ws/install/mg400_msgs/include/mg400_msgs/mg400_msgs/msg/detail/do_index__struct.h
[0.500s] -- Up-to-date symlink: /root/ros2_ws/install/mg400_msgs/include/mg400_msgs/mg400_msgs/msg/detail/do_index__type_support.h
[0.500s] -- Up-to-date symlink: /root/ros2_ws/install/mg400_msgs/include/mg400_msgs/mg400_msgs/msg/detail/do_status__functions.h
[0.501s] -- Up-to-date symlink: /root/ros2_ws/install/mg400_msgs/include/mg400_msgs/mg400_msgs/msg/detail/do_status__struct.h
[0.501s] -- Up-to-date symlink: /root/ros2_ws/install/mg400_msgs/include/mg400_msgs/mg400_msgs/msg/detail/do_status__type_support.h
[0.501s] -- Up-to-date symlink: /root/ros2_ws/install/mg400_msgs/include/mg400_msgs/mg400_msgs/msg/detail/error_id__functions.h
[0.501s] -- Up-to-date symlink: /root/ros2_ws/install/mg400_msgs/include/mg400_msgs/mg400_msgs/msg/detail/error_id__struct.h
[0.501s] -- Up-to-date symlink: /root/ros2_ws/install/mg400_msgs/include/mg400_msgs/mg400_msgs/msg/detail/error_id__type_support.h
[0.501s] -- Up-to-date symlink: /root/ros2_ws/install/mg400_msgs/include/mg400_msgs/mg400_msgs/msg/detail/id_array__functions.h
[0.502s] -- Up-to-date symlink: /root/ros2_ws/install/mg400_msgs/include/mg400_msgs/mg400_msgs/msg/detail/id_array__struct.h
[0.502s] -- Up-to-date symlink: /root/ros2_ws/install/mg400_msgs/include/mg400_msgs/mg400_msgs/msg/detail/id_array__type_support.h
[0.502s] -- Up-to-date symlink: /root/ros2_ws/install/mg400_msgs/include/mg400_msgs/mg400_msgs/msg/detail/joint_mov_j__functions.h
[0.502s] -- Up-to-date symlink: /root/ros2_ws/install/mg400_msgs/include/mg400_msgs/mg400_msgs/msg/detail/joint_mov_j__struct.h
[0.502s] -- Up-to-date symlink: /root/ros2_ws/install/mg400_msgs/include/mg400_msgs/mg400_msgs/msg/detail/joint_mov_j__type_support.h
[0.503s] -- Up-to-date symlink: /root/ros2_ws/install/mg400_msgs/include/mg400_msgs/mg400_msgs/msg/detail/mov_j__functions.h
[0.503s] -- Up-to-date symlink: /root/ros2_ws/install/mg400_msgs/include/mg400_msgs/mg400_msgs/msg/detail/mov_j__struct.h
[0.503s] -- Up-to-date symlink: /root/ros2_ws/install/mg400_msgs/include/mg400_msgs/mg400_msgs/msg/detail/mov_j__type_support.h
[0.503s] -- Up-to-date symlink: /root/ros2_ws/install/mg400_msgs/include/mg400_msgs/mg400_msgs/msg/detail/mov_jio__functions.h
[0.503s] -- Up-to-date symlink: /root/ros2_ws/install/mg400_msgs/include/mg400_msgs/mg400_msgs/msg/detail/mov_jio__struct.h
[0.503s] -- Up-to-date symlink: /root/ros2_ws/install/mg400_msgs/include/mg400_msgs/mg400_msgs/msg/detail/mov_jio__type_support.h
[0.504s] -- Up-to-date symlink: /root/ros2_ws/install/mg400_msgs/include/mg400_msgs/mg400_msgs/msg/detail/mov_l__functions.h
[0.504s] -- Up-to-date symlink: /root/ros2_ws/install/mg400_msgs/include/mg400_msgs/mg400_msgs/msg/detail/mov_l__struct.h
[0.504s] -- Up-to-date symlink: /root/ros2_ws/install/mg400_msgs/include/mg400_msgs/mg400_msgs/msg/detail/mov_l__type_support.h
[0.504s] -- Up-to-date symlink: /root/ros2_ws/install/mg400_msgs/include/mg400_msgs/mg400_msgs/msg/detail/mov_lio__functions.h
[0.504s] -- Up-to-date symlink: /root/ros2_ws/install/mg400_msgs/include/mg400_msgs/mg400_msgs/msg/detail/mov_lio__struct.h
[0.504s] -- Up-to-date symlink: /root/ros2_ws/install/mg400_msgs/include/mg400_msgs/mg400_msgs/msg/detail/mov_lio__type_support.h
[0.504s] -- Up-to-date symlink: /root/ros2_ws/install/mg400_msgs/include/mg400_msgs/mg400_msgs/msg/detail/move_jog__functions.h
[0.505s] -- Up-to-date symlink: /root/ros2_ws/install/mg400_msgs/include/mg400_msgs/mg400_msgs/msg/detail/move_jog__struct.h
[0.505s] -- Up-to-date symlink: /root/ros2_ws/install/mg400_msgs/include/mg400_msgs/mg400_msgs/msg/detail/move_jog__type_support.h
[0.505s] -- Up-to-date symlink: /root/ros2_ws/install/mg400_msgs/include/mg400_msgs/mg400_msgs/msg/detail/robot_mode__functions.h
[0.505s] -- Up-to-date symlink: /root/ros2_ws/install/mg400_msgs/include/mg400_msgs/mg400_msgs/msg/detail/robot_mode__struct.h
[0.505s] -- Up-to-date symlink: /root/ros2_ws/install/mg400_msgs/include/mg400_msgs/mg400_msgs/msg/detail/robot_mode__type_support.h
[0.505s] -- Up-to-date symlink: /root/ros2_ws/install/mg400_msgs/include/mg400_msgs/mg400_msgs/msg/detail/tool__functions.h
[0.505s] -- Up-to-date symlink: /root/ros2_ws/install/mg400_msgs/include/mg400_msgs/mg400_msgs/msg/detail/tool__struct.h
[0.506s] -- Up-to-date symlink: /root/ros2_ws/install/mg400_msgs/include/mg400_msgs/mg400_msgs/msg/detail/tool__type_support.h
[0.506s] -- Up-to-date symlink: /root/ros2_ws/install/mg400_msgs/include/mg400_msgs/mg400_msgs/msg/detail/tool_di_index__functions.h
[0.506s] -- Up-to-date symlink: /root/ros2_ws/install/mg400_msgs/include/mg400_msgs/mg400_msgs/msg/detail/tool_di_index__struct.h
[0.506s] -- Up-to-date symlink: /root/ros2_ws/install/mg400_msgs/include/mg400_msgs/mg400_msgs/msg/detail/tool_di_index__type_support.h
[0.506s] -- Up-to-date symlink: /root/ros2_ws/install/mg400_msgs/include/mg400_msgs/mg400_msgs/msg/detail/tool_do_index__functions.h
[0.506s] -- Up-to-date symlink: /root/ros2_ws/install/mg400_msgs/include/mg400_msgs/mg400_msgs/msg/detail/tool_do_index__struct.h
[0.507s] -- Up-to-date symlink: /root/ros2_ws/install/mg400_msgs/include/mg400_msgs/mg400_msgs/msg/detail/tool_do_index__type_support.h
[0.507s] -- Up-to-date symlink: /root/ros2_ws/install/mg400_msgs/include/mg400_msgs/mg400_msgs/msg/detail/user__functions.h
[0.507s] -- Up-to-date symlink: /root/ros2_ws/install/mg400_msgs/include/mg400_msgs/mg400_msgs/msg/detail/user__struct.h
[0.507s] -- Up-to-date symlink: /root/ros2_ws/install/mg400_msgs/include/mg400_msgs/mg400_msgs/msg/detail/user__type_support.h
[0.507s] -- Up-to-date symlink: /root/ros2_ws/install/mg400_msgs/include/mg400_msgs/mg400_msgs/msg/di_index.h
[0.507s] -- Up-to-date symlink: /root/ros2_ws/install/mg400_msgs/include/mg400_msgs/mg400_msgs/msg/distance_mode.h
[0.507s] -- Up-to-date symlink: /root/ros2_ws/install/mg400_msgs/include/mg400_msgs/mg400_msgs/msg/do_index.h
[0.508s] -- Up-to-date symlink: /root/ros2_ws/install/mg400_msgs/include/mg400_msgs/mg400_msgs/msg/do_status.h
[0.508s] -- Up-to-date symlink: /root/ros2_ws/install/mg400_msgs/include/mg400_msgs/mg400_msgs/msg/error_id.h
[0.508s] -- Up-to-date symlink: /root/ros2_ws/install/mg400_msgs/include/mg400_msgs/mg400_msgs/msg/id_array.h
[0.508s] -- Up-to-date symlink: /root/ros2_ws/install/mg400_msgs/include/mg400_msgs/mg400_msgs/msg/joint_mov_j.h
[0.508s] -- Up-to-date symlink: /root/ros2_ws/install/mg400_msgs/include/mg400_msgs/mg400_msgs/msg/mov_j.h
[0.508s] -- Up-to-date symlink: /root/ros2_ws/install/mg400_msgs/include/mg400_msgs/mg400_msgs/msg/mov_jio.h
[0.508s] -- Up-to-date symlink: /root/ros2_ws/install/mg400_msgs/include/mg400_msgs/mg400_msgs/msg/mov_l.h
[0.509s] -- Up-to-date symlink: /root/ros2_ws/install/mg400_msgs/include/mg400_msgs/mg400_msgs/msg/mov_lio.h
[0.509s] -- Up-to-date symlink: /root/ros2_ws/install/mg400_msgs/include/mg400_msgs/mg400_msgs/msg/move_jog.h
[0.509s] -- Up-to-date symlink: /root/ros2_ws/install/mg400_msgs/include/mg400_msgs/mg400_msgs/msg/robot_mode.h
[0.509s] -- Up-to-date symlink: /root/ros2_ws/install/mg400_msgs/include/mg400_msgs/mg400_msgs/msg/rosidl_generator_c__visibility_control.h
[0.509s] -- Up-to-date symlink: /root/ros2_ws/install/mg400_msgs/include/mg400_msgs/mg400_msgs/msg/tool.h
[0.509s] -- Up-to-date symlink: /root/ros2_ws/install/mg400_msgs/include/mg400_msgs/mg400_msgs/msg/tool_di_index.h
[0.509s] -- Up-to-date symlink: /root/ros2_ws/install/mg400_msgs/include/mg400_msgs/mg400_msgs/msg/tool_do_index.h
[0.510s] -- Up-to-date symlink: /root/ros2_ws/install/mg400_msgs/include/mg400_msgs/mg400_msgs/msg/user.h
[0.510s] -- Up-to-date symlink: /root/ros2_ws/install/mg400_msgs/include/mg400_msgs/mg400_msgs/srv/acc_j.h
[0.510s] -- Up-to-date symlink: /root/ros2_ws/install/mg400_msgs/include/mg400_msgs/mg400_msgs/srv/acc_l.h
[0.510s] -- Up-to-date symlink: /root/ros2_ws/install/mg400_msgs/include/mg400_msgs/mg400_msgs/srv/arch.h
[0.510s] -- Up-to-date symlink: /root/ros2_ws/install/mg400_msgs/include/mg400_msgs/mg400_msgs/srv/clear_error.h
[0.510s] -- Up-to-date symlink: /root/ros2_ws/install/mg400_msgs/include/mg400_msgs/mg400_msgs/srv/cp.h
[0.510s] -- Up-to-date symlink: /root/ros2_ws/install/mg400_msgs/include/mg400_msgs/mg400_msgs/srv/detail/acc_j__functions.h
[0.511s] -- Up-to-date symlink: /root/ros2_ws/install/mg400_msgs/include/mg400_msgs/mg400_msgs/srv/detail/acc_j__struct.h
[0.511s] -- Up-to-date symlink: /root/ros2_ws/install/mg400_msgs/include/mg400_msgs/mg400_msgs/srv/detail/acc_j__type_support.h
[0.511s] -- Up-to-date symlink: /root/ros2_ws/install/mg400_msgs/include/mg400_msgs/mg400_msgs/srv/detail/acc_l__functions.h
[0.512s] -- Up-to-date symlink: /root/ros2_ws/install/mg400_msgs/include/mg400_msgs/mg400_msgs/srv/detail/acc_l__struct.h
[0.512s] -- Up-to-date symlink: /root/ros2_ws/install/mg400_msgs/include/mg400_msgs/mg400_msgs/srv/detail/acc_l__type_support.h
[0.512s] -- Up-to-date symlink: /root/ros2_ws/install/mg400_msgs/include/mg400_msgs/mg400_msgs/srv/detail/arch__functions.h
[0.512s] -- Up-to-date symlink: /root/ros2_ws/install/mg400_msgs/include/mg400_msgs/mg400_msgs/srv/detail/arch__struct.h
[0.512s] -- Up-to-date symlink: /root/ros2_ws/install/mg400_msgs/include/mg400_msgs/mg400_msgs/srv/detail/arch__type_support.h
[0.513s] -- Up-to-date symlink: /root/ros2_ws/install/mg400_msgs/include/mg400_msgs/mg400_msgs/srv/detail/clear_error__functions.h
[0.513s] -- Up-to-date symlink: /root/ros2_ws/install/mg400_msgs/include/mg400_msgs/mg400_msgs/srv/detail/clear_error__struct.h
[0.513s] -- Up-to-date symlink: /root/ros2_ws/install/mg400_msgs/include/mg400_msgs/mg400_msgs/srv/detail/clear_error__type_support.h
[0.513s] -- Up-to-date symlink: /root/ros2_ws/install/mg400_msgs/include/mg400_msgs/mg400_msgs/srv/detail/cp__functions.h
[0.513s] -- Up-to-date symlink: /root/ros2_ws/install/mg400_msgs/include/mg400_msgs/mg400_msgs/srv/detail/cp__struct.h
[0.513s] -- Up-to-date symlink: /root/ros2_ws/install/mg400_msgs/include/mg400_msgs/mg400_msgs/srv/detail/cp__type_support.h
[0.513s] -- Up-to-date symlink: /root/ros2_ws/install/mg400_msgs/include/mg400_msgs/mg400_msgs/srv/detail/di__functions.h
[0.514s] -- Up-to-date symlink: /root/ros2_ws/install/mg400_msgs/include/mg400_msgs/mg400_msgs/srv/detail/di__struct.h
[0.514s] -- Up-to-date symlink: /root/ros2_ws/install/mg400_msgs/include/mg400_msgs/mg400_msgs/srv/detail/di__type_support.h
[0.514s] -- Up-to-date symlink: /root/ros2_ws/install/mg400_msgs/include/mg400_msgs/mg400_msgs/srv/detail/disable_robot__functions.h
[0.514s] -- Up-to-date symlink: /root/ros2_ws/install/mg400_msgs/include/mg400_msgs/mg400_msgs/srv/detail/disable_robot__struct.h
[0.514s] -- Up-to-date symlink: /root/ros2_ws/install/mg400_msgs/include/mg400_msgs/mg400_msgs/srv/detail/disable_robot__type_support.h
[0.514s] -- Up-to-date symlink: /root/ros2_ws/install/mg400_msgs/include/mg400_msgs/mg400_msgs/srv/detail/do__functions.h
[0.515s] -- Up-to-date symlink: /root/ros2_ws/install/mg400_msgs/include/mg400_msgs/mg400_msgs/srv/detail/do__struct.h
[0.515s] -- Up-to-date symlink: /root/ros2_ws/install/mg400_msgs/include/mg400_msgs/mg400_msgs/srv/detail/do__type_support.h
[0.515s] -- Up-to-date symlink: /root/ros2_ws/install/mg400_msgs/include/mg400_msgs/mg400_msgs/srv/detail/emergency_stop__functions.h
[0.515s] -- Up-to-date symlink: /root/ros2_ws/install/mg400_msgs/include/mg400_msgs/mg400_msgs/srv/detail/emergency_stop__struct.h
[0.515s] -- Up-to-date symlink: /root/ros2_ws/install/mg400_msgs/include/mg400_msgs/mg400_msgs/srv/detail/emergency_stop__type_support.h
[0.515s] -- Up-to-date symlink: /root/ros2_ws/install/mg400_msgs/include/mg400_msgs/mg400_msgs/srv/detail/enable_robot__functions.h
[0.515s] -- Up-to-date symlink: /root/ros2_ws/install/mg400_msgs/include/mg400_msgs/mg400_msgs/srv/detail/enable_robot__struct.h
[0.516s] -- Up-to-date symlink: /root/ros2_ws/install/mg400_msgs/include/mg400_msgs/mg400_msgs/srv/detail/enable_robot__type_support.h
[0.516s] -- Up-to-date symlink: /root/ros2_ws/install/mg400_msgs/include/mg400_msgs/mg400_msgs/srv/detail/get_angle__functions.h
[0.516s] -- Up-to-date symlink: /root/ros2_ws/install/mg400_msgs/include/mg400_msgs/mg400_msgs/srv/detail/get_angle__struct.h
[0.516s] -- Up-to-date symlink: /root/ros2_ws/install/mg400_msgs/include/mg400_msgs/mg400_msgs/srv/detail/get_angle__type_support.h
[0.516s] -- Up-to-date symlink: /root/ros2_ws/install/mg400_msgs/include/mg400_msgs/mg400_msgs/srv/detail/get_error_id__functions.h
[0.516s] -- Up-to-date symlink: /root/ros2_ws/install/mg400_msgs/include/mg400_msgs/mg400_msgs/srv/detail/get_error_id__struct.h
[0.517s] -- Up-to-date symlink: /root/ros2_ws/install/mg400_msgs/include/mg400_msgs/mg400_msgs/srv/detail/get_error_id__type_support.h
[0.517s] -- Up-to-date symlink: /root/ros2_ws/install/mg400_msgs/include/mg400_msgs/mg400_msgs/srv/detail/get_pose__functions.h
[0.517s] -- Up-to-date symlink: /root/ros2_ws/install/mg400_msgs/include/mg400_msgs/mg400_msgs/srv/detail/get_pose__struct.h
[0.517s] -- Up-to-date symlink: /root/ros2_ws/install/mg400_msgs/include/mg400_msgs/mg400_msgs/srv/detail/get_pose__type_support.h
[0.517s] -- Up-to-date symlink: /root/ros2_ws/install/mg400_msgs/include/mg400_msgs/mg400_msgs/srv/detail/inverse_solution__functions.h
[0.517s] -- Up-to-date symlink: /root/ros2_ws/install/mg400_msgs/include/mg400_msgs/mg400_msgs/srv/detail/inverse_solution__struct.h
[0.517s] -- Up-to-date symlink: /root/ros2_ws/install/mg400_msgs/include/mg400_msgs/mg400_msgs/srv/detail/inverse_solution__type_support.h
[0.517s] -- Up-to-date symlink: /root/ros2_ws/install/mg400_msgs/include/mg400_msgs/mg400_msgs/srv/detail/joint_mov_j__functions.h
[0.518s] -- Up-to-date symlink: /root/ros2_ws/install/mg400_msgs/include/mg400_msgs/mg400_msgs/srv/detail/joint_mov_j__struct.h
[0.518s] -- Up-to-date symlink: /root/ros2_ws/install/mg400_msgs/include/mg400_msgs/mg400_msgs/srv/detail/joint_mov_j__type_support.h
[0.518s] -- Up-to-date symlink: /root/ros2_ws/install/mg400_msgs/include/mg400_msgs/mg400_msgs/srv/detail/move_jog__functions.h
[0.518s] -- Up-to-date symlink: /root/ros2_ws/install/mg400_msgs/include/mg400_msgs/mg400_msgs/srv/detail/move_jog__struct.h
[0.518s] -- Up-to-date symlink: /root/ros2_ws/install/mg400_msgs/include/mg400_msgs/mg400_msgs/srv/detail/move_jog__type_support.h
[0.518s] -- Up-to-date symlink: /root/ros2_ws/install/mg400_msgs/include/mg400_msgs/mg400_msgs/srv/detail/pay_load__functions.h
[0.518s] -- Up-to-date symlink: /root/ros2_ws/install/mg400_msgs/include/mg400_msgs/mg400_msgs/srv/detail/pay_load__struct.h
[0.519s] -- Up-to-date symlink: /root/ros2_ws/install/mg400_msgs/include/mg400_msgs/mg400_msgs/srv/detail/pay_load__type_support.h
[0.519s] -- Up-to-date symlink: /root/ros2_ws/install/mg400_msgs/include/mg400_msgs/mg400_msgs/srv/detail/positive_solution__functions.h
[0.519s] -- Up-to-date symlink: /root/ros2_ws/install/mg400_msgs/include/mg400_msgs/mg400_msgs/srv/detail/positive_solution__struct.h
[0.519s] -- Up-to-date symlink: /root/ros2_ws/install/mg400_msgs/include/mg400_msgs/mg400_msgs/srv/detail/positive_solution__type_support.h
[0.519s] -- Up-to-date symlink: /root/ros2_ws/install/mg400_msgs/include/mg400_msgs/mg400_msgs/srv/detail/reset_robot__functions.h
[0.519s] -- Up-to-date symlink: /root/ros2_ws/install/mg400_msgs/include/mg400_msgs/mg400_msgs/srv/detail/reset_robot__struct.h
[0.520s] -- Up-to-date symlink: /root/ros2_ws/install/mg400_msgs/include/mg400_msgs/mg400_msgs/srv/detail/reset_robot__type_support.h
[0.520s] -- Up-to-date symlink: /root/ros2_ws/install/mg400_msgs/include/mg400_msgs/mg400_msgs/srv/detail/robot_mode__functions.h
[0.520s] -- Up-to-date symlink: /root/ros2_ws/install/mg400_msgs/include/mg400_msgs/mg400_msgs/srv/detail/robot_mode__struct.h
[0.520s] -- Up-to-date symlink: /root/ros2_ws/install/mg400_msgs/include/mg400_msgs/mg400_msgs/srv/detail/robot_mode__type_support.h
[0.520s] -- Up-to-date symlink: /root/ros2_ws/install/mg400_msgs/include/mg400_msgs/mg400_msgs/srv/detail/set_collision_level__functions.h
[0.520s] -- Up-to-date symlink: /root/ros2_ws/install/mg400_msgs/include/mg400_msgs/mg400_msgs/srv/detail/set_collision_level__struct.h
[0.520s] -- Up-to-date symlink: /root/ros2_ws/install/mg400_msgs/include/mg400_msgs/mg400_msgs/srv/detail/set_collision_level__type_support.h
[0.520s] -- Up-to-date symlink: /root/ros2_ws/install/mg400_msgs/include/mg400_msgs/mg400_msgs/srv/detail/speed_factor__functions.h
[0.521s] -- Up-to-date symlink: /root/ros2_ws/install/mg400_msgs/include/mg400_msgs/mg400_msgs/srv/detail/speed_factor__struct.h
[0.521s] -- Up-to-date symlink: /root/ros2_ws/install/mg400_msgs/include/mg400_msgs/mg400_msgs/srv/detail/speed_factor__type_support.h
[0.521s] -- Up-to-date symlink: /root/ros2_ws/install/mg400_msgs/include/mg400_msgs/mg400_msgs/srv/detail/speed_j__functions.h
[0.521s] -- Up-to-date symlink: /root/ros2_ws/install/mg400_msgs/include/mg400_msgs/mg400_msgs/srv/detail/speed_j__struct.h
[0.522s] -- Up-to-date symlink: /root/ros2_ws/install/mg400_msgs/include/mg400_msgs/mg400_msgs/srv/detail/speed_j__type_support.h
[0.522s] -- Up-to-date symlink: /root/ros2_ws/install/mg400_msgs/include/mg400_msgs/mg400_msgs/srv/detail/speed_l__functions.h
[0.522s] -- Up-to-date symlink: /root/ros2_ws/install/mg400_msgs/include/mg400_msgs/mg400_msgs/srv/detail/speed_l__struct.h
[0.522s] -- Up-to-date symlink: /root/ros2_ws/install/mg400_msgs/include/mg400_msgs/mg400_msgs/srv/detail/speed_l__type_support.h
[0.522s] -- Up-to-date symlink: /root/ros2_ws/install/mg400_msgs/include/mg400_msgs/mg400_msgs/srv/detail/tool__functions.h
[0.523s] -- Up-to-date symlink: /root/ros2_ws/install/mg400_msgs/include/mg400_msgs/mg400_msgs/srv/detail/tool__struct.h
[0.523s] -- Up-to-date symlink: /root/ros2_ws/install/mg400_msgs/include/mg400_msgs/mg400_msgs/srv/detail/tool__type_support.h
[0.523s] -- Up-to-date symlink: /root/ros2_ws/install/mg400_msgs/include/mg400_msgs/mg400_msgs/srv/detail/tool_di__functions.h
[0.523s] -- Up-to-date symlink: /root/ros2_ws/install/mg400_msgs/include/mg400_msgs/mg400_msgs/srv/detail/tool_di__struct.h
[0.523s] -- Up-to-date symlink: /root/ros2_ws/install/mg400_msgs/include/mg400_msgs/mg400_msgs/srv/detail/tool_di__type_support.h
[0.524s] -- Up-to-date symlink: /root/ros2_ws/install/mg400_msgs/include/mg400_msgs/mg400_msgs/srv/detail/tool_do_execute__functions.h
[0.524s] -- Up-to-date symlink: /root/ros2_ws/install/mg400_msgs/include/mg400_msgs/mg400_msgs/srv/detail/tool_do_execute__struct.h
[0.524s] -- Up-to-date symlink: /root/ros2_ws/install/mg400_msgs/include/mg400_msgs/mg400_msgs/srv/detail/tool_do_execute__type_support.h
[0.524s] -- Up-to-date symlink: /root/ros2_ws/install/mg400_msgs/include/mg400_msgs/mg400_msgs/srv/detail/user__functions.h
[0.524s] -- Up-to-date symlink: /root/ros2_ws/install/mg400_msgs/include/mg400_msgs/mg400_msgs/srv/detail/user__struct.h
[0.525s] -- Up-to-date symlink: /root/ros2_ws/install/mg400_msgs/include/mg400_msgs/mg400_msgs/srv/detail/user__type_support.h
[0.525s] -- Up-to-date symlink: /root/ros2_ws/install/mg400_msgs/include/mg400_msgs/mg400_msgs/srv/di.h
[0.525s] -- Up-to-date symlink: /root/ros2_ws/install/mg400_msgs/include/mg400_msgs/mg400_msgs/srv/disable_robot.h
[0.525s] -- Up-to-date symlink: /root/ros2_ws/install/mg400_msgs/include/mg400_msgs/mg400_msgs/srv/do.h
[0.526s] -- Up-to-date symlink: /root/ros2_ws/install/mg400_msgs/include/mg400_msgs/mg400_msgs/srv/emergency_stop.h
[0.526s] -- Up-to-date symlink: /root/ros2_ws/install/mg400_msgs/include/mg400_msgs/mg400_msgs/srv/enable_robot.h
[0.526s] -- Up-to-date symlink: /root/ros2_ws/install/mg400_msgs/include/mg400_msgs/mg400_msgs/srv/get_angle.h
[0.526s] -- Up-to-date symlink: /root/ros2_ws/install/mg400_msgs/include/mg400_msgs/mg400_msgs/srv/get_error_id.h
[0.526s] -- Up-to-date symlink: /root/ros2_ws/install/mg400_msgs/include/mg400_msgs/mg400_msgs/srv/get_pose.h
[0.527s] -- Up-to-date symlink: /root/ros2_ws/install/mg400_msgs/include/mg400_msgs/mg400_msgs/srv/inverse_solution.h
[0.527s] -- Up-to-date symlink: /root/ros2_ws/install/mg400_msgs/include/mg400_msgs/mg400_msgs/srv/joint_mov_j.h
[0.527s] -- Up-to-date symlink: /root/ros2_ws/install/mg400_msgs/include/mg400_msgs/mg400_msgs/srv/move_jog.h
[0.527s] -- Up-to-date symlink: /root/ros2_ws/install/mg400_msgs/include/mg400_msgs/mg400_msgs/srv/pay_load.h
[0.528s] -- Up-to-date symlink: /root/ros2_ws/install/mg400_msgs/include/mg400_msgs/mg400_msgs/srv/positive_solution.h
[0.528s] -- Up-to-date symlink: /root/ros2_ws/install/mg400_msgs/include/mg400_msgs/mg400_msgs/srv/reset_robot.h
[0.528s] -- Up-to-date symlink: /root/ros2_ws/install/mg400_msgs/include/mg400_msgs/mg400_msgs/srv/robot_mode.h
[0.528s] -- Up-to-date symlink: /root/ros2_ws/install/mg400_msgs/include/mg400_msgs/mg400_msgs/srv/set_collision_level.h
[0.528s] -- Up-to-date symlink: /root/ros2_ws/install/mg400_msgs/include/mg400_msgs/mg400_msgs/srv/speed_factor.h
[0.529s] -- Up-to-date symlink: /root/ros2_ws/install/mg400_msgs/include/mg400_msgs/mg400_msgs/srv/speed_j.h
[0.529s] -- Up-to-date symlink: /root/ros2_ws/install/mg400_msgs/include/mg400_msgs/mg400_msgs/srv/speed_l.h
[0.529s] -- Up-to-date symlink: /root/ros2_ws/install/mg400_msgs/include/mg400_msgs/mg400_msgs/srv/tool.h
[0.529s] -- Up-to-date symlink: /root/ros2_ws/install/mg400_msgs/include/mg400_msgs/mg400_msgs/srv/tool_di.h
[0.529s] -- Up-to-date symlink: /root/ros2_ws/install/mg400_msgs/include/mg400_msgs/mg400_msgs/srv/tool_do_execute.h
[0.530s] -- Up-to-date symlink: /root/ros2_ws/install/mg400_msgs/include/mg400_msgs/mg400_msgs/srv/user.h
[0.530s] -- Up-to-date symlink: /root/ros2_ws/install/mg400_msgs/share/mg400_msgs/environment/library_path.sh
[0.530s] -- Up-to-date symlink: /root/ros2_ws/install/mg400_msgs/share/mg400_msgs/environment/library_path.dsv
[0.533s] -- Up-to-date symlink: /root/ros2_ws/install/mg400_msgs/include/mg400_msgs/mg400_msgs/action/detail/command_queue__rosidl_typesupport_fastrtps_c.h
[0.533s] -- Up-to-date symlink: /root/ros2_ws/install/mg400_msgs/include/mg400_msgs/mg400_msgs/action/detail/joint_mov_j__rosidl_typesupport_fastrtps_c.h
[0.533s] -- Up-to-date symlink: /root/ros2_ws/install/mg400_msgs/include/mg400_msgs/mg400_msgs/action/detail/mov_j__rosidl_typesupport_fastrtps_c.h
[0.533s] -- Up-to-date symlink: /root/ros2_ws/install/mg400_msgs/include/mg400_msgs/mg400_msgs/action/detail/mov_jio__rosidl_typesupport_fastrtps_c.h
[0.534s] -- Up-to-date symlink: /root/ros2_ws/install/mg400_msgs/include/mg400_msgs/mg400_msgs/action/detail/mov_l__rosidl_typesupport_fastrtps_c.h
[0.534s] -- Up-to-date symlink: /root/ros2_ws/install/mg400_msgs/include/mg400_msgs/mg400_msgs/action/detail/mov_lio__rosidl_typesupport_fastrtps_c.h
[0.534s] -- Up-to-date symlink: /root/ros2_ws/install/mg400_msgs/include/mg400_msgs/mg400_msgs/msg/detail/arch__rosidl_typesupport_fastrtps_c.h
[0.534s] -- Up-to-date symlink: /root/ros2_ws/install/mg400_msgs/include/mg400_msgs/mg400_msgs/msg/detail/collision_level__rosidl_typesupport_fastrtps_c.h
[0.534s] -- Up-to-date symlink: /root/ros2_ws/install/mg400_msgs/include/mg400_msgs/mg400_msgs/msg/detail/command__rosidl_typesupport_fastrtps_c.h
[0.534s] -- Up-to-date symlink: /root/ros2_ws/install/mg400_msgs/include/mg400_msgs/mg400_msgs/msg/detail/di_index__rosidl_typesupport_fastrtps_c.h
[0.535s] -- Up-to-date symlink: /root/ros2_ws/install/mg400_msgs/include/mg400_msgs/mg400_msgs/msg/detail/distance_mode__rosidl_typesupport_fastrtps_c.h
[0.535s] -- Up-to-date symlink: /root/ros2_ws/install/mg400_msgs/include/mg400_msgs/mg400_msgs/msg/detail/do_index__rosidl_typesupport_fastrtps_c.h
[0.535s] -- Up-to-date symlink: /root/ros2_ws/install/mg400_msgs/include/mg400_msgs/mg400_msgs/msg/detail/do_status__rosidl_typesupport_fastrtps_c.h
[0.535s] -- Up-to-date symlink: /root/ros2_ws/install/mg400_msgs/include/mg400_msgs/mg400_msgs/msg/detail/error_id__rosidl_typesupport_fastrtps_c.h
[0.535s] -- Up-to-date symlink: /root/ros2_ws/install/mg400_msgs/include/mg400_msgs/mg400_msgs/msg/detail/id_array__rosidl_typesupport_fastrtps_c.h
[0.535s] -- Up-to-date symlink: /root/ros2_ws/install/mg400_msgs/include/mg400_msgs/mg400_msgs/msg/detail/joint_mov_j__rosidl_typesupport_fastrtps_c.h
[0.535s] -- Up-to-date symlink: /root/ros2_ws/install/mg400_msgs/include/mg400_msgs/mg400_msgs/msg/detail/mov_j__rosidl_typesupport_fastrtps_c.h
[0.536s] -- Up-to-date symlink: /root/ros2_ws/install/mg400_msgs/include/mg400_msgs/mg400_msgs/msg/detail/mov_jio__rosidl_typesupport_fastrtps_c.h
[0.536s] -- Up-to-date symlink: /root/ros2_ws/install/mg400_msgs/include/mg400_msgs/mg400_msgs/msg/detail/mov_l__rosidl_typesupport_fastrtps_c.h
[0.536s] -- Up-to-date symlink: /root/ros2_ws/install/mg400_msgs/include/mg400_msgs/mg400_msgs/msg/detail/mov_lio__rosidl_typesupport_fastrtps_c.h
[0.536s] -- Up-to-date symlink: /root/ros2_ws/install/mg400_msgs/include/mg400_msgs/mg400_msgs/msg/detail/move_jog__rosidl_typesupport_fastrtps_c.h
[0.536s] -- Up-to-date symlink: /root/ros2_ws/install/mg400_msgs/include/mg400_msgs/mg400_msgs/msg/detail/robot_mode__rosidl_typesupport_fastrtps_c.h
[0.536s] -- Up-to-date symlink: /root/ros2_ws/install/mg400_msgs/include/mg400_msgs/mg400_msgs/msg/detail/tool__rosidl_typesupport_fastrtps_c.h
[0.537s] -- Up-to-date symlink: /root/ros2_ws/install/mg400_msgs/include/mg400_msgs/mg400_msgs/msg/detail/tool_di_index__rosidl_typesupport_fastrtps_c.h
[0.537s] -- Up-to-date symlink: /root/ros2_ws/install/mg400_msgs/include/mg400_msgs/mg400_msgs/msg/detail/tool_do_index__rosidl_typesupport_fastrtps_c.h
[0.537s] -- Up-to-date symlink: /root/ros2_ws/install/mg400_msgs/include/mg400_msgs/mg400_msgs/msg/detail/user__rosidl_typesupport_fastrtps_c.h
[0.537s] -- Up-to-date symlink: /root/ros2_ws/install/mg400_msgs/include/mg400_msgs/mg400_msgs/msg/rosidl_typesupport_fastrtps_c__visibility_control.h
[0.538s] -- Up-to-date symlink: /root/ros2_ws/install/mg400_msgs/include/mg400_msgs/mg400_msgs/srv/detail/acc_j__rosidl_typesupport_fastrtps_c.h
[0.538s] -- Up-to-date symlink: /root/ros2_ws/install/mg400_msgs/include/mg400_msgs/mg400_msgs/srv/detail/acc_l__rosidl_typesupport_fastrtps_c.h
[0.538s] -- Up-to-date symlink: /root/ros2_ws/install/mg400_msgs/include/mg400_msgs/mg400_msgs/srv/detail/arch__rosidl_typesupport_fastrtps_c.h
[0.538s] -- Up-to-date symlink: /root/ros2_ws/install/mg400_msgs/include/mg400_msgs/mg400_msgs/srv/detail/clear_error__rosidl_typesupport_fastrtps_c.h
[0.538s] -- Up-to-date symlink: /root/ros2_ws/install/mg400_msgs/include/mg400_msgs/mg400_msgs/srv/detail/cp__rosidl_typesupport_fastrtps_c.h
[0.539s] -- Up-to-date symlink: /root/ros2_ws/install/mg400_msgs/include/mg400_msgs/mg400_msgs/srv/detail/di__rosidl_typesupport_fastrtps_c.h
[0.539s] -- Up-to-date symlink: /root/ros2_ws/install/mg400_msgs/include/mg400_msgs/mg400_msgs/srv/detail/disable_robot__rosidl_typesupport_fastrtps_c.h
[0.539s] -- Up-to-date symlink: /root/ros2_ws/install/mg400_msgs/include/mg400_msgs/mg400_msgs/srv/detail/do__rosidl_typesupport_fastrtps_c.h
[0.539s] -- Up-to-date symlink: /root/ros2_ws/install/mg400_msgs/include/mg400_msgs/mg400_msgs/srv/detail/emergency_stop__rosidl_typesupport_fastrtps_c.h
[0.539s] -- Up-to-date symlink: /root/ros2_ws/install/mg400_msgs/include/mg400_msgs/mg400_msgs/srv/detail/enable_robot__rosidl_typesupport_fastrtps_c.h
[0.539s] -- Up-to-date symlink: /root/ros2_ws/install/mg400_msgs/include/mg400_msgs/mg400_msgs/srv/detail/get_angle__rosidl_typesupport_fastrtps_c.h
[0.540s] -- Up-to-date symlink: /root/ros2_ws/install/mg400_msgs/include/mg400_msgs/mg400_msgs/srv/detail/get_error_id__rosidl_typesupport_fastrtps_c.h
[0.540s] -- Up-to-date symlink: /root/ros2_ws/install/mg400_msgs/include/mg400_msgs/mg400_msgs/srv/detail/get_pose__rosidl_typesupport_fastrtps_c.h
[0.540s] -- Up-to-date symlink: /root/ros2_ws/install/mg400_msgs/include/mg400_msgs/mg400_msgs/srv/detail/inverse_solution__rosidl_typesupport_fastrtps_c.h
[0.540s] -- Up-to-date symlink: /root/ros2_ws/install/mg400_msgs/include/mg400_msgs/mg400_msgs/srv/detail/joint_mov_j__rosidl_typesupport_fastrtps_c.h
[0.540s] -- Up-to-date symlink: /root/ros2_ws/install/mg400_msgs/include/mg400_msgs/mg400_msgs/srv/detail/move_jog__rosidl_typesupport_fastrtps_c.h
[0.540s] -- Up-to-date symlink: /root/ros2_ws/install/mg400_msgs/include/mg400_msgs/mg400_msgs/srv/detail/pay_load__rosidl_typesupport_fastrtps_c.h
[0.541s] -- Up-to-date symlink: /root/ros2_ws/install/mg400_msgs/include/mg400_msgs/mg400_msgs/srv/detail/positive_solution__rosidl_typesupport_fastrtps_c.h
[0.541s] -- Up-to-date symlink: /root/ros2_ws/install/mg400_msgs/include/mg400_msgs/mg400_msgs/srv/detail/reset_robot__rosidl_typesupport_fastrtps_c.h
[0.541s] -- Up-to-date symlink: /root/ros2_ws/install/mg400_msgs/include/mg400_msgs/mg400_msgs/srv/detail/robot_mode__rosidl_typesupport_fastrtps_c.h
[0.541s] -- Up-to-date symlink: /root/ros2_ws/install/mg400_msgs/include/mg400_msgs/mg400_msgs/srv/detail/set_collision_level__rosidl_typesupport_fastrtps_c.h
[0.541s] -- Up-to-date symlink: /root/ros2_ws/install/mg400_msgs/include/mg400_msgs/mg400_msgs/srv/detail/speed_factor__rosidl_typesupport_fastrtps_c.h
[0.541s] -- Up-to-date symlink: /root/ros2_ws/install/mg400_msgs/include/mg400_msgs/mg400_msgs/srv/detail/speed_j__rosidl_typesupport_fastrtps_c.h
[0.541s] -- Up-to-date symlink: /root/ros2_ws/install/mg400_msgs/include/mg400_msgs/mg400_msgs/srv/detail/speed_l__rosidl_typesupport_fastrtps_c.h
[0.542s] -- Up-to-date symlink: /root/ros2_ws/install/mg400_msgs/include/mg400_msgs/mg400_msgs/srv/detail/tool__rosidl_typesupport_fastrtps_c.h
[0.542s] -- Up-to-date symlink: /root/ros2_ws/install/mg400_msgs/include/mg400_msgs/mg400_msgs/srv/detail/tool_di__rosidl_typesupport_fastrtps_c.h
[0.542s] -- Up-to-date symlink: /root/ros2_ws/install/mg400_msgs/include/mg400_msgs/mg400_msgs/srv/detail/tool_do_execute__rosidl_typesupport_fastrtps_c.h
[0.542s] -- Up-to-date symlink: /root/ros2_ws/install/mg400_msgs/include/mg400_msgs/mg400_msgs/srv/detail/user__rosidl_typesupport_fastrtps_c.h
[0.545s] -- Up-to-date symlink: /root/ros2_ws/install/mg400_msgs/include/mg400_msgs/mg400_msgs/action/command_queue.hpp
[0.546s] -- Up-to-date symlink: /root/ros2_ws/install/mg400_msgs/include/mg400_msgs/mg400_msgs/action/detail/command_queue__builder.hpp
[0.546s] -- Up-to-date symlink: /root/ros2_ws/install/mg400_msgs/include/mg400_msgs/mg400_msgs/action/detail/command_queue__struct.hpp
[0.546s] -- Up-to-date symlink: /root/ros2_ws/install/mg400_msgs/include/mg400_msgs/mg400_msgs/action/detail/command_queue__traits.hpp
[0.546s] -- Up-to-date symlink: /root/ros2_ws/install/mg400_msgs/include/mg400_msgs/mg400_msgs/action/detail/command_queue__type_support.hpp
[0.546s] -- Up-to-date symlink: /root/ros2_ws/install/mg400_msgs/include/mg400_msgs/mg400_msgs/action/detail/joint_mov_j__builder.hpp
[0.546s] -- Up-to-date symlink: /root/ros2_ws/install/mg400_msgs/include/mg400_msgs/mg400_msgs/action/detail/joint_mov_j__struct.hpp
[0.546s] -- Up-to-date symlink: /root/ros2_ws/install/mg400_msgs/include/mg400_msgs/mg400_msgs/action/detail/joint_mov_j__traits.hpp
[0.546s] -- Up-to-date symlink: /root/ros2_ws/install/mg400_msgs/include/mg400_msgs/mg400_msgs/action/detail/joint_mov_j__type_support.hpp
[0.546s] -- Up-to-date symlink: /root/ros2_ws/install/mg400_msgs/include/mg400_msgs/mg400_msgs/action/detail/mov_j__builder.hpp
[0.547s] -- Up-to-date symlink: /root/ros2_ws/install/mg400_msgs/include/mg400_msgs/mg400_msgs/action/detail/mov_j__struct.hpp
[0.547s] -- Up-to-date symlink: /root/ros2_ws/install/mg400_msgs/include/mg400_msgs/mg400_msgs/action/detail/mov_j__traits.hpp
[0.547s] -- Up-to-date symlink: /root/ros2_ws/install/mg400_msgs/include/mg400_msgs/mg400_msgs/action/detail/mov_j__type_support.hpp
[0.547s] -- Up-to-date symlink: /root/ros2_ws/install/mg400_msgs/include/mg400_msgs/mg400_msgs/action/detail/mov_jio__builder.hpp
[0.547s] -- Up-to-date symlink: /root/ros2_ws/install/mg400_msgs/include/mg400_msgs/mg400_msgs/action/detail/mov_jio__struct.hpp
[0.547s] -- Up-to-date symlink: /root/ros2_ws/install/mg400_msgs/include/mg400_msgs/mg400_msgs/action/detail/mov_jio__traits.hpp
[0.547s] -- Up-to-date symlink: /root/ros2_ws/install/mg400_msgs/include/mg400_msgs/mg400_msgs/action/detail/mov_jio__type_support.hpp
[0.547s] -- Up-to-date symlink: /root/ros2_ws/install/mg400_msgs/include/mg400_msgs/mg400_msgs/action/detail/mov_l__builder.hpp
[0.547s] -- Up-to-date symlink: /root/ros2_ws/install/mg400_msgs/include/mg400_msgs/mg400_msgs/action/detail/mov_l__struct.hpp
[0.547s] -- Up-to-date symlink: /root/ros2_ws/install/mg400_msgs/include/mg400_msgs/mg400_msgs/action/detail/mov_l__traits.hpp
[0.547s] -- Up-to-date symlink: /root/ros2_ws/install/mg400_msgs/include/mg400_msgs/mg400_msgs/action/detail/mov_l__type_support.hpp
[0.547s] -- Up-to-date symlink: /root/ros2_ws/install/mg400_msgs/include/mg400_msgs/mg400_msgs/action/detail/mov_lio__builder.hpp
[0.547s] -- Up-to-date symlink: /root/ros2_ws/install/mg400_msgs/include/mg400_msgs/mg400_msgs/action/detail/mov_lio__struct.hpp
[0.548s] -- Up-to-date symlink: /root/ros2_ws/install/mg400_msgs/include/mg400_msgs/mg400_msgs/action/detail/mov_lio__traits.hpp
[0.548s] -- Up-to-date symlink: /root/ros2_ws/install/mg400_msgs/include/mg400_msgs/mg400_msgs/action/detail/mov_lio__type_support.hpp
[0.548s] -- Up-to-date symlink: /root/ros2_ws/install/mg400_msgs/include/mg400_msgs/mg400_msgs/action/joint_mov_j.hpp
[0.548s] -- Up-to-date symlink: /root/ros2_ws/install/mg400_msgs/include/mg400_msgs/mg400_msgs/action/mov_j.hpp
[0.548s] -- Up-to-date symlink: /root/ros2_ws/install/mg400_msgs/include/mg400_msgs/mg400_msgs/action/mov_jio.hpp
[0.548s] -- Up-to-date symlink: /root/ros2_ws/install/mg400_msgs/include/mg400_msgs/mg400_msgs/action/mov_l.hpp
[0.548s] -- Up-to-date symlink: /root/ros2_ws/install/mg400_msgs/include/mg400_msgs/mg400_msgs/action/mov_lio.hpp
[0.548s] -- Up-to-date symlink: /root/ros2_ws/install/mg400_msgs/include/mg400_msgs/mg400_msgs/msg/arch.hpp
[0.548s] -- Up-to-date symlink: /root/ros2_ws/install/mg400_msgs/include/mg400_msgs/mg400_msgs/msg/collision_level.hpp
[0.548s] -- Up-to-date symlink: /root/ros2_ws/install/mg400_msgs/include/mg400_msgs/mg400_msgs/msg/command.hpp
[0.549s] -- Up-to-date symlink: /root/ros2_ws/install/mg400_msgs/include/mg400_msgs/mg400_msgs/msg/detail/arch__builder.hpp
[0.549s] -- Up-to-date symlink: /root/ros2_ws/install/mg400_msgs/include/mg400_msgs/mg400_msgs/msg/detail/arch__struct.hpp
[0.549s] -- Up-to-date symlink: /root/ros2_ws/install/mg400_msgs/include/mg400_msgs/mg400_msgs/msg/detail/arch__traits.hpp
[0.549s] -- Up-to-date symlink: /root/ros2_ws/install/mg400_msgs/include/mg400_msgs/mg400_msgs/msg/detail/arch__type_support.hpp
[0.549s] -- Up-to-date symlink: /root/ros2_ws/install/mg400_msgs/include/mg400_msgs/mg400_msgs/msg/detail/collision_level__builder.hpp
[0.549s] -- Up-to-date symlink: /root/ros2_ws/install/mg400_msgs/include/mg400_msgs/mg400_msgs/msg/detail/collision_level__struct.hpp
[0.549s] -- Up-to-date symlink: /root/ros2_ws/install/mg400_msgs/include/mg400_msgs/mg400_msgs/msg/detail/collision_level__traits.hpp
[0.549s] -- Up-to-date symlink: /root/ros2_ws/install/mg400_msgs/include/mg400_msgs/mg400_msgs/msg/detail/collision_level__type_support.hpp
[0.549s] -- Up-to-date symlink: /root/ros2_ws/install/mg400_msgs/include/mg400_msgs/mg400_msgs/msg/detail/command__builder.hpp
[0.549s] -- Up-to-date symlink: /root/ros2_ws/install/mg400_msgs/include/mg400_msgs/mg400_msgs/msg/detail/command__struct.hpp
[0.550s] -- Up-to-date symlink: /root/ros2_ws/install/mg400_msgs/include/mg400_msgs/mg400_msgs/msg/detail/command__traits.hpp
[0.550s] -- Up-to-date symlink: /root/ros2_ws/install/mg400_msgs/include/mg400_msgs/mg400_msgs/msg/detail/command__type_support.hpp
[0.550s] -- Up-to-date symlink: /root/ros2_ws/install/mg400_msgs/include/mg400_msgs/mg400_msgs/msg/detail/di_index__builder.hpp
[0.550s] -- Up-to-date symlink: /root/ros2_ws/install/mg400_msgs/include/mg400_msgs/mg400_msgs/msg/detail/di_index__struct.hpp
[0.550s] -- Up-to-date symlink: /root/ros2_ws/install/mg400_msgs/include/mg400_msgs/mg400_msgs/msg/detail/di_index__traits.hpp
[0.550s] -- Up-to-date symlink: /root/ros2_ws/install/mg400_msgs/include/mg400_msgs/mg400_msgs/msg/detail/di_index__type_support.hpp
[0.550s] -- Up-to-date symlink: /root/ros2_ws/install/mg400_msgs/include/mg400_msgs/mg400_msgs/msg/detail/distance_mode__builder.hpp
[0.550s] -- Up-to-date symlink: /root/ros2_ws/install/mg400_msgs/include/mg400_msgs/mg400_msgs/msg/detail/distance_mode__struct.hpp
[0.550s] -- Up-to-date symlink: /root/ros2_ws/install/mg400_msgs/include/mg400_msgs/mg400_msgs/msg/detail/distance_mode__traits.hpp
[0.550s] -- Up-to-date symlink: /root/ros2_ws/install/mg400_msgs/include/mg400_msgs/mg400_msgs/msg/detail/distance_mode__type_support.hpp
[0.551s] -- Up-to-date symlink: /root/ros2_ws/install/mg400_msgs/include/mg400_msgs/mg400_msgs/msg/detail/do_index__builder.hpp
[0.551s] -- Up-to-date symlink: /root/ros2_ws/install/mg400_msgs/include/mg400_msgs/mg400_msgs/msg/detail/do_index__struct.hpp
[0.551s] -- Up-to-date symlink: /root/ros2_ws/install/mg400_msgs/include/mg400_msgs/mg400_msgs/msg/detail/do_index__traits.hpp
[0.551s] -- Up-to-date symlink: /root/ros2_ws/install/mg400_msgs/include/mg400_msgs/mg400_msgs/msg/detail/do_index__type_support.hpp
[0.551s] -- Up-to-date symlink: /root/ros2_ws/install/mg400_msgs/include/mg400_msgs/mg400_msgs/msg/detail/do_status__builder.hpp
[0.551s] -- Up-to-date symlink: /root/ros2_ws/install/mg400_msgs/include/mg400_msgs/mg400_msgs/msg/detail/do_status__struct.hpp
[0.551s] -- Up-to-date symlink: /root/ros2_ws/install/mg400_msgs/include/mg400_msgs/mg400_msgs/msg/detail/do_status__traits.hpp
[0.551s] -- Up-to-date symlink: /root/ros2_ws/install/mg400_msgs/include/mg400_msgs/mg400_msgs/msg/detail/do_status__type_support.hpp
[0.551s] -- Up-to-date symlink: /root/ros2_ws/install/mg400_msgs/include/mg400_msgs/mg400_msgs/msg/detail/error_id__builder.hpp
[0.551s] -- Up-to-date symlink: /root/ros2_ws/install/mg400_msgs/include/mg400_msgs/mg400_msgs/msg/detail/error_id__struct.hpp
[0.551s] -- Up-to-date symlink: /root/ros2_ws/install/mg400_msgs/include/mg400_msgs/mg400_msgs/msg/detail/error_id__traits.hpp
[0.552s] -- Up-to-date symlink: /root/ros2_ws/install/mg400_msgs/include/mg400_msgs/mg400_msgs/msg/detail/error_id__type_support.hpp
[0.552s] -- Up-to-date symlink: /root/ros2_ws/install/mg400_msgs/include/mg400_msgs/mg400_msgs/msg/detail/id_array__builder.hpp
[0.552s] -- Up-to-date symlink: /root/ros2_ws/install/mg400_msgs/include/mg400_msgs/mg400_msgs/msg/detail/id_array__struct.hpp
[0.552s] -- Up-to-date symlink: /root/ros2_ws/install/mg400_msgs/include/mg400_msgs/mg400_msgs/msg/detail/id_array__traits.hpp
[0.552s] -- Up-to-date symlink: /root/ros2_ws/install/mg400_msgs/include/mg400_msgs/mg400_msgs/msg/detail/id_array__type_support.hpp
[0.552s] -- Up-to-date symlink: /root/ros2_ws/install/mg400_msgs/include/mg400_msgs/mg400_msgs/msg/detail/joint_mov_j__builder.hpp
[0.552s] -- Up-to-date symlink: /root/ros2_ws/install/mg400_msgs/include/mg400_msgs/mg400_msgs/msg/detail/joint_mov_j__struct.hpp
[0.552s] -- Up-to-date symlink: /root/ros2_ws/install/mg400_msgs/include/mg400_msgs/mg400_msgs/msg/detail/joint_mov_j__traits.hpp
[0.552s] -- Up-to-date symlink: /root/ros2_ws/install/mg400_msgs/include/mg400_msgs/mg400_msgs/msg/detail/joint_mov_j__type_support.hpp
[0.553s] -- Up-to-date symlink: /root/ros2_ws/install/mg400_msgs/include/mg400_msgs/mg400_msgs/msg/detail/mov_j__builder.hpp
[0.553s] -- Up-to-date symlink: /root/ros2_ws/install/mg400_msgs/include/mg400_msgs/mg400_msgs/msg/detail/mov_j__struct.hpp
[0.553s] -- Up-to-date symlink: /root/ros2_ws/install/mg400_msgs/include/mg400_msgs/mg400_msgs/msg/detail/mov_j__traits.hpp
[0.553s] -- Up-to-date symlink: /root/ros2_ws/install/mg400_msgs/include/mg400_msgs/mg400_msgs/msg/detail/mov_j__type_support.hpp
[0.553s] -- Up-to-date symlink: /root/ros2_ws/install/mg400_msgs/include/mg400_msgs/mg400_msgs/msg/detail/mov_jio__builder.hpp
[0.553s] -- Up-to-date symlink: /root/ros2_ws/install/mg400_msgs/include/mg400_msgs/mg400_msgs/msg/detail/mov_jio__struct.hpp
[0.553s] -- Up-to-date symlink: /root/ros2_ws/install/mg400_msgs/include/mg400_msgs/mg400_msgs/msg/detail/mov_jio__traits.hpp
[0.553s] -- Up-to-date symlink: /root/ros2_ws/install/mg400_msgs/include/mg400_msgs/mg400_msgs/msg/detail/mov_jio__type_support.hpp
[0.553s] -- Up-to-date symlink: /root/ros2_ws/install/mg400_msgs/include/mg400_msgs/mg400_msgs/msg/detail/mov_l__builder.hpp
[0.553s] -- Up-to-date symlink: /root/ros2_ws/install/mg400_msgs/include/mg400_msgs/mg400_msgs/msg/detail/mov_l__struct.hpp
[0.553s] -- Up-to-date symlink: /root/ros2_ws/install/mg400_msgs/include/mg400_msgs/mg400_msgs/msg/detail/mov_l__traits.hpp
[0.554s] -- Up-to-date symlink: /root/ros2_ws/install/mg400_msgs/include/mg400_msgs/mg400_msgs/msg/detail/mov_l__type_support.hpp
[0.554s] -- Up-to-date symlink: /root/ros2_ws/install/mg400_msgs/include/mg400_msgs/mg400_msgs/msg/detail/mov_lio__builder.hpp
[0.554s] -- Up-to-date symlink: /root/ros2_ws/install/mg400_msgs/include/mg400_msgs/mg400_msgs/msg/detail/mov_lio__struct.hpp
[0.554s] -- Up-to-date symlink: /root/ros2_ws/install/mg400_msgs/include/mg400_msgs/mg400_msgs/msg/detail/mov_lio__traits.hpp
[0.554s] -- Up-to-date symlink: /root/ros2_ws/install/mg400_msgs/include/mg400_msgs/mg400_msgs/msg/detail/mov_lio__type_support.hpp
[0.554s] -- Up-to-date symlink: /root/ros2_ws/install/mg400_msgs/include/mg400_msgs/mg400_msgs/msg/detail/move_jog__builder.hpp
[0.555s] -- Up-to-date symlink: /root/ros2_ws/install/mg400_msgs/include/mg400_msgs/mg400_msgs/msg/detail/move_jog__struct.hpp
[0.555s] -- Up-to-date symlink: /root/ros2_ws/install/mg400_msgs/include/mg400_msgs/mg400_msgs/msg/detail/move_jog__traits.hpp
[0.555s] -- Up-to-date symlink: /root/ros2_ws/install/mg400_msgs/include/mg400_msgs/mg400_msgs/msg/detail/move_jog__type_support.hpp
[0.555s] -- Up-to-date symlink: /root/ros2_ws/install/mg400_msgs/include/mg400_msgs/mg400_msgs/msg/detail/robot_mode__builder.hpp
[0.555s] -- Up-to-date symlink: /root/ros2_ws/install/mg400_msgs/include/mg400_msgs/mg400_msgs/msg/detail/robot_mode__struct.hpp
[0.555s] -- Up-to-date symlink: /root/ros2_ws/install/mg400_msgs/include/mg400_msgs/mg400_msgs/msg/detail/robot_mode__traits.hpp
[0.555s] -- Up-to-date symlink: /root/ros2_ws/install/mg400_msgs/include/mg400_msgs/mg400_msgs/msg/detail/robot_mode__type_support.hpp
[0.555s] -- Up-to-date symlink: /root/ros2_ws/install/mg400_msgs/include/mg400_msgs/mg400_msgs/msg/detail/tool__builder.hpp
[0.555s] -- Up-to-date symlink: /root/ros2_ws/install/mg400_msgs/include/mg400_msgs/mg400_msgs/msg/detail/tool__struct.hpp
[0.555s] -- Up-to-date symlink: /root/ros2_ws/install/mg400_msgs/include/mg400_msgs/mg400_msgs/msg/detail/tool__traits.hpp
[0.555s] -- Up-to-date symlink: /root/ros2_ws/install/mg400_msgs/include/mg400_msgs/mg400_msgs/msg/detail/tool__type_support.hpp
[0.555s] -- Up-to-date symlink: /root/ros2_ws/install/mg400_msgs/include/mg400_msgs/mg400_msgs/msg/detail/tool_di_index__builder.hpp
[0.556s] -- Up-to-date symlink: /root/ros2_ws/install/mg400_msgs/include/mg400_msgs/mg400_msgs/msg/detail/tool_di_index__struct.hpp
[0.556s] -- Up-to-date symlink: /root/ros2_ws/install/mg400_msgs/include/mg400_msgs/mg400_msgs/msg/detail/tool_di_index__traits.hpp
[0.556s] -- Up-to-date symlink: /root/ros2_ws/install/mg400_msgs/include/mg400_msgs/mg400_msgs/msg/detail/tool_di_index__type_support.hpp
[0.556s] -- Up-to-date symlink: /root/ros2_ws/install/mg400_msgs/include/mg400_msgs/mg400_msgs/msg/detail/tool_do_index__builder.hpp
[0.556s] -- Up-to-date symlink: /root/ros2_ws/install/mg400_msgs/include/mg400_msgs/mg400_msgs/msg/detail/tool_do_index__struct.hpp
[0.556s] -- Up-to-date symlink: /root/ros2_ws/install/mg400_msgs/include/mg400_msgs/mg400_msgs/msg/detail/tool_do_index__traits.hpp
[0.556s] -- Up-to-date symlink: /root/ros2_ws/install/mg400_msgs/include/mg400_msgs/mg400_msgs/msg/detail/tool_do_index__type_support.hpp
[0.556s] -- Up-to-date symlink: /root/ros2_ws/install/mg400_msgs/include/mg400_msgs/mg400_msgs/msg/detail/user__builder.hpp
[0.556s] -- Up-to-date symlink: /root/ros2_ws/install/mg400_msgs/include/mg400_msgs/mg400_msgs/msg/detail/user__struct.hpp
[0.556s] -- Up-to-date symlink: /root/ros2_ws/install/mg400_msgs/include/mg400_msgs/mg400_msgs/msg/detail/user__traits.hpp
[0.556s] -- Up-to-date symlink: /root/ros2_ws/install/mg400_msgs/include/mg400_msgs/mg400_msgs/msg/detail/user__type_support.hpp
[0.556s] -- Up-to-date symlink: /root/ros2_ws/install/mg400_msgs/include/mg400_msgs/mg400_msgs/msg/di_index.hpp
[0.556s] -- Up-to-date symlink: /root/ros2_ws/install/mg400_msgs/include/mg400_msgs/mg400_msgs/msg/distance_mode.hpp
[0.556s] -- Up-to-date symlink: /root/ros2_ws/install/mg400_msgs/include/mg400_msgs/mg400_msgs/msg/do_index.hpp
[0.556s] -- Up-to-date symlink: /root/ros2_ws/install/mg400_msgs/include/mg400_msgs/mg400_msgs/msg/do_status.hpp
[0.557s] -- Up-to-date symlink: /root/ros2_ws/install/mg400_msgs/include/mg400_msgs/mg400_msgs/msg/error_id.hpp
[0.557s] -- Up-to-date symlink: /root/ros2_ws/install/mg400_msgs/include/mg400_msgs/mg400_msgs/msg/id_array.hpp
[0.557s] -- Up-to-date symlink: /root/ros2_ws/install/mg400_msgs/include/mg400_msgs/mg400_msgs/msg/joint_mov_j.hpp
[0.557s] -- Up-to-date symlink: /root/ros2_ws/install/mg400_msgs/include/mg400_msgs/mg400_msgs/msg/mov_j.hpp
[0.557s] -- Up-to-date symlink: /root/ros2_ws/install/mg400_msgs/include/mg400_msgs/mg400_msgs/msg/mov_jio.hpp
[0.557s] -- Up-to-date symlink: /root/ros2_ws/install/mg400_msgs/include/mg400_msgs/mg400_msgs/msg/mov_l.hpp
[0.557s] -- Up-to-date symlink: /root/ros2_ws/install/mg400_msgs/include/mg400_msgs/mg400_msgs/msg/mov_lio.hpp
[0.557s] -- Up-to-date symlink: /root/ros2_ws/install/mg400_msgs/include/mg400_msgs/mg400_msgs/msg/move_jog.hpp
[0.557s] -- Up-to-date symlink: /root/ros2_ws/install/mg400_msgs/include/mg400_msgs/mg400_msgs/msg/robot_mode.hpp
[0.557s] -- Up-to-date symlink: /root/ros2_ws/install/mg400_msgs/include/mg400_msgs/mg400_msgs/msg/rosidl_generator_cpp__visibility_control.hpp
[0.558s] -- Up-to-date symlink: /root/ros2_ws/install/mg400_msgs/include/mg400_msgs/mg400_msgs/msg/tool.hpp
[0.558s] -- Up-to-date symlink: /root/ros2_ws/install/mg400_msgs/include/mg400_msgs/mg400_msgs/msg/tool_di_index.hpp
[0.558s] -- Up-to-date symlink: /root/ros2_ws/install/mg400_msgs/include/mg400_msgs/mg400_msgs/msg/tool_do_index.hpp
[0.558s] -- Up-to-date symlink: /root/ros2_ws/install/mg400_msgs/include/mg400_msgs/mg400_msgs/msg/user.hpp
[0.558s] -- Up-to-date symlink: /root/ros2_ws/install/mg400_msgs/include/mg400_msgs/mg400_msgs/srv/acc_j.hpp
[0.558s] -- Up-to-date symlink: /root/ros2_ws/install/mg400_msgs/include/mg400_msgs/mg400_msgs/srv/acc_l.hpp
[0.558s] -- Up-to-date symlink: /root/ros2_ws/install/mg400_msgs/include/mg400_msgs/mg400_msgs/srv/arch.hpp
[0.558s] -- Up-to-date symlink: /root/ros2_ws/install/mg400_msgs/include/mg400_msgs/mg400_msgs/srv/clear_error.hpp
[0.559s] -- Up-to-date symlink: /root/ros2_ws/install/mg400_msgs/include/mg400_msgs/mg400_msgs/srv/cp.hpp
[0.559s] -- Up-to-date symlink: /root/ros2_ws/install/mg400_msgs/include/mg400_msgs/mg400_msgs/srv/detail/acc_j__builder.hpp
[0.559s] -- Up-to-date symlink: /root/ros2_ws/install/mg400_msgs/include/mg400_msgs/mg400_msgs/srv/detail/acc_j__struct.hpp
[0.559s] -- Up-to-date symlink: /root/ros2_ws/install/mg400_msgs/include/mg400_msgs/mg400_msgs/srv/detail/acc_j__traits.hpp
[0.559s] -- Up-to-date symlink: /root/ros2_ws/install/mg400_msgs/include/mg400_msgs/mg400_msgs/srv/detail/acc_j__type_support.hpp
[0.560s] -- Up-to-date symlink: /root/ros2_ws/install/mg400_msgs/include/mg400_msgs/mg400_msgs/srv/detail/acc_l__builder.hpp
[0.560s] -- Up-to-date symlink: /root/ros2_ws/install/mg400_msgs/include/mg400_msgs/mg400_msgs/srv/detail/acc_l__struct.hpp
[0.560s] -- Up-to-date symlink: /root/ros2_ws/install/mg400_msgs/include/mg400_msgs/mg400_msgs/srv/detail/acc_l__traits.hpp
[0.560s] -- Up-to-date symlink: /root/ros2_ws/install/mg400_msgs/include/mg400_msgs/mg400_msgs/srv/detail/acc_l__type_support.hpp
[0.560s] -- Up-to-date symlink: /root/ros2_ws/install/mg400_msgs/include/mg400_msgs/mg400_msgs/srv/detail/arch__builder.hpp
[0.561s] -- Up-to-date symlink: /root/ros2_ws/install/mg400_msgs/include/mg400_msgs/mg400_msgs/srv/detail/arch__struct.hpp
[0.561s] -- Up-to-date symlink: /root/ros2_ws/install/mg400_msgs/include/mg400_msgs/mg400_msgs/srv/detail/arch__traits.hpp
[0.561s] -- Up-to-date symlink: /root/ros2_ws/install/mg400_msgs/include/mg400_msgs/mg400_msgs/srv/detail/arch__type_support.hpp
[0.561s] -- Up-to-date symlink: /root/ros2_ws/install/mg400_msgs/include/mg400_msgs/mg400_msgs/srv/detail/clear_error__builder.hpp
[0.561s] -- Up-to-date symlink: /root/ros2_ws/install/mg400_msgs/include/mg400_msgs/mg400_msgs/srv/detail/clear_error__struct.hpp
[0.562s] -- Up-to-date symlink: /root/ros2_ws/install/mg400_msgs/include/mg400_msgs/mg400_msgs/srv/detail/clear_error__traits.hpp
[0.562s] -- Up-to-date symlink: /root/ros2_ws/install/mg400_msgs/include/mg400_msgs/mg400_msgs/srv/detail/clear_error__type_support.hpp
[0.562s] -- Up-to-date symlink: /root/ros2_ws/install/mg400_msgs/include/mg400_msgs/mg400_msgs/srv/detail/cp__builder.hpp
[0.562s] -- Up-to-date symlink: /root/ros2_ws/install/mg400_msgs/include/mg400_msgs/mg400_msgs/srv/detail/cp__struct.hpp
[0.562s] -- Up-to-date symlink: /root/ros2_ws/install/mg400_msgs/include/mg400_msgs/mg400_msgs/srv/detail/cp__traits.hpp
[0.562s] -- Up-to-date symlink: /root/ros2_ws/install/mg400_msgs/include/mg400_msgs/mg400_msgs/srv/detail/cp__type_support.hpp
[0.563s] -- Up-to-date symlink: /root/ros2_ws/install/mg400_msgs/include/mg400_msgs/mg400_msgs/srv/detail/di__builder.hpp
[0.563s] -- Up-to-date symlink: /root/ros2_ws/install/mg400_msgs/include/mg400_msgs/mg400_msgs/srv/detail/di__struct.hpp
[0.563s] -- Up-to-date symlink: /root/ros2_ws/install/mg400_msgs/include/mg400_msgs/mg400_msgs/srv/detail/di__traits.hpp
[0.563s] -- Up-to-date symlink: /root/ros2_ws/install/mg400_msgs/include/mg400_msgs/mg400_msgs/srv/detail/di__type_support.hpp
[0.563s] -- Up-to-date symlink: /root/ros2_ws/install/mg400_msgs/include/mg400_msgs/mg400_msgs/srv/detail/disable_robot__builder.hpp
[0.564s] -- Up-to-date symlink: /root/ros2_ws/install/mg400_msgs/include/mg400_msgs/mg400_msgs/srv/detail/disable_robot__struct.hpp
[0.564s] -- Up-to-date symlink: /root/ros2_ws/install/mg400_msgs/include/mg400_msgs/mg400_msgs/srv/detail/disable_robot__traits.hpp
[0.564s] -- Up-to-date symlink: /root/ros2_ws/install/mg400_msgs/include/mg400_msgs/mg400_msgs/srv/detail/disable_robot__type_support.hpp
[0.564s] -- Up-to-date symlink: /root/ros2_ws/install/mg400_msgs/include/mg400_msgs/mg400_msgs/srv/detail/do__builder.hpp
[0.564s] -- Up-to-date symlink: /root/ros2_ws/install/mg400_msgs/include/mg400_msgs/mg400_msgs/srv/detail/do__struct.hpp
[0.564s] -- Up-to-date symlink: /root/ros2_ws/install/mg400_msgs/include/mg400_msgs/mg400_msgs/srv/detail/do__traits.hpp
[0.565s] -- Up-to-date symlink: /root/ros2_ws/install/mg400_msgs/include/mg400_msgs/mg400_msgs/srv/detail/do__type_support.hpp
[0.565s] -- Up-to-date symlink: /root/ros2_ws/install/mg400_msgs/include/mg400_msgs/mg400_msgs/srv/detail/emergency_stop__builder.hpp
[0.565s] -- Up-to-date symlink: /root/ros2_ws/install/mg400_msgs/include/mg400_msgs/mg400_msgs/srv/detail/emergency_stop__struct.hpp
[0.565s] -- Up-to-date symlink: /root/ros2_ws/install/mg400_msgs/include/mg400_msgs/mg400_msgs/srv/detail/emergency_stop__traits.hpp
[0.565s] -- Up-to-date symlink: /root/ros2_ws/install/mg400_msgs/include/mg400_msgs/mg400_msgs/srv/detail/emergency_stop__type_support.hpp
[0.566s] -- Up-to-date symlink: /root/ros2_ws/install/mg400_msgs/include/mg400_msgs/mg400_msgs/srv/detail/enable_robot__builder.hpp
[0.566s] -- Up-to-date symlink: /root/ros2_ws/install/mg400_msgs/include/mg400_msgs/mg400_msgs/srv/detail/enable_robot__struct.hpp
[0.566s] -- Up-to-date symlink: /root/ros2_ws/install/mg400_msgs/include/mg400_msgs/mg400_msgs/srv/detail/enable_robot__traits.hpp
[0.566s] -- Up-to-date symlink: /root/ros2_ws/install/mg400_msgs/include/mg400_msgs/mg400_msgs/srv/detail/enable_robot__type_support.hpp
[0.566s] -- Up-to-date symlink: /root/ros2_ws/install/mg400_msgs/include/mg400_msgs/mg400_msgs/srv/detail/get_angle__builder.hpp
[0.566s] -- Up-to-date symlink: /root/ros2_ws/install/mg400_msgs/include/mg400_msgs/mg400_msgs/srv/detail/get_angle__struct.hpp
[0.567s] -- Up-to-date symlink: /root/ros2_ws/install/mg400_msgs/include/mg400_msgs/mg400_msgs/srv/detail/get_angle__traits.hpp
[0.567s] -- Up-to-date symlink: /root/ros2_ws/install/mg400_msgs/include/mg400_msgs/mg400_msgs/srv/detail/get_angle__type_support.hpp
[0.567s] -- Up-to-date symlink: /root/ros2_ws/install/mg400_msgs/include/mg400_msgs/mg400_msgs/srv/detail/get_error_id__builder.hpp
[0.567s] -- Up-to-date symlink: /root/ros2_ws/install/mg400_msgs/include/mg400_msgs/mg400_msgs/srv/detail/get_error_id__struct.hpp
[0.567s] -- Up-to-date symlink: /root/ros2_ws/install/mg400_msgs/include/mg400_msgs/mg400_msgs/srv/detail/get_error_id__traits.hpp
[0.568s] -- Up-to-date symlink: /root/ros2_ws/install/mg400_msgs/include/mg400_msgs/mg400_msgs/srv/detail/get_error_id__type_support.hpp
[0.568s] -- Up-to-date symlink: /root/ros2_ws/install/mg400_msgs/include/mg400_msgs/mg400_msgs/srv/detail/get_pose__builder.hpp
[0.568s] -- Up-to-date symlink: /root/ros2_ws/install/mg400_msgs/include/mg400_msgs/mg400_msgs/srv/detail/get_pose__struct.hpp
[0.568s] -- Up-to-date symlink: /root/ros2_ws/install/mg400_msgs/include/mg400_msgs/mg400_msgs/srv/detail/get_pose__traits.hpp
[0.568s] -- Up-to-date symlink: /root/ros2_ws/install/mg400_msgs/include/mg400_msgs/mg400_msgs/srv/detail/get_pose__type_support.hpp
[0.569s] -- Up-to-date symlink: /root/ros2_ws/install/mg400_msgs/include/mg400_msgs/mg400_msgs/srv/detail/inverse_solution__builder.hpp
[0.569s] -- Up-to-date symlink: /root/ros2_ws/install/mg400_msgs/include/mg400_msgs/mg400_msgs/srv/detail/inverse_solution__struct.hpp
[0.569s] -- Up-to-date symlink: /root/ros2_ws/install/mg400_msgs/include/mg400_msgs/mg400_msgs/srv/detail/inverse_solution__traits.hpp
[0.569s] -- Up-to-date symlink: /root/ros2_ws/install/mg400_msgs/include/mg400_msgs/mg400_msgs/srv/detail/inverse_solution__type_support.hpp
[0.569s] -- Up-to-date symlink: /root/ros2_ws/install/mg400_msgs/include/mg400_msgs/mg400_msgs/srv/detail/joint_mov_j__builder.hpp
[0.570s] -- Up-to-date symlink: /root/ros2_ws/install/mg400_msgs/include/mg400_msgs/mg400_msgs/srv/detail/joint_mov_j__struct.hpp
[0.570s] -- Up-to-date symlink: /root/ros2_ws/install/mg400_msgs/include/mg400_msgs/mg400_msgs/srv/detail/joint_mov_j__traits.hpp
[0.570s] -- Up-to-date symlink: /root/ros2_ws/install/mg400_msgs/include/mg400_msgs/mg400_msgs/srv/detail/joint_mov_j__type_support.hpp
[0.570s] -- Up-to-date symlink: /root/ros2_ws/install/mg400_msgs/include/mg400_msgs/mg400_msgs/srv/detail/move_jog__builder.hpp
[0.570s] -- Up-to-date symlink: /root/ros2_ws/install/mg400_msgs/include/mg400_msgs/mg400_msgs/srv/detail/move_jog__struct.hpp
[0.570s] -- Up-to-date symlink: /root/ros2_ws/install/mg400_msgs/include/mg400_msgs/mg400_msgs/srv/detail/move_jog__traits.hpp
[0.570s] -- Up-to-date symlink: /root/ros2_ws/install/mg400_msgs/include/mg400_msgs/mg400_msgs/srv/detail/move_jog__type_support.hpp
[0.570s] -- Up-to-date symlink: /root/ros2_ws/install/mg400_msgs/include/mg400_msgs/mg400_msgs/srv/detail/pay_load__builder.hpp
[0.571s] -- Up-to-date symlink: /root/ros2_ws/install/mg400_msgs/include/mg400_msgs/mg400_msgs/srv/detail/pay_load__struct.hpp
[0.571s] -- Up-to-date symlink: /root/ros2_ws/install/mg400_msgs/include/mg400_msgs/mg400_msgs/srv/detail/pay_load__traits.hpp
[0.571s] -- Up-to-date symlink: /root/ros2_ws/install/mg400_msgs/include/mg400_msgs/mg400_msgs/srv/detail/pay_load__type_support.hpp
[0.571s] -- Up-to-date symlink: /root/ros2_ws/install/mg400_msgs/include/mg400_msgs/mg400_msgs/srv/detail/positive_solution__builder.hpp
[0.571s] -- Up-to-date symlink: /root/ros2_ws/install/mg400_msgs/include/mg400_msgs/mg400_msgs/srv/detail/positive_solution__struct.hpp
[0.571s] -- Up-to-date symlink: /root/ros2_ws/install/mg400_msgs/include/mg400_msgs/mg400_msgs/srv/detail/positive_solution__traits.hpp
[0.571s] -- Up-to-date symlink: /root/ros2_ws/install/mg400_msgs/include/mg400_msgs/mg400_msgs/srv/detail/positive_solution__type_support.hpp
[0.572s] -- Up-to-date symlink: /root/ros2_ws/install/mg400_msgs/include/mg400_msgs/mg400_msgs/srv/detail/reset_robot__builder.hpp
[0.572s] -- Up-to-date symlink: /root/ros2_ws/install/mg400_msgs/include/mg400_msgs/mg400_msgs/srv/detail/reset_robot__struct.hpp
[0.572s] -- Up-to-date symlink: /root/ros2_ws/install/mg400_msgs/include/mg400_msgs/mg400_msgs/srv/detail/reset_robot__traits.hpp
[0.572s] -- Up-to-date symlink: /root/ros2_ws/install/mg400_msgs/include/mg400_msgs/mg400_msgs/srv/detail/reset_robot__type_support.hpp
[0.572s] -- Up-to-date symlink: /root/ros2_ws/install/mg400_msgs/include/mg400_msgs/mg400_msgs/srv/detail/robot_mode__builder.hpp
[0.572s] -- Up-to-date symlink: /root/ros2_ws/install/mg400_msgs/include/mg400_msgs/mg400_msgs/srv/detail/robot_mode__struct.hpp
[0.572s] -- Up-to-date symlink: /root/ros2_ws/install/mg400_msgs/include/mg400_msgs/mg400_msgs/srv/detail/robot_mode__traits.hpp
[0.572s] -- Up-to-date symlink: /root/ros2_ws/install/mg400_msgs/include/mg400_msgs/mg400_msgs/srv/detail/robot_mode__type_support.hpp
[0.572s] -- Up-to-date symlink: /root/ros2_ws/install/mg400_msgs/include/mg400_msgs/mg400_msgs/srv/detail/set_collision_level__builder.hpp
[0.572s] -- Up-to-date symlink: /root/ros2_ws/install/mg400_msgs/include/mg400_msgs/mg400_msgs/srv/detail/set_collision_level__struct.hpp
[0.572s] -- Up-to-date symlink: /root/ros2_ws/install/mg400_msgs/include/mg400_msgs/mg400_msgs/srv/detail/set_collision_level__traits.hpp
[0.573s] -- Up-to-date symlink: /root/ros2_ws/install/mg400_msgs/include/mg400_msgs/mg400_msgs/srv/detail/set_collision_level__type_support.hpp
[0.573s] -- Up-to-date symlink: /root/ros2_ws/install/mg400_msgs/include/mg400_msgs/mg400_msgs/srv/detail/speed_factor__builder.hpp
[0.573s] -- Up-to-date symlink: /root/ros2_ws/install/mg400_msgs/include/mg400_msgs/mg400_msgs/srv/detail/speed_factor__struct.hpp
[0.573s] -- Up-to-date symlink: /root/ros2_ws/install/mg400_msgs/include/mg400_msgs/mg400_msgs/srv/detail/speed_factor__traits.hpp
[0.573s] -- Up-to-date symlink: /root/ros2_ws/install/mg400_msgs/include/mg400_msgs/mg400_msgs/srv/detail/speed_factor__type_support.hpp
[0.573s] -- Up-to-date symlink: /root/ros2_ws/install/mg400_msgs/include/mg400_msgs/mg400_msgs/srv/detail/speed_j__builder.hpp
[0.573s] -- Up-to-date symlink: /root/ros2_ws/install/mg400_msgs/include/mg400_msgs/mg400_msgs/srv/detail/speed_j__struct.hpp
[0.573s] -- Up-to-date symlink: /root/ros2_ws/install/mg400_msgs/include/mg400_msgs/mg400_msgs/srv/detail/speed_j__traits.hpp
[0.573s] -- Up-to-date symlink: /root/ros2_ws/install/mg400_msgs/include/mg400_msgs/mg400_msgs/srv/detail/speed_j__type_support.hpp
[0.573s] -- Up-to-date symlink: /root/ros2_ws/install/mg400_msgs/include/mg400_msgs/mg400_msgs/srv/detail/speed_l__builder.hpp
[0.573s] -- Up-to-date symlink: /root/ros2_ws/install/mg400_msgs/include/mg400_msgs/mg400_msgs/srv/detail/speed_l__struct.hpp
[0.574s] -- Up-to-date symlink: /root/ros2_ws/install/mg400_msgs/include/mg400_msgs/mg400_msgs/srv/detail/speed_l__traits.hpp
[0.574s] -- Up-to-date symlink: /root/ros2_ws/install/mg400_msgs/include/mg400_msgs/mg400_msgs/srv/detail/speed_l__type_support.hpp
[0.574s] -- Up-to-date symlink: /root/ros2_ws/install/mg400_msgs/include/mg400_msgs/mg400_msgs/srv/detail/tool__builder.hpp
[0.574s] -- Up-to-date symlink: /root/ros2_ws/install/mg400_msgs/include/mg400_msgs/mg400_msgs/srv/detail/tool__struct.hpp
[0.574s] -- Up-to-date symlink: /root/ros2_ws/install/mg400_msgs/include/mg400_msgs/mg400_msgs/srv/detail/tool__traits.hpp
[0.574s] -- Up-to-date symlink: /root/ros2_ws/install/mg400_msgs/include/mg400_msgs/mg400_msgs/srv/detail/tool__type_support.hpp
[0.574s] -- Up-to-date symlink: /root/ros2_ws/install/mg400_msgs/include/mg400_msgs/mg400_msgs/srv/detail/tool_di__builder.hpp
[0.574s] -- Up-to-date symlink: /root/ros2_ws/install/mg400_msgs/include/mg400_msgs/mg400_msgs/srv/detail/tool_di__struct.hpp
[0.574s] -- Up-to-date symlink: /root/ros2_ws/install/mg400_msgs/include/mg400_msgs/mg400_msgs/srv/detail/tool_di__traits.hpp
[0.574s] -- Up-to-date symlink: /root/ros2_ws/install/mg400_msgs/include/mg400_msgs/mg400_msgs/srv/detail/tool_di__type_support.hpp
[0.574s] -- Up-to-date symlink: /root/ros2_ws/install/mg400_msgs/include/mg400_msgs/mg400_msgs/srv/detail/tool_do_execute__builder.hpp
[0.575s] -- Up-to-date symlink: /root/ros2_ws/install/mg400_msgs/include/mg400_msgs/mg400_msgs/srv/detail/tool_do_execute__struct.hpp
[0.575s] -- Up-to-date symlink: /root/ros2_ws/install/mg400_msgs/include/mg400_msgs/mg400_msgs/srv/detail/tool_do_execute__traits.hpp
[0.575s] -- Up-to-date symlink: /root/ros2_ws/install/mg400_msgs/include/mg400_msgs/mg400_msgs/srv/detail/tool_do_execute__type_support.hpp
[0.575s] -- Up-to-date symlink: /root/ros2_ws/install/mg400_msgs/include/mg400_msgs/mg400_msgs/srv/detail/user__builder.hpp
[0.575s] -- Up-to-date symlink: /root/ros2_ws/install/mg400_msgs/include/mg400_msgs/mg400_msgs/srv/detail/user__struct.hpp
[0.575s] -- Up-to-date symlink: /root/ros2_ws/install/mg400_msgs/include/mg400_msgs/mg400_msgs/srv/detail/user__traits.hpp
[0.575s] -- Up-to-date symlink: /root/ros2_ws/install/mg400_msgs/include/mg400_msgs/mg400_msgs/srv/detail/user__type_support.hpp
[0.575s] -- Up-to-date symlink: /root/ros2_ws/install/mg400_msgs/include/mg400_msgs/mg400_msgs/srv/di.hpp
[0.576s] -- Up-to-date symlink: /root/ros2_ws/install/mg400_msgs/include/mg400_msgs/mg400_msgs/srv/disable_robot.hpp
[0.576s] -- Up-to-date symlink: /root/ros2_ws/install/mg400_msgs/include/mg400_msgs/mg400_msgs/srv/do.hpp
[0.576s] -- Up-to-date symlink: /root/ros2_ws/install/mg400_msgs/include/mg400_msgs/mg400_msgs/srv/emergency_stop.hpp
[0.576s] -- Up-to-date symlink: /root/ros2_ws/install/mg400_msgs/include/mg400_msgs/mg400_msgs/srv/enable_robot.hpp
[0.576s] -- Up-to-date symlink: /root/ros2_ws/install/mg400_msgs/include/mg400_msgs/mg400_msgs/srv/get_angle.hpp
[0.576s] -- Up-to-date symlink: /root/ros2_ws/install/mg400_msgs/include/mg400_msgs/mg400_msgs/srv/get_error_id.hpp
[0.577s] -- Up-to-date symlink: /root/ros2_ws/install/mg400_msgs/include/mg400_msgs/mg400_msgs/srv/get_pose.hpp
[0.577s] -- Up-to-date symlink: /root/ros2_ws/install/mg400_msgs/include/mg400_msgs/mg400_msgs/srv/inverse_solution.hpp
[0.577s] -- Up-to-date symlink: /root/ros2_ws/install/mg400_msgs/include/mg400_msgs/mg400_msgs/srv/joint_mov_j.hpp
[0.577s] -- Up-to-date symlink: /root/ros2_ws/install/mg400_msgs/include/mg400_msgs/mg400_msgs/srv/move_jog.hpp
[0.577s] -- Up-to-date symlink: /root/ros2_ws/install/mg400_msgs/include/mg400_msgs/mg400_msgs/srv/pay_load.hpp
[0.578s] -- Up-to-date symlink: /root/ros2_ws/install/mg400_msgs/include/mg400_msgs/mg400_msgs/srv/positive_solution.hpp
[0.578s] -- Up-to-date symlink: /root/ros2_ws/install/mg400_msgs/include/mg400_msgs/mg400_msgs/srv/reset_robot.hpp
[0.578s] -- Up-to-date symlink: /root/ros2_ws/install/mg400_msgs/include/mg400_msgs/mg400_msgs/srv/robot_mode.hpp
[0.578s] -- Up-to-date symlink: /root/ros2_ws/install/mg400_msgs/include/mg400_msgs/mg400_msgs/srv/set_collision_level.hpp
[0.578s] -- Up-to-date symlink: /root/ros2_ws/install/mg400_msgs/include/mg400_msgs/mg400_msgs/srv/speed_factor.hpp
[0.578s] -- Up-to-date symlink: /root/ros2_ws/install/mg400_msgs/include/mg400_msgs/mg400_msgs/srv/speed_j.hpp
[0.578s] -- Up-to-date symlink: /root/ros2_ws/install/mg400_msgs/include/mg400_msgs/mg400_msgs/srv/speed_l.hpp
[0.578s] -- Up-to-date symlink: /root/ros2_ws/install/mg400_msgs/include/mg400_msgs/mg400_msgs/srv/tool.hpp
[0.578s] -- Up-to-date symlink: /root/ros2_ws/install/mg400_msgs/include/mg400_msgs/mg400_msgs/srv/tool_di.hpp
[0.578s] -- Up-to-date symlink: /root/ros2_ws/install/mg400_msgs/include/mg400_msgs/mg400_msgs/srv/tool_do_execute.hpp
[0.578s] -- Up-to-date symlink: /root/ros2_ws/install/mg400_msgs/include/mg400_msgs/mg400_msgs/srv/user.hpp
[0.582s] -- Up-to-date symlink: /root/ros2_ws/install/mg400_msgs/include/mg400_msgs/mg400_msgs/action/detail/command_queue__rosidl_typesupport_fastrtps_cpp.hpp
[0.582s] -- Up-to-date symlink: /root/ros2_ws/install/mg400_msgs/include/mg400_msgs/mg400_msgs/action/detail/joint_mov_j__rosidl_typesupport_fastrtps_cpp.hpp
[0.582s] -- Up-to-date symlink: /root/ros2_ws/install/mg400_msgs/include/mg400_msgs/mg400_msgs/action/detail/mov_j__rosidl_typesupport_fastrtps_cpp.hpp
[0.582s] -- Up-to-date symlink: /root/ros2_ws/install/mg400_msgs/include/mg400_msgs/mg400_msgs/action/detail/mov_jio__rosidl_typesupport_fastrtps_cpp.hpp
[0.582s] -- Up-to-date symlink: /root/ros2_ws/install/mg400_msgs/include/mg400_msgs/mg400_msgs/action/detail/mov_l__rosidl_typesupport_fastrtps_cpp.hpp
[0.583s] -- Up-to-date symlink: /root/ros2_ws/install/mg400_msgs/include/mg400_msgs/mg400_msgs/action/detail/mov_lio__rosidl_typesupport_fastrtps_cpp.hpp
[0.583s] -- Up-to-date symlink: /root/ros2_ws/install/mg400_msgs/include/mg400_msgs/mg400_msgs/msg/detail/arch__rosidl_typesupport_fastrtps_cpp.hpp
[0.583s] -- Up-to-date symlink: /root/ros2_ws/install/mg400_msgs/include/mg400_msgs/mg400_msgs/msg/detail/collision_level__rosidl_typesupport_fastrtps_cpp.hpp
[0.583s] -- Up-to-date symlink: /root/ros2_ws/install/mg400_msgs/include/mg400_msgs/mg400_msgs/msg/detail/command__rosidl_typesupport_fastrtps_cpp.hpp
[0.584s] -- Up-to-date symlink: /root/ros2_ws/install/mg400_msgs/include/mg400_msgs/mg400_msgs/msg/detail/di_index__rosidl_typesupport_fastrtps_cpp.hpp
[0.584s] -- Up-to-date symlink: /root/ros2_ws/install/mg400_msgs/include/mg400_msgs/mg400_msgs/msg/detail/distance_mode__rosidl_typesupport_fastrtps_cpp.hpp
[0.584s] -- Up-to-date symlink: /root/ros2_ws/install/mg400_msgs/include/mg400_msgs/mg400_msgs/msg/detail/do_index__rosidl_typesupport_fastrtps_cpp.hpp
[0.584s] -- Up-to-date symlink: /root/ros2_ws/install/mg400_msgs/include/mg400_msgs/mg400_msgs/msg/detail/do_status__rosidl_typesupport_fastrtps_cpp.hpp
[0.584s] -- Up-to-date symlink: /root/ros2_ws/install/mg400_msgs/include/mg400_msgs/mg400_msgs/msg/detail/error_id__rosidl_typesupport_fastrtps_cpp.hpp
[0.584s] -- Up-to-date symlink: /root/ros2_ws/install/mg400_msgs/include/mg400_msgs/mg400_msgs/msg/detail/id_array__rosidl_typesupport_fastrtps_cpp.hpp
[0.585s] -- Up-to-date symlink: /root/ros2_ws/install/mg400_msgs/include/mg400_msgs/mg400_msgs/msg/detail/joint_mov_j__rosidl_typesupport_fastrtps_cpp.hpp
[0.585s] -- Up-to-date symlink: /root/ros2_ws/install/mg400_msgs/include/mg400_msgs/mg400_msgs/msg/detail/mov_j__rosidl_typesupport_fastrtps_cpp.hpp
[0.585s] -- Up-to-date symlink: /root/ros2_ws/install/mg400_msgs/include/mg400_msgs/mg400_msgs/msg/detail/mov_jio__rosidl_typesupport_fastrtps_cpp.hpp
[0.585s] -- Up-to-date symlink: /root/ros2_ws/install/mg400_msgs/include/mg400_msgs/mg400_msgs/msg/detail/mov_l__rosidl_typesupport_fastrtps_cpp.hpp
[0.585s] -- Up-to-date symlink: /root/ros2_ws/install/mg400_msgs/include/mg400_msgs/mg400_msgs/msg/detail/mov_lio__rosidl_typesupport_fastrtps_cpp.hpp
[0.585s] -- Up-to-date symlink: /root/ros2_ws/install/mg400_msgs/include/mg400_msgs/mg400_msgs/msg/detail/move_jog__rosidl_typesupport_fastrtps_cpp.hpp
[0.586s] -- Up-to-date symlink: /root/ros2_ws/install/mg400_msgs/include/mg400_msgs/mg400_msgs/msg/detail/robot_mode__rosidl_typesupport_fastrtps_cpp.hpp
[0.586s] -- Up-to-date symlink: /root/ros2_ws/install/mg400_msgs/include/mg400_msgs/mg400_msgs/msg/detail/tool__rosidl_typesupport_fastrtps_cpp.hpp
[0.586s] -- Up-to-date symlink: /root/ros2_ws/install/mg400_msgs/include/mg400_msgs/mg400_msgs/msg/detail/tool_di_index__rosidl_typesupport_fastrtps_cpp.hpp
[0.586s] -- Up-to-date symlink: /root/ros2_ws/install/mg400_msgs/include/mg400_msgs/mg400_msgs/msg/detail/tool_do_index__rosidl_typesupport_fastrtps_cpp.hpp
[0.586s] -- Up-to-date symlink: /root/ros2_ws/install/mg400_msgs/include/mg400_msgs/mg400_msgs/msg/detail/user__rosidl_typesupport_fastrtps_cpp.hpp
[0.586s] -- Up-to-date symlink: /root/ros2_ws/install/mg400_msgs/include/mg400_msgs/mg400_msgs/msg/rosidl_typesupport_fastrtps_cpp__visibility_control.h
[0.587s] -- Up-to-date symlink: /root/ros2_ws/install/mg400_msgs/include/mg400_msgs/mg400_msgs/srv/detail/acc_j__rosidl_typesupport_fastrtps_cpp.hpp
[0.587s] -- Up-to-date symlink: /root/ros2_ws/install/mg400_msgs/include/mg400_msgs/mg400_msgs/srv/detail/acc_l__rosidl_typesupport_fastrtps_cpp.hpp
[0.587s] -- Up-to-date symlink: /root/ros2_ws/install/mg400_msgs/include/mg400_msgs/mg400_msgs/srv/detail/arch__rosidl_typesupport_fastrtps_cpp.hpp
[0.587s] -- Up-to-date symlink: /root/ros2_ws/install/mg400_msgs/include/mg400_msgs/mg400_msgs/srv/detail/clear_error__rosidl_typesupport_fastrtps_cpp.hpp
[0.587s] -- Up-to-date symlink: /root/ros2_ws/install/mg400_msgs/include/mg400_msgs/mg400_msgs/srv/detail/cp__rosidl_typesupport_fastrtps_cpp.hpp
[0.587s] -- Up-to-date symlink: /root/ros2_ws/install/mg400_msgs/include/mg400_msgs/mg400_msgs/srv/detail/di__rosidl_typesupport_fastrtps_cpp.hpp
[0.588s] -- Up-to-date symlink: /root/ros2_ws/install/mg400_msgs/include/mg400_msgs/mg400_msgs/srv/detail/disable_robot__rosidl_typesupport_fastrtps_cpp.hpp
[0.588s] -- Up-to-date symlink: /root/ros2_ws/install/mg400_msgs/include/mg400_msgs/mg400_msgs/srv/detail/do__rosidl_typesupport_fastrtps_cpp.hpp
[0.588s] -- Up-to-date symlink: /root/ros2_ws/install/mg400_msgs/include/mg400_msgs/mg400_msgs/srv/detail/emergency_stop__rosidl_typesupport_fastrtps_cpp.hpp
[0.588s] -- Up-to-date symlink: /root/ros2_ws/install/mg400_msgs/include/mg400_msgs/mg400_msgs/srv/detail/enable_robot__rosidl_typesupport_fastrtps_cpp.hpp
[0.588s] -- Up-to-date symlink: /root/ros2_ws/install/mg400_msgs/include/mg400_msgs/mg400_msgs/srv/detail/get_angle__rosidl_typesupport_fastrtps_cpp.hpp
[0.588s] -- Up-to-date symlink: /root/ros2_ws/install/mg400_msgs/include/mg400_msgs/mg400_msgs/srv/detail/get_error_id__rosidl_typesupport_fastrtps_cpp.hpp
[0.589s] -- Up-to-date symlink: /root/ros2_ws/install/mg400_msgs/include/mg400_msgs/mg400_msgs/srv/detail/get_pose__rosidl_typesupport_fastrtps_cpp.hpp
[0.589s] -- Up-to-date symlink: /root/ros2_ws/install/mg400_msgs/include/mg400_msgs/mg400_msgs/srv/detail/inverse_solution__rosidl_typesupport_fastrtps_cpp.hpp
[0.589s] -- Up-to-date symlink: /root/ros2_ws/install/mg400_msgs/include/mg400_msgs/mg400_msgs/srv/detail/joint_mov_j__rosidl_typesupport_fastrtps_cpp.hpp
[0.589s] -- Up-to-date symlink: /root/ros2_ws/install/mg400_msgs/include/mg400_msgs/mg400_msgs/srv/detail/move_jog__rosidl_typesupport_fastrtps_cpp.hpp
[0.589s] -- Up-to-date symlink: /root/ros2_ws/install/mg400_msgs/include/mg400_msgs/mg400_msgs/srv/detail/pay_load__rosidl_typesupport_fastrtps_cpp.hpp
[0.589s] -- Up-to-date symlink: /root/ros2_ws/install/mg400_msgs/include/mg400_msgs/mg400_msgs/srv/detail/positive_solution__rosidl_typesupport_fastrtps_cpp.hpp
[0.590s] -- Up-to-date symlink: /root/ros2_ws/install/mg400_msgs/include/mg400_msgs/mg400_msgs/srv/detail/reset_robot__rosidl_typesupport_fastrtps_cpp.hpp
[0.590s] -- Up-to-date symlink: /root/ros2_ws/install/mg400_msgs/include/mg400_msgs/mg400_msgs/srv/detail/robot_mode__rosidl_typesupport_fastrtps_cpp.hpp
[0.590s] -- Up-to-date symlink: /root/ros2_ws/install/mg400_msgs/include/mg400_msgs/mg400_msgs/srv/detail/set_collision_level__rosidl_typesupport_fastrtps_cpp.hpp
[0.590s] -- Up-to-date symlink: /root/ros2_ws/install/mg400_msgs/include/mg400_msgs/mg400_msgs/srv/detail/speed_factor__rosidl_typesupport_fastrtps_cpp.hpp
[0.590s] -- Up-to-date symlink: /root/ros2_ws/install/mg400_msgs/include/mg400_msgs/mg400_msgs/srv/detail/speed_j__rosidl_typesupport_fastrtps_cpp.hpp
[0.591s] -- Up-to-date symlink: /root/ros2_ws/install/mg400_msgs/include/mg400_msgs/mg400_msgs/srv/detail/speed_l__rosidl_typesupport_fastrtps_cpp.hpp
[0.591s] -- Up-to-date symlink: /root/ros2_ws/install/mg400_msgs/include/mg400_msgs/mg400_msgs/srv/detail/tool__rosidl_typesupport_fastrtps_cpp.hpp
[0.591s] -- Up-to-date symlink: /root/ros2_ws/install/mg400_msgs/include/mg400_msgs/mg400_msgs/srv/detail/tool_di__rosidl_typesupport_fastrtps_cpp.hpp
[0.591s] -- Up-to-date symlink: /root/ros2_ws/install/mg400_msgs/include/mg400_msgs/mg400_msgs/srv/detail/tool_do_execute__rosidl_typesupport_fastrtps_cpp.hpp
[0.591s] -- Up-to-date symlink: /root/ros2_ws/install/mg400_msgs/include/mg400_msgs/mg400_msgs/srv/detail/user__rosidl_typesupport_fastrtps_cpp.hpp
[0.593s] -- Up-to-date symlink: /root/ros2_ws/install/mg400_msgs/include/mg400_msgs/mg400_msgs/action/detail/command_queue__rosidl_typesupport_introspection_c.h
[0.594s] -- Up-to-date symlink: /root/ros2_ws/install/mg400_msgs/include/mg400_msgs/mg400_msgs/action/detail/joint_mov_j__rosidl_typesupport_introspection_c.h
[0.594s] -- Up-to-date symlink: /root/ros2_ws/install/mg400_msgs/include/mg400_msgs/mg400_msgs/action/detail/mov_j__rosidl_typesupport_introspection_c.h
[0.594s] -- Up-to-date symlink: /root/ros2_ws/install/mg400_msgs/include/mg400_msgs/mg400_msgs/action/detail/mov_jio__rosidl_typesupport_introspection_c.h
[0.594s] -- Up-to-date symlink: /root/ros2_ws/install/mg400_msgs/include/mg400_msgs/mg400_msgs/action/detail/mov_l__rosidl_typesupport_introspection_c.h
[0.594s] -- Up-to-date symlink: /root/ros2_ws/install/mg400_msgs/include/mg400_msgs/mg400_msgs/action/detail/mov_lio__rosidl_typesupport_introspection_c.h
[0.595s] -- Up-to-date symlink: /root/ros2_ws/install/mg400_msgs/include/mg400_msgs/mg400_msgs/msg/detail/arch__rosidl_typesupport_introspection_c.h
[0.595s] -- Up-to-date symlink: /root/ros2_ws/install/mg400_msgs/include/mg400_msgs/mg400_msgs/msg/detail/collision_level__rosidl_typesupport_introspection_c.h
[0.595s] -- Up-to-date symlink: /root/ros2_ws/install/mg400_msgs/include/mg400_msgs/mg400_msgs/msg/detail/command__rosidl_typesupport_introspection_c.h
[0.595s] -- Up-to-date symlink: /root/ros2_ws/install/mg400_msgs/include/mg400_msgs/mg400_msgs/msg/detail/di_index__rosidl_typesupport_introspection_c.h
[0.595s] -- Up-to-date symlink: /root/ros2_ws/install/mg400_msgs/include/mg400_msgs/mg400_msgs/msg/detail/distance_mode__rosidl_typesupport_introspection_c.h
[0.595s] -- Up-to-date symlink: /root/ros2_ws/install/mg400_msgs/include/mg400_msgs/mg400_msgs/msg/detail/do_index__rosidl_typesupport_introspection_c.h
[0.596s] -- Up-to-date symlink: /root/ros2_ws/install/mg400_msgs/include/mg400_msgs/mg400_msgs/msg/detail/do_status__rosidl_typesupport_introspection_c.h
[0.596s] -- Up-to-date symlink: /root/ros2_ws/install/mg400_msgs/include/mg400_msgs/mg400_msgs/msg/detail/error_id__rosidl_typesupport_introspection_c.h
[0.596s] -- Up-to-date symlink: /root/ros2_ws/install/mg400_msgs/include/mg400_msgs/mg400_msgs/msg/detail/id_array__rosidl_typesupport_introspection_c.h
[0.596s] -- Up-to-date symlink: /root/ros2_ws/install/mg400_msgs/include/mg400_msgs/mg400_msgs/msg/detail/joint_mov_j__rosidl_typesupport_introspection_c.h
[0.596s] -- Up-to-date symlink: /root/ros2_ws/install/mg400_msgs/include/mg400_msgs/mg400_msgs/msg/detail/mov_j__rosidl_typesupport_introspection_c.h
[0.596s] -- Up-to-date symlink: /root/ros2_ws/install/mg400_msgs/include/mg400_msgs/mg400_msgs/msg/detail/mov_jio__rosidl_typesupport_introspection_c.h
[0.597s] -- Up-to-date symlink: /root/ros2_ws/install/mg400_msgs/include/mg400_msgs/mg400_msgs/msg/detail/mov_l__rosidl_typesupport_introspection_c.h
[0.597s] -- Up-to-date symlink: /root/ros2_ws/install/mg400_msgs/include/mg400_msgs/mg400_msgs/msg/detail/mov_lio__rosidl_typesupport_introspection_c.h
[0.597s] -- Up-to-date symlink: /root/ros2_ws/install/mg400_msgs/include/mg400_msgs/mg400_msgs/msg/detail/move_jog__rosidl_typesupport_introspection_c.h
[0.597s] -- Up-to-date symlink: /root/ros2_ws/install/mg400_msgs/include/mg400_msgs/mg400_msgs/msg/detail/robot_mode__rosidl_typesupport_introspection_c.h
[0.597s] -- Up-to-date symlink: /root/ros2_ws/install/mg400_msgs/include/mg400_msgs/mg400_msgs/msg/detail/tool__rosidl_typesupport_introspection_c.h
[0.597s] -- Up-to-date symlink: /root/ros2_ws/install/mg400_msgs/include/mg400_msgs/mg400_msgs/msg/detail/tool_di_index__rosidl_typesupport_introspection_c.h
[0.598s] -- Up-to-date symlink: /root/ros2_ws/install/mg400_msgs/include/mg400_msgs/mg400_msgs/msg/detail/tool_do_index__rosidl_typesupport_introspection_c.h
[0.598s] -- Up-to-date symlink: /root/ros2_ws/install/mg400_msgs/include/mg400_msgs/mg400_msgs/msg/detail/user__rosidl_typesupport_introspection_c.h
[0.598s] -- Up-to-date symlink: /root/ros2_ws/install/mg400_msgs/include/mg400_msgs/mg400_msgs/msg/rosidl_typesupport_introspection_c__visibility_control.h
[0.598s] -- Up-to-date symlink: /root/ros2_ws/install/mg400_msgs/include/mg400_msgs/mg400_msgs/srv/detail/acc_j__rosidl_typesupport_introspection_c.h
[0.598s] -- Up-to-date symlink: /root/ros2_ws/install/mg400_msgs/include/mg400_msgs/mg400_msgs/srv/detail/acc_l__rosidl_typesupport_introspection_c.h
[0.598s] -- Up-to-date symlink: /root/ros2_ws/install/mg400_msgs/include/mg400_msgs/mg400_msgs/srv/detail/arch__rosidl_typesupport_introspection_c.h
[0.599s] -- Up-to-date symlink: /root/ros2_ws/install/mg400_msgs/include/mg400_msgs/mg400_msgs/srv/detail/clear_error__rosidl_typesupport_introspection_c.h
[0.599s] -- Up-to-date symlink: /root/ros2_ws/install/mg400_msgs/include/mg400_msgs/mg400_msgs/srv/detail/cp__rosidl_typesupport_introspection_c.h
[0.599s] -- Up-to-date symlink: /root/ros2_ws/install/mg400_msgs/include/mg400_msgs/mg400_msgs/srv/detail/di__rosidl_typesupport_introspection_c.h
[0.599s] -- Up-to-date symlink: /root/ros2_ws/install/mg400_msgs/include/mg400_msgs/mg400_msgs/srv/detail/disable_robot__rosidl_typesupport_introspection_c.h
[0.599s] -- Up-to-date symlink: /root/ros2_ws/install/mg400_msgs/include/mg400_msgs/mg400_msgs/srv/detail/do__rosidl_typesupport_introspection_c.h
[0.599s] -- Up-to-date symlink: /root/ros2_ws/install/mg400_msgs/include/mg400_msgs/mg400_msgs/srv/detail/emergency_stop__rosidl_typesupport_introspection_c.h
[0.600s] -- Up-to-date symlink: /root/ros2_ws/install/mg400_msgs/include/mg400_msgs/mg400_msgs/srv/detail/enable_robot__rosidl_typesupport_introspection_c.h
[0.600s] -- Up-to-date symlink: /root/ros2_ws/install/mg400_msgs/include/mg400_msgs/mg400_msgs/srv/detail/get_angle__rosidl_typesupport_introspection_c.h
[0.600s] -- Up-to-date symlink: /root/ros2_ws/install/mg400_msgs/include/mg400_msgs/mg400_msgs/srv/detail/get_error_id__rosidl_typesupport_introspection_c.h
[0.600s] -- Up-to-date symlink: /root/ros2_ws/install/mg400_msgs/include/mg400_msgs/mg400_msgs/srv/detail/get_pose__rosidl_typesupport_introspection_c.h
[0.600s] -- Up-to-date symlink: /root/ros2_ws/install/mg400_msgs/include/mg400_msgs/mg400_msgs/srv/detail/inverse_solution__rosidl_typesupport_introspection_c.h
[0.600s] -- Up-to-date symlink: /root/ros2_ws/install/mg400_msgs/include/mg400_msgs/mg400_msgs/srv/detail/joint_mov_j__rosidl_typesupport_introspection_c.h
[0.601s] -- Up-to-date symlink: /root/ros2_ws/install/mg400_msgs/include/mg400_msgs/mg400_msgs/srv/detail/move_jog__rosidl_typesupport_introspection_c.h
[0.601s] -- Up-to-date symlink: /root/ros2_ws/install/mg400_msgs/include/mg400_msgs/mg400_msgs/srv/detail/pay_load__rosidl_typesupport_introspection_c.h
[0.601s] -- Up-to-date symlink: /root/ros2_ws/install/mg400_msgs/include/mg400_msgs/mg400_msgs/srv/detail/positive_solution__rosidl_typesupport_introspection_c.h
[0.601s] -- Up-to-date symlink: /root/ros2_ws/install/mg400_msgs/include/mg400_msgs/mg400_msgs/srv/detail/reset_robot__rosidl_typesupport_introspection_c.h
[0.601s] -- Up-to-date symlink: /root/ros2_ws/install/mg400_msgs/include/mg400_msgs/mg400_msgs/srv/detail/robot_mode__rosidl_typesupport_introspection_c.h
[0.601s] -- Up-to-date symlink: /root/ros2_ws/install/mg400_msgs/include/mg400_msgs/mg400_msgs/srv/detail/set_collision_level__rosidl_typesupport_introspection_c.h
[0.602s] -- Up-to-date symlink: /root/ros2_ws/install/mg400_msgs/include/mg400_msgs/mg400_msgs/srv/detail/speed_factor__rosidl_typesupport_introspection_c.h
[0.602s] -- Up-to-date symlink: /root/ros2_ws/install/mg400_msgs/include/mg400_msgs/mg400_msgs/srv/detail/speed_j__rosidl_typesupport_introspection_c.h
[0.602s] -- Up-to-date symlink: /root/ros2_ws/install/mg400_msgs/include/mg400_msgs/mg400_msgs/srv/detail/speed_l__rosidl_typesupport_introspection_c.h
[0.602s] -- Up-to-date symlink: /root/ros2_ws/install/mg400_msgs/include/mg400_msgs/mg400_msgs/srv/detail/tool__rosidl_typesupport_introspection_c.h
[0.602s] -- Up-to-date symlink: /root/ros2_ws/install/mg400_msgs/include/mg400_msgs/mg400_msgs/srv/detail/tool_di__rosidl_typesupport_introspection_c.h
[0.602s] -- Up-to-date symlink: /root/ros2_ws/install/mg400_msgs/include/mg400_msgs/mg400_msgs/srv/detail/tool_do_execute__rosidl_typesupport_introspection_c.h
[0.603s] -- Up-to-date symlink: /root/ros2_ws/install/mg400_msgs/include/mg400_msgs/mg400_msgs/srv/detail/user__rosidl_typesupport_introspection_c.h
[0.605s] -- Up-to-date symlink: /root/ros2_ws/install/mg400_msgs/include/mg400_msgs/mg400_msgs/action/detail/command_queue__rosidl_typesupport_introspection_cpp.hpp
[0.605s] -- Up-to-date symlink: /root/ros2_ws/install/mg400_msgs/include/mg400_msgs/mg400_msgs/action/detail/joint_mov_j__rosidl_typesupport_introspection_cpp.hpp
[0.605s] -- Up-to-date symlink: /root/ros2_ws/install/mg400_msgs/include/mg400_msgs/mg400_msgs/action/detail/mov_j__rosidl_typesupport_introspection_cpp.hpp
[0.605s] -- Up-to-date symlink: /root/ros2_ws/install/mg400_msgs/include/mg400_msgs/mg400_msgs/action/detail/mov_jio__rosidl_typesupport_introspection_cpp.hpp
[0.605s] -- Up-to-date symlink: /root/ros2_ws/install/mg400_msgs/include/mg400_msgs/mg400_msgs/action/detail/mov_l__rosidl_typesupport_introspection_cpp.hpp
[0.605s] -- Up-to-date symlink: /root/ros2_ws/install/mg400_msgs/include/mg400_msgs/mg400_msgs/action/detail/mov_lio__rosidl_typesupport_introspection_cpp.hpp
[0.605s] -- Up-to-date symlink: /root/ros2_ws/install/mg400_msgs/include/mg400_msgs/mg400_msgs/msg/detail/arch__rosidl_typesupport_introspection_cpp.hpp
[0.606s] -- Up-to-date symlink: /root/ros2_ws/install/mg400_msgs/include/mg400_msgs/mg400_msgs/msg/detail/collision_level__rosidl_typesupport_introspection_cpp.hpp
[0.606s] -- Up-to-date symlink: /root/ros2_ws/install/mg400_msgs/include/mg400_msgs/mg400_msgs/msg/detail/command__rosidl_typesupport_introspection_cpp.hpp
[0.606s] -- Up-to-date symlink: /root/ros2_ws/install/mg400_msgs/include/mg400_msgs/mg400_msgs/msg/detail/di_index__rosidl_typesupport_introspection_cpp.hpp
[0.606s] -- Up-to-date symlink: /root/ros2_ws/install/mg400_msgs/include/mg400_msgs/mg400_msgs/msg/detail/distance_mode__rosidl_typesupport_introspection_cpp.hpp
[0.606s] -- Up-to-date symlink: /root/ros2_ws/install/mg400_msgs/include/mg400_msgs/mg400_msgs/msg/detail/do_index__rosidl_typesupport_introspection_cpp.hpp
[0.606s] -- Up-to-date symlink: /root/ros2_ws/install/mg400_msgs/include/mg400_msgs/mg400_msgs/msg/detail/do_status__rosidl_typesupport_introspection_cpp.hpp
[0.607s] -- Up-to-date symlink: /root/ros2_ws/install/mg400_msgs/include/mg400_msgs/mg400_msgs/msg/detail/error_id__rosidl_typesupport_introspection_cpp.hpp
[0.607s] -- Up-to-date symlink: /root/ros2_ws/install/mg400_msgs/include/mg400_msgs/mg400_msgs/msg/detail/id_array__rosidl_typesupport_introspection_cpp.hpp
[0.607s] -- Up-to-date symlink: /root/ros2_ws/install/mg400_msgs/include/mg400_msgs/mg400_msgs/msg/detail/joint_mov_j__rosidl_typesupport_introspection_cpp.hpp
[0.607s] -- Up-to-date symlink: /root/ros2_ws/install/mg400_msgs/include/mg400_msgs/mg400_msgs/msg/detail/mov_j__rosidl_typesupport_introspection_cpp.hpp
[0.607s] -- Up-to-date symlink: /root/ros2_ws/install/mg400_msgs/include/mg400_msgs/mg400_msgs/msg/detail/mov_jio__rosidl_typesupport_introspection_cpp.hpp
[0.607s] -- Up-to-date symlink: /root/ros2_ws/install/mg400_msgs/include/mg400_msgs/mg400_msgs/msg/detail/mov_l__rosidl_typesupport_introspection_cpp.hpp
[0.608s] -- Up-to-date symlink: /root/ros2_ws/install/mg400_msgs/include/mg400_msgs/mg400_msgs/msg/detail/mov_lio__rosidl_typesupport_introspection_cpp.hpp
[0.608s] -- Up-to-date symlink: /root/ros2_ws/install/mg400_msgs/include/mg400_msgs/mg400_msgs/msg/detail/move_jog__rosidl_typesupport_introspection_cpp.hpp
[0.608s] -- Up-to-date symlink: /root/ros2_ws/install/mg400_msgs/include/mg400_msgs/mg400_msgs/msg/detail/robot_mode__rosidl_typesupport_introspection_cpp.hpp
[0.608s] -- Up-to-date symlink: /root/ros2_ws/install/mg400_msgs/include/mg400_msgs/mg400_msgs/msg/detail/tool__rosidl_typesupport_introspection_cpp.hpp
[0.609s] -- Up-to-date symlink: /root/ros2_ws/install/mg400_msgs/include/mg400_msgs/mg400_msgs/msg/detail/tool_di_index__rosidl_typesupport_introspection_cpp.hpp
[0.609s] -- Up-to-date symlink: /root/ros2_ws/install/mg400_msgs/include/mg400_msgs/mg400_msgs/msg/detail/tool_do_index__rosidl_typesupport_introspection_cpp.hpp
[0.609s] -- Up-to-date symlink: /root/ros2_ws/install/mg400_msgs/include/mg400_msgs/mg400_msgs/msg/detail/user__rosidl_typesupport_introspection_cpp.hpp
[0.609s] -- Up-to-date symlink: /root/ros2_ws/install/mg400_msgs/include/mg400_msgs/mg400_msgs/srv/detail/acc_j__rosidl_typesupport_introspection_cpp.hpp
[0.609s] -- Up-to-date symlink: /root/ros2_ws/install/mg400_msgs/include/mg400_msgs/mg400_msgs/srv/detail/acc_l__rosidl_typesupport_introspection_cpp.hpp
[0.609s] -- Up-to-date symlink: /root/ros2_ws/install/mg400_msgs/include/mg400_msgs/mg400_msgs/srv/detail/arch__rosidl_typesupport_introspection_cpp.hpp
[0.610s] -- Up-to-date symlink: /root/ros2_ws/install/mg400_msgs/include/mg400_msgs/mg400_msgs/srv/detail/clear_error__rosidl_typesupport_introspection_cpp.hpp
[0.610s] -- Up-to-date symlink: /root/ros2_ws/install/mg400_msgs/include/mg400_msgs/mg400_msgs/srv/detail/cp__rosidl_typesupport_introspection_cpp.hpp
[0.610s] -- Up-to-date symlink: /root/ros2_ws/install/mg400_msgs/include/mg400_msgs/mg400_msgs/srv/detail/di__rosidl_typesupport_introspection_cpp.hpp
[0.610s] -- Up-to-date symlink: /root/ros2_ws/install/mg400_msgs/include/mg400_msgs/mg400_msgs/srv/detail/disable_robot__rosidl_typesupport_introspection_cpp.hpp
[0.610s] -- Up-to-date symlink: /root/ros2_ws/install/mg400_msgs/include/mg400_msgs/mg400_msgs/srv/detail/do__rosidl_typesupport_introspection_cpp.hpp
[0.611s] -- Up-to-date symlink: /root/ros2_ws/install/mg400_msgs/include/mg400_msgs/mg400_msgs/srv/detail/emergency_stop__rosidl_typesupport_introspection_cpp.hpp
[0.611s] -- Up-to-date symlink: /root/ros2_ws/install/mg400_msgs/include/mg400_msgs/mg400_msgs/srv/detail/enable_robot__rosidl_typesupport_introspection_cpp.hpp
[0.611s] -- Up-to-date symlink: /root/ros2_ws/install/mg400_msgs/include/mg400_msgs/mg400_msgs/srv/detail/get_angle__rosidl_typesupport_introspection_cpp.hpp
[0.611s] -- Up-to-date symlink: /root/ros2_ws/install/mg400_msgs/include/mg400_msgs/mg400_msgs/srv/detail/get_error_id__rosidl_typesupport_introspection_cpp.hpp
[0.611s] -- Up-to-date symlink: /root/ros2_ws/install/mg400_msgs/include/mg400_msgs/mg400_msgs/srv/detail/get_pose__rosidl_typesupport_introspection_cpp.hpp
[0.611s] -- Up-to-date symlink: /root/ros2_ws/install/mg400_msgs/include/mg400_msgs/mg400_msgs/srv/detail/inverse_solution__rosidl_typesupport_introspection_cpp.hpp
[0.611s] -- Up-to-date symlink: /root/ros2_ws/install/mg400_msgs/include/mg400_msgs/mg400_msgs/srv/detail/joint_mov_j__rosidl_typesupport_introspection_cpp.hpp
[0.612s] -- Up-to-date symlink: /root/ros2_ws/install/mg400_msgs/include/mg400_msgs/mg400_msgs/srv/detail/move_jog__rosidl_typesupport_introspection_cpp.hpp
[0.612s] -- Up-to-date symlink: /root/ros2_ws/install/mg400_msgs/include/mg400_msgs/mg400_msgs/srv/detail/pay_load__rosidl_typesupport_introspection_cpp.hpp
[0.612s] -- Up-to-date symlink: /root/ros2_ws/install/mg400_msgs/include/mg400_msgs/mg400_msgs/srv/detail/positive_solution__rosidl_typesupport_introspection_cpp.hpp
[0.612s] -- Up-to-date symlink: /root/ros2_ws/install/mg400_msgs/include/mg400_msgs/mg400_msgs/srv/detail/reset_robot__rosidl_typesupport_introspection_cpp.hpp
[0.612s] -- Up-to-date symlink: /root/ros2_ws/install/mg400_msgs/include/mg400_msgs/mg400_msgs/srv/detail/robot_mode__rosidl_typesupport_introspection_cpp.hpp
[0.612s] -- Up-to-date symlink: /root/ros2_ws/install/mg400_msgs/include/mg400_msgs/mg400_msgs/srv/detail/set_collision_level__rosidl_typesupport_introspection_cpp.hpp
[0.613s] -- Up-to-date symlink: /root/ros2_ws/install/mg400_msgs/include/mg400_msgs/mg400_msgs/srv/detail/speed_factor__rosidl_typesupport_introspection_cpp.hpp
[0.613s] -- Up-to-date symlink: /root/ros2_ws/install/mg400_msgs/include/mg400_msgs/mg400_msgs/srv/detail/speed_j__rosidl_typesupport_introspection_cpp.hpp
[0.613s] -- Up-to-date symlink: /root/ros2_ws/install/mg400_msgs/include/mg400_msgs/mg400_msgs/srv/detail/speed_l__rosidl_typesupport_introspection_cpp.hpp
[0.613s] -- Up-to-date symlink: /root/ros2_ws/install/mg400_msgs/include/mg400_msgs/mg400_msgs/srv/detail/tool__rosidl_typesupport_introspection_cpp.hpp
[0.613s] -- Up-to-date symlink: /root/ros2_ws/install/mg400_msgs/include/mg400_msgs/mg400_msgs/srv/detail/tool_di__rosidl_typesupport_introspection_cpp.hpp
[0.613s] -- Up-to-date symlink: /root/ros2_ws/install/mg400_msgs/include/mg400_msgs/mg400_msgs/srv/detail/tool_do_execute__rosidl_typesupport_introspection_cpp.hpp
[0.613s] -- Up-to-date symlink: /root/ros2_ws/install/mg400_msgs/include/mg400_msgs/mg400_msgs/srv/detail/user__rosidl_typesupport_introspection_cpp.hpp
[0.614s] -- Up-to-date symlink: /root/ros2_ws/install/mg400_msgs/share/mg400_msgs/environment/pythonpath.sh
[0.614s] -- Up-to-date symlink: /root/ros2_ws/install/mg400_msgs/share/mg400_msgs/environment/pythonpath.dsv
[0.614s] -- Up-to-date symlink: /root/ros2_ws/install/mg400_msgs/local/lib/python3.10/dist-packages/mg400_msgs-1.7.0-py3.10.egg-info/PKG-INFO
[0.614s] -- Up-to-date symlink: /root/ros2_ws/install/mg400_msgs/local/lib/python3.10/dist-packages/mg400_msgs-1.7.0-py3.10.egg-info/SOURCES.txt
[0.614s] -- Up-to-date symlink: /root/ros2_ws/install/mg400_msgs/local/lib/python3.10/dist-packages/mg400_msgs-1.7.0-py3.10.egg-info/dependency_links.txt
[0.615s] -- Up-to-date symlink: /root/ros2_ws/install/mg400_msgs/local/lib/python3.10/dist-packages/mg400_msgs-1.7.0-py3.10.egg-info/top_level.txt
[0.618s] -- Up-to-date symlink: /root/ros2_ws/install/mg400_msgs/local/lib/python3.10/dist-packages/mg400_msgs/__init__.py
[0.618s] -- Up-to-date symlink: /root/ros2_ws/install/mg400_msgs/local/lib/python3.10/dist-packages/mg400_msgs/_mg400_msgs_s.ep.rosidl_typesupport_c.c
[0.618s] -- Up-to-date symlink: /root/ros2_ws/install/mg400_msgs/local/lib/python3.10/dist-packages/mg400_msgs/_mg400_msgs_s.ep.rosidl_typesupport_fastrtps_c.c
[0.618s] -- Up-to-date symlink: /root/ros2_ws/install/mg400_msgs/local/lib/python3.10/dist-packages/mg400_msgs/_mg400_msgs_s.ep.rosidl_typesupport_introspection_c.c
[0.618s] -- Up-to-date symlink: /root/ros2_ws/install/mg400_msgs/local/lib/python3.10/dist-packages/mg400_msgs/action/__init__.py
[0.618s] -- Up-to-date symlink: /root/ros2_ws/install/mg400_msgs/local/lib/python3.10/dist-packages/mg400_msgs/action/_command_queue.py
[0.618s] -- Up-to-date symlink: /root/ros2_ws/install/mg400_msgs/local/lib/python3.10/dist-packages/mg400_msgs/action/_command_queue_s.c
[0.619s] -- Up-to-date symlink: /root/ros2_ws/install/mg400_msgs/local/lib/python3.10/dist-packages/mg400_msgs/action/_joint_mov_j.py
[0.619s] -- Up-to-date symlink: /root/ros2_ws/install/mg400_msgs/local/lib/python3.10/dist-packages/mg400_msgs/action/_joint_mov_j_s.c
[0.619s] -- Up-to-date symlink: /root/ros2_ws/install/mg400_msgs/local/lib/python3.10/dist-packages/mg400_msgs/action/_mov_j.py
[0.619s] -- Up-to-date symlink: /root/ros2_ws/install/mg400_msgs/local/lib/python3.10/dist-packages/mg400_msgs/action/_mov_j_s.c
[0.619s] -- Up-to-date symlink: /root/ros2_ws/install/mg400_msgs/local/lib/python3.10/dist-packages/mg400_msgs/action/_mov_jio.py
[0.619s] -- Up-to-date symlink: /root/ros2_ws/install/mg400_msgs/local/lib/python3.10/dist-packages/mg400_msgs/action/_mov_jio_s.c
[0.619s] -- Up-to-date symlink: /root/ros2_ws/install/mg400_msgs/local/lib/python3.10/dist-packages/mg400_msgs/action/_mov_l.py
[0.620s] -- Up-to-date symlink: /root/ros2_ws/install/mg400_msgs/local/lib/python3.10/dist-packages/mg400_msgs/action/_mov_l_s.c
[0.620s] -- Up-to-date symlink: /root/ros2_ws/install/mg400_msgs/local/lib/python3.10/dist-packages/mg400_msgs/action/_mov_lio.py
[0.620s] -- Up-to-date symlink: /root/ros2_ws/install/mg400_msgs/local/lib/python3.10/dist-packages/mg400_msgs/action/_mov_lio_s.c
[0.620s] -- Up-to-date symlink: /root/ros2_ws/install/mg400_msgs/local/lib/python3.10/dist-packages/mg400_msgs/libmg400_msgs__rosidl_generator_py.so
[0.620s] -- Up-to-date symlink: /root/ros2_ws/install/mg400_msgs/local/lib/python3.10/dist-packages/mg400_msgs/mg400_msgs_s__rosidl_typesupport_c.cpython-310-x86_64-linux-gnu.so
[0.621s] -- Up-to-date symlink: /root/ros2_ws/install/mg400_msgs/local/lib/python3.10/dist-packages/mg400_msgs/mg400_msgs_s__rosidl_typesupport_fastrtps_c.cpython-310-x86_64-linux-gnu.so
[0.621s] -- Up-to-date symlink: /root/ros2_ws/install/mg400_msgs/local/lib/python3.10/dist-packages/mg400_msgs/mg400_msgs_s__rosidl_typesupport_introspection_c.cpython-310-x86_64-linux-gnu.so
[0.621s] -- Up-to-date symlink: /root/ros2_ws/install/mg400_msgs/local/lib/python3.10/dist-packages/mg400_msgs/msg/__init__.py
[0.621s] -- Up-to-date symlink: /root/ros2_ws/install/mg400_msgs/local/lib/python3.10/dist-packages/mg400_msgs/msg/_arch.py
[0.621s] -- Up-to-date symlink: /root/ros2_ws/install/mg400_msgs/local/lib/python3.10/dist-packages/mg400_msgs/msg/_arch_s.c
[0.621s] -- Up-to-date symlink: /root/ros2_ws/install/mg400_msgs/local/lib/python3.10/dist-packages/mg400_msgs/msg/_collision_level.py
[0.621s] -- Up-to-date symlink: /root/ros2_ws/install/mg400_msgs/local/lib/python3.10/dist-packages/mg400_msgs/msg/_collision_level_s.c
[0.622s] -- Up-to-date symlink: /root/ros2_ws/install/mg400_msgs/local/lib/python3.10/dist-packages/mg400_msgs/msg/_command.py
[0.622s] -- Up-to-date symlink: /root/ros2_ws/install/mg400_msgs/local/lib/python3.10/dist-packages/mg400_msgs/msg/_command_s.c
[0.622s] -- Up-to-date symlink: /root/ros2_ws/install/mg400_msgs/local/lib/python3.10/dist-packages/mg400_msgs/msg/_di_index.py
[0.622s] -- Up-to-date symlink: /root/ros2_ws/install/mg400_msgs/local/lib/python3.10/dist-packages/mg400_msgs/msg/_di_index_s.c
[0.622s] -- Up-to-date symlink: /root/ros2_ws/install/mg400_msgs/local/lib/python3.10/dist-packages/mg400_msgs/msg/_distance_mode.py
[0.622s] -- Up-to-date symlink: /root/ros2_ws/install/mg400_msgs/local/lib/python3.10/dist-packages/mg400_msgs/msg/_distance_mode_s.c
[0.622s] -- Up-to-date symlink: /root/ros2_ws/install/mg400_msgs/local/lib/python3.10/dist-packages/mg400_msgs/msg/_do_index.py
[0.623s] -- Up-to-date symlink: /root/ros2_ws/install/mg400_msgs/local/lib/python3.10/dist-packages/mg400_msgs/msg/_do_index_s.c
[0.623s] -- Up-to-date symlink: /root/ros2_ws/install/mg400_msgs/local/lib/python3.10/dist-packages/mg400_msgs/msg/_do_status.py
[0.623s] -- Up-to-date symlink: /root/ros2_ws/install/mg400_msgs/local/lib/python3.10/dist-packages/mg400_msgs/msg/_do_status_s.c
[0.623s] -- Up-to-date symlink: /root/ros2_ws/install/mg400_msgs/local/lib/python3.10/dist-packages/mg400_msgs/msg/_error_id.py
[0.623s] -- Up-to-date symlink: /root/ros2_ws/install/mg400_msgs/local/lib/python3.10/dist-packages/mg400_msgs/msg/_error_id_s.c
[0.623s] -- Up-to-date symlink: /root/ros2_ws/install/mg400_msgs/local/lib/python3.10/dist-packages/mg400_msgs/msg/_id_array.py
[0.623s] -- Up-to-date symlink: /root/ros2_ws/install/mg400_msgs/local/lib/python3.10/dist-packages/mg400_msgs/msg/_id_array_s.c
[0.624s] -- Up-to-date symlink: /root/ros2_ws/install/mg400_msgs/local/lib/python3.10/dist-packages/mg400_msgs/msg/_joint_mov_j.py
[0.624s] -- Up-to-date symlink: /root/ros2_ws/install/mg400_msgs/local/lib/python3.10/dist-packages/mg400_msgs/msg/_joint_mov_j_s.c
[0.624s] -- Up-to-date symlink: /root/ros2_ws/install/mg400_msgs/local/lib/python3.10/dist-packages/mg400_msgs/msg/_mov_j.py
[0.624s] -- Up-to-date symlink: /root/ros2_ws/install/mg400_msgs/local/lib/python3.10/dist-packages/mg400_msgs/msg/_mov_j_s.c
[0.624s] -- Up-to-date symlink: /root/ros2_ws/install/mg400_msgs/local/lib/python3.10/dist-packages/mg400_msgs/msg/_mov_jio.py
[0.624s] -- Up-to-date symlink: /root/ros2_ws/install/mg400_msgs/local/lib/python3.10/dist-packages/mg400_msgs/msg/_mov_jio_s.c
[0.624s] -- Up-to-date symlink: /root/ros2_ws/install/mg400_msgs/local/lib/python3.10/dist-packages/mg400_msgs/msg/_mov_l.py
[0.625s] -- Up-to-date symlink: /root/ros2_ws/install/mg400_msgs/local/lib/python3.10/dist-packages/mg400_msgs/msg/_mov_l_s.c
[0.625s] -- Up-to-date symlink: /root/ros2_ws/install/mg400_msgs/local/lib/python3.10/dist-packages/mg400_msgs/msg/_mov_lio.py
[0.625s] -- Up-to-date symlink: /root/ros2_ws/install/mg400_msgs/local/lib/python3.10/dist-packages/mg400_msgs/msg/_mov_lio_s.c
[0.625s] -- Up-to-date symlink: /root/ros2_ws/install/mg400_msgs/local/lib/python3.10/dist-packages/mg400_msgs/msg/_move_jog.py
[0.625s] -- Up-to-date symlink: /root/ros2_ws/install/mg400_msgs/local/lib/python3.10/dist-packages/mg400_msgs/msg/_move_jog_s.c
[0.625s] -- Up-to-date symlink: /root/ros2_ws/install/mg400_msgs/local/lib/python3.10/dist-packages/mg400_msgs/msg/_robot_mode.py
[0.626s] -- Up-to-date symlink: /root/ros2_ws/install/mg400_msgs/local/lib/python3.10/dist-packages/mg400_msgs/msg/_robot_mode_s.c
[0.626s] -- Up-to-date symlink: /root/ros2_ws/install/mg400_msgs/local/lib/python3.10/dist-packages/mg400_msgs/msg/_tool.py
[0.626s] -- Up-to-date symlink: /root/ros2_ws/install/mg400_msgs/local/lib/python3.10/dist-packages/mg400_msgs/msg/_tool_di_index.py
[0.626s] -- Up-to-date symlink: /root/ros2_ws/install/mg400_msgs/local/lib/python3.10/dist-packages/mg400_msgs/msg/_tool_di_index_s.c
[0.626s] -- Up-to-date symlink: /root/ros2_ws/install/mg400_msgs/local/lib/python3.10/dist-packages/mg400_msgs/msg/_tool_do_index.py
[0.626s] -- Up-to-date symlink: /root/ros2_ws/install/mg400_msgs/local/lib/python3.10/dist-packages/mg400_msgs/msg/_tool_do_index_s.c
[0.626s] -- Up-to-date symlink: /root/ros2_ws/install/mg400_msgs/local/lib/python3.10/dist-packages/mg400_msgs/msg/_tool_s.c
[0.627s] -- Up-to-date symlink: /root/ros2_ws/install/mg400_msgs/local/lib/python3.10/dist-packages/mg400_msgs/msg/_user.py
[0.627s] -- Up-to-date symlink: /root/ros2_ws/install/mg400_msgs/local/lib/python3.10/dist-packages/mg400_msgs/msg/_user_s.c
[0.627s] -- Up-to-date symlink: /root/ros2_ws/install/mg400_msgs/local/lib/python3.10/dist-packages/mg400_msgs/srv/__init__.py
[0.627s] -- Up-to-date symlink: /root/ros2_ws/install/mg400_msgs/local/lib/python3.10/dist-packages/mg400_msgs/srv/_acc_j.py
[0.627s] -- Up-to-date symlink: /root/ros2_ws/install/mg400_msgs/local/lib/python3.10/dist-packages/mg400_msgs/srv/_acc_j_s.c
[0.627s] -- Up-to-date symlink: /root/ros2_ws/install/mg400_msgs/local/lib/python3.10/dist-packages/mg400_msgs/srv/_acc_l.py
[0.627s] -- Up-to-date symlink: /root/ros2_ws/install/mg400_msgs/local/lib/python3.10/dist-packages/mg400_msgs/srv/_acc_l_s.c
[0.628s] -- Up-to-date symlink: /root/ros2_ws/install/mg400_msgs/local/lib/python3.10/dist-packages/mg400_msgs/srv/_arch.py
[0.628s] -- Up-to-date symlink: /root/ros2_ws/install/mg400_msgs/local/lib/python3.10/dist-packages/mg400_msgs/srv/_arch_s.c
[0.628s] -- Up-to-date symlink: /root/ros2_ws/install/mg400_msgs/local/lib/python3.10/dist-packages/mg400_msgs/srv/_clear_error.py
[0.628s] -- Up-to-date symlink: /root/ros2_ws/install/mg400_msgs/local/lib/python3.10/dist-packages/mg400_msgs/srv/_clear_error_s.c
[0.628s] -- Up-to-date symlink: /root/ros2_ws/install/mg400_msgs/local/lib/python3.10/dist-packages/mg400_msgs/srv/_cp.py
[0.628s] -- Up-to-date symlink: /root/ros2_ws/install/mg400_msgs/local/lib/python3.10/dist-packages/mg400_msgs/srv/_cp_s.c
[0.629s] -- Up-to-date symlink: /root/ros2_ws/install/mg400_msgs/local/lib/python3.10/dist-packages/mg400_msgs/srv/_di.py
[0.629s] -- Up-to-date symlink: /root/ros2_ws/install/mg400_msgs/local/lib/python3.10/dist-packages/mg400_msgs/srv/_di_s.c
[0.629s] -- Up-to-date symlink: /root/ros2_ws/install/mg400_msgs/local/lib/python3.10/dist-packages/mg400_msgs/srv/_disable_robot.py
[0.629s] -- Up-to-date symlink: /root/ros2_ws/install/mg400_msgs/local/lib/python3.10/dist-packages/mg400_msgs/srv/_disable_robot_s.c
[0.629s] -- Up-to-date symlink: /root/ros2_ws/install/mg400_msgs/local/lib/python3.10/dist-packages/mg400_msgs/srv/_do.py
[0.629s] -- Up-to-date symlink: /root/ros2_ws/install/mg400_msgs/local/lib/python3.10/dist-packages/mg400_msgs/srv/_do_s.c
[0.629s] -- Up-to-date symlink: /root/ros2_ws/install/mg400_msgs/local/lib/python3.10/dist-packages/mg400_msgs/srv/_emergency_stop.py
[0.630s] -- Up-to-date symlink: /root/ros2_ws/install/mg400_msgs/local/lib/python3.10/dist-packages/mg400_msgs/srv/_emergency_stop_s.c
[0.630s] -- Up-to-date symlink: /root/ros2_ws/install/mg400_msgs/local/lib/python3.10/dist-packages/mg400_msgs/srv/_enable_robot.py
[0.630s] -- Up-to-date symlink: /root/ros2_ws/install/mg400_msgs/local/lib/python3.10/dist-packages/mg400_msgs/srv/_enable_robot_s.c
[0.630s] -- Up-to-date symlink: /root/ros2_ws/install/mg400_msgs/local/lib/python3.10/dist-packages/mg400_msgs/srv/_get_angle.py
[0.630s] -- Up-to-date symlink: /root/ros2_ws/install/mg400_msgs/local/lib/python3.10/dist-packages/mg400_msgs/srv/_get_angle_s.c
[0.630s] -- Up-to-date symlink: /root/ros2_ws/install/mg400_msgs/local/lib/python3.10/dist-packages/mg400_msgs/srv/_get_error_id.py
[0.630s] -- Up-to-date symlink: /root/ros2_ws/install/mg400_msgs/local/lib/python3.10/dist-packages/mg400_msgs/srv/_get_error_id_s.c
[0.631s] -- Up-to-date symlink: /root/ros2_ws/install/mg400_msgs/local/lib/python3.10/dist-packages/mg400_msgs/srv/_get_pose.py
[0.631s] -- Up-to-date symlink: /root/ros2_ws/install/mg400_msgs/local/lib/python3.10/dist-packages/mg400_msgs/srv/_get_pose_s.c
[0.631s] -- Up-to-date symlink: /root/ros2_ws/install/mg400_msgs/local/lib/python3.10/dist-packages/mg400_msgs/srv/_inverse_solution.py
[0.631s] -- Up-to-date symlink: /root/ros2_ws/install/mg400_msgs/local/lib/python3.10/dist-packages/mg400_msgs/srv/_inverse_solution_s.c
[0.631s] -- Up-to-date symlink: /root/ros2_ws/install/mg400_msgs/local/lib/python3.10/dist-packages/mg400_msgs/srv/_joint_mov_j.py
[0.631s] -- Up-to-date symlink: /root/ros2_ws/install/mg400_msgs/local/lib/python3.10/dist-packages/mg400_msgs/srv/_joint_mov_j_s.c
[0.631s] -- Up-to-date symlink: /root/ros2_ws/install/mg400_msgs/local/lib/python3.10/dist-packages/mg400_msgs/srv/_move_jog.py
[0.632s] -- Up-to-date symlink: /root/ros2_ws/install/mg400_msgs/local/lib/python3.10/dist-packages/mg400_msgs/srv/_move_jog_s.c
[0.632s] -- Up-to-date symlink: /root/ros2_ws/install/mg400_msgs/local/lib/python3.10/dist-packages/mg400_msgs/srv/_pay_load.py
[0.632s] -- Up-to-date symlink: /root/ros2_ws/install/mg400_msgs/local/lib/python3.10/dist-packages/mg400_msgs/srv/_pay_load_s.c
[0.632s] -- Up-to-date symlink: /root/ros2_ws/install/mg400_msgs/local/lib/python3.10/dist-packages/mg400_msgs/srv/_positive_solution.py
[0.632s] -- Up-to-date symlink: /root/ros2_ws/install/mg400_msgs/local/lib/python3.10/dist-packages/mg400_msgs/srv/_positive_solution_s.c
[0.632s] -- Up-to-date symlink: /root/ros2_ws/install/mg400_msgs/local/lib/python3.10/dist-packages/mg400_msgs/srv/_reset_robot.py
[0.632s] -- Up-to-date symlink: /root/ros2_ws/install/mg400_msgs/local/lib/python3.10/dist-packages/mg400_msgs/srv/_reset_robot_s.c
[0.633s] -- Up-to-date symlink: /root/ros2_ws/install/mg400_msgs/local/lib/python3.10/dist-packages/mg400_msgs/srv/_robot_mode.py
[0.633s] -- Up-to-date symlink: /root/ros2_ws/install/mg400_msgs/local/lib/python3.10/dist-packages/mg400_msgs/srv/_robot_mode_s.c
[0.633s] -- Up-to-date symlink: /root/ros2_ws/install/mg400_msgs/local/lib/python3.10/dist-packages/mg400_msgs/srv/_set_collision_level.py
[0.633s] -- Up-to-date symlink: /root/ros2_ws/install/mg400_msgs/local/lib/python3.10/dist-packages/mg400_msgs/srv/_set_collision_level_s.c
[0.633s] -- Up-to-date symlink: /root/ros2_ws/install/mg400_msgs/local/lib/python3.10/dist-packages/mg400_msgs/srv/_speed_factor.py
[0.633s] -- Up-to-date symlink: /root/ros2_ws/install/mg400_msgs/local/lib/python3.10/dist-packages/mg400_msgs/srv/_speed_factor_s.c
[0.633s] -- Up-to-date symlink: /root/ros2_ws/install/mg400_msgs/local/lib/python3.10/dist-packages/mg400_msgs/srv/_speed_j.py
[0.634s] -- Up-to-date symlink: /root/ros2_ws/install/mg400_msgs/local/lib/python3.10/dist-packages/mg400_msgs/srv/_speed_j_s.c
[0.634s] -- Up-to-date symlink: /root/ros2_ws/install/mg400_msgs/local/lib/python3.10/dist-packages/mg400_msgs/srv/_speed_l.py
[0.634s] -- Up-to-date symlink: /root/ros2_ws/install/mg400_msgs/local/lib/python3.10/dist-packages/mg400_msgs/srv/_speed_l_s.c
[0.634s] -- Up-to-date symlink: /root/ros2_ws/install/mg400_msgs/local/lib/python3.10/dist-packages/mg400_msgs/srv/_tool.py
[0.634s] -- Up-to-date symlink: /root/ros2_ws/install/mg400_msgs/local/lib/python3.10/dist-packages/mg400_msgs/srv/_tool_di.py
[0.634s] -- Up-to-date symlink: /root/ros2_ws/install/mg400_msgs/local/lib/python3.10/dist-packages/mg400_msgs/srv/_tool_di_s.c
[0.635s] -- Up-to-date symlink: /root/ros2_ws/install/mg400_msgs/local/lib/python3.10/dist-packages/mg400_msgs/srv/_tool_do_execute.py
[0.635s] -- Up-to-date symlink: /root/ros2_ws/install/mg400_msgs/local/lib/python3.10/dist-packages/mg400_msgs/srv/_tool_do_execute_s.c
[0.635s] -- Up-to-date symlink: /root/ros2_ws/install/mg400_msgs/local/lib/python3.10/dist-packages/mg400_msgs/srv/_tool_s.c
[0.635s] -- Up-to-date symlink: /root/ros2_ws/install/mg400_msgs/local/lib/python3.10/dist-packages/mg400_msgs/srv/_user.py
[0.635s] -- Up-to-date symlink: /root/ros2_ws/install/mg400_msgs/local/lib/python3.10/dist-packages/mg400_msgs/srv/_user_s.c
[0.635s] -- Up-to-date symlink: /root/ros2_ws/install/mg400_msgs/local/lib/python3.10/dist-packages/mg400_msgs/mg400_msgs_s__rosidl_typesupport_fastrtps_c.cpython-310-x86_64-linux-gnu.so
[0.636s] -- Up-to-date symlink: /root/ros2_ws/install/mg400_msgs/local/lib/python3.10/dist-packages/mg400_msgs/mg400_msgs_s__rosidl_typesupport_introspection_c.cpython-310-x86_64-linux-gnu.so
[0.636s] -- Up-to-date symlink: /root/ros2_ws/install/mg400_msgs/local/lib/python3.10/dist-packages/mg400_msgs/mg400_msgs_s__rosidl_typesupport_c.cpython-310-x86_64-linux-gnu.so
[0.636s] -- Up-to-date symlink: /root/ros2_ws/install/mg400_msgs/share/ament_index/resource_index/rust_packages/mg400_msgs
[0.637s] -- Up-to-date symlink: /root/ros2_ws/install/mg400_msgs/share/mg400_msgs/rust/Cargo.toml
[0.637s] -- Up-to-date symlink: /root/ros2_ws/install/mg400_msgs/share/mg400_msgs/rust/build.rs
[0.637s] -- Up-to-date symlink: /root/ros2_ws/install/mg400_msgs/share/mg400_msgs/rust/src/action.rs
[0.637s] -- Up-to-date symlink: /root/ros2_ws/install/mg400_msgs/share/mg400_msgs/rust/src/action/rmw.rs
[0.638s] -- Up-to-date symlink: /root/ros2_ws/install/mg400_msgs/share/mg400_msgs/rust/src/lib.rs
[0.638s] -- Up-to-date symlink: /root/ros2_ws/install/mg400_msgs/share/mg400_msgs/rust/src/msg.rs
[0.638s] -- Up-to-date symlink: /root/ros2_ws/install/mg400_msgs/share/mg400_msgs/rust/src/msg/rmw.rs
[0.638s] -- Up-to-date symlink: /root/ros2_ws/install/mg400_msgs/share/mg400_msgs/rust/src/srv.rs
[0.638s] -- Up-to-date symlink: /root/ros2_ws/install/mg400_msgs/share/mg400_msgs/rust/src/srv/rmw.rs
[0.638s] -- Up-to-date symlink: /root/ros2_ws/install/mg400_msgs/share/mg400_msgs/msg/Arch.idl
[0.638s] -- Up-to-date symlink: /root/ros2_ws/install/mg400_msgs/share/mg400_msgs/msg/CollisionLevel.idl
[0.639s] -- Up-to-date symlink: /root/ros2_ws/install/mg400_msgs/share/mg400_msgs/msg/Command.idl
[0.639s] -- Up-to-date symlink: /root/ros2_ws/install/mg400_msgs/share/mg400_msgs/msg/DIIndex.idl
[0.639s] -- Up-to-date symlink: /root/ros2_ws/install/mg400_msgs/share/mg400_msgs/msg/DOIndex.idl
[0.639s] -- Up-to-date symlink: /root/ros2_ws/install/mg400_msgs/share/mg400_msgs/msg/DOStatus.idl
[0.639s] -- Up-to-date symlink: /root/ros2_ws/install/mg400_msgs/share/mg400_msgs/msg/DistanceMode.idl
[0.639s] -- Up-to-date symlink: /root/ros2_ws/install/mg400_msgs/share/mg400_msgs/msg/ErrorID.idl
[0.640s] -- Up-to-date symlink: /root/ros2_ws/install/mg400_msgs/share/mg400_msgs/msg/IDArray.idl
[0.640s] -- Up-to-date symlink: /root/ros2_ws/install/mg400_msgs/share/mg400_msgs/msg/JointMovJ.idl
[0.640s] -- Up-to-date symlink: /root/ros2_ws/install/mg400_msgs/share/mg400_msgs/msg/MovJ.idl
[0.640s] -- Up-to-date symlink: /root/ros2_ws/install/mg400_msgs/share/mg400_msgs/msg/MovJIO.idl
[0.640s] -- Up-to-date symlink: /root/ros2_ws/install/mg400_msgs/share/mg400_msgs/msg/MovL.idl
[0.640s] -- Up-to-date symlink: /root/ros2_ws/install/mg400_msgs/share/mg400_msgs/msg/MovLIO.idl
[0.641s] -- Up-to-date symlink: /root/ros2_ws/install/mg400_msgs/share/mg400_msgs/msg/MoveJog.idl
[0.641s] -- Up-to-date symlink: /root/ros2_ws/install/mg400_msgs/share/mg400_msgs/msg/RobotMode.idl
[0.641s] -- Up-to-date symlink: /root/ros2_ws/install/mg400_msgs/share/mg400_msgs/msg/Tool.idl
[0.641s] -- Up-to-date symlink: /root/ros2_ws/install/mg400_msgs/share/mg400_msgs/msg/ToolDIIndex.idl
[0.641s] -- Up-to-date symlink: /root/ros2_ws/install/mg400_msgs/share/mg400_msgs/msg/ToolDOIndex.idl
[0.641s] -- Up-to-date symlink: /root/ros2_ws/install/mg400_msgs/share/mg400_msgs/msg/User.idl
[0.642s] -- Up-to-date symlink: /root/ros2_ws/install/mg400_msgs/share/mg400_msgs/srv/AccJ.idl
[0.642s] -- Up-to-date symlink: /root/ros2_ws/install/mg400_msgs/share/mg400_msgs/srv/AccL.idl
[0.642s] -- Up-to-date symlink: /root/ros2_ws/install/mg400_msgs/share/mg400_msgs/srv/Arch.idl
[0.642s] -- Up-to-date symlink: /root/ros2_ws/install/mg400_msgs/share/mg400_msgs/srv/CP.idl
[0.642s] -- Up-to-date symlink: /root/ros2_ws/install/mg400_msgs/share/mg400_msgs/srv/ClearError.idl
[0.642s] -- Up-to-date symlink: /root/ros2_ws/install/mg400_msgs/share/mg400_msgs/srv/DI.idl
[0.643s] -- Up-to-date symlink: /root/ros2_ws/install/mg400_msgs/share/mg400_msgs/srv/DO.idl
[0.643s] -- Up-to-date symlink: /root/ros2_ws/install/mg400_msgs/share/mg400_msgs/srv/DisableRobot.idl
[0.643s] -- Up-to-date symlink: /root/ros2_ws/install/mg400_msgs/share/mg400_msgs/srv/EmergencyStop.idl
[0.643s] -- Up-to-date symlink: /root/ros2_ws/install/mg400_msgs/share/mg400_msgs/srv/EnableRobot.idl
[0.643s] -- Up-to-date symlink: /root/ros2_ws/install/mg400_msgs/share/mg400_msgs/srv/GetAngle.idl
[0.643s] -- Up-to-date symlink: /root/ros2_ws/install/mg400_msgs/share/mg400_msgs/srv/GetErrorID.idl
[0.644s] -- Up-to-date symlink: /root/ros2_ws/install/mg400_msgs/share/mg400_msgs/srv/GetPose.idl
[0.644s] -- Up-to-date symlink: /root/ros2_ws/install/mg400_msgs/share/mg400_msgs/srv/InverseSolution.idl
[0.644s] -- Up-to-date symlink: /root/ros2_ws/install/mg400_msgs/share/mg400_msgs/srv/JointMovJ.idl
[0.644s] -- Up-to-date symlink: /root/ros2_ws/install/mg400_msgs/share/mg400_msgs/srv/MoveJog.idl
[0.644s] -- Up-to-date symlink: /root/ros2_ws/install/mg400_msgs/share/mg400_msgs/srv/PayLoad.idl
[0.644s] -- Up-to-date symlink: /root/ros2_ws/install/mg400_msgs/share/mg400_msgs/srv/PositiveSolution.idl
[0.645s] -- Up-to-date symlink: /root/ros2_ws/install/mg400_msgs/share/mg400_msgs/srv/ResetRobot.idl
[0.645s] -- Up-to-date symlink: /root/ros2_ws/install/mg400_msgs/share/mg400_msgs/srv/RobotMode.idl
[0.645s] -- Up-to-date symlink: /root/ros2_ws/install/mg400_msgs/share/mg400_msgs/srv/SetCollisionLevel.idl
[0.645s] -- Up-to-date symlink: /root/ros2_ws/install/mg400_msgs/share/mg400_msgs/srv/SpeedFactor.idl
[0.645s] -- Up-to-date symlink: /root/ros2_ws/install/mg400_msgs/share/mg400_msgs/srv/SpeedJ.idl
[0.645s] -- Up-to-date symlink: /root/ros2_ws/install/mg400_msgs/share/mg400_msgs/srv/SpeedL.idl
[0.646s] -- Up-to-date symlink: /root/ros2_ws/install/mg400_msgs/share/mg400_msgs/srv/Tool.idl
[0.646s] -- Up-to-date symlink: /root/ros2_ws/install/mg400_msgs/share/mg400_msgs/srv/ToolDI.idl
[0.646s] -- Up-to-date symlink: /root/ros2_ws/install/mg400_msgs/share/mg400_msgs/srv/ToolDOExecute.idl
[0.646s] -- Up-to-date symlink: /root/ros2_ws/install/mg400_msgs/share/mg400_msgs/srv/User.idl
[0.646s] -- Up-to-date symlink: /root/ros2_ws/install/mg400_msgs/share/mg400_msgs/action/CommandQueue.idl
[0.646s] -- Up-to-date symlink: /root/ros2_ws/install/mg400_msgs/share/mg400_msgs/action/JointMovJ.idl
[0.647s] -- Up-to-date symlink: /root/ros2_ws/install/mg400_msgs/share/mg400_msgs/action/MovJ.idl
[0.647s] -- Up-to-date symlink: /root/ros2_ws/install/mg400_msgs/share/mg400_msgs/action/MovJIO.idl
[0.647s] -- Up-to-date symlink: /root/ros2_ws/install/mg400_msgs/share/mg400_msgs/action/MovL.idl
[0.647s] -- Up-to-date symlink: /root/ros2_ws/install/mg400_msgs/share/mg400_msgs/action/MovLIO.idl
[0.647s] -- Up-to-date symlink: /root/ros2_ws/install/mg400_msgs/share/mg400_msgs/msg/Arch.msg
[0.647s] -- Up-to-date symlink: /root/ros2_ws/install/mg400_msgs/share/mg400_msgs/msg/CollisionLevel.msg
[0.647s] -- Up-to-date symlink: /root/ros2_ws/install/mg400_msgs/share/mg400_msgs/msg/Command.msg
[0.648s] -- Up-to-date symlink: /root/ros2_ws/install/mg400_msgs/share/mg400_msgs/msg/DIIndex.msg
[0.648s] -- Up-to-date symlink: /root/ros2_ws/install/mg400_msgs/share/mg400_msgs/msg/DOIndex.msg
[0.648s] -- Up-to-date symlink: /root/ros2_ws/install/mg400_msgs/share/mg400_msgs/msg/DOStatus.msg
[0.648s] -- Up-to-date symlink: /root/ros2_ws/install/mg400_msgs/share/mg400_msgs/msg/DistanceMode.msg
[0.648s] -- Up-to-date symlink: /root/ros2_ws/install/mg400_msgs/share/mg400_msgs/msg/ErrorID.msg
[0.648s] -- Up-to-date symlink: /root/ros2_ws/install/mg400_msgs/share/mg400_msgs/msg/IDArray.msg
[0.648s] -- Up-to-date symlink: /root/ros2_ws/install/mg400_msgs/share/mg400_msgs/msg/JointMovJ.msg
[0.648s] -- Up-to-date symlink: /root/ros2_ws/install/mg400_msgs/share/mg400_msgs/msg/MovJ.msg
[0.648s] -- Up-to-date symlink: /root/ros2_ws/install/mg400_msgs/share/mg400_msgs/msg/MovJIO.msg
[0.649s] -- Up-to-date symlink: /root/ros2_ws/install/mg400_msgs/share/mg400_msgs/msg/MovL.msg
[0.649s] -- Up-to-date symlink: /root/ros2_ws/install/mg400_msgs/share/mg400_msgs/msg/MovLIO.msg
[0.649s] -- Up-to-date symlink: /root/ros2_ws/install/mg400_msgs/share/mg400_msgs/msg/MoveJog.msg
[0.649s] -- Up-to-date symlink: /root/ros2_ws/install/mg400_msgs/share/mg400_msgs/msg/RobotMode.msg
[0.649s] -- Up-to-date symlink: /root/ros2_ws/install/mg400_msgs/share/mg400_msgs/msg/Tool.msg
[0.649s] -- Up-to-date symlink: /root/ros2_ws/install/mg400_msgs/share/mg400_msgs/msg/ToolDIIndex.msg
[0.649s] -- Up-to-date symlink: /root/ros2_ws/install/mg400_msgs/share/mg400_msgs/msg/ToolDOIndex.msg
[0.649s] -- Up-to-date symlink: /root/ros2_ws/install/mg400_msgs/share/mg400_msgs/msg/User.msg
[0.649s] -- Up-to-date symlink: /root/ros2_ws/install/mg400_msgs/share/mg400_msgs/srv/AccJ.srv
[0.650s] -- Up-to-date symlink: /root/ros2_ws/install/mg400_msgs/share/mg400_msgs/srv/AccJ_Request.msg
[0.650s] -- Up-to-date symlink: /root/ros2_ws/install/mg400_msgs/share/mg400_msgs/srv/AccJ_Response.msg
[0.650s] -- Up-to-date symlink: /root/ros2_ws/install/mg400_msgs/share/mg400_msgs/srv/AccL.srv
[0.650s] -- Up-to-date symlink: /root/ros2_ws/install/mg400_msgs/share/mg400_msgs/srv/AccL_Request.msg
[0.650s] -- Up-to-date symlink: /root/ros2_ws/install/mg400_msgs/share/mg400_msgs/srv/AccL_Response.msg
[0.650s] -- Up-to-date symlink: /root/ros2_ws/install/mg400_msgs/share/mg400_msgs/srv/Arch.srv
[0.650s] -- Up-to-date symlink: /root/ros2_ws/install/mg400_msgs/share/mg400_msgs/srv/Arch_Request.msg
[0.651s] -- Up-to-date symlink: /root/ros2_ws/install/mg400_msgs/share/mg400_msgs/srv/Arch_Response.msg
[0.651s] -- Up-to-date symlink: /root/ros2_ws/install/mg400_msgs/share/mg400_msgs/srv/CP.srv
[0.651s] -- Up-to-date symlink: /root/ros2_ws/install/mg400_msgs/share/mg400_msgs/srv/CP_Request.msg
[0.651s] -- Up-to-date symlink: /root/ros2_ws/install/mg400_msgs/share/mg400_msgs/srv/CP_Response.msg
[0.651s] -- Up-to-date symlink: /root/ros2_ws/install/mg400_msgs/share/mg400_msgs/srv/ClearError.srv
[0.652s] -- Up-to-date symlink: /root/ros2_ws/install/mg400_msgs/share/mg400_msgs/srv/ClearError_Request.msg
[0.652s] -- Up-to-date symlink: /root/ros2_ws/install/mg400_msgs/share/mg400_msgs/srv/ClearError_Response.msg
[0.652s] -- Up-to-date symlink: /root/ros2_ws/install/mg400_msgs/share/mg400_msgs/srv/DI.srv
[0.652s] -- Up-to-date symlink: /root/ros2_ws/install/mg400_msgs/share/mg400_msgs/srv/DI_Request.msg
[0.652s] -- Up-to-date symlink: /root/ros2_ws/install/mg400_msgs/share/mg400_msgs/srv/DI_Response.msg
[0.652s] -- Up-to-date symlink: /root/ros2_ws/install/mg400_msgs/share/mg400_msgs/srv/DO.srv
[0.653s] -- Up-to-date symlink: /root/ros2_ws/install/mg400_msgs/share/mg400_msgs/srv/DO_Request.msg
[0.653s] -- Up-to-date symlink: /root/ros2_ws/install/mg400_msgs/share/mg400_msgs/srv/DO_Response.msg
[0.653s] -- Up-to-date symlink: /root/ros2_ws/install/mg400_msgs/share/mg400_msgs/srv/DisableRobot.srv
[0.653s] -- Up-to-date symlink: /root/ros2_ws/install/mg400_msgs/share/mg400_msgs/srv/DisableRobot_Request.msg
[0.653s] -- Up-to-date symlink: /root/ros2_ws/install/mg400_msgs/share/mg400_msgs/srv/DisableRobot_Response.msg
[0.653s] -- Up-to-date symlink: /root/ros2_ws/install/mg400_msgs/share/mg400_msgs/srv/EmergencyStop.srv
[0.653s] -- Up-to-date symlink: /root/ros2_ws/install/mg400_msgs/share/mg400_msgs/srv/EmergencyStop_Request.msg
[0.654s] -- Up-to-date symlink: /root/ros2_ws/install/mg400_msgs/share/mg400_msgs/srv/EmergencyStop_Response.msg
[0.654s] -- Up-to-date symlink: /root/ros2_ws/install/mg400_msgs/share/mg400_msgs/srv/EnableRobot.srv
[0.654s] -- Up-to-date symlink: /root/ros2_ws/install/mg400_msgs/share/mg400_msgs/srv/EnableRobot_Request.msg
[0.654s] -- Up-to-date symlink: /root/ros2_ws/install/mg400_msgs/share/mg400_msgs/srv/EnableRobot_Response.msg
[0.654s] -- Up-to-date symlink: /root/ros2_ws/install/mg400_msgs/share/mg400_msgs/srv/GetAngle.srv
[0.654s] -- Up-to-date symlink: /root/ros2_ws/install/mg400_msgs/share/mg400_msgs/srv/GetAngle_Request.msg
[0.654s] -- Up-to-date symlink: /root/ros2_ws/install/mg400_msgs/share/mg400_msgs/srv/GetAngle_Response.msg
[0.655s] -- Up-to-date symlink: /root/ros2_ws/install/mg400_msgs/share/mg400_msgs/srv/GetErrorID.srv
[0.655s] -- Up-to-date symlink: /root/ros2_ws/install/mg400_msgs/share/mg400_msgs/srv/GetErrorID_Request.msg
[0.655s] -- Up-to-date symlink: /root/ros2_ws/install/mg400_msgs/share/mg400_msgs/srv/GetErrorID_Response.msg
[0.655s] -- Up-to-date symlink: /root/ros2_ws/install/mg400_msgs/share/mg400_msgs/srv/GetPose.srv
[0.655s] -- Up-to-date symlink: /root/ros2_ws/install/mg400_msgs/share/mg400_msgs/srv/GetPose_Request.msg
[0.655s] -- Up-to-date symlink: /root/ros2_ws/install/mg400_msgs/share/mg400_msgs/srv/GetPose_Response.msg
[0.655s] -- Up-to-date symlink: /root/ros2_ws/install/mg400_msgs/share/mg400_msgs/srv/InverseSolution.srv
[0.656s] -- Up-to-date symlink: /root/ros2_ws/install/mg400_msgs/share/mg400_msgs/srv/InverseSolution_Request.msg
[0.656s] -- Up-to-date symlink: /root/ros2_ws/install/mg400_msgs/share/mg400_msgs/srv/InverseSolution_Response.msg
[0.656s] -- Up-to-date symlink: /root/ros2_ws/install/mg400_msgs/share/mg400_msgs/srv/JointMovJ.srv
[0.656s] -- Up-to-date symlink: /root/ros2_ws/install/mg400_msgs/share/mg400_msgs/srv/JointMovJ_Request.msg
[0.656s] -- Up-to-date symlink: /root/ros2_ws/install/mg400_msgs/share/mg400_msgs/srv/JointMovJ_Response.msg
[0.656s] -- Up-to-date symlink: /root/ros2_ws/install/mg400_msgs/share/mg400_msgs/srv/MoveJog.srv
[0.657s] -- Up-to-date symlink: /root/ros2_ws/install/mg400_msgs/share/mg400_msgs/srv/MoveJog_Request.msg
[0.657s] -- Up-to-date symlink: /root/ros2_ws/install/mg400_msgs/share/mg400_msgs/srv/MoveJog_Response.msg
[0.657s] -- Up-to-date symlink: /root/ros2_ws/install/mg400_msgs/share/mg400_msgs/srv/PayLoad.srv
[0.657s] -- Up-to-date symlink: /root/ros2_ws/install/mg400_msgs/share/mg400_msgs/srv/PayLoad_Request.msg
[0.657s] -- Up-to-date symlink: /root/ros2_ws/install/mg400_msgs/share/mg400_msgs/srv/PayLoad_Response.msg
[0.657s] -- Up-to-date symlink: /root/ros2_ws/install/mg400_msgs/share/mg400_msgs/srv/PositiveSolution.srv
[0.657s] -- Up-to-date symlink: /root/ros2_ws/install/mg400_msgs/share/mg400_msgs/srv/PositiveSolution_Request.msg
[0.658s] -- Up-to-date symlink: /root/ros2_ws/install/mg400_msgs/share/mg400_msgs/srv/PositiveSolution_Response.msg
[0.658s] -- Up-to-date symlink: /root/ros2_ws/install/mg400_msgs/share/mg400_msgs/srv/ResetRobot.srv
[0.658s] -- Up-to-date symlink: /root/ros2_ws/install/mg400_msgs/share/mg400_msgs/srv/ResetRobot_Request.msg
[0.658s] -- Up-to-date symlink: /root/ros2_ws/install/mg400_msgs/share/mg400_msgs/srv/ResetRobot_Response.msg
[0.658s] -- Up-to-date symlink: /root/ros2_ws/install/mg400_msgs/share/mg400_msgs/srv/RobotMode.srv
[0.658s] -- Up-to-date symlink: /root/ros2_ws/install/mg400_msgs/share/mg400_msgs/srv/RobotMode_Request.msg
[0.659s] -- Up-to-date symlink: /root/ros2_ws/install/mg400_msgs/share/mg400_msgs/srv/RobotMode_Response.msg
[0.659s] -- Up-to-date symlink: /root/ros2_ws/install/mg400_msgs/share/mg400_msgs/srv/SetCollisionLevel.srv
[0.659s] -- Up-to-date symlink: /root/ros2_ws/install/mg400_msgs/share/mg400_msgs/srv/SetCollisionLevel_Request.msg
[0.659s] -- Up-to-date symlink: /root/ros2_ws/install/mg400_msgs/share/mg400_msgs/srv/SetCollisionLevel_Response.msg
[0.659s] -- Up-to-date symlink: /root/ros2_ws/install/mg400_msgs/share/mg400_msgs/srv/SpeedFactor.srv
[0.659s] -- Up-to-date symlink: /root/ros2_ws/install/mg400_msgs/share/mg400_msgs/srv/SpeedFactor_Request.msg
[0.659s] -- Up-to-date symlink: /root/ros2_ws/install/mg400_msgs/share/mg400_msgs/srv/SpeedFactor_Response.msg
[0.660s] -- Up-to-date symlink: /root/ros2_ws/install/mg400_msgs/share/mg400_msgs/srv/SpeedJ.srv
[0.660s] -- Up-to-date symlink: /root/ros2_ws/install/mg400_msgs/share/mg400_msgs/srv/SpeedJ_Request.msg
[0.660s] -- Up-to-date symlink: /root/ros2_ws/install/mg400_msgs/share/mg400_msgs/srv/SpeedJ_Response.msg
[0.660s] -- Up-to-date symlink: /root/ros2_ws/install/mg400_msgs/share/mg400_msgs/srv/SpeedL.srv
[0.660s] -- Up-to-date symlink: /root/ros2_ws/install/mg400_msgs/share/mg400_msgs/srv/SpeedL_Request.msg
[0.660s] -- Up-to-date symlink: /root/ros2_ws/install/mg400_msgs/share/mg400_msgs/srv/SpeedL_Response.msg
[0.660s] -- Up-to-date symlink: /root/ros2_ws/install/mg400_msgs/share/mg400_msgs/srv/Tool.srv
[0.661s] -- Up-to-date symlink: /root/ros2_ws/install/mg400_msgs/share/mg400_msgs/srv/Tool_Request.msg
[0.661s] -- Up-to-date symlink: /root/ros2_ws/install/mg400_msgs/share/mg400_msgs/srv/Tool_Response.msg
[0.661s] -- Up-to-date symlink: /root/ros2_ws/install/mg400_msgs/share/mg400_msgs/srv/ToolDI.srv
[0.661s] -- Up-to-date symlink: /root/ros2_ws/install/mg400_msgs/share/mg400_msgs/srv/ToolDI_Request.msg
[0.661s] -- Up-to-date symlink: /root/ros2_ws/install/mg400_msgs/share/mg400_msgs/srv/ToolDI_Response.msg
[0.661s] -- Up-to-date symlink: /root/ros2_ws/install/mg400_msgs/share/mg400_msgs/srv/ToolDOExecute.srv
[0.661s] -- Up-to-date symlink: /root/ros2_ws/install/mg400_msgs/share/mg400_msgs/srv/ToolDOExecute_Request.msg
[0.662s] -- Up-to-date symlink: /root/ros2_ws/install/mg400_msgs/share/mg400_msgs/srv/ToolDOExecute_Response.msg
[0.662s] -- Up-to-date symlink: /root/ros2_ws/install/mg400_msgs/share/mg400_msgs/srv/User.srv
[0.662s] -- Up-to-date symlink: /root/ros2_ws/install/mg400_msgs/share/mg400_msgs/srv/User_Request.msg
[0.662s] -- Up-to-date symlink: /root/ros2_ws/install/mg400_msgs/share/mg400_msgs/srv/User_Response.msg
[0.662s] -- Up-to-date symlink: /root/ros2_ws/install/mg400_msgs/share/mg400_msgs/action/CommandQueue.action
[0.663s] -- Up-to-date symlink: /root/ros2_ws/install/mg400_msgs/share/mg400_msgs/action/JointMovJ.action
[0.663s] -- Up-to-date symlink: /root/ros2_ws/install/mg400_msgs/share/mg400_msgs/action/MovJ.action
[0.663s] -- Up-to-date symlink: /root/ros2_ws/install/mg400_msgs/share/mg400_msgs/action/MovJIO.action
[0.663s] -- Up-to-date symlink: /root/ros2_ws/install/mg400_msgs/share/mg400_msgs/action/MovL.action
[0.663s] -- Up-to-date symlink: /root/ros2_ws/install/mg400_msgs/share/mg400_msgs/action/MovLIO.action
[0.664s] -- Up-to-date symlink: /root/ros2_ws/install/mg400_msgs/share/ament_index/resource_index/package_run_dependencies/mg400_msgs
[0.664s] -- Up-to-date symlink: /root/ros2_ws/install/mg400_msgs/share/ament_index/resource_index/parent_prefix_path/mg400_msgs
[0.664s] -- Up-to-date symlink: /root/ros2_ws/install/mg400_msgs/share/mg400_msgs/environment/ament_prefix_path.sh
[0.664s] -- Up-to-date symlink: /root/ros2_ws/install/mg400_msgs/share/mg400_msgs/environment/ament_prefix_path.dsv
[0.664s] -- Up-to-date symlink: /root/ros2_ws/install/mg400_msgs/share/mg400_msgs/environment/path.sh
[0.664s] -- Up-to-date symlink: /root/ros2_ws/install/mg400_msgs/share/mg400_msgs/environment/path.dsv
[0.665s] -- Up-to-date symlink: /root/ros2_ws/install/mg400_msgs/share/mg400_msgs/local_setup.bash
[0.665s] -- Up-to-date symlink: /root/ros2_ws/install/mg400_msgs/share/mg400_msgs/local_setup.sh
[0.665s] -- Up-to-date symlink: /root/ros2_ws/install/mg400_msgs/share/mg400_msgs/local_setup.zsh
[0.665s] -- Up-to-date symlink: /root/ros2_ws/install/mg400_msgs/share/mg400_msgs/local_setup.dsv
[0.665s] -- Symlinking: /root/ros2_ws/install/mg400_msgs/share/mg400_msgs/package.dsv
[0.675s] -- Up-to-date symlink: /root/ros2_ws/install/mg400_msgs/share/ament_index/resource_index/packages/mg400_msgs
[0.675s] -- Up-to-date symlink: /root/ros2_ws/install/mg400_msgs/share/mg400_msgs/cmake/rosidl_cmake-extras.cmake
[0.675s] -- Up-to-date symlink: /root/ros2_ws/install/mg400_msgs/share/mg400_msgs/cmake/ament_cmake_export_dependencies-extras.cmake
[0.676s] -- Up-to-date symlink: /root/ros2_ws/install/mg400_msgs/share/mg400_msgs/cmake/ament_cmake_export_include_directories-extras.cmake
[0.676s] -- Up-to-date symlink: /root/ros2_ws/install/mg400_msgs/share/mg400_msgs/cmake/ament_cmake_export_libraries-extras.cmake
[0.676s] -- Up-to-date symlink: /root/ros2_ws/install/mg400_msgs/share/mg400_msgs/cmake/ament_cmake_export_targets-extras.cmake
[0.676s] -- Up-to-date symlink: /root/ros2_ws/install/mg400_msgs/share/mg400_msgs/cmake/rosidl_cmake_export_typesupport_targets-extras.cmake
[0.676s] -- Up-to-date symlink: /root/ros2_ws/install/mg400_msgs/share/mg400_msgs/cmake/rosidl_cmake_export_typesupport_libraries-extras.cmake
[0.676s] -- Up-to-date symlink: /root/ros2_ws/install/mg400_msgs/share/mg400_msgs/cmake/rosidl_cmake_aggregate_target-extras.cmake
[0.676s] -- Up-to-date symlink: /root/ros2_ws/install/mg400_msgs/share/mg400_msgs/cmake/mg400_msgsConfig.cmake
[0.676s] -- Up-to-date symlink: /root/ros2_ws/install/mg400_msgs/share/mg400_msgs/cmake/mg400_msgsConfig-version.cmake
[0.676s] -- Up-to-date symlink: /root/ros2_ws/install/mg400_msgs/share/mg400_msgs/package.xml
[0.676s] -- Up-to-date: /root/ros2_ws/install/mg400_msgs/lib/libmg400_msgs__rosidl_generator_c.so
[0.677s] -- Up-to-date: /root/ros2_ws/install/mg400_msgs/lib/libmg400_msgs__rosidl_typesupport_fastrtps_c.so
[0.677s] -- Up-to-date: /root/ros2_ws/install/mg400_msgs/lib/libmg400_msgs__rosidl_typesupport_fastrtps_cpp.so
[0.677s] -- Up-to-date: /root/ros2_ws/install/mg400_msgs/lib/libmg400_msgs__rosidl_typesupport_introspection_c.so
[0.677s] -- Up-to-date: /root/ros2_ws/install/mg400_msgs/lib/libmg400_msgs__rosidl_typesupport_c.so
[0.678s] -- Up-to-date: /root/ros2_ws/install/mg400_msgs/lib/libmg400_msgs__rosidl_typesupport_introspection_cpp.so
[0.678s] -- Up-to-date: /root/ros2_ws/install/mg400_msgs/lib/libmg400_msgs__rosidl_typesupport_cpp.so
[0.713s] Listing '/root/ros2_ws/install/mg400_msgs/local/lib/python3.10/dist-packages/mg400_msgs'...
[0.713s] Listing '/root/ros2_ws/install/mg400_msgs/local/lib/python3.10/dist-packages/mg400_msgs/action'...
[0.713s] Listing '/root/ros2_ws/install/mg400_msgs/local/lib/python3.10/dist-packages/mg400_msgs/msg'...
[0.713s] Listing '/root/ros2_ws/install/mg400_msgs/local/lib/python3.10/dist-packages/mg400_msgs/srv'...
[0.717s] -- Up-to-date: /root/ros2_ws/install/mg400_msgs/lib/libmg400_msgs__rosidl_generator_py.so
[0.718s] -- Up-to-date: /root/ros2_ws/install/mg400_msgs/share/mg400_msgs/cmake/export_mg400_msgs__rosidl_generator_cExport.cmake
[0.718s] -- Up-to-date: /root/ros2_ws/install/mg400_msgs/share/mg400_msgs/cmake/export_mg400_msgs__rosidl_generator_cExport-noconfig.cmake
[0.718s] -- Up-to-date: /root/ros2_ws/install/mg400_msgs/share/mg400_msgs/cmake/export_mg400_msgs__rosidl_typesupport_fastrtps_cExport.cmake
[0.718s] -- Up-to-date: /root/ros2_ws/install/mg400_msgs/share/mg400_msgs/cmake/export_mg400_msgs__rosidl_typesupport_fastrtps_cExport-noconfig.cmake
[0.718s] -- Up-to-date: /root/ros2_ws/install/mg400_msgs/share/mg400_msgs/cmake/export_mg400_msgs__rosidl_generator_cppExport.cmake
[0.718s] -- Up-to-date: /root/ros2_ws/install/mg400_msgs/share/mg400_msgs/cmake/export_mg400_msgs__rosidl_typesupport_fastrtps_cppExport.cmake
[0.719s] -- Up-to-date: /root/ros2_ws/install/mg400_msgs/share/mg400_msgs/cmake/export_mg400_msgs__rosidl_typesupport_fastrtps_cppExport-noconfig.cmake
[0.719s] -- Up-to-date: /root/ros2_ws/install/mg400_msgs/share/mg400_msgs/cmake/mg400_msgs__rosidl_typesupport_introspection_cExport.cmake
[0.719s] -- Up-to-date: /root/ros2_ws/install/mg400_msgs/share/mg400_msgs/cmake/mg400_msgs__rosidl_typesupport_introspection_cExport-noconfig.cmake
[0.719s] -- Up-to-date: /root/ros2_ws/install/mg400_msgs/share/mg400_msgs/cmake/mg400_msgs__rosidl_typesupport_cExport.cmake
[0.719s] -- Up-to-date: /root/ros2_ws/install/mg400_msgs/share/mg400_msgs/cmake/mg400_msgs__rosidl_typesupport_cExport-noconfig.cmake
[0.719s] -- Up-to-date: /root/ros2_ws/install/mg400_msgs/share/mg400_msgs/cmake/mg400_msgs__rosidl_typesupport_introspection_cppExport.cmake
[0.719s] -- Up-to-date: /root/ros2_ws/install/mg400_msgs/share/mg400_msgs/cmake/mg400_msgs__rosidl_typesupport_introspection_cppExport-noconfig.cmake
[0.719s] -- Up-to-date: /root/ros2_ws/install/mg400_msgs/share/mg400_msgs/cmake/mg400_msgs__rosidl_typesupport_cppExport.cmake
[0.719s] -- Up-to-date: /root/ros2_ws/install/mg400_msgs/share/mg400_msgs/cmake/mg400_msgs__rosidl_typesupport_cppExport-noconfig.cmake
[0.720s] -- Up-to-date: /root/ros2_ws/install/mg400_msgs/share/mg400_msgs/cmake/export_mg400_msgs__rosidl_generator_pyExport.cmake
[0.720s] -- Up-to-date: /root/ros2_ws/install/mg400_msgs/share/mg400_msgs/cmake/export_mg400_msgs__rosidl_generator_pyExport-noconfig.cmake
[0.723s] Invoked command in '/root/ros2_ws/build/mg400_msgs' returned '0': CMAKE_PREFIX_PATH=/opt/ros/humble /usr/bin/cmake --install /root/ros2_ws/build/mg400_msgs
