-- The C compiler identification is GNU 11.4.0
-- The CXX compiler identification is GNU 11.4.0
-- Detecting C compiler ABI info
-- Detecting C compiler ABI info - done
-- Check for working C compiler: /usr/bin/cc - skipped
-- Detecting C compile features
-- Detecting C compile features - done
-- Detecting CXX compiler ABI info
-- Detecting CXX compiler ABI info - done
-- Check for working CXX compiler: /usr/bin/c++ - skipped
-- Detecting CXX compile features
-- Detecting CXX compile features - done
-- Found ament_cmake_auto: 1.3.14 (/opt/ros/humble/share/ament_cmake_auto/cmake)
-- Found Python3: /usr/bin/python3 (found version "3.10.12") found components: Interpreter 
-- Override CMake install command with custom implementation using symlinks instead of copying resources
-- Found rosidl_generator_c: 3.1.9 (/opt/ros/humble/share/rosidl_generator_c/cmake)
-- Found rosidl_adapter: 3.1.9 (/opt/ros/humble/share/rosidl_adapter/cmake)
-- Found rosidl_generator_cpp: 3.1.9 (/opt/ros/humble/share/rosidl_generator_cpp/cmake)
-- Using all available rosidl_typesupport_c: rosidl_typesupport_fastrtps_c;rosidl_typesupport_introspection_c
-- Using all available rosidl_typesupport_cpp: rosidl_typesupport_fastrtps_cpp;rosidl_typesupport_introspection_cpp
-- Found ament_cmake_ros: 0.10.0 (/opt/ros/humble/share/ament_cmake_ros/cmake)
-- Using all available rosidl_typesupport_c: rosidl_typesupport_fastrtps_c;rosidl_typesupport_introspection_c
-- Using all available rosidl_typesupport_cpp: rosidl_typesupport_fastrtps_cpp;rosidl_typesupport_introspection_cpp
-- Found PythonInterp: /usr/bin/python3 (found suitable version "3.10.12", minimum required is "3.6") 
-- Found python_cmake_module: 0.10.0 (/opt/ros/humble/share/python_cmake_module/cmake)
-- Found PythonLibs: /usr/lib/x86_64-linux-gnu/libpython3.10.so (found suitable version "3.10.12", minimum required is "3.5") 
-- Using PYTHON_EXECUTABLE: /usr/bin/python3
-- Using PYTHON_INCLUDE_DIRS: /usr/include/python3.10
-- Using PYTHON_LIBRARIES: /usr/lib/x86_64-linux-gnu/libpython3.10.so
-- Found PythonExtra: .so  
-- Found ament_lint_auto: 0.12.15 (/opt/ros/humble/share/ament_lint_auto/cmake)
-- Added test 'lint_cmake' to check CMake code style
-- Added test 'xmllint' to check XML markup files
-- Configuring done
-- Generating done
-- Build files have been written to: /root/ros2_ws/build/mg400_msgs
[  0%] [34m[1mGenerating C code for ROS interfaces[0m
[  1%] [34m[1mGenerating Rust code for ROS interfaces[0m
[  1%] [34m[1mGenerating C++ code for ROS interfaces[0m
[  1%] Built target ament_cmake_python_symlink_mg400_msgs
running egg_info
creating mg400_msgs.egg-info
writing mg400_msgs.egg-info/PKG-INFO
writing dependency_links to mg400_msgs.egg-info/dependency_links.txt
writing top-level names to mg400_msgs.egg-info/top_level.txt
writing manifest file 'mg400_msgs.egg-info/SOURCES.txt'
reading manifest file 'mg400_msgs.egg-info/SOURCES.txt'
writing manifest file 'mg400_msgs.egg-info/SOURCES.txt'
[  1%] Built target ament_cmake_python_build_mg400_msgs_egg
[  1%] Built target mg400_msgs__rs
[  1%] [32mBuilding C object CMakeFiles/mg400_msgs__rosidl_generator_c.dir/rosidl_generator_c/mg400_msgs/msg/detail/arch__functions.c.o[0m
[  1%] [32mBuilding C object CMakeFiles/mg400_msgs__rosidl_generator_c.dir/rosidl_generator_c/mg400_msgs/msg/detail/do_index__functions.c.o[0m
[  1%] [32mBuilding C object CMakeFiles/mg400_msgs__rosidl_generator_c.dir/rosidl_generator_c/mg400_msgs/msg/detail/command__functions.c.o[0m
[  2%] [32mBuilding C object CMakeFiles/mg400_msgs__rosidl_generator_c.dir/rosidl_generator_c/mg400_msgs/msg/detail/collision_level__functions.c.o[0m
[  2%] [32mBuilding C object CMakeFiles/mg400_msgs__rosidl_generator_c.dir/rosidl_generator_c/mg400_msgs/msg/detail/do_status__functions.c.o[0m
[  2%] [32mBuilding C object CMakeFiles/mg400_msgs__rosidl_generator_c.dir/rosidl_generator_c/mg400_msgs/msg/detail/di_index__functions.c.o[0m
[  2%] [32mBuilding C object CMakeFiles/mg400_msgs__rosidl_generator_c.dir/rosidl_generator_c/mg400_msgs/msg/detail/error_id__functions.c.o[0m
[  2%] [32mBuilding C object CMakeFiles/mg400_msgs__rosidl_generator_c.dir/rosidl_generator_c/mg400_msgs/msg/detail/id_array__functions.c.o[0m
[  2%] [32mBuilding C object CMakeFiles/mg400_msgs__rosidl_generator_c.dir/rosidl_generator_c/mg400_msgs/msg/detail/mov_l__functions.c.o[0m
[  2%] [32mBuilding C object CMakeFiles/mg400_msgs__rosidl_generator_c.dir/rosidl_generator_c/mg400_msgs/msg/detail/mov_jio__functions.c.o[0m
[  2%] [32mBuilding C object CMakeFiles/mg400_msgs__rosidl_generator_c.dir/rosidl_generator_c/mg400_msgs/msg/detail/joint_mov_j__functions.c.o[0m
[  3%] [32mBuilding C object CMakeFiles/mg400_msgs__rosidl_generator_c.dir/rosidl_generator_c/mg400_msgs/msg/detail/distance_mode__functions.c.o[0m
[  4%] [32mBuilding C object CMakeFiles/mg400_msgs__rosidl_generator_c.dir/rosidl_generator_c/mg400_msgs/msg/detail/mov_j__functions.c.o[0m
[  4%] [32mBuilding C object CMakeFiles/mg400_msgs__rosidl_generator_c.dir/rosidl_generator_c/mg400_msgs/msg/detail/move_jog__functions.c.o[0m
[  4%] [32mBuilding C object CMakeFiles/mg400_msgs__rosidl_generator_c.dir/rosidl_generator_c/mg400_msgs/msg/detail/mov_lio__functions.c.o[0m
[  5%] [32mBuilding C object CMakeFiles/mg400_msgs__rosidl_generator_c.dir/rosidl_generator_c/mg400_msgs/msg/detail/robot_mode__functions.c.o[0m
[  5%] [32mBuilding C object CMakeFiles/mg400_msgs__rosidl_generator_c.dir/rosidl_generator_c/mg400_msgs/msg/detail/tool__functions.c.o[0m
[  5%] [32mBuilding C object CMakeFiles/mg400_msgs__rosidl_generator_c.dir/rosidl_generator_c/mg400_msgs/msg/detail/tool_do_index__functions.c.o[0m
[  5%] [32mBuilding C object CMakeFiles/mg400_msgs__rosidl_generator_c.dir/rosidl_generator_c/mg400_msgs/msg/detail/tool_di_index__functions.c.o[0m
[  6%] [32mBuilding C object CMakeFiles/mg400_msgs__rosidl_generator_c.dir/rosidl_generator_c/mg400_msgs/msg/detail/user__functions.c.o[0m
[  6%] [32mBuilding C object CMakeFiles/mg400_msgs__rosidl_generator_c.dir/rosidl_generator_c/mg400_msgs/srv/detail/acc_j__functions.c.o[0m
[  6%] [32mBuilding C object CMakeFiles/mg400_msgs__rosidl_generator_c.dir/rosidl_generator_c/mg400_msgs/srv/detail/acc_l__functions.c.o[0m
[  6%] [32mBuilding C object CMakeFiles/mg400_msgs__rosidl_generator_c.dir/rosidl_generator_c/mg400_msgs/srv/detail/cp__functions.c.o[0m
[  6%] [32mBuilding C object CMakeFiles/mg400_msgs__rosidl_generator_c.dir/rosidl_generator_c/mg400_msgs/srv/detail/arch__functions.c.o[0m
[  6%] [32mBuilding C object CMakeFiles/mg400_msgs__rosidl_generator_c.dir/rosidl_generator_c/mg400_msgs/srv/detail/enable_robot__functions.c.o[0m
[  6%] [32mBuilding C object CMakeFiles/mg400_msgs__rosidl_generator_c.dir/rosidl_generator_c/mg400_msgs/srv/detail/di__functions.c.o[0m
[  7%] [32mBuilding C object CMakeFiles/mg400_msgs__rosidl_generator_c.dir/rosidl_generator_c/mg400_msgs/srv/detail/emergency_stop__functions.c.o[0m
[  7%] [32mBuilding C object CMakeFiles/mg400_msgs__rosidl_generator_c.dir/rosidl_generator_c/mg400_msgs/srv/detail/disable_robot__functions.c.o[0m
[  7%] [32mBuilding C object CMakeFiles/mg400_msgs__rosidl_generator_c.dir/rosidl_generator_c/mg400_msgs/srv/detail/do__functions.c.o[0m
[  8%] [32mBuilding C object CMakeFiles/mg400_msgs__rosidl_generator_c.dir/rosidl_generator_c/mg400_msgs/srv/detail/clear_error__functions.c.o[0m
[  8%] [32mBuilding C object CMakeFiles/mg400_msgs__rosidl_generator_c.dir/rosidl_generator_c/mg400_msgs/srv/detail/get_error_id__functions.c.o[0m
[  8%] [32mBuilding C object CMakeFiles/mg400_msgs__rosidl_generator_c.dir/rosidl_generator_c/mg400_msgs/srv/detail/get_angle__functions.c.o[0m
[  8%] [32mBuilding C object CMakeFiles/mg400_msgs__rosidl_generator_c.dir/rosidl_generator_c/mg400_msgs/srv/detail/get_pose__functions.c.o[0m
[  9%] [32mBuilding C object CMakeFiles/mg400_msgs__rosidl_generator_c.dir/rosidl_generator_c/mg400_msgs/srv/detail/inverse_solution__functions.c.o[0m
[  9%] [32mBuilding C object CMakeFiles/mg400_msgs__rosidl_generator_c.dir/rosidl_generator_c/mg400_msgs/srv/detail/joint_mov_j__functions.c.o[0m
[  9%] [32mBuilding C object CMakeFiles/mg400_msgs__rosidl_generator_c.dir/rosidl_generator_c/mg400_msgs/srv/detail/move_jog__functions.c.o[0m
[  9%] [32mBuilding C object CMakeFiles/mg400_msgs__rosidl_generator_c.dir/rosidl_generator_c/mg400_msgs/srv/detail/pay_load__functions.c.o[0m
[  9%] [32mBuilding C object CMakeFiles/mg400_msgs__rosidl_generator_c.dir/rosidl_generator_c/mg400_msgs/srv/detail/positive_solution__functions.c.o[0m
[ 10%] [32mBuilding C object CMakeFiles/mg400_msgs__rosidl_generator_c.dir/rosidl_generator_c/mg400_msgs/srv/detail/reset_robot__functions.c.o[0m
[ 10%] [32mBuilding C object CMakeFiles/mg400_msgs__rosidl_generator_c.dir/rosidl_generator_c/mg400_msgs/srv/detail/robot_mode__functions.c.o[0m
[ 10%] [32mBuilding C object CMakeFiles/mg400_msgs__rosidl_generator_c.dir/rosidl_generator_c/mg400_msgs/srv/detail/set_collision_level__functions.c.o[0m
[ 10%] [32mBuilding C object CMakeFiles/mg400_msgs__rosidl_generator_c.dir/rosidl_generator_c/mg400_msgs/srv/detail/speed_factor__functions.c.o[0m
[ 11%] [32mBuilding C object CMakeFiles/mg400_msgs__rosidl_generator_c.dir/rosidl_generator_c/mg400_msgs/srv/detail/speed_j__functions.c.o[0m
[ 11%] [32mBuilding C object CMakeFiles/mg400_msgs__rosidl_generator_c.dir/rosidl_generator_c/mg400_msgs/srv/detail/speed_l__functions.c.o[0m
[ 11%] [32mBuilding C object CMakeFiles/mg400_msgs__rosidl_generator_c.dir/rosidl_generator_c/mg400_msgs/srv/detail/tool__functions.c.o[0m
[ 11%] [32mBuilding C object CMakeFiles/mg400_msgs__rosidl_generator_c.dir/rosidl_generator_c/mg400_msgs/srv/detail/tool_di__functions.c.o[0m
[ 11%] [32mBuilding C object CMakeFiles/mg400_msgs__rosidl_generator_c.dir/rosidl_generator_c/mg400_msgs/srv/detail/tool_do_execute__functions.c.o[0m
[ 11%] [32mBuilding C object CMakeFiles/mg400_msgs__rosidl_generator_c.dir/rosidl_generator_c/mg400_msgs/action/detail/command_queue__functions.c.o[0m
[ 11%] [32mBuilding C object CMakeFiles/mg400_msgs__rosidl_generator_c.dir/rosidl_generator_c/mg400_msgs/action/detail/mov_j__functions.c.o[0m
[ 12%] [32mBuilding C object CMakeFiles/mg400_msgs__rosidl_generator_c.dir/rosidl_generator_c/mg400_msgs/srv/detail/user__functions.c.o[0m
[ 12%] [32mBuilding C object CMakeFiles/mg400_msgs__rosidl_generator_c.dir/rosidl_generator_c/mg400_msgs/action/detail/joint_mov_j__functions.c.o[0m
[ 12%] [32mBuilding C object CMakeFiles/mg400_msgs__rosidl_generator_c.dir/rosidl_generator_c/mg400_msgs/action/detail/mov_l__functions.c.o[0m
[ 13%] [32mBuilding C object CMakeFiles/mg400_msgs__rosidl_generator_c.dir/rosidl_generator_c/mg400_msgs/action/detail/mov_jio__functions.c.o[0m
[ 13%] [32mBuilding C object CMakeFiles/mg400_msgs__rosidl_generator_c.dir/rosidl_generator_c/mg400_msgs/action/detail/mov_lio__functions.c.o[0m
[ 13%] [32m[1mLinking C shared library libmg400_msgs__rosidl_generator_c.so[0m
[ 13%] Built target mg400_msgs__rosidl_generator_c
[ 15%] [34m[1mGenerating C type support for eProsima Fast-RTPS[0m
[ 15%] [34m[1mGenerating C introspection for ROS interfaces[0m
[ 16%] [34m[1mGenerating C type support dispatch for ROS interfaces[0m
[ 16%] Built target mg400_msgs__cpp
[ 16%] [34m[1mGenerating C++ introspection for ROS interfaces[0m
[ 16%] [34m[1mGenerating C++ type support for eProsima Fast-RTPS[0m
[ 16%] [34m[1mGenerating C++ type support dispatch for ROS interfaces[0m
[ 16%] [32mBuilding CXX object CMakeFiles/mg400_msgs__rosidl_typesupport_cpp.dir/rosidl_typesupport_cpp/mg400_msgs/msg/command__type_support.cpp.o[0m
[ 16%] [32mBuilding CXX object CMakeFiles/mg400_msgs__rosidl_typesupport_cpp.dir/rosidl_typesupport_cpp/mg400_msgs/msg/arch__type_support.cpp.o[0m
[ 16%] [32mBuilding CXX object CMakeFiles/mg400_msgs__rosidl_typesupport_cpp.dir/rosidl_typesupport_cpp/mg400_msgs/msg/di_index__type_support.cpp.o[0m
[ 16%] [32mBuilding CXX object CMakeFiles/mg400_msgs__rosidl_typesupport_cpp.dir/rosidl_typesupport_cpp/mg400_msgs/msg/error_id__type_support.cpp.o[0m
[ 17%] [32mBuilding CXX object CMakeFiles/mg400_msgs__rosidl_typesupport_cpp.dir/rosidl_typesupport_cpp/mg400_msgs/msg/collision_level__type_support.cpp.o[0m
[ 17%] [32mBuilding CXX object CMakeFiles/mg400_msgs__rosidl_typesupport_cpp.dir/rosidl_typesupport_cpp/mg400_msgs/msg/do_index__type_support.cpp.o[0m
[ 17%] [32mBuilding CXX object CMakeFiles/mg400_msgs__rosidl_typesupport_cpp.dir/rosidl_typesupport_cpp/mg400_msgs/msg/distance_mode__type_support.cpp.o[0m
[ 18%] [32mBuilding CXX object CMakeFiles/mg400_msgs__rosidl_typesupport_cpp.dir/rosidl_typesupport_cpp/mg400_msgs/msg/do_status__type_support.cpp.o[0m
[ 18%] [32mBuilding CXX object CMakeFiles/mg400_msgs__rosidl_typesupport_cpp.dir/rosidl_typesupport_cpp/mg400_msgs/msg/id_array__type_support.cpp.o[0m
[ 18%] [32mBuilding CXX object CMakeFiles/mg400_msgs__rosidl_typesupport_cpp.dir/rosidl_typesupport_cpp/mg400_msgs/msg/joint_mov_j__type_support.cpp.o[0m
[ 19%] [32mBuilding CXX object CMakeFiles/mg400_msgs__rosidl_typesupport_cpp.dir/rosidl_typesupport_cpp/mg400_msgs/msg/mov_j__type_support.cpp.o[0m
[ 19%] [32mBuilding CXX object CMakeFiles/mg400_msgs__rosidl_typesupport_cpp.dir/rosidl_typesupport_cpp/mg400_msgs/msg/mov_lio__type_support.cpp.o[0m
[ 19%] [32mBuilding CXX object CMakeFiles/mg400_msgs__rosidl_typesupport_cpp.dir/rosidl_typesupport_cpp/mg400_msgs/msg/mov_l__type_support.cpp.o[0m
[ 19%] [32mBuilding CXX object CMakeFiles/mg400_msgs__rosidl_typesupport_cpp.dir/rosidl_typesupport_cpp/mg400_msgs/msg/mov_jio__type_support.cpp.o[0m
[ 20%] [32mBuilding CXX object CMakeFiles/mg400_msgs__rosidl_typesupport_cpp.dir/rosidl_typesupport_cpp/mg400_msgs/msg/move_jog__type_support.cpp.o[0m
[ 20%] [32mBuilding CXX object CMakeFiles/mg400_msgs__rosidl_typesupport_cpp.dir/rosidl_typesupport_cpp/mg400_msgs/msg/robot_mode__type_support.cpp.o[0m
[ 20%] [32mBuilding CXX object CMakeFiles/mg400_msgs__rosidl_typesupport_cpp.dir/rosidl_typesupport_cpp/mg400_msgs/msg/tool__type_support.cpp.o[0m
[ 20%] [32mBuilding CXX object CMakeFiles/mg400_msgs__rosidl_typesupport_cpp.dir/rosidl_typesupport_cpp/mg400_msgs/msg/tool_di_index__type_support.cpp.o[0m
[ 20%] [32mBuilding CXX object CMakeFiles/mg400_msgs__rosidl_typesupport_cpp.dir/rosidl_typesupport_cpp/mg400_msgs/msg/tool_do_index__type_support.cpp.o[0m
[ 21%] [32mBuilding CXX object CMakeFiles/mg400_msgs__rosidl_typesupport_cpp.dir/rosidl_typesupport_cpp/mg400_msgs/msg/user__type_support.cpp.o[0m
[ 21%] [32mBuilding CXX object CMakeFiles/mg400_msgs__rosidl_typesupport_cpp.dir/rosidl_typesupport_cpp/mg400_msgs/srv/acc_j__type_support.cpp.o[0m
[ 21%] [32mBuilding CXX object CMakeFiles/mg400_msgs__rosidl_typesupport_cpp.dir/rosidl_typesupport_cpp/mg400_msgs/srv/acc_l__type_support.cpp.o[0m
[ 21%] [32mBuilding CXX object CMakeFiles/mg400_msgs__rosidl_typesupport_cpp.dir/rosidl_typesupport_cpp/mg400_msgs/srv/cp__type_support.cpp.o[0m
[ 21%] [32mBuilding CXX object CMakeFiles/mg400_msgs__rosidl_typesupport_cpp.dir/rosidl_typesupport_cpp/mg400_msgs/srv/arch__type_support.cpp.o[0m
[ 22%] [32mBuilding CXX object CMakeFiles/mg400_msgs__rosidl_typesupport_cpp.dir/rosidl_typesupport_cpp/mg400_msgs/srv/clear_error__type_support.cpp.o[0m
[ 22%] [32mBuilding CXX object CMakeFiles/mg400_msgs__rosidl_typesupport_cpp.dir/rosidl_typesupport_cpp/mg400_msgs/srv/di__type_support.cpp.o[0m
[ 22%] [32mBuilding CXX object CMakeFiles/mg400_msgs__rosidl_typesupport_cpp.dir/rosidl_typesupport_cpp/mg400_msgs/srv/do__type_support.cpp.o[0m
[ 22%] [32mBuilding CXX object CMakeFiles/mg400_msgs__rosidl_typesupport_cpp.dir/rosidl_typesupport_cpp/mg400_msgs/srv/disable_robot__type_support.cpp.o[0m
[ 23%] [32mBuilding CXX object CMakeFiles/mg400_msgs__rosidl_typesupport_cpp.dir/rosidl_typesupport_cpp/mg400_msgs/srv/emergency_stop__type_support.cpp.o[0m
[ 23%] [32mBuilding CXX object CMakeFiles/mg400_msgs__rosidl_typesupport_cpp.dir/rosidl_typesupport_cpp/mg400_msgs/srv/enable_robot__type_support.cpp.o[0m
[ 23%] [32mBuilding CXX object CMakeFiles/mg400_msgs__rosidl_typesupport_cpp.dir/rosidl_typesupport_cpp/mg400_msgs/srv/get_angle__type_support.cpp.o[0m
[ 23%] [32mBuilding CXX object CMakeFiles/mg400_msgs__rosidl_typesupport_cpp.dir/rosidl_typesupport_cpp/mg400_msgs/srv/get_error_id__type_support.cpp.o[0m
[ 23%] [32mBuilding CXX object CMakeFiles/mg400_msgs__rosidl_typesupport_cpp.dir/rosidl_typesupport_cpp/mg400_msgs/srv/get_pose__type_support.cpp.o[0m
[ 24%] [32mBuilding CXX object CMakeFiles/mg400_msgs__rosidl_typesupport_cpp.dir/rosidl_typesupport_cpp/mg400_msgs/srv/inverse_solution__type_support.cpp.o[0m
[ 24%] [32mBuilding CXX object CMakeFiles/mg400_msgs__rosidl_typesupport_cpp.dir/rosidl_typesupport_cpp/mg400_msgs/srv/joint_mov_j__type_support.cpp.o[0m
[ 24%] [32mBuilding CXX object CMakeFiles/mg400_msgs__rosidl_typesupport_cpp.dir/rosidl_typesupport_cpp/mg400_msgs/srv/move_jog__type_support.cpp.o[0m
[ 25%] [32mBuilding CXX object CMakeFiles/mg400_msgs__rosidl_typesupport_cpp.dir/rosidl_typesupport_cpp/mg400_msgs/srv/positive_solution__type_support.cpp.o[0m
[ 25%] [32mBuilding CXX object CMakeFiles/mg400_msgs__rosidl_typesupport_cpp.dir/rosidl_typesupport_cpp/mg400_msgs/srv/pay_load__type_support.cpp.o[0m
[ 25%] [32mBuilding CXX object CMakeFiles/mg400_msgs__rosidl_typesupport_cpp.dir/rosidl_typesupport_cpp/mg400_msgs/srv/reset_robot__type_support.cpp.o[0m
[ 25%] [32mBuilding CXX object CMakeFiles/mg400_msgs__rosidl_typesupport_cpp.dir/rosidl_typesupport_cpp/mg400_msgs/srv/robot_mode__type_support.cpp.o[0m
[ 25%] [32mBuilding CXX object CMakeFiles/mg400_msgs__rosidl_typesupport_cpp.dir/rosidl_typesupport_cpp/mg400_msgs/srv/set_collision_level__type_support.cpp.o[0m
[ 26%] [32mBuilding CXX object CMakeFiles/mg400_msgs__rosidl_typesupport_cpp.dir/rosidl_typesupport_cpp/mg400_msgs/srv/speed_j__type_support.cpp.o[0m
[ 26%] [32mBuilding CXX object CMakeFiles/mg400_msgs__rosidl_typesupport_cpp.dir/rosidl_typesupport_cpp/mg400_msgs/srv/speed_factor__type_support.cpp.o[0m
[ 26%] [32mBuilding CXX object CMakeFiles/mg400_msgs__rosidl_typesupport_c.dir/rosidl_typesupport_c/mg400_msgs/msg/arch__type_support.cpp.o[0m
[ 26%] [32mBuilding CXX object CMakeFiles/mg400_msgs__rosidl_typesupport_c.dir/rosidl_typesupport_c/mg400_msgs/msg/collision_level__type_support.cpp.o[0m
[ 26%] [32mBuilding CXX object CMakeFiles/mg400_msgs__rosidl_typesupport_c.dir/rosidl_typesupport_c/mg400_msgs/msg/command__type_support.cpp.o[0m
[ 26%] [32mBuilding CXX object CMakeFiles/mg400_msgs__rosidl_typesupport_c.dir/rosidl_typesupport_c/mg400_msgs/msg/di_index__type_support.cpp.o[0m
[ 26%] [32mBuilding CXX object CMakeFiles/mg400_msgs__rosidl_typesupport_cpp.dir/rosidl_typesupport_cpp/mg400_msgs/srv/speed_l__type_support.cpp.o[0m
[ 26%] [32mBuilding CXX object CMakeFiles/mg400_msgs__rosidl_typesupport_cpp.dir/rosidl_typesupport_cpp/mg400_msgs/srv/tool__type_support.cpp.o[0m
[ 27%] [32mBuilding CXX object CMakeFiles/mg400_msgs__rosidl_typesupport_cpp.dir/rosidl_typesupport_cpp/mg400_msgs/srv/tool_do_execute__type_support.cpp.o[0m
[ 27%] [32mBuilding CXX object CMakeFiles/mg400_msgs__rosidl_typesupport_cpp.dir/rosidl_typesupport_cpp/mg400_msgs/srv/user__type_support.cpp.o[0m
[ 27%] [32mBuilding CXX object CMakeFiles/mg400_msgs__rosidl_typesupport_cpp.dir/rosidl_typesupport_cpp/mg400_msgs/srv/tool_di__type_support.cpp.o[0m
[ 28%] [32mBuilding CXX object CMakeFiles/mg400_msgs__rosidl_typesupport_c.dir/rosidl_typesupport_c/mg400_msgs/msg/do_index__type_support.cpp.o[0m
[ 28%] [32mBuilding CXX object CMakeFiles/mg400_msgs__rosidl_typesupport_cpp.dir/rosidl_typesupport_cpp/mg400_msgs/action/command_queue__type_support.cpp.o[0m
[ 28%] [32mBuilding CXX object CMakeFiles/mg400_msgs__rosidl_typesupport_c.dir/rosidl_typesupport_c/mg400_msgs/msg/do_status__type_support.cpp.o[0m
[ 28%] [32mBuilding CXX object CMakeFiles/mg400_msgs__rosidl_typesupport_cpp.dir/rosidl_typesupport_cpp/mg400_msgs/action/joint_mov_j__type_support.cpp.o[0m
[ 28%] [32mBuilding CXX object CMakeFiles/mg400_msgs__rosidl_typesupport_c.dir/rosidl_typesupport_c/mg400_msgs/msg/distance_mode__type_support.cpp.o[0m
[ 28%] [32mBuilding CXX object CMakeFiles/mg400_msgs__rosidl_typesupport_c.dir/rosidl_typesupport_c/mg400_msgs/msg/error_id__type_support.cpp.o[0m
[ 28%] [32mBuilding CXX object CMakeFiles/mg400_msgs__rosidl_typesupport_c.dir/rosidl_typesupport_c/mg400_msgs/msg/id_array__type_support.cpp.o[0m
[ 29%] [32mBuilding CXX object CMakeFiles/mg400_msgs__rosidl_typesupport_c.dir/rosidl_typesupport_c/mg400_msgs/msg/joint_mov_j__type_support.cpp.o[0m
[ 29%] [32mBuilding CXX object CMakeFiles/mg400_msgs__rosidl_typesupport_cpp.dir/rosidl_typesupport_cpp/mg400_msgs/action/mov_j__type_support.cpp.o[0m
[ 29%] [32mBuilding CXX object CMakeFiles/mg400_msgs__rosidl_typesupport_c.dir/rosidl_typesupport_c/mg400_msgs/msg/mov_jio__type_support.cpp.o[0m
[ 29%] [32mBuilding CXX object CMakeFiles/mg400_msgs__rosidl_typesupport_c.dir/rosidl_typesupport_c/mg400_msgs/msg/mov_j__type_support.cpp.o[0m
[ 29%] [32mBuilding CXX object CMakeFiles/mg400_msgs__rosidl_typesupport_c.dir/rosidl_typesupport_c/mg400_msgs/msg/mov_l__type_support.cpp.o[0m
[ 30%] [32mBuilding CXX object CMakeFiles/mg400_msgs__rosidl_typesupport_cpp.dir/rosidl_typesupport_cpp/mg400_msgs/action/mov_jio__type_support.cpp.o[0m
[ 30%] [32mBuilding CXX object CMakeFiles/mg400_msgs__rosidl_typesupport_cpp.dir/rosidl_typesupport_cpp/mg400_msgs/action/mov_l__type_support.cpp.o[0m
[ 30%] [32mBuilding CXX object CMakeFiles/mg400_msgs__rosidl_typesupport_cpp.dir/rosidl_typesupport_cpp/mg400_msgs/action/mov_lio__type_support.cpp.o[0m
[ 31%] [32mBuilding CXX object CMakeFiles/mg400_msgs__rosidl_typesupport_c.dir/rosidl_typesupport_c/mg400_msgs/msg/mov_lio__type_support.cpp.o[0m
[ 31%] [32mBuilding CXX object CMakeFiles/mg400_msgs__rosidl_typesupport_c.dir/rosidl_typesupport_c/mg400_msgs/msg/move_jog__type_support.cpp.o[0m
[ 31%] [32mBuilding CXX object CMakeFiles/mg400_msgs__rosidl_typesupport_c.dir/rosidl_typesupport_c/mg400_msgs/msg/robot_mode__type_support.cpp.o[0m
[ 31%] [32mBuilding CXX object CMakeFiles/mg400_msgs__rosidl_typesupport_c.dir/rosidl_typesupport_c/mg400_msgs/msg/tool__type_support.cpp.o[0m
[ 31%] [32mBuilding CXX object CMakeFiles/mg400_msgs__rosidl_typesupport_c.dir/rosidl_typesupport_c/mg400_msgs/msg/tool_di_index__type_support.cpp.o[0m
[ 31%] [32mBuilding CXX object CMakeFiles/mg400_msgs__rosidl_typesupport_c.dir/rosidl_typesupport_c/mg400_msgs/msg/user__type_support.cpp.o[0m
[ 32%] [32mBuilding CXX object CMakeFiles/mg400_msgs__rosidl_typesupport_c.dir/rosidl_typesupport_c/mg400_msgs/msg/tool_do_index__type_support.cpp.o[0m
[ 32%] [32mBuilding CXX object CMakeFiles/mg400_msgs__rosidl_typesupport_c.dir/rosidl_typesupport_c/mg400_msgs/srv/acc_j__type_support.cpp.o[0m
[ 32%] [32mBuilding CXX object CMakeFiles/mg400_msgs__rosidl_typesupport_c.dir/rosidl_typesupport_c/mg400_msgs/srv/acc_l__type_support.cpp.o[0m
[ 32%] [32mBuilding CXX object CMakeFiles/mg400_msgs__rosidl_typesupport_c.dir/rosidl_typesupport_c/mg400_msgs/srv/di__type_support.cpp.o[0m
[ 32%] [32mBuilding CXX object CMakeFiles/mg400_msgs__rosidl_typesupport_c.dir/rosidl_typesupport_c/mg400_msgs/srv/clear_error__type_support.cpp.o[0m
[ 32%] [32mBuilding CXX object CMakeFiles/mg400_msgs__rosidl_typesupport_c.dir/rosidl_typesupport_c/mg400_msgs/srv/cp__type_support.cpp.o[0m
[ 33%] [32mBuilding CXX object CMakeFiles/mg400_msgs__rosidl_typesupport_c.dir/rosidl_typesupport_c/mg400_msgs/srv/arch__type_support.cpp.o[0m
[ 33%] [32mBuilding CXX object CMakeFiles/mg400_msgs__rosidl_typesupport_c.dir/rosidl_typesupport_c/mg400_msgs/srv/do__type_support.cpp.o[0m
[ 34%] [32mBuilding CXX object CMakeFiles/mg400_msgs__rosidl_typesupport_c.dir/rosidl_typesupport_c/mg400_msgs/srv/disable_robot__type_support.cpp.o[0m
[ 34%] [32mBuilding CXX object CMakeFiles/mg400_msgs__rosidl_typesupport_c.dir/rosidl_typesupport_c/mg400_msgs/srv/emergency_stop__type_support.cpp.o[0m
[ 34%] [32mBuilding CXX object CMakeFiles/mg400_msgs__rosidl_typesupport_c.dir/rosidl_typesupport_c/mg400_msgs/srv/enable_robot__type_support.cpp.o[0m
[ 34%] [32mBuilding CXX object CMakeFiles/mg400_msgs__rosidl_typesupport_c.dir/rosidl_typesupport_c/mg400_msgs/srv/get_angle__type_support.cpp.o[0m
[ 35%] [32mBuilding CXX object CMakeFiles/mg400_msgs__rosidl_typesupport_c.dir/rosidl_typesupport_c/mg400_msgs/srv/get_error_id__type_support.cpp.o[0m
[ 35%] [32mBuilding CXX object CMakeFiles/mg400_msgs__rosidl_typesupport_c.dir/rosidl_typesupport_c/mg400_msgs/srv/get_pose__type_support.cpp.o[0m
[ 35%] [32mBuilding CXX object CMakeFiles/mg400_msgs__rosidl_typesupport_c.dir/rosidl_typesupport_c/mg400_msgs/srv/inverse_solution__type_support.cpp.o[0m
[ 35%] [32mBuilding CXX object CMakeFiles/mg400_msgs__rosidl_typesupport_c.dir/rosidl_typesupport_c/mg400_msgs/srv/move_jog__type_support.cpp.o[0m
[ 36%] [32mBuilding CXX object CMakeFiles/mg400_msgs__rosidl_typesupport_c.dir/rosidl_typesupport_c/mg400_msgs/srv/pay_load__type_support.cpp.o[0m
[ 36%] [32mBuilding CXX object CMakeFiles/mg400_msgs__rosidl_typesupport_c.dir/rosidl_typesupport_c/mg400_msgs/srv/joint_mov_j__type_support.cpp.o[0m
[ 36%] [32mBuilding CXX object CMakeFiles/mg400_msgs__rosidl_typesupport_c.dir/rosidl_typesupport_c/mg400_msgs/srv/positive_solution__type_support.cpp.o[0m
[ 36%] [32mBuilding CXX object CMakeFiles/mg400_msgs__rosidl_typesupport_c.dir/rosidl_typesupport_c/mg400_msgs/srv/reset_robot__type_support.cpp.o[0m
[ 36%] [32mBuilding CXX object CMakeFiles/mg400_msgs__rosidl_typesupport_c.dir/rosidl_typesupport_c/mg400_msgs/srv/robot_mode__type_support.cpp.o[0m
[ 37%] [32mBuilding CXX object CMakeFiles/mg400_msgs__rosidl_typesupport_c.dir/rosidl_typesupport_c/mg400_msgs/srv/speed_factor__type_support.cpp.o[0m
[ 37%] [32mBuilding CXX object CMakeFiles/mg400_msgs__rosidl_typesupport_c.dir/rosidl_typesupport_c/mg400_msgs/srv/set_collision_level__type_support.cpp.o[0m
[ 37%] [32mBuilding CXX object CMakeFiles/mg400_msgs__rosidl_typesupport_c.dir/rosidl_typesupport_c/mg400_msgs/srv/speed_j__type_support.cpp.o[0m
[ 37%] [32mBuilding CXX object CMakeFiles/mg400_msgs__rosidl_typesupport_c.dir/rosidl_typesupport_c/mg400_msgs/srv/speed_l__type_support.cpp.o[0m
[ 37%] [32mBuilding CXX object CMakeFiles/mg400_msgs__rosidl_typesupport_c.dir/rosidl_typesupport_c/mg400_msgs/srv/tool__type_support.cpp.o[0m
[ 38%] [32mBuilding CXX object CMakeFiles/mg400_msgs__rosidl_typesupport_c.dir/rosidl_typesupport_c/mg400_msgs/srv/tool_di__type_support.cpp.o[0m
[ 38%] [32mBuilding CXX object CMakeFiles/mg400_msgs__rosidl_typesupport_c.dir/rosidl_typesupport_c/mg400_msgs/srv/tool_do_execute__type_support.cpp.o[0m
[ 38%] [32mBuilding CXX object CMakeFiles/mg400_msgs__rosidl_typesupport_c.dir/rosidl_typesupport_c/mg400_msgs/srv/user__type_support.cpp.o[0m
[ 38%] [32mBuilding CXX object CMakeFiles/mg400_msgs__rosidl_typesupport_c.dir/rosidl_typesupport_c/mg400_msgs/action/command_queue__type_support.cpp.o[0m
[ 38%] [32mBuilding CXX object CMakeFiles/mg400_msgs__rosidl_typesupport_c.dir/rosidl_typesupport_c/mg400_msgs/action/joint_mov_j__type_support.cpp.o[0m
[ 39%] [32mBuilding CXX object CMakeFiles/mg400_msgs__rosidl_typesupport_c.dir/rosidl_typesupport_c/mg400_msgs/action/mov_j__type_support.cpp.o[0m
[ 39%] [32mBuilding CXX object CMakeFiles/mg400_msgs__rosidl_typesupport_c.dir/rosidl_typesupport_c/mg400_msgs/action/mov_jio__type_support.cpp.o[0m
[ 39%] [32mBuilding CXX object CMakeFiles/mg400_msgs__rosidl_typesupport_c.dir/rosidl_typesupport_c/mg400_msgs/action/mov_l__type_support.cpp.o[0m
[ 39%] [32mBuilding CXX object CMakeFiles/mg400_msgs__rosidl_typesupport_c.dir/rosidl_typesupport_c/mg400_msgs/action/mov_lio__type_support.cpp.o[0m
[ 39%] [32mBuilding C object CMakeFiles/mg400_msgs__rosidl_typesupport_introspection_c.dir/rosidl_typesupport_introspection_c/mg400_msgs/msg/detail/arch__type_support.c.o[0m
[ 39%] [32m[1mLinking CXX shared library libmg400_msgs__rosidl_typesupport_cpp.so[0m
[ 39%] [32mBuilding C object CMakeFiles/mg400_msgs__rosidl_typesupport_introspection_c.dir/rosidl_typesupport_introspection_c/mg400_msgs/msg/detail/collision_level__type_support.c.o[0m
[ 39%] [32mBuilding C object CMakeFiles/mg400_msgs__rosidl_typesupport_introspection_c.dir/rosidl_typesupport_introspection_c/mg400_msgs/msg/detail/command__type_support.c.o[0m
[ 39%] [32mBuilding C object CMakeFiles/mg400_msgs__rosidl_typesupport_introspection_c.dir/rosidl_typesupport_introspection_c/mg400_msgs/msg/detail/di_index__type_support.c.o[0m
[ 40%] [32mBuilding C object CMakeFiles/mg400_msgs__rosidl_typesupport_introspection_c.dir/rosidl_typesupport_introspection_c/mg400_msgs/msg/detail/do_index__type_support.c.o[0m
[ 41%] [32m[1mLinking CXX shared library libmg400_msgs__rosidl_typesupport_c.so[0m
[ 41%] [32mBuilding C object CMakeFiles/mg400_msgs__rosidl_typesupport_introspection_c.dir/rosidl_typesupport_introspection_c/mg400_msgs/msg/detail/do_status__type_support.c.o[0m
[ 41%] [32mBuilding C object CMakeFiles/mg400_msgs__rosidl_typesupport_introspection_c.dir/rosidl_typesupport_introspection_c/mg400_msgs/msg/detail/distance_mode__type_support.c.o[0m
[ 41%] [32mBuilding C object CMakeFiles/mg400_msgs__rosidl_typesupport_introspection_c.dir/rosidl_typesupport_introspection_c/mg400_msgs/msg/detail/error_id__type_support.c.o[0m
[ 41%] [32mBuilding C object CMakeFiles/mg400_msgs__rosidl_typesupport_introspection_c.dir/rosidl_typesupport_introspection_c/mg400_msgs/msg/detail/id_array__type_support.c.o[0m
[ 42%] [32mBuilding C object CMakeFiles/mg400_msgs__rosidl_typesupport_introspection_c.dir/rosidl_typesupport_introspection_c/mg400_msgs/msg/detail/joint_mov_j__type_support.c.o[0m
[ 42%] [32mBuilding C object CMakeFiles/mg400_msgs__rosidl_typesupport_introspection_c.dir/rosidl_typesupport_introspection_c/mg400_msgs/msg/detail/mov_j__type_support.c.o[0m
[ 42%] [32mBuilding C object CMakeFiles/mg400_msgs__rosidl_typesupport_introspection_c.dir/rosidl_typesupport_introspection_c/mg400_msgs/msg/detail/mov_jio__type_support.c.o[0m
[ 42%] Built target mg400_msgs__rosidl_typesupport_cpp
[ 42%] [32mBuilding C object CMakeFiles/mg400_msgs__rosidl_typesupport_introspection_c.dir/rosidl_typesupport_introspection_c/mg400_msgs/msg/detail/mov_l__type_support.c.o[0m
[ 42%] [32mBuilding C object CMakeFiles/mg400_msgs__rosidl_typesupport_introspection_c.dir/rosidl_typesupport_introspection_c/mg400_msgs/msg/detail/move_jog__type_support.c.o[0m
[ 43%] [32mBuilding C object CMakeFiles/mg400_msgs__rosidl_typesupport_introspection_c.dir/rosidl_typesupport_introspection_c/mg400_msgs/msg/detail/mov_lio__type_support.c.o[0m
[ 43%] [32mBuilding C object CMakeFiles/mg400_msgs__rosidl_typesupport_introspection_c.dir/rosidl_typesupport_introspection_c/mg400_msgs/msg/detail/robot_mode__type_support.c.o[0m
[ 43%] Built target mg400_msgs__rosidl_typesupport_c
[ 43%] [32mBuilding C object CMakeFiles/mg400_msgs__rosidl_typesupport_introspection_c.dir/rosidl_typesupport_introspection_c/mg400_msgs/msg/detail/tool_di_index__type_support.c.o[0m
[ 43%] [32mBuilding C object CMakeFiles/mg400_msgs__rosidl_typesupport_introspection_c.dir/rosidl_typesupport_introspection_c/mg400_msgs/msg/detail/tool__type_support.c.o[0m
[ 44%] [32mBuilding C object CMakeFiles/mg400_msgs__rosidl_typesupport_introspection_c.dir/rosidl_typesupport_introspection_c/mg400_msgs/msg/detail/tool_do_index__type_support.c.o[0m
[ 44%] [32mBuilding C object CMakeFiles/mg400_msgs__rosidl_typesupport_introspection_c.dir/rosidl_typesupport_introspection_c/mg400_msgs/msg/detail/user__type_support.c.o[0m
[ 44%] [32mBuilding C object CMakeFiles/mg400_msgs__rosidl_typesupport_introspection_c.dir/rosidl_typesupport_introspection_c/mg400_msgs/srv/detail/acc_j__type_support.c.o[0m
[ 44%] [32mBuilding C object CMakeFiles/mg400_msgs__rosidl_typesupport_introspection_c.dir/rosidl_typesupport_introspection_c/mg400_msgs/srv/detail/acc_l__type_support.c.o[0m
[ 45%] [32mBuilding C object CMakeFiles/mg400_msgs__rosidl_typesupport_introspection_c.dir/rosidl_typesupport_introspection_c/mg400_msgs/srv/detail/arch__type_support.c.o[0m
[ 45%] [32mBuilding C object CMakeFiles/mg400_msgs__rosidl_typesupport_introspection_c.dir/rosidl_typesupport_introspection_c/mg400_msgs/srv/detail/cp__type_support.c.o[0m
[ 45%] [32mBuilding C object CMakeFiles/mg400_msgs__rosidl_typesupport_introspection_c.dir/rosidl_typesupport_introspection_c/mg400_msgs/srv/detail/di__type_support.c.o[0m
[ 45%] [32mBuilding C object CMakeFiles/mg400_msgs__rosidl_typesupport_introspection_c.dir/rosidl_typesupport_introspection_c/mg400_msgs/srv/detail/clear_error__type_support.c.o[0m
[ 45%] [32mBuilding C object CMakeFiles/mg400_msgs__rosidl_typesupport_introspection_c.dir/rosidl_typesupport_introspection_c/mg400_msgs/srv/detail/do__type_support.c.o[0m
[ 46%] [32mBuilding C object CMakeFiles/mg400_msgs__rosidl_typesupport_introspection_c.dir/rosidl_typesupport_introspection_c/mg400_msgs/srv/detail/disable_robot__type_support.c.o[0m
[ 46%] [32mBuilding C object CMakeFiles/mg400_msgs__rosidl_typesupport_introspection_c.dir/rosidl_typesupport_introspection_c/mg400_msgs/srv/detail/emergency_stop__type_support.c.o[0m
[ 46%] [32mBuilding C object CMakeFiles/mg400_msgs__rosidl_typesupport_introspection_c.dir/rosidl_typesupport_introspection_c/mg400_msgs/srv/detail/enable_robot__type_support.c.o[0m
[ 46%] [32mBuilding C object CMakeFiles/mg400_msgs__rosidl_typesupport_introspection_c.dir/rosidl_typesupport_introspection_c/mg400_msgs/srv/detail/get_angle__type_support.c.o[0m
[ 47%] [32mBuilding C object CMakeFiles/mg400_msgs__rosidl_typesupport_introspection_c.dir/rosidl_typesupport_introspection_c/mg400_msgs/srv/detail/get_error_id__type_support.c.o[0m
[ 47%] [32mBuilding C object CMakeFiles/mg400_msgs__rosidl_typesupport_introspection_c.dir/rosidl_typesupport_introspection_c/mg400_msgs/srv/detail/joint_mov_j__type_support.c.o[0m
[ 48%] [32mBuilding C object CMakeFiles/mg400_msgs__rosidl_typesupport_introspection_c.dir/rosidl_typesupport_introspection_c/mg400_msgs/srv/detail/move_jog__type_support.c.o[0m
[ 48%] [32mBuilding C object CMakeFiles/mg400_msgs__rosidl_typesupport_introspection_c.dir/rosidl_typesupport_introspection_c/mg400_msgs/srv/detail/pay_load__type_support.c.o[0m
[ 48%] [32mBuilding C object CMakeFiles/mg400_msgs__rosidl_typesupport_introspection_c.dir/rosidl_typesupport_introspection_c/mg400_msgs/srv/detail/inverse_solution__type_support.c.o[0m
[ 47%] [32mBuilding C object CMakeFiles/mg400_msgs__rosidl_typesupport_introspection_c.dir/rosidl_typesupport_introspection_c/mg400_msgs/srv/detail/get_pose__type_support.c.o[0m
[ 48%] [32mBuilding C object CMakeFiles/mg400_msgs__rosidl_typesupport_introspection_c.dir/rosidl_typesupport_introspection_c/mg400_msgs/srv/detail/positive_solution__type_support.c.o[0m
[ 48%] [32mBuilding C object CMakeFiles/mg400_msgs__rosidl_typesupport_introspection_c.dir/rosidl_typesupport_introspection_c/mg400_msgs/srv/detail/reset_robot__type_support.c.o[0m
[ 48%] [32mBuilding CXX object CMakeFiles/mg400_msgs__rosidl_typesupport_fastrtps_c.dir/rosidl_typesupport_fastrtps_c/mg400_msgs/msg/detail/arch__type_support_c.cpp.o[0m
[ 48%] [32mBuilding C object CMakeFiles/mg400_msgs__rosidl_typesupport_introspection_c.dir/rosidl_typesupport_introspection_c/mg400_msgs/srv/detail/robot_mode__type_support.c.o[0m
[ 48%] [32mBuilding C object CMakeFiles/mg400_msgs__rosidl_typesupport_introspection_c.dir/rosidl_typesupport_introspection_c/mg400_msgs/srv/detail/set_collision_level__type_support.c.o[0m
[ 48%] [32mBuilding C object CMakeFiles/mg400_msgs__rosidl_typesupport_introspection_c.dir/rosidl_typesupport_introspection_c/mg400_msgs/srv/detail/speed_j__type_support.c.o[0m
[ 48%] [32mBuilding CXX object CMakeFiles/mg400_msgs__rosidl_typesupport_fastrtps_c.dir/rosidl_typesupport_fastrtps_c/mg400_msgs/msg/detail/collision_level__type_support_c.cpp.o[0m
[ 48%] [32mBuilding CXX object CMakeFiles/mg400_msgs__rosidl_typesupport_fastrtps_c.dir/rosidl_typesupport_fastrtps_c/mg400_msgs/msg/detail/command__type_support_c.cpp.o[0m
[ 49%] [32mBuilding C object CMakeFiles/mg400_msgs__rosidl_typesupport_introspection_c.dir/rosidl_typesupport_introspection_c/mg400_msgs/srv/detail/speed_factor__type_support.c.o[0m
[ 49%] [32mBuilding CXX object CMakeFiles/mg400_msgs__rosidl_typesupport_introspection_cpp.dir/rosidl_typesupport_introspection_cpp/mg400_msgs/msg/detail/arch__type_support.cpp.o[0m
[ 49%] [32mBuilding C object CMakeFiles/mg400_msgs__rosidl_typesupport_introspection_c.dir/rosidl_typesupport_introspection_c/mg400_msgs/srv/detail/speed_l__type_support.c.o[0m
[ 49%] [32mBuilding CXX object CMakeFiles/mg400_msgs__rosidl_typesupport_fastrtps_c.dir/rosidl_typesupport_fastrtps_c/mg400_msgs/msg/detail/di_index__type_support_c.cpp.o[0m
[ 50%] [32mBuilding C object CMakeFiles/mg400_msgs__rosidl_typesupport_introspection_c.dir/rosidl_typesupport_introspection_c/mg400_msgs/srv/detail/tool__type_support.c.o[0m
[ 50%] [32mBuilding CXX object CMakeFiles/mg400_msgs__rosidl_typesupport_introspection_cpp.dir/rosidl_typesupport_introspection_cpp/mg400_msgs/msg/detail/collision_level__type_support.cpp.o[0m
[ 50%] [32mBuilding CXX object CMakeFiles/mg400_msgs__rosidl_typesupport_introspection_cpp.dir/rosidl_typesupport_introspection_cpp/mg400_msgs/msg/detail/command__type_support.cpp.o[0m
[ 51%] [32mBuilding C object CMakeFiles/mg400_msgs__rosidl_typesupport_introspection_c.dir/rosidl_typesupport_introspection_c/mg400_msgs/srv/detail/tool_di__type_support.c.o[0m
[ 51%] [32mBuilding CXX object CMakeFiles/mg400_msgs__rosidl_typesupport_fastrtps_c.dir/rosidl_typesupport_fastrtps_c/mg400_msgs/msg/detail/do_status__type_support_c.cpp.o[0m
[ 51%] [32mBuilding CXX object CMakeFiles/mg400_msgs__rosidl_typesupport_introspection_cpp.dir/rosidl_typesupport_introspection_cpp/mg400_msgs/msg/detail/do_index__type_support.cpp.o[0m
[ 52%] [32mBuilding CXX object CMakeFiles/mg400_msgs__rosidl_typesupport_fastrtps_c.dir/rosidl_typesupport_fastrtps_c/mg400_msgs/msg/detail/do_index__type_support_c.cpp.o[0m
[ 52%] [32mBuilding C object CMakeFiles/mg400_msgs__rosidl_typesupport_introspection_c.dir/rosidl_typesupport_introspection_c/mg400_msgs/srv/detail/tool_do_execute__type_support.c.o[0m
[ 52%] [32mBuilding CXX object CMakeFiles/mg400_msgs__rosidl_typesupport_introspection_cpp.dir/rosidl_typesupport_introspection_cpp/mg400_msgs/msg/detail/di_index__type_support.cpp.o[0m
[ 52%] [32mBuilding CXX object CMakeFiles/mg400_msgs__rosidl_typesupport_fastrtps_c.dir/rosidl_typesupport_fastrtps_c/mg400_msgs/msg/detail/distance_mode__type_support_c.cpp.o[0m
[ 53%] [32mBuilding CXX object CMakeFiles/mg400_msgs__rosidl_typesupport_introspection_cpp.dir/rosidl_typesupport_introspection_cpp/mg400_msgs/msg/detail/do_status__type_support.cpp.o[0m
[ 53%] [32mBuilding CXX object CMakeFiles/mg400_msgs__rosidl_typesupport_introspection_cpp.dir/rosidl_typesupport_introspection_cpp/mg400_msgs/msg/detail/distance_mode__type_support.cpp.o[0m
[ 53%] [32mBuilding C object CMakeFiles/mg400_msgs__rosidl_typesupport_introspection_c.dir/rosidl_typesupport_introspection_c/mg400_msgs/srv/detail/user__type_support.c.o[0m
[ 53%] [32mBuilding CXX object CMakeFiles/mg400_msgs__rosidl_typesupport_fastrtps_cpp.dir/rosidl_typesupport_fastrtps_cpp/mg400_msgs/msg/detail/dds_fastrtps/arch__type_support.cpp.o[0m
[ 53%] [32mBuilding C object CMakeFiles/mg400_msgs__rosidl_typesupport_introspection_c.dir/rosidl_typesupport_introspection_c/mg400_msgs/action/detail/command_queue__type_support.c.o[0m
[ 53%] [32mBuilding C object CMakeFiles/mg400_msgs__rosidl_typesupport_introspection_c.dir/rosidl_typesupport_introspection_c/mg400_msgs/action/detail/joint_mov_j__type_support.c.o[0m
[ 54%] [32mBuilding C object CMakeFiles/mg400_msgs__rosidl_typesupport_introspection_c.dir/rosidl_typesupport_introspection_c/mg400_msgs/action/detail/mov_j__type_support.c.o[0m
[ 54%] [32mBuilding C object CMakeFiles/mg400_msgs__rosidl_typesupport_introspection_c.dir/rosidl_typesupport_introspection_c/mg400_msgs/action/detail/mov_jio__type_support.c.o[0m
[ 55%] [32mBuilding CXX object CMakeFiles/mg400_msgs__rosidl_typesupport_fastrtps_cpp.dir/rosidl_typesupport_fastrtps_cpp/mg400_msgs/msg/detail/dds_fastrtps/collision_level__type_support.cpp.o[0m
[ 55%] [32mBuilding CXX object CMakeFiles/mg400_msgs__rosidl_typesupport_fastrtps_c.dir/rosidl_typesupport_fastrtps_c/mg400_msgs/msg/detail/error_id__type_support_c.cpp.o[0m
[ 55%] [32mBuilding CXX object CMakeFiles/mg400_msgs__rosidl_typesupport_fastrtps_cpp.dir/rosidl_typesupport_fastrtps_cpp/mg400_msgs/msg/detail/dds_fastrtps/command__type_support.cpp.o[0m
[ 55%] [32mBuilding C object CMakeFiles/mg400_msgs__rosidl_typesupport_introspection_c.dir/rosidl_typesupport_introspection_c/mg400_msgs/action/detail/mov_l__type_support.c.o[0m
[ 55%] [32mBuilding CXX object CMakeFiles/mg400_msgs__rosidl_typesupport_fastrtps_c.dir/rosidl_typesupport_fastrtps_c/mg400_msgs/msg/detail/id_array__type_support_c.cpp.o[0m
[ 55%] [32mBuilding CXX object CMakeFiles/mg400_msgs__rosidl_typesupport_fastrtps_cpp.dir/rosidl_typesupport_fastrtps_cpp/mg400_msgs/msg/detail/dds_fastrtps/di_index__type_support.cpp.o[0m
[ 55%] [32mBuilding CXX object CMakeFiles/mg400_msgs__rosidl_typesupport_fastrtps_c.dir/rosidl_typesupport_fastrtps_c/mg400_msgs/msg/detail/mov_j__type_support_c.cpp.o[0m
[ 56%] [32mBuilding CXX object CMakeFiles/mg400_msgs__rosidl_typesupport_fastrtps_c.dir/rosidl_typesupport_fastrtps_c/mg400_msgs/msg/detail/joint_mov_j__type_support_c.cpp.o[0m
[ 56%] [32mBuilding CXX object CMakeFiles/mg400_msgs__rosidl_typesupport_fastrtps_cpp.dir/rosidl_typesupport_fastrtps_cpp/mg400_msgs/msg/detail/dds_fastrtps/do_index__type_support.cpp.o[0m
[ 56%] [32mBuilding CXX object CMakeFiles/mg400_msgs__rosidl_typesupport_introspection_cpp.dir/rosidl_typesupport_introspection_cpp/mg400_msgs/msg/detail/error_id__type_support.cpp.o[0m
[ 56%] [32mBuilding C object CMakeFiles/mg400_msgs__rosidl_typesupport_introspection_c.dir/rosidl_typesupport_introspection_c/mg400_msgs/action/detail/mov_lio__type_support.c.o[0m
[ 56%] [32mBuilding CXX object CMakeFiles/mg400_msgs__rosidl_typesupport_fastrtps_cpp.dir/rosidl_typesupport_fastrtps_cpp/mg400_msgs/msg/detail/dds_fastrtps/distance_mode__type_support.cpp.o[0m
[ 57%] [32mBuilding CXX object CMakeFiles/mg400_msgs__rosidl_typesupport_fastrtps_cpp.dir/rosidl_typesupport_fastrtps_cpp/mg400_msgs/msg/detail/dds_fastrtps/do_status__type_support.cpp.o[0m
[ 57%] [32mBuilding CXX object CMakeFiles/mg400_msgs__rosidl_typesupport_introspection_cpp.dir/rosidl_typesupport_introspection_cpp/mg400_msgs/msg/detail/id_array__type_support.cpp.o[0m
[ 57%] [32mBuilding CXX object CMakeFiles/mg400_msgs__rosidl_typesupport_fastrtps_c.dir/rosidl_typesupport_fastrtps_c/mg400_msgs/msg/detail/mov_jio__type_support_c.cpp.o[0m
[ 57%] [32mBuilding CXX object CMakeFiles/mg400_msgs__rosidl_typesupport_fastrtps_cpp.dir/rosidl_typesupport_fastrtps_cpp/mg400_msgs/msg/detail/dds_fastrtps/error_id__type_support.cpp.o[0m
[ 58%] [32m[1mLinking C shared library libmg400_msgs__rosidl_typesupport_introspection_c.so[0m
[ 58%] [32mBuilding CXX object CMakeFiles/mg400_msgs__rosidl_typesupport_fastrtps_c.dir/rosidl_typesupport_fastrtps_c/mg400_msgs/msg/detail/mov_l__type_support_c.cpp.o[0m
[ 58%] Built target mg400_msgs__rosidl_typesupport_introspection_c
[ 59%] [32mBuilding CXX object CMakeFiles/mg400_msgs__rosidl_typesupport_fastrtps_c.dir/rosidl_typesupport_fastrtps_c/mg400_msgs/msg/detail/mov_lio__type_support_c.cpp.o[0m
[ 59%] [32mBuilding CXX object CMakeFiles/mg400_msgs__rosidl_typesupport_introspection_cpp.dir/rosidl_typesupport_introspection_cpp/mg400_msgs/msg/detail/joint_mov_j__type_support.cpp.o[0m
[ 59%] [32mBuilding CXX object CMakeFiles/mg400_msgs__rosidl_typesupport_fastrtps_cpp.dir/rosidl_typesupport_fastrtps_cpp/mg400_msgs/msg/detail/dds_fastrtps/id_array__type_support.cpp.o[0m
[ 60%] [32mBuilding CXX object CMakeFiles/mg400_msgs__rosidl_typesupport_introspection_cpp.dir/rosidl_typesupport_introspection_cpp/mg400_msgs/msg/detail/mov_j__type_support.cpp.o[0m
[ 60%] [32mBuilding CXX object CMakeFiles/mg400_msgs__rosidl_typesupport_fastrtps_cpp.dir/rosidl_typesupport_fastrtps_cpp/mg400_msgs/msg/detail/dds_fastrtps/joint_mov_j__type_support.cpp.o[0m
[ 60%] [32mBuilding CXX object CMakeFiles/mg400_msgs__rosidl_typesupport_fastrtps_c.dir/rosidl_typesupport_fastrtps_c/mg400_msgs/msg/detail/move_jog__type_support_c.cpp.o[0m
[ 61%] [32mBuilding CXX object CMakeFiles/mg400_msgs__rosidl_typesupport_fastrtps_cpp.dir/rosidl_typesupport_fastrtps_cpp/mg400_msgs/msg/detail/dds_fastrtps/mov_j__type_support.cpp.o[0m
[ 61%] [32mBuilding CXX object CMakeFiles/mg400_msgs__rosidl_typesupport_fastrtps_cpp.dir/rosidl_typesupport_fastrtps_cpp/mg400_msgs/msg/detail/dds_fastrtps/mov_jio__type_support.cpp.o[0m
[ 61%] [32mBuilding CXX object CMakeFiles/mg400_msgs__rosidl_typesupport_fastrtps_cpp.dir/rosidl_typesupport_fastrtps_cpp/mg400_msgs/msg/detail/dds_fastrtps/mov_l__type_support.cpp.o[0m
[ 61%] [32mBuilding CXX object CMakeFiles/mg400_msgs__rosidl_typesupport_fastrtps_cpp.dir/rosidl_typesupport_fastrtps_cpp/mg400_msgs/msg/detail/dds_fastrtps/mov_lio__type_support.cpp.o[0m
[ 61%] [32mBuilding CXX object CMakeFiles/mg400_msgs__rosidl_typesupport_fastrtps_c.dir/rosidl_typesupport_fastrtps_c/mg400_msgs/msg/detail/robot_mode__type_support_c.cpp.o[0m
[ 61%] [32mBuilding CXX object CMakeFiles/mg400_msgs__rosidl_typesupport_introspection_cpp.dir/rosidl_typesupport_introspection_cpp/mg400_msgs/msg/detail/mov_jio__type_support.cpp.o[0m
[ 62%] [32mBuilding CXX object CMakeFiles/mg400_msgs__rosidl_typesupport_fastrtps_cpp.dir/rosidl_typesupport_fastrtps_cpp/mg400_msgs/msg/detail/dds_fastrtps/move_jog__type_support.cpp.o[0m
[ 62%] [32mBuilding CXX object CMakeFiles/mg400_msgs__rosidl_typesupport_introspection_cpp.dir/rosidl_typesupport_introspection_cpp/mg400_msgs/msg/detail/mov_l__type_support.cpp.o[0m
[ 62%] [32mBuilding CXX object CMakeFiles/mg400_msgs__rosidl_typesupport_fastrtps_cpp.dir/rosidl_typesupport_fastrtps_cpp/mg400_msgs/msg/detail/dds_fastrtps/robot_mode__type_support.cpp.o[0m
[ 62%] [32mBuilding CXX object CMakeFiles/mg400_msgs__rosidl_typesupport_introspection_cpp.dir/rosidl_typesupport_introspection_cpp/mg400_msgs/msg/detail/mov_lio__type_support.cpp.o[0m
[ 62%] [32mBuilding CXX object CMakeFiles/mg400_msgs__rosidl_typesupport_fastrtps_cpp.dir/rosidl_typesupport_fastrtps_cpp/mg400_msgs/msg/detail/dds_fastrtps/tool__type_support.cpp.o[0m
[ 63%] [32mBuilding CXX object CMakeFiles/mg400_msgs__rosidl_typesupport_introspection_cpp.dir/rosidl_typesupport_introspection_cpp/mg400_msgs/msg/detail/move_jog__type_support.cpp.o[0m
[ 63%] [32mBuilding CXX object CMakeFiles/mg400_msgs__rosidl_typesupport_introspection_cpp.dir/rosidl_typesupport_introspection_cpp/mg400_msgs/msg/detail/robot_mode__type_support.cpp.o[0m
[ 63%] [32mBuilding CXX object CMakeFiles/mg400_msgs__rosidl_typesupport_fastrtps_c.dir/rosidl_typesupport_fastrtps_c/mg400_msgs/msg/detail/tool__type_support_c.cpp.o[0m
[ 63%] [32mBuilding CXX object CMakeFiles/mg400_msgs__rosidl_typesupport_introspection_cpp.dir/rosidl_typesupport_introspection_cpp/mg400_msgs/msg/detail/tool__type_support.cpp.o[0m
[ 63%] [32mBuilding CXX object CMakeFiles/mg400_msgs__rosidl_typesupport_introspection_cpp.dir/rosidl_typesupport_introspection_cpp/mg400_msgs/msg/detail/tool_di_index__type_support.cpp.o[0m
[ 63%] [32mBuilding CXX object CMakeFiles/mg400_msgs__rosidl_typesupport_introspection_cpp.dir/rosidl_typesupport_introspection_cpp/mg400_msgs/msg/detail/tool_do_index__type_support.cpp.o[0m
[ 63%] [32mBuilding CXX object CMakeFiles/mg400_msgs__rosidl_typesupport_fastrtps_c.dir/rosidl_typesupport_fastrtps_c/mg400_msgs/msg/detail/tool_di_index__type_support_c.cpp.o[0m
[ 64%] [32mBuilding CXX object CMakeFiles/mg400_msgs__rosidl_typesupport_fastrtps_c.dir/rosidl_typesupport_fastrtps_c/mg400_msgs/msg/detail/tool_do_index__type_support_c.cpp.o[0m
[ 65%] [32mBuilding CXX object CMakeFiles/mg400_msgs__rosidl_typesupport_introspection_cpp.dir/rosidl_typesupport_introspection_cpp/mg400_msgs/msg/detail/user__type_support.cpp.o[0m
[ 65%] [32mBuilding CXX object CMakeFiles/mg400_msgs__rosidl_typesupport_fastrtps_c.dir/rosidl_typesupport_fastrtps_c/mg400_msgs/msg/detail/user__type_support_c.cpp.o[0m
[ 65%] [32mBuilding CXX object CMakeFiles/mg400_msgs__rosidl_typesupport_fastrtps_cpp.dir/rosidl_typesupport_fastrtps_cpp/mg400_msgs/msg/detail/dds_fastrtps/tool_di_index__type_support.cpp.o[0m
[ 65%] [32mBuilding CXX object CMakeFiles/mg400_msgs__rosidl_typesupport_introspection_cpp.dir/rosidl_typesupport_introspection_cpp/mg400_msgs/srv/detail/acc_j__type_support.cpp.o[0m
[ 65%] [32mBuilding CXX object CMakeFiles/mg400_msgs__rosidl_typesupport_fastrtps_c.dir/rosidl_typesupport_fastrtps_c/mg400_msgs/srv/detail/acc_j__type_support_c.cpp.o[0m
[ 65%] [32mBuilding CXX object CMakeFiles/mg400_msgs__rosidl_typesupport_introspection_cpp.dir/rosidl_typesupport_introspection_cpp/mg400_msgs/srv/detail/acc_l__type_support.cpp.o[0m
[ 65%] [32mBuilding CXX object CMakeFiles/mg400_msgs__rosidl_typesupport_introspection_cpp.dir/rosidl_typesupport_introspection_cpp/mg400_msgs/srv/detail/arch__type_support.cpp.o[0m
[ 65%] [32mBuilding CXX object CMakeFiles/mg400_msgs__rosidl_typesupport_fastrtps_cpp.dir/rosidl_typesupport_fastrtps_cpp/mg400_msgs/msg/detail/dds_fastrtps/tool_do_index__type_support.cpp.o[0m
[ 65%] [32mBuilding CXX object CMakeFiles/mg400_msgs__rosidl_typesupport_fastrtps_c.dir/rosidl_typesupport_fastrtps_c/mg400_msgs/srv/detail/acc_l__type_support_c.cpp.o[0m
[ 66%] [32mBuilding CXX object CMakeFiles/mg400_msgs__rosidl_typesupport_fastrtps_cpp.dir/rosidl_typesupport_fastrtps_cpp/mg400_msgs/msg/detail/dds_fastrtps/user__type_support.cpp.o[0m
[ 66%] [32mBuilding CXX object CMakeFiles/mg400_msgs__rosidl_typesupport_introspection_cpp.dir/rosidl_typesupport_introspection_cpp/mg400_msgs/srv/detail/cp__type_support.cpp.o[0m
[ 67%] [32mBuilding CXX object CMakeFiles/mg400_msgs__rosidl_typesupport_fastrtps_c.dir/rosidl_typesupport_fastrtps_c/mg400_msgs/srv/detail/arch__type_support_c.cpp.o[0m
[ 67%] [32mBuilding CXX object CMakeFiles/mg400_msgs__rosidl_typesupport_fastrtps_cpp.dir/rosidl_typesupport_fastrtps_cpp/mg400_msgs/srv/detail/dds_fastrtps/acc_j__type_support.cpp.o[0m
[ 67%] [32mBuilding CXX object CMakeFiles/mg400_msgs__rosidl_typesupport_fastrtps_c.dir/rosidl_typesupport_fastrtps_c/mg400_msgs/srv/detail/cp__type_support_c.cpp.o[0m
[ 67%] [32mBuilding CXX object CMakeFiles/mg400_msgs__rosidl_typesupport_fastrtps_cpp.dir/rosidl_typesupport_fastrtps_cpp/mg400_msgs/srv/detail/dds_fastrtps/acc_l__type_support.cpp.o[0m
[ 68%] [32mBuilding CXX object CMakeFiles/mg400_msgs__rosidl_typesupport_introspection_cpp.dir/rosidl_typesupport_introspection_cpp/mg400_msgs/srv/detail/clear_error__type_support.cpp.o[0m
[ 68%] [32mBuilding CXX object CMakeFiles/mg400_msgs__rosidl_typesupport_fastrtps_c.dir/rosidl_typesupport_fastrtps_c/mg400_msgs/srv/detail/clear_error__type_support_c.cpp.o[0m
[ 68%] [32mBuilding CXX object CMakeFiles/mg400_msgs__rosidl_typesupport_introspection_cpp.dir/rosidl_typesupport_introspection_cpp/mg400_msgs/srv/detail/di__type_support.cpp.o[0m
[ 68%] [32mBuilding CXX object CMakeFiles/mg400_msgs__rosidl_typesupport_fastrtps_cpp.dir/rosidl_typesupport_fastrtps_cpp/mg400_msgs/srv/detail/dds_fastrtps/arch__type_support.cpp.o[0m
[ 68%] [32mBuilding CXX object CMakeFiles/mg400_msgs__rosidl_typesupport_fastrtps_cpp.dir/rosidl_typesupport_fastrtps_cpp/mg400_msgs/srv/detail/dds_fastrtps/cp__type_support.cpp.o[0m
[ 68%] [32mBuilding CXX object CMakeFiles/mg400_msgs__rosidl_typesupport_fastrtps_c.dir/rosidl_typesupport_fastrtps_c/mg400_msgs/srv/detail/di__type_support_c.cpp.o[0m
[ 69%] [32mBuilding CXX object CMakeFiles/mg400_msgs__rosidl_typesupport_fastrtps_cpp.dir/rosidl_typesupport_fastrtps_cpp/mg400_msgs/srv/detail/dds_fastrtps/clear_error__type_support.cpp.o[0m
[ 69%] [32mBuilding CXX object CMakeFiles/mg400_msgs__rosidl_typesupport_introspection_cpp.dir/rosidl_typesupport_introspection_cpp/mg400_msgs/srv/detail/do__type_support.cpp.o[0m
[ 69%] [32mBuilding CXX object CMakeFiles/mg400_msgs__rosidl_typesupport_introspection_cpp.dir/rosidl_typesupport_introspection_cpp/mg400_msgs/srv/detail/disable_robot__type_support.cpp.o[0m
[ 69%] [32mBuilding CXX object CMakeFiles/mg400_msgs__rosidl_typesupport_fastrtps_c.dir/rosidl_typesupport_fastrtps_c/mg400_msgs/srv/detail/do__type_support_c.cpp.o[0m
[ 70%] [32mBuilding CXX object CMakeFiles/mg400_msgs__rosidl_typesupport_fastrtps_c.dir/rosidl_typesupport_fastrtps_c/mg400_msgs/srv/detail/disable_robot__type_support_c.cpp.o[0m
[ 71%] [32mBuilding CXX object CMakeFiles/mg400_msgs__rosidl_typesupport_introspection_cpp.dir/rosidl_typesupport_introspection_cpp/mg400_msgs/srv/detail/emergency_stop__type_support.cpp.o[0m
[ 71%] [32mBuilding CXX object CMakeFiles/mg400_msgs__rosidl_typesupport_fastrtps_cpp.dir/rosidl_typesupport_fastrtps_cpp/mg400_msgs/srv/detail/dds_fastrtps/di__type_support.cpp.o[0m
[ 71%] [32mBuilding CXX object CMakeFiles/mg400_msgs__rosidl_typesupport_fastrtps_cpp.dir/rosidl_typesupport_fastrtps_cpp/mg400_msgs/srv/detail/dds_fastrtps/do__type_support.cpp.o[0m
[ 71%] [32mBuilding CXX object CMakeFiles/mg400_msgs__rosidl_typesupport_introspection_cpp.dir/rosidl_typesupport_introspection_cpp/mg400_msgs/srv/detail/enable_robot__type_support.cpp.o[0m
[ 71%] [32mBuilding CXX object CMakeFiles/mg400_msgs__rosidl_typesupport_fastrtps_cpp.dir/rosidl_typesupport_fastrtps_cpp/mg400_msgs/srv/detail/dds_fastrtps/disable_robot__type_support.cpp.o[0m
[ 71%] [32mBuilding CXX object CMakeFiles/mg400_msgs__rosidl_typesupport_introspection_cpp.dir/rosidl_typesupport_introspection_cpp/mg400_msgs/srv/detail/get_angle__type_support.cpp.o[0m
[ 72%] [32mBuilding CXX object CMakeFiles/mg400_msgs__rosidl_typesupport_fastrtps_cpp.dir/rosidl_typesupport_fastrtps_cpp/mg400_msgs/srv/detail/dds_fastrtps/emergency_stop__type_support.cpp.o[0m
[ 72%] [32mBuilding CXX object CMakeFiles/mg400_msgs__rosidl_typesupport_introspection_cpp.dir/rosidl_typesupport_introspection_cpp/mg400_msgs/srv/detail/get_error_id__type_support.cpp.o[0m
[ 72%] [32mBuilding CXX object CMakeFiles/mg400_msgs__rosidl_typesupport_fastrtps_c.dir/rosidl_typesupport_fastrtps_c/mg400_msgs/srv/detail/emergency_stop__type_support_c.cpp.o[0m
[ 72%] [32mBuilding CXX object CMakeFiles/mg400_msgs__rosidl_typesupport_introspection_cpp.dir/rosidl_typesupport_introspection_cpp/mg400_msgs/srv/detail/get_pose__type_support.cpp.o[0m
[ 72%] [32mBuilding CXX object CMakeFiles/mg400_msgs__rosidl_typesupport_fastrtps_c.dir/rosidl_typesupport_fastrtps_c/mg400_msgs/srv/detail/enable_robot__type_support_c.cpp.o[0m
[ 73%] [32mBuilding CXX object CMakeFiles/mg400_msgs__rosidl_typesupport_introspection_cpp.dir/rosidl_typesupport_introspection_cpp/mg400_msgs/srv/detail/inverse_solution__type_support.cpp.o[0m
[ 73%] [32mBuilding CXX object CMakeFiles/mg400_msgs__rosidl_typesupport_fastrtps_cpp.dir/rosidl_typesupport_fastrtps_cpp/mg400_msgs/srv/detail/dds_fastrtps/enable_robot__type_support.cpp.o[0m
[ 73%] [32mBuilding CXX object CMakeFiles/mg400_msgs__rosidl_typesupport_fastrtps_c.dir/rosidl_typesupport_fastrtps_c/mg400_msgs/srv/detail/get_angle__type_support_c.cpp.o[0m
[ 73%] [32mBuilding CXX object CMakeFiles/mg400_msgs__rosidl_typesupport_fastrtps_cpp.dir/rosidl_typesupport_fastrtps_cpp/mg400_msgs/srv/detail/dds_fastrtps/get_angle__type_support.cpp.o[0m
[ 73%] [32mBuilding CXX object CMakeFiles/mg400_msgs__rosidl_typesupport_introspection_cpp.dir/rosidl_typesupport_introspection_cpp/mg400_msgs/srv/detail/joint_mov_j__type_support.cpp.o[0m
[ 73%] [32mBuilding CXX object CMakeFiles/mg400_msgs__rosidl_typesupport_introspection_cpp.dir/rosidl_typesupport_introspection_cpp/mg400_msgs/srv/detail/move_jog__type_support.cpp.o[0m
[ 74%] [32mBuilding CXX object CMakeFiles/mg400_msgs__rosidl_typesupport_fastrtps_c.dir/rosidl_typesupport_fastrtps_c/mg400_msgs/srv/detail/get_error_id__type_support_c.cpp.o[0m
[ 74%] [32mBuilding CXX object CMakeFiles/mg400_msgs__rosidl_typesupport_fastrtps_cpp.dir/rosidl_typesupport_fastrtps_cpp/mg400_msgs/srv/detail/dds_fastrtps/get_error_id__type_support.cpp.o[0m
[ 74%] [32mBuilding CXX object CMakeFiles/mg400_msgs__rosidl_typesupport_introspection_cpp.dir/rosidl_typesupport_introspection_cpp/mg400_msgs/srv/detail/pay_load__type_support.cpp.o[0m
[ 74%] [32mBuilding CXX object CMakeFiles/mg400_msgs__rosidl_typesupport_fastrtps_cpp.dir/rosidl_typesupport_fastrtps_cpp/mg400_msgs/srv/detail/dds_fastrtps/get_pose__type_support.cpp.o[0m
[ 75%] [32mBuilding CXX object CMakeFiles/mg400_msgs__rosidl_typesupport_introspection_cpp.dir/rosidl_typesupport_introspection_cpp/mg400_msgs/srv/detail/positive_solution__type_support.cpp.o[0m
[ 75%] [32mBuilding CXX object CMakeFiles/mg400_msgs__rosidl_typesupport_fastrtps_c.dir/rosidl_typesupport_fastrtps_c/mg400_msgs/srv/detail/get_pose__type_support_c.cpp.o[0m
[ 75%] [32mBuilding CXX object CMakeFiles/mg400_msgs__rosidl_typesupport_introspection_cpp.dir/rosidl_typesupport_introspection_cpp/mg400_msgs/srv/detail/reset_robot__type_support.cpp.o[0m
[ 75%] [32mBuilding CXX object CMakeFiles/mg400_msgs__rosidl_typesupport_fastrtps_c.dir/rosidl_typesupport_fastrtps_c/mg400_msgs/srv/detail/inverse_solution__type_support_c.cpp.o[0m
[ 75%] [32mBuilding CXX object CMakeFiles/mg400_msgs__rosidl_typesupport_fastrtps_c.dir/rosidl_typesupport_fastrtps_c/mg400_msgs/srv/detail/joint_mov_j__type_support_c.cpp.o[0m
[ 76%] [32mBuilding CXX object CMakeFiles/mg400_msgs__rosidl_typesupport_fastrtps_cpp.dir/rosidl_typesupport_fastrtps_cpp/mg400_msgs/srv/detail/dds_fastrtps/inverse_solution__type_support.cpp.o[0m
[ 76%] [32mBuilding CXX object CMakeFiles/mg400_msgs__rosidl_typesupport_fastrtps_c.dir/rosidl_typesupport_fastrtps_c/mg400_msgs/srv/detail/move_jog__type_support_c.cpp.o[0m
[ 76%] [32mBuilding CXX object CMakeFiles/mg400_msgs__rosidl_typesupport_fastrtps_cpp.dir/rosidl_typesupport_fastrtps_cpp/mg400_msgs/srv/detail/dds_fastrtps/joint_mov_j__type_support.cpp.o[0m
[ 76%] [32mBuilding CXX object CMakeFiles/mg400_msgs__rosidl_typesupport_introspection_cpp.dir/rosidl_typesupport_introspection_cpp/mg400_msgs/srv/detail/robot_mode__type_support.cpp.o[0m
[ 76%] [32mBuilding CXX object CMakeFiles/mg400_msgs__rosidl_typesupport_fastrtps_cpp.dir/rosidl_typesupport_fastrtps_cpp/mg400_msgs/srv/detail/dds_fastrtps/move_jog__type_support.cpp.o[0m
[ 76%] [32mBuilding CXX object CMakeFiles/mg400_msgs__rosidl_typesupport_introspection_cpp.dir/rosidl_typesupport_introspection_cpp/mg400_msgs/srv/detail/set_collision_level__type_support.cpp.o[0m
[ 77%] [32mBuilding CXX object CMakeFiles/mg400_msgs__rosidl_typesupport_fastrtps_c.dir/rosidl_typesupport_fastrtps_c/mg400_msgs/srv/detail/pay_load__type_support_c.cpp.o[0m
[ 77%] [32mBuilding CXX object CMakeFiles/mg400_msgs__rosidl_typesupport_introspection_cpp.dir/rosidl_typesupport_introspection_cpp/mg400_msgs/srv/detail/speed_factor__type_support.cpp.o[0m
[ 77%] [32mBuilding CXX object CMakeFiles/mg400_msgs__rosidl_typesupport_fastrtps_cpp.dir/rosidl_typesupport_fastrtps_cpp/mg400_msgs/srv/detail/dds_fastrtps/pay_load__type_support.cpp.o[0m
[ 78%] [32mBuilding CXX object CMakeFiles/mg400_msgs__rosidl_typesupport_fastrtps_cpp.dir/rosidl_typesupport_fastrtps_cpp/mg400_msgs/srv/detail/dds_fastrtps/positive_solution__type_support.cpp.o[0m
[ 78%] [32mBuilding CXX object CMakeFiles/mg400_msgs__rosidl_typesupport_fastrtps_c.dir/rosidl_typesupport_fastrtps_c/mg400_msgs/srv/detail/positive_solution__type_support_c.cpp.o[0m
[ 78%] [32mBuilding CXX object CMakeFiles/mg400_msgs__rosidl_typesupport_fastrtps_c.dir/rosidl_typesupport_fastrtps_c/mg400_msgs/srv/detail/reset_robot__type_support_c.cpp.o[0m
[ 78%] [32mBuilding CXX object CMakeFiles/mg400_msgs__rosidl_typesupport_fastrtps_c.dir/rosidl_typesupport_fastrtps_c/mg400_msgs/srv/detail/robot_mode__type_support_c.cpp.o[0m
[ 79%] [32mBuilding CXX object CMakeFiles/mg400_msgs__rosidl_typesupport_introspection_cpp.dir/rosidl_typesupport_introspection_cpp/mg400_msgs/srv/detail/speed_j__type_support.cpp.o[0m
[ 79%] [32mBuilding CXX object CMakeFiles/mg400_msgs__rosidl_typesupport_introspection_cpp.dir/rosidl_typesupport_introspection_cpp/mg400_msgs/srv/detail/speed_l__type_support.cpp.o[0m
[ 79%] [32mBuilding CXX object CMakeFiles/mg400_msgs__rosidl_typesupport_introspection_cpp.dir/rosidl_typesupport_introspection_cpp/mg400_msgs/srv/detail/tool__type_support.cpp.o[0m
[ 79%] [32mBuilding CXX object CMakeFiles/mg400_msgs__rosidl_typesupport_fastrtps_c.dir/rosidl_typesupport_fastrtps_c/mg400_msgs/srv/detail/set_collision_level__type_support_c.cpp.o[0m
[ 79%] [32mBuilding CXX object CMakeFiles/mg400_msgs__rosidl_typesupport_fastrtps_cpp.dir/rosidl_typesupport_fastrtps_cpp/mg400_msgs/srv/detail/dds_fastrtps/reset_robot__type_support.cpp.o[0m
[ 79%] [32mBuilding CXX object CMakeFiles/mg400_msgs__rosidl_typesupport_introspection_cpp.dir/rosidl_typesupport_introspection_cpp/mg400_msgs/srv/detail/tool_di__type_support.cpp.o[0m
[ 80%] [32mBuilding CXX object CMakeFiles/mg400_msgs__rosidl_typesupport_fastrtps_c.dir/rosidl_typesupport_fastrtps_c/mg400_msgs/srv/detail/speed_factor__type_support_c.cpp.o[0m
[ 81%] [32mBuilding CXX object CMakeFiles/mg400_msgs__rosidl_typesupport_introspection_cpp.dir/rosidl_typesupport_introspection_cpp/mg400_msgs/srv/detail/tool_do_execute__type_support.cpp.o[0m
[ 81%] [32mBuilding CXX object CMakeFiles/mg400_msgs__rosidl_typesupport_fastrtps_cpp.dir/rosidl_typesupport_fastrtps_cpp/mg400_msgs/srv/detail/dds_fastrtps/robot_mode__type_support.cpp.o[0m
[ 81%] [32mBuilding CXX object CMakeFiles/mg400_msgs__rosidl_typesupport_fastrtps_cpp.dir/rosidl_typesupport_fastrtps_cpp/mg400_msgs/srv/detail/dds_fastrtps/set_collision_level__type_support.cpp.o[0m
[ 81%] [32mBuilding CXX object CMakeFiles/mg400_msgs__rosidl_typesupport_introspection_cpp.dir/rosidl_typesupport_introspection_cpp/mg400_msgs/srv/detail/user__type_support.cpp.o[0m
[ 81%] [32mBuilding CXX object CMakeFiles/mg400_msgs__rosidl_typesupport_fastrtps_cpp.dir/rosidl_typesupport_fastrtps_cpp/mg400_msgs/srv/detail/dds_fastrtps/speed_factor__type_support.cpp.o[0m
[ 81%] [32mBuilding CXX object CMakeFiles/mg400_msgs__rosidl_typesupport_fastrtps_c.dir/rosidl_typesupport_fastrtps_c/mg400_msgs/srv/detail/speed_j__type_support_c.cpp.o[0m
[ 81%] [32mBuilding CXX object CMakeFiles/mg400_msgs__rosidl_typesupport_introspection_cpp.dir/rosidl_typesupport_introspection_cpp/mg400_msgs/action/detail/command_queue__type_support.cpp.o[0m
[ 81%] [32mBuilding CXX object CMakeFiles/mg400_msgs__rosidl_typesupport_introspection_cpp.dir/rosidl_typesupport_introspection_cpp/mg400_msgs/action/detail/joint_mov_j__type_support.cpp.o[0m
[ 82%] [32mBuilding CXX object CMakeFiles/mg400_msgs__rosidl_typesupport_fastrtps_cpp.dir/rosidl_typesupport_fastrtps_cpp/mg400_msgs/srv/detail/dds_fastrtps/speed_l__type_support.cpp.o[0m
[ 82%] [32mBuilding CXX object CMakeFiles/mg400_msgs__rosidl_typesupport_fastrtps_cpp.dir/rosidl_typesupport_fastrtps_cpp/mg400_msgs/srv/detail/dds_fastrtps/speed_j__type_support.cpp.o[0m
[ 82%] [32mBuilding CXX object CMakeFiles/mg400_msgs__rosidl_typesupport_fastrtps_cpp.dir/rosidl_typesupport_fastrtps_cpp/mg400_msgs/srv/detail/dds_fastrtps/tool__type_support.cpp.o[0m
[ 82%] [32mBuilding CXX object CMakeFiles/mg400_msgs__rosidl_typesupport_fastrtps_c.dir/rosidl_typesupport_fastrtps_c/mg400_msgs/srv/detail/speed_l__type_support_c.cpp.o[0m
[ 82%] [32mBuilding CXX object CMakeFiles/mg400_msgs__rosidl_typesupport_fastrtps_cpp.dir/rosidl_typesupport_fastrtps_cpp/mg400_msgs/srv/detail/dds_fastrtps/tool_di__type_support.cpp.o[0m
[ 82%] [32mBuilding CXX object CMakeFiles/mg400_msgs__rosidl_typesupport_introspection_cpp.dir/rosidl_typesupport_introspection_cpp/mg400_msgs/action/detail/mov_j__type_support.cpp.o[0m
[ 83%] [32mBuilding CXX object CMakeFiles/mg400_msgs__rosidl_typesupport_fastrtps_cpp.dir/rosidl_typesupport_fastrtps_cpp/mg400_msgs/srv/detail/dds_fastrtps/tool_do_execute__type_support.cpp.o[0m
[ 83%] [32mBuilding CXX object CMakeFiles/mg400_msgs__rosidl_typesupport_fastrtps_c.dir/rosidl_typesupport_fastrtps_c/mg400_msgs/srv/detail/tool__type_support_c.cpp.o[0m
[ 83%] [32mBuilding CXX object CMakeFiles/mg400_msgs__rosidl_typesupport_fastrtps_cpp.dir/rosidl_typesupport_fastrtps_cpp/mg400_msgs/srv/detail/dds_fastrtps/user__type_support.cpp.o[0m
[ 84%] [32mBuilding CXX object CMakeFiles/mg400_msgs__rosidl_typesupport_introspection_cpp.dir/rosidl_typesupport_introspection_cpp/mg400_msgs/action/detail/mov_jio__type_support.cpp.o[0m
[ 84%] [32mBuilding CXX object CMakeFiles/mg400_msgs__rosidl_typesupport_introspection_cpp.dir/rosidl_typesupport_introspection_cpp/mg400_msgs/action/detail/mov_l__type_support.cpp.o[0m
[ 84%] [32mBuilding CXX object CMakeFiles/mg400_msgs__rosidl_typesupport_fastrtps_cpp.dir/rosidl_typesupport_fastrtps_cpp/mg400_msgs/action/detail/dds_fastrtps/command_queue__type_support.cpp.o[0m
[ 84%] [32mBuilding CXX object CMakeFiles/mg400_msgs__rosidl_typesupport_fastrtps_cpp.dir/rosidl_typesupport_fastrtps_cpp/mg400_msgs/action/detail/dds_fastrtps/joint_mov_j__type_support.cpp.o[0m
[ 84%] [32mBuilding CXX object CMakeFiles/mg400_msgs__rosidl_typesupport_introspection_cpp.dir/rosidl_typesupport_introspection_cpp/mg400_msgs/action/detail/mov_lio__type_support.cpp.o[0m
[ 85%] [32mBuilding CXX object CMakeFiles/mg400_msgs__rosidl_typesupport_fastrtps_c.dir/rosidl_typesupport_fastrtps_c/mg400_msgs/srv/detail/tool_di__type_support_c.cpp.o[0m
[ 85%] [32mBuilding CXX object CMakeFiles/mg400_msgs__rosidl_typesupport_fastrtps_c.dir/rosidl_typesupport_fastrtps_c/mg400_msgs/srv/detail/tool_do_execute__type_support_c.cpp.o[0m
[ 85%] [32mBuilding CXX object CMakeFiles/mg400_msgs__rosidl_typesupport_fastrtps_c.dir/rosidl_typesupport_fastrtps_c/mg400_msgs/srv/detail/user__type_support_c.cpp.o[0m
[ 85%] [32mBuilding CXX object CMakeFiles/mg400_msgs__rosidl_typesupport_fastrtps_cpp.dir/rosidl_typesupport_fastrtps_cpp/mg400_msgs/action/detail/dds_fastrtps/mov_j__type_support.cpp.o[0m
[ 86%] [32mBuilding CXX object CMakeFiles/mg400_msgs__rosidl_typesupport_fastrtps_cpp.dir/rosidl_typesupport_fastrtps_cpp/mg400_msgs/action/detail/dds_fastrtps/mov_jio__type_support.cpp.o[0m
[ 86%] [32mBuilding CXX object CMakeFiles/mg400_msgs__rosidl_typesupport_fastrtps_c.dir/rosidl_typesupport_fastrtps_c/mg400_msgs/action/detail/command_queue__type_support_c.cpp.o[0m
[ 86%] [32mBuilding CXX object CMakeFiles/mg400_msgs__rosidl_typesupport_fastrtps_c.dir/rosidl_typesupport_fastrtps_c/mg400_msgs/action/detail/joint_mov_j__type_support_c.cpp.o[0m
[ 86%] [32mBuilding CXX object CMakeFiles/mg400_msgs__rosidl_typesupport_fastrtps_cpp.dir/rosidl_typesupport_fastrtps_cpp/mg400_msgs/action/detail/dds_fastrtps/mov_l__type_support.cpp.o[0m
[ 87%] [32mBuilding CXX object CMakeFiles/mg400_msgs__rosidl_typesupport_fastrtps_c.dir/rosidl_typesupport_fastrtps_c/mg400_msgs/action/detail/mov_j__type_support_c.cpp.o[0m
[ 87%] [32mBuilding CXX object CMakeFiles/mg400_msgs__rosidl_typesupport_fastrtps_c.dir/rosidl_typesupport_fastrtps_c/mg400_msgs/action/detail/mov_jio__type_support_c.cpp.o[0m
[ 87%] [32mBuilding CXX object CMakeFiles/mg400_msgs__rosidl_typesupport_fastrtps_cpp.dir/rosidl_typesupport_fastrtps_cpp/mg400_msgs/action/detail/dds_fastrtps/mov_lio__type_support.cpp.o[0m
[ 87%] [32mBuilding CXX object CMakeFiles/mg400_msgs__rosidl_typesupport_fastrtps_c.dir/rosidl_typesupport_fastrtps_c/mg400_msgs/action/detail/mov_l__type_support_c.cpp.o[0m
[ 87%] [32mBuilding CXX object CMakeFiles/mg400_msgs__rosidl_typesupport_fastrtps_c.dir/rosidl_typesupport_fastrtps_c/mg400_msgs/action/detail/mov_lio__type_support_c.cpp.o[0m
[ 87%] [32m[1mLinking CXX shared library libmg400_msgs__rosidl_typesupport_introspection_cpp.so[0m
[ 88%] [32m[1mLinking CXX shared library libmg400_msgs__rosidl_typesupport_fastrtps_c.so[0m
[ 88%] Built target mg400_msgs__rosidl_typesupport_introspection_cpp
[ 88%] [32m[1mLinking CXX shared library libmg400_msgs__rosidl_typesupport_fastrtps_cpp.so[0m
[ 88%] Built target mg400_msgs__rosidl_typesupport_fastrtps_c
[ 88%] Built target mg400_msgs__rosidl_typesupport_fastrtps_cpp
[ 88%] Built target mg400_msgs
[ 88%] [34m[1mGenerating Python code for ROS interfaces[0m
[ 88%] Built target mg400_msgs__py
[ 89%] [32mBuilding C object CMakeFiles/mg400_msgs__rosidl_generator_py.dir/rosidl_generator_py/mg400_msgs/msg/_arch_s.c.o[0m
[ 89%] [32mBuilding C object CMakeFiles/mg400_msgs__rosidl_generator_py.dir/rosidl_generator_py/mg400_msgs/msg/_command_s.c.o[0m
[ 89%] [32mBuilding C object CMakeFiles/mg400_msgs__rosidl_generator_py.dir/rosidl_generator_py/mg400_msgs/msg/_do_index_s.c.o[0m
[ 89%] [32mBuilding C object CMakeFiles/mg400_msgs__rosidl_generator_py.dir/rosidl_generator_py/mg400_msgs/msg/_distance_mode_s.c.o[0m
[ 89%] [32mBuilding C object CMakeFiles/mg400_msgs__rosidl_generator_py.dir/rosidl_generator_py/mg400_msgs/msg/_collision_level_s.c.o[0m
[ 89%] [32mBuilding C object CMakeFiles/mg400_msgs__rosidl_generator_py.dir/rosidl_generator_py/mg400_msgs/msg/_error_id_s.c.o[0m
[ 90%] [32mBuilding C object CMakeFiles/mg400_msgs__rosidl_generator_py.dir/rosidl_generator_py/mg400_msgs/msg/_do_status_s.c.o[0m
[ 90%] [32mBuilding C object CMakeFiles/mg400_msgs__rosidl_generator_py.dir/rosidl_generator_py/mg400_msgs/msg/_id_array_s.c.o[0m
[ 90%] [32mBuilding C object CMakeFiles/mg400_msgs__rosidl_generator_py.dir/rosidl_generator_py/mg400_msgs/msg/_di_index_s.c.o[0m
[ 90%] [32mBuilding C object CMakeFiles/mg400_msgs__rosidl_generator_py.dir/rosidl_generator_py/mg400_msgs/msg/_joint_mov_j_s.c.o[0m
[ 90%] [32mBuilding C object CMakeFiles/mg400_msgs__rosidl_generator_py.dir/rosidl_generator_py/mg400_msgs/msg/_mov_jio_s.c.o[0m
[ 90%] [32mBuilding C object CMakeFiles/mg400_msgs__rosidl_generator_py.dir/rosidl_generator_py/mg400_msgs/msg/_mov_l_s.c.o[0m
[ 91%] [32mBuilding C object CMakeFiles/mg400_msgs__rosidl_generator_py.dir/rosidl_generator_py/mg400_msgs/msg/_mov_j_s.c.o[0m
[ 91%] [32mBuilding C object CMakeFiles/mg400_msgs__rosidl_generator_py.dir/rosidl_generator_py/mg400_msgs/msg/_mov_lio_s.c.o[0m
[ 92%] [32mBuilding C object CMakeFiles/mg400_msgs__rosidl_generator_py.dir/rosidl_generator_py/mg400_msgs/msg/_move_jog_s.c.o[0m
[ 92%] [32mBuilding C object CMakeFiles/mg400_msgs__rosidl_generator_py.dir/rosidl_generator_py/mg400_msgs/msg/_robot_mode_s.c.o[0m
[ 92%] [32mBuilding C object CMakeFiles/mg400_msgs__rosidl_generator_py.dir/rosidl_generator_py/mg400_msgs/msg/_tool_s.c.o[0m
[ 92%] [32mBuilding C object CMakeFiles/mg400_msgs__rosidl_generator_py.dir/rosidl_generator_py/mg400_msgs/msg/_tool_di_index_s.c.o[0m
[ 92%] [32mBuilding C object CMakeFiles/mg400_msgs__rosidl_generator_py.dir/rosidl_generator_py/mg400_msgs/msg/_tool_do_index_s.c.o[0m
[ 93%] [32mBuilding C object CMakeFiles/mg400_msgs__rosidl_generator_py.dir/rosidl_generator_py/mg400_msgs/msg/_user_s.c.o[0m
[ 93%] [32mBuilding C object CMakeFiles/mg400_msgs__rosidl_generator_py.dir/rosidl_generator_py/mg400_msgs/srv/_arch_s.c.o[0m
[ 93%] [32mBuilding C object CMakeFiles/mg400_msgs__rosidl_generator_py.dir/rosidl_generator_py/mg400_msgs/srv/_acc_j_s.c.o[0m
[ 93%] [32mBuilding C object CMakeFiles/mg400_msgs__rosidl_generator_py.dir/rosidl_generator_py/mg400_msgs/srv/_acc_l_s.c.o[0m
[ 93%] [32mBuilding C object CMakeFiles/mg400_msgs__rosidl_generator_py.dir/rosidl_generator_py/mg400_msgs/srv/_cp_s.c.o[0m
[ 94%] [32mBuilding C object CMakeFiles/mg400_msgs__rosidl_generator_py.dir/rosidl_generator_py/mg400_msgs/srv/_do_s.c.o[0m
[ 94%] [32mBuilding C object CMakeFiles/mg400_msgs__rosidl_generator_py.dir/rosidl_generator_py/mg400_msgs/srv/_disable_robot_s.c.o[0m
[ 94%] [32mBuilding C object CMakeFiles/mg400_msgs__rosidl_generator_py.dir/rosidl_generator_py/mg400_msgs/srv/_emergency_stop_s.c.o[0m
[ 94%] [32mBuilding C object CMakeFiles/mg400_msgs__rosidl_generator_py.dir/rosidl_generator_py/mg400_msgs/srv/_di_s.c.o[0m
[ 95%] [32mBuilding C object CMakeFiles/mg400_msgs__rosidl_generator_py.dir/rosidl_generator_py/mg400_msgs/srv/_clear_error_s.c.o[0m
[ 95%] [32mBuilding C object CMakeFiles/mg400_msgs__rosidl_generator_py.dir/rosidl_generator_py/mg400_msgs/srv/_enable_robot_s.c.o[0m
[ 95%] [32mBuilding C object CMakeFiles/mg400_msgs__rosidl_generator_py.dir/rosidl_generator_py/mg400_msgs/srv/_get_angle_s.c.o[0m
[ 95%] [32mBuilding C object CMakeFiles/mg400_msgs__rosidl_generator_py.dir/rosidl_generator_py/mg400_msgs/srv/_get_error_id_s.c.o[0m
[ 95%] [32mBuilding C object CMakeFiles/mg400_msgs__rosidl_generator_py.dir/rosidl_generator_py/mg400_msgs/srv/_get_pose_s.c.o[0m
[ 95%] [32mBuilding C object CMakeFiles/mg400_msgs__rosidl_generator_py.dir/rosidl_generator_py/mg400_msgs/srv/_joint_mov_j_s.c.o[0m
[ 97%] [32mBuilding C object CMakeFiles/mg400_msgs__rosidl_generator_py.dir/rosidl_generator_py/mg400_msgs/srv/_inverse_solution_s.c.o[0m
[ 97%] [32mBuilding C object CMakeFiles/mg400_msgs__rosidl_generator_py.dir/rosidl_generator_py/mg400_msgs/srv/_pay_load_s.c.o[0m
[ 97%] [32mBuilding C object CMakeFiles/mg400_msgs__rosidl_generator_py.dir/rosidl_generator_py/mg400_msgs/srv/_move_jog_s.c.o[0m
[ 97%] [32mBuilding C object CMakeFiles/mg400_msgs__rosidl_generator_py.dir/rosidl_generator_py/mg400_msgs/srv/_positive_solution_s.c.o[0m
[ 97%] [32mBuilding C object CMakeFiles/mg400_msgs__rosidl_generator_py.dir/rosidl_generator_py/mg400_msgs/srv/_reset_robot_s.c.o[0m
[ 97%] [32mBuilding C object CMakeFiles/mg400_msgs__rosidl_generator_py.dir/rosidl_generator_py/mg400_msgs/srv/_tool_di_s.c.o[0m
[ 98%] [32mBuilding C object CMakeFiles/mg400_msgs__rosidl_generator_py.dir/rosidl_generator_py/mg400_msgs/srv/_speed_j_s.c.o[0m
[ 98%] [32mBuilding C object CMakeFiles/mg400_msgs__rosidl_generator_py.dir/rosidl_generator_py/mg400_msgs/srv/_speed_l_s.c.o[0m
[ 98%] [32mBuilding C object CMakeFiles/mg400_msgs__rosidl_generator_py.dir/rosidl_generator_py/mg400_msgs/srv/_tool_s.c.o[0m
[ 98%] [32mBuilding C object CMakeFiles/mg400_msgs__rosidl_generator_py.dir/rosidl_generator_py/mg400_msgs/srv/_set_collision_level_s.c.o[0m
[ 98%] [32mBuilding C object CMakeFiles/mg400_msgs__rosidl_generator_py.dir/rosidl_generator_py/mg400_msgs/srv/_speed_factor_s.c.o[0m
[ 98%] [32mBuilding C object CMakeFiles/mg400_msgs__rosidl_generator_py.dir/rosidl_generator_py/mg400_msgs/srv/_robot_mode_s.c.o[0m
[ 99%] [32mBuilding C object CMakeFiles/mg400_msgs__rosidl_generator_py.dir/rosidl_generator_py/mg400_msgs/srv/_tool_do_execute_s.c.o[0m
[ 99%] [32mBuilding C object CMakeFiles/mg400_msgs__rosidl_generator_py.dir/rosidl_generator_py/mg400_msgs/srv/_user_s.c.o[0m
[ 99%] [32mBuilding C object CMakeFiles/mg400_msgs__rosidl_generator_py.dir/rosidl_generator_py/mg400_msgs/action/_command_queue_s.c.o[0m
[ 99%] [32mBuilding C object CMakeFiles/mg400_msgs__rosidl_generator_py.dir/rosidl_generator_py/mg400_msgs/action/_joint_mov_j_s.c.o[0m
[ 99%] [32mBuilding C object CMakeFiles/mg400_msgs__rosidl_generator_py.dir/rosidl_generator_py/mg400_msgs/action/_mov_j_s.c.o[0m
[100%] [32mBuilding C object CMakeFiles/mg400_msgs__rosidl_generator_py.dir/rosidl_generator_py/mg400_msgs/action/_mov_jio_s.c.o[0m
[100%] [32mBuilding C object CMakeFiles/mg400_msgs__rosidl_generator_py.dir/rosidl_generator_py/mg400_msgs/action/_mov_l_s.c.o[0m
[100%] [32mBuilding C object CMakeFiles/mg400_msgs__rosidl_generator_py.dir/rosidl_generator_py/mg400_msgs/action/_mov_lio_s.c.o[0m
[100%] [32m[1mLinking C shared library rosidl_generator_py/mg400_msgs/libmg400_msgs__rosidl_generator_py.so[0m
[100%] Built target mg400_msgs__rosidl_generator_py
[100%] [32mBuilding C object CMakeFiles/mg400_msgs__rosidl_typesupport_fastrtps_c__pyext.dir/rosidl_generator_py/mg400_msgs/_mg400_msgs_s.ep.rosidl_typesupport_fastrtps_c.c.o[0m
[100%] [32mBuilding C object CMakeFiles/mg400_msgs__rosidl_typesupport_c__pyext.dir/rosidl_generator_py/mg400_msgs/_mg400_msgs_s.ep.rosidl_typesupport_c.c.o[0m
[100%] [32mBuilding C object CMakeFiles/mg400_msgs__rosidl_typesupport_introspection_c__pyext.dir/rosidl_generator_py/mg400_msgs/_mg400_msgs_s.ep.rosidl_typesupport_introspection_c.c.o[0m
[100%] [32m[1mLinking C shared library rosidl_generator_py/mg400_msgs/mg400_msgs_s__rosidl_typesupport_introspection_c.cpython-310-x86_64-linux-gnu.so[0m
[100%] [32m[1mLinking C shared library rosidl_generator_py/mg400_msgs/mg400_msgs_s__rosidl_typesupport_fastrtps_c.cpython-310-x86_64-linux-gnu.so[0m
[100%] [32m[1mLinking C shared library rosidl_generator_py/mg400_msgs/mg400_msgs_s__rosidl_typesupport_c.cpython-310-x86_64-linux-gnu.so[0m
[100%] Built target mg400_msgs__rosidl_typesupport_introspection_c__pyext
[100%] Built target mg400_msgs__rosidl_typesupport_fastrtps_c__pyext
[100%] Built target mg400_msgs__rosidl_typesupport_c__pyext
-- Install configuration: ""
-- Execute custom install script
-- Symlinking: /root/ros2_ws/install/mg400_msgs/share/ament_index/resource_index/rosidl_interfaces/mg400_msgs
-- Symlinking: /root/ros2_ws/install/mg400_msgs/include/mg400_msgs/mg400_msgs/action/command_queue.h
-- Symlinking: /root/ros2_ws/install/mg400_msgs/include/mg400_msgs/mg400_msgs/action/detail/command_queue__functions.h
-- Symlinking: /root/ros2_ws/install/mg400_msgs/include/mg400_msgs/mg400_msgs/action/detail/command_queue__struct.h
-- Symlinking: /root/ros2_ws/install/mg400_msgs/include/mg400_msgs/mg400_msgs/action/detail/command_queue__type_support.h
-- Symlinking: /root/ros2_ws/install/mg400_msgs/include/mg400_msgs/mg400_msgs/action/detail/joint_mov_j__functions.h
-- Symlinking: /root/ros2_ws/install/mg400_msgs/include/mg400_msgs/mg400_msgs/action/detail/joint_mov_j__struct.h
-- Symlinking: /root/ros2_ws/install/mg400_msgs/include/mg400_msgs/mg400_msgs/action/detail/joint_mov_j__type_support.h
-- Symlinking: /root/ros2_ws/install/mg400_msgs/include/mg400_msgs/mg400_msgs/action/detail/mov_j__functions.h
-- Symlinking: /root/ros2_ws/install/mg400_msgs/include/mg400_msgs/mg400_msgs/action/detail/mov_j__struct.h
-- Symlinking: /root/ros2_ws/install/mg400_msgs/include/mg400_msgs/mg400_msgs/action/detail/mov_j__type_support.h
-- Symlinking: /root/ros2_ws/install/mg400_msgs/include/mg400_msgs/mg400_msgs/action/detail/mov_jio__functions.h
-- Symlinking: /root/ros2_ws/install/mg400_msgs/include/mg400_msgs/mg400_msgs/action/detail/mov_jio__struct.h
-- Symlinking: /root/ros2_ws/install/mg400_msgs/include/mg400_msgs/mg400_msgs/action/detail/mov_jio__type_support.h
-- Symlinking: /root/ros2_ws/install/mg400_msgs/include/mg400_msgs/mg400_msgs/action/detail/mov_l__functions.h
-- Symlinking: /root/ros2_ws/install/mg400_msgs/include/mg400_msgs/mg400_msgs/action/detail/mov_l__struct.h
-- Symlinking: /root/ros2_ws/install/mg400_msgs/include/mg400_msgs/mg400_msgs/action/detail/mov_l__type_support.h
-- Symlinking: /root/ros2_ws/install/mg400_msgs/include/mg400_msgs/mg400_msgs/action/detail/mov_lio__functions.h
-- Symlinking: /root/ros2_ws/install/mg400_msgs/include/mg400_msgs/mg400_msgs/action/detail/mov_lio__struct.h
-- Symlinking: /root/ros2_ws/install/mg400_msgs/include/mg400_msgs/mg400_msgs/action/detail/mov_lio__type_support.h
-- Symlinking: /root/ros2_ws/install/mg400_msgs/include/mg400_msgs/mg400_msgs/action/joint_mov_j.h
-- Symlinking: /root/ros2_ws/install/mg400_msgs/include/mg400_msgs/mg400_msgs/action/mov_j.h
-- Symlinking: /root/ros2_ws/install/mg400_msgs/include/mg400_msgs/mg400_msgs/action/mov_jio.h
-- Symlinking: /root/ros2_ws/install/mg400_msgs/include/mg400_msgs/mg400_msgs/action/mov_l.h
-- Symlinking: /root/ros2_ws/install/mg400_msgs/include/mg400_msgs/mg400_msgs/action/mov_lio.h
-- Symlinking: /root/ros2_ws/install/mg400_msgs/include/mg400_msgs/mg400_msgs/msg/arch.h
-- Symlinking: /root/ros2_ws/install/mg400_msgs/include/mg400_msgs/mg400_msgs/msg/collision_level.h
-- Symlinking: /root/ros2_ws/install/mg400_msgs/include/mg400_msgs/mg400_msgs/msg/command.h
-- Symlinking: /root/ros2_ws/install/mg400_msgs/include/mg400_msgs/mg400_msgs/msg/detail/arch__functions.h
-- Symlinking: /root/ros2_ws/install/mg400_msgs/include/mg400_msgs/mg400_msgs/msg/detail/arch__struct.h
-- Symlinking: /root/ros2_ws/install/mg400_msgs/include/mg400_msgs/mg400_msgs/msg/detail/arch__type_support.h
-- Symlinking: /root/ros2_ws/install/mg400_msgs/include/mg400_msgs/mg400_msgs/msg/detail/collision_level__functions.h
-- Symlinking: /root/ros2_ws/install/mg400_msgs/include/mg400_msgs/mg400_msgs/msg/detail/collision_level__struct.h
-- Symlinking: /root/ros2_ws/install/mg400_msgs/include/mg400_msgs/mg400_msgs/msg/detail/collision_level__type_support.h
-- Symlinking: /root/ros2_ws/install/mg400_msgs/include/mg400_msgs/mg400_msgs/msg/detail/command__functions.h
-- Symlinking: /root/ros2_ws/install/mg400_msgs/include/mg400_msgs/mg400_msgs/msg/detail/command__struct.h
-- Symlinking: /root/ros2_ws/install/mg400_msgs/include/mg400_msgs/mg400_msgs/msg/detail/command__type_support.h
-- Symlinking: /root/ros2_ws/install/mg400_msgs/include/mg400_msgs/mg400_msgs/msg/detail/di_index__functions.h
-- Symlinking: /root/ros2_ws/install/mg400_msgs/include/mg400_msgs/mg400_msgs/msg/detail/di_index__struct.h
-- Symlinking: /root/ros2_ws/install/mg400_msgs/include/mg400_msgs/mg400_msgs/msg/detail/di_index__type_support.h
-- Symlinking: /root/ros2_ws/install/mg400_msgs/include/mg400_msgs/mg400_msgs/msg/detail/distance_mode__functions.h
-- Symlinking: /root/ros2_ws/install/mg400_msgs/include/mg400_msgs/mg400_msgs/msg/detail/distance_mode__struct.h
-- Symlinking: /root/ros2_ws/install/mg400_msgs/include/mg400_msgs/mg400_msgs/msg/detail/distance_mode__type_support.h
-- Symlinking: /root/ros2_ws/install/mg400_msgs/include/mg400_msgs/mg400_msgs/msg/detail/do_index__functions.h
-- Symlinking: /root/ros2_ws/install/mg400_msgs/include/mg400_msgs/mg400_msgs/msg/detail/do_index__struct.h
-- Symlinking: /root/ros2_ws/install/mg400_msgs/include/mg400_msgs/mg400_msgs/msg/detail/do_index__type_support.h
-- Symlinking: /root/ros2_ws/install/mg400_msgs/include/mg400_msgs/mg400_msgs/msg/detail/do_status__functions.h
-- Symlinking: /root/ros2_ws/install/mg400_msgs/include/mg400_msgs/mg400_msgs/msg/detail/do_status__struct.h
-- Symlinking: /root/ros2_ws/install/mg400_msgs/include/mg400_msgs/mg400_msgs/msg/detail/do_status__type_support.h
-- Symlinking: /root/ros2_ws/install/mg400_msgs/include/mg400_msgs/mg400_msgs/msg/detail/error_id__functions.h
-- Symlinking: /root/ros2_ws/install/mg400_msgs/include/mg400_msgs/mg400_msgs/msg/detail/error_id__struct.h
-- Symlinking: /root/ros2_ws/install/mg400_msgs/include/mg400_msgs/mg400_msgs/msg/detail/error_id__type_support.h
-- Symlinking: /root/ros2_ws/install/mg400_msgs/include/mg400_msgs/mg400_msgs/msg/detail/id_array__functions.h
-- Symlinking: /root/ros2_ws/install/mg400_msgs/include/mg400_msgs/mg400_msgs/msg/detail/id_array__struct.h
-- Symlinking: /root/ros2_ws/install/mg400_msgs/include/mg400_msgs/mg400_msgs/msg/detail/id_array__type_support.h
-- Symlinking: /root/ros2_ws/install/mg400_msgs/include/mg400_msgs/mg400_msgs/msg/detail/joint_mov_j__functions.h
-- Symlinking: /root/ros2_ws/install/mg400_msgs/include/mg400_msgs/mg400_msgs/msg/detail/joint_mov_j__struct.h
-- Symlinking: /root/ros2_ws/install/mg400_msgs/include/mg400_msgs/mg400_msgs/msg/detail/joint_mov_j__type_support.h
-- Symlinking: /root/ros2_ws/install/mg400_msgs/include/mg400_msgs/mg400_msgs/msg/detail/mov_j__functions.h
-- Symlinking: /root/ros2_ws/install/mg400_msgs/include/mg400_msgs/mg400_msgs/msg/detail/mov_j__struct.h
-- Symlinking: /root/ros2_ws/install/mg400_msgs/include/mg400_msgs/mg400_msgs/msg/detail/mov_j__type_support.h
-- Symlinking: /root/ros2_ws/install/mg400_msgs/include/mg400_msgs/mg400_msgs/msg/detail/mov_jio__functions.h
-- Symlinking: /root/ros2_ws/install/mg400_msgs/include/mg400_msgs/mg400_msgs/msg/detail/mov_jio__struct.h
-- Symlinking: /root/ros2_ws/install/mg400_msgs/include/mg400_msgs/mg400_msgs/msg/detail/mov_jio__type_support.h
-- Symlinking: /root/ros2_ws/install/mg400_msgs/include/mg400_msgs/mg400_msgs/msg/detail/mov_l__functions.h
-- Symlinking: /root/ros2_ws/install/mg400_msgs/include/mg400_msgs/mg400_msgs/msg/detail/mov_l__struct.h
-- Symlinking: /root/ros2_ws/install/mg400_msgs/include/mg400_msgs/mg400_msgs/msg/detail/mov_l__type_support.h
-- Symlinking: /root/ros2_ws/install/mg400_msgs/include/mg400_msgs/mg400_msgs/msg/detail/mov_lio__functions.h
-- Symlinking: /root/ros2_ws/install/mg400_msgs/include/mg400_msgs/mg400_msgs/msg/detail/mov_lio__struct.h
-- Symlinking: /root/ros2_ws/install/mg400_msgs/include/mg400_msgs/mg400_msgs/msg/detail/mov_lio__type_support.h
-- Symlinking: /root/ros2_ws/install/mg400_msgs/include/mg400_msgs/mg400_msgs/msg/detail/move_jog__functions.h
-- Symlinking: /root/ros2_ws/install/mg400_msgs/include/mg400_msgs/mg400_msgs/msg/detail/move_jog__struct.h
-- Symlinking: /root/ros2_ws/install/mg400_msgs/include/mg400_msgs/mg400_msgs/msg/detail/move_jog__type_support.h
-- Symlinking: /root/ros2_ws/install/mg400_msgs/include/mg400_msgs/mg400_msgs/msg/detail/robot_mode__functions.h
-- Symlinking: /root/ros2_ws/install/mg400_msgs/include/mg400_msgs/mg400_msgs/msg/detail/robot_mode__struct.h
-- Symlinking: /root/ros2_ws/install/mg400_msgs/include/mg400_msgs/mg400_msgs/msg/detail/robot_mode__type_support.h
-- Symlinking: /root/ros2_ws/install/mg400_msgs/include/mg400_msgs/mg400_msgs/msg/detail/tool__functions.h
-- Symlinking: /root/ros2_ws/install/mg400_msgs/include/mg400_msgs/mg400_msgs/msg/detail/tool__struct.h
-- Symlinking: /root/ros2_ws/install/mg400_msgs/include/mg400_msgs/mg400_msgs/msg/detail/tool__type_support.h
-- Symlinking: /root/ros2_ws/install/mg400_msgs/include/mg400_msgs/mg400_msgs/msg/detail/tool_di_index__functions.h
-- Symlinking: /root/ros2_ws/install/mg400_msgs/include/mg400_msgs/mg400_msgs/msg/detail/tool_di_index__struct.h
-- Symlinking: /root/ros2_ws/install/mg400_msgs/include/mg400_msgs/mg400_msgs/msg/detail/tool_di_index__type_support.h
-- Symlinking: /root/ros2_ws/install/mg400_msgs/include/mg400_msgs/mg400_msgs/msg/detail/tool_do_index__functions.h
-- Symlinking: /root/ros2_ws/install/mg400_msgs/include/mg400_msgs/mg400_msgs/msg/detail/tool_do_index__struct.h
-- Symlinking: /root/ros2_ws/install/mg400_msgs/include/mg400_msgs/mg400_msgs/msg/detail/tool_do_index__type_support.h
-- Symlinking: /root/ros2_ws/install/mg400_msgs/include/mg400_msgs/mg400_msgs/msg/detail/user__functions.h
-- Symlinking: /root/ros2_ws/install/mg400_msgs/include/mg400_msgs/mg400_msgs/msg/detail/user__struct.h
-- Symlinking: /root/ros2_ws/install/mg400_msgs/include/mg400_msgs/mg400_msgs/msg/detail/user__type_support.h
-- Symlinking: /root/ros2_ws/install/mg400_msgs/include/mg400_msgs/mg400_msgs/msg/di_index.h
-- Symlinking: /root/ros2_ws/install/mg400_msgs/include/mg400_msgs/mg400_msgs/msg/distance_mode.h
-- Symlinking: /root/ros2_ws/install/mg400_msgs/include/mg400_msgs/mg400_msgs/msg/do_index.h
-- Symlinking: /root/ros2_ws/install/mg400_msgs/include/mg400_msgs/mg400_msgs/msg/do_status.h
-- Symlinking: /root/ros2_ws/install/mg400_msgs/include/mg400_msgs/mg400_msgs/msg/error_id.h
-- Symlinking: /root/ros2_ws/install/mg400_msgs/include/mg400_msgs/mg400_msgs/msg/id_array.h
-- Symlinking: /root/ros2_ws/install/mg400_msgs/include/mg400_msgs/mg400_msgs/msg/joint_mov_j.h
-- Symlinking: /root/ros2_ws/install/mg400_msgs/include/mg400_msgs/mg400_msgs/msg/mov_j.h
-- Symlinking: /root/ros2_ws/install/mg400_msgs/include/mg400_msgs/mg400_msgs/msg/mov_jio.h
-- Symlinking: /root/ros2_ws/install/mg400_msgs/include/mg400_msgs/mg400_msgs/msg/mov_l.h
-- Symlinking: /root/ros2_ws/install/mg400_msgs/include/mg400_msgs/mg400_msgs/msg/mov_lio.h
-- Symlinking: /root/ros2_ws/install/mg400_msgs/include/mg400_msgs/mg400_msgs/msg/move_jog.h
-- Symlinking: /root/ros2_ws/install/mg400_msgs/include/mg400_msgs/mg400_msgs/msg/robot_mode.h
-- Symlinking: /root/ros2_ws/install/mg400_msgs/include/mg400_msgs/mg400_msgs/msg/rosidl_generator_c__visibility_control.h
-- Symlinking: /root/ros2_ws/install/mg400_msgs/include/mg400_msgs/mg400_msgs/msg/tool.h
-- Symlinking: /root/ros2_ws/install/mg400_msgs/include/mg400_msgs/mg400_msgs/msg/tool_di_index.h
-- Symlinking: /root/ros2_ws/install/mg400_msgs/include/mg400_msgs/mg400_msgs/msg/tool_do_index.h
-- Symlinking: /root/ros2_ws/install/mg400_msgs/include/mg400_msgs/mg400_msgs/msg/user.h
-- Symlinking: /root/ros2_ws/install/mg400_msgs/include/mg400_msgs/mg400_msgs/srv/acc_j.h
-- Symlinking: /root/ros2_ws/install/mg400_msgs/include/mg400_msgs/mg400_msgs/srv/acc_l.h
-- Symlinking: /root/ros2_ws/install/mg400_msgs/include/mg400_msgs/mg400_msgs/srv/arch.h
-- Symlinking: /root/ros2_ws/install/mg400_msgs/include/mg400_msgs/mg400_msgs/srv/clear_error.h
-- Symlinking: /root/ros2_ws/install/mg400_msgs/include/mg400_msgs/mg400_msgs/srv/cp.h
-- Symlinking: /root/ros2_ws/install/mg400_msgs/include/mg400_msgs/mg400_msgs/srv/detail/acc_j__functions.h
-- Symlinking: /root/ros2_ws/install/mg400_msgs/include/mg400_msgs/mg400_msgs/srv/detail/acc_j__struct.h
-- Symlinking: /root/ros2_ws/install/mg400_msgs/include/mg400_msgs/mg400_msgs/srv/detail/acc_j__type_support.h
-- Symlinking: /root/ros2_ws/install/mg400_msgs/include/mg400_msgs/mg400_msgs/srv/detail/acc_l__functions.h
-- Symlinking: /root/ros2_ws/install/mg400_msgs/include/mg400_msgs/mg400_msgs/srv/detail/acc_l__struct.h
-- Symlinking: /root/ros2_ws/install/mg400_msgs/include/mg400_msgs/mg400_msgs/srv/detail/acc_l__type_support.h
-- Symlinking: /root/ros2_ws/install/mg400_msgs/include/mg400_msgs/mg400_msgs/srv/detail/arch__functions.h
-- Symlinking: /root/ros2_ws/install/mg400_msgs/include/mg400_msgs/mg400_msgs/srv/detail/arch__struct.h
-- Symlinking: /root/ros2_ws/install/mg400_msgs/include/mg400_msgs/mg400_msgs/srv/detail/arch__type_support.h
-- Symlinking: /root/ros2_ws/install/mg400_msgs/include/mg400_msgs/mg400_msgs/srv/detail/clear_error__functions.h
-- Symlinking: /root/ros2_ws/install/mg400_msgs/include/mg400_msgs/mg400_msgs/srv/detail/clear_error__struct.h
-- Symlinking: /root/ros2_ws/install/mg400_msgs/include/mg400_msgs/mg400_msgs/srv/detail/clear_error__type_support.h
-- Symlinking: /root/ros2_ws/install/mg400_msgs/include/mg400_msgs/mg400_msgs/srv/detail/cp__functions.h
-- Symlinking: /root/ros2_ws/install/mg400_msgs/include/mg400_msgs/mg400_msgs/srv/detail/cp__struct.h
-- Symlinking: /root/ros2_ws/install/mg400_msgs/include/mg400_msgs/mg400_msgs/srv/detail/cp__type_support.h
-- Symlinking: /root/ros2_ws/install/mg400_msgs/include/mg400_msgs/mg400_msgs/srv/detail/di__functions.h
-- Symlinking: /root/ros2_ws/install/mg400_msgs/include/mg400_msgs/mg400_msgs/srv/detail/di__struct.h
-- Symlinking: /root/ros2_ws/install/mg400_msgs/include/mg400_msgs/mg400_msgs/srv/detail/di__type_support.h
-- Symlinking: /root/ros2_ws/install/mg400_msgs/include/mg400_msgs/mg400_msgs/srv/detail/disable_robot__functions.h
-- Symlinking: /root/ros2_ws/install/mg400_msgs/include/mg400_msgs/mg400_msgs/srv/detail/disable_robot__struct.h
-- Symlinking: /root/ros2_ws/install/mg400_msgs/include/mg400_msgs/mg400_msgs/srv/detail/disable_robot__type_support.h
-- Symlinking: /root/ros2_ws/install/mg400_msgs/include/mg400_msgs/mg400_msgs/srv/detail/do__functions.h
-- Symlinking: /root/ros2_ws/install/mg400_msgs/include/mg400_msgs/mg400_msgs/srv/detail/do__struct.h
-- Symlinking: /root/ros2_ws/install/mg400_msgs/include/mg400_msgs/mg400_msgs/srv/detail/do__type_support.h
-- Symlinking: /root/ros2_ws/install/mg400_msgs/include/mg400_msgs/mg400_msgs/srv/detail/emergency_stop__functions.h
-- Symlinking: /root/ros2_ws/install/mg400_msgs/include/mg400_msgs/mg400_msgs/srv/detail/emergency_stop__struct.h
-- Symlinking: /root/ros2_ws/install/mg400_msgs/include/mg400_msgs/mg400_msgs/srv/detail/emergency_stop__type_support.h
-- Symlinking: /root/ros2_ws/install/mg400_msgs/include/mg400_msgs/mg400_msgs/srv/detail/enable_robot__functions.h
-- Symlinking: /root/ros2_ws/install/mg400_msgs/include/mg400_msgs/mg400_msgs/srv/detail/enable_robot__struct.h
-- Symlinking: /root/ros2_ws/install/mg400_msgs/include/mg400_msgs/mg400_msgs/srv/detail/enable_robot__type_support.h
-- Symlinking: /root/ros2_ws/install/mg400_msgs/include/mg400_msgs/mg400_msgs/srv/detail/get_angle__functions.h
-- Symlinking: /root/ros2_ws/install/mg400_msgs/include/mg400_msgs/mg400_msgs/srv/detail/get_angle__struct.h
-- Symlinking: /root/ros2_ws/install/mg400_msgs/include/mg400_msgs/mg400_msgs/srv/detail/get_angle__type_support.h
-- Symlinking: /root/ros2_ws/install/mg400_msgs/include/mg400_msgs/mg400_msgs/srv/detail/get_error_id__functions.h
-- Symlinking: /root/ros2_ws/install/mg400_msgs/include/mg400_msgs/mg400_msgs/srv/detail/get_error_id__struct.h
-- Symlinking: /root/ros2_ws/install/mg400_msgs/include/mg400_msgs/mg400_msgs/srv/detail/get_error_id__type_support.h
-- Symlinking: /root/ros2_ws/install/mg400_msgs/include/mg400_msgs/mg400_msgs/srv/detail/get_pose__functions.h
-- Symlinking: /root/ros2_ws/install/mg400_msgs/include/mg400_msgs/mg400_msgs/srv/detail/get_pose__struct.h
-- Symlinking: /root/ros2_ws/install/mg400_msgs/include/mg400_msgs/mg400_msgs/srv/detail/get_pose__type_support.h
-- Symlinking: /root/ros2_ws/install/mg400_msgs/include/mg400_msgs/mg400_msgs/srv/detail/inverse_solution__functions.h
-- Symlinking: /root/ros2_ws/install/mg400_msgs/include/mg400_msgs/mg400_msgs/srv/detail/inverse_solution__struct.h
-- Symlinking: /root/ros2_ws/install/mg400_msgs/include/mg400_msgs/mg400_msgs/srv/detail/inverse_solution__type_support.h
-- Symlinking: /root/ros2_ws/install/mg400_msgs/include/mg400_msgs/mg400_msgs/srv/detail/joint_mov_j__functions.h
-- Symlinking: /root/ros2_ws/install/mg400_msgs/include/mg400_msgs/mg400_msgs/srv/detail/joint_mov_j__struct.h
-- Symlinking: /root/ros2_ws/install/mg400_msgs/include/mg400_msgs/mg400_msgs/srv/detail/joint_mov_j__type_support.h
-- Symlinking: /root/ros2_ws/install/mg400_msgs/include/mg400_msgs/mg400_msgs/srv/detail/move_jog__functions.h
-- Symlinking: /root/ros2_ws/install/mg400_msgs/include/mg400_msgs/mg400_msgs/srv/detail/move_jog__struct.h
-- Symlinking: /root/ros2_ws/install/mg400_msgs/include/mg400_msgs/mg400_msgs/srv/detail/move_jog__type_support.h
-- Symlinking: /root/ros2_ws/install/mg400_msgs/include/mg400_msgs/mg400_msgs/srv/detail/pay_load__functions.h
-- Symlinking: /root/ros2_ws/install/mg400_msgs/include/mg400_msgs/mg400_msgs/srv/detail/pay_load__struct.h
-- Symlinking: /root/ros2_ws/install/mg400_msgs/include/mg400_msgs/mg400_msgs/srv/detail/pay_load__type_support.h
-- Symlinking: /root/ros2_ws/install/mg400_msgs/include/mg400_msgs/mg400_msgs/srv/detail/positive_solution__functions.h
-- Symlinking: /root/ros2_ws/install/mg400_msgs/include/mg400_msgs/mg400_msgs/srv/detail/positive_solution__struct.h
-- Symlinking: /root/ros2_ws/install/mg400_msgs/include/mg400_msgs/mg400_msgs/srv/detail/positive_solution__type_support.h
-- Symlinking: /root/ros2_ws/install/mg400_msgs/include/mg400_msgs/mg400_msgs/srv/detail/reset_robot__functions.h
-- Symlinking: /root/ros2_ws/install/mg400_msgs/include/mg400_msgs/mg400_msgs/srv/detail/reset_robot__struct.h
-- Symlinking: /root/ros2_ws/install/mg400_msgs/include/mg400_msgs/mg400_msgs/srv/detail/reset_robot__type_support.h
-- Symlinking: /root/ros2_ws/install/mg400_msgs/include/mg400_msgs/mg400_msgs/srv/detail/robot_mode__functions.h
-- Symlinking: /root/ros2_ws/install/mg400_msgs/include/mg400_msgs/mg400_msgs/srv/detail/robot_mode__struct.h
-- Symlinking: /root/ros2_ws/install/mg400_msgs/include/mg400_msgs/mg400_msgs/srv/detail/robot_mode__type_support.h
-- Symlinking: /root/ros2_ws/install/mg400_msgs/include/mg400_msgs/mg400_msgs/srv/detail/set_collision_level__functions.h
-- Symlinking: /root/ros2_ws/install/mg400_msgs/include/mg400_msgs/mg400_msgs/srv/detail/set_collision_level__struct.h
-- Symlinking: /root/ros2_ws/install/mg400_msgs/include/mg400_msgs/mg400_msgs/srv/detail/set_collision_level__type_support.h
-- Symlinking: /root/ros2_ws/install/mg400_msgs/include/mg400_msgs/mg400_msgs/srv/detail/speed_factor__functions.h
-- Symlinking: /root/ros2_ws/install/mg400_msgs/include/mg400_msgs/mg400_msgs/srv/detail/speed_factor__struct.h
-- Symlinking: /root/ros2_ws/install/mg400_msgs/include/mg400_msgs/mg400_msgs/srv/detail/speed_factor__type_support.h
-- Symlinking: /root/ros2_ws/install/mg400_msgs/include/mg400_msgs/mg400_msgs/srv/detail/speed_j__functions.h
-- Symlinking: /root/ros2_ws/install/mg400_msgs/include/mg400_msgs/mg400_msgs/srv/detail/speed_j__struct.h
-- Symlinking: /root/ros2_ws/install/mg400_msgs/include/mg400_msgs/mg400_msgs/srv/detail/speed_j__type_support.h
-- Symlinking: /root/ros2_ws/install/mg400_msgs/include/mg400_msgs/mg400_msgs/srv/detail/speed_l__functions.h
-- Symlinking: /root/ros2_ws/install/mg400_msgs/include/mg400_msgs/mg400_msgs/srv/detail/speed_l__struct.h
-- Symlinking: /root/ros2_ws/install/mg400_msgs/include/mg400_msgs/mg400_msgs/srv/detail/speed_l__type_support.h
-- Symlinking: /root/ros2_ws/install/mg400_msgs/include/mg400_msgs/mg400_msgs/srv/detail/tool__functions.h
-- Symlinking: /root/ros2_ws/install/mg400_msgs/include/mg400_msgs/mg400_msgs/srv/detail/tool__struct.h
-- Symlinking: /root/ros2_ws/install/mg400_msgs/include/mg400_msgs/mg400_msgs/srv/detail/tool__type_support.h
-- Symlinking: /root/ros2_ws/install/mg400_msgs/include/mg400_msgs/mg400_msgs/srv/detail/tool_di__functions.h
-- Symlinking: /root/ros2_ws/install/mg400_msgs/include/mg400_msgs/mg400_msgs/srv/detail/tool_di__struct.h
-- Symlinking: /root/ros2_ws/install/mg400_msgs/include/mg400_msgs/mg400_msgs/srv/detail/tool_di__type_support.h
-- Symlinking: /root/ros2_ws/install/mg400_msgs/include/mg400_msgs/mg400_msgs/srv/detail/tool_do_execute__functions.h
-- Symlinking: /root/ros2_ws/install/mg400_msgs/include/mg400_msgs/mg400_msgs/srv/detail/tool_do_execute__struct.h
-- Symlinking: /root/ros2_ws/install/mg400_msgs/include/mg400_msgs/mg400_msgs/srv/detail/tool_do_execute__type_support.h
-- Symlinking: /root/ros2_ws/install/mg400_msgs/include/mg400_msgs/mg400_msgs/srv/detail/user__functions.h
-- Symlinking: /root/ros2_ws/install/mg400_msgs/include/mg400_msgs/mg400_msgs/srv/detail/user__struct.h
-- Symlinking: /root/ros2_ws/install/mg400_msgs/include/mg400_msgs/mg400_msgs/srv/detail/user__type_support.h
-- Symlinking: /root/ros2_ws/install/mg400_msgs/include/mg400_msgs/mg400_msgs/srv/di.h
-- Symlinking: /root/ros2_ws/install/mg400_msgs/include/mg400_msgs/mg400_msgs/srv/disable_robot.h
-- Symlinking: /root/ros2_ws/install/mg400_msgs/include/mg400_msgs/mg400_msgs/srv/do.h
-- Symlinking: /root/ros2_ws/install/mg400_msgs/include/mg400_msgs/mg400_msgs/srv/emergency_stop.h
-- Symlinking: /root/ros2_ws/install/mg400_msgs/include/mg400_msgs/mg400_msgs/srv/enable_robot.h
-- Symlinking: /root/ros2_ws/install/mg400_msgs/include/mg400_msgs/mg400_msgs/srv/get_angle.h
-- Symlinking: /root/ros2_ws/install/mg400_msgs/include/mg400_msgs/mg400_msgs/srv/get_error_id.h
-- Symlinking: /root/ros2_ws/install/mg400_msgs/include/mg400_msgs/mg400_msgs/srv/get_pose.h
-- Symlinking: /root/ros2_ws/install/mg400_msgs/include/mg400_msgs/mg400_msgs/srv/inverse_solution.h
-- Symlinking: /root/ros2_ws/install/mg400_msgs/include/mg400_msgs/mg400_msgs/srv/joint_mov_j.h
-- Symlinking: /root/ros2_ws/install/mg400_msgs/include/mg400_msgs/mg400_msgs/srv/move_jog.h
-- Symlinking: /root/ros2_ws/install/mg400_msgs/include/mg400_msgs/mg400_msgs/srv/pay_load.h
-- Symlinking: /root/ros2_ws/install/mg400_msgs/include/mg400_msgs/mg400_msgs/srv/positive_solution.h
-- Symlinking: /root/ros2_ws/install/mg400_msgs/include/mg400_msgs/mg400_msgs/srv/reset_robot.h
-- Symlinking: /root/ros2_ws/install/mg400_msgs/include/mg400_msgs/mg400_msgs/srv/robot_mode.h
-- Symlinking: /root/ros2_ws/install/mg400_msgs/include/mg400_msgs/mg400_msgs/srv/set_collision_level.h
-- Symlinking: /root/ros2_ws/install/mg400_msgs/include/mg400_msgs/mg400_msgs/srv/speed_factor.h
-- Symlinking: /root/ros2_ws/install/mg400_msgs/include/mg400_msgs/mg400_msgs/srv/speed_j.h
-- Symlinking: /root/ros2_ws/install/mg400_msgs/include/mg400_msgs/mg400_msgs/srv/speed_l.h
-- Symlinking: /root/ros2_ws/install/mg400_msgs/include/mg400_msgs/mg400_msgs/srv/tool.h
-- Symlinking: /root/ros2_ws/install/mg400_msgs/include/mg400_msgs/mg400_msgs/srv/tool_di.h
-- Symlinking: /root/ros2_ws/install/mg400_msgs/include/mg400_msgs/mg400_msgs/srv/tool_do_execute.h
-- Symlinking: /root/ros2_ws/install/mg400_msgs/include/mg400_msgs/mg400_msgs/srv/user.h
-- Symlinking: /root/ros2_ws/install/mg400_msgs/share/mg400_msgs/environment/library_path.sh
-- Symlinking: /root/ros2_ws/install/mg400_msgs/share/mg400_msgs/environment/library_path.dsv
-- Symlinking: /root/ros2_ws/install/mg400_msgs/include/mg400_msgs/mg400_msgs/action/detail/command_queue__rosidl_typesupport_fastrtps_c.h
-- Symlinking: /root/ros2_ws/install/mg400_msgs/include/mg400_msgs/mg400_msgs/action/detail/joint_mov_j__rosidl_typesupport_fastrtps_c.h
-- Symlinking: /root/ros2_ws/install/mg400_msgs/include/mg400_msgs/mg400_msgs/action/detail/mov_j__rosidl_typesupport_fastrtps_c.h
-- Symlinking: /root/ros2_ws/install/mg400_msgs/include/mg400_msgs/mg400_msgs/action/detail/mov_jio__rosidl_typesupport_fastrtps_c.h
-- Symlinking: /root/ros2_ws/install/mg400_msgs/include/mg400_msgs/mg400_msgs/action/detail/mov_l__rosidl_typesupport_fastrtps_c.h
-- Symlinking: /root/ros2_ws/install/mg400_msgs/include/mg400_msgs/mg400_msgs/action/detail/mov_lio__rosidl_typesupport_fastrtps_c.h
-- Symlinking: /root/ros2_ws/install/mg400_msgs/include/mg400_msgs/mg400_msgs/msg/detail/arch__rosidl_typesupport_fastrtps_c.h
-- Symlinking: /root/ros2_ws/install/mg400_msgs/include/mg400_msgs/mg400_msgs/msg/detail/collision_level__rosidl_typesupport_fastrtps_c.h
-- Symlinking: /root/ros2_ws/install/mg400_msgs/include/mg400_msgs/mg400_msgs/msg/detail/command__rosidl_typesupport_fastrtps_c.h
-- Symlinking: /root/ros2_ws/install/mg400_msgs/include/mg400_msgs/mg400_msgs/msg/detail/di_index__rosidl_typesupport_fastrtps_c.h
-- Symlinking: /root/ros2_ws/install/mg400_msgs/include/mg400_msgs/mg400_msgs/msg/detail/distance_mode__rosidl_typesupport_fastrtps_c.h
-- Symlinking: /root/ros2_ws/install/mg400_msgs/include/mg400_msgs/mg400_msgs/msg/detail/do_index__rosidl_typesupport_fastrtps_c.h
-- Symlinking: /root/ros2_ws/install/mg400_msgs/include/mg400_msgs/mg400_msgs/msg/detail/do_status__rosidl_typesupport_fastrtps_c.h
-- Symlinking: /root/ros2_ws/install/mg400_msgs/include/mg400_msgs/mg400_msgs/msg/detail/error_id__rosidl_typesupport_fastrtps_c.h
-- Symlinking: /root/ros2_ws/install/mg400_msgs/include/mg400_msgs/mg400_msgs/msg/detail/id_array__rosidl_typesupport_fastrtps_c.h
-- Symlinking: /root/ros2_ws/install/mg400_msgs/include/mg400_msgs/mg400_msgs/msg/detail/joint_mov_j__rosidl_typesupport_fastrtps_c.h
-- Symlinking: /root/ros2_ws/install/mg400_msgs/include/mg400_msgs/mg400_msgs/msg/detail/mov_j__rosidl_typesupport_fastrtps_c.h
-- Symlinking: /root/ros2_ws/install/mg400_msgs/include/mg400_msgs/mg400_msgs/msg/detail/mov_jio__rosidl_typesupport_fastrtps_c.h
-- Symlinking: /root/ros2_ws/install/mg400_msgs/include/mg400_msgs/mg400_msgs/msg/detail/mov_l__rosidl_typesupport_fastrtps_c.h
-- Symlinking: /root/ros2_ws/install/mg400_msgs/include/mg400_msgs/mg400_msgs/msg/detail/mov_lio__rosidl_typesupport_fastrtps_c.h
-- Symlinking: /root/ros2_ws/install/mg400_msgs/include/mg400_msgs/mg400_msgs/msg/detail/move_jog__rosidl_typesupport_fastrtps_c.h
-- Symlinking: /root/ros2_ws/install/mg400_msgs/include/mg400_msgs/mg400_msgs/msg/detail/robot_mode__rosidl_typesupport_fastrtps_c.h
-- Symlinking: /root/ros2_ws/install/mg400_msgs/include/mg400_msgs/mg400_msgs/msg/detail/tool__rosidl_typesupport_fastrtps_c.h
-- Symlinking: /root/ros2_ws/install/mg400_msgs/include/mg400_msgs/mg400_msgs/msg/detail/tool_di_index__rosidl_typesupport_fastrtps_c.h
-- Symlinking: /root/ros2_ws/install/mg400_msgs/include/mg400_msgs/mg400_msgs/msg/detail/tool_do_index__rosidl_typesupport_fastrtps_c.h
-- Symlinking: /root/ros2_ws/install/mg400_msgs/include/mg400_msgs/mg400_msgs/msg/detail/user__rosidl_typesupport_fastrtps_c.h
-- Symlinking: /root/ros2_ws/install/mg400_msgs/include/mg400_msgs/mg400_msgs/msg/rosidl_typesupport_fastrtps_c__visibility_control.h
-- Symlinking: /root/ros2_ws/install/mg400_msgs/include/mg400_msgs/mg400_msgs/srv/detail/acc_j__rosidl_typesupport_fastrtps_c.h
-- Symlinking: /root/ros2_ws/install/mg400_msgs/include/mg400_msgs/mg400_msgs/srv/detail/acc_l__rosidl_typesupport_fastrtps_c.h
-- Symlinking: /root/ros2_ws/install/mg400_msgs/include/mg400_msgs/mg400_msgs/srv/detail/arch__rosidl_typesupport_fastrtps_c.h
-- Symlinking: /root/ros2_ws/install/mg400_msgs/include/mg400_msgs/mg400_msgs/srv/detail/clear_error__rosidl_typesupport_fastrtps_c.h
-- Symlinking: /root/ros2_ws/install/mg400_msgs/include/mg400_msgs/mg400_msgs/srv/detail/cp__rosidl_typesupport_fastrtps_c.h
-- Symlinking: /root/ros2_ws/install/mg400_msgs/include/mg400_msgs/mg400_msgs/srv/detail/di__rosidl_typesupport_fastrtps_c.h
-- Symlinking: /root/ros2_ws/install/mg400_msgs/include/mg400_msgs/mg400_msgs/srv/detail/disable_robot__rosidl_typesupport_fastrtps_c.h
-- Symlinking: /root/ros2_ws/install/mg400_msgs/include/mg400_msgs/mg400_msgs/srv/detail/do__rosidl_typesupport_fastrtps_c.h
-- Symlinking: /root/ros2_ws/install/mg400_msgs/include/mg400_msgs/mg400_msgs/srv/detail/emergency_stop__rosidl_typesupport_fastrtps_c.h
-- Symlinking: /root/ros2_ws/install/mg400_msgs/include/mg400_msgs/mg400_msgs/srv/detail/enable_robot__rosidl_typesupport_fastrtps_c.h
-- Symlinking: /root/ros2_ws/install/mg400_msgs/include/mg400_msgs/mg400_msgs/srv/detail/get_angle__rosidl_typesupport_fastrtps_c.h
-- Symlinking: /root/ros2_ws/install/mg400_msgs/include/mg400_msgs/mg400_msgs/srv/detail/get_error_id__rosidl_typesupport_fastrtps_c.h
-- Symlinking: /root/ros2_ws/install/mg400_msgs/include/mg400_msgs/mg400_msgs/srv/detail/get_pose__rosidl_typesupport_fastrtps_c.h
-- Symlinking: /root/ros2_ws/install/mg400_msgs/include/mg400_msgs/mg400_msgs/srv/detail/inverse_solution__rosidl_typesupport_fastrtps_c.h
-- Symlinking: /root/ros2_ws/install/mg400_msgs/include/mg400_msgs/mg400_msgs/srv/detail/joint_mov_j__rosidl_typesupport_fastrtps_c.h
-- Symlinking: /root/ros2_ws/install/mg400_msgs/include/mg400_msgs/mg400_msgs/srv/detail/move_jog__rosidl_typesupport_fastrtps_c.h
-- Symlinking: /root/ros2_ws/install/mg400_msgs/include/mg400_msgs/mg400_msgs/srv/detail/pay_load__rosidl_typesupport_fastrtps_c.h
-- Symlinking: /root/ros2_ws/install/mg400_msgs/include/mg400_msgs/mg400_msgs/srv/detail/positive_solution__rosidl_typesupport_fastrtps_c.h
-- Symlinking: /root/ros2_ws/install/mg400_msgs/include/mg400_msgs/mg400_msgs/srv/detail/reset_robot__rosidl_typesupport_fastrtps_c.h
-- Symlinking: /root/ros2_ws/install/mg400_msgs/include/mg400_msgs/mg400_msgs/srv/detail/robot_mode__rosidl_typesupport_fastrtps_c.h
-- Symlinking: /root/ros2_ws/install/mg400_msgs/include/mg400_msgs/mg400_msgs/srv/detail/set_collision_level__rosidl_typesupport_fastrtps_c.h
-- Symlinking: /root/ros2_ws/install/mg400_msgs/include/mg400_msgs/mg400_msgs/srv/detail/speed_factor__rosidl_typesupport_fastrtps_c.h
-- Symlinking: /root/ros2_ws/install/mg400_msgs/include/mg400_msgs/mg400_msgs/srv/detail/speed_j__rosidl_typesupport_fastrtps_c.h
-- Symlinking: /root/ros2_ws/install/mg400_msgs/include/mg400_msgs/mg400_msgs/srv/detail/speed_l__rosidl_typesupport_fastrtps_c.h
-- Symlinking: /root/ros2_ws/install/mg400_msgs/include/mg400_msgs/mg400_msgs/srv/detail/tool__rosidl_typesupport_fastrtps_c.h
-- Symlinking: /root/ros2_ws/install/mg400_msgs/include/mg400_msgs/mg400_msgs/srv/detail/tool_di__rosidl_typesupport_fastrtps_c.h
-- Symlinking: /root/ros2_ws/install/mg400_msgs/include/mg400_msgs/mg400_msgs/srv/detail/tool_do_execute__rosidl_typesupport_fastrtps_c.h
-- Symlinking: /root/ros2_ws/install/mg400_msgs/include/mg400_msgs/mg400_msgs/srv/detail/user__rosidl_typesupport_fastrtps_c.h
-- Symlinking: /root/ros2_ws/install/mg400_msgs/include/mg400_msgs/mg400_msgs/action/command_queue.hpp
-- Symlinking: /root/ros2_ws/install/mg400_msgs/include/mg400_msgs/mg400_msgs/action/detail/command_queue__builder.hpp
-- Symlinking: /root/ros2_ws/install/mg400_msgs/include/mg400_msgs/mg400_msgs/action/detail/command_queue__struct.hpp
-- Symlinking: /root/ros2_ws/install/mg400_msgs/include/mg400_msgs/mg400_msgs/action/detail/command_queue__traits.hpp
-- Symlinking: /root/ros2_ws/install/mg400_msgs/include/mg400_msgs/mg400_msgs/action/detail/command_queue__type_support.hpp
-- Symlinking: /root/ros2_ws/install/mg400_msgs/include/mg400_msgs/mg400_msgs/action/detail/joint_mov_j__builder.hpp
-- Symlinking: /root/ros2_ws/install/mg400_msgs/include/mg400_msgs/mg400_msgs/action/detail/joint_mov_j__struct.hpp
-- Symlinking: /root/ros2_ws/install/mg400_msgs/include/mg400_msgs/mg400_msgs/action/detail/joint_mov_j__traits.hpp
-- Symlinking: /root/ros2_ws/install/mg400_msgs/include/mg400_msgs/mg400_msgs/action/detail/joint_mov_j__type_support.hpp
-- Symlinking: /root/ros2_ws/install/mg400_msgs/include/mg400_msgs/mg400_msgs/action/detail/mov_j__builder.hpp
-- Symlinking: /root/ros2_ws/install/mg400_msgs/include/mg400_msgs/mg400_msgs/action/detail/mov_j__struct.hpp
-- Symlinking: /root/ros2_ws/install/mg400_msgs/include/mg400_msgs/mg400_msgs/action/detail/mov_j__traits.hpp
-- Symlinking: /root/ros2_ws/install/mg400_msgs/include/mg400_msgs/mg400_msgs/action/detail/mov_j__type_support.hpp
-- Symlinking: /root/ros2_ws/install/mg400_msgs/include/mg400_msgs/mg400_msgs/action/detail/mov_jio__builder.hpp
-- Symlinking: /root/ros2_ws/install/mg400_msgs/include/mg400_msgs/mg400_msgs/action/detail/mov_jio__struct.hpp
-- Symlinking: /root/ros2_ws/install/mg400_msgs/include/mg400_msgs/mg400_msgs/action/detail/mov_jio__traits.hpp
-- Symlinking: /root/ros2_ws/install/mg400_msgs/include/mg400_msgs/mg400_msgs/action/detail/mov_jio__type_support.hpp
-- Symlinking: /root/ros2_ws/install/mg400_msgs/include/mg400_msgs/mg400_msgs/action/detail/mov_l__builder.hpp
-- Symlinking: /root/ros2_ws/install/mg400_msgs/include/mg400_msgs/mg400_msgs/action/detail/mov_l__struct.hpp
-- Symlinking: /root/ros2_ws/install/mg400_msgs/include/mg400_msgs/mg400_msgs/action/detail/mov_l__traits.hpp
-- Symlinking: /root/ros2_ws/install/mg400_msgs/include/mg400_msgs/mg400_msgs/action/detail/mov_l__type_support.hpp
-- Symlinking: /root/ros2_ws/install/mg400_msgs/include/mg400_msgs/mg400_msgs/action/detail/mov_lio__builder.hpp
-- Symlinking: /root/ros2_ws/install/mg400_msgs/include/mg400_msgs/mg400_msgs/action/detail/mov_lio__struct.hpp
-- Symlinking: /root/ros2_ws/install/mg400_msgs/include/mg400_msgs/mg400_msgs/action/detail/mov_lio__traits.hpp
-- Symlinking: /root/ros2_ws/install/mg400_msgs/include/mg400_msgs/mg400_msgs/action/detail/mov_lio__type_support.hpp
-- Symlinking: /root/ros2_ws/install/mg400_msgs/include/mg400_msgs/mg400_msgs/action/joint_mov_j.hpp
-- Symlinking: /root/ros2_ws/install/mg400_msgs/include/mg400_msgs/mg400_msgs/action/mov_j.hpp
-- Symlinking: /root/ros2_ws/install/mg400_msgs/include/mg400_msgs/mg400_msgs/action/mov_jio.hpp
-- Symlinking: /root/ros2_ws/install/mg400_msgs/include/mg400_msgs/mg400_msgs/action/mov_l.hpp
-- Symlinking: /root/ros2_ws/install/mg400_msgs/include/mg400_msgs/mg400_msgs/action/mov_lio.hpp
-- Symlinking: /root/ros2_ws/install/mg400_msgs/include/mg400_msgs/mg400_msgs/msg/arch.hpp
-- Symlinking: /root/ros2_ws/install/mg400_msgs/include/mg400_msgs/mg400_msgs/msg/collision_level.hpp
-- Symlinking: /root/ros2_ws/install/mg400_msgs/include/mg400_msgs/mg400_msgs/msg/command.hpp
-- Symlinking: /root/ros2_ws/install/mg400_msgs/include/mg400_msgs/mg400_msgs/msg/detail/arch__builder.hpp
-- Symlinking: /root/ros2_ws/install/mg400_msgs/include/mg400_msgs/mg400_msgs/msg/detail/arch__struct.hpp
-- Symlinking: /root/ros2_ws/install/mg400_msgs/include/mg400_msgs/mg400_msgs/msg/detail/arch__traits.hpp
-- Symlinking: /root/ros2_ws/install/mg400_msgs/include/mg400_msgs/mg400_msgs/msg/detail/arch__type_support.hpp
-- Symlinking: /root/ros2_ws/install/mg400_msgs/include/mg400_msgs/mg400_msgs/msg/detail/collision_level__builder.hpp
-- Symlinking: /root/ros2_ws/install/mg400_msgs/include/mg400_msgs/mg400_msgs/msg/detail/collision_level__struct.hpp
-- Symlinking: /root/ros2_ws/install/mg400_msgs/include/mg400_msgs/mg400_msgs/msg/detail/collision_level__traits.hpp
-- Symlinking: /root/ros2_ws/install/mg400_msgs/include/mg400_msgs/mg400_msgs/msg/detail/collision_level__type_support.hpp
-- Symlinking: /root/ros2_ws/install/mg400_msgs/include/mg400_msgs/mg400_msgs/msg/detail/command__builder.hpp
-- Symlinking: /root/ros2_ws/install/mg400_msgs/include/mg400_msgs/mg400_msgs/msg/detail/command__struct.hpp
-- Symlinking: /root/ros2_ws/install/mg400_msgs/include/mg400_msgs/mg400_msgs/msg/detail/command__traits.hpp
-- Symlinking: /root/ros2_ws/install/mg400_msgs/include/mg400_msgs/mg400_msgs/msg/detail/command__type_support.hpp
-- Symlinking: /root/ros2_ws/install/mg400_msgs/include/mg400_msgs/mg400_msgs/msg/detail/di_index__builder.hpp
-- Symlinking: /root/ros2_ws/install/mg400_msgs/include/mg400_msgs/mg400_msgs/msg/detail/di_index__struct.hpp
-- Symlinking: /root/ros2_ws/install/mg400_msgs/include/mg400_msgs/mg400_msgs/msg/detail/di_index__traits.hpp
-- Symlinking: /root/ros2_ws/install/mg400_msgs/include/mg400_msgs/mg400_msgs/msg/detail/di_index__type_support.hpp
-- Symlinking: /root/ros2_ws/install/mg400_msgs/include/mg400_msgs/mg400_msgs/msg/detail/distance_mode__builder.hpp
-- Symlinking: /root/ros2_ws/install/mg400_msgs/include/mg400_msgs/mg400_msgs/msg/detail/distance_mode__struct.hpp
-- Symlinking: /root/ros2_ws/install/mg400_msgs/include/mg400_msgs/mg400_msgs/msg/detail/distance_mode__traits.hpp
-- Symlinking: /root/ros2_ws/install/mg400_msgs/include/mg400_msgs/mg400_msgs/msg/detail/distance_mode__type_support.hpp
-- Symlinking: /root/ros2_ws/install/mg400_msgs/include/mg400_msgs/mg400_msgs/msg/detail/do_index__builder.hpp
-- Symlinking: /root/ros2_ws/install/mg400_msgs/include/mg400_msgs/mg400_msgs/msg/detail/do_index__struct.hpp
-- Symlinking: /root/ros2_ws/install/mg400_msgs/include/mg400_msgs/mg400_msgs/msg/detail/do_index__traits.hpp
-- Symlinking: /root/ros2_ws/install/mg400_msgs/include/mg400_msgs/mg400_msgs/msg/detail/do_index__type_support.hpp
-- Symlinking: /root/ros2_ws/install/mg400_msgs/include/mg400_msgs/mg400_msgs/msg/detail/do_status__builder.hpp
-- Symlinking: /root/ros2_ws/install/mg400_msgs/include/mg400_msgs/mg400_msgs/msg/detail/do_status__struct.hpp
-- Symlinking: /root/ros2_ws/install/mg400_msgs/include/mg400_msgs/mg400_msgs/msg/detail/do_status__traits.hpp
-- Symlinking: /root/ros2_ws/install/mg400_msgs/include/mg400_msgs/mg400_msgs/msg/detail/do_status__type_support.hpp
-- Symlinking: /root/ros2_ws/install/mg400_msgs/include/mg400_msgs/mg400_msgs/msg/detail/error_id__builder.hpp
-- Symlinking: /root/ros2_ws/install/mg400_msgs/include/mg400_msgs/mg400_msgs/msg/detail/error_id__struct.hpp
-- Symlinking: /root/ros2_ws/install/mg400_msgs/include/mg400_msgs/mg400_msgs/msg/detail/error_id__traits.hpp
-- Symlinking: /root/ros2_ws/install/mg400_msgs/include/mg400_msgs/mg400_msgs/msg/detail/error_id__type_support.hpp
-- Symlinking: /root/ros2_ws/install/mg400_msgs/include/mg400_msgs/mg400_msgs/msg/detail/id_array__builder.hpp
-- Symlinking: /root/ros2_ws/install/mg400_msgs/include/mg400_msgs/mg400_msgs/msg/detail/id_array__struct.hpp
-- Symlinking: /root/ros2_ws/install/mg400_msgs/include/mg400_msgs/mg400_msgs/msg/detail/id_array__traits.hpp
-- Symlinking: /root/ros2_ws/install/mg400_msgs/include/mg400_msgs/mg400_msgs/msg/detail/id_array__type_support.hpp
-- Symlinking: /root/ros2_ws/install/mg400_msgs/include/mg400_msgs/mg400_msgs/msg/detail/joint_mov_j__builder.hpp
-- Symlinking: /root/ros2_ws/install/mg400_msgs/include/mg400_msgs/mg400_msgs/msg/detail/joint_mov_j__struct.hpp
-- Symlinking: /root/ros2_ws/install/mg400_msgs/include/mg400_msgs/mg400_msgs/msg/detail/joint_mov_j__traits.hpp
-- Symlinking: /root/ros2_ws/install/mg400_msgs/include/mg400_msgs/mg400_msgs/msg/detail/joint_mov_j__type_support.hpp
-- Symlinking: /root/ros2_ws/install/mg400_msgs/include/mg400_msgs/mg400_msgs/msg/detail/mov_j__builder.hpp
-- Symlinking: /root/ros2_ws/install/mg400_msgs/include/mg400_msgs/mg400_msgs/msg/detail/mov_j__struct.hpp
-- Symlinking: /root/ros2_ws/install/mg400_msgs/include/mg400_msgs/mg400_msgs/msg/detail/mov_j__traits.hpp
-- Symlinking: /root/ros2_ws/install/mg400_msgs/include/mg400_msgs/mg400_msgs/msg/detail/mov_j__type_support.hpp
-- Symlinking: /root/ros2_ws/install/mg400_msgs/include/mg400_msgs/mg400_msgs/msg/detail/mov_jio__builder.hpp
-- Symlinking: /root/ros2_ws/install/mg400_msgs/include/mg400_msgs/mg400_msgs/msg/detail/mov_jio__struct.hpp
-- Symlinking: /root/ros2_ws/install/mg400_msgs/include/mg400_msgs/mg400_msgs/msg/detail/mov_jio__traits.hpp
-- Symlinking: /root/ros2_ws/install/mg400_msgs/include/mg400_msgs/mg400_msgs/msg/detail/mov_jio__type_support.hpp
-- Symlinking: /root/ros2_ws/install/mg400_msgs/include/mg400_msgs/mg400_msgs/msg/detail/mov_l__builder.hpp
-- Symlinking: /root/ros2_ws/install/mg400_msgs/include/mg400_msgs/mg400_msgs/msg/detail/mov_l__struct.hpp
-- Symlinking: /root/ros2_ws/install/mg400_msgs/include/mg400_msgs/mg400_msgs/msg/detail/mov_l__traits.hpp
-- Symlinking: /root/ros2_ws/install/mg400_msgs/include/mg400_msgs/mg400_msgs/msg/detail/mov_l__type_support.hpp
-- Symlinking: /root/ros2_ws/install/mg400_msgs/include/mg400_msgs/mg400_msgs/msg/detail/mov_lio__builder.hpp
-- Symlinking: /root/ros2_ws/install/mg400_msgs/include/mg400_msgs/mg400_msgs/msg/detail/mov_lio__struct.hpp
-- Symlinking: /root/ros2_ws/install/mg400_msgs/include/mg400_msgs/mg400_msgs/msg/detail/mov_lio__traits.hpp
-- Symlinking: /root/ros2_ws/install/mg400_msgs/include/mg400_msgs/mg400_msgs/msg/detail/mov_lio__type_support.hpp
-- Symlinking: /root/ros2_ws/install/mg400_msgs/include/mg400_msgs/mg400_msgs/msg/detail/move_jog__builder.hpp
-- Symlinking: /root/ros2_ws/install/mg400_msgs/include/mg400_msgs/mg400_msgs/msg/detail/move_jog__struct.hpp
-- Symlinking: /root/ros2_ws/install/mg400_msgs/include/mg400_msgs/mg400_msgs/msg/detail/move_jog__traits.hpp
-- Symlinking: /root/ros2_ws/install/mg400_msgs/include/mg400_msgs/mg400_msgs/msg/detail/move_jog__type_support.hpp
-- Symlinking: /root/ros2_ws/install/mg400_msgs/include/mg400_msgs/mg400_msgs/msg/detail/robot_mode__builder.hpp
-- Symlinking: /root/ros2_ws/install/mg400_msgs/include/mg400_msgs/mg400_msgs/msg/detail/robot_mode__struct.hpp
-- Symlinking: /root/ros2_ws/install/mg400_msgs/include/mg400_msgs/mg400_msgs/msg/detail/robot_mode__traits.hpp
-- Symlinking: /root/ros2_ws/install/mg400_msgs/include/mg400_msgs/mg400_msgs/msg/detail/robot_mode__type_support.hpp
-- Symlinking: /root/ros2_ws/install/mg400_msgs/include/mg400_msgs/mg400_msgs/msg/detail/tool__builder.hpp
-- Symlinking: /root/ros2_ws/install/mg400_msgs/include/mg400_msgs/mg400_msgs/msg/detail/tool__struct.hpp
-- Symlinking: /root/ros2_ws/install/mg400_msgs/include/mg400_msgs/mg400_msgs/msg/detail/tool__traits.hpp
-- Symlinking: /root/ros2_ws/install/mg400_msgs/include/mg400_msgs/mg400_msgs/msg/detail/tool__type_support.hpp
-- Symlinking: /root/ros2_ws/install/mg400_msgs/include/mg400_msgs/mg400_msgs/msg/detail/tool_di_index__builder.hpp
-- Symlinking: /root/ros2_ws/install/mg400_msgs/include/mg400_msgs/mg400_msgs/msg/detail/tool_di_index__struct.hpp
-- Symlinking: /root/ros2_ws/install/mg400_msgs/include/mg400_msgs/mg400_msgs/msg/detail/tool_di_index__traits.hpp
-- Symlinking: /root/ros2_ws/install/mg400_msgs/include/mg400_msgs/mg400_msgs/msg/detail/tool_di_index__type_support.hpp
-- Symlinking: /root/ros2_ws/install/mg400_msgs/include/mg400_msgs/mg400_msgs/msg/detail/tool_do_index__builder.hpp
-- Symlinking: /root/ros2_ws/install/mg400_msgs/include/mg400_msgs/mg400_msgs/msg/detail/tool_do_index__struct.hpp
-- Symlinking: /root/ros2_ws/install/mg400_msgs/include/mg400_msgs/mg400_msgs/msg/detail/tool_do_index__traits.hpp
-- Symlinking: /root/ros2_ws/install/mg400_msgs/include/mg400_msgs/mg400_msgs/msg/detail/tool_do_index__type_support.hpp
-- Symlinking: /root/ros2_ws/install/mg400_msgs/include/mg400_msgs/mg400_msgs/msg/detail/user__builder.hpp
-- Symlinking: /root/ros2_ws/install/mg400_msgs/include/mg400_msgs/mg400_msgs/msg/detail/user__struct.hpp
-- Symlinking: /root/ros2_ws/install/mg400_msgs/include/mg400_msgs/mg400_msgs/msg/detail/user__traits.hpp
-- Symlinking: /root/ros2_ws/install/mg400_msgs/include/mg400_msgs/mg400_msgs/msg/detail/user__type_support.hpp
-- Symlinking: /root/ros2_ws/install/mg400_msgs/include/mg400_msgs/mg400_msgs/msg/di_index.hpp
-- Symlinking: /root/ros2_ws/install/mg400_msgs/include/mg400_msgs/mg400_msgs/msg/distance_mode.hpp
-- Symlinking: /root/ros2_ws/install/mg400_msgs/include/mg400_msgs/mg400_msgs/msg/do_index.hpp
-- Symlinking: /root/ros2_ws/install/mg400_msgs/include/mg400_msgs/mg400_msgs/msg/do_status.hpp
-- Symlinking: /root/ros2_ws/install/mg400_msgs/include/mg400_msgs/mg400_msgs/msg/error_id.hpp
-- Symlinking: /root/ros2_ws/install/mg400_msgs/include/mg400_msgs/mg400_msgs/msg/id_array.hpp
-- Symlinking: /root/ros2_ws/install/mg400_msgs/include/mg400_msgs/mg400_msgs/msg/joint_mov_j.hpp
-- Symlinking: /root/ros2_ws/install/mg400_msgs/include/mg400_msgs/mg400_msgs/msg/mov_j.hpp
-- Symlinking: /root/ros2_ws/install/mg400_msgs/include/mg400_msgs/mg400_msgs/msg/mov_jio.hpp
-- Symlinking: /root/ros2_ws/install/mg400_msgs/include/mg400_msgs/mg400_msgs/msg/mov_l.hpp
-- Symlinking: /root/ros2_ws/install/mg400_msgs/include/mg400_msgs/mg400_msgs/msg/mov_lio.hpp
-- Symlinking: /root/ros2_ws/install/mg400_msgs/include/mg400_msgs/mg400_msgs/msg/move_jog.hpp
-- Symlinking: /root/ros2_ws/install/mg400_msgs/include/mg400_msgs/mg400_msgs/msg/robot_mode.hpp
-- Symlinking: /root/ros2_ws/install/mg400_msgs/include/mg400_msgs/mg400_msgs/msg/rosidl_generator_cpp__visibility_control.hpp
-- Symlinking: /root/ros2_ws/install/mg400_msgs/include/mg400_msgs/mg400_msgs/msg/tool.hpp
-- Symlinking: /root/ros2_ws/install/mg400_msgs/include/mg400_msgs/mg400_msgs/msg/tool_di_index.hpp
-- Symlinking: /root/ros2_ws/install/mg400_msgs/include/mg400_msgs/mg400_msgs/msg/tool_do_index.hpp
-- Symlinking: /root/ros2_ws/install/mg400_msgs/include/mg400_msgs/mg400_msgs/msg/user.hpp
-- Symlinking: /root/ros2_ws/install/mg400_msgs/include/mg400_msgs/mg400_msgs/srv/acc_j.hpp
-- Symlinking: /root/ros2_ws/install/mg400_msgs/include/mg400_msgs/mg400_msgs/srv/acc_l.hpp
-- Symlinking: /root/ros2_ws/install/mg400_msgs/include/mg400_msgs/mg400_msgs/srv/arch.hpp
-- Symlinking: /root/ros2_ws/install/mg400_msgs/include/mg400_msgs/mg400_msgs/srv/clear_error.hpp
-- Symlinking: /root/ros2_ws/install/mg400_msgs/include/mg400_msgs/mg400_msgs/srv/cp.hpp
-- Symlinking: /root/ros2_ws/install/mg400_msgs/include/mg400_msgs/mg400_msgs/srv/detail/acc_j__builder.hpp
-- Symlinking: /root/ros2_ws/install/mg400_msgs/include/mg400_msgs/mg400_msgs/srv/detail/acc_j__struct.hpp
-- Symlinking: /root/ros2_ws/install/mg400_msgs/include/mg400_msgs/mg400_msgs/srv/detail/acc_j__traits.hpp
-- Symlinking: /root/ros2_ws/install/mg400_msgs/include/mg400_msgs/mg400_msgs/srv/detail/acc_j__type_support.hpp
-- Symlinking: /root/ros2_ws/install/mg400_msgs/include/mg400_msgs/mg400_msgs/srv/detail/acc_l__builder.hpp
-- Symlinking: /root/ros2_ws/install/mg400_msgs/include/mg400_msgs/mg400_msgs/srv/detail/acc_l__struct.hpp
-- Symlinking: /root/ros2_ws/install/mg400_msgs/include/mg400_msgs/mg400_msgs/srv/detail/acc_l__traits.hpp
-- Symlinking: /root/ros2_ws/install/mg400_msgs/include/mg400_msgs/mg400_msgs/srv/detail/acc_l__type_support.hpp
-- Symlinking: /root/ros2_ws/install/mg400_msgs/include/mg400_msgs/mg400_msgs/srv/detail/arch__builder.hpp
-- Symlinking: /root/ros2_ws/install/mg400_msgs/include/mg400_msgs/mg400_msgs/srv/detail/arch__struct.hpp
-- Symlinking: /root/ros2_ws/install/mg400_msgs/include/mg400_msgs/mg400_msgs/srv/detail/arch__traits.hpp
-- Symlinking: /root/ros2_ws/install/mg400_msgs/include/mg400_msgs/mg400_msgs/srv/detail/arch__type_support.hpp
-- Symlinking: /root/ros2_ws/install/mg400_msgs/include/mg400_msgs/mg400_msgs/srv/detail/clear_error__builder.hpp
-- Symlinking: /root/ros2_ws/install/mg400_msgs/include/mg400_msgs/mg400_msgs/srv/detail/clear_error__struct.hpp
-- Symlinking: /root/ros2_ws/install/mg400_msgs/include/mg400_msgs/mg400_msgs/srv/detail/clear_error__traits.hpp
-- Symlinking: /root/ros2_ws/install/mg400_msgs/include/mg400_msgs/mg400_msgs/srv/detail/clear_error__type_support.hpp
-- Symlinking: /root/ros2_ws/install/mg400_msgs/include/mg400_msgs/mg400_msgs/srv/detail/cp__builder.hpp
-- Symlinking: /root/ros2_ws/install/mg400_msgs/include/mg400_msgs/mg400_msgs/srv/detail/cp__struct.hpp
-- Symlinking: /root/ros2_ws/install/mg400_msgs/include/mg400_msgs/mg400_msgs/srv/detail/cp__traits.hpp
-- Symlinking: /root/ros2_ws/install/mg400_msgs/include/mg400_msgs/mg400_msgs/srv/detail/cp__type_support.hpp
-- Symlinking: /root/ros2_ws/install/mg400_msgs/include/mg400_msgs/mg400_msgs/srv/detail/di__builder.hpp
-- Symlinking: /root/ros2_ws/install/mg400_msgs/include/mg400_msgs/mg400_msgs/srv/detail/di__struct.hpp
-- Symlinking: /root/ros2_ws/install/mg400_msgs/include/mg400_msgs/mg400_msgs/srv/detail/di__traits.hpp
-- Symlinking: /root/ros2_ws/install/mg400_msgs/include/mg400_msgs/mg400_msgs/srv/detail/di__type_support.hpp
-- Symlinking: /root/ros2_ws/install/mg400_msgs/include/mg400_msgs/mg400_msgs/srv/detail/disable_robot__builder.hpp
-- Symlinking: /root/ros2_ws/install/mg400_msgs/include/mg400_msgs/mg400_msgs/srv/detail/disable_robot__struct.hpp
-- Symlinking: /root/ros2_ws/install/mg400_msgs/include/mg400_msgs/mg400_msgs/srv/detail/disable_robot__traits.hpp
-- Symlinking: /root/ros2_ws/install/mg400_msgs/include/mg400_msgs/mg400_msgs/srv/detail/disable_robot__type_support.hpp
-- Symlinking: /root/ros2_ws/install/mg400_msgs/include/mg400_msgs/mg400_msgs/srv/detail/do__builder.hpp
-- Symlinking: /root/ros2_ws/install/mg400_msgs/include/mg400_msgs/mg400_msgs/srv/detail/do__struct.hpp
-- Symlinking: /root/ros2_ws/install/mg400_msgs/include/mg400_msgs/mg400_msgs/srv/detail/do__traits.hpp
-- Symlinking: /root/ros2_ws/install/mg400_msgs/include/mg400_msgs/mg400_msgs/srv/detail/do__type_support.hpp
-- Symlinking: /root/ros2_ws/install/mg400_msgs/include/mg400_msgs/mg400_msgs/srv/detail/emergency_stop__builder.hpp
-- Symlinking: /root/ros2_ws/install/mg400_msgs/include/mg400_msgs/mg400_msgs/srv/detail/emergency_stop__struct.hpp
-- Symlinking: /root/ros2_ws/install/mg400_msgs/include/mg400_msgs/mg400_msgs/srv/detail/emergency_stop__traits.hpp
-- Symlinking: /root/ros2_ws/install/mg400_msgs/include/mg400_msgs/mg400_msgs/srv/detail/emergency_stop__type_support.hpp
-- Symlinking: /root/ros2_ws/install/mg400_msgs/include/mg400_msgs/mg400_msgs/srv/detail/enable_robot__builder.hpp
-- Symlinking: /root/ros2_ws/install/mg400_msgs/include/mg400_msgs/mg400_msgs/srv/detail/enable_robot__struct.hpp
-- Symlinking: /root/ros2_ws/install/mg400_msgs/include/mg400_msgs/mg400_msgs/srv/detail/enable_robot__traits.hpp
-- Symlinking: /root/ros2_ws/install/mg400_msgs/include/mg400_msgs/mg400_msgs/srv/detail/enable_robot__type_support.hpp
-- Symlinking: /root/ros2_ws/install/mg400_msgs/include/mg400_msgs/mg400_msgs/srv/detail/get_angle__builder.hpp
-- Symlinking: /root/ros2_ws/install/mg400_msgs/include/mg400_msgs/mg400_msgs/srv/detail/get_angle__struct.hpp
-- Symlinking: /root/ros2_ws/install/mg400_msgs/include/mg400_msgs/mg400_msgs/srv/detail/get_angle__traits.hpp
-- Symlinking: /root/ros2_ws/install/mg400_msgs/include/mg400_msgs/mg400_msgs/srv/detail/get_angle__type_support.hpp
-- Symlinking: /root/ros2_ws/install/mg400_msgs/include/mg400_msgs/mg400_msgs/srv/detail/get_error_id__builder.hpp
-- Symlinking: /root/ros2_ws/install/mg400_msgs/include/mg400_msgs/mg400_msgs/srv/detail/get_error_id__struct.hpp
-- Symlinking: /root/ros2_ws/install/mg400_msgs/include/mg400_msgs/mg400_msgs/srv/detail/get_error_id__traits.hpp
-- Symlinking: /root/ros2_ws/install/mg400_msgs/include/mg400_msgs/mg400_msgs/srv/detail/get_error_id__type_support.hpp
-- Symlinking: /root/ros2_ws/install/mg400_msgs/include/mg400_msgs/mg400_msgs/srv/detail/get_pose__builder.hpp
-- Symlinking: /root/ros2_ws/install/mg400_msgs/include/mg400_msgs/mg400_msgs/srv/detail/get_pose__struct.hpp
-- Symlinking: /root/ros2_ws/install/mg400_msgs/include/mg400_msgs/mg400_msgs/srv/detail/get_pose__traits.hpp
-- Symlinking: /root/ros2_ws/install/mg400_msgs/include/mg400_msgs/mg400_msgs/srv/detail/get_pose__type_support.hpp
-- Symlinking: /root/ros2_ws/install/mg400_msgs/include/mg400_msgs/mg400_msgs/srv/detail/inverse_solution__builder.hpp
-- Symlinking: /root/ros2_ws/install/mg400_msgs/include/mg400_msgs/mg400_msgs/srv/detail/inverse_solution__struct.hpp
-- Symlinking: /root/ros2_ws/install/mg400_msgs/include/mg400_msgs/mg400_msgs/srv/detail/inverse_solution__traits.hpp
-- Symlinking: /root/ros2_ws/install/mg400_msgs/include/mg400_msgs/mg400_msgs/srv/detail/inverse_solution__type_support.hpp
-- Symlinking: /root/ros2_ws/install/mg400_msgs/include/mg400_msgs/mg400_msgs/srv/detail/joint_mov_j__builder.hpp
-- Symlinking: /root/ros2_ws/install/mg400_msgs/include/mg400_msgs/mg400_msgs/srv/detail/joint_mov_j__struct.hpp
-- Symlinking: /root/ros2_ws/install/mg400_msgs/include/mg400_msgs/mg400_msgs/srv/detail/joint_mov_j__traits.hpp
-- Symlinking: /root/ros2_ws/install/mg400_msgs/include/mg400_msgs/mg400_msgs/srv/detail/joint_mov_j__type_support.hpp
-- Symlinking: /root/ros2_ws/install/mg400_msgs/include/mg400_msgs/mg400_msgs/srv/detail/move_jog__builder.hpp
-- Symlinking: /root/ros2_ws/install/mg400_msgs/include/mg400_msgs/mg400_msgs/srv/detail/move_jog__struct.hpp
-- Symlinking: /root/ros2_ws/install/mg400_msgs/include/mg400_msgs/mg400_msgs/srv/detail/move_jog__traits.hpp
-- Symlinking: /root/ros2_ws/install/mg400_msgs/include/mg400_msgs/mg400_msgs/srv/detail/move_jog__type_support.hpp
-- Symlinking: /root/ros2_ws/install/mg400_msgs/include/mg400_msgs/mg400_msgs/srv/detail/pay_load__builder.hpp
-- Symlinking: /root/ros2_ws/install/mg400_msgs/include/mg400_msgs/mg400_msgs/srv/detail/pay_load__struct.hpp
-- Symlinking: /root/ros2_ws/install/mg400_msgs/include/mg400_msgs/mg400_msgs/srv/detail/pay_load__traits.hpp
-- Symlinking: /root/ros2_ws/install/mg400_msgs/include/mg400_msgs/mg400_msgs/srv/detail/pay_load__type_support.hpp
-- Symlinking: /root/ros2_ws/install/mg400_msgs/include/mg400_msgs/mg400_msgs/srv/detail/positive_solution__builder.hpp
-- Symlinking: /root/ros2_ws/install/mg400_msgs/include/mg400_msgs/mg400_msgs/srv/detail/positive_solution__struct.hpp
-- Symlinking: /root/ros2_ws/install/mg400_msgs/include/mg400_msgs/mg400_msgs/srv/detail/positive_solution__traits.hpp
-- Symlinking: /root/ros2_ws/install/mg400_msgs/include/mg400_msgs/mg400_msgs/srv/detail/positive_solution__type_support.hpp
-- Symlinking: /root/ros2_ws/install/mg400_msgs/include/mg400_msgs/mg400_msgs/srv/detail/reset_robot__builder.hpp
-- Symlinking: /root/ros2_ws/install/mg400_msgs/include/mg400_msgs/mg400_msgs/srv/detail/reset_robot__struct.hpp
-- Symlinking: /root/ros2_ws/install/mg400_msgs/include/mg400_msgs/mg400_msgs/srv/detail/reset_robot__traits.hpp
-- Symlinking: /root/ros2_ws/install/mg400_msgs/include/mg400_msgs/mg400_msgs/srv/detail/reset_robot__type_support.hpp
-- Symlinking: /root/ros2_ws/install/mg400_msgs/include/mg400_msgs/mg400_msgs/srv/detail/robot_mode__builder.hpp
-- Symlinking: /root/ros2_ws/install/mg400_msgs/include/mg400_msgs/mg400_msgs/srv/detail/robot_mode__struct.hpp
-- Symlinking: /root/ros2_ws/install/mg400_msgs/include/mg400_msgs/mg400_msgs/srv/detail/robot_mode__traits.hpp
-- Symlinking: /root/ros2_ws/install/mg400_msgs/include/mg400_msgs/mg400_msgs/srv/detail/robot_mode__type_support.hpp
-- Symlinking: /root/ros2_ws/install/mg400_msgs/include/mg400_msgs/mg400_msgs/srv/detail/set_collision_level__builder.hpp
-- Symlinking: /root/ros2_ws/install/mg400_msgs/include/mg400_msgs/mg400_msgs/srv/detail/set_collision_level__struct.hpp
-- Symlinking: /root/ros2_ws/install/mg400_msgs/include/mg400_msgs/mg400_msgs/srv/detail/set_collision_level__traits.hpp
-- Symlinking: /root/ros2_ws/install/mg400_msgs/include/mg400_msgs/mg400_msgs/srv/detail/set_collision_level__type_support.hpp
-- Symlinking: /root/ros2_ws/install/mg400_msgs/include/mg400_msgs/mg400_msgs/srv/detail/speed_factor__builder.hpp
-- Symlinking: /root/ros2_ws/install/mg400_msgs/include/mg400_msgs/mg400_msgs/srv/detail/speed_factor__struct.hpp
-- Symlinking: /root/ros2_ws/install/mg400_msgs/include/mg400_msgs/mg400_msgs/srv/detail/speed_factor__traits.hpp
-- Symlinking: /root/ros2_ws/install/mg400_msgs/include/mg400_msgs/mg400_msgs/srv/detail/speed_factor__type_support.hpp
-- Symlinking: /root/ros2_ws/install/mg400_msgs/include/mg400_msgs/mg400_msgs/srv/detail/speed_j__builder.hpp
-- Symlinking: /root/ros2_ws/install/mg400_msgs/include/mg400_msgs/mg400_msgs/srv/detail/speed_j__struct.hpp
-- Symlinking: /root/ros2_ws/install/mg400_msgs/include/mg400_msgs/mg400_msgs/srv/detail/speed_j__traits.hpp
-- Symlinking: /root/ros2_ws/install/mg400_msgs/include/mg400_msgs/mg400_msgs/srv/detail/speed_j__type_support.hpp
-- Symlinking: /root/ros2_ws/install/mg400_msgs/include/mg400_msgs/mg400_msgs/srv/detail/speed_l__builder.hpp
-- Symlinking: /root/ros2_ws/install/mg400_msgs/include/mg400_msgs/mg400_msgs/srv/detail/speed_l__struct.hpp
-- Symlinking: /root/ros2_ws/install/mg400_msgs/include/mg400_msgs/mg400_msgs/srv/detail/speed_l__traits.hpp
-- Symlinking: /root/ros2_ws/install/mg400_msgs/include/mg400_msgs/mg400_msgs/srv/detail/speed_l__type_support.hpp
-- Symlinking: /root/ros2_ws/install/mg400_msgs/include/mg400_msgs/mg400_msgs/srv/detail/tool__builder.hpp
-- Symlinking: /root/ros2_ws/install/mg400_msgs/include/mg400_msgs/mg400_msgs/srv/detail/tool__struct.hpp
-- Symlinking: /root/ros2_ws/install/mg400_msgs/include/mg400_msgs/mg400_msgs/srv/detail/tool__traits.hpp
-- Symlinking: /root/ros2_ws/install/mg400_msgs/include/mg400_msgs/mg400_msgs/srv/detail/tool__type_support.hpp
-- Symlinking: /root/ros2_ws/install/mg400_msgs/include/mg400_msgs/mg400_msgs/srv/detail/tool_di__builder.hpp
-- Symlinking: /root/ros2_ws/install/mg400_msgs/include/mg400_msgs/mg400_msgs/srv/detail/tool_di__struct.hpp
-- Symlinking: /root/ros2_ws/install/mg400_msgs/include/mg400_msgs/mg400_msgs/srv/detail/tool_di__traits.hpp
-- Symlinking: /root/ros2_ws/install/mg400_msgs/include/mg400_msgs/mg400_msgs/srv/detail/tool_di__type_support.hpp
-- Symlinking: /root/ros2_ws/install/mg400_msgs/include/mg400_msgs/mg400_msgs/srv/detail/tool_do_execute__builder.hpp
-- Symlinking: /root/ros2_ws/install/mg400_msgs/include/mg400_msgs/mg400_msgs/srv/detail/tool_do_execute__struct.hpp
-- Symlinking: /root/ros2_ws/install/mg400_msgs/include/mg400_msgs/mg400_msgs/srv/detail/tool_do_execute__traits.hpp
-- Symlinking: /root/ros2_ws/install/mg400_msgs/include/mg400_msgs/mg400_msgs/srv/detail/tool_do_execute__type_support.hpp
-- Symlinking: /root/ros2_ws/install/mg400_msgs/include/mg400_msgs/mg400_msgs/srv/detail/user__builder.hpp
-- Symlinking: /root/ros2_ws/install/mg400_msgs/include/mg400_msgs/mg400_msgs/srv/detail/user__struct.hpp
-- Symlinking: /root/ros2_ws/install/mg400_msgs/include/mg400_msgs/mg400_msgs/srv/detail/user__traits.hpp
-- Symlinking: /root/ros2_ws/install/mg400_msgs/include/mg400_msgs/mg400_msgs/srv/detail/user__type_support.hpp
-- Symlinking: /root/ros2_ws/install/mg400_msgs/include/mg400_msgs/mg400_msgs/srv/di.hpp
-- Symlinking: /root/ros2_ws/install/mg400_msgs/include/mg400_msgs/mg400_msgs/srv/disable_robot.hpp
-- Symlinking: /root/ros2_ws/install/mg400_msgs/include/mg400_msgs/mg400_msgs/srv/do.hpp
-- Symlinking: /root/ros2_ws/install/mg400_msgs/include/mg400_msgs/mg400_msgs/srv/emergency_stop.hpp
-- Symlinking: /root/ros2_ws/install/mg400_msgs/include/mg400_msgs/mg400_msgs/srv/enable_robot.hpp
-- Symlinking: /root/ros2_ws/install/mg400_msgs/include/mg400_msgs/mg400_msgs/srv/get_angle.hpp
-- Symlinking: /root/ros2_ws/install/mg400_msgs/include/mg400_msgs/mg400_msgs/srv/get_error_id.hpp
-- Symlinking: /root/ros2_ws/install/mg400_msgs/include/mg400_msgs/mg400_msgs/srv/get_pose.hpp
-- Symlinking: /root/ros2_ws/install/mg400_msgs/include/mg400_msgs/mg400_msgs/srv/inverse_solution.hpp
-- Symlinking: /root/ros2_ws/install/mg400_msgs/include/mg400_msgs/mg400_msgs/srv/joint_mov_j.hpp
-- Symlinking: /root/ros2_ws/install/mg400_msgs/include/mg400_msgs/mg400_msgs/srv/move_jog.hpp
-- Symlinking: /root/ros2_ws/install/mg400_msgs/include/mg400_msgs/mg400_msgs/srv/pay_load.hpp
-- Symlinking: /root/ros2_ws/install/mg400_msgs/include/mg400_msgs/mg400_msgs/srv/positive_solution.hpp
-- Symlinking: /root/ros2_ws/install/mg400_msgs/include/mg400_msgs/mg400_msgs/srv/reset_robot.hpp
-- Symlinking: /root/ros2_ws/install/mg400_msgs/include/mg400_msgs/mg400_msgs/srv/robot_mode.hpp
-- Symlinking: /root/ros2_ws/install/mg400_msgs/include/mg400_msgs/mg400_msgs/srv/set_collision_level.hpp
-- Symlinking: /root/ros2_ws/install/mg400_msgs/include/mg400_msgs/mg400_msgs/srv/speed_factor.hpp
-- Symlinking: /root/ros2_ws/install/mg400_msgs/include/mg400_msgs/mg400_msgs/srv/speed_j.hpp
-- Symlinking: /root/ros2_ws/install/mg400_msgs/include/mg400_msgs/mg400_msgs/srv/speed_l.hpp
-- Symlinking: /root/ros2_ws/install/mg400_msgs/include/mg400_msgs/mg400_msgs/srv/tool.hpp
-- Symlinking: /root/ros2_ws/install/mg400_msgs/include/mg400_msgs/mg400_msgs/srv/tool_di.hpp
-- Symlinking: /root/ros2_ws/install/mg400_msgs/include/mg400_msgs/mg400_msgs/srv/tool_do_execute.hpp
-- Symlinking: /root/ros2_ws/install/mg400_msgs/include/mg400_msgs/mg400_msgs/srv/user.hpp
-- Symlinking: /root/ros2_ws/install/mg400_msgs/include/mg400_msgs/mg400_msgs/action/detail/command_queue__rosidl_typesupport_fastrtps_cpp.hpp
-- Symlinking: /root/ros2_ws/install/mg400_msgs/include/mg400_msgs/mg400_msgs/action/detail/joint_mov_j__rosidl_typesupport_fastrtps_cpp.hpp
-- Symlinking: /root/ros2_ws/install/mg400_msgs/include/mg400_msgs/mg400_msgs/action/detail/mov_j__rosidl_typesupport_fastrtps_cpp.hpp
-- Symlinking: /root/ros2_ws/install/mg400_msgs/include/mg400_msgs/mg400_msgs/action/detail/mov_jio__rosidl_typesupport_fastrtps_cpp.hpp
-- Symlinking: /root/ros2_ws/install/mg400_msgs/include/mg400_msgs/mg400_msgs/action/detail/mov_l__rosidl_typesupport_fastrtps_cpp.hpp
-- Symlinking: /root/ros2_ws/install/mg400_msgs/include/mg400_msgs/mg400_msgs/action/detail/mov_lio__rosidl_typesupport_fastrtps_cpp.hpp
-- Symlinking: /root/ros2_ws/install/mg400_msgs/include/mg400_msgs/mg400_msgs/msg/detail/arch__rosidl_typesupport_fastrtps_cpp.hpp
-- Symlinking: /root/ros2_ws/install/mg400_msgs/include/mg400_msgs/mg400_msgs/msg/detail/collision_level__rosidl_typesupport_fastrtps_cpp.hpp
-- Symlinking: /root/ros2_ws/install/mg400_msgs/include/mg400_msgs/mg400_msgs/msg/detail/command__rosidl_typesupport_fastrtps_cpp.hpp
-- Symlinking: /root/ros2_ws/install/mg400_msgs/include/mg400_msgs/mg400_msgs/msg/detail/di_index__rosidl_typesupport_fastrtps_cpp.hpp
-- Symlinking: /root/ros2_ws/install/mg400_msgs/include/mg400_msgs/mg400_msgs/msg/detail/distance_mode__rosidl_typesupport_fastrtps_cpp.hpp
-- Symlinking: /root/ros2_ws/install/mg400_msgs/include/mg400_msgs/mg400_msgs/msg/detail/do_index__rosidl_typesupport_fastrtps_cpp.hpp
-- Symlinking: /root/ros2_ws/install/mg400_msgs/include/mg400_msgs/mg400_msgs/msg/detail/do_status__rosidl_typesupport_fastrtps_cpp.hpp
-- Symlinking: /root/ros2_ws/install/mg400_msgs/include/mg400_msgs/mg400_msgs/msg/detail/error_id__rosidl_typesupport_fastrtps_cpp.hpp
-- Symlinking: /root/ros2_ws/install/mg400_msgs/include/mg400_msgs/mg400_msgs/msg/detail/id_array__rosidl_typesupport_fastrtps_cpp.hpp
-- Symlinking: /root/ros2_ws/install/mg400_msgs/include/mg400_msgs/mg400_msgs/msg/detail/joint_mov_j__rosidl_typesupport_fastrtps_cpp.hpp
-- Symlinking: /root/ros2_ws/install/mg400_msgs/include/mg400_msgs/mg400_msgs/msg/detail/mov_j__rosidl_typesupport_fastrtps_cpp.hpp
-- Symlinking: /root/ros2_ws/install/mg400_msgs/include/mg400_msgs/mg400_msgs/msg/detail/mov_jio__rosidl_typesupport_fastrtps_cpp.hpp
-- Symlinking: /root/ros2_ws/install/mg400_msgs/include/mg400_msgs/mg400_msgs/msg/detail/mov_l__rosidl_typesupport_fastrtps_cpp.hpp
-- Symlinking: /root/ros2_ws/install/mg400_msgs/include/mg400_msgs/mg400_msgs/msg/detail/mov_lio__rosidl_typesupport_fastrtps_cpp.hpp
-- Symlinking: /root/ros2_ws/install/mg400_msgs/include/mg400_msgs/mg400_msgs/msg/detail/move_jog__rosidl_typesupport_fastrtps_cpp.hpp
-- Symlinking: /root/ros2_ws/install/mg400_msgs/include/mg400_msgs/mg400_msgs/msg/detail/robot_mode__rosidl_typesupport_fastrtps_cpp.hpp
-- Symlinking: /root/ros2_ws/install/mg400_msgs/include/mg400_msgs/mg400_msgs/msg/detail/tool__rosidl_typesupport_fastrtps_cpp.hpp
-- Symlinking: /root/ros2_ws/install/mg400_msgs/include/mg400_msgs/mg400_msgs/msg/detail/tool_di_index__rosidl_typesupport_fastrtps_cpp.hpp
-- Symlinking: /root/ros2_ws/install/mg400_msgs/include/mg400_msgs/mg400_msgs/msg/detail/tool_do_index__rosidl_typesupport_fastrtps_cpp.hpp
-- Symlinking: /root/ros2_ws/install/mg400_msgs/include/mg400_msgs/mg400_msgs/msg/detail/user__rosidl_typesupport_fastrtps_cpp.hpp
-- Symlinking: /root/ros2_ws/install/mg400_msgs/include/mg400_msgs/mg400_msgs/msg/rosidl_typesupport_fastrtps_cpp__visibility_control.h
-- Symlinking: /root/ros2_ws/install/mg400_msgs/include/mg400_msgs/mg400_msgs/srv/detail/acc_j__rosidl_typesupport_fastrtps_cpp.hpp
-- Symlinking: /root/ros2_ws/install/mg400_msgs/include/mg400_msgs/mg400_msgs/srv/detail/acc_l__rosidl_typesupport_fastrtps_cpp.hpp
-- Symlinking: /root/ros2_ws/install/mg400_msgs/include/mg400_msgs/mg400_msgs/srv/detail/arch__rosidl_typesupport_fastrtps_cpp.hpp
-- Symlinking: /root/ros2_ws/install/mg400_msgs/include/mg400_msgs/mg400_msgs/srv/detail/clear_error__rosidl_typesupport_fastrtps_cpp.hpp
-- Symlinking: /root/ros2_ws/install/mg400_msgs/include/mg400_msgs/mg400_msgs/srv/detail/cp__rosidl_typesupport_fastrtps_cpp.hpp
-- Symlinking: /root/ros2_ws/install/mg400_msgs/include/mg400_msgs/mg400_msgs/srv/detail/di__rosidl_typesupport_fastrtps_cpp.hpp
-- Symlinking: /root/ros2_ws/install/mg400_msgs/include/mg400_msgs/mg400_msgs/srv/detail/disable_robot__rosidl_typesupport_fastrtps_cpp.hpp
-- Symlinking: /root/ros2_ws/install/mg400_msgs/include/mg400_msgs/mg400_msgs/srv/detail/do__rosidl_typesupport_fastrtps_cpp.hpp
-- Symlinking: /root/ros2_ws/install/mg400_msgs/include/mg400_msgs/mg400_msgs/srv/detail/emergency_stop__rosidl_typesupport_fastrtps_cpp.hpp
-- Symlinking: /root/ros2_ws/install/mg400_msgs/include/mg400_msgs/mg400_msgs/srv/detail/enable_robot__rosidl_typesupport_fastrtps_cpp.hpp
-- Symlinking: /root/ros2_ws/install/mg400_msgs/include/mg400_msgs/mg400_msgs/srv/detail/get_angle__rosidl_typesupport_fastrtps_cpp.hpp
-- Symlinking: /root/ros2_ws/install/mg400_msgs/include/mg400_msgs/mg400_msgs/srv/detail/get_error_id__rosidl_typesupport_fastrtps_cpp.hpp
-- Symlinking: /root/ros2_ws/install/mg400_msgs/include/mg400_msgs/mg400_msgs/srv/detail/get_pose__rosidl_typesupport_fastrtps_cpp.hpp
-- Symlinking: /root/ros2_ws/install/mg400_msgs/include/mg400_msgs/mg400_msgs/srv/detail/inverse_solution__rosidl_typesupport_fastrtps_cpp.hpp
-- Symlinking: /root/ros2_ws/install/mg400_msgs/include/mg400_msgs/mg400_msgs/srv/detail/joint_mov_j__rosidl_typesupport_fastrtps_cpp.hpp
-- Symlinking: /root/ros2_ws/install/mg400_msgs/include/mg400_msgs/mg400_msgs/srv/detail/move_jog__rosidl_typesupport_fastrtps_cpp.hpp
-- Symlinking: /root/ros2_ws/install/mg400_msgs/include/mg400_msgs/mg400_msgs/srv/detail/pay_load__rosidl_typesupport_fastrtps_cpp.hpp
-- Symlinking: /root/ros2_ws/install/mg400_msgs/include/mg400_msgs/mg400_msgs/srv/detail/positive_solution__rosidl_typesupport_fastrtps_cpp.hpp
-- Symlinking: /root/ros2_ws/install/mg400_msgs/include/mg400_msgs/mg400_msgs/srv/detail/reset_robot__rosidl_typesupport_fastrtps_cpp.hpp
-- Symlinking: /root/ros2_ws/install/mg400_msgs/include/mg400_msgs/mg400_msgs/srv/detail/robot_mode__rosidl_typesupport_fastrtps_cpp.hpp
-- Symlinking: /root/ros2_ws/install/mg400_msgs/include/mg400_msgs/mg400_msgs/srv/detail/set_collision_level__rosidl_typesupport_fastrtps_cpp.hpp
-- Symlinking: /root/ros2_ws/install/mg400_msgs/include/mg400_msgs/mg400_msgs/srv/detail/speed_factor__rosidl_typesupport_fastrtps_cpp.hpp
-- Symlinking: /root/ros2_ws/install/mg400_msgs/include/mg400_msgs/mg400_msgs/srv/detail/speed_j__rosidl_typesupport_fastrtps_cpp.hpp
-- Symlinking: /root/ros2_ws/install/mg400_msgs/include/mg400_msgs/mg400_msgs/srv/detail/speed_l__rosidl_typesupport_fastrtps_cpp.hpp
-- Symlinking: /root/ros2_ws/install/mg400_msgs/include/mg400_msgs/mg400_msgs/srv/detail/tool__rosidl_typesupport_fastrtps_cpp.hpp
-- Symlinking: /root/ros2_ws/install/mg400_msgs/include/mg400_msgs/mg400_msgs/srv/detail/tool_di__rosidl_typesupport_fastrtps_cpp.hpp
-- Symlinking: /root/ros2_ws/install/mg400_msgs/include/mg400_msgs/mg400_msgs/srv/detail/tool_do_execute__rosidl_typesupport_fastrtps_cpp.hpp
-- Symlinking: /root/ros2_ws/install/mg400_msgs/include/mg400_msgs/mg400_msgs/srv/detail/user__rosidl_typesupport_fastrtps_cpp.hpp
-- Symlinking: /root/ros2_ws/install/mg400_msgs/include/mg400_msgs/mg400_msgs/action/detail/command_queue__rosidl_typesupport_introspection_c.h
-- Symlinking: /root/ros2_ws/install/mg400_msgs/include/mg400_msgs/mg400_msgs/action/detail/joint_mov_j__rosidl_typesupport_introspection_c.h
-- Symlinking: /root/ros2_ws/install/mg400_msgs/include/mg400_msgs/mg400_msgs/action/detail/mov_j__rosidl_typesupport_introspection_c.h
-- Symlinking: /root/ros2_ws/install/mg400_msgs/include/mg400_msgs/mg400_msgs/action/detail/mov_jio__rosidl_typesupport_introspection_c.h
-- Symlinking: /root/ros2_ws/install/mg400_msgs/include/mg400_msgs/mg400_msgs/action/detail/mov_l__rosidl_typesupport_introspection_c.h
-- Symlinking: /root/ros2_ws/install/mg400_msgs/include/mg400_msgs/mg400_msgs/action/detail/mov_lio__rosidl_typesupport_introspection_c.h
-- Symlinking: /root/ros2_ws/install/mg400_msgs/include/mg400_msgs/mg400_msgs/msg/detail/arch__rosidl_typesupport_introspection_c.h
-- Symlinking: /root/ros2_ws/install/mg400_msgs/include/mg400_msgs/mg400_msgs/msg/detail/collision_level__rosidl_typesupport_introspection_c.h
-- Symlinking: /root/ros2_ws/install/mg400_msgs/include/mg400_msgs/mg400_msgs/msg/detail/command__rosidl_typesupport_introspection_c.h
-- Symlinking: /root/ros2_ws/install/mg400_msgs/include/mg400_msgs/mg400_msgs/msg/detail/di_index__rosidl_typesupport_introspection_c.h
-- Symlinking: /root/ros2_ws/install/mg400_msgs/include/mg400_msgs/mg400_msgs/msg/detail/distance_mode__rosidl_typesupport_introspection_c.h
-- Symlinking: /root/ros2_ws/install/mg400_msgs/include/mg400_msgs/mg400_msgs/msg/detail/do_index__rosidl_typesupport_introspection_c.h
-- Symlinking: /root/ros2_ws/install/mg400_msgs/include/mg400_msgs/mg400_msgs/msg/detail/do_status__rosidl_typesupport_introspection_c.h
-- Symlinking: /root/ros2_ws/install/mg400_msgs/include/mg400_msgs/mg400_msgs/msg/detail/error_id__rosidl_typesupport_introspection_c.h
-- Symlinking: /root/ros2_ws/install/mg400_msgs/include/mg400_msgs/mg400_msgs/msg/detail/id_array__rosidl_typesupport_introspection_c.h
-- Symlinking: /root/ros2_ws/install/mg400_msgs/include/mg400_msgs/mg400_msgs/msg/detail/joint_mov_j__rosidl_typesupport_introspection_c.h
-- Symlinking: /root/ros2_ws/install/mg400_msgs/include/mg400_msgs/mg400_msgs/msg/detail/mov_j__rosidl_typesupport_introspection_c.h
-- Symlinking: /root/ros2_ws/install/mg400_msgs/include/mg400_msgs/mg400_msgs/msg/detail/mov_jio__rosidl_typesupport_introspection_c.h
-- Symlinking: /root/ros2_ws/install/mg400_msgs/include/mg400_msgs/mg400_msgs/msg/detail/mov_l__rosidl_typesupport_introspection_c.h
-- Symlinking: /root/ros2_ws/install/mg400_msgs/include/mg400_msgs/mg400_msgs/msg/detail/mov_lio__rosidl_typesupport_introspection_c.h
-- Symlinking: /root/ros2_ws/install/mg400_msgs/include/mg400_msgs/mg400_msgs/msg/detail/move_jog__rosidl_typesupport_introspection_c.h
-- Symlinking: /root/ros2_ws/install/mg400_msgs/include/mg400_msgs/mg400_msgs/msg/detail/robot_mode__rosidl_typesupport_introspection_c.h
-- Symlinking: /root/ros2_ws/install/mg400_msgs/include/mg400_msgs/mg400_msgs/msg/detail/tool__rosidl_typesupport_introspection_c.h
-- Symlinking: /root/ros2_ws/install/mg400_msgs/include/mg400_msgs/mg400_msgs/msg/detail/tool_di_index__rosidl_typesupport_introspection_c.h
-- Symlinking: /root/ros2_ws/install/mg400_msgs/include/mg400_msgs/mg400_msgs/msg/detail/tool_do_index__rosidl_typesupport_introspection_c.h
-- Symlinking: /root/ros2_ws/install/mg400_msgs/include/mg400_msgs/mg400_msgs/msg/detail/user__rosidl_typesupport_introspection_c.h
-- Symlinking: /root/ros2_ws/install/mg400_msgs/include/mg400_msgs/mg400_msgs/msg/rosidl_typesupport_introspection_c__visibility_control.h
-- Symlinking: /root/ros2_ws/install/mg400_msgs/include/mg400_msgs/mg400_msgs/srv/detail/acc_j__rosidl_typesupport_introspection_c.h
-- Symlinking: /root/ros2_ws/install/mg400_msgs/include/mg400_msgs/mg400_msgs/srv/detail/acc_l__rosidl_typesupport_introspection_c.h
-- Symlinking: /root/ros2_ws/install/mg400_msgs/include/mg400_msgs/mg400_msgs/srv/detail/arch__rosidl_typesupport_introspection_c.h
-- Symlinking: /root/ros2_ws/install/mg400_msgs/include/mg400_msgs/mg400_msgs/srv/detail/clear_error__rosidl_typesupport_introspection_c.h
-- Symlinking: /root/ros2_ws/install/mg400_msgs/include/mg400_msgs/mg400_msgs/srv/detail/cp__rosidl_typesupport_introspection_c.h
-- Symlinking: /root/ros2_ws/install/mg400_msgs/include/mg400_msgs/mg400_msgs/srv/detail/di__rosidl_typesupport_introspection_c.h
-- Symlinking: /root/ros2_ws/install/mg400_msgs/include/mg400_msgs/mg400_msgs/srv/detail/disable_robot__rosidl_typesupport_introspection_c.h
-- Symlinking: /root/ros2_ws/install/mg400_msgs/include/mg400_msgs/mg400_msgs/srv/detail/do__rosidl_typesupport_introspection_c.h
-- Symlinking: /root/ros2_ws/install/mg400_msgs/include/mg400_msgs/mg400_msgs/srv/detail/emergency_stop__rosidl_typesupport_introspection_c.h
-- Symlinking: /root/ros2_ws/install/mg400_msgs/include/mg400_msgs/mg400_msgs/srv/detail/enable_robot__rosidl_typesupport_introspection_c.h
-- Symlinking: /root/ros2_ws/install/mg400_msgs/include/mg400_msgs/mg400_msgs/srv/detail/get_angle__rosidl_typesupport_introspection_c.h
-- Symlinking: /root/ros2_ws/install/mg400_msgs/include/mg400_msgs/mg400_msgs/srv/detail/get_error_id__rosidl_typesupport_introspection_c.h
-- Symlinking: /root/ros2_ws/install/mg400_msgs/include/mg400_msgs/mg400_msgs/srv/detail/get_pose__rosidl_typesupport_introspection_c.h
-- Symlinking: /root/ros2_ws/install/mg400_msgs/include/mg400_msgs/mg400_msgs/srv/detail/inverse_solution__rosidl_typesupport_introspection_c.h
-- Symlinking: /root/ros2_ws/install/mg400_msgs/include/mg400_msgs/mg400_msgs/srv/detail/joint_mov_j__rosidl_typesupport_introspection_c.h
-- Symlinking: /root/ros2_ws/install/mg400_msgs/include/mg400_msgs/mg400_msgs/srv/detail/move_jog__rosidl_typesupport_introspection_c.h
-- Symlinking: /root/ros2_ws/install/mg400_msgs/include/mg400_msgs/mg400_msgs/srv/detail/pay_load__rosidl_typesupport_introspection_c.h
-- Symlinking: /root/ros2_ws/install/mg400_msgs/include/mg400_msgs/mg400_msgs/srv/detail/positive_solution__rosidl_typesupport_introspection_c.h
-- Symlinking: /root/ros2_ws/install/mg400_msgs/include/mg400_msgs/mg400_msgs/srv/detail/reset_robot__rosidl_typesupport_introspection_c.h
-- Symlinking: /root/ros2_ws/install/mg400_msgs/include/mg400_msgs/mg400_msgs/srv/detail/robot_mode__rosidl_typesupport_introspection_c.h
-- Symlinking: /root/ros2_ws/install/mg400_msgs/include/mg400_msgs/mg400_msgs/srv/detail/set_collision_level__rosidl_typesupport_introspection_c.h
-- Symlinking: /root/ros2_ws/install/mg400_msgs/include/mg400_msgs/mg400_msgs/srv/detail/speed_factor__rosidl_typesupport_introspection_c.h
-- Symlinking: /root/ros2_ws/install/mg400_msgs/include/mg400_msgs/mg400_msgs/srv/detail/speed_j__rosidl_typesupport_introspection_c.h
-- Symlinking: /root/ros2_ws/install/mg400_msgs/include/mg400_msgs/mg400_msgs/srv/detail/speed_l__rosidl_typesupport_introspection_c.h
-- Symlinking: /root/ros2_ws/install/mg400_msgs/include/mg400_msgs/mg400_msgs/srv/detail/tool__rosidl_typesupport_introspection_c.h
-- Symlinking: /root/ros2_ws/install/mg400_msgs/include/mg400_msgs/mg400_msgs/srv/detail/tool_di__rosidl_typesupport_introspection_c.h
-- Symlinking: /root/ros2_ws/install/mg400_msgs/include/mg400_msgs/mg400_msgs/srv/detail/tool_do_execute__rosidl_typesupport_introspection_c.h
-- Symlinking: /root/ros2_ws/install/mg400_msgs/include/mg400_msgs/mg400_msgs/srv/detail/user__rosidl_typesupport_introspection_c.h
-- Symlinking: /root/ros2_ws/install/mg400_msgs/include/mg400_msgs/mg400_msgs/action/detail/command_queue__rosidl_typesupport_introspection_cpp.hpp
-- Symlinking: /root/ros2_ws/install/mg400_msgs/include/mg400_msgs/mg400_msgs/action/detail/joint_mov_j__rosidl_typesupport_introspection_cpp.hpp
-- Symlinking: /root/ros2_ws/install/mg400_msgs/include/mg400_msgs/mg400_msgs/action/detail/mov_j__rosidl_typesupport_introspection_cpp.hpp
-- Symlinking: /root/ros2_ws/install/mg400_msgs/include/mg400_msgs/mg400_msgs/action/detail/mov_jio__rosidl_typesupport_introspection_cpp.hpp
-- Symlinking: /root/ros2_ws/install/mg400_msgs/include/mg400_msgs/mg400_msgs/action/detail/mov_l__rosidl_typesupport_introspection_cpp.hpp
-- Symlinking: /root/ros2_ws/install/mg400_msgs/include/mg400_msgs/mg400_msgs/action/detail/mov_lio__rosidl_typesupport_introspection_cpp.hpp
-- Symlinking: /root/ros2_ws/install/mg400_msgs/include/mg400_msgs/mg400_msgs/msg/detail/arch__rosidl_typesupport_introspection_cpp.hpp
-- Symlinking: /root/ros2_ws/install/mg400_msgs/include/mg400_msgs/mg400_msgs/msg/detail/collision_level__rosidl_typesupport_introspection_cpp.hpp
-- Symlinking: /root/ros2_ws/install/mg400_msgs/include/mg400_msgs/mg400_msgs/msg/detail/command__rosidl_typesupport_introspection_cpp.hpp
-- Symlinking: /root/ros2_ws/install/mg400_msgs/include/mg400_msgs/mg400_msgs/msg/detail/di_index__rosidl_typesupport_introspection_cpp.hpp
-- Symlinking: /root/ros2_ws/install/mg400_msgs/include/mg400_msgs/mg400_msgs/msg/detail/distance_mode__rosidl_typesupport_introspection_cpp.hpp
-- Symlinking: /root/ros2_ws/install/mg400_msgs/include/mg400_msgs/mg400_msgs/msg/detail/do_index__rosidl_typesupport_introspection_cpp.hpp
-- Symlinking: /root/ros2_ws/install/mg400_msgs/include/mg400_msgs/mg400_msgs/msg/detail/do_status__rosidl_typesupport_introspection_cpp.hpp
-- Symlinking: /root/ros2_ws/install/mg400_msgs/include/mg400_msgs/mg400_msgs/msg/detail/error_id__rosidl_typesupport_introspection_cpp.hpp
-- Symlinking: /root/ros2_ws/install/mg400_msgs/include/mg400_msgs/mg400_msgs/msg/detail/id_array__rosidl_typesupport_introspection_cpp.hpp
-- Symlinking: /root/ros2_ws/install/mg400_msgs/include/mg400_msgs/mg400_msgs/msg/detail/joint_mov_j__rosidl_typesupport_introspection_cpp.hpp
-- Symlinking: /root/ros2_ws/install/mg400_msgs/include/mg400_msgs/mg400_msgs/msg/detail/mov_j__rosidl_typesupport_introspection_cpp.hpp
-- Symlinking: /root/ros2_ws/install/mg400_msgs/include/mg400_msgs/mg400_msgs/msg/detail/mov_jio__rosidl_typesupport_introspection_cpp.hpp
-- Symlinking: /root/ros2_ws/install/mg400_msgs/include/mg400_msgs/mg400_msgs/msg/detail/mov_l__rosidl_typesupport_introspection_cpp.hpp
-- Symlinking: /root/ros2_ws/install/mg400_msgs/include/mg400_msgs/mg400_msgs/msg/detail/mov_lio__rosidl_typesupport_introspection_cpp.hpp
-- Symlinking: /root/ros2_ws/install/mg400_msgs/include/mg400_msgs/mg400_msgs/msg/detail/move_jog__rosidl_typesupport_introspection_cpp.hpp
-- Symlinking: /root/ros2_ws/install/mg400_msgs/include/mg400_msgs/mg400_msgs/msg/detail/robot_mode__rosidl_typesupport_introspection_cpp.hpp
-- Symlinking: /root/ros2_ws/install/mg400_msgs/include/mg400_msgs/mg400_msgs/msg/detail/tool__rosidl_typesupport_introspection_cpp.hpp
-- Symlinking: /root/ros2_ws/install/mg400_msgs/include/mg400_msgs/mg400_msgs/msg/detail/tool_di_index__rosidl_typesupport_introspection_cpp.hpp
-- Symlinking: /root/ros2_ws/install/mg400_msgs/include/mg400_msgs/mg400_msgs/msg/detail/tool_do_index__rosidl_typesupport_introspection_cpp.hpp
-- Symlinking: /root/ros2_ws/install/mg400_msgs/include/mg400_msgs/mg400_msgs/msg/detail/user__rosidl_typesupport_introspection_cpp.hpp
-- Symlinking: /root/ros2_ws/install/mg400_msgs/include/mg400_msgs/mg400_msgs/srv/detail/acc_j__rosidl_typesupport_introspection_cpp.hpp
-- Symlinking: /root/ros2_ws/install/mg400_msgs/include/mg400_msgs/mg400_msgs/srv/detail/acc_l__rosidl_typesupport_introspection_cpp.hpp
-- Symlinking: /root/ros2_ws/install/mg400_msgs/include/mg400_msgs/mg400_msgs/srv/detail/arch__rosidl_typesupport_introspection_cpp.hpp
-- Symlinking: /root/ros2_ws/install/mg400_msgs/include/mg400_msgs/mg400_msgs/srv/detail/clear_error__rosidl_typesupport_introspection_cpp.hpp
-- Symlinking: /root/ros2_ws/install/mg400_msgs/include/mg400_msgs/mg400_msgs/srv/detail/cp__rosidl_typesupport_introspection_cpp.hpp
-- Symlinking: /root/ros2_ws/install/mg400_msgs/include/mg400_msgs/mg400_msgs/srv/detail/di__rosidl_typesupport_introspection_cpp.hpp
-- Symlinking: /root/ros2_ws/install/mg400_msgs/include/mg400_msgs/mg400_msgs/srv/detail/disable_robot__rosidl_typesupport_introspection_cpp.hpp
-- Symlinking: /root/ros2_ws/install/mg400_msgs/include/mg400_msgs/mg400_msgs/srv/detail/do__rosidl_typesupport_introspection_cpp.hpp
-- Symlinking: /root/ros2_ws/install/mg400_msgs/include/mg400_msgs/mg400_msgs/srv/detail/emergency_stop__rosidl_typesupport_introspection_cpp.hpp
-- Symlinking: /root/ros2_ws/install/mg400_msgs/include/mg400_msgs/mg400_msgs/srv/detail/enable_robot__rosidl_typesupport_introspection_cpp.hpp
-- Symlinking: /root/ros2_ws/install/mg400_msgs/include/mg400_msgs/mg400_msgs/srv/detail/get_angle__rosidl_typesupport_introspection_cpp.hpp
-- Symlinking: /root/ros2_ws/install/mg400_msgs/include/mg400_msgs/mg400_msgs/srv/detail/get_error_id__rosidl_typesupport_introspection_cpp.hpp
-- Symlinking: /root/ros2_ws/install/mg400_msgs/include/mg400_msgs/mg400_msgs/srv/detail/get_pose__rosidl_typesupport_introspection_cpp.hpp
-- Symlinking: /root/ros2_ws/install/mg400_msgs/include/mg400_msgs/mg400_msgs/srv/detail/inverse_solution__rosidl_typesupport_introspection_cpp.hpp
-- Symlinking: /root/ros2_ws/install/mg400_msgs/include/mg400_msgs/mg400_msgs/srv/detail/joint_mov_j__rosidl_typesupport_introspection_cpp.hpp
-- Symlinking: /root/ros2_ws/install/mg400_msgs/include/mg400_msgs/mg400_msgs/srv/detail/move_jog__rosidl_typesupport_introspection_cpp.hpp
-- Symlinking: /root/ros2_ws/install/mg400_msgs/include/mg400_msgs/mg400_msgs/srv/detail/pay_load__rosidl_typesupport_introspection_cpp.hpp
-- Symlinking: /root/ros2_ws/install/mg400_msgs/include/mg400_msgs/mg400_msgs/srv/detail/positive_solution__rosidl_typesupport_introspection_cpp.hpp
-- Symlinking: /root/ros2_ws/install/mg400_msgs/include/mg400_msgs/mg400_msgs/srv/detail/reset_robot__rosidl_typesupport_introspection_cpp.hpp
-- Symlinking: /root/ros2_ws/install/mg400_msgs/include/mg400_msgs/mg400_msgs/srv/detail/robot_mode__rosidl_typesupport_introspection_cpp.hpp
-- Symlinking: /root/ros2_ws/install/mg400_msgs/include/mg400_msgs/mg400_msgs/srv/detail/set_collision_level__rosidl_typesupport_introspection_cpp.hpp
-- Symlinking: /root/ros2_ws/install/mg400_msgs/include/mg400_msgs/mg400_msgs/srv/detail/speed_factor__rosidl_typesupport_introspection_cpp.hpp
-- Symlinking: /root/ros2_ws/install/mg400_msgs/include/mg400_msgs/mg400_msgs/srv/detail/speed_j__rosidl_typesupport_introspection_cpp.hpp
-- Symlinking: /root/ros2_ws/install/mg400_msgs/include/mg400_msgs/mg400_msgs/srv/detail/speed_l__rosidl_typesupport_introspection_cpp.hpp
-- Symlinking: /root/ros2_ws/install/mg400_msgs/include/mg400_msgs/mg400_msgs/srv/detail/tool__rosidl_typesupport_introspection_cpp.hpp
-- Symlinking: /root/ros2_ws/install/mg400_msgs/include/mg400_msgs/mg400_msgs/srv/detail/tool_di__rosidl_typesupport_introspection_cpp.hpp
-- Symlinking: /root/ros2_ws/install/mg400_msgs/include/mg400_msgs/mg400_msgs/srv/detail/tool_do_execute__rosidl_typesupport_introspection_cpp.hpp
-- Symlinking: /root/ros2_ws/install/mg400_msgs/include/mg400_msgs/mg400_msgs/srv/detail/user__rosidl_typesupport_introspection_cpp.hpp
-- Symlinking: /root/ros2_ws/install/mg400_msgs/share/mg400_msgs/environment/pythonpath.sh
-- Symlinking: /root/ros2_ws/install/mg400_msgs/share/mg400_msgs/environment/pythonpath.dsv
-- Symlinking: /root/ros2_ws/install/mg400_msgs/local/lib/python3.10/dist-packages/mg400_msgs-1.7.0-py3.10.egg-info/PKG-INFO
-- Symlinking: /root/ros2_ws/install/mg400_msgs/local/lib/python3.10/dist-packages/mg400_msgs-1.7.0-py3.10.egg-info/SOURCES.txt
-- Symlinking: /root/ros2_ws/install/mg400_msgs/local/lib/python3.10/dist-packages/mg400_msgs-1.7.0-py3.10.egg-info/dependency_links.txt
-- Symlinking: /root/ros2_ws/install/mg400_msgs/local/lib/python3.10/dist-packages/mg400_msgs-1.7.0-py3.10.egg-info/top_level.txt
-- Symlinking: /root/ros2_ws/install/mg400_msgs/local/lib/python3.10/dist-packages/mg400_msgs/__init__.py
-- Symlinking: /root/ros2_ws/install/mg400_msgs/local/lib/python3.10/dist-packages/mg400_msgs/_mg400_msgs_s.ep.rosidl_typesupport_c.c
-- Symlinking: /root/ros2_ws/install/mg400_msgs/local/lib/python3.10/dist-packages/mg400_msgs/_mg400_msgs_s.ep.rosidl_typesupport_fastrtps_c.c
-- Symlinking: /root/ros2_ws/install/mg400_msgs/local/lib/python3.10/dist-packages/mg400_msgs/_mg400_msgs_s.ep.rosidl_typesupport_introspection_c.c
-- Symlinking: /root/ros2_ws/install/mg400_msgs/local/lib/python3.10/dist-packages/mg400_msgs/action/__init__.py
-- Symlinking: /root/ros2_ws/install/mg400_msgs/local/lib/python3.10/dist-packages/mg400_msgs/action/_command_queue.py
-- Symlinking: /root/ros2_ws/install/mg400_msgs/local/lib/python3.10/dist-packages/mg400_msgs/action/_command_queue_s.c
-- Symlinking: /root/ros2_ws/install/mg400_msgs/local/lib/python3.10/dist-packages/mg400_msgs/action/_joint_mov_j.py
-- Symlinking: /root/ros2_ws/install/mg400_msgs/local/lib/python3.10/dist-packages/mg400_msgs/action/_joint_mov_j_s.c
-- Symlinking: /root/ros2_ws/install/mg400_msgs/local/lib/python3.10/dist-packages/mg400_msgs/action/_mov_j.py
-- Symlinking: /root/ros2_ws/install/mg400_msgs/local/lib/python3.10/dist-packages/mg400_msgs/action/_mov_j_s.c
-- Symlinking: /root/ros2_ws/install/mg400_msgs/local/lib/python3.10/dist-packages/mg400_msgs/action/_mov_jio.py
-- Symlinking: /root/ros2_ws/install/mg400_msgs/local/lib/python3.10/dist-packages/mg400_msgs/action/_mov_jio_s.c
-- Symlinking: /root/ros2_ws/install/mg400_msgs/local/lib/python3.10/dist-packages/mg400_msgs/action/_mov_l.py
-- Symlinking: /root/ros2_ws/install/mg400_msgs/local/lib/python3.10/dist-packages/mg400_msgs/action/_mov_l_s.c
-- Symlinking: /root/ros2_ws/install/mg400_msgs/local/lib/python3.10/dist-packages/mg400_msgs/action/_mov_lio.py
-- Symlinking: /root/ros2_ws/install/mg400_msgs/local/lib/python3.10/dist-packages/mg400_msgs/action/_mov_lio_s.c
-- Symlinking: /root/ros2_ws/install/mg400_msgs/local/lib/python3.10/dist-packages/mg400_msgs/libmg400_msgs__rosidl_generator_py.so
-- Symlinking: /root/ros2_ws/install/mg400_msgs/local/lib/python3.10/dist-packages/mg400_msgs/mg400_msgs_s__rosidl_typesupport_c.cpython-310-x86_64-linux-gnu.so
-- Symlinking: /root/ros2_ws/install/mg400_msgs/local/lib/python3.10/dist-packages/mg400_msgs/mg400_msgs_s__rosidl_typesupport_fastrtps_c.cpython-310-x86_64-linux-gnu.so
-- Symlinking: /root/ros2_ws/install/mg400_msgs/local/lib/python3.10/dist-packages/mg400_msgs/mg400_msgs_s__rosidl_typesupport_introspection_c.cpython-310-x86_64-linux-gnu.so
-- Symlinking: /root/ros2_ws/install/mg400_msgs/local/lib/python3.10/dist-packages/mg400_msgs/msg/__init__.py
-- Symlinking: /root/ros2_ws/install/mg400_msgs/local/lib/python3.10/dist-packages/mg400_msgs/msg/_arch.py
-- Symlinking: /root/ros2_ws/install/mg400_msgs/local/lib/python3.10/dist-packages/mg400_msgs/msg/_arch_s.c
-- Symlinking: /root/ros2_ws/install/mg400_msgs/local/lib/python3.10/dist-packages/mg400_msgs/msg/_collision_level.py
-- Symlinking: /root/ros2_ws/install/mg400_msgs/local/lib/python3.10/dist-packages/mg400_msgs/msg/_collision_level_s.c
-- Symlinking: /root/ros2_ws/install/mg400_msgs/local/lib/python3.10/dist-packages/mg400_msgs/msg/_command.py
-- Symlinking: /root/ros2_ws/install/mg400_msgs/local/lib/python3.10/dist-packages/mg400_msgs/msg/_command_s.c
-- Symlinking: /root/ros2_ws/install/mg400_msgs/local/lib/python3.10/dist-packages/mg400_msgs/msg/_di_index.py
-- Symlinking: /root/ros2_ws/install/mg400_msgs/local/lib/python3.10/dist-packages/mg400_msgs/msg/_di_index_s.c
-- Symlinking: /root/ros2_ws/install/mg400_msgs/local/lib/python3.10/dist-packages/mg400_msgs/msg/_distance_mode.py
-- Symlinking: /root/ros2_ws/install/mg400_msgs/local/lib/python3.10/dist-packages/mg400_msgs/msg/_distance_mode_s.c
-- Symlinking: /root/ros2_ws/install/mg400_msgs/local/lib/python3.10/dist-packages/mg400_msgs/msg/_do_index.py
-- Symlinking: /root/ros2_ws/install/mg400_msgs/local/lib/python3.10/dist-packages/mg400_msgs/msg/_do_index_s.c
-- Symlinking: /root/ros2_ws/install/mg400_msgs/local/lib/python3.10/dist-packages/mg400_msgs/msg/_do_status.py
-- Symlinking: /root/ros2_ws/install/mg400_msgs/local/lib/python3.10/dist-packages/mg400_msgs/msg/_do_status_s.c
-- Symlinking: /root/ros2_ws/install/mg400_msgs/local/lib/python3.10/dist-packages/mg400_msgs/msg/_error_id.py
-- Symlinking: /root/ros2_ws/install/mg400_msgs/local/lib/python3.10/dist-packages/mg400_msgs/msg/_error_id_s.c
-- Symlinking: /root/ros2_ws/install/mg400_msgs/local/lib/python3.10/dist-packages/mg400_msgs/msg/_id_array.py
-- Symlinking: /root/ros2_ws/install/mg400_msgs/local/lib/python3.10/dist-packages/mg400_msgs/msg/_id_array_s.c
-- Symlinking: /root/ros2_ws/install/mg400_msgs/local/lib/python3.10/dist-packages/mg400_msgs/msg/_joint_mov_j.py
-- Symlinking: /root/ros2_ws/install/mg400_msgs/local/lib/python3.10/dist-packages/mg400_msgs/msg/_joint_mov_j_s.c
-- Symlinking: /root/ros2_ws/install/mg400_msgs/local/lib/python3.10/dist-packages/mg400_msgs/msg/_mov_j.py
-- Symlinking: /root/ros2_ws/install/mg400_msgs/local/lib/python3.10/dist-packages/mg400_msgs/msg/_mov_j_s.c
-- Symlinking: /root/ros2_ws/install/mg400_msgs/local/lib/python3.10/dist-packages/mg400_msgs/msg/_mov_jio.py
-- Symlinking: /root/ros2_ws/install/mg400_msgs/local/lib/python3.10/dist-packages/mg400_msgs/msg/_mov_jio_s.c
-- Symlinking: /root/ros2_ws/install/mg400_msgs/local/lib/python3.10/dist-packages/mg400_msgs/msg/_mov_l.py
-- Symlinking: /root/ros2_ws/install/mg400_msgs/local/lib/python3.10/dist-packages/mg400_msgs/msg/_mov_l_s.c
-- Symlinking: /root/ros2_ws/install/mg400_msgs/local/lib/python3.10/dist-packages/mg400_msgs/msg/_mov_lio.py
-- Symlinking: /root/ros2_ws/install/mg400_msgs/local/lib/python3.10/dist-packages/mg400_msgs/msg/_mov_lio_s.c
-- Symlinking: /root/ros2_ws/install/mg400_msgs/local/lib/python3.10/dist-packages/mg400_msgs/msg/_move_jog.py
-- Symlinking: /root/ros2_ws/install/mg400_msgs/local/lib/python3.10/dist-packages/mg400_msgs/msg/_move_jog_s.c
-- Symlinking: /root/ros2_ws/install/mg400_msgs/local/lib/python3.10/dist-packages/mg400_msgs/msg/_robot_mode.py
-- Symlinking: /root/ros2_ws/install/mg400_msgs/local/lib/python3.10/dist-packages/mg400_msgs/msg/_robot_mode_s.c
-- Symlinking: /root/ros2_ws/install/mg400_msgs/local/lib/python3.10/dist-packages/mg400_msgs/msg/_tool.py
-- Symlinking: /root/ros2_ws/install/mg400_msgs/local/lib/python3.10/dist-packages/mg400_msgs/msg/_tool_di_index.py
-- Symlinking: /root/ros2_ws/install/mg400_msgs/local/lib/python3.10/dist-packages/mg400_msgs/msg/_tool_di_index_s.c
-- Symlinking: /root/ros2_ws/install/mg400_msgs/local/lib/python3.10/dist-packages/mg400_msgs/msg/_tool_do_index.py
-- Symlinking: /root/ros2_ws/install/mg400_msgs/local/lib/python3.10/dist-packages/mg400_msgs/msg/_tool_do_index_s.c
-- Symlinking: /root/ros2_ws/install/mg400_msgs/local/lib/python3.10/dist-packages/mg400_msgs/msg/_tool_s.c
-- Symlinking: /root/ros2_ws/install/mg400_msgs/local/lib/python3.10/dist-packages/mg400_msgs/msg/_user.py
-- Symlinking: /root/ros2_ws/install/mg400_msgs/local/lib/python3.10/dist-packages/mg400_msgs/msg/_user_s.c
-- Symlinking: /root/ros2_ws/install/mg400_msgs/local/lib/python3.10/dist-packages/mg400_msgs/srv/__init__.py
-- Symlinking: /root/ros2_ws/install/mg400_msgs/local/lib/python3.10/dist-packages/mg400_msgs/srv/_acc_j.py
-- Symlinking: /root/ros2_ws/install/mg400_msgs/local/lib/python3.10/dist-packages/mg400_msgs/srv/_acc_j_s.c
-- Symlinking: /root/ros2_ws/install/mg400_msgs/local/lib/python3.10/dist-packages/mg400_msgs/srv/_acc_l.py
-- Symlinking: /root/ros2_ws/install/mg400_msgs/local/lib/python3.10/dist-packages/mg400_msgs/srv/_acc_l_s.c
-- Symlinking: /root/ros2_ws/install/mg400_msgs/local/lib/python3.10/dist-packages/mg400_msgs/srv/_arch.py
-- Symlinking: /root/ros2_ws/install/mg400_msgs/local/lib/python3.10/dist-packages/mg400_msgs/srv/_arch_s.c
-- Symlinking: /root/ros2_ws/install/mg400_msgs/local/lib/python3.10/dist-packages/mg400_msgs/srv/_clear_error.py
-- Symlinking: /root/ros2_ws/install/mg400_msgs/local/lib/python3.10/dist-packages/mg400_msgs/srv/_clear_error_s.c
-- Symlinking: /root/ros2_ws/install/mg400_msgs/local/lib/python3.10/dist-packages/mg400_msgs/srv/_cp.py
-- Symlinking: /root/ros2_ws/install/mg400_msgs/local/lib/python3.10/dist-packages/mg400_msgs/srv/_cp_s.c
-- Symlinking: /root/ros2_ws/install/mg400_msgs/local/lib/python3.10/dist-packages/mg400_msgs/srv/_di.py
-- Symlinking: /root/ros2_ws/install/mg400_msgs/local/lib/python3.10/dist-packages/mg400_msgs/srv/_di_s.c
-- Symlinking: /root/ros2_ws/install/mg400_msgs/local/lib/python3.10/dist-packages/mg400_msgs/srv/_disable_robot.py
-- Symlinking: /root/ros2_ws/install/mg400_msgs/local/lib/python3.10/dist-packages/mg400_msgs/srv/_disable_robot_s.c
-- Symlinking: /root/ros2_ws/install/mg400_msgs/local/lib/python3.10/dist-packages/mg400_msgs/srv/_do.py
-- Symlinking: /root/ros2_ws/install/mg400_msgs/local/lib/python3.10/dist-packages/mg400_msgs/srv/_do_s.c
-- Symlinking: /root/ros2_ws/install/mg400_msgs/local/lib/python3.10/dist-packages/mg400_msgs/srv/_emergency_stop.py
-- Symlinking: /root/ros2_ws/install/mg400_msgs/local/lib/python3.10/dist-packages/mg400_msgs/srv/_emergency_stop_s.c
-- Symlinking: /root/ros2_ws/install/mg400_msgs/local/lib/python3.10/dist-packages/mg400_msgs/srv/_enable_robot.py
-- Symlinking: /root/ros2_ws/install/mg400_msgs/local/lib/python3.10/dist-packages/mg400_msgs/srv/_enable_robot_s.c
-- Symlinking: /root/ros2_ws/install/mg400_msgs/local/lib/python3.10/dist-packages/mg400_msgs/srv/_get_angle.py
-- Symlinking: /root/ros2_ws/install/mg400_msgs/local/lib/python3.10/dist-packages/mg400_msgs/srv/_get_angle_s.c
-- Symlinking: /root/ros2_ws/install/mg400_msgs/local/lib/python3.10/dist-packages/mg400_msgs/srv/_get_error_id.py
-- Symlinking: /root/ros2_ws/install/mg400_msgs/local/lib/python3.10/dist-packages/mg400_msgs/srv/_get_error_id_s.c
-- Symlinking: /root/ros2_ws/install/mg400_msgs/local/lib/python3.10/dist-packages/mg400_msgs/srv/_get_pose.py
-- Symlinking: /root/ros2_ws/install/mg400_msgs/local/lib/python3.10/dist-packages/mg400_msgs/srv/_get_pose_s.c
-- Symlinking: /root/ros2_ws/install/mg400_msgs/local/lib/python3.10/dist-packages/mg400_msgs/srv/_inverse_solution.py
-- Symlinking: /root/ros2_ws/install/mg400_msgs/local/lib/python3.10/dist-packages/mg400_msgs/srv/_inverse_solution_s.c
-- Symlinking: /root/ros2_ws/install/mg400_msgs/local/lib/python3.10/dist-packages/mg400_msgs/srv/_joint_mov_j.py
-- Symlinking: /root/ros2_ws/install/mg400_msgs/local/lib/python3.10/dist-packages/mg400_msgs/srv/_joint_mov_j_s.c
-- Symlinking: /root/ros2_ws/install/mg400_msgs/local/lib/python3.10/dist-packages/mg400_msgs/srv/_move_jog.py
-- Symlinking: /root/ros2_ws/install/mg400_msgs/local/lib/python3.10/dist-packages/mg400_msgs/srv/_move_jog_s.c
-- Symlinking: /root/ros2_ws/install/mg400_msgs/local/lib/python3.10/dist-packages/mg400_msgs/srv/_pay_load.py
-- Symlinking: /root/ros2_ws/install/mg400_msgs/local/lib/python3.10/dist-packages/mg400_msgs/srv/_pay_load_s.c
-- Symlinking: /root/ros2_ws/install/mg400_msgs/local/lib/python3.10/dist-packages/mg400_msgs/srv/_positive_solution.py
-- Symlinking: /root/ros2_ws/install/mg400_msgs/local/lib/python3.10/dist-packages/mg400_msgs/srv/_positive_solution_s.c
-- Symlinking: /root/ros2_ws/install/mg400_msgs/local/lib/python3.10/dist-packages/mg400_msgs/srv/_reset_robot.py
-- Symlinking: /root/ros2_ws/install/mg400_msgs/local/lib/python3.10/dist-packages/mg400_msgs/srv/_reset_robot_s.c
-- Symlinking: /root/ros2_ws/install/mg400_msgs/local/lib/python3.10/dist-packages/mg400_msgs/srv/_robot_mode.py
-- Symlinking: /root/ros2_ws/install/mg400_msgs/local/lib/python3.10/dist-packages/mg400_msgs/srv/_robot_mode_s.c
-- Symlinking: /root/ros2_ws/install/mg400_msgs/local/lib/python3.10/dist-packages/mg400_msgs/srv/_set_collision_level.py
-- Symlinking: /root/ros2_ws/install/mg400_msgs/local/lib/python3.10/dist-packages/mg400_msgs/srv/_set_collision_level_s.c
-- Symlinking: /root/ros2_ws/install/mg400_msgs/local/lib/python3.10/dist-packages/mg400_msgs/srv/_speed_factor.py
-- Symlinking: /root/ros2_ws/install/mg400_msgs/local/lib/python3.10/dist-packages/mg400_msgs/srv/_speed_factor_s.c
-- Symlinking: /root/ros2_ws/install/mg400_msgs/local/lib/python3.10/dist-packages/mg400_msgs/srv/_speed_j.py
-- Symlinking: /root/ros2_ws/install/mg400_msgs/local/lib/python3.10/dist-packages/mg400_msgs/srv/_speed_j_s.c
-- Symlinking: /root/ros2_ws/install/mg400_msgs/local/lib/python3.10/dist-packages/mg400_msgs/srv/_speed_l.py
-- Symlinking: /root/ros2_ws/install/mg400_msgs/local/lib/python3.10/dist-packages/mg400_msgs/srv/_speed_l_s.c
-- Symlinking: /root/ros2_ws/install/mg400_msgs/local/lib/python3.10/dist-packages/mg400_msgs/srv/_tool.py
-- Symlinking: /root/ros2_ws/install/mg400_msgs/local/lib/python3.10/dist-packages/mg400_msgs/srv/_tool_di.py
-- Symlinking: /root/ros2_ws/install/mg400_msgs/local/lib/python3.10/dist-packages/mg400_msgs/srv/_tool_di_s.c
-- Symlinking: /root/ros2_ws/install/mg400_msgs/local/lib/python3.10/dist-packages/mg400_msgs/srv/_tool_do_execute.py
-- Symlinking: /root/ros2_ws/install/mg400_msgs/local/lib/python3.10/dist-packages/mg400_msgs/srv/_tool_do_execute_s.c
-- Symlinking: /root/ros2_ws/install/mg400_msgs/local/lib/python3.10/dist-packages/mg400_msgs/srv/_tool_s.c
-- Symlinking: /root/ros2_ws/install/mg400_msgs/local/lib/python3.10/dist-packages/mg400_msgs/srv/_user.py
-- Symlinking: /root/ros2_ws/install/mg400_msgs/local/lib/python3.10/dist-packages/mg400_msgs/srv/_user_s.c
-- Up-to-date symlink: /root/ros2_ws/install/mg400_msgs/local/lib/python3.10/dist-packages/mg400_msgs/mg400_msgs_s__rosidl_typesupport_fastrtps_c.cpython-310-x86_64-linux-gnu.so
-- Up-to-date symlink: /root/ros2_ws/install/mg400_msgs/local/lib/python3.10/dist-packages/mg400_msgs/mg400_msgs_s__rosidl_typesupport_introspection_c.cpython-310-x86_64-linux-gnu.so
-- Up-to-date symlink: /root/ros2_ws/install/mg400_msgs/local/lib/python3.10/dist-packages/mg400_msgs/mg400_msgs_s__rosidl_typesupport_c.cpython-310-x86_64-linux-gnu.so
-- Symlinking: /root/ros2_ws/install/mg400_msgs/share/ament_index/resource_index/rust_packages/mg400_msgs
-- Symlinking: /root/ros2_ws/install/mg400_msgs/share/mg400_msgs/rust/Cargo.toml
-- Symlinking: /root/ros2_ws/install/mg400_msgs/share/mg400_msgs/rust/build.rs
-- Symlinking: /root/ros2_ws/install/mg400_msgs/share/mg400_msgs/rust/src/action.rs
-- Symlinking: /root/ros2_ws/install/mg400_msgs/share/mg400_msgs/rust/src/action/rmw.rs
-- Symlinking: /root/ros2_ws/install/mg400_msgs/share/mg400_msgs/rust/src/lib.rs
-- Symlinking: /root/ros2_ws/install/mg400_msgs/share/mg400_msgs/rust/src/msg.rs
-- Symlinking: /root/ros2_ws/install/mg400_msgs/share/mg400_msgs/rust/src/msg/rmw.rs
-- Symlinking: /root/ros2_ws/install/mg400_msgs/share/mg400_msgs/rust/src/srv.rs
-- Symlinking: /root/ros2_ws/install/mg400_msgs/share/mg400_msgs/rust/src/srv/rmw.rs
-- Symlinking: /root/ros2_ws/install/mg400_msgs/share/mg400_msgs/msg/Arch.idl
-- Symlinking: /root/ros2_ws/install/mg400_msgs/share/mg400_msgs/msg/CollisionLevel.idl
-- Symlinking: /root/ros2_ws/install/mg400_msgs/share/mg400_msgs/msg/Command.idl
-- Symlinking: /root/ros2_ws/install/mg400_msgs/share/mg400_msgs/msg/DIIndex.idl
-- Symlinking: /root/ros2_ws/install/mg400_msgs/share/mg400_msgs/msg/DOIndex.idl
-- Symlinking: /root/ros2_ws/install/mg400_msgs/share/mg400_msgs/msg/DOStatus.idl
-- Symlinking: /root/ros2_ws/install/mg400_msgs/share/mg400_msgs/msg/DistanceMode.idl
-- Symlinking: /root/ros2_ws/install/mg400_msgs/share/mg400_msgs/msg/ErrorID.idl
-- Symlinking: /root/ros2_ws/install/mg400_msgs/share/mg400_msgs/msg/IDArray.idl
-- Symlinking: /root/ros2_ws/install/mg400_msgs/share/mg400_msgs/msg/JointMovJ.idl
-- Symlinking: /root/ros2_ws/install/mg400_msgs/share/mg400_msgs/msg/MovJ.idl
-- Symlinking: /root/ros2_ws/install/mg400_msgs/share/mg400_msgs/msg/MovJIO.idl
-- Symlinking: /root/ros2_ws/install/mg400_msgs/share/mg400_msgs/msg/MovL.idl
-- Symlinking: /root/ros2_ws/install/mg400_msgs/share/mg400_msgs/msg/MovLIO.idl
-- Symlinking: /root/ros2_ws/install/mg400_msgs/share/mg400_msgs/msg/MoveJog.idl
-- Symlinking: /root/ros2_ws/install/mg400_msgs/share/mg400_msgs/msg/RobotMode.idl
-- Symlinking: /root/ros2_ws/install/mg400_msgs/share/mg400_msgs/msg/Tool.idl
-- Symlinking: /root/ros2_ws/install/mg400_msgs/share/mg400_msgs/msg/ToolDIIndex.idl
-- Symlinking: /root/ros2_ws/install/mg400_msgs/share/mg400_msgs/msg/ToolDOIndex.idl
-- Symlinking: /root/ros2_ws/install/mg400_msgs/share/mg400_msgs/msg/User.idl
-- Symlinking: /root/ros2_ws/install/mg400_msgs/share/mg400_msgs/srv/AccJ.idl
-- Symlinking: /root/ros2_ws/install/mg400_msgs/share/mg400_msgs/srv/AccL.idl
-- Symlinking: /root/ros2_ws/install/mg400_msgs/share/mg400_msgs/srv/Arch.idl
-- Symlinking: /root/ros2_ws/install/mg400_msgs/share/mg400_msgs/srv/CP.idl
-- Symlinking: /root/ros2_ws/install/mg400_msgs/share/mg400_msgs/srv/ClearError.idl
-- Symlinking: /root/ros2_ws/install/mg400_msgs/share/mg400_msgs/srv/DI.idl
-- Symlinking: /root/ros2_ws/install/mg400_msgs/share/mg400_msgs/srv/DO.idl
-- Symlinking: /root/ros2_ws/install/mg400_msgs/share/mg400_msgs/srv/DisableRobot.idl
-- Symlinking: /root/ros2_ws/install/mg400_msgs/share/mg400_msgs/srv/EmergencyStop.idl
-- Symlinking: /root/ros2_ws/install/mg400_msgs/share/mg400_msgs/srv/EnableRobot.idl
-- Symlinking: /root/ros2_ws/install/mg400_msgs/share/mg400_msgs/srv/GetAngle.idl
-- Symlinking: /root/ros2_ws/install/mg400_msgs/share/mg400_msgs/srv/GetErrorID.idl
-- Symlinking: /root/ros2_ws/install/mg400_msgs/share/mg400_msgs/srv/GetPose.idl
-- Symlinking: /root/ros2_ws/install/mg400_msgs/share/mg400_msgs/srv/InverseSolution.idl
-- Symlinking: /root/ros2_ws/install/mg400_msgs/share/mg400_msgs/srv/JointMovJ.idl
-- Symlinking: /root/ros2_ws/install/mg400_msgs/share/mg400_msgs/srv/MoveJog.idl
-- Symlinking: /root/ros2_ws/install/mg400_msgs/share/mg400_msgs/srv/PayLoad.idl
-- Symlinking: /root/ros2_ws/install/mg400_msgs/share/mg400_msgs/srv/PositiveSolution.idl
-- Symlinking: /root/ros2_ws/install/mg400_msgs/share/mg400_msgs/srv/ResetRobot.idl
-- Symlinking: /root/ros2_ws/install/mg400_msgs/share/mg400_msgs/srv/RobotMode.idl
-- Symlinking: /root/ros2_ws/install/mg400_msgs/share/mg400_msgs/srv/SetCollisionLevel.idl
-- Symlinking: /root/ros2_ws/install/mg400_msgs/share/mg400_msgs/srv/SpeedFactor.idl
-- Symlinking: /root/ros2_ws/install/mg400_msgs/share/mg400_msgs/srv/SpeedJ.idl
-- Symlinking: /root/ros2_ws/install/mg400_msgs/share/mg400_msgs/srv/SpeedL.idl
-- Symlinking: /root/ros2_ws/install/mg400_msgs/share/mg400_msgs/srv/Tool.idl
-- Symlinking: /root/ros2_ws/install/mg400_msgs/share/mg400_msgs/srv/ToolDI.idl
-- Symlinking: /root/ros2_ws/install/mg400_msgs/share/mg400_msgs/srv/ToolDOExecute.idl
-- Symlinking: /root/ros2_ws/install/mg400_msgs/share/mg400_msgs/srv/User.idl
-- Symlinking: /root/ros2_ws/install/mg400_msgs/share/mg400_msgs/action/CommandQueue.idl
-- Symlinking: /root/ros2_ws/install/mg400_msgs/share/mg400_msgs/action/JointMovJ.idl
-- Symlinking: /root/ros2_ws/install/mg400_msgs/share/mg400_msgs/action/MovJ.idl
-- Symlinking: /root/ros2_ws/install/mg400_msgs/share/mg400_msgs/action/MovJIO.idl
-- Symlinking: /root/ros2_ws/install/mg400_msgs/share/mg400_msgs/action/MovL.idl
-- Symlinking: /root/ros2_ws/install/mg400_msgs/share/mg400_msgs/action/MovLIO.idl
-- Symlinking: /root/ros2_ws/install/mg400_msgs/share/mg400_msgs/msg/Arch.msg
-- Symlinking: /root/ros2_ws/install/mg400_msgs/share/mg400_msgs/msg/CollisionLevel.msg
-- Symlinking: /root/ros2_ws/install/mg400_msgs/share/mg400_msgs/msg/Command.msg
-- Symlinking: /root/ros2_ws/install/mg400_msgs/share/mg400_msgs/msg/DIIndex.msg
-- Symlinking: /root/ros2_ws/install/mg400_msgs/share/mg400_msgs/msg/DOIndex.msg
-- Symlinking: /root/ros2_ws/install/mg400_msgs/share/mg400_msgs/msg/DOStatus.msg
-- Symlinking: /root/ros2_ws/install/mg400_msgs/share/mg400_msgs/msg/DistanceMode.msg
-- Symlinking: /root/ros2_ws/install/mg400_msgs/share/mg400_msgs/msg/ErrorID.msg
-- Symlinking: /root/ros2_ws/install/mg400_msgs/share/mg400_msgs/msg/IDArray.msg
-- Symlinking: /root/ros2_ws/install/mg400_msgs/share/mg400_msgs/msg/JointMovJ.msg
-- Symlinking: /root/ros2_ws/install/mg400_msgs/share/mg400_msgs/msg/MovJ.msg
-- Symlinking: /root/ros2_ws/install/mg400_msgs/share/mg400_msgs/msg/MovJIO.msg
-- Symlinking: /root/ros2_ws/install/mg400_msgs/share/mg400_msgs/msg/MovL.msg
-- Symlinking: /root/ros2_ws/install/mg400_msgs/share/mg400_msgs/msg/MovLIO.msg
-- Symlinking: /root/ros2_ws/install/mg400_msgs/share/mg400_msgs/msg/MoveJog.msg
-- Symlinking: /root/ros2_ws/install/mg400_msgs/share/mg400_msgs/msg/RobotMode.msg
-- Symlinking: /root/ros2_ws/install/mg400_msgs/share/mg400_msgs/msg/Tool.msg
-- Symlinking: /root/ros2_ws/install/mg400_msgs/share/mg400_msgs/msg/ToolDIIndex.msg
-- Symlinking: /root/ros2_ws/install/mg400_msgs/share/mg400_msgs/msg/ToolDOIndex.msg
-- Symlinking: /root/ros2_ws/install/mg400_msgs/share/mg400_msgs/msg/User.msg
-- Symlinking: /root/ros2_ws/install/mg400_msgs/share/mg400_msgs/srv/AccJ.srv
-- Symlinking: /root/ros2_ws/install/mg400_msgs/share/mg400_msgs/srv/AccJ_Request.msg
-- Symlinking: /root/ros2_ws/install/mg400_msgs/share/mg400_msgs/srv/AccJ_Response.msg
-- Symlinking: /root/ros2_ws/install/mg400_msgs/share/mg400_msgs/srv/AccL.srv
-- Symlinking: /root/ros2_ws/install/mg400_msgs/share/mg400_msgs/srv/AccL_Request.msg
-- Symlinking: /root/ros2_ws/install/mg400_msgs/share/mg400_msgs/srv/AccL_Response.msg
-- Symlinking: /root/ros2_ws/install/mg400_msgs/share/mg400_msgs/srv/Arch.srv
-- Symlinking: /root/ros2_ws/install/mg400_msgs/share/mg400_msgs/srv/Arch_Request.msg
-- Symlinking: /root/ros2_ws/install/mg400_msgs/share/mg400_msgs/srv/Arch_Response.msg
-- Symlinking: /root/ros2_ws/install/mg400_msgs/share/mg400_msgs/srv/CP.srv
-- Symlinking: /root/ros2_ws/install/mg400_msgs/share/mg400_msgs/srv/CP_Request.msg
-- Symlinking: /root/ros2_ws/install/mg400_msgs/share/mg400_msgs/srv/CP_Response.msg
-- Symlinking: /root/ros2_ws/install/mg400_msgs/share/mg400_msgs/srv/ClearError.srv
-- Symlinking: /root/ros2_ws/install/mg400_msgs/share/mg400_msgs/srv/ClearError_Request.msg
-- Symlinking: /root/ros2_ws/install/mg400_msgs/share/mg400_msgs/srv/ClearError_Response.msg
-- Symlinking: /root/ros2_ws/install/mg400_msgs/share/mg400_msgs/srv/DI.srv
-- Symlinking: /root/ros2_ws/install/mg400_msgs/share/mg400_msgs/srv/DI_Request.msg
-- Symlinking: /root/ros2_ws/install/mg400_msgs/share/mg400_msgs/srv/DI_Response.msg
-- Symlinking: /root/ros2_ws/install/mg400_msgs/share/mg400_msgs/srv/DO.srv
-- Symlinking: /root/ros2_ws/install/mg400_msgs/share/mg400_msgs/srv/DO_Request.msg
-- Symlinking: /root/ros2_ws/install/mg400_msgs/share/mg400_msgs/srv/DO_Response.msg
-- Symlinking: /root/ros2_ws/install/mg400_msgs/share/mg400_msgs/srv/DisableRobot.srv
-- Symlinking: /root/ros2_ws/install/mg400_msgs/share/mg400_msgs/srv/DisableRobot_Request.msg
-- Symlinking: /root/ros2_ws/install/mg400_msgs/share/mg400_msgs/srv/DisableRobot_Response.msg
-- Symlinking: /root/ros2_ws/install/mg400_msgs/share/mg400_msgs/srv/EmergencyStop.srv
-- Symlinking: /root/ros2_ws/install/mg400_msgs/share/mg400_msgs/srv/EmergencyStop_Request.msg
-- Symlinking: /root/ros2_ws/install/mg400_msgs/share/mg400_msgs/srv/EmergencyStop_Response.msg
-- Symlinking: /root/ros2_ws/install/mg400_msgs/share/mg400_msgs/srv/EnableRobot.srv
-- Symlinking: /root/ros2_ws/install/mg400_msgs/share/mg400_msgs/srv/EnableRobot_Request.msg
-- Symlinking: /root/ros2_ws/install/mg400_msgs/share/mg400_msgs/srv/EnableRobot_Response.msg
-- Symlinking: /root/ros2_ws/install/mg400_msgs/share/mg400_msgs/srv/GetAngle.srv
-- Symlinking: /root/ros2_ws/install/mg400_msgs/share/mg400_msgs/srv/GetAngle_Request.msg
-- Symlinking: /root/ros2_ws/install/mg400_msgs/share/mg400_msgs/srv/GetAngle_Response.msg
-- Symlinking: /root/ros2_ws/install/mg400_msgs/share/mg400_msgs/srv/GetErrorID.srv
-- Symlinking: /root/ros2_ws/install/mg400_msgs/share/mg400_msgs/srv/GetErrorID_Request.msg
-- Symlinking: /root/ros2_ws/install/mg400_msgs/share/mg400_msgs/srv/GetErrorID_Response.msg
-- Symlinking: /root/ros2_ws/install/mg400_msgs/share/mg400_msgs/srv/GetPose.srv
-- Symlinking: /root/ros2_ws/install/mg400_msgs/share/mg400_msgs/srv/GetPose_Request.msg
-- Symlinking: /root/ros2_ws/install/mg400_msgs/share/mg400_msgs/srv/GetPose_Response.msg
-- Symlinking: /root/ros2_ws/install/mg400_msgs/share/mg400_msgs/srv/InverseSolution.srv
-- Symlinking: /root/ros2_ws/install/mg400_msgs/share/mg400_msgs/srv/InverseSolution_Request.msg
-- Symlinking: /root/ros2_ws/install/mg400_msgs/share/mg400_msgs/srv/InverseSolution_Response.msg
-- Symlinking: /root/ros2_ws/install/mg400_msgs/share/mg400_msgs/srv/JointMovJ.srv
-- Symlinking: /root/ros2_ws/install/mg400_msgs/share/mg400_msgs/srv/JointMovJ_Request.msg
-- Symlinking: /root/ros2_ws/install/mg400_msgs/share/mg400_msgs/srv/JointMovJ_Response.msg
-- Symlinking: /root/ros2_ws/install/mg400_msgs/share/mg400_msgs/srv/MoveJog.srv
-- Symlinking: /root/ros2_ws/install/mg400_msgs/share/mg400_msgs/srv/MoveJog_Request.msg
-- Symlinking: /root/ros2_ws/install/mg400_msgs/share/mg400_msgs/srv/MoveJog_Response.msg
-- Symlinking: /root/ros2_ws/install/mg400_msgs/share/mg400_msgs/srv/PayLoad.srv
-- Symlinking: /root/ros2_ws/install/mg400_msgs/share/mg400_msgs/srv/PayLoad_Request.msg
-- Symlinking: /root/ros2_ws/install/mg400_msgs/share/mg400_msgs/srv/PayLoad_Response.msg
-- Symlinking: /root/ros2_ws/install/mg400_msgs/share/mg400_msgs/srv/PositiveSolution.srv
-- Symlinking: /root/ros2_ws/install/mg400_msgs/share/mg400_msgs/srv/PositiveSolution_Request.msg
-- Symlinking: /root/ros2_ws/install/mg400_msgs/share/mg400_msgs/srv/PositiveSolution_Response.msg
-- Symlinking: /root/ros2_ws/install/mg400_msgs/share/mg400_msgs/srv/ResetRobot.srv
-- Symlinking: /root/ros2_ws/install/mg400_msgs/share/mg400_msgs/srv/ResetRobot_Request.msg
-- Symlinking: /root/ros2_ws/install/mg400_msgs/share/mg400_msgs/srv/ResetRobot_Response.msg
-- Symlinking: /root/ros2_ws/install/mg400_msgs/share/mg400_msgs/srv/RobotMode.srv
-- Symlinking: /root/ros2_ws/install/mg400_msgs/share/mg400_msgs/srv/RobotMode_Request.msg
-- Symlinking: /root/ros2_ws/install/mg400_msgs/share/mg400_msgs/srv/RobotMode_Response.msg
-- Symlinking: /root/ros2_ws/install/mg400_msgs/share/mg400_msgs/srv/SetCollisionLevel.srv
-- Symlinking: /root/ros2_ws/install/mg400_msgs/share/mg400_msgs/srv/SetCollisionLevel_Request.msg
-- Symlinking: /root/ros2_ws/install/mg400_msgs/share/mg400_msgs/srv/SetCollisionLevel_Response.msg
-- Symlinking: /root/ros2_ws/install/mg400_msgs/share/mg400_msgs/srv/SpeedFactor.srv
-- Symlinking: /root/ros2_ws/install/mg400_msgs/share/mg400_msgs/srv/SpeedFactor_Request.msg
-- Symlinking: /root/ros2_ws/install/mg400_msgs/share/mg400_msgs/srv/SpeedFactor_Response.msg
-- Symlinking: /root/ros2_ws/install/mg400_msgs/share/mg400_msgs/srv/SpeedJ.srv
-- Symlinking: /root/ros2_ws/install/mg400_msgs/share/mg400_msgs/srv/SpeedJ_Request.msg
-- Symlinking: /root/ros2_ws/install/mg400_msgs/share/mg400_msgs/srv/SpeedJ_Response.msg
-- Symlinking: /root/ros2_ws/install/mg400_msgs/share/mg400_msgs/srv/SpeedL.srv
-- Symlinking: /root/ros2_ws/install/mg400_msgs/share/mg400_msgs/srv/SpeedL_Request.msg
-- Symlinking: /root/ros2_ws/install/mg400_msgs/share/mg400_msgs/srv/SpeedL_Response.msg
-- Symlinking: /root/ros2_ws/install/mg400_msgs/share/mg400_msgs/srv/Tool.srv
-- Symlinking: /root/ros2_ws/install/mg400_msgs/share/mg400_msgs/srv/Tool_Request.msg
-- Symlinking: /root/ros2_ws/install/mg400_msgs/share/mg400_msgs/srv/Tool_Response.msg
-- Symlinking: /root/ros2_ws/install/mg400_msgs/share/mg400_msgs/srv/ToolDI.srv
-- Symlinking: /root/ros2_ws/install/mg400_msgs/share/mg400_msgs/srv/ToolDI_Request.msg
-- Symlinking: /root/ros2_ws/install/mg400_msgs/share/mg400_msgs/srv/ToolDI_Response.msg
-- Symlinking: /root/ros2_ws/install/mg400_msgs/share/mg400_msgs/srv/ToolDOExecute.srv
-- Symlinking: /root/ros2_ws/install/mg400_msgs/share/mg400_msgs/srv/ToolDOExecute_Request.msg
-- Symlinking: /root/ros2_ws/install/mg400_msgs/share/mg400_msgs/srv/ToolDOExecute_Response.msg
-- Symlinking: /root/ros2_ws/install/mg400_msgs/share/mg400_msgs/srv/User.srv
-- Symlinking: /root/ros2_ws/install/mg400_msgs/share/mg400_msgs/srv/User_Request.msg
-- Symlinking: /root/ros2_ws/install/mg400_msgs/share/mg400_msgs/srv/User_Response.msg
-- Symlinking: /root/ros2_ws/install/mg400_msgs/share/mg400_msgs/action/CommandQueue.action
-- Symlinking: /root/ros2_ws/install/mg400_msgs/share/mg400_msgs/action/JointMovJ.action
-- Symlinking: /root/ros2_ws/install/mg400_msgs/share/mg400_msgs/action/MovJ.action
-- Symlinking: /root/ros2_ws/install/mg400_msgs/share/mg400_msgs/action/MovJIO.action
-- Symlinking: /root/ros2_ws/install/mg400_msgs/share/mg400_msgs/action/MovL.action
-- Symlinking: /root/ros2_ws/install/mg400_msgs/share/mg400_msgs/action/MovLIO.action
-- Symlinking: /root/ros2_ws/install/mg400_msgs/share/ament_index/resource_index/package_run_dependencies/mg400_msgs
-- Symlinking: /root/ros2_ws/install/mg400_msgs/share/ament_index/resource_index/parent_prefix_path/mg400_msgs
-- Symlinking: /root/ros2_ws/install/mg400_msgs/share/mg400_msgs/environment/ament_prefix_path.sh
-- Symlinking: /root/ros2_ws/install/mg400_msgs/share/mg400_msgs/environment/ament_prefix_path.dsv
-- Symlinking: /root/ros2_ws/install/mg400_msgs/share/mg400_msgs/environment/path.sh
-- Symlinking: /root/ros2_ws/install/mg400_msgs/share/mg400_msgs/environment/path.dsv
-- Symlinking: /root/ros2_ws/install/mg400_msgs/share/mg400_msgs/local_setup.bash
-- Symlinking: /root/ros2_ws/install/mg400_msgs/share/mg400_msgs/local_setup.sh
-- Symlinking: /root/ros2_ws/install/mg400_msgs/share/mg400_msgs/local_setup.zsh
-- Symlinking: /root/ros2_ws/install/mg400_msgs/share/mg400_msgs/local_setup.dsv
-- Symlinking: /root/ros2_ws/install/mg400_msgs/share/mg400_msgs/package.dsv
-- Symlinking: /root/ros2_ws/install/mg400_msgs/share/ament_index/resource_index/packages/mg400_msgs
-- Symlinking: /root/ros2_ws/install/mg400_msgs/share/mg400_msgs/cmake/rosidl_cmake-extras.cmake
-- Symlinking: /root/ros2_ws/install/mg400_msgs/share/mg400_msgs/cmake/ament_cmake_export_dependencies-extras.cmake
-- Symlinking: /root/ros2_ws/install/mg400_msgs/share/mg400_msgs/cmake/ament_cmake_export_include_directories-extras.cmake
-- Symlinking: /root/ros2_ws/install/mg400_msgs/share/mg400_msgs/cmake/ament_cmake_export_libraries-extras.cmake
-- Symlinking: /root/ros2_ws/install/mg400_msgs/share/mg400_msgs/cmake/ament_cmake_export_targets-extras.cmake
-- Symlinking: /root/ros2_ws/install/mg400_msgs/share/mg400_msgs/cmake/rosidl_cmake_export_typesupport_targets-extras.cmake
-- Symlinking: /root/ros2_ws/install/mg400_msgs/share/mg400_msgs/cmake/rosidl_cmake_export_typesupport_libraries-extras.cmake
-- Symlinking: /root/ros2_ws/install/mg400_msgs/share/mg400_msgs/cmake/rosidl_cmake_aggregate_target-extras.cmake
-- Symlinking: /root/ros2_ws/install/mg400_msgs/share/mg400_msgs/cmake/mg400_msgsConfig.cmake
-- Symlinking: /root/ros2_ws/install/mg400_msgs/share/mg400_msgs/cmake/mg400_msgsConfig-version.cmake
-- Symlinking: /root/ros2_ws/install/mg400_msgs/share/mg400_msgs/package.xml
-- Installing: /root/ros2_ws/install/mg400_msgs/lib/libmg400_msgs__rosidl_generator_c.so
-- Set runtime path of "/root/ros2_ws/install/mg400_msgs/lib/libmg400_msgs__rosidl_generator_c.so" to ""
-- Installing: /root/ros2_ws/install/mg400_msgs/lib/libmg400_msgs__rosidl_typesupport_fastrtps_c.so
-- Set runtime path of "/root/ros2_ws/install/mg400_msgs/lib/libmg400_msgs__rosidl_typesupport_fastrtps_c.so" to ""
-- Installing: /root/ros2_ws/install/mg400_msgs/lib/libmg400_msgs__rosidl_typesupport_fastrtps_cpp.so
-- Set runtime path of "/root/ros2_ws/install/mg400_msgs/lib/libmg400_msgs__rosidl_typesupport_fastrtps_cpp.so" to ""
-- Installing: /root/ros2_ws/install/mg400_msgs/lib/libmg400_msgs__rosidl_typesupport_introspection_c.so
-- Set runtime path of "/root/ros2_ws/install/mg400_msgs/lib/libmg400_msgs__rosidl_typesupport_introspection_c.so" to ""
-- Installing: /root/ros2_ws/install/mg400_msgs/lib/libmg400_msgs__rosidl_typesupport_c.so
-- Set runtime path of "/root/ros2_ws/install/mg400_msgs/lib/libmg400_msgs__rosidl_typesupport_c.so" to ""
-- Installing: /root/ros2_ws/install/mg400_msgs/lib/libmg400_msgs__rosidl_typesupport_introspection_cpp.so
-- Set runtime path of "/root/ros2_ws/install/mg400_msgs/lib/libmg400_msgs__rosidl_typesupport_introspection_cpp.so" to ""
-- Installing: /root/ros2_ws/install/mg400_msgs/lib/libmg400_msgs__rosidl_typesupport_cpp.so
-- Set runtime path of "/root/ros2_ws/install/mg400_msgs/lib/libmg400_msgs__rosidl_typesupport_cpp.so" to ""
Listing '/root/ros2_ws/install/mg400_msgs/local/lib/python3.10/dist-packages/mg400_msgs'...
Compiling '/root/ros2_ws/install/mg400_msgs/local/lib/python3.10/dist-packages/mg400_msgs/__init__.py'...
Listing '/root/ros2_ws/install/mg400_msgs/local/lib/python3.10/dist-packages/mg400_msgs/action'...
Compiling '/root/ros2_ws/install/mg400_msgs/local/lib/python3.10/dist-packages/mg400_msgs/action/__init__.py'...
Compiling '/root/ros2_ws/install/mg400_msgs/local/lib/python3.10/dist-packages/mg400_msgs/action/_command_queue.py'...
Compiling '/root/ros2_ws/install/mg400_msgs/local/lib/python3.10/dist-packages/mg400_msgs/action/_joint_mov_j.py'...
Compiling '/root/ros2_ws/install/mg400_msgs/local/lib/python3.10/dist-packages/mg400_msgs/action/_mov_j.py'...
Compiling '/root/ros2_ws/install/mg400_msgs/local/lib/python3.10/dist-packages/mg400_msgs/action/_mov_jio.py'...
Compiling '/root/ros2_ws/install/mg400_msgs/local/lib/python3.10/dist-packages/mg400_msgs/action/_mov_l.py'...
Compiling '/root/ros2_ws/install/mg400_msgs/local/lib/python3.10/dist-packages/mg400_msgs/action/_mov_lio.py'...
Listing '/root/ros2_ws/install/mg400_msgs/local/lib/python3.10/dist-packages/mg400_msgs/msg'...
Compiling '/root/ros2_ws/install/mg400_msgs/local/lib/python3.10/dist-packages/mg400_msgs/msg/__init__.py'...
Compiling '/root/ros2_ws/install/mg400_msgs/local/lib/python3.10/dist-packages/mg400_msgs/msg/_arch.py'...
Compiling '/root/ros2_ws/install/mg400_msgs/local/lib/python3.10/dist-packages/mg400_msgs/msg/_collision_level.py'...
Compiling '/root/ros2_ws/install/mg400_msgs/local/lib/python3.10/dist-packages/mg400_msgs/msg/_command.py'...
Compiling '/root/ros2_ws/install/mg400_msgs/local/lib/python3.10/dist-packages/mg400_msgs/msg/_di_index.py'...
Compiling '/root/ros2_ws/install/mg400_msgs/local/lib/python3.10/dist-packages/mg400_msgs/msg/_distance_mode.py'...
Compiling '/root/ros2_ws/install/mg400_msgs/local/lib/python3.10/dist-packages/mg400_msgs/msg/_do_index.py'...
Compiling '/root/ros2_ws/install/mg400_msgs/local/lib/python3.10/dist-packages/mg400_msgs/msg/_do_status.py'...
Compiling '/root/ros2_ws/install/mg400_msgs/local/lib/python3.10/dist-packages/mg400_msgs/msg/_error_id.py'...
Compiling '/root/ros2_ws/install/mg400_msgs/local/lib/python3.10/dist-packages/mg400_msgs/msg/_id_array.py'...
Compiling '/root/ros2_ws/install/mg400_msgs/local/lib/python3.10/dist-packages/mg400_msgs/msg/_joint_mov_j.py'...
Compiling '/root/ros2_ws/install/mg400_msgs/local/lib/python3.10/dist-packages/mg400_msgs/msg/_mov_j.py'...
Compiling '/root/ros2_ws/install/mg400_msgs/local/lib/python3.10/dist-packages/mg400_msgs/msg/_mov_jio.py'...
Compiling '/root/ros2_ws/install/mg400_msgs/local/lib/python3.10/dist-packages/mg400_msgs/msg/_mov_l.py'...
Compiling '/root/ros2_ws/install/mg400_msgs/local/lib/python3.10/dist-packages/mg400_msgs/msg/_mov_lio.py'...
Compiling '/root/ros2_ws/install/mg400_msgs/local/lib/python3.10/dist-packages/mg400_msgs/msg/_move_jog.py'...
Compiling '/root/ros2_ws/install/mg400_msgs/local/lib/python3.10/dist-packages/mg400_msgs/msg/_robot_mode.py'...
Compiling '/root/ros2_ws/install/mg400_msgs/local/lib/python3.10/dist-packages/mg400_msgs/msg/_tool.py'...
Compiling '/root/ros2_ws/install/mg400_msgs/local/lib/python3.10/dist-packages/mg400_msgs/msg/_tool_di_index.py'...
Compiling '/root/ros2_ws/install/mg400_msgs/local/lib/python3.10/dist-packages/mg400_msgs/msg/_tool_do_index.py'...
Compiling '/root/ros2_ws/install/mg400_msgs/local/lib/python3.10/dist-packages/mg400_msgs/msg/_user.py'...
Listing '/root/ros2_ws/install/mg400_msgs/local/lib/python3.10/dist-packages/mg400_msgs/srv'...
Compiling '/root/ros2_ws/install/mg400_msgs/local/lib/python3.10/dist-packages/mg400_msgs/srv/__init__.py'...
Compiling '/root/ros2_ws/install/mg400_msgs/local/lib/python3.10/dist-packages/mg400_msgs/srv/_acc_j.py'...
Compiling '/root/ros2_ws/install/mg400_msgs/local/lib/python3.10/dist-packages/mg400_msgs/srv/_acc_l.py'...
Compiling '/root/ros2_ws/install/mg400_msgs/local/lib/python3.10/dist-packages/mg400_msgs/srv/_arch.py'...
Compiling '/root/ros2_ws/install/mg400_msgs/local/lib/python3.10/dist-packages/mg400_msgs/srv/_clear_error.py'...
Compiling '/root/ros2_ws/install/mg400_msgs/local/lib/python3.10/dist-packages/mg400_msgs/srv/_cp.py'...
Compiling '/root/ros2_ws/install/mg400_msgs/local/lib/python3.10/dist-packages/mg400_msgs/srv/_di.py'...
Compiling '/root/ros2_ws/install/mg400_msgs/local/lib/python3.10/dist-packages/mg400_msgs/srv/_disable_robot.py'...
Compiling '/root/ros2_ws/install/mg400_msgs/local/lib/python3.10/dist-packages/mg400_msgs/srv/_do.py'...
Compiling '/root/ros2_ws/install/mg400_msgs/local/lib/python3.10/dist-packages/mg400_msgs/srv/_emergency_stop.py'...
Compiling '/root/ros2_ws/install/mg400_msgs/local/lib/python3.10/dist-packages/mg400_msgs/srv/_enable_robot.py'...
Compiling '/root/ros2_ws/install/mg400_msgs/local/lib/python3.10/dist-packages/mg400_msgs/srv/_get_angle.py'...
Compiling '/root/ros2_ws/install/mg400_msgs/local/lib/python3.10/dist-packages/mg400_msgs/srv/_get_error_id.py'...
Compiling '/root/ros2_ws/install/mg400_msgs/local/lib/python3.10/dist-packages/mg400_msgs/srv/_get_pose.py'...
Compiling '/root/ros2_ws/install/mg400_msgs/local/lib/python3.10/dist-packages/mg400_msgs/srv/_inverse_solution.py'...
Compiling '/root/ros2_ws/install/mg400_msgs/local/lib/python3.10/dist-packages/mg400_msgs/srv/_joint_mov_j.py'...
Compiling '/root/ros2_ws/install/mg400_msgs/local/lib/python3.10/dist-packages/mg400_msgs/srv/_move_jog.py'...
Compiling '/root/ros2_ws/install/mg400_msgs/local/lib/python3.10/dist-packages/mg400_msgs/srv/_pay_load.py'...
Compiling '/root/ros2_ws/install/mg400_msgs/local/lib/python3.10/dist-packages/mg400_msgs/srv/_positive_solution.py'...
Compiling '/root/ros2_ws/install/mg400_msgs/local/lib/python3.10/dist-packages/mg400_msgs/srv/_reset_robot.py'...
Compiling '/root/ros2_ws/install/mg400_msgs/local/lib/python3.10/dist-packages/mg400_msgs/srv/_robot_mode.py'...
Compiling '/root/ros2_ws/install/mg400_msgs/local/lib/python3.10/dist-packages/mg400_msgs/srv/_set_collision_level.py'...
Compiling '/root/ros2_ws/install/mg400_msgs/local/lib/python3.10/dist-packages/mg400_msgs/srv/_speed_factor.py'...
Compiling '/root/ros2_ws/install/mg400_msgs/local/lib/python3.10/dist-packages/mg400_msgs/srv/_speed_j.py'...
Compiling '/root/ros2_ws/install/mg400_msgs/local/lib/python3.10/dist-packages/mg400_msgs/srv/_speed_l.py'...
Compiling '/root/ros2_ws/install/mg400_msgs/local/lib/python3.10/dist-packages/mg400_msgs/srv/_tool.py'...
Compiling '/root/ros2_ws/install/mg400_msgs/local/lib/python3.10/dist-packages/mg400_msgs/srv/_tool_di.py'...
Compiling '/root/ros2_ws/install/mg400_msgs/local/lib/python3.10/dist-packages/mg400_msgs/srv/_tool_do_execute.py'...
Compiling '/root/ros2_ws/install/mg400_msgs/local/lib/python3.10/dist-packages/mg400_msgs/srv/_user.py'...
-- Installing: /root/ros2_ws/install/mg400_msgs/lib/libmg400_msgs__rosidl_generator_py.so
-- Set runtime path of "/root/ros2_ws/install/mg400_msgs/lib/libmg400_msgs__rosidl_generator_py.so" to ""
-- Installing: /root/ros2_ws/install/mg400_msgs/share/mg400_msgs/cmake/export_mg400_msgs__rosidl_generator_cExport.cmake
-- Installing: /root/ros2_ws/install/mg400_msgs/share/mg400_msgs/cmake/export_mg400_msgs__rosidl_generator_cExport-noconfig.cmake
-- Installing: /root/ros2_ws/install/mg400_msgs/share/mg400_msgs/cmake/export_mg400_msgs__rosidl_typesupport_fastrtps_cExport.cmake
-- Installing: /root/ros2_ws/install/mg400_msgs/share/mg400_msgs/cmake/export_mg400_msgs__rosidl_typesupport_fastrtps_cExport-noconfig.cmake
-- Installing: /root/ros2_ws/install/mg400_msgs/share/mg400_msgs/cmake/export_mg400_msgs__rosidl_generator_cppExport.cmake
-- Installing: /root/ros2_ws/install/mg400_msgs/share/mg400_msgs/cmake/export_mg400_msgs__rosidl_typesupport_fastrtps_cppExport.cmake
-- Installing: /root/ros2_ws/install/mg400_msgs/share/mg400_msgs/cmake/export_mg400_msgs__rosidl_typesupport_fastrtps_cppExport-noconfig.cmake
-- Installing: /root/ros2_ws/install/mg400_msgs/share/mg400_msgs/cmake/mg400_msgs__rosidl_typesupport_introspection_cExport.cmake
-- Installing: /root/ros2_ws/install/mg400_msgs/share/mg400_msgs/cmake/mg400_msgs__rosidl_typesupport_introspection_cExport-noconfig.cmake
-- Installing: /root/ros2_ws/install/mg400_msgs/share/mg400_msgs/cmake/mg400_msgs__rosidl_typesupport_cExport.cmake
-- Installing: /root/ros2_ws/install/mg400_msgs/share/mg400_msgs/cmake/mg400_msgs__rosidl_typesupport_cExport-noconfig.cmake
-- Installing: /root/ros2_ws/install/mg400_msgs/share/mg400_msgs/cmake/mg400_msgs__rosidl_typesupport_introspection_cppExport.cmake
-- Installing: /root/ros2_ws/install/mg400_msgs/share/mg400_msgs/cmake/mg400_msgs__rosidl_typesupport_introspection_cppExport-noconfig.cmake
-- Installing: /root/ros2_ws/install/mg400_msgs/share/mg400_msgs/cmake/mg400_msgs__rosidl_typesupport_cppExport.cmake
-- Installing: /root/ros2_ws/install/mg400_msgs/share/mg400_msgs/cmake/mg400_msgs__rosidl_typesupport_cppExport-noconfig.cmake
-- Installing: /root/ros2_ws/install/mg400_msgs/share/mg400_msgs/cmake/export_mg400_msgs__rosidl_generator_pyExport.cmake
-- Installing: /root/ros2_ws/install/mg400_msgs/share/mg400_msgs/cmake/export_mg400_msgs__rosidl_generator_pyExport-noconfig.cmake
