[0.012s] Invoking command in '/root/ros2_ws/build/mg400_msgs': CMAKE_PREFIX_PATH=/opt/ros/humble /usr/bin/cmake /root/ros2_ws/src/MG400_ROS2/mg400_msgs -DAMENT_CMAKE_SYMLINK_INSTALL=1 -DCMAKE_INSTALL_PREFIX=/root/ros2_ws/install/mg400_msgs
[0.055s] -- The C compiler identification is GNU 11.4.0
[0.100s] -- The CXX compiler identification is GNU 11.4.0
[0.107s] -- Detecting C compiler ABI info
[0.163s] -- Detecting C compiler ABI info - done
[0.168s] -- Check for working C compiler: /usr/bin/cc - skipped
[0.168s] -- Detecting C compile features
[0.168s] -- Detecting C compile features - done
[0.170s] -- Detecting CXX compiler ABI info
[0.237s] -- Detecting CXX compiler ABI info - done
[0.242s] -- Check for working CXX compiler: /usr/bin/c++ - skipped
[0.242s] -- Detecting CXX compile features
[0.243s] -- Detecting CXX compile features - done
[0.245s] -- Found ament_cmake_auto: 1.3.14 (/opt/ros/humble/share/ament_cmake_auto/cmake)
[0.366s] -- Found Python3: /usr/bin/python3 (found version "3.10.12") found components: Interpreter 
[0.419s] -- Override CMake install command with custom implementation using symlinks instead of copying resources
[0.523s] -- Found rosidl_generator_c: 3.1.9 (/opt/ros/humble/share/rosidl_generator_c/cmake)
[0.528s] -- Found rosidl_adapter: 3.1.9 (/opt/ros/humble/share/rosidl_adapter/cmake)
[0.535s] -- Found rosidl_generator_cpp: 3.1.9 (/opt/ros/humble/share/rosidl_generator_cpp/cmake)
[0.544s] -- Using all available rosidl_typesupport_c: rosidl_typesupport_fastrtps_c;rosidl_typesupport_introspection_c
[0.557s] -- Using all available rosidl_typesupport_cpp: rosidl_typesupport_fastrtps_cpp;rosidl_typesupport_introspection_cpp
[1.105s] -- Found ament_cmake_ros: 0.10.0 (/opt/ros/humble/share/ament_cmake_ros/cmake)
[1.478s] -- Using all available rosidl_typesupport_c: rosidl_typesupport_fastrtps_c;rosidl_typesupport_introspection_c
[1.620s] -- Using all available rosidl_typesupport_cpp: rosidl_typesupport_fastrtps_cpp;rosidl_typesupport_introspection_cpp
[1.639s] -- Found PythonInterp: /usr/bin/python3 (found suitable version "3.10.12", minimum required is "3.6") 
[1.640s] -- Found python_cmake_module: 0.10.0 (/opt/ros/humble/share/python_cmake_module/cmake)
[1.660s] -- Found PythonLibs: /usr/lib/x86_64-linux-gnu/libpython3.10.so (found suitable version "3.10.12", minimum required is "3.5") 
[1.660s] -- Using PYTHON_EXECUTABLE: /usr/bin/python3
[1.660s] -- Using PYTHON_INCLUDE_DIRS: /usr/include/python3.10
[1.660s] -- Using PYTHON_LIBRARIES: /usr/lib/x86_64-linux-gnu/libpython3.10.so
[1.677s] -- Found PythonExtra: .so  
[1.820s] -- Found ament_lint_auto: 0.12.15 (/opt/ros/humble/share/ament_lint_auto/cmake)
[1.844s] -- Added test 'lint_cmake' to check CMake code style
[1.848s] -- Added test 'xmllint' to check XML markup files
[1.852s] -- Configuring done
[1.948s] -- Generating done
[1.962s] -- Build files have been written to: /root/ros2_ws/build/mg400_msgs
[1.974s] Invoked command in '/root/ros2_ws/build/mg400_msgs' returned '0': CMAKE_PREFIX_PATH=/opt/ros/humble /usr/bin/cmake /root/ros2_ws/src/MG400_ROS2/mg400_msgs -DAMENT_CMAKE_SYMLINK_INSTALL=1 -DCMAKE_INSTALL_PREFIX=/root/ros2_ws/install/mg400_msgs
[1.975s] Invoking command in '/root/ros2_ws/build/mg400_msgs': CMAKE_PREFIX_PATH=/opt/ros/humble /usr/bin/cmake --build /root/ros2_ws/build/mg400_msgs -- -j16 -l16
[2.036s] [  0%] [34m[1mGenerating C code for ROS interfaces[0m
[2.043s] [  1%] [34m[1mGenerating Rust code for ROS interfaces[0m
[2.047s] [  1%] [34m[1mGenerating C++ code for ROS interfaces[0m
[2.051s] [  1%] Built target ament_cmake_python_symlink_mg400_msgs
[2.225s] running egg_info
[2.225s] creating mg400_msgs.egg-info
[2.225s] writing mg400_msgs.egg-info/PKG-INFO
[2.226s] writing dependency_links to mg400_msgs.egg-info/dependency_links.txt
[2.226s] writing top-level names to mg400_msgs.egg-info/top_level.txt
[2.226s] writing manifest file 'mg400_msgs.egg-info/SOURCES.txt'
[2.227s] reading manifest file 'mg400_msgs.egg-info/SOURCES.txt'
[2.228s] writing manifest file 'mg400_msgs.egg-info/SOURCES.txt'
[2.262s] [  1%] Built target ament_cmake_python_build_mg400_msgs_egg
[3.445s] [  1%] Built target mg400_msgs__rs
[6.201s] [  1%] [32mBuilding C object CMakeFiles/mg400_msgs__rosidl_generator_c.dir/rosidl_generator_c/mg400_msgs/msg/detail/arch__functions.c.o[0m
[6.201s] [  1%] [32mBuilding C object CMakeFiles/mg400_msgs__rosidl_generator_c.dir/rosidl_generator_c/mg400_msgs/msg/detail/do_index__functions.c.o[0m
[6.202s] [  1%] [32mBuilding C object CMakeFiles/mg400_msgs__rosidl_generator_c.dir/rosidl_generator_c/mg400_msgs/msg/detail/command__functions.c.o[0m
[6.203s] [  2%] [32mBuilding C object CMakeFiles/mg400_msgs__rosidl_generator_c.dir/rosidl_generator_c/mg400_msgs/msg/detail/collision_level__functions.c.o[0m
[6.205s] [  2%] [32mBuilding C object CMakeFiles/mg400_msgs__rosidl_generator_c.dir/rosidl_generator_c/mg400_msgs/msg/detail/do_status__functions.c.o[0m
[6.210s] [  2%] [32mBuilding C object CMakeFiles/mg400_msgs__rosidl_generator_c.dir/rosidl_generator_c/mg400_msgs/msg/detail/di_index__functions.c.o[0m
[6.210s] [  2%] [32mBuilding C object CMakeFiles/mg400_msgs__rosidl_generator_c.dir/rosidl_generator_c/mg400_msgs/msg/detail/error_id__functions.c.o[0m
[6.210s] [  2%] [32mBuilding C object CMakeFiles/mg400_msgs__rosidl_generator_c.dir/rosidl_generator_c/mg400_msgs/msg/detail/id_array__functions.c.o[0m
[6.210s] [  2%] [32mBuilding C object CMakeFiles/mg400_msgs__rosidl_generator_c.dir/rosidl_generator_c/mg400_msgs/msg/detail/mov_l__functions.c.o[0m
[6.213s] [  2%] [32mBuilding C object CMakeFiles/mg400_msgs__rosidl_generator_c.dir/rosidl_generator_c/mg400_msgs/msg/detail/mov_jio__functions.c.o[0m
[6.220s] [  2%] [32mBuilding C object CMakeFiles/mg400_msgs__rosidl_generator_c.dir/rosidl_generator_c/mg400_msgs/msg/detail/joint_mov_j__functions.c.o[0m
[6.220s] [  3%] [32mBuilding C object CMakeFiles/mg400_msgs__rosidl_generator_c.dir/rosidl_generator_c/mg400_msgs/msg/detail/distance_mode__functions.c.o[0m
[6.229s] [  4%] [32mBuilding C object CMakeFiles/mg400_msgs__rosidl_generator_c.dir/rosidl_generator_c/mg400_msgs/msg/detail/mov_j__functions.c.o[0m
[6.233s] [  4%] [32mBuilding C object CMakeFiles/mg400_msgs__rosidl_generator_c.dir/rosidl_generator_c/mg400_msgs/msg/detail/move_jog__functions.c.o[0m
[6.235s] [  4%] [32mBuilding C object CMakeFiles/mg400_msgs__rosidl_generator_c.dir/rosidl_generator_c/mg400_msgs/msg/detail/mov_lio__functions.c.o[0m
[6.303s] [  5%] [32mBuilding C object CMakeFiles/mg400_msgs__rosidl_generator_c.dir/rosidl_generator_c/mg400_msgs/msg/detail/robot_mode__functions.c.o[0m
[6.309s] [  5%] [32mBuilding C object CMakeFiles/mg400_msgs__rosidl_generator_c.dir/rosidl_generator_c/mg400_msgs/msg/detail/tool__functions.c.o[0m
[6.315s] [  5%] [32mBuilding C object CMakeFiles/mg400_msgs__rosidl_generator_c.dir/rosidl_generator_c/mg400_msgs/msg/detail/tool_do_index__functions.c.o[0m
[6.317s] [  5%] [32mBuilding C object CMakeFiles/mg400_msgs__rosidl_generator_c.dir/rosidl_generator_c/mg400_msgs/msg/detail/tool_di_index__functions.c.o[0m
[6.324s] [  6%] [32mBuilding C object CMakeFiles/mg400_msgs__rosidl_generator_c.dir/rosidl_generator_c/mg400_msgs/msg/detail/user__functions.c.o[0m
[6.330s] [  6%] [32mBuilding C object CMakeFiles/mg400_msgs__rosidl_generator_c.dir/rosidl_generator_c/mg400_msgs/srv/detail/acc_j__functions.c.o[0m
[6.332s] [  6%] [32mBuilding C object CMakeFiles/mg400_msgs__rosidl_generator_c.dir/rosidl_generator_c/mg400_msgs/srv/detail/acc_l__functions.c.o[0m
[6.356s] [  6%] [32mBuilding C object CMakeFiles/mg400_msgs__rosidl_generator_c.dir/rosidl_generator_c/mg400_msgs/srv/detail/cp__functions.c.o[0m
[6.363s] [  6%] [32mBuilding C object CMakeFiles/mg400_msgs__rosidl_generator_c.dir/rosidl_generator_c/mg400_msgs/srv/detail/arch__functions.c.o[0m
[6.364s] [  6%] [32mBuilding C object CMakeFiles/mg400_msgs__rosidl_generator_c.dir/rosidl_generator_c/mg400_msgs/srv/detail/enable_robot__functions.c.o[0m
[6.365s] [  6%] [32mBuilding C object CMakeFiles/mg400_msgs__rosidl_generator_c.dir/rosidl_generator_c/mg400_msgs/srv/detail/di__functions.c.o[0m
[6.367s] [  7%] [32mBuilding C object CMakeFiles/mg400_msgs__rosidl_generator_c.dir/rosidl_generator_c/mg400_msgs/srv/detail/emergency_stop__functions.c.o[0m
[6.367s] [  7%] [32mBuilding C object CMakeFiles/mg400_msgs__rosidl_generator_c.dir/rosidl_generator_c/mg400_msgs/srv/detail/disable_robot__functions.c.o[0m
[6.368s] [  7%] [32mBuilding C object CMakeFiles/mg400_msgs__rosidl_generator_c.dir/rosidl_generator_c/mg400_msgs/srv/detail/do__functions.c.o[0m
[6.369s] [  8%] [32mBuilding C object CMakeFiles/mg400_msgs__rosidl_generator_c.dir/rosidl_generator_c/mg400_msgs/srv/detail/clear_error__functions.c.o[0m
[6.399s] [  8%] [32mBuilding C object CMakeFiles/mg400_msgs__rosidl_generator_c.dir/rosidl_generator_c/mg400_msgs/srv/detail/get_error_id__functions.c.o[0m
[6.405s] [  8%] [32mBuilding C object CMakeFiles/mg400_msgs__rosidl_generator_c.dir/rosidl_generator_c/mg400_msgs/srv/detail/get_angle__functions.c.o[0m
[6.420s] [  8%] [32mBuilding C object CMakeFiles/mg400_msgs__rosidl_generator_c.dir/rosidl_generator_c/mg400_msgs/srv/detail/get_pose__functions.c.o[0m
[6.422s] [  9%] [32mBuilding C object CMakeFiles/mg400_msgs__rosidl_generator_c.dir/rosidl_generator_c/mg400_msgs/srv/detail/inverse_solution__functions.c.o[0m
[6.460s] [  9%] [32mBuilding C object CMakeFiles/mg400_msgs__rosidl_generator_c.dir/rosidl_generator_c/mg400_msgs/srv/detail/joint_mov_j__functions.c.o[0m
[6.465s] [  9%] [32mBuilding C object CMakeFiles/mg400_msgs__rosidl_generator_c.dir/rosidl_generator_c/mg400_msgs/srv/detail/move_jog__functions.c.o[0m
[6.473s] [  9%] [32mBuilding C object CMakeFiles/mg400_msgs__rosidl_generator_c.dir/rosidl_generator_c/mg400_msgs/srv/detail/pay_load__functions.c.o[0m
[6.481s] [  9%] [32mBuilding C object CMakeFiles/mg400_msgs__rosidl_generator_c.dir/rosidl_generator_c/mg400_msgs/srv/detail/positive_solution__functions.c.o[0m
[6.494s] [ 10%] [32mBuilding C object CMakeFiles/mg400_msgs__rosidl_generator_c.dir/rosidl_generator_c/mg400_msgs/srv/detail/reset_robot__functions.c.o[0m
[6.500s] [ 10%] [32mBuilding C object CMakeFiles/mg400_msgs__rosidl_generator_c.dir/rosidl_generator_c/mg400_msgs/srv/detail/robot_mode__functions.c.o[0m
[6.509s] [ 10%] [32mBuilding C object CMakeFiles/mg400_msgs__rosidl_generator_c.dir/rosidl_generator_c/mg400_msgs/srv/detail/set_collision_level__functions.c.o[0m
[6.532s] [ 10%] [32mBuilding C object CMakeFiles/mg400_msgs__rosidl_generator_c.dir/rosidl_generator_c/mg400_msgs/srv/detail/speed_factor__functions.c.o[0m
[6.532s] [ 11%] [32mBuilding C object CMakeFiles/mg400_msgs__rosidl_generator_c.dir/rosidl_generator_c/mg400_msgs/srv/detail/speed_j__functions.c.o[0m
[6.541s] [ 11%] [32mBuilding C object CMakeFiles/mg400_msgs__rosidl_generator_c.dir/rosidl_generator_c/mg400_msgs/srv/detail/speed_l__functions.c.o[0m
[6.573s] [ 11%] [32mBuilding C object CMakeFiles/mg400_msgs__rosidl_generator_c.dir/rosidl_generator_c/mg400_msgs/srv/detail/tool__functions.c.o[0m
[6.574s] [ 11%] [32mBuilding C object CMakeFiles/mg400_msgs__rosidl_generator_c.dir/rosidl_generator_c/mg400_msgs/srv/detail/tool_di__functions.c.o[0m
[6.584s] [ 11%] [32mBuilding C object CMakeFiles/mg400_msgs__rosidl_generator_c.dir/rosidl_generator_c/mg400_msgs/srv/detail/tool_do_execute__functions.c.o[0m
[6.594s] [ 11%] [32mBuilding C object CMakeFiles/mg400_msgs__rosidl_generator_c.dir/rosidl_generator_c/mg400_msgs/action/detail/command_queue__functions.c.o[0m
[6.606s] [ 11%] [32mBuilding C object CMakeFiles/mg400_msgs__rosidl_generator_c.dir/rosidl_generator_c/mg400_msgs/action/detail/mov_j__functions.c.o[0m
[6.606s] [ 12%] [32mBuilding C object CMakeFiles/mg400_msgs__rosidl_generator_c.dir/rosidl_generator_c/mg400_msgs/srv/detail/user__functions.c.o[0m
[6.613s] [ 12%] [32mBuilding C object CMakeFiles/mg400_msgs__rosidl_generator_c.dir/rosidl_generator_c/mg400_msgs/action/detail/joint_mov_j__functions.c.o[0m
[6.618s] [ 12%] [32mBuilding C object CMakeFiles/mg400_msgs__rosidl_generator_c.dir/rosidl_generator_c/mg400_msgs/action/detail/mov_l__functions.c.o[0m
[6.619s] [ 13%] [32mBuilding C object CMakeFiles/mg400_msgs__rosidl_generator_c.dir/rosidl_generator_c/mg400_msgs/action/detail/mov_jio__functions.c.o[0m
[6.643s] [ 13%] [32mBuilding C object CMakeFiles/mg400_msgs__rosidl_generator_c.dir/rosidl_generator_c/mg400_msgs/action/detail/mov_lio__functions.c.o[0m
[6.886s] [ 13%] [32m[1mLinking C shared library libmg400_msgs__rosidl_generator_c.so[0m
[6.967s] [ 13%] Built target mg400_msgs__rosidl_generator_c
[6.985s] [ 15%] [34m[1mGenerating C type support for eProsima Fast-RTPS[0m
[6.985s] [ 15%] [34m[1mGenerating C introspection for ROS interfaces[0m
[6.994s] [ 16%] [34m[1mGenerating C type support dispatch for ROS interfaces[0m
[7.093s] [ 16%] Built target mg400_msgs__cpp
[7.110s] [ 16%] [34m[1mGenerating C++ introspection for ROS interfaces[0m
[7.110s] [ 16%] [34m[1mGenerating C++ type support for eProsima Fast-RTPS[0m
[7.111s] [ 16%] [34m[1mGenerating C++ type support dispatch for ROS interfaces[0m
[9.818s] [ 16%] [32mBuilding CXX object CMakeFiles/mg400_msgs__rosidl_typesupport_cpp.dir/rosidl_typesupport_cpp/mg400_msgs/msg/command__type_support.cpp.o[0m
[9.818s] [ 16%] [32mBuilding CXX object CMakeFiles/mg400_msgs__rosidl_typesupport_cpp.dir/rosidl_typesupport_cpp/mg400_msgs/msg/arch__type_support.cpp.o[0m
[9.819s] [ 16%] [32mBuilding CXX object CMakeFiles/mg400_msgs__rosidl_typesupport_cpp.dir/rosidl_typesupport_cpp/mg400_msgs/msg/di_index__type_support.cpp.o[0m
[9.819s] [ 16%] [32mBuilding CXX object CMakeFiles/mg400_msgs__rosidl_typesupport_cpp.dir/rosidl_typesupport_cpp/mg400_msgs/msg/error_id__type_support.cpp.o[0m
[9.819s] [ 17%] [32mBuilding CXX object CMakeFiles/mg400_msgs__rosidl_typesupport_cpp.dir/rosidl_typesupport_cpp/mg400_msgs/msg/collision_level__type_support.cpp.o[0m
[9.819s] [ 17%] [32mBuilding CXX object CMakeFiles/mg400_msgs__rosidl_typesupport_cpp.dir/rosidl_typesupport_cpp/mg400_msgs/msg/do_index__type_support.cpp.o[0m
[9.819s] [ 17%] [32mBuilding CXX object CMakeFiles/mg400_msgs__rosidl_typesupport_cpp.dir/rosidl_typesupport_cpp/mg400_msgs/msg/distance_mode__type_support.cpp.o[0m
[9.823s] [ 18%] [32mBuilding CXX object CMakeFiles/mg400_msgs__rosidl_typesupport_cpp.dir/rosidl_typesupport_cpp/mg400_msgs/msg/do_status__type_support.cpp.o[0m
[9.826s] [ 18%] [32mBuilding CXX object CMakeFiles/mg400_msgs__rosidl_typesupport_cpp.dir/rosidl_typesupport_cpp/mg400_msgs/msg/id_array__type_support.cpp.o[0m
[9.830s] [ 18%] [32mBuilding CXX object CMakeFiles/mg400_msgs__rosidl_typesupport_cpp.dir/rosidl_typesupport_cpp/mg400_msgs/msg/joint_mov_j__type_support.cpp.o[0m
[9.830s] [ 19%] [32mBuilding CXX object CMakeFiles/mg400_msgs__rosidl_typesupport_cpp.dir/rosidl_typesupport_cpp/mg400_msgs/msg/mov_j__type_support.cpp.o[0m
[10.183s] [ 19%] [32mBuilding CXX object CMakeFiles/mg400_msgs__rosidl_typesupport_cpp.dir/rosidl_typesupport_cpp/mg400_msgs/msg/mov_lio__type_support.cpp.o[0m
[10.183s] [ 19%] [32mBuilding CXX object CMakeFiles/mg400_msgs__rosidl_typesupport_cpp.dir/rosidl_typesupport_cpp/mg400_msgs/msg/mov_l__type_support.cpp.o[0m
[10.187s] [ 19%] [32mBuilding CXX object CMakeFiles/mg400_msgs__rosidl_typesupport_cpp.dir/rosidl_typesupport_cpp/mg400_msgs/msg/mov_jio__type_support.cpp.o[0m
[10.190s] [ 20%] [32mBuilding CXX object CMakeFiles/mg400_msgs__rosidl_typesupport_cpp.dir/rosidl_typesupport_cpp/mg400_msgs/msg/move_jog__type_support.cpp.o[0m
[10.197s] [ 20%] [32mBuilding CXX object CMakeFiles/mg400_msgs__rosidl_typesupport_cpp.dir/rosidl_typesupport_cpp/mg400_msgs/msg/robot_mode__type_support.cpp.o[0m
[10.265s] [ 20%] [32mBuilding CXX object CMakeFiles/mg400_msgs__rosidl_typesupport_cpp.dir/rosidl_typesupport_cpp/mg400_msgs/msg/tool__type_support.cpp.o[0m
[10.305s] [ 20%] [32mBuilding CXX object CMakeFiles/mg400_msgs__rosidl_typesupport_cpp.dir/rosidl_typesupport_cpp/mg400_msgs/msg/tool_di_index__type_support.cpp.o[0m
[10.364s] [ 20%] [32mBuilding CXX object CMakeFiles/mg400_msgs__rosidl_typesupport_cpp.dir/rosidl_typesupport_cpp/mg400_msgs/msg/tool_do_index__type_support.cpp.o[0m
[10.371s] [ 21%] [32mBuilding CXX object CMakeFiles/mg400_msgs__rosidl_typesupport_cpp.dir/rosidl_typesupport_cpp/mg400_msgs/msg/user__type_support.cpp.o[0m
[10.422s] [ 21%] [32mBuilding CXX object CMakeFiles/mg400_msgs__rosidl_typesupport_cpp.dir/rosidl_typesupport_cpp/mg400_msgs/srv/acc_j__type_support.cpp.o[0m
[10.470s] [ 21%] [32mBuilding CXX object CMakeFiles/mg400_msgs__rosidl_typesupport_cpp.dir/rosidl_typesupport_cpp/mg400_msgs/srv/acc_l__type_support.cpp.o[0m
[10.574s] [ 21%] [32mBuilding CXX object CMakeFiles/mg400_msgs__rosidl_typesupport_cpp.dir/rosidl_typesupport_cpp/mg400_msgs/srv/cp__type_support.cpp.o[0m
[10.582s] [ 21%] [32mBuilding CXX object CMakeFiles/mg400_msgs__rosidl_typesupport_cpp.dir/rosidl_typesupport_cpp/mg400_msgs/srv/arch__type_support.cpp.o[0m
[10.620s] [ 22%] [32mBuilding CXX object CMakeFiles/mg400_msgs__rosidl_typesupport_cpp.dir/rosidl_typesupport_cpp/mg400_msgs/srv/clear_error__type_support.cpp.o[0m
[10.660s] [ 22%] [32mBuilding CXX object CMakeFiles/mg400_msgs__rosidl_typesupport_cpp.dir/rosidl_typesupport_cpp/mg400_msgs/srv/di__type_support.cpp.o[0m
[10.698s] [ 22%] [32mBuilding CXX object CMakeFiles/mg400_msgs__rosidl_typesupport_cpp.dir/rosidl_typesupport_cpp/mg400_msgs/srv/do__type_support.cpp.o[0m
[10.714s] [ 22%] [32mBuilding CXX object CMakeFiles/mg400_msgs__rosidl_typesupport_cpp.dir/rosidl_typesupport_cpp/mg400_msgs/srv/disable_robot__type_support.cpp.o[0m
[10.726s] [ 23%] [32mBuilding CXX object CMakeFiles/mg400_msgs__rosidl_typesupport_cpp.dir/rosidl_typesupport_cpp/mg400_msgs/srv/emergency_stop__type_support.cpp.o[0m
[10.818s] [ 23%] [32mBuilding CXX object CMakeFiles/mg400_msgs__rosidl_typesupport_cpp.dir/rosidl_typesupport_cpp/mg400_msgs/srv/enable_robot__type_support.cpp.o[0m
[10.854s] [ 23%] [32mBuilding CXX object CMakeFiles/mg400_msgs__rosidl_typesupport_cpp.dir/rosidl_typesupport_cpp/mg400_msgs/srv/get_angle__type_support.cpp.o[0m
[10.955s] [ 23%] [32mBuilding CXX object CMakeFiles/mg400_msgs__rosidl_typesupport_cpp.dir/rosidl_typesupport_cpp/mg400_msgs/srv/get_error_id__type_support.cpp.o[0m
[10.958s] [ 23%] [32mBuilding CXX object CMakeFiles/mg400_msgs__rosidl_typesupport_cpp.dir/rosidl_typesupport_cpp/mg400_msgs/srv/get_pose__type_support.cpp.o[0m
[10.971s] [ 24%] [32mBuilding CXX object CMakeFiles/mg400_msgs__rosidl_typesupport_cpp.dir/rosidl_typesupport_cpp/mg400_msgs/srv/inverse_solution__type_support.cpp.o[0m
[11.064s] [ 24%] [32mBuilding CXX object CMakeFiles/mg400_msgs__rosidl_typesupport_cpp.dir/rosidl_typesupport_cpp/mg400_msgs/srv/joint_mov_j__type_support.cpp.o[0m
[11.112s] [ 24%] [32mBuilding CXX object CMakeFiles/mg400_msgs__rosidl_typesupport_cpp.dir/rosidl_typesupport_cpp/mg400_msgs/srv/move_jog__type_support.cpp.o[0m
[11.126s] [ 25%] [32mBuilding CXX object CMakeFiles/mg400_msgs__rosidl_typesupport_cpp.dir/rosidl_typesupport_cpp/mg400_msgs/srv/positive_solution__type_support.cpp.o[0m
[11.132s] [ 25%] [32mBuilding CXX object CMakeFiles/mg400_msgs__rosidl_typesupport_cpp.dir/rosidl_typesupport_cpp/mg400_msgs/srv/pay_load__type_support.cpp.o[0m
[11.175s] [ 25%] [32mBuilding CXX object CMakeFiles/mg400_msgs__rosidl_typesupport_cpp.dir/rosidl_typesupport_cpp/mg400_msgs/srv/reset_robot__type_support.cpp.o[0m
[11.175s] [ 25%] [32mBuilding CXX object CMakeFiles/mg400_msgs__rosidl_typesupport_cpp.dir/rosidl_typesupport_cpp/mg400_msgs/srv/robot_mode__type_support.cpp.o[0m
[11.344s] [ 25%] [32mBuilding CXX object CMakeFiles/mg400_msgs__rosidl_typesupport_cpp.dir/rosidl_typesupport_cpp/mg400_msgs/srv/set_collision_level__type_support.cpp.o[0m
[11.351s] [ 26%] [32mBuilding CXX object CMakeFiles/mg400_msgs__rosidl_typesupport_cpp.dir/rosidl_typesupport_cpp/mg400_msgs/srv/speed_j__type_support.cpp.o[0m
[11.351s] [ 26%] [32mBuilding CXX object CMakeFiles/mg400_msgs__rosidl_typesupport_cpp.dir/rosidl_typesupport_cpp/mg400_msgs/srv/speed_factor__type_support.cpp.o[0m
[11.383s] [ 26%] [32mBuilding CXX object CMakeFiles/mg400_msgs__rosidl_typesupport_c.dir/rosidl_typesupport_c/mg400_msgs/msg/arch__type_support.cpp.o[0m
[11.412s] [ 26%] [32mBuilding CXX object CMakeFiles/mg400_msgs__rosidl_typesupport_c.dir/rosidl_typesupport_c/mg400_msgs/msg/collision_level__type_support.cpp.o[0m
[11.453s] [ 26%] [32mBuilding CXX object CMakeFiles/mg400_msgs__rosidl_typesupport_c.dir/rosidl_typesupport_c/mg400_msgs/msg/command__type_support.cpp.o[0m
[11.460s] [ 26%] [32mBuilding CXX object CMakeFiles/mg400_msgs__rosidl_typesupport_c.dir/rosidl_typesupport_c/mg400_msgs/msg/di_index__type_support.cpp.o[0m
[11.495s] [ 26%] [32mBuilding CXX object CMakeFiles/mg400_msgs__rosidl_typesupport_cpp.dir/rosidl_typesupport_cpp/mg400_msgs/srv/speed_l__type_support.cpp.o[0m
[11.517s] [ 26%] [32mBuilding CXX object CMakeFiles/mg400_msgs__rosidl_typesupport_cpp.dir/rosidl_typesupport_cpp/mg400_msgs/srv/tool__type_support.cpp.o[0m
[11.534s] [ 27%] [32mBuilding CXX object CMakeFiles/mg400_msgs__rosidl_typesupport_cpp.dir/rosidl_typesupport_cpp/mg400_msgs/srv/tool_do_execute__type_support.cpp.o[0m
[11.548s] [ 27%] [32mBuilding CXX object CMakeFiles/mg400_msgs__rosidl_typesupport_cpp.dir/rosidl_typesupport_cpp/mg400_msgs/srv/user__type_support.cpp.o[0m
[11.557s] [ 27%] [32mBuilding CXX object CMakeFiles/mg400_msgs__rosidl_typesupport_cpp.dir/rosidl_typesupport_cpp/mg400_msgs/srv/tool_di__type_support.cpp.o[0m
[11.557s] [ 28%] [32mBuilding CXX object CMakeFiles/mg400_msgs__rosidl_typesupport_c.dir/rosidl_typesupport_c/mg400_msgs/msg/do_index__type_support.cpp.o[0m
[11.621s] [ 28%] [32mBuilding CXX object CMakeFiles/mg400_msgs__rosidl_typesupport_cpp.dir/rosidl_typesupport_cpp/mg400_msgs/action/command_queue__type_support.cpp.o[0m
[11.625s] [ 28%] [32mBuilding CXX object CMakeFiles/mg400_msgs__rosidl_typesupport_c.dir/rosidl_typesupport_c/mg400_msgs/msg/do_status__type_support.cpp.o[0m
[11.640s] [ 28%] [32mBuilding CXX object CMakeFiles/mg400_msgs__rosidl_typesupport_cpp.dir/rosidl_typesupport_cpp/mg400_msgs/action/joint_mov_j__type_support.cpp.o[0m
[11.646s] [ 28%] [32mBuilding CXX object CMakeFiles/mg400_msgs__rosidl_typesupport_c.dir/rosidl_typesupport_c/mg400_msgs/msg/distance_mode__type_support.cpp.o[0m
[11.702s] [ 28%] [32mBuilding CXX object CMakeFiles/mg400_msgs__rosidl_typesupport_c.dir/rosidl_typesupport_c/mg400_msgs/msg/error_id__type_support.cpp.o[0m
[11.707s] [ 28%] [32mBuilding CXX object CMakeFiles/mg400_msgs__rosidl_typesupport_c.dir/rosidl_typesupport_c/mg400_msgs/msg/id_array__type_support.cpp.o[0m
[11.751s] [ 29%] [32mBuilding CXX object CMakeFiles/mg400_msgs__rosidl_typesupport_c.dir/rosidl_typesupport_c/mg400_msgs/msg/joint_mov_j__type_support.cpp.o[0m
[11.756s] [ 29%] [32mBuilding CXX object CMakeFiles/mg400_msgs__rosidl_typesupport_cpp.dir/rosidl_typesupport_cpp/mg400_msgs/action/mov_j__type_support.cpp.o[0m
[11.780s] [ 29%] [32mBuilding CXX object CMakeFiles/mg400_msgs__rosidl_typesupport_c.dir/rosidl_typesupport_c/mg400_msgs/msg/mov_jio__type_support.cpp.o[0m
[11.791s] [ 29%] [32mBuilding CXX object CMakeFiles/mg400_msgs__rosidl_typesupport_c.dir/rosidl_typesupport_c/mg400_msgs/msg/mov_j__type_support.cpp.o[0m
[11.795s] [ 29%] [32mBuilding CXX object CMakeFiles/mg400_msgs__rosidl_typesupport_c.dir/rosidl_typesupport_c/mg400_msgs/msg/mov_l__type_support.cpp.o[0m
[11.856s] [ 30%] [32mBuilding CXX object CMakeFiles/mg400_msgs__rosidl_typesupport_cpp.dir/rosidl_typesupport_cpp/mg400_msgs/action/mov_jio__type_support.cpp.o[0m
[11.862s] [ 30%] [32mBuilding CXX object CMakeFiles/mg400_msgs__rosidl_typesupport_cpp.dir/rosidl_typesupport_cpp/mg400_msgs/action/mov_l__type_support.cpp.o[0m
[11.882s] [ 30%] [32mBuilding CXX object CMakeFiles/mg400_msgs__rosidl_typesupport_cpp.dir/rosidl_typesupport_cpp/mg400_msgs/action/mov_lio__type_support.cpp.o[0m
[11.897s] [ 31%] [32mBuilding CXX object CMakeFiles/mg400_msgs__rosidl_typesupport_c.dir/rosidl_typesupport_c/mg400_msgs/msg/mov_lio__type_support.cpp.o[0m
[11.955s] [ 31%] [32mBuilding CXX object CMakeFiles/mg400_msgs__rosidl_typesupport_c.dir/rosidl_typesupport_c/mg400_msgs/msg/move_jog__type_support.cpp.o[0m
[11.968s] [ 31%] [32mBuilding CXX object CMakeFiles/mg400_msgs__rosidl_typesupport_c.dir/rosidl_typesupport_c/mg400_msgs/msg/robot_mode__type_support.cpp.o[0m
[11.982s] [ 31%] [32mBuilding CXX object CMakeFiles/mg400_msgs__rosidl_typesupport_c.dir/rosidl_typesupport_c/mg400_msgs/msg/tool__type_support.cpp.o[0m
[11.988s] [ 31%] [32mBuilding CXX object CMakeFiles/mg400_msgs__rosidl_typesupport_c.dir/rosidl_typesupport_c/mg400_msgs/msg/tool_di_index__type_support.cpp.o[0m
[11.992s] [ 31%] [32mBuilding CXX object CMakeFiles/mg400_msgs__rosidl_typesupport_c.dir/rosidl_typesupport_c/mg400_msgs/msg/user__type_support.cpp.o[0m
[11.994s] [ 32%] [32mBuilding CXX object CMakeFiles/mg400_msgs__rosidl_typesupport_c.dir/rosidl_typesupport_c/mg400_msgs/msg/tool_do_index__type_support.cpp.o[0m
[12.043s] [ 32%] [32mBuilding CXX object CMakeFiles/mg400_msgs__rosidl_typesupport_c.dir/rosidl_typesupport_c/mg400_msgs/srv/acc_j__type_support.cpp.o[0m
[12.049s] [ 32%] [32mBuilding CXX object CMakeFiles/mg400_msgs__rosidl_typesupport_c.dir/rosidl_typesupport_c/mg400_msgs/srv/acc_l__type_support.cpp.o[0m
[12.054s] [ 32%] [32mBuilding CXX object CMakeFiles/mg400_msgs__rosidl_typesupport_c.dir/rosidl_typesupport_c/mg400_msgs/srv/di__type_support.cpp.o[0m
[12.058s] [ 32%] [32mBuilding CXX object CMakeFiles/mg400_msgs__rosidl_typesupport_c.dir/rosidl_typesupport_c/mg400_msgs/srv/clear_error__type_support.cpp.o[0m
[12.061s] [ 32%] [32mBuilding CXX object CMakeFiles/mg400_msgs__rosidl_typesupport_c.dir/rosidl_typesupport_c/mg400_msgs/srv/cp__type_support.cpp.o[0m
[12.067s] [ 33%] [32mBuilding CXX object CMakeFiles/mg400_msgs__rosidl_typesupport_c.dir/rosidl_typesupport_c/mg400_msgs/srv/arch__type_support.cpp.o[0m
[12.122s] [ 33%] [32mBuilding CXX object CMakeFiles/mg400_msgs__rosidl_typesupport_c.dir/rosidl_typesupport_c/mg400_msgs/srv/do__type_support.cpp.o[0m
[12.142s] [ 34%] [32mBuilding CXX object CMakeFiles/mg400_msgs__rosidl_typesupport_c.dir/rosidl_typesupport_c/mg400_msgs/srv/disable_robot__type_support.cpp.o[0m
[12.154s] [ 34%] [32mBuilding CXX object CMakeFiles/mg400_msgs__rosidl_typesupport_c.dir/rosidl_typesupport_c/mg400_msgs/srv/emergency_stop__type_support.cpp.o[0m
[12.165s] [ 34%] [32mBuilding CXX object CMakeFiles/mg400_msgs__rosidl_typesupport_c.dir/rosidl_typesupport_c/mg400_msgs/srv/enable_robot__type_support.cpp.o[0m
[12.165s] [ 34%] [32mBuilding CXX object CMakeFiles/mg400_msgs__rosidl_typesupport_c.dir/rosidl_typesupport_c/mg400_msgs/srv/get_angle__type_support.cpp.o[0m
[12.179s] [ 35%] [32mBuilding CXX object CMakeFiles/mg400_msgs__rosidl_typesupport_c.dir/rosidl_typesupport_c/mg400_msgs/srv/get_error_id__type_support.cpp.o[0m
[12.217s] [ 35%] [32mBuilding CXX object CMakeFiles/mg400_msgs__rosidl_typesupport_c.dir/rosidl_typesupport_c/mg400_msgs/srv/get_pose__type_support.cpp.o[0m
[12.260s] [ 35%] [32mBuilding CXX object CMakeFiles/mg400_msgs__rosidl_typesupport_c.dir/rosidl_typesupport_c/mg400_msgs/srv/inverse_solution__type_support.cpp.o[0m
[12.268s] [ 35%] [32mBuilding CXX object CMakeFiles/mg400_msgs__rosidl_typesupport_c.dir/rosidl_typesupport_c/mg400_msgs/srv/move_jog__type_support.cpp.o[0m
[12.272s] [ 36%] [32mBuilding CXX object CMakeFiles/mg400_msgs__rosidl_typesupport_c.dir/rosidl_typesupport_c/mg400_msgs/srv/pay_load__type_support.cpp.o[0m
[12.274s] [ 36%] [32mBuilding CXX object CMakeFiles/mg400_msgs__rosidl_typesupport_c.dir/rosidl_typesupport_c/mg400_msgs/srv/joint_mov_j__type_support.cpp.o[0m
[12.320s] [ 36%] [32mBuilding CXX object CMakeFiles/mg400_msgs__rosidl_typesupport_c.dir/rosidl_typesupport_c/mg400_msgs/srv/positive_solution__type_support.cpp.o[0m
[12.328s] [ 36%] [32mBuilding CXX object CMakeFiles/mg400_msgs__rosidl_typesupport_c.dir/rosidl_typesupport_c/mg400_msgs/srv/reset_robot__type_support.cpp.o[0m
[12.346s] [ 36%] [32mBuilding CXX object CMakeFiles/mg400_msgs__rosidl_typesupport_c.dir/rosidl_typesupport_c/mg400_msgs/srv/robot_mode__type_support.cpp.o[0m
[12.354s] [ 37%] [32mBuilding CXX object CMakeFiles/mg400_msgs__rosidl_typesupport_c.dir/rosidl_typesupport_c/mg400_msgs/srv/speed_factor__type_support.cpp.o[0m
[12.355s] [ 37%] [32mBuilding CXX object CMakeFiles/mg400_msgs__rosidl_typesupport_c.dir/rosidl_typesupport_c/mg400_msgs/srv/set_collision_level__type_support.cpp.o[0m
[12.380s] [ 37%] [32mBuilding CXX object CMakeFiles/mg400_msgs__rosidl_typesupport_c.dir/rosidl_typesupport_c/mg400_msgs/srv/speed_j__type_support.cpp.o[0m
[12.391s] [ 37%] [32mBuilding CXX object CMakeFiles/mg400_msgs__rosidl_typesupport_c.dir/rosidl_typesupport_c/mg400_msgs/srv/speed_l__type_support.cpp.o[0m
[12.394s] [ 37%] [32mBuilding CXX object CMakeFiles/mg400_msgs__rosidl_typesupport_c.dir/rosidl_typesupport_c/mg400_msgs/srv/tool__type_support.cpp.o[0m
[12.417s] [ 38%] [32mBuilding CXX object CMakeFiles/mg400_msgs__rosidl_typesupport_c.dir/rosidl_typesupport_c/mg400_msgs/srv/tool_di__type_support.cpp.o[0m
[12.431s] [ 38%] [32mBuilding CXX object CMakeFiles/mg400_msgs__rosidl_typesupport_c.dir/rosidl_typesupport_c/mg400_msgs/srv/tool_do_execute__type_support.cpp.o[0m
[12.436s] [ 38%] [32mBuilding CXX object CMakeFiles/mg400_msgs__rosidl_typesupport_c.dir/rosidl_typesupport_c/mg400_msgs/srv/user__type_support.cpp.o[0m
[12.452s] [ 38%] [32mBuilding CXX object CMakeFiles/mg400_msgs__rosidl_typesupport_c.dir/rosidl_typesupport_c/mg400_msgs/action/command_queue__type_support.cpp.o[0m
[12.453s] [ 38%] [32mBuilding CXX object CMakeFiles/mg400_msgs__rosidl_typesupport_c.dir/rosidl_typesupport_c/mg400_msgs/action/joint_mov_j__type_support.cpp.o[0m
[12.472s] [ 39%] [32mBuilding CXX object CMakeFiles/mg400_msgs__rosidl_typesupport_c.dir/rosidl_typesupport_c/mg400_msgs/action/mov_j__type_support.cpp.o[0m
[12.499s] [ 39%] [32mBuilding CXX object CMakeFiles/mg400_msgs__rosidl_typesupport_c.dir/rosidl_typesupport_c/mg400_msgs/action/mov_jio__type_support.cpp.o[0m
[12.513s] [ 39%] [32mBuilding CXX object CMakeFiles/mg400_msgs__rosidl_typesupport_c.dir/rosidl_typesupport_c/mg400_msgs/action/mov_l__type_support.cpp.o[0m
[12.516s] [ 39%] [32mBuilding CXX object CMakeFiles/mg400_msgs__rosidl_typesupport_c.dir/rosidl_typesupport_c/mg400_msgs/action/mov_lio__type_support.cpp.o[0m
[12.550s] [ 39%] [32mBuilding C object CMakeFiles/mg400_msgs__rosidl_typesupport_introspection_c.dir/rosidl_typesupport_introspection_c/mg400_msgs/msg/detail/arch__type_support.c.o[0m
[12.565s] [ 39%] [32m[1mLinking CXX shared library libmg400_msgs__rosidl_typesupport_cpp.so[0m
[12.568s] [ 39%] [32mBuilding C object CMakeFiles/mg400_msgs__rosidl_typesupport_introspection_c.dir/rosidl_typesupport_introspection_c/mg400_msgs/msg/detail/collision_level__type_support.c.o[0m
[12.578s] [ 39%] [32mBuilding C object CMakeFiles/mg400_msgs__rosidl_typesupport_introspection_c.dir/rosidl_typesupport_introspection_c/mg400_msgs/msg/detail/command__type_support.c.o[0m
[12.583s] [ 39%] [32mBuilding C object CMakeFiles/mg400_msgs__rosidl_typesupport_introspection_c.dir/rosidl_typesupport_introspection_c/mg400_msgs/msg/detail/di_index__type_support.c.o[0m
[12.584s] [ 40%] [32mBuilding C object CMakeFiles/mg400_msgs__rosidl_typesupport_introspection_c.dir/rosidl_typesupport_introspection_c/mg400_msgs/msg/detail/do_index__type_support.c.o[0m
[12.593s] [ 41%] [32m[1mLinking CXX shared library libmg400_msgs__rosidl_typesupport_c.so[0m
[12.602s] [ 41%] [32mBuilding C object CMakeFiles/mg400_msgs__rosidl_typesupport_introspection_c.dir/rosidl_typesupport_introspection_c/mg400_msgs/msg/detail/do_status__type_support.c.o[0m
[12.613s] [ 41%] [32mBuilding C object CMakeFiles/mg400_msgs__rosidl_typesupport_introspection_c.dir/rosidl_typesupport_introspection_c/mg400_msgs/msg/detail/distance_mode__type_support.c.o[0m
[12.615s] [ 41%] [32mBuilding C object CMakeFiles/mg400_msgs__rosidl_typesupport_introspection_c.dir/rosidl_typesupport_introspection_c/mg400_msgs/msg/detail/error_id__type_support.c.o[0m
[12.624s] [ 41%] [32mBuilding C object CMakeFiles/mg400_msgs__rosidl_typesupport_introspection_c.dir/rosidl_typesupport_introspection_c/mg400_msgs/msg/detail/id_array__type_support.c.o[0m
[12.633s] [ 42%] [32mBuilding C object CMakeFiles/mg400_msgs__rosidl_typesupport_introspection_c.dir/rosidl_typesupport_introspection_c/mg400_msgs/msg/detail/joint_mov_j__type_support.c.o[0m
[12.636s] [ 42%] [32mBuilding C object CMakeFiles/mg400_msgs__rosidl_typesupport_introspection_c.dir/rosidl_typesupport_introspection_c/mg400_msgs/msg/detail/mov_j__type_support.c.o[0m
[12.644s] [ 42%] [32mBuilding C object CMakeFiles/mg400_msgs__rosidl_typesupport_introspection_c.dir/rosidl_typesupport_introspection_c/mg400_msgs/msg/detail/mov_jio__type_support.c.o[0m
[12.649s] [ 42%] Built target mg400_msgs__rosidl_typesupport_cpp
[12.654s] [ 42%] [32mBuilding C object CMakeFiles/mg400_msgs__rosidl_typesupport_introspection_c.dir/rosidl_typesupport_introspection_c/mg400_msgs/msg/detail/mov_l__type_support.c.o[0m
[12.659s] [ 42%] [32mBuilding C object CMakeFiles/mg400_msgs__rosidl_typesupport_introspection_c.dir/rosidl_typesupport_introspection_c/mg400_msgs/msg/detail/move_jog__type_support.c.o[0m
[12.664s] [ 43%] [32mBuilding C object CMakeFiles/mg400_msgs__rosidl_typesupport_introspection_c.dir/rosidl_typesupport_introspection_c/mg400_msgs/msg/detail/mov_lio__type_support.c.o[0m
[12.673s] [ 43%] [32mBuilding C object CMakeFiles/mg400_msgs__rosidl_typesupport_introspection_c.dir/rosidl_typesupport_introspection_c/mg400_msgs/msg/detail/robot_mode__type_support.c.o[0m
[12.674s] [ 43%] Built target mg400_msgs__rosidl_typesupport_c
[12.678s] [ 43%] [32mBuilding C object CMakeFiles/mg400_msgs__rosidl_typesupport_introspection_c.dir/rosidl_typesupport_introspection_c/mg400_msgs/msg/detail/tool_di_index__type_support.c.o[0m
[12.683s] [ 43%] [32mBuilding C object CMakeFiles/mg400_msgs__rosidl_typesupport_introspection_c.dir/rosidl_typesupport_introspection_c/mg400_msgs/msg/detail/tool__type_support.c.o[0m
[12.689s] [ 44%] [32mBuilding C object CMakeFiles/mg400_msgs__rosidl_typesupport_introspection_c.dir/rosidl_typesupport_introspection_c/mg400_msgs/msg/detail/tool_do_index__type_support.c.o[0m
[12.695s] [ 44%] [32mBuilding C object CMakeFiles/mg400_msgs__rosidl_typesupport_introspection_c.dir/rosidl_typesupport_introspection_c/mg400_msgs/msg/detail/user__type_support.c.o[0m
[12.728s] [ 44%] [32mBuilding C object CMakeFiles/mg400_msgs__rosidl_typesupport_introspection_c.dir/rosidl_typesupport_introspection_c/mg400_msgs/srv/detail/acc_j__type_support.c.o[0m
[12.732s] [ 44%] [32mBuilding C object CMakeFiles/mg400_msgs__rosidl_typesupport_introspection_c.dir/rosidl_typesupport_introspection_c/mg400_msgs/srv/detail/acc_l__type_support.c.o[0m
[12.737s] [ 45%] [32mBuilding C object CMakeFiles/mg400_msgs__rosidl_typesupport_introspection_c.dir/rosidl_typesupport_introspection_c/mg400_msgs/srv/detail/arch__type_support.c.o[0m
[12.739s] [ 45%] [32mBuilding C object CMakeFiles/mg400_msgs__rosidl_typesupport_introspection_c.dir/rosidl_typesupport_introspection_c/mg400_msgs/srv/detail/cp__type_support.c.o[0m
[12.747s] [ 45%] [32mBuilding C object CMakeFiles/mg400_msgs__rosidl_typesupport_introspection_c.dir/rosidl_typesupport_introspection_c/mg400_msgs/srv/detail/di__type_support.c.o[0m
[12.747s] [ 45%] [32mBuilding C object CMakeFiles/mg400_msgs__rosidl_typesupport_introspection_c.dir/rosidl_typesupport_introspection_c/mg400_msgs/srv/detail/clear_error__type_support.c.o[0m
[12.750s] [ 45%] [32mBuilding C object CMakeFiles/mg400_msgs__rosidl_typesupport_introspection_c.dir/rosidl_typesupport_introspection_c/mg400_msgs/srv/detail/do__type_support.c.o[0m
[12.756s] [ 46%] [32mBuilding C object CMakeFiles/mg400_msgs__rosidl_typesupport_introspection_c.dir/rosidl_typesupport_introspection_c/mg400_msgs/srv/detail/disable_robot__type_support.c.o[0m
[12.761s] [ 46%] [32mBuilding C object CMakeFiles/mg400_msgs__rosidl_typesupport_introspection_c.dir/rosidl_typesupport_introspection_c/mg400_msgs/srv/detail/emergency_stop__type_support.c.o[0m
[12.768s] [ 46%] [32mBuilding C object CMakeFiles/mg400_msgs__rosidl_typesupport_introspection_c.dir/rosidl_typesupport_introspection_c/mg400_msgs/srv/detail/enable_robot__type_support.c.o[0m
[12.795s] [ 46%] [32mBuilding C object CMakeFiles/mg400_msgs__rosidl_typesupport_introspection_c.dir/rosidl_typesupport_introspection_c/mg400_msgs/srv/detail/get_angle__type_support.c.o[0m
[12.804s] [ 47%] [32mBuilding C object CMakeFiles/mg400_msgs__rosidl_typesupport_introspection_c.dir/rosidl_typesupport_introspection_c/mg400_msgs/srv/detail/get_error_id__type_support.c.o[0m
[12.814s] [ 47%] [32mBuilding C object CMakeFiles/mg400_msgs__rosidl_typesupport_introspection_c.dir/rosidl_typesupport_introspection_c/mg400_msgs/srv/detail/joint_mov_j__type_support.c.o[0m
[12.816s] [ 48%] [32mBuilding C object CMakeFiles/mg400_msgs__rosidl_typesupport_introspection_c.dir/rosidl_typesupport_introspection_c/mg400_msgs/srv/detail/move_jog__type_support.c.o[0m
[12.816s] [ 48%] [32mBuilding C object CMakeFiles/mg400_msgs__rosidl_typesupport_introspection_c.dir/rosidl_typesupport_introspection_c/mg400_msgs/srv/detail/pay_load__type_support.c.o[0m
[12.818s] [ 48%] [32mBuilding C object CMakeFiles/mg400_msgs__rosidl_typesupport_introspection_c.dir/rosidl_typesupport_introspection_c/mg400_msgs/srv/detail/inverse_solution__type_support.c.o[0m
[12.818s] [ 47%] [32mBuilding C object CMakeFiles/mg400_msgs__rosidl_typesupport_introspection_c.dir/rosidl_typesupport_introspection_c/mg400_msgs/srv/detail/get_pose__type_support.c.o[0m
[12.822s] [ 48%] [32mBuilding C object CMakeFiles/mg400_msgs__rosidl_typesupport_introspection_c.dir/rosidl_typesupport_introspection_c/mg400_msgs/srv/detail/positive_solution__type_support.c.o[0m
[12.830s] [ 48%] [32mBuilding C object CMakeFiles/mg400_msgs__rosidl_typesupport_introspection_c.dir/rosidl_typesupport_introspection_c/mg400_msgs/srv/detail/reset_robot__type_support.c.o[0m
[12.838s] [ 48%] [32mBuilding CXX object CMakeFiles/mg400_msgs__rosidl_typesupport_fastrtps_c.dir/rosidl_typesupport_fastrtps_c/mg400_msgs/msg/detail/arch__type_support_c.cpp.o[0m
[12.844s] [ 48%] [32mBuilding C object CMakeFiles/mg400_msgs__rosidl_typesupport_introspection_c.dir/rosidl_typesupport_introspection_c/mg400_msgs/srv/detail/robot_mode__type_support.c.o[0m
[12.844s] [ 48%] [32mBuilding C object CMakeFiles/mg400_msgs__rosidl_typesupport_introspection_c.dir/rosidl_typesupport_introspection_c/mg400_msgs/srv/detail/set_collision_level__type_support.c.o[0m
[12.850s] [ 48%] [32mBuilding C object CMakeFiles/mg400_msgs__rosidl_typesupport_introspection_c.dir/rosidl_typesupport_introspection_c/mg400_msgs/srv/detail/speed_j__type_support.c.o[0m
[12.852s] [ 48%] [32mBuilding CXX object CMakeFiles/mg400_msgs__rosidl_typesupport_fastrtps_c.dir/rosidl_typesupport_fastrtps_c/mg400_msgs/msg/detail/collision_level__type_support_c.cpp.o[0m
[12.854s] [ 48%] [32mBuilding CXX object CMakeFiles/mg400_msgs__rosidl_typesupport_fastrtps_c.dir/rosidl_typesupport_fastrtps_c/mg400_msgs/msg/detail/command__type_support_c.cpp.o[0m
[12.855s] [ 49%] [32mBuilding C object CMakeFiles/mg400_msgs__rosidl_typesupport_introspection_c.dir/rosidl_typesupport_introspection_c/mg400_msgs/srv/detail/speed_factor__type_support.c.o[0m
[12.860s] [ 49%] [32mBuilding CXX object CMakeFiles/mg400_msgs__rosidl_typesupport_introspection_cpp.dir/rosidl_typesupport_introspection_cpp/mg400_msgs/msg/detail/arch__type_support.cpp.o[0m
[12.870s] [ 49%] [32mBuilding C object CMakeFiles/mg400_msgs__rosidl_typesupport_introspection_c.dir/rosidl_typesupport_introspection_c/mg400_msgs/srv/detail/speed_l__type_support.c.o[0m
[12.870s] [ 49%] [32mBuilding CXX object CMakeFiles/mg400_msgs__rosidl_typesupport_fastrtps_c.dir/rosidl_typesupport_fastrtps_c/mg400_msgs/msg/detail/di_index__type_support_c.cpp.o[0m
[12.883s] [ 50%] [32mBuilding C object CMakeFiles/mg400_msgs__rosidl_typesupport_introspection_c.dir/rosidl_typesupport_introspection_c/mg400_msgs/srv/detail/tool__type_support.c.o[0m
[12.883s] [ 50%] [32mBuilding CXX object CMakeFiles/mg400_msgs__rosidl_typesupport_introspection_cpp.dir/rosidl_typesupport_introspection_cpp/mg400_msgs/msg/detail/collision_level__type_support.cpp.o[0m
[12.895s] [ 50%] [32mBuilding CXX object CMakeFiles/mg400_msgs__rosidl_typesupport_introspection_cpp.dir/rosidl_typesupport_introspection_cpp/mg400_msgs/msg/detail/command__type_support.cpp.o[0m
[12.898s] [ 51%] [32mBuilding C object CMakeFiles/mg400_msgs__rosidl_typesupport_introspection_c.dir/rosidl_typesupport_introspection_c/mg400_msgs/srv/detail/tool_di__type_support.c.o[0m
[12.903s] [ 51%] [32mBuilding CXX object CMakeFiles/mg400_msgs__rosidl_typesupport_fastrtps_c.dir/rosidl_typesupport_fastrtps_c/mg400_msgs/msg/detail/do_status__type_support_c.cpp.o[0m
[12.907s] [ 51%] [32mBuilding CXX object CMakeFiles/mg400_msgs__rosidl_typesupport_introspection_cpp.dir/rosidl_typesupport_introspection_cpp/mg400_msgs/msg/detail/do_index__type_support.cpp.o[0m
[12.910s] [ 52%] [32mBuilding CXX object CMakeFiles/mg400_msgs__rosidl_typesupport_fastrtps_c.dir/rosidl_typesupport_fastrtps_c/mg400_msgs/msg/detail/do_index__type_support_c.cpp.o[0m
[12.910s] [ 52%] [32mBuilding C object CMakeFiles/mg400_msgs__rosidl_typesupport_introspection_c.dir/rosidl_typesupport_introspection_c/mg400_msgs/srv/detail/tool_do_execute__type_support.c.o[0m
[12.910s] [ 52%] [32mBuilding CXX object CMakeFiles/mg400_msgs__rosidl_typesupport_introspection_cpp.dir/rosidl_typesupport_introspection_cpp/mg400_msgs/msg/detail/di_index__type_support.cpp.o[0m
[12.928s] [ 52%] [32mBuilding CXX object CMakeFiles/mg400_msgs__rosidl_typesupport_fastrtps_c.dir/rosidl_typesupport_fastrtps_c/mg400_msgs/msg/detail/distance_mode__type_support_c.cpp.o[0m
[12.953s] [ 53%] [32mBuilding CXX object CMakeFiles/mg400_msgs__rosidl_typesupport_introspection_cpp.dir/rosidl_typesupport_introspection_cpp/mg400_msgs/msg/detail/do_status__type_support.cpp.o[0m
[12.995s] [ 53%] [32mBuilding CXX object CMakeFiles/mg400_msgs__rosidl_typesupport_introspection_cpp.dir/rosidl_typesupport_introspection_cpp/mg400_msgs/msg/detail/distance_mode__type_support.cpp.o[0m
[13.008s] [ 53%] [32mBuilding C object CMakeFiles/mg400_msgs__rosidl_typesupport_introspection_c.dir/rosidl_typesupport_introspection_c/mg400_msgs/srv/detail/user__type_support.c.o[0m
[13.106s] [ 53%] [32mBuilding CXX object CMakeFiles/mg400_msgs__rosidl_typesupport_fastrtps_cpp.dir/rosidl_typesupport_fastrtps_cpp/mg400_msgs/msg/detail/dds_fastrtps/arch__type_support.cpp.o[0m
[13.123s] [ 53%] [32mBuilding C object CMakeFiles/mg400_msgs__rosidl_typesupport_introspection_c.dir/rosidl_typesupport_introspection_c/mg400_msgs/action/detail/command_queue__type_support.c.o[0m
[13.234s] [ 53%] [32mBuilding C object CMakeFiles/mg400_msgs__rosidl_typesupport_introspection_c.dir/rosidl_typesupport_introspection_c/mg400_msgs/action/detail/joint_mov_j__type_support.c.o[0m
[13.299s] [ 54%] [32mBuilding C object CMakeFiles/mg400_msgs__rosidl_typesupport_introspection_c.dir/rosidl_typesupport_introspection_c/mg400_msgs/action/detail/mov_j__type_support.c.o[0m
[13.352s] [ 54%] [32mBuilding C object CMakeFiles/mg400_msgs__rosidl_typesupport_introspection_c.dir/rosidl_typesupport_introspection_c/mg400_msgs/action/detail/mov_jio__type_support.c.o[0m
[13.402s] [ 55%] [32mBuilding CXX object CMakeFiles/mg400_msgs__rosidl_typesupport_fastrtps_cpp.dir/rosidl_typesupport_fastrtps_cpp/mg400_msgs/msg/detail/dds_fastrtps/collision_level__type_support.cpp.o[0m
[13.410s] [ 55%] [32mBuilding CXX object CMakeFiles/mg400_msgs__rosidl_typesupport_fastrtps_c.dir/rosidl_typesupport_fastrtps_c/mg400_msgs/msg/detail/error_id__type_support_c.cpp.o[0m
[13.423s] [ 55%] [32mBuilding CXX object CMakeFiles/mg400_msgs__rosidl_typesupport_fastrtps_cpp.dir/rosidl_typesupport_fastrtps_cpp/mg400_msgs/msg/detail/dds_fastrtps/command__type_support.cpp.o[0m
[13.443s] [ 55%] [32mBuilding C object CMakeFiles/mg400_msgs__rosidl_typesupport_introspection_c.dir/rosidl_typesupport_introspection_c/mg400_msgs/action/detail/mov_l__type_support.c.o[0m
[13.444s] [ 55%] [32mBuilding CXX object CMakeFiles/mg400_msgs__rosidl_typesupport_fastrtps_c.dir/rosidl_typesupport_fastrtps_c/mg400_msgs/msg/detail/id_array__type_support_c.cpp.o[0m
[13.457s] [ 55%] [32mBuilding CXX object CMakeFiles/mg400_msgs__rosidl_typesupport_fastrtps_cpp.dir/rosidl_typesupport_fastrtps_cpp/mg400_msgs/msg/detail/dds_fastrtps/di_index__type_support.cpp.o[0m
[13.473s] [ 55%] [32mBuilding CXX object CMakeFiles/mg400_msgs__rosidl_typesupport_fastrtps_c.dir/rosidl_typesupport_fastrtps_c/mg400_msgs/msg/detail/mov_j__type_support_c.cpp.o[0m
[13.479s] [ 56%] [32mBuilding CXX object CMakeFiles/mg400_msgs__rosidl_typesupport_fastrtps_c.dir/rosidl_typesupport_fastrtps_c/mg400_msgs/msg/detail/joint_mov_j__type_support_c.cpp.o[0m
[13.499s] [ 56%] [32mBuilding CXX object CMakeFiles/mg400_msgs__rosidl_typesupport_fastrtps_cpp.dir/rosidl_typesupport_fastrtps_cpp/mg400_msgs/msg/detail/dds_fastrtps/do_index__type_support.cpp.o[0m
[13.506s] [ 56%] [32mBuilding CXX object CMakeFiles/mg400_msgs__rosidl_typesupport_introspection_cpp.dir/rosidl_typesupport_introspection_cpp/mg400_msgs/msg/detail/error_id__type_support.cpp.o[0m
[13.522s] [ 56%] [32mBuilding C object CMakeFiles/mg400_msgs__rosidl_typesupport_introspection_c.dir/rosidl_typesupport_introspection_c/mg400_msgs/action/detail/mov_lio__type_support.c.o[0m
[13.540s] [ 56%] [32mBuilding CXX object CMakeFiles/mg400_msgs__rosidl_typesupport_fastrtps_cpp.dir/rosidl_typesupport_fastrtps_cpp/mg400_msgs/msg/detail/dds_fastrtps/distance_mode__type_support.cpp.o[0m
[13.540s] [ 57%] [32mBuilding CXX object CMakeFiles/mg400_msgs__rosidl_typesupport_fastrtps_cpp.dir/rosidl_typesupport_fastrtps_cpp/mg400_msgs/msg/detail/dds_fastrtps/do_status__type_support.cpp.o[0m
[13.543s] [ 57%] [32mBuilding CXX object CMakeFiles/mg400_msgs__rosidl_typesupport_introspection_cpp.dir/rosidl_typesupport_introspection_cpp/mg400_msgs/msg/detail/id_array__type_support.cpp.o[0m
[13.610s] [ 57%] [32mBuilding CXX object CMakeFiles/mg400_msgs__rosidl_typesupport_fastrtps_c.dir/rosidl_typesupport_fastrtps_c/mg400_msgs/msg/detail/mov_jio__type_support_c.cpp.o[0m
[13.668s] [ 57%] [32mBuilding CXX object CMakeFiles/mg400_msgs__rosidl_typesupport_fastrtps_cpp.dir/rosidl_typesupport_fastrtps_cpp/mg400_msgs/msg/detail/dds_fastrtps/error_id__type_support.cpp.o[0m
[13.671s] [ 58%] [32m[1mLinking C shared library libmg400_msgs__rosidl_typesupport_introspection_c.so[0m
[13.775s] [ 58%] [32mBuilding CXX object CMakeFiles/mg400_msgs__rosidl_typesupport_fastrtps_c.dir/rosidl_typesupport_fastrtps_c/mg400_msgs/msg/detail/mov_l__type_support_c.cpp.o[0m
[13.806s] [ 58%] Built target mg400_msgs__rosidl_typesupport_introspection_c
[13.831s] [ 59%] [32mBuilding CXX object CMakeFiles/mg400_msgs__rosidl_typesupport_fastrtps_c.dir/rosidl_typesupport_fastrtps_c/mg400_msgs/msg/detail/mov_lio__type_support_c.cpp.o[0m
[13.892s] [ 59%] [32mBuilding CXX object CMakeFiles/mg400_msgs__rosidl_typesupport_introspection_cpp.dir/rosidl_typesupport_introspection_cpp/mg400_msgs/msg/detail/joint_mov_j__type_support.cpp.o[0m
[13.930s] [ 59%] [32mBuilding CXX object CMakeFiles/mg400_msgs__rosidl_typesupport_fastrtps_cpp.dir/rosidl_typesupport_fastrtps_cpp/mg400_msgs/msg/detail/dds_fastrtps/id_array__type_support.cpp.o[0m
[13.944s] [ 60%] [32mBuilding CXX object CMakeFiles/mg400_msgs__rosidl_typesupport_introspection_cpp.dir/rosidl_typesupport_introspection_cpp/mg400_msgs/msg/detail/mov_j__type_support.cpp.o[0m
[13.981s] [ 60%] [32mBuilding CXX object CMakeFiles/mg400_msgs__rosidl_typesupport_fastrtps_cpp.dir/rosidl_typesupport_fastrtps_cpp/mg400_msgs/msg/detail/dds_fastrtps/joint_mov_j__type_support.cpp.o[0m
[13.981s] [ 60%] [32mBuilding CXX object CMakeFiles/mg400_msgs__rosidl_typesupport_fastrtps_c.dir/rosidl_typesupport_fastrtps_c/mg400_msgs/msg/detail/move_jog__type_support_c.cpp.o[0m
[14.018s] [ 61%] [32mBuilding CXX object CMakeFiles/mg400_msgs__rosidl_typesupport_fastrtps_cpp.dir/rosidl_typesupport_fastrtps_cpp/mg400_msgs/msg/detail/dds_fastrtps/mov_j__type_support.cpp.o[0m
[14.085s] [ 61%] [32mBuilding CXX object CMakeFiles/mg400_msgs__rosidl_typesupport_fastrtps_cpp.dir/rosidl_typesupport_fastrtps_cpp/mg400_msgs/msg/detail/dds_fastrtps/mov_jio__type_support.cpp.o[0m
[14.115s] [ 61%] [32mBuilding CXX object CMakeFiles/mg400_msgs__rosidl_typesupport_fastrtps_cpp.dir/rosidl_typesupport_fastrtps_cpp/mg400_msgs/msg/detail/dds_fastrtps/mov_l__type_support.cpp.o[0m
[14.125s] [ 61%] [32mBuilding CXX object CMakeFiles/mg400_msgs__rosidl_typesupport_fastrtps_cpp.dir/rosidl_typesupport_fastrtps_cpp/mg400_msgs/msg/detail/dds_fastrtps/mov_lio__type_support.cpp.o[0m
[14.198s] [ 61%] [32mBuilding CXX object CMakeFiles/mg400_msgs__rosidl_typesupport_fastrtps_c.dir/rosidl_typesupport_fastrtps_c/mg400_msgs/msg/detail/robot_mode__type_support_c.cpp.o[0m
[14.230s] [ 61%] [32mBuilding CXX object CMakeFiles/mg400_msgs__rosidl_typesupport_introspection_cpp.dir/rosidl_typesupport_introspection_cpp/mg400_msgs/msg/detail/mov_jio__type_support.cpp.o[0m
[14.239s] [ 62%] [32mBuilding CXX object CMakeFiles/mg400_msgs__rosidl_typesupport_fastrtps_cpp.dir/rosidl_typesupport_fastrtps_cpp/mg400_msgs/msg/detail/dds_fastrtps/move_jog__type_support.cpp.o[0m
[14.267s] [ 62%] [32mBuilding CXX object CMakeFiles/mg400_msgs__rosidl_typesupport_introspection_cpp.dir/rosidl_typesupport_introspection_cpp/mg400_msgs/msg/detail/mov_l__type_support.cpp.o[0m
[14.304s] [ 62%] [32mBuilding CXX object CMakeFiles/mg400_msgs__rosidl_typesupport_fastrtps_cpp.dir/rosidl_typesupport_fastrtps_cpp/mg400_msgs/msg/detail/dds_fastrtps/robot_mode__type_support.cpp.o[0m
[14.369s] [ 62%] [32mBuilding CXX object CMakeFiles/mg400_msgs__rosidl_typesupport_introspection_cpp.dir/rosidl_typesupport_introspection_cpp/mg400_msgs/msg/detail/mov_lio__type_support.cpp.o[0m
[14.398s] [ 62%] [32mBuilding CXX object CMakeFiles/mg400_msgs__rosidl_typesupport_fastrtps_cpp.dir/rosidl_typesupport_fastrtps_cpp/mg400_msgs/msg/detail/dds_fastrtps/tool__type_support.cpp.o[0m
[14.463s] [ 63%] [32mBuilding CXX object CMakeFiles/mg400_msgs__rosidl_typesupport_introspection_cpp.dir/rosidl_typesupport_introspection_cpp/mg400_msgs/msg/detail/move_jog__type_support.cpp.o[0m
[14.477s] [ 63%] [32mBuilding CXX object CMakeFiles/mg400_msgs__rosidl_typesupport_introspection_cpp.dir/rosidl_typesupport_introspection_cpp/mg400_msgs/msg/detail/robot_mode__type_support.cpp.o[0m
[14.618s] [ 63%] [32mBuilding CXX object CMakeFiles/mg400_msgs__rosidl_typesupport_fastrtps_c.dir/rosidl_typesupport_fastrtps_c/mg400_msgs/msg/detail/tool__type_support_c.cpp.o[0m
[14.619s] [ 63%] [32mBuilding CXX object CMakeFiles/mg400_msgs__rosidl_typesupport_introspection_cpp.dir/rosidl_typesupport_introspection_cpp/mg400_msgs/msg/detail/tool__type_support.cpp.o[0m
[14.683s] [ 63%] [32mBuilding CXX object CMakeFiles/mg400_msgs__rosidl_typesupport_introspection_cpp.dir/rosidl_typesupport_introspection_cpp/mg400_msgs/msg/detail/tool_di_index__type_support.cpp.o[0m
[14.697s] [ 63%] [32mBuilding CXX object CMakeFiles/mg400_msgs__rosidl_typesupport_introspection_cpp.dir/rosidl_typesupport_introspection_cpp/mg400_msgs/msg/detail/tool_do_index__type_support.cpp.o[0m
[14.732s] [ 63%] [32mBuilding CXX object CMakeFiles/mg400_msgs__rosidl_typesupport_fastrtps_c.dir/rosidl_typesupport_fastrtps_c/mg400_msgs/msg/detail/tool_di_index__type_support_c.cpp.o[0m
[14.788s] [ 64%] [32mBuilding CXX object CMakeFiles/mg400_msgs__rosidl_typesupport_fastrtps_c.dir/rosidl_typesupport_fastrtps_c/mg400_msgs/msg/detail/tool_do_index__type_support_c.cpp.o[0m
[14.829s] [ 65%] [32mBuilding CXX object CMakeFiles/mg400_msgs__rosidl_typesupport_introspection_cpp.dir/rosidl_typesupport_introspection_cpp/mg400_msgs/msg/detail/user__type_support.cpp.o[0m
[14.879s] [ 65%] [32mBuilding CXX object CMakeFiles/mg400_msgs__rosidl_typesupport_fastrtps_c.dir/rosidl_typesupport_fastrtps_c/mg400_msgs/msg/detail/user__type_support_c.cpp.o[0m
[14.881s] [ 65%] [32mBuilding CXX object CMakeFiles/mg400_msgs__rosidl_typesupport_fastrtps_cpp.dir/rosidl_typesupport_fastrtps_cpp/mg400_msgs/msg/detail/dds_fastrtps/tool_di_index__type_support.cpp.o[0m
[14.914s] [ 65%] [32mBuilding CXX object CMakeFiles/mg400_msgs__rosidl_typesupport_introspection_cpp.dir/rosidl_typesupport_introspection_cpp/mg400_msgs/srv/detail/acc_j__type_support.cpp.o[0m
[14.999s] [ 65%] [32mBuilding CXX object CMakeFiles/mg400_msgs__rosidl_typesupport_fastrtps_c.dir/rosidl_typesupport_fastrtps_c/mg400_msgs/srv/detail/acc_j__type_support_c.cpp.o[0m
[15.013s] [ 65%] [32mBuilding CXX object CMakeFiles/mg400_msgs__rosidl_typesupport_introspection_cpp.dir/rosidl_typesupport_introspection_cpp/mg400_msgs/srv/detail/acc_l__type_support.cpp.o[0m
[15.016s] [ 65%] [32mBuilding CXX object CMakeFiles/mg400_msgs__rosidl_typesupport_introspection_cpp.dir/rosidl_typesupport_introspection_cpp/mg400_msgs/srv/detail/arch__type_support.cpp.o[0m
[15.028s] [ 65%] [32mBuilding CXX object CMakeFiles/mg400_msgs__rosidl_typesupport_fastrtps_cpp.dir/rosidl_typesupport_fastrtps_cpp/mg400_msgs/msg/detail/dds_fastrtps/tool_do_index__type_support.cpp.o[0m
[15.050s] [ 65%] [32mBuilding CXX object CMakeFiles/mg400_msgs__rosidl_typesupport_fastrtps_c.dir/rosidl_typesupport_fastrtps_c/mg400_msgs/srv/detail/acc_l__type_support_c.cpp.o[0m
[15.076s] [ 66%] [32mBuilding CXX object CMakeFiles/mg400_msgs__rosidl_typesupport_fastrtps_cpp.dir/rosidl_typesupport_fastrtps_cpp/mg400_msgs/msg/detail/dds_fastrtps/user__type_support.cpp.o[0m
[15.083s] [ 66%] [32mBuilding CXX object CMakeFiles/mg400_msgs__rosidl_typesupport_introspection_cpp.dir/rosidl_typesupport_introspection_cpp/mg400_msgs/srv/detail/cp__type_support.cpp.o[0m
[15.194s] [ 67%] [32mBuilding CXX object CMakeFiles/mg400_msgs__rosidl_typesupport_fastrtps_c.dir/rosidl_typesupport_fastrtps_c/mg400_msgs/srv/detail/arch__type_support_c.cpp.o[0m
[15.214s] [ 67%] [32mBuilding CXX object CMakeFiles/mg400_msgs__rosidl_typesupport_fastrtps_cpp.dir/rosidl_typesupport_fastrtps_cpp/mg400_msgs/srv/detail/dds_fastrtps/acc_j__type_support.cpp.o[0m
[15.323s] [ 67%] [32mBuilding CXX object CMakeFiles/mg400_msgs__rosidl_typesupport_fastrtps_c.dir/rosidl_typesupport_fastrtps_c/mg400_msgs/srv/detail/cp__type_support_c.cpp.o[0m
[15.350s] [ 67%] [32mBuilding CXX object CMakeFiles/mg400_msgs__rosidl_typesupport_fastrtps_cpp.dir/rosidl_typesupport_fastrtps_cpp/mg400_msgs/srv/detail/dds_fastrtps/acc_l__type_support.cpp.o[0m
[15.392s] [ 68%] [32mBuilding CXX object CMakeFiles/mg400_msgs__rosidl_typesupport_introspection_cpp.dir/rosidl_typesupport_introspection_cpp/mg400_msgs/srv/detail/clear_error__type_support.cpp.o[0m
[15.421s] [ 68%] [32mBuilding CXX object CMakeFiles/mg400_msgs__rosidl_typesupport_fastrtps_c.dir/rosidl_typesupport_fastrtps_c/mg400_msgs/srv/detail/clear_error__type_support_c.cpp.o[0m
[15.423s] [ 68%] [32mBuilding CXX object CMakeFiles/mg400_msgs__rosidl_typesupport_introspection_cpp.dir/rosidl_typesupport_introspection_cpp/mg400_msgs/srv/detail/di__type_support.cpp.o[0m
[15.429s] [ 68%] [32mBuilding CXX object CMakeFiles/mg400_msgs__rosidl_typesupport_fastrtps_cpp.dir/rosidl_typesupport_fastrtps_cpp/mg400_msgs/srv/detail/dds_fastrtps/arch__type_support.cpp.o[0m
[15.561s] [ 68%] [32mBuilding CXX object CMakeFiles/mg400_msgs__rosidl_typesupport_fastrtps_cpp.dir/rosidl_typesupport_fastrtps_cpp/mg400_msgs/srv/detail/dds_fastrtps/cp__type_support.cpp.o[0m
[15.573s] [ 68%] [32mBuilding CXX object CMakeFiles/mg400_msgs__rosidl_typesupport_fastrtps_c.dir/rosidl_typesupport_fastrtps_c/mg400_msgs/srv/detail/di__type_support_c.cpp.o[0m
[15.596s] [ 69%] [32mBuilding CXX object CMakeFiles/mg400_msgs__rosidl_typesupport_fastrtps_cpp.dir/rosidl_typesupport_fastrtps_cpp/mg400_msgs/srv/detail/dds_fastrtps/clear_error__type_support.cpp.o[0m
[15.628s] [ 69%] [32mBuilding CXX object CMakeFiles/mg400_msgs__rosidl_typesupport_introspection_cpp.dir/rosidl_typesupport_introspection_cpp/mg400_msgs/srv/detail/do__type_support.cpp.o[0m
[15.635s] [ 69%] [32mBuilding CXX object CMakeFiles/mg400_msgs__rosidl_typesupport_introspection_cpp.dir/rosidl_typesupport_introspection_cpp/mg400_msgs/srv/detail/disable_robot__type_support.cpp.o[0m
[15.721s] [ 69%] [32mBuilding CXX object CMakeFiles/mg400_msgs__rosidl_typesupport_fastrtps_c.dir/rosidl_typesupport_fastrtps_c/mg400_msgs/srv/detail/do__type_support_c.cpp.o[0m
[15.776s] [ 70%] [32mBuilding CXX object CMakeFiles/mg400_msgs__rosidl_typesupport_fastrtps_c.dir/rosidl_typesupport_fastrtps_c/mg400_msgs/srv/detail/disable_robot__type_support_c.cpp.o[0m
[15.777s] [ 71%] [32mBuilding CXX object CMakeFiles/mg400_msgs__rosidl_typesupport_introspection_cpp.dir/rosidl_typesupport_introspection_cpp/mg400_msgs/srv/detail/emergency_stop__type_support.cpp.o[0m
[15.781s] [ 71%] [32mBuilding CXX object CMakeFiles/mg400_msgs__rosidl_typesupport_fastrtps_cpp.dir/rosidl_typesupport_fastrtps_cpp/mg400_msgs/srv/detail/dds_fastrtps/di__type_support.cpp.o[0m
[15.835s] [ 71%] [32mBuilding CXX object CMakeFiles/mg400_msgs__rosidl_typesupport_fastrtps_cpp.dir/rosidl_typesupport_fastrtps_cpp/mg400_msgs/srv/detail/dds_fastrtps/do__type_support.cpp.o[0m
[15.854s] [ 71%] [32mBuilding CXX object CMakeFiles/mg400_msgs__rosidl_typesupport_introspection_cpp.dir/rosidl_typesupport_introspection_cpp/mg400_msgs/srv/detail/enable_robot__type_support.cpp.o[0m
[15.939s] [ 71%] [32mBuilding CXX object CMakeFiles/mg400_msgs__rosidl_typesupport_fastrtps_cpp.dir/rosidl_typesupport_fastrtps_cpp/mg400_msgs/srv/detail/dds_fastrtps/disable_robot__type_support.cpp.o[0m
[15.988s] [ 71%] [32mBuilding CXX object CMakeFiles/mg400_msgs__rosidl_typesupport_introspection_cpp.dir/rosidl_typesupport_introspection_cpp/mg400_msgs/srv/detail/get_angle__type_support.cpp.o[0m
[16.037s] [ 72%] [32mBuilding CXX object CMakeFiles/mg400_msgs__rosidl_typesupport_fastrtps_cpp.dir/rosidl_typesupport_fastrtps_cpp/mg400_msgs/srv/detail/dds_fastrtps/emergency_stop__type_support.cpp.o[0m
[16.086s] [ 72%] [32mBuilding CXX object CMakeFiles/mg400_msgs__rosidl_typesupport_introspection_cpp.dir/rosidl_typesupport_introspection_cpp/mg400_msgs/srv/detail/get_error_id__type_support.cpp.o[0m
[16.135s] [ 72%] [32mBuilding CXX object CMakeFiles/mg400_msgs__rosidl_typesupport_fastrtps_c.dir/rosidl_typesupport_fastrtps_c/mg400_msgs/srv/detail/emergency_stop__type_support_c.cpp.o[0m
[16.196s] [ 72%] [32mBuilding CXX object CMakeFiles/mg400_msgs__rosidl_typesupport_introspection_cpp.dir/rosidl_typesupport_introspection_cpp/mg400_msgs/srv/detail/get_pose__type_support.cpp.o[0m
[16.217s] [ 72%] [32mBuilding CXX object CMakeFiles/mg400_msgs__rosidl_typesupport_fastrtps_c.dir/rosidl_typesupport_fastrtps_c/mg400_msgs/srv/detail/enable_robot__type_support_c.cpp.o[0m
[16.238s] [ 73%] [32mBuilding CXX object CMakeFiles/mg400_msgs__rosidl_typesupport_introspection_cpp.dir/rosidl_typesupport_introspection_cpp/mg400_msgs/srv/detail/inverse_solution__type_support.cpp.o[0m
[16.246s] [ 73%] [32mBuilding CXX object CMakeFiles/mg400_msgs__rosidl_typesupport_fastrtps_cpp.dir/rosidl_typesupport_fastrtps_cpp/mg400_msgs/srv/detail/dds_fastrtps/enable_robot__type_support.cpp.o[0m
[16.290s] [ 73%] [32mBuilding CXX object CMakeFiles/mg400_msgs__rosidl_typesupport_fastrtps_c.dir/rosidl_typesupport_fastrtps_c/mg400_msgs/srv/detail/get_angle__type_support_c.cpp.o[0m
[16.335s] [ 73%] [32mBuilding CXX object CMakeFiles/mg400_msgs__rosidl_typesupport_fastrtps_cpp.dir/rosidl_typesupport_fastrtps_cpp/mg400_msgs/srv/detail/dds_fastrtps/get_angle__type_support.cpp.o[0m
[16.335s] [ 73%] [32mBuilding CXX object CMakeFiles/mg400_msgs__rosidl_typesupport_introspection_cpp.dir/rosidl_typesupport_introspection_cpp/mg400_msgs/srv/detail/joint_mov_j__type_support.cpp.o[0m
[16.379s] [ 73%] [32mBuilding CXX object CMakeFiles/mg400_msgs__rosidl_typesupport_introspection_cpp.dir/rosidl_typesupport_introspection_cpp/mg400_msgs/srv/detail/move_jog__type_support.cpp.o[0m
[16.427s] [ 74%] [32mBuilding CXX object CMakeFiles/mg400_msgs__rosidl_typesupport_fastrtps_c.dir/rosidl_typesupport_fastrtps_c/mg400_msgs/srv/detail/get_error_id__type_support_c.cpp.o[0m
[16.518s] [ 74%] [32mBuilding CXX object CMakeFiles/mg400_msgs__rosidl_typesupport_fastrtps_cpp.dir/rosidl_typesupport_fastrtps_cpp/mg400_msgs/srv/detail/dds_fastrtps/get_error_id__type_support.cpp.o[0m
[16.570s] [ 74%] [32mBuilding CXX object CMakeFiles/mg400_msgs__rosidl_typesupport_introspection_cpp.dir/rosidl_typesupport_introspection_cpp/mg400_msgs/srv/detail/pay_load__type_support.cpp.o[0m
[16.667s] [ 74%] [32mBuilding CXX object CMakeFiles/mg400_msgs__rosidl_typesupport_fastrtps_cpp.dir/rosidl_typesupport_fastrtps_cpp/mg400_msgs/srv/detail/dds_fastrtps/get_pose__type_support.cpp.o[0m
[16.679s] [ 75%] [32mBuilding CXX object CMakeFiles/mg400_msgs__rosidl_typesupport_introspection_cpp.dir/rosidl_typesupport_introspection_cpp/mg400_msgs/srv/detail/positive_solution__type_support.cpp.o[0m
[16.679s] [ 75%] [32mBuilding CXX object CMakeFiles/mg400_msgs__rosidl_typesupport_fastrtps_c.dir/rosidl_typesupport_fastrtps_c/mg400_msgs/srv/detail/get_pose__type_support_c.cpp.o[0m
[16.787s] [ 75%] [32mBuilding CXX object CMakeFiles/mg400_msgs__rosidl_typesupport_introspection_cpp.dir/rosidl_typesupport_introspection_cpp/mg400_msgs/srv/detail/reset_robot__type_support.cpp.o[0m
[16.803s] [ 75%] [32mBuilding CXX object CMakeFiles/mg400_msgs__rosidl_typesupport_fastrtps_c.dir/rosidl_typesupport_fastrtps_c/mg400_msgs/srv/detail/inverse_solution__type_support_c.cpp.o[0m
[16.814s] [ 75%] [32mBuilding CXX object CMakeFiles/mg400_msgs__rosidl_typesupport_fastrtps_c.dir/rosidl_typesupport_fastrtps_c/mg400_msgs/srv/detail/joint_mov_j__type_support_c.cpp.o[0m
[16.829s] [ 76%] [32mBuilding CXX object CMakeFiles/mg400_msgs__rosidl_typesupport_fastrtps_cpp.dir/rosidl_typesupport_fastrtps_cpp/mg400_msgs/srv/detail/dds_fastrtps/inverse_solution__type_support.cpp.o[0m
[16.858s] [ 76%] [32mBuilding CXX object CMakeFiles/mg400_msgs__rosidl_typesupport_fastrtps_c.dir/rosidl_typesupport_fastrtps_c/mg400_msgs/srv/detail/move_jog__type_support_c.cpp.o[0m
[16.882s] [ 76%] [32mBuilding CXX object CMakeFiles/mg400_msgs__rosidl_typesupport_fastrtps_cpp.dir/rosidl_typesupport_fastrtps_cpp/mg400_msgs/srv/detail/dds_fastrtps/joint_mov_j__type_support.cpp.o[0m
[17.009s] [ 76%] [32mBuilding CXX object CMakeFiles/mg400_msgs__rosidl_typesupport_introspection_cpp.dir/rosidl_typesupport_introspection_cpp/mg400_msgs/srv/detail/robot_mode__type_support.cpp.o[0m
[17.013s] [ 76%] [32mBuilding CXX object CMakeFiles/mg400_msgs__rosidl_typesupport_fastrtps_cpp.dir/rosidl_typesupport_fastrtps_cpp/mg400_msgs/srv/detail/dds_fastrtps/move_jog__type_support.cpp.o[0m
[17.015s] [ 76%] [32mBuilding CXX object CMakeFiles/mg400_msgs__rosidl_typesupport_introspection_cpp.dir/rosidl_typesupport_introspection_cpp/mg400_msgs/srv/detail/set_collision_level__type_support.cpp.o[0m
[17.090s] [ 77%] [32mBuilding CXX object CMakeFiles/mg400_msgs__rosidl_typesupport_fastrtps_c.dir/rosidl_typesupport_fastrtps_c/mg400_msgs/srv/detail/pay_load__type_support_c.cpp.o[0m
[17.138s] [ 77%] [32mBuilding CXX object CMakeFiles/mg400_msgs__rosidl_typesupport_introspection_cpp.dir/rosidl_typesupport_introspection_cpp/mg400_msgs/srv/detail/speed_factor__type_support.cpp.o[0m
[17.192s] [ 77%] [32mBuilding CXX object CMakeFiles/mg400_msgs__rosidl_typesupport_fastrtps_cpp.dir/rosidl_typesupport_fastrtps_cpp/mg400_msgs/srv/detail/dds_fastrtps/pay_load__type_support.cpp.o[0m
[17.307s] [ 78%] [32mBuilding CXX object CMakeFiles/mg400_msgs__rosidl_typesupport_fastrtps_cpp.dir/rosidl_typesupport_fastrtps_cpp/mg400_msgs/srv/detail/dds_fastrtps/positive_solution__type_support.cpp.o[0m
[17.341s] [ 78%] [32mBuilding CXX object CMakeFiles/mg400_msgs__rosidl_typesupport_fastrtps_c.dir/rosidl_typesupport_fastrtps_c/mg400_msgs/srv/detail/positive_solution__type_support_c.cpp.o[0m
[17.359s] [ 78%] [32mBuilding CXX object CMakeFiles/mg400_msgs__rosidl_typesupport_fastrtps_c.dir/rosidl_typesupport_fastrtps_c/mg400_msgs/srv/detail/reset_robot__type_support_c.cpp.o[0m
[17.364s] [ 78%] [32mBuilding CXX object CMakeFiles/mg400_msgs__rosidl_typesupport_fastrtps_c.dir/rosidl_typesupport_fastrtps_c/mg400_msgs/srv/detail/robot_mode__type_support_c.cpp.o[0m
[17.365s] [ 79%] [32mBuilding CXX object CMakeFiles/mg400_msgs__rosidl_typesupport_introspection_cpp.dir/rosidl_typesupport_introspection_cpp/mg400_msgs/srv/detail/speed_j__type_support.cpp.o[0m
[17.403s] [ 79%] [32mBuilding CXX object CMakeFiles/mg400_msgs__rosidl_typesupport_introspection_cpp.dir/rosidl_typesupport_introspection_cpp/mg400_msgs/srv/detail/speed_l__type_support.cpp.o[0m
[17.440s] [ 79%] [32mBuilding CXX object CMakeFiles/mg400_msgs__rosidl_typesupport_introspection_cpp.dir/rosidl_typesupport_introspection_cpp/mg400_msgs/srv/detail/tool__type_support.cpp.o[0m
[17.470s] [ 79%] [32mBuilding CXX object CMakeFiles/mg400_msgs__rosidl_typesupport_fastrtps_c.dir/rosidl_typesupport_fastrtps_c/mg400_msgs/srv/detail/set_collision_level__type_support_c.cpp.o[0m
[17.519s] [ 79%] [32mBuilding CXX object CMakeFiles/mg400_msgs__rosidl_typesupport_fastrtps_cpp.dir/rosidl_typesupport_fastrtps_cpp/mg400_msgs/srv/detail/dds_fastrtps/reset_robot__type_support.cpp.o[0m
[17.630s] [ 79%] [32mBuilding CXX object CMakeFiles/mg400_msgs__rosidl_typesupport_introspection_cpp.dir/rosidl_typesupport_introspection_cpp/mg400_msgs/srv/detail/tool_di__type_support.cpp.o[0m
[17.645s] [ 80%] [32mBuilding CXX object CMakeFiles/mg400_msgs__rosidl_typesupport_fastrtps_c.dir/rosidl_typesupport_fastrtps_c/mg400_msgs/srv/detail/speed_factor__type_support_c.cpp.o[0m
[17.645s] [ 81%] [32mBuilding CXX object CMakeFiles/mg400_msgs__rosidl_typesupport_introspection_cpp.dir/rosidl_typesupport_introspection_cpp/mg400_msgs/srv/detail/tool_do_execute__type_support.cpp.o[0m
[17.648s] [ 81%] [32mBuilding CXX object CMakeFiles/mg400_msgs__rosidl_typesupport_fastrtps_cpp.dir/rosidl_typesupport_fastrtps_cpp/mg400_msgs/srv/detail/dds_fastrtps/robot_mode__type_support.cpp.o[0m
[17.659s] [ 81%] [32mBuilding CXX object CMakeFiles/mg400_msgs__rosidl_typesupport_fastrtps_cpp.dir/rosidl_typesupport_fastrtps_cpp/mg400_msgs/srv/detail/dds_fastrtps/set_collision_level__type_support.cpp.o[0m
[17.674s] [ 81%] [32mBuilding CXX object CMakeFiles/mg400_msgs__rosidl_typesupport_introspection_cpp.dir/rosidl_typesupport_introspection_cpp/mg400_msgs/srv/detail/user__type_support.cpp.o[0m
[17.849s] [ 81%] [32mBuilding CXX object CMakeFiles/mg400_msgs__rosidl_typesupport_fastrtps_cpp.dir/rosidl_typesupport_fastrtps_cpp/mg400_msgs/srv/detail/dds_fastrtps/speed_factor__type_support.cpp.o[0m
[17.877s] [ 81%] [32mBuilding CXX object CMakeFiles/mg400_msgs__rosidl_typesupport_fastrtps_c.dir/rosidl_typesupport_fastrtps_c/mg400_msgs/srv/detail/speed_j__type_support_c.cpp.o[0m
[17.920s] [ 81%] [32mBuilding CXX object CMakeFiles/mg400_msgs__rosidl_typesupport_introspection_cpp.dir/rosidl_typesupport_introspection_cpp/mg400_msgs/action/detail/command_queue__type_support.cpp.o[0m
[17.922s] [ 81%] [32mBuilding CXX object CMakeFiles/mg400_msgs__rosidl_typesupport_introspection_cpp.dir/rosidl_typesupport_introspection_cpp/mg400_msgs/action/detail/joint_mov_j__type_support.cpp.o[0m
[17.934s] [ 82%] [32mBuilding CXX object CMakeFiles/mg400_msgs__rosidl_typesupport_fastrtps_cpp.dir/rosidl_typesupport_fastrtps_cpp/mg400_msgs/srv/detail/dds_fastrtps/speed_l__type_support.cpp.o[0m
[17.934s] [ 82%] [32mBuilding CXX object CMakeFiles/mg400_msgs__rosidl_typesupport_fastrtps_cpp.dir/rosidl_typesupport_fastrtps_cpp/mg400_msgs/srv/detail/dds_fastrtps/speed_j__type_support.cpp.o[0m
[17.935s] [ 82%] [32mBuilding CXX object CMakeFiles/mg400_msgs__rosidl_typesupport_fastrtps_cpp.dir/rosidl_typesupport_fastrtps_cpp/mg400_msgs/srv/detail/dds_fastrtps/tool__type_support.cpp.o[0m
[17.961s] [ 82%] [32mBuilding CXX object CMakeFiles/mg400_msgs__rosidl_typesupport_fastrtps_c.dir/rosidl_typesupport_fastrtps_c/mg400_msgs/srv/detail/speed_l__type_support_c.cpp.o[0m
[17.995s] [ 82%] [32mBuilding CXX object CMakeFiles/mg400_msgs__rosidl_typesupport_fastrtps_cpp.dir/rosidl_typesupport_fastrtps_cpp/mg400_msgs/srv/detail/dds_fastrtps/tool_di__type_support.cpp.o[0m
[18.150s] [ 82%] [32mBuilding CXX object CMakeFiles/mg400_msgs__rosidl_typesupport_introspection_cpp.dir/rosidl_typesupport_introspection_cpp/mg400_msgs/action/detail/mov_j__type_support.cpp.o[0m
[18.172s] [ 83%] [32mBuilding CXX object CMakeFiles/mg400_msgs__rosidl_typesupport_fastrtps_cpp.dir/rosidl_typesupport_fastrtps_cpp/mg400_msgs/srv/detail/dds_fastrtps/tool_do_execute__type_support.cpp.o[0m
[18.178s] [ 83%] [32mBuilding CXX object CMakeFiles/mg400_msgs__rosidl_typesupport_fastrtps_c.dir/rosidl_typesupport_fastrtps_c/mg400_msgs/srv/detail/tool__type_support_c.cpp.o[0m
[18.223s] [ 83%] [32mBuilding CXX object CMakeFiles/mg400_msgs__rosidl_typesupport_fastrtps_cpp.dir/rosidl_typesupport_fastrtps_cpp/mg400_msgs/srv/detail/dds_fastrtps/user__type_support.cpp.o[0m
[18.226s] [ 84%] [32mBuilding CXX object CMakeFiles/mg400_msgs__rosidl_typesupport_introspection_cpp.dir/rosidl_typesupport_introspection_cpp/mg400_msgs/action/detail/mov_jio__type_support.cpp.o[0m
[18.262s] [ 84%] [32mBuilding CXX object CMakeFiles/mg400_msgs__rosidl_typesupport_introspection_cpp.dir/rosidl_typesupport_introspection_cpp/mg400_msgs/action/detail/mov_l__type_support.cpp.o[0m
[18.315s] [ 84%] [32mBuilding CXX object CMakeFiles/mg400_msgs__rosidl_typesupport_fastrtps_cpp.dir/rosidl_typesupport_fastrtps_cpp/mg400_msgs/action/detail/dds_fastrtps/command_queue__type_support.cpp.o[0m
[18.405s] [ 84%] [32mBuilding CXX object CMakeFiles/mg400_msgs__rosidl_typesupport_fastrtps_cpp.dir/rosidl_typesupport_fastrtps_cpp/mg400_msgs/action/detail/dds_fastrtps/joint_mov_j__type_support.cpp.o[0m
[18.436s] [ 84%] [32mBuilding CXX object CMakeFiles/mg400_msgs__rosidl_typesupport_introspection_cpp.dir/rosidl_typesupport_introspection_cpp/mg400_msgs/action/detail/mov_lio__type_support.cpp.o[0m
[18.526s] [ 85%] [32mBuilding CXX object CMakeFiles/mg400_msgs__rosidl_typesupport_fastrtps_c.dir/rosidl_typesupport_fastrtps_c/mg400_msgs/srv/detail/tool_di__type_support_c.cpp.o[0m
[18.563s] [ 85%] [32mBuilding CXX object CMakeFiles/mg400_msgs__rosidl_typesupport_fastrtps_c.dir/rosidl_typesupport_fastrtps_c/mg400_msgs/srv/detail/tool_do_execute__type_support_c.cpp.o[0m
[18.594s] [ 85%] [32mBuilding CXX object CMakeFiles/mg400_msgs__rosidl_typesupport_fastrtps_c.dir/rosidl_typesupport_fastrtps_c/mg400_msgs/srv/detail/user__type_support_c.cpp.o[0m
[18.632s] [ 85%] [32mBuilding CXX object CMakeFiles/mg400_msgs__rosidl_typesupport_fastrtps_cpp.dir/rosidl_typesupport_fastrtps_cpp/mg400_msgs/action/detail/dds_fastrtps/mov_j__type_support.cpp.o[0m
[18.669s] [ 86%] [32mBuilding CXX object CMakeFiles/mg400_msgs__rosidl_typesupport_fastrtps_cpp.dir/rosidl_typesupport_fastrtps_cpp/mg400_msgs/action/detail/dds_fastrtps/mov_jio__type_support.cpp.o[0m
[18.736s] [ 86%] [32mBuilding CXX object CMakeFiles/mg400_msgs__rosidl_typesupport_fastrtps_c.dir/rosidl_typesupport_fastrtps_c/mg400_msgs/action/detail/command_queue__type_support_c.cpp.o[0m
[18.764s] [ 86%] [32mBuilding CXX object CMakeFiles/mg400_msgs__rosidl_typesupport_fastrtps_c.dir/rosidl_typesupport_fastrtps_c/mg400_msgs/action/detail/joint_mov_j__type_support_c.cpp.o[0m
[18.854s] [ 86%] [32mBuilding CXX object CMakeFiles/mg400_msgs__rosidl_typesupport_fastrtps_cpp.dir/rosidl_typesupport_fastrtps_cpp/mg400_msgs/action/detail/dds_fastrtps/mov_l__type_support.cpp.o[0m
[18.954s] [ 87%] [32mBuilding CXX object CMakeFiles/mg400_msgs__rosidl_typesupport_fastrtps_c.dir/rosidl_typesupport_fastrtps_c/mg400_msgs/action/detail/mov_j__type_support_c.cpp.o[0m
[18.961s] [ 87%] [32mBuilding CXX object CMakeFiles/mg400_msgs__rosidl_typesupport_fastrtps_c.dir/rosidl_typesupport_fastrtps_c/mg400_msgs/action/detail/mov_jio__type_support_c.cpp.o[0m
[19.071s] [ 87%] [32mBuilding CXX object CMakeFiles/mg400_msgs__rosidl_typesupport_fastrtps_cpp.dir/rosidl_typesupport_fastrtps_cpp/mg400_msgs/action/detail/dds_fastrtps/mov_lio__type_support.cpp.o[0m
[19.092s] [ 87%] [32mBuilding CXX object CMakeFiles/mg400_msgs__rosidl_typesupport_fastrtps_c.dir/rosidl_typesupport_fastrtps_c/mg400_msgs/action/detail/mov_l__type_support_c.cpp.o[0m
[19.146s] [ 87%] [32mBuilding CXX object CMakeFiles/mg400_msgs__rosidl_typesupport_fastrtps_c.dir/rosidl_typesupport_fastrtps_c/mg400_msgs/action/detail/mov_lio__type_support_c.cpp.o[0m
[19.491s] [ 87%] [32m[1mLinking CXX shared library libmg400_msgs__rosidl_typesupport_introspection_cpp.so[0m
[19.592s] [ 88%] [32m[1mLinking CXX shared library libmg400_msgs__rosidl_typesupport_fastrtps_c.so[0m
[19.598s] [ 88%] Built target mg400_msgs__rosidl_typesupport_introspection_cpp
[19.659s] [ 88%] [32m[1mLinking CXX shared library libmg400_msgs__rosidl_typesupport_fastrtps_cpp.so[0m
[19.688s] [ 88%] Built target mg400_msgs__rosidl_typesupport_fastrtps_c
[19.755s] [ 88%] Built target mg400_msgs__rosidl_typesupport_fastrtps_cpp
[19.779s] [ 88%] Built target mg400_msgs
[19.805s] [ 88%] [34m[1mGenerating Python code for ROS interfaces[0m
[26.863s] [ 88%] Built target mg400_msgs__py
[26.886s] [ 89%] [32mBuilding C object CMakeFiles/mg400_msgs__rosidl_generator_py.dir/rosidl_generator_py/mg400_msgs/msg/_arch_s.c.o[0m
[26.887s] [ 89%] [32mBuilding C object CMakeFiles/mg400_msgs__rosidl_generator_py.dir/rosidl_generator_py/mg400_msgs/msg/_command_s.c.o[0m
[26.887s] [ 89%] [32mBuilding C object CMakeFiles/mg400_msgs__rosidl_generator_py.dir/rosidl_generator_py/mg400_msgs/msg/_do_index_s.c.o[0m
[26.887s] [ 89%] [32mBuilding C object CMakeFiles/mg400_msgs__rosidl_generator_py.dir/rosidl_generator_py/mg400_msgs/msg/_distance_mode_s.c.o[0m
[26.887s] [ 89%] [32mBuilding C object CMakeFiles/mg400_msgs__rosidl_generator_py.dir/rosidl_generator_py/mg400_msgs/msg/_collision_level_s.c.o[0m
[26.887s] [ 89%] [32mBuilding C object CMakeFiles/mg400_msgs__rosidl_generator_py.dir/rosidl_generator_py/mg400_msgs/msg/_error_id_s.c.o[0m
[26.887s] [ 90%] [32mBuilding C object CMakeFiles/mg400_msgs__rosidl_generator_py.dir/rosidl_generator_py/mg400_msgs/msg/_do_status_s.c.o[0m
[26.887s] [ 90%] [32mBuilding C object CMakeFiles/mg400_msgs__rosidl_generator_py.dir/rosidl_generator_py/mg400_msgs/msg/_id_array_s.c.o[0m
[26.887s] [ 90%] [32mBuilding C object CMakeFiles/mg400_msgs__rosidl_generator_py.dir/rosidl_generator_py/mg400_msgs/msg/_di_index_s.c.o[0m
[26.887s] [ 90%] [32mBuilding C object CMakeFiles/mg400_msgs__rosidl_generator_py.dir/rosidl_generator_py/mg400_msgs/msg/_joint_mov_j_s.c.o[0m
[26.887s] [ 90%] [32mBuilding C object CMakeFiles/mg400_msgs__rosidl_generator_py.dir/rosidl_generator_py/mg400_msgs/msg/_mov_jio_s.c.o[0m
[26.888s] [ 90%] [32mBuilding C object CMakeFiles/mg400_msgs__rosidl_generator_py.dir/rosidl_generator_py/mg400_msgs/msg/_mov_l_s.c.o[0m
[26.888s] [ 91%] [32mBuilding C object CMakeFiles/mg400_msgs__rosidl_generator_py.dir/rosidl_generator_py/mg400_msgs/msg/_mov_j_s.c.o[0m
[26.888s] [ 91%] [32mBuilding C object CMakeFiles/mg400_msgs__rosidl_generator_py.dir/rosidl_generator_py/mg400_msgs/msg/_mov_lio_s.c.o[0m
[26.888s] [ 92%] [32mBuilding C object CMakeFiles/mg400_msgs__rosidl_generator_py.dir/rosidl_generator_py/mg400_msgs/msg/_move_jog_s.c.o[0m
[26.888s] [ 92%] [32mBuilding C object CMakeFiles/mg400_msgs__rosidl_generator_py.dir/rosidl_generator_py/mg400_msgs/msg/_robot_mode_s.c.o[0m
[27.014s] [ 92%] [32mBuilding C object CMakeFiles/mg400_msgs__rosidl_generator_py.dir/rosidl_generator_py/mg400_msgs/msg/_tool_s.c.o[0m
[27.015s] [ 92%] [32mBuilding C object CMakeFiles/mg400_msgs__rosidl_generator_py.dir/rosidl_generator_py/mg400_msgs/msg/_tool_di_index_s.c.o[0m
[27.015s] [ 92%] [32mBuilding C object CMakeFiles/mg400_msgs__rosidl_generator_py.dir/rosidl_generator_py/mg400_msgs/msg/_tool_do_index_s.c.o[0m
[27.015s] [ 93%] [32mBuilding C object CMakeFiles/mg400_msgs__rosidl_generator_py.dir/rosidl_generator_py/mg400_msgs/msg/_user_s.c.o[0m
[27.017s] [ 93%] [32mBuilding C object CMakeFiles/mg400_msgs__rosidl_generator_py.dir/rosidl_generator_py/mg400_msgs/srv/_arch_s.c.o[0m
[27.017s] [ 93%] [32mBuilding C object CMakeFiles/mg400_msgs__rosidl_generator_py.dir/rosidl_generator_py/mg400_msgs/srv/_acc_j_s.c.o[0m
[27.017s] [ 93%] [32mBuilding C object CMakeFiles/mg400_msgs__rosidl_generator_py.dir/rosidl_generator_py/mg400_msgs/srv/_acc_l_s.c.o[0m
[27.020s] [ 93%] [32mBuilding C object CMakeFiles/mg400_msgs__rosidl_generator_py.dir/rosidl_generator_py/mg400_msgs/srv/_cp_s.c.o[0m
[27.022s] [ 94%] [32mBuilding C object CMakeFiles/mg400_msgs__rosidl_generator_py.dir/rosidl_generator_py/mg400_msgs/srv/_do_s.c.o[0m
[27.022s] [ 94%] [32mBuilding C object CMakeFiles/mg400_msgs__rosidl_generator_py.dir/rosidl_generator_py/mg400_msgs/srv/_disable_robot_s.c.o[0m
[27.022s] [ 94%] [32mBuilding C object CMakeFiles/mg400_msgs__rosidl_generator_py.dir/rosidl_generator_py/mg400_msgs/srv/_emergency_stop_s.c.o[0m
[27.022s] [ 94%] [32mBuilding C object CMakeFiles/mg400_msgs__rosidl_generator_py.dir/rosidl_generator_py/mg400_msgs/srv/_di_s.c.o[0m
[27.022s] [ 95%] [32mBuilding C object CMakeFiles/mg400_msgs__rosidl_generator_py.dir/rosidl_generator_py/mg400_msgs/srv/_clear_error_s.c.o[0m
[27.023s] [ 95%] [32mBuilding C object CMakeFiles/mg400_msgs__rosidl_generator_py.dir/rosidl_generator_py/mg400_msgs/srv/_enable_robot_s.c.o[0m
[27.024s] [ 95%] [32mBuilding C object CMakeFiles/mg400_msgs__rosidl_generator_py.dir/rosidl_generator_py/mg400_msgs/srv/_get_angle_s.c.o[0m
[27.024s] [ 95%] [32mBuilding C object CMakeFiles/mg400_msgs__rosidl_generator_py.dir/rosidl_generator_py/mg400_msgs/srv/_get_error_id_s.c.o[0m
[27.143s] [ 95%] [32mBuilding C object CMakeFiles/mg400_msgs__rosidl_generator_py.dir/rosidl_generator_py/mg400_msgs/srv/_get_pose_s.c.o[0m
[27.147s] [ 95%] [32mBuilding C object CMakeFiles/mg400_msgs__rosidl_generator_py.dir/rosidl_generator_py/mg400_msgs/srv/_joint_mov_j_s.c.o[0m
[27.150s] [ 97%] [32mBuilding C object CMakeFiles/mg400_msgs__rosidl_generator_py.dir/rosidl_generator_py/mg400_msgs/srv/_inverse_solution_s.c.o[0m
[27.150s] [ 97%] [32mBuilding C object CMakeFiles/mg400_msgs__rosidl_generator_py.dir/rosidl_generator_py/mg400_msgs/srv/_pay_load_s.c.o[0m
[27.150s] [ 97%] [32mBuilding C object CMakeFiles/mg400_msgs__rosidl_generator_py.dir/rosidl_generator_py/mg400_msgs/srv/_move_jog_s.c.o[0m
[27.150s] [ 97%] [32mBuilding C object CMakeFiles/mg400_msgs__rosidl_generator_py.dir/rosidl_generator_py/mg400_msgs/srv/_positive_solution_s.c.o[0m
[27.154s] [ 97%] [32mBuilding C object CMakeFiles/mg400_msgs__rosidl_generator_py.dir/rosidl_generator_py/mg400_msgs/srv/_reset_robot_s.c.o[0m
[27.164s] [ 97%] [32mBuilding C object CMakeFiles/mg400_msgs__rosidl_generator_py.dir/rosidl_generator_py/mg400_msgs/srv/_tool_di_s.c.o[0m
[27.164s] [ 98%] [32mBuilding C object CMakeFiles/mg400_msgs__rosidl_generator_py.dir/rosidl_generator_py/mg400_msgs/srv/_speed_j_s.c.o[0m
[27.165s] [ 98%] [32mBuilding C object CMakeFiles/mg400_msgs__rosidl_generator_py.dir/rosidl_generator_py/mg400_msgs/srv/_speed_l_s.c.o[0m
[27.165s] [ 98%] [32mBuilding C object CMakeFiles/mg400_msgs__rosidl_generator_py.dir/rosidl_generator_py/mg400_msgs/srv/_tool_s.c.o[0m
[27.165s] [ 98%] [32mBuilding C object CMakeFiles/mg400_msgs__rosidl_generator_py.dir/rosidl_generator_py/mg400_msgs/srv/_set_collision_level_s.c.o[0m
[27.168s] [ 98%] [32mBuilding C object CMakeFiles/mg400_msgs__rosidl_generator_py.dir/rosidl_generator_py/mg400_msgs/srv/_speed_factor_s.c.o[0m
[27.168s] [ 98%] [32mBuilding C object CMakeFiles/mg400_msgs__rosidl_generator_py.dir/rosidl_generator_py/mg400_msgs/srv/_robot_mode_s.c.o[0m
[27.170s] [ 99%] [32mBuilding C object CMakeFiles/mg400_msgs__rosidl_generator_py.dir/rosidl_generator_py/mg400_msgs/srv/_tool_do_execute_s.c.o[0m
[27.184s] [ 99%] [32mBuilding C object CMakeFiles/mg400_msgs__rosidl_generator_py.dir/rosidl_generator_py/mg400_msgs/srv/_user_s.c.o[0m
[27.300s] [ 99%] [32mBuilding C object CMakeFiles/mg400_msgs__rosidl_generator_py.dir/rosidl_generator_py/mg400_msgs/action/_command_queue_s.c.o[0m
[27.302s] [ 99%] [32mBuilding C object CMakeFiles/mg400_msgs__rosidl_generator_py.dir/rosidl_generator_py/mg400_msgs/action/_joint_mov_j_s.c.o[0m
[27.302s] [ 99%] [32mBuilding C object CMakeFiles/mg400_msgs__rosidl_generator_py.dir/rosidl_generator_py/mg400_msgs/action/_mov_j_s.c.o[0m
[27.303s] [100%] [32mBuilding C object CMakeFiles/mg400_msgs__rosidl_generator_py.dir/rosidl_generator_py/mg400_msgs/action/_mov_jio_s.c.o[0m
[27.306s] [100%] [32mBuilding C object CMakeFiles/mg400_msgs__rosidl_generator_py.dir/rosidl_generator_py/mg400_msgs/action/_mov_l_s.c.o[0m
[27.308s] [100%] [32mBuilding C object CMakeFiles/mg400_msgs__rosidl_generator_py.dir/rosidl_generator_py/mg400_msgs/action/_mov_lio_s.c.o[0m
[27.438s] [100%] [32m[1mLinking C shared library rosidl_generator_py/mg400_msgs/libmg400_msgs__rosidl_generator_py.so[0m
[27.492s] [100%] Built target mg400_msgs__rosidl_generator_py
[27.511s] [100%] [32mBuilding C object CMakeFiles/mg400_msgs__rosidl_typesupport_fastrtps_c__pyext.dir/rosidl_generator_py/mg400_msgs/_mg400_msgs_s.ep.rosidl_typesupport_fastrtps_c.c.o[0m
[27.511s] [100%] [32mBuilding C object CMakeFiles/mg400_msgs__rosidl_typesupport_c__pyext.dir/rosidl_generator_py/mg400_msgs/_mg400_msgs_s.ep.rosidl_typesupport_c.c.o[0m
[27.511s] [100%] [32mBuilding C object CMakeFiles/mg400_msgs__rosidl_typesupport_introspection_c__pyext.dir/rosidl_generator_py/mg400_msgs/_mg400_msgs_s.ep.rosidl_typesupport_introspection_c.c.o[0m
[27.861s] [100%] [32m[1mLinking C shared library rosidl_generator_py/mg400_msgs/mg400_msgs_s__rosidl_typesupport_introspection_c.cpython-310-x86_64-linux-gnu.so[0m
[27.861s] [100%] [32m[1mLinking C shared library rosidl_generator_py/mg400_msgs/mg400_msgs_s__rosidl_typesupport_fastrtps_c.cpython-310-x86_64-linux-gnu.so[0m
[27.869s] [100%] [32m[1mLinking C shared library rosidl_generator_py/mg400_msgs/mg400_msgs_s__rosidl_typesupport_c.cpython-310-x86_64-linux-gnu.so[0m
[27.907s] [100%] Built target mg400_msgs__rosidl_typesupport_introspection_c__pyext
[27.907s] [100%] Built target mg400_msgs__rosidl_typesupport_fastrtps_c__pyext
[27.914s] [100%] Built target mg400_msgs__rosidl_typesupport_c__pyext
[27.926s] Invoked command in '/root/ros2_ws/build/mg400_msgs' returned '0': CMAKE_PREFIX_PATH=/opt/ros/humble /usr/bin/cmake --build /root/ros2_ws/build/mg400_msgs -- -j16 -l16
[27.928s] Invoking command in '/root/ros2_ws/build/mg400_msgs': CMAKE_PREFIX_PATH=/opt/ros/humble /usr/bin/cmake --install /root/ros2_ws/build/mg400_msgs
[27.935s] -- Install configuration: ""
[27.936s] -- Execute custom install script
[27.936s] -- Symlinking: /root/ros2_ws/install/mg400_msgs/share/ament_index/resource_index/rosidl_interfaces/mg400_msgs
[27.948s] -- Symlinking: /root/ros2_ws/install/mg400_msgs/include/mg400_msgs/mg400_msgs/action/command_queue.h
[27.956s] -- Symlinking: /root/ros2_ws/install/mg400_msgs/include/mg400_msgs/mg400_msgs/action/detail/command_queue__functions.h
[27.963s] -- Symlinking: /root/ros2_ws/install/mg400_msgs/include/mg400_msgs/mg400_msgs/action/detail/command_queue__struct.h
[27.970s] -- Symlinking: /root/ros2_ws/install/mg400_msgs/include/mg400_msgs/mg400_msgs/action/detail/command_queue__type_support.h
[27.978s] -- Symlinking: /root/ros2_ws/install/mg400_msgs/include/mg400_msgs/mg400_msgs/action/detail/joint_mov_j__functions.h
[27.985s] -- Symlinking: /root/ros2_ws/install/mg400_msgs/include/mg400_msgs/mg400_msgs/action/detail/joint_mov_j__struct.h
[27.993s] -- Symlinking: /root/ros2_ws/install/mg400_msgs/include/mg400_msgs/mg400_msgs/action/detail/joint_mov_j__type_support.h
[28.000s] -- Symlinking: /root/ros2_ws/install/mg400_msgs/include/mg400_msgs/mg400_msgs/action/detail/mov_j__functions.h
[28.007s] -- Symlinking: /root/ros2_ws/install/mg400_msgs/include/mg400_msgs/mg400_msgs/action/detail/mov_j__struct.h
[28.014s] -- Symlinking: /root/ros2_ws/install/mg400_msgs/include/mg400_msgs/mg400_msgs/action/detail/mov_j__type_support.h
[28.021s] -- Symlinking: /root/ros2_ws/install/mg400_msgs/include/mg400_msgs/mg400_msgs/action/detail/mov_jio__functions.h
[28.028s] -- Symlinking: /root/ros2_ws/install/mg400_msgs/include/mg400_msgs/mg400_msgs/action/detail/mov_jio__struct.h
[28.035s] -- Symlinking: /root/ros2_ws/install/mg400_msgs/include/mg400_msgs/mg400_msgs/action/detail/mov_jio__type_support.h
[28.042s] -- Symlinking: /root/ros2_ws/install/mg400_msgs/include/mg400_msgs/mg400_msgs/action/detail/mov_l__functions.h
[28.048s] -- Symlinking: /root/ros2_ws/install/mg400_msgs/include/mg400_msgs/mg400_msgs/action/detail/mov_l__struct.h
[28.057s] -- Symlinking: /root/ros2_ws/install/mg400_msgs/include/mg400_msgs/mg400_msgs/action/detail/mov_l__type_support.h
[28.065s] -- Symlinking: /root/ros2_ws/install/mg400_msgs/include/mg400_msgs/mg400_msgs/action/detail/mov_lio__functions.h
[28.073s] -- Symlinking: /root/ros2_ws/install/mg400_msgs/include/mg400_msgs/mg400_msgs/action/detail/mov_lio__struct.h
[28.080s] -- Symlinking: /root/ros2_ws/install/mg400_msgs/include/mg400_msgs/mg400_msgs/action/detail/mov_lio__type_support.h
[28.088s] -- Symlinking: /root/ros2_ws/install/mg400_msgs/include/mg400_msgs/mg400_msgs/action/joint_mov_j.h
[28.096s] -- Symlinking: /root/ros2_ws/install/mg400_msgs/include/mg400_msgs/mg400_msgs/action/mov_j.h
[28.104s] -- Symlinking: /root/ros2_ws/install/mg400_msgs/include/mg400_msgs/mg400_msgs/action/mov_jio.h
[28.113s] -- Symlinking: /root/ros2_ws/install/mg400_msgs/include/mg400_msgs/mg400_msgs/action/mov_l.h
[28.121s] -- Symlinking: /root/ros2_ws/install/mg400_msgs/include/mg400_msgs/mg400_msgs/action/mov_lio.h
[28.129s] -- Symlinking: /root/ros2_ws/install/mg400_msgs/include/mg400_msgs/mg400_msgs/msg/arch.h
[28.137s] -- Symlinking: /root/ros2_ws/install/mg400_msgs/include/mg400_msgs/mg400_msgs/msg/collision_level.h
[28.145s] -- Symlinking: /root/ros2_ws/install/mg400_msgs/include/mg400_msgs/mg400_msgs/msg/command.h
[28.154s] -- Symlinking: /root/ros2_ws/install/mg400_msgs/include/mg400_msgs/mg400_msgs/msg/detail/arch__functions.h
[28.162s] -- Symlinking: /root/ros2_ws/install/mg400_msgs/include/mg400_msgs/mg400_msgs/msg/detail/arch__struct.h
[28.170s] -- Symlinking: /root/ros2_ws/install/mg400_msgs/include/mg400_msgs/mg400_msgs/msg/detail/arch__type_support.h
[28.178s] -- Symlinking: /root/ros2_ws/install/mg400_msgs/include/mg400_msgs/mg400_msgs/msg/detail/collision_level__functions.h
[28.185s] -- Symlinking: /root/ros2_ws/install/mg400_msgs/include/mg400_msgs/mg400_msgs/msg/detail/collision_level__struct.h
[28.192s] -- Symlinking: /root/ros2_ws/install/mg400_msgs/include/mg400_msgs/mg400_msgs/msg/detail/collision_level__type_support.h
[28.202s] -- Symlinking: /root/ros2_ws/install/mg400_msgs/include/mg400_msgs/mg400_msgs/msg/detail/command__functions.h
[28.208s] -- Symlinking: /root/ros2_ws/install/mg400_msgs/include/mg400_msgs/mg400_msgs/msg/detail/command__struct.h
[28.216s] -- Symlinking: /root/ros2_ws/install/mg400_msgs/include/mg400_msgs/mg400_msgs/msg/detail/command__type_support.h
[28.223s] -- Symlinking: /root/ros2_ws/install/mg400_msgs/include/mg400_msgs/mg400_msgs/msg/detail/di_index__functions.h
[28.231s] -- Symlinking: /root/ros2_ws/install/mg400_msgs/include/mg400_msgs/mg400_msgs/msg/detail/di_index__struct.h
[28.238s] -- Symlinking: /root/ros2_ws/install/mg400_msgs/include/mg400_msgs/mg400_msgs/msg/detail/di_index__type_support.h
[28.246s] -- Symlinking: /root/ros2_ws/install/mg400_msgs/include/mg400_msgs/mg400_msgs/msg/detail/distance_mode__functions.h
[28.254s] -- Symlinking: /root/ros2_ws/install/mg400_msgs/include/mg400_msgs/mg400_msgs/msg/detail/distance_mode__struct.h
[28.261s] -- Symlinking: /root/ros2_ws/install/mg400_msgs/include/mg400_msgs/mg400_msgs/msg/detail/distance_mode__type_support.h
[28.269s] -- Symlinking: /root/ros2_ws/install/mg400_msgs/include/mg400_msgs/mg400_msgs/msg/detail/do_index__functions.h
[28.276s] -- Symlinking: /root/ros2_ws/install/mg400_msgs/include/mg400_msgs/mg400_msgs/msg/detail/do_index__struct.h
[28.284s] -- Symlinking: /root/ros2_ws/install/mg400_msgs/include/mg400_msgs/mg400_msgs/msg/detail/do_index__type_support.h
[28.292s] -- Symlinking: /root/ros2_ws/install/mg400_msgs/include/mg400_msgs/mg400_msgs/msg/detail/do_status__functions.h
[28.301s] -- Symlinking: /root/ros2_ws/install/mg400_msgs/include/mg400_msgs/mg400_msgs/msg/detail/do_status__struct.h
[28.310s] -- Symlinking: /root/ros2_ws/install/mg400_msgs/include/mg400_msgs/mg400_msgs/msg/detail/do_status__type_support.h
[28.318s] -- Symlinking: /root/ros2_ws/install/mg400_msgs/include/mg400_msgs/mg400_msgs/msg/detail/error_id__functions.h
[28.326s] -- Symlinking: /root/ros2_ws/install/mg400_msgs/include/mg400_msgs/mg400_msgs/msg/detail/error_id__struct.h
[28.334s] -- Symlinking: /root/ros2_ws/install/mg400_msgs/include/mg400_msgs/mg400_msgs/msg/detail/error_id__type_support.h
[28.341s] -- Symlinking: /root/ros2_ws/install/mg400_msgs/include/mg400_msgs/mg400_msgs/msg/detail/id_array__functions.h
[28.349s] -- Symlinking: /root/ros2_ws/install/mg400_msgs/include/mg400_msgs/mg400_msgs/msg/detail/id_array__struct.h
[28.356s] -- Symlinking: /root/ros2_ws/install/mg400_msgs/include/mg400_msgs/mg400_msgs/msg/detail/id_array__type_support.h
[28.364s] -- Symlinking: /root/ros2_ws/install/mg400_msgs/include/mg400_msgs/mg400_msgs/msg/detail/joint_mov_j__functions.h
[28.371s] -- Symlinking: /root/ros2_ws/install/mg400_msgs/include/mg400_msgs/mg400_msgs/msg/detail/joint_mov_j__struct.h
[28.380s] -- Symlinking: /root/ros2_ws/install/mg400_msgs/include/mg400_msgs/mg400_msgs/msg/detail/joint_mov_j__type_support.h
[28.388s] -- Symlinking: /root/ros2_ws/install/mg400_msgs/include/mg400_msgs/mg400_msgs/msg/detail/mov_j__functions.h
[28.395s] -- Symlinking: /root/ros2_ws/install/mg400_msgs/include/mg400_msgs/mg400_msgs/msg/detail/mov_j__struct.h
[28.402s] -- Symlinking: /root/ros2_ws/install/mg400_msgs/include/mg400_msgs/mg400_msgs/msg/detail/mov_j__type_support.h
[28.410s] -- Symlinking: /root/ros2_ws/install/mg400_msgs/include/mg400_msgs/mg400_msgs/msg/detail/mov_jio__functions.h
[28.417s] -- Symlinking: /root/ros2_ws/install/mg400_msgs/include/mg400_msgs/mg400_msgs/msg/detail/mov_jio__struct.h
[28.426s] -- Symlinking: /root/ros2_ws/install/mg400_msgs/include/mg400_msgs/mg400_msgs/msg/detail/mov_jio__type_support.h
[28.434s] -- Symlinking: /root/ros2_ws/install/mg400_msgs/include/mg400_msgs/mg400_msgs/msg/detail/mov_l__functions.h
[28.443s] -- Symlinking: /root/ros2_ws/install/mg400_msgs/include/mg400_msgs/mg400_msgs/msg/detail/mov_l__struct.h
[28.451s] -- Symlinking: /root/ros2_ws/install/mg400_msgs/include/mg400_msgs/mg400_msgs/msg/detail/mov_l__type_support.h
[28.458s] -- Symlinking: /root/ros2_ws/install/mg400_msgs/include/mg400_msgs/mg400_msgs/msg/detail/mov_lio__functions.h
[28.467s] -- Symlinking: /root/ros2_ws/install/mg400_msgs/include/mg400_msgs/mg400_msgs/msg/detail/mov_lio__struct.h
[28.474s] -- Symlinking: /root/ros2_ws/install/mg400_msgs/include/mg400_msgs/mg400_msgs/msg/detail/mov_lio__type_support.h
[28.483s] -- Symlinking: /root/ros2_ws/install/mg400_msgs/include/mg400_msgs/mg400_msgs/msg/detail/move_jog__functions.h
[28.491s] -- Symlinking: /root/ros2_ws/install/mg400_msgs/include/mg400_msgs/mg400_msgs/msg/detail/move_jog__struct.h
[28.498s] -- Symlinking: /root/ros2_ws/install/mg400_msgs/include/mg400_msgs/mg400_msgs/msg/detail/move_jog__type_support.h
[28.507s] -- Symlinking: /root/ros2_ws/install/mg400_msgs/include/mg400_msgs/mg400_msgs/msg/detail/robot_mode__functions.h
[28.514s] -- Symlinking: /root/ros2_ws/install/mg400_msgs/include/mg400_msgs/mg400_msgs/msg/detail/robot_mode__struct.h
[28.522s] -- Symlinking: /root/ros2_ws/install/mg400_msgs/include/mg400_msgs/mg400_msgs/msg/detail/robot_mode__type_support.h
[28.530s] -- Symlinking: /root/ros2_ws/install/mg400_msgs/include/mg400_msgs/mg400_msgs/msg/detail/tool__functions.h
[28.538s] -- Symlinking: /root/ros2_ws/install/mg400_msgs/include/mg400_msgs/mg400_msgs/msg/detail/tool__struct.h
[28.546s] -- Symlinking: /root/ros2_ws/install/mg400_msgs/include/mg400_msgs/mg400_msgs/msg/detail/tool__type_support.h
[28.554s] -- Symlinking: /root/ros2_ws/install/mg400_msgs/include/mg400_msgs/mg400_msgs/msg/detail/tool_di_index__functions.h
[28.562s] -- Symlinking: /root/ros2_ws/install/mg400_msgs/include/mg400_msgs/mg400_msgs/msg/detail/tool_di_index__struct.h
[28.570s] -- Symlinking: /root/ros2_ws/install/mg400_msgs/include/mg400_msgs/mg400_msgs/msg/detail/tool_di_index__type_support.h
[28.577s] -- Symlinking: /root/ros2_ws/install/mg400_msgs/include/mg400_msgs/mg400_msgs/msg/detail/tool_do_index__functions.h
[28.584s] -- Symlinking: /root/ros2_ws/install/mg400_msgs/include/mg400_msgs/mg400_msgs/msg/detail/tool_do_index__struct.h
[28.592s] -- Symlinking: /root/ros2_ws/install/mg400_msgs/include/mg400_msgs/mg400_msgs/msg/detail/tool_do_index__type_support.h
[28.599s] -- Symlinking: /root/ros2_ws/install/mg400_msgs/include/mg400_msgs/mg400_msgs/msg/detail/user__functions.h
[28.607s] -- Symlinking: /root/ros2_ws/install/mg400_msgs/include/mg400_msgs/mg400_msgs/msg/detail/user__struct.h
[28.615s] -- Symlinking: /root/ros2_ws/install/mg400_msgs/include/mg400_msgs/mg400_msgs/msg/detail/user__type_support.h
[28.623s] -- Symlinking: /root/ros2_ws/install/mg400_msgs/include/mg400_msgs/mg400_msgs/msg/di_index.h
[28.630s] -- Symlinking: /root/ros2_ws/install/mg400_msgs/include/mg400_msgs/mg400_msgs/msg/distance_mode.h
[28.639s] -- Symlinking: /root/ros2_ws/install/mg400_msgs/include/mg400_msgs/mg400_msgs/msg/do_index.h
[28.647s] -- Symlinking: /root/ros2_ws/install/mg400_msgs/include/mg400_msgs/mg400_msgs/msg/do_status.h
[28.655s] -- Symlinking: /root/ros2_ws/install/mg400_msgs/include/mg400_msgs/mg400_msgs/msg/error_id.h
[28.663s] -- Symlinking: /root/ros2_ws/install/mg400_msgs/include/mg400_msgs/mg400_msgs/msg/id_array.h
[28.671s] -- Symlinking: /root/ros2_ws/install/mg400_msgs/include/mg400_msgs/mg400_msgs/msg/joint_mov_j.h
[28.679s] -- Symlinking: /root/ros2_ws/install/mg400_msgs/include/mg400_msgs/mg400_msgs/msg/mov_j.h
[28.687s] -- Symlinking: /root/ros2_ws/install/mg400_msgs/include/mg400_msgs/mg400_msgs/msg/mov_jio.h
[28.695s] -- Symlinking: /root/ros2_ws/install/mg400_msgs/include/mg400_msgs/mg400_msgs/msg/mov_l.h
[28.703s] -- Symlinking: /root/ros2_ws/install/mg400_msgs/include/mg400_msgs/mg400_msgs/msg/mov_lio.h
[28.711s] -- Symlinking: /root/ros2_ws/install/mg400_msgs/include/mg400_msgs/mg400_msgs/msg/move_jog.h
[28.718s] -- Symlinking: /root/ros2_ws/install/mg400_msgs/include/mg400_msgs/mg400_msgs/msg/robot_mode.h
[28.725s] -- Symlinking: /root/ros2_ws/install/mg400_msgs/include/mg400_msgs/mg400_msgs/msg/rosidl_generator_c__visibility_control.h
[28.734s] -- Symlinking: /root/ros2_ws/install/mg400_msgs/include/mg400_msgs/mg400_msgs/msg/tool.h
[28.741s] -- Symlinking: /root/ros2_ws/install/mg400_msgs/include/mg400_msgs/mg400_msgs/msg/tool_di_index.h
[28.749s] -- Symlinking: /root/ros2_ws/install/mg400_msgs/include/mg400_msgs/mg400_msgs/msg/tool_do_index.h
[28.756s] -- Symlinking: /root/ros2_ws/install/mg400_msgs/include/mg400_msgs/mg400_msgs/msg/user.h
[28.763s] -- Symlinking: /root/ros2_ws/install/mg400_msgs/include/mg400_msgs/mg400_msgs/srv/acc_j.h
[28.770s] -- Symlinking: /root/ros2_ws/install/mg400_msgs/include/mg400_msgs/mg400_msgs/srv/acc_l.h
[28.778s] -- Symlinking: /root/ros2_ws/install/mg400_msgs/include/mg400_msgs/mg400_msgs/srv/arch.h
[28.787s] -- Symlinking: /root/ros2_ws/install/mg400_msgs/include/mg400_msgs/mg400_msgs/srv/clear_error.h
[28.795s] -- Symlinking: /root/ros2_ws/install/mg400_msgs/include/mg400_msgs/mg400_msgs/srv/cp.h
[28.804s] -- Symlinking: /root/ros2_ws/install/mg400_msgs/include/mg400_msgs/mg400_msgs/srv/detail/acc_j__functions.h
[28.812s] -- Symlinking: /root/ros2_ws/install/mg400_msgs/include/mg400_msgs/mg400_msgs/srv/detail/acc_j__struct.h
[28.820s] -- Symlinking: /root/ros2_ws/install/mg400_msgs/include/mg400_msgs/mg400_msgs/srv/detail/acc_j__type_support.h
[28.828s] -- Symlinking: /root/ros2_ws/install/mg400_msgs/include/mg400_msgs/mg400_msgs/srv/detail/acc_l__functions.h
[28.836s] -- Symlinking: /root/ros2_ws/install/mg400_msgs/include/mg400_msgs/mg400_msgs/srv/detail/acc_l__struct.h
[28.844s] -- Symlinking: /root/ros2_ws/install/mg400_msgs/include/mg400_msgs/mg400_msgs/srv/detail/acc_l__type_support.h
[28.852s] -- Symlinking: /root/ros2_ws/install/mg400_msgs/include/mg400_msgs/mg400_msgs/srv/detail/arch__functions.h
[28.859s] -- Symlinking: /root/ros2_ws/install/mg400_msgs/include/mg400_msgs/mg400_msgs/srv/detail/arch__struct.h
[28.867s] -- Symlinking: /root/ros2_ws/install/mg400_msgs/include/mg400_msgs/mg400_msgs/srv/detail/arch__type_support.h
[28.875s] -- Symlinking: /root/ros2_ws/install/mg400_msgs/include/mg400_msgs/mg400_msgs/srv/detail/clear_error__functions.h
[28.882s] -- Symlinking: /root/ros2_ws/install/mg400_msgs/include/mg400_msgs/mg400_msgs/srv/detail/clear_error__struct.h
[28.891s] -- Symlinking: /root/ros2_ws/install/mg400_msgs/include/mg400_msgs/mg400_msgs/srv/detail/clear_error__type_support.h
[28.899s] -- Symlinking: /root/ros2_ws/install/mg400_msgs/include/mg400_msgs/mg400_msgs/srv/detail/cp__functions.h
[28.906s] -- Symlinking: /root/ros2_ws/install/mg400_msgs/include/mg400_msgs/mg400_msgs/srv/detail/cp__struct.h
[28.914s] -- Symlinking: /root/ros2_ws/install/mg400_msgs/include/mg400_msgs/mg400_msgs/srv/detail/cp__type_support.h
[28.921s] -- Symlinking: /root/ros2_ws/install/mg400_msgs/include/mg400_msgs/mg400_msgs/srv/detail/di__functions.h
[28.928s] -- Symlinking: /root/ros2_ws/install/mg400_msgs/include/mg400_msgs/mg400_msgs/srv/detail/di__struct.h
[28.934s] -- Symlinking: /root/ros2_ws/install/mg400_msgs/include/mg400_msgs/mg400_msgs/srv/detail/di__type_support.h
[28.942s] -- Symlinking: /root/ros2_ws/install/mg400_msgs/include/mg400_msgs/mg400_msgs/srv/detail/disable_robot__functions.h
[28.949s] -- Symlinking: /root/ros2_ws/install/mg400_msgs/include/mg400_msgs/mg400_msgs/srv/detail/disable_robot__struct.h
[28.957s] -- Symlinking: /root/ros2_ws/install/mg400_msgs/include/mg400_msgs/mg400_msgs/srv/detail/disable_robot__type_support.h
[28.965s] -- Symlinking: /root/ros2_ws/install/mg400_msgs/include/mg400_msgs/mg400_msgs/srv/detail/do__functions.h
[28.973s] -- Symlinking: /root/ros2_ws/install/mg400_msgs/include/mg400_msgs/mg400_msgs/srv/detail/do__struct.h
[28.982s] -- Symlinking: /root/ros2_ws/install/mg400_msgs/include/mg400_msgs/mg400_msgs/srv/detail/do__type_support.h
[28.990s] -- Symlinking: /root/ros2_ws/install/mg400_msgs/include/mg400_msgs/mg400_msgs/srv/detail/emergency_stop__functions.h
[28.998s] -- Symlinking: /root/ros2_ws/install/mg400_msgs/include/mg400_msgs/mg400_msgs/srv/detail/emergency_stop__struct.h
[29.006s] -- Symlinking: /root/ros2_ws/install/mg400_msgs/include/mg400_msgs/mg400_msgs/srv/detail/emergency_stop__type_support.h
[29.015s] -- Symlinking: /root/ros2_ws/install/mg400_msgs/include/mg400_msgs/mg400_msgs/srv/detail/enable_robot__functions.h
[29.024s] -- Symlinking: /root/ros2_ws/install/mg400_msgs/include/mg400_msgs/mg400_msgs/srv/detail/enable_robot__struct.h
[29.033s] -- Symlinking: /root/ros2_ws/install/mg400_msgs/include/mg400_msgs/mg400_msgs/srv/detail/enable_robot__type_support.h
[29.043s] -- Symlinking: /root/ros2_ws/install/mg400_msgs/include/mg400_msgs/mg400_msgs/srv/detail/get_angle__functions.h
[29.051s] -- Symlinking: /root/ros2_ws/install/mg400_msgs/include/mg400_msgs/mg400_msgs/srv/detail/get_angle__struct.h
[29.059s] -- Symlinking: /root/ros2_ws/install/mg400_msgs/include/mg400_msgs/mg400_msgs/srv/detail/get_angle__type_support.h
[29.067s] -- Symlinking: /root/ros2_ws/install/mg400_msgs/include/mg400_msgs/mg400_msgs/srv/detail/get_error_id__functions.h
[29.076s] -- Symlinking: /root/ros2_ws/install/mg400_msgs/include/mg400_msgs/mg400_msgs/srv/detail/get_error_id__struct.h
[29.084s] -- Symlinking: /root/ros2_ws/install/mg400_msgs/include/mg400_msgs/mg400_msgs/srv/detail/get_error_id__type_support.h
[29.093s] -- Symlinking: /root/ros2_ws/install/mg400_msgs/include/mg400_msgs/mg400_msgs/srv/detail/get_pose__functions.h
[29.101s] -- Symlinking: /root/ros2_ws/install/mg400_msgs/include/mg400_msgs/mg400_msgs/srv/detail/get_pose__struct.h
[29.108s] -- Symlinking: /root/ros2_ws/install/mg400_msgs/include/mg400_msgs/mg400_msgs/srv/detail/get_pose__type_support.h
[29.115s] -- Symlinking: /root/ros2_ws/install/mg400_msgs/include/mg400_msgs/mg400_msgs/srv/detail/inverse_solution__functions.h
[29.123s] -- Symlinking: /root/ros2_ws/install/mg400_msgs/include/mg400_msgs/mg400_msgs/srv/detail/inverse_solution__struct.h
[29.131s] -- Symlinking: /root/ros2_ws/install/mg400_msgs/include/mg400_msgs/mg400_msgs/srv/detail/inverse_solution__type_support.h
[29.141s] -- Symlinking: /root/ros2_ws/install/mg400_msgs/include/mg400_msgs/mg400_msgs/srv/detail/joint_mov_j__functions.h
[29.149s] -- Symlinking: /root/ros2_ws/install/mg400_msgs/include/mg400_msgs/mg400_msgs/srv/detail/joint_mov_j__struct.h
[29.158s] -- Symlinking: /root/ros2_ws/install/mg400_msgs/include/mg400_msgs/mg400_msgs/srv/detail/joint_mov_j__type_support.h
[29.166s] -- Symlinking: /root/ros2_ws/install/mg400_msgs/include/mg400_msgs/mg400_msgs/srv/detail/move_jog__functions.h
[29.174s] -- Symlinking: /root/ros2_ws/install/mg400_msgs/include/mg400_msgs/mg400_msgs/srv/detail/move_jog__struct.h
[29.183s] -- Symlinking: /root/ros2_ws/install/mg400_msgs/include/mg400_msgs/mg400_msgs/srv/detail/move_jog__type_support.h
[29.191s] -- Symlinking: /root/ros2_ws/install/mg400_msgs/include/mg400_msgs/mg400_msgs/srv/detail/pay_load__functions.h
[29.199s] -- Symlinking: /root/ros2_ws/install/mg400_msgs/include/mg400_msgs/mg400_msgs/srv/detail/pay_load__struct.h
[29.207s] -- Symlinking: /root/ros2_ws/install/mg400_msgs/include/mg400_msgs/mg400_msgs/srv/detail/pay_load__type_support.h
[29.215s] -- Symlinking: /root/ros2_ws/install/mg400_msgs/include/mg400_msgs/mg400_msgs/srv/detail/positive_solution__functions.h
[29.224s] -- Symlinking: /root/ros2_ws/install/mg400_msgs/include/mg400_msgs/mg400_msgs/srv/detail/positive_solution__struct.h
[29.231s] -- Symlinking: /root/ros2_ws/install/mg400_msgs/include/mg400_msgs/mg400_msgs/srv/detail/positive_solution__type_support.h
[29.239s] -- Symlinking: /root/ros2_ws/install/mg400_msgs/include/mg400_msgs/mg400_msgs/srv/detail/reset_robot__functions.h
[29.247s] -- Symlinking: /root/ros2_ws/install/mg400_msgs/include/mg400_msgs/mg400_msgs/srv/detail/reset_robot__struct.h
[29.255s] -- Symlinking: /root/ros2_ws/install/mg400_msgs/include/mg400_msgs/mg400_msgs/srv/detail/reset_robot__type_support.h
[29.262s] -- Symlinking: /root/ros2_ws/install/mg400_msgs/include/mg400_msgs/mg400_msgs/srv/detail/robot_mode__functions.h
[29.270s] -- Symlinking: /root/ros2_ws/install/mg400_msgs/include/mg400_msgs/mg400_msgs/srv/detail/robot_mode__struct.h
[29.278s] -- Symlinking: /root/ros2_ws/install/mg400_msgs/include/mg400_msgs/mg400_msgs/srv/detail/robot_mode__type_support.h
[29.285s] -- Symlinking: /root/ros2_ws/install/mg400_msgs/include/mg400_msgs/mg400_msgs/srv/detail/set_collision_level__functions.h
[29.292s] -- Symlinking: /root/ros2_ws/install/mg400_msgs/include/mg400_msgs/mg400_msgs/srv/detail/set_collision_level__struct.h
[29.299s] -- Symlinking: /root/ros2_ws/install/mg400_msgs/include/mg400_msgs/mg400_msgs/srv/detail/set_collision_level__type_support.h
[29.307s] -- Symlinking: /root/ros2_ws/install/mg400_msgs/include/mg400_msgs/mg400_msgs/srv/detail/speed_factor__functions.h
[29.314s] -- Symlinking: /root/ros2_ws/install/mg400_msgs/include/mg400_msgs/mg400_msgs/srv/detail/speed_factor__struct.h
[29.322s] -- Symlinking: /root/ros2_ws/install/mg400_msgs/include/mg400_msgs/mg400_msgs/srv/detail/speed_factor__type_support.h
[29.329s] -- Symlinking: /root/ros2_ws/install/mg400_msgs/include/mg400_msgs/mg400_msgs/srv/detail/speed_j__functions.h
[29.337s] -- Symlinking: /root/ros2_ws/install/mg400_msgs/include/mg400_msgs/mg400_msgs/srv/detail/speed_j__struct.h
[29.345s] -- Symlinking: /root/ros2_ws/install/mg400_msgs/include/mg400_msgs/mg400_msgs/srv/detail/speed_j__type_support.h
[29.352s] -- Symlinking: /root/ros2_ws/install/mg400_msgs/include/mg400_msgs/mg400_msgs/srv/detail/speed_l__functions.h
[29.359s] -- Symlinking: /root/ros2_ws/install/mg400_msgs/include/mg400_msgs/mg400_msgs/srv/detail/speed_l__struct.h
[29.366s] -- Symlinking: /root/ros2_ws/install/mg400_msgs/include/mg400_msgs/mg400_msgs/srv/detail/speed_l__type_support.h
[29.374s] -- Symlinking: /root/ros2_ws/install/mg400_msgs/include/mg400_msgs/mg400_msgs/srv/detail/tool__functions.h
[29.381s] -- Symlinking: /root/ros2_ws/install/mg400_msgs/include/mg400_msgs/mg400_msgs/srv/detail/tool__struct.h
[29.389s] -- Symlinking: /root/ros2_ws/install/mg400_msgs/include/mg400_msgs/mg400_msgs/srv/detail/tool__type_support.h
[29.396s] -- Symlinking: /root/ros2_ws/install/mg400_msgs/include/mg400_msgs/mg400_msgs/srv/detail/tool_di__functions.h
[29.403s] -- Symlinking: /root/ros2_ws/install/mg400_msgs/include/mg400_msgs/mg400_msgs/srv/detail/tool_di__struct.h
[29.410s] -- Symlinking: /root/ros2_ws/install/mg400_msgs/include/mg400_msgs/mg400_msgs/srv/detail/tool_di__type_support.h
[29.418s] -- Symlinking: /root/ros2_ws/install/mg400_msgs/include/mg400_msgs/mg400_msgs/srv/detail/tool_do_execute__functions.h
[29.426s] -- Symlinking: /root/ros2_ws/install/mg400_msgs/include/mg400_msgs/mg400_msgs/srv/detail/tool_do_execute__struct.h
[29.433s] -- Symlinking: /root/ros2_ws/install/mg400_msgs/include/mg400_msgs/mg400_msgs/srv/detail/tool_do_execute__type_support.h
[29.441s] -- Symlinking: /root/ros2_ws/install/mg400_msgs/include/mg400_msgs/mg400_msgs/srv/detail/user__functions.h
[29.449s] -- Symlinking: /root/ros2_ws/install/mg400_msgs/include/mg400_msgs/mg400_msgs/srv/detail/user__struct.h
[29.457s] -- Symlinking: /root/ros2_ws/install/mg400_msgs/include/mg400_msgs/mg400_msgs/srv/detail/user__type_support.h
[29.464s] -- Symlinking: /root/ros2_ws/install/mg400_msgs/include/mg400_msgs/mg400_msgs/srv/di.h
[29.472s] -- Symlinking: /root/ros2_ws/install/mg400_msgs/include/mg400_msgs/mg400_msgs/srv/disable_robot.h
[29.480s] -- Symlinking: /root/ros2_ws/install/mg400_msgs/include/mg400_msgs/mg400_msgs/srv/do.h
[29.488s] -- Symlinking: /root/ros2_ws/install/mg400_msgs/include/mg400_msgs/mg400_msgs/srv/emergency_stop.h
[29.496s] -- Symlinking: /root/ros2_ws/install/mg400_msgs/include/mg400_msgs/mg400_msgs/srv/enable_robot.h
[29.504s] -- Symlinking: /root/ros2_ws/install/mg400_msgs/include/mg400_msgs/mg400_msgs/srv/get_angle.h
[29.511s] -- Symlinking: /root/ros2_ws/install/mg400_msgs/include/mg400_msgs/mg400_msgs/srv/get_error_id.h
[29.518s] -- Symlinking: /root/ros2_ws/install/mg400_msgs/include/mg400_msgs/mg400_msgs/srv/get_pose.h
[29.526s] -- Symlinking: /root/ros2_ws/install/mg400_msgs/include/mg400_msgs/mg400_msgs/srv/inverse_solution.h
[29.533s] -- Symlinking: /root/ros2_ws/install/mg400_msgs/include/mg400_msgs/mg400_msgs/srv/joint_mov_j.h
[29.541s] -- Symlinking: /root/ros2_ws/install/mg400_msgs/include/mg400_msgs/mg400_msgs/srv/move_jog.h
[29.549s] -- Symlinking: /root/ros2_ws/install/mg400_msgs/include/mg400_msgs/mg400_msgs/srv/pay_load.h
[29.558s] -- Symlinking: /root/ros2_ws/install/mg400_msgs/include/mg400_msgs/mg400_msgs/srv/positive_solution.h
[29.566s] -- Symlinking: /root/ros2_ws/install/mg400_msgs/include/mg400_msgs/mg400_msgs/srv/reset_robot.h
[29.575s] -- Symlinking: /root/ros2_ws/install/mg400_msgs/include/mg400_msgs/mg400_msgs/srv/robot_mode.h
[29.582s] -- Symlinking: /root/ros2_ws/install/mg400_msgs/include/mg400_msgs/mg400_msgs/srv/set_collision_level.h
[29.591s] -- Symlinking: /root/ros2_ws/install/mg400_msgs/include/mg400_msgs/mg400_msgs/srv/speed_factor.h
[29.599s] -- Symlinking: /root/ros2_ws/install/mg400_msgs/include/mg400_msgs/mg400_msgs/srv/speed_j.h
[29.608s] -- Symlinking: /root/ros2_ws/install/mg400_msgs/include/mg400_msgs/mg400_msgs/srv/speed_l.h
[29.615s] -- Symlinking: /root/ros2_ws/install/mg400_msgs/include/mg400_msgs/mg400_msgs/srv/tool.h
[29.623s] -- Symlinking: /root/ros2_ws/install/mg400_msgs/include/mg400_msgs/mg400_msgs/srv/tool_di.h
[29.631s] -- Symlinking: /root/ros2_ws/install/mg400_msgs/include/mg400_msgs/mg400_msgs/srv/tool_do_execute.h
[29.638s] -- Symlinking: /root/ros2_ws/install/mg400_msgs/include/mg400_msgs/mg400_msgs/srv/user.h
[29.647s] -- Symlinking: /root/ros2_ws/install/mg400_msgs/share/mg400_msgs/environment/library_path.sh
[29.656s] -- Symlinking: /root/ros2_ws/install/mg400_msgs/share/mg400_msgs/environment/library_path.dsv
[29.666s] -- Symlinking: /root/ros2_ws/install/mg400_msgs/include/mg400_msgs/mg400_msgs/action/detail/command_queue__rosidl_typesupport_fastrtps_c.h
[29.674s] -- Symlinking: /root/ros2_ws/install/mg400_msgs/include/mg400_msgs/mg400_msgs/action/detail/joint_mov_j__rosidl_typesupport_fastrtps_c.h
[29.681s] -- Symlinking: /root/ros2_ws/install/mg400_msgs/include/mg400_msgs/mg400_msgs/action/detail/mov_j__rosidl_typesupport_fastrtps_c.h
[29.689s] -- Symlinking: /root/ros2_ws/install/mg400_msgs/include/mg400_msgs/mg400_msgs/action/detail/mov_jio__rosidl_typesupport_fastrtps_c.h
[29.697s] -- Symlinking: /root/ros2_ws/install/mg400_msgs/include/mg400_msgs/mg400_msgs/action/detail/mov_l__rosidl_typesupport_fastrtps_c.h
[29.704s] -- Symlinking: /root/ros2_ws/install/mg400_msgs/include/mg400_msgs/mg400_msgs/action/detail/mov_lio__rosidl_typesupport_fastrtps_c.h
[29.713s] -- Symlinking: /root/ros2_ws/install/mg400_msgs/include/mg400_msgs/mg400_msgs/msg/detail/arch__rosidl_typesupport_fastrtps_c.h
[29.721s] -- Symlinking: /root/ros2_ws/install/mg400_msgs/include/mg400_msgs/mg400_msgs/msg/detail/collision_level__rosidl_typesupport_fastrtps_c.h
[29.729s] -- Symlinking: /root/ros2_ws/install/mg400_msgs/include/mg400_msgs/mg400_msgs/msg/detail/command__rosidl_typesupport_fastrtps_c.h
[29.737s] -- Symlinking: /root/ros2_ws/install/mg400_msgs/include/mg400_msgs/mg400_msgs/msg/detail/di_index__rosidl_typesupport_fastrtps_c.h
[29.744s] -- Symlinking: /root/ros2_ws/install/mg400_msgs/include/mg400_msgs/mg400_msgs/msg/detail/distance_mode__rosidl_typesupport_fastrtps_c.h
[29.751s] -- Symlinking: /root/ros2_ws/install/mg400_msgs/include/mg400_msgs/mg400_msgs/msg/detail/do_index__rosidl_typesupport_fastrtps_c.h
[29.758s] -- Symlinking: /root/ros2_ws/install/mg400_msgs/include/mg400_msgs/mg400_msgs/msg/detail/do_status__rosidl_typesupport_fastrtps_c.h
[29.767s] -- Symlinking: /root/ros2_ws/install/mg400_msgs/include/mg400_msgs/mg400_msgs/msg/detail/error_id__rosidl_typesupport_fastrtps_c.h
[29.774s] -- Symlinking: /root/ros2_ws/install/mg400_msgs/include/mg400_msgs/mg400_msgs/msg/detail/id_array__rosidl_typesupport_fastrtps_c.h
[29.782s] -- Symlinking: /root/ros2_ws/install/mg400_msgs/include/mg400_msgs/mg400_msgs/msg/detail/joint_mov_j__rosidl_typesupport_fastrtps_c.h
[29.789s] -- Symlinking: /root/ros2_ws/install/mg400_msgs/include/mg400_msgs/mg400_msgs/msg/detail/mov_j__rosidl_typesupport_fastrtps_c.h
[29.796s] -- Symlinking: /root/ros2_ws/install/mg400_msgs/include/mg400_msgs/mg400_msgs/msg/detail/mov_jio__rosidl_typesupport_fastrtps_c.h
[29.805s] -- Symlinking: /root/ros2_ws/install/mg400_msgs/include/mg400_msgs/mg400_msgs/msg/detail/mov_l__rosidl_typesupport_fastrtps_c.h
[29.814s] -- Symlinking: /root/ros2_ws/install/mg400_msgs/include/mg400_msgs/mg400_msgs/msg/detail/mov_lio__rosidl_typesupport_fastrtps_c.h
[29.822s] -- Symlinking: /root/ros2_ws/install/mg400_msgs/include/mg400_msgs/mg400_msgs/msg/detail/move_jog__rosidl_typesupport_fastrtps_c.h
[29.830s] -- Symlinking: /root/ros2_ws/install/mg400_msgs/include/mg400_msgs/mg400_msgs/msg/detail/robot_mode__rosidl_typesupport_fastrtps_c.h
[29.837s] -- Symlinking: /root/ros2_ws/install/mg400_msgs/include/mg400_msgs/mg400_msgs/msg/detail/tool__rosidl_typesupport_fastrtps_c.h
[29.845s] -- Symlinking: /root/ros2_ws/install/mg400_msgs/include/mg400_msgs/mg400_msgs/msg/detail/tool_di_index__rosidl_typesupport_fastrtps_c.h
[29.853s] -- Symlinking: /root/ros2_ws/install/mg400_msgs/include/mg400_msgs/mg400_msgs/msg/detail/tool_do_index__rosidl_typesupport_fastrtps_c.h
[29.861s] -- Symlinking: /root/ros2_ws/install/mg400_msgs/include/mg400_msgs/mg400_msgs/msg/detail/user__rosidl_typesupport_fastrtps_c.h
[29.868s] -- Symlinking: /root/ros2_ws/install/mg400_msgs/include/mg400_msgs/mg400_msgs/msg/rosidl_typesupport_fastrtps_c__visibility_control.h
[29.877s] -- Symlinking: /root/ros2_ws/install/mg400_msgs/include/mg400_msgs/mg400_msgs/srv/detail/acc_j__rosidl_typesupport_fastrtps_c.h
[29.884s] -- Symlinking: /root/ros2_ws/install/mg400_msgs/include/mg400_msgs/mg400_msgs/srv/detail/acc_l__rosidl_typesupport_fastrtps_c.h
[29.892s] -- Symlinking: /root/ros2_ws/install/mg400_msgs/include/mg400_msgs/mg400_msgs/srv/detail/arch__rosidl_typesupport_fastrtps_c.h
[29.900s] -- Symlinking: /root/ros2_ws/install/mg400_msgs/include/mg400_msgs/mg400_msgs/srv/detail/clear_error__rosidl_typesupport_fastrtps_c.h
[29.908s] -- Symlinking: /root/ros2_ws/install/mg400_msgs/include/mg400_msgs/mg400_msgs/srv/detail/cp__rosidl_typesupport_fastrtps_c.h
[29.915s] -- Symlinking: /root/ros2_ws/install/mg400_msgs/include/mg400_msgs/mg400_msgs/srv/detail/di__rosidl_typesupport_fastrtps_c.h
[29.922s] -- Symlinking: /root/ros2_ws/install/mg400_msgs/include/mg400_msgs/mg400_msgs/srv/detail/disable_robot__rosidl_typesupport_fastrtps_c.h
[29.930s] -- Symlinking: /root/ros2_ws/install/mg400_msgs/include/mg400_msgs/mg400_msgs/srv/detail/do__rosidl_typesupport_fastrtps_c.h
[29.937s] -- Symlinking: /root/ros2_ws/install/mg400_msgs/include/mg400_msgs/mg400_msgs/srv/detail/emergency_stop__rosidl_typesupport_fastrtps_c.h
[29.944s] -- Symlinking: /root/ros2_ws/install/mg400_msgs/include/mg400_msgs/mg400_msgs/srv/detail/enable_robot__rosidl_typesupport_fastrtps_c.h
[29.950s] -- Symlinking: /root/ros2_ws/install/mg400_msgs/include/mg400_msgs/mg400_msgs/srv/detail/get_angle__rosidl_typesupport_fastrtps_c.h
[29.958s] -- Symlinking: /root/ros2_ws/install/mg400_msgs/include/mg400_msgs/mg400_msgs/srv/detail/get_error_id__rosidl_typesupport_fastrtps_c.h
[29.966s] -- Symlinking: /root/ros2_ws/install/mg400_msgs/include/mg400_msgs/mg400_msgs/srv/detail/get_pose__rosidl_typesupport_fastrtps_c.h
[29.973s] -- Symlinking: /root/ros2_ws/install/mg400_msgs/include/mg400_msgs/mg400_msgs/srv/detail/inverse_solution__rosidl_typesupport_fastrtps_c.h
[29.980s] -- Symlinking: /root/ros2_ws/install/mg400_msgs/include/mg400_msgs/mg400_msgs/srv/detail/joint_mov_j__rosidl_typesupport_fastrtps_c.h
[29.988s] -- Symlinking: /root/ros2_ws/install/mg400_msgs/include/mg400_msgs/mg400_msgs/srv/detail/move_jog__rosidl_typesupport_fastrtps_c.h
[29.995s] -- Symlinking: /root/ros2_ws/install/mg400_msgs/include/mg400_msgs/mg400_msgs/srv/detail/pay_load__rosidl_typesupport_fastrtps_c.h
[30.005s] -- Symlinking: /root/ros2_ws/install/mg400_msgs/include/mg400_msgs/mg400_msgs/srv/detail/positive_solution__rosidl_typesupport_fastrtps_c.h
[30.012s] -- Symlinking: /root/ros2_ws/install/mg400_msgs/include/mg400_msgs/mg400_msgs/srv/detail/reset_robot__rosidl_typesupport_fastrtps_c.h
[30.020s] -- Symlinking: /root/ros2_ws/install/mg400_msgs/include/mg400_msgs/mg400_msgs/srv/detail/robot_mode__rosidl_typesupport_fastrtps_c.h
[30.027s] -- Symlinking: /root/ros2_ws/install/mg400_msgs/include/mg400_msgs/mg400_msgs/srv/detail/set_collision_level__rosidl_typesupport_fastrtps_c.h
[30.036s] -- Symlinking: /root/ros2_ws/install/mg400_msgs/include/mg400_msgs/mg400_msgs/srv/detail/speed_factor__rosidl_typesupport_fastrtps_c.h
[30.044s] -- Symlinking: /root/ros2_ws/install/mg400_msgs/include/mg400_msgs/mg400_msgs/srv/detail/speed_j__rosidl_typesupport_fastrtps_c.h
[30.052s] -- Symlinking: /root/ros2_ws/install/mg400_msgs/include/mg400_msgs/mg400_msgs/srv/detail/speed_l__rosidl_typesupport_fastrtps_c.h
[30.059s] -- Symlinking: /root/ros2_ws/install/mg400_msgs/include/mg400_msgs/mg400_msgs/srv/detail/tool__rosidl_typesupport_fastrtps_c.h
[30.067s] -- Symlinking: /root/ros2_ws/install/mg400_msgs/include/mg400_msgs/mg400_msgs/srv/detail/tool_di__rosidl_typesupport_fastrtps_c.h
[30.074s] -- Symlinking: /root/ros2_ws/install/mg400_msgs/include/mg400_msgs/mg400_msgs/srv/detail/tool_do_execute__rosidl_typesupport_fastrtps_c.h
[30.081s] -- Symlinking: /root/ros2_ws/install/mg400_msgs/include/mg400_msgs/mg400_msgs/srv/detail/user__rosidl_typesupport_fastrtps_c.h
[30.093s] -- Symlinking: /root/ros2_ws/install/mg400_msgs/include/mg400_msgs/mg400_msgs/action/command_queue.hpp
[30.101s] -- Symlinking: /root/ros2_ws/install/mg400_msgs/include/mg400_msgs/mg400_msgs/action/detail/command_queue__builder.hpp
[30.110s] -- Symlinking: /root/ros2_ws/install/mg400_msgs/include/mg400_msgs/mg400_msgs/action/detail/command_queue__struct.hpp
[30.117s] -- Symlinking: /root/ros2_ws/install/mg400_msgs/include/mg400_msgs/mg400_msgs/action/detail/command_queue__traits.hpp
[30.126s] -- Symlinking: /root/ros2_ws/install/mg400_msgs/include/mg400_msgs/mg400_msgs/action/detail/command_queue__type_support.hpp
[30.133s] -- Symlinking: /root/ros2_ws/install/mg400_msgs/include/mg400_msgs/mg400_msgs/action/detail/joint_mov_j__builder.hpp
[30.142s] -- Symlinking: /root/ros2_ws/install/mg400_msgs/include/mg400_msgs/mg400_msgs/action/detail/joint_mov_j__struct.hpp
[30.150s] -- Symlinking: /root/ros2_ws/install/mg400_msgs/include/mg400_msgs/mg400_msgs/action/detail/joint_mov_j__traits.hpp
[30.158s] -- Symlinking: /root/ros2_ws/install/mg400_msgs/include/mg400_msgs/mg400_msgs/action/detail/joint_mov_j__type_support.hpp
[30.166s] -- Symlinking: /root/ros2_ws/install/mg400_msgs/include/mg400_msgs/mg400_msgs/action/detail/mov_j__builder.hpp
[30.175s] -- Symlinking: /root/ros2_ws/install/mg400_msgs/include/mg400_msgs/mg400_msgs/action/detail/mov_j__struct.hpp
[30.183s] -- Symlinking: /root/ros2_ws/install/mg400_msgs/include/mg400_msgs/mg400_msgs/action/detail/mov_j__traits.hpp
[30.191s] -- Symlinking: /root/ros2_ws/install/mg400_msgs/include/mg400_msgs/mg400_msgs/action/detail/mov_j__type_support.hpp
[30.199s] -- Symlinking: /root/ros2_ws/install/mg400_msgs/include/mg400_msgs/mg400_msgs/action/detail/mov_jio__builder.hpp
[30.207s] -- Symlinking: /root/ros2_ws/install/mg400_msgs/include/mg400_msgs/mg400_msgs/action/detail/mov_jio__struct.hpp
[30.215s] -- Symlinking: /root/ros2_ws/install/mg400_msgs/include/mg400_msgs/mg400_msgs/action/detail/mov_jio__traits.hpp
[30.223s] -- Symlinking: /root/ros2_ws/install/mg400_msgs/include/mg400_msgs/mg400_msgs/action/detail/mov_jio__type_support.hpp
[30.229s] -- Symlinking: /root/ros2_ws/install/mg400_msgs/include/mg400_msgs/mg400_msgs/action/detail/mov_l__builder.hpp
[30.237s] -- Symlinking: /root/ros2_ws/install/mg400_msgs/include/mg400_msgs/mg400_msgs/action/detail/mov_l__struct.hpp
[30.246s] -- Symlinking: /root/ros2_ws/install/mg400_msgs/include/mg400_msgs/mg400_msgs/action/detail/mov_l__traits.hpp
[30.254s] -- Symlinking: /root/ros2_ws/install/mg400_msgs/include/mg400_msgs/mg400_msgs/action/detail/mov_l__type_support.hpp
[30.262s] -- Symlinking: /root/ros2_ws/install/mg400_msgs/include/mg400_msgs/mg400_msgs/action/detail/mov_lio__builder.hpp
[30.270s] -- Symlinking: /root/ros2_ws/install/mg400_msgs/include/mg400_msgs/mg400_msgs/action/detail/mov_lio__struct.hpp
[30.278s] -- Symlinking: /root/ros2_ws/install/mg400_msgs/include/mg400_msgs/mg400_msgs/action/detail/mov_lio__traits.hpp
[30.286s] -- Symlinking: /root/ros2_ws/install/mg400_msgs/include/mg400_msgs/mg400_msgs/action/detail/mov_lio__type_support.hpp
[30.295s] -- Symlinking: /root/ros2_ws/install/mg400_msgs/include/mg400_msgs/mg400_msgs/action/joint_mov_j.hpp
[30.303s] -- Symlinking: /root/ros2_ws/install/mg400_msgs/include/mg400_msgs/mg400_msgs/action/mov_j.hpp
[30.311s] -- Symlinking: /root/ros2_ws/install/mg400_msgs/include/mg400_msgs/mg400_msgs/action/mov_jio.hpp
[30.320s] -- Symlinking: /root/ros2_ws/install/mg400_msgs/include/mg400_msgs/mg400_msgs/action/mov_l.hpp
[30.328s] -- Symlinking: /root/ros2_ws/install/mg400_msgs/include/mg400_msgs/mg400_msgs/action/mov_lio.hpp
[30.336s] -- Symlinking: /root/ros2_ws/install/mg400_msgs/include/mg400_msgs/mg400_msgs/msg/arch.hpp
[30.344s] -- Symlinking: /root/ros2_ws/install/mg400_msgs/include/mg400_msgs/mg400_msgs/msg/collision_level.hpp
[30.352s] -- Symlinking: /root/ros2_ws/install/mg400_msgs/include/mg400_msgs/mg400_msgs/msg/command.hpp
[30.360s] -- Symlinking: /root/ros2_ws/install/mg400_msgs/include/mg400_msgs/mg400_msgs/msg/detail/arch__builder.hpp
[30.368s] -- Symlinking: /root/ros2_ws/install/mg400_msgs/include/mg400_msgs/mg400_msgs/msg/detail/arch__struct.hpp
[30.375s] -- Symlinking: /root/ros2_ws/install/mg400_msgs/include/mg400_msgs/mg400_msgs/msg/detail/arch__traits.hpp
[30.384s] -- Symlinking: /root/ros2_ws/install/mg400_msgs/include/mg400_msgs/mg400_msgs/msg/detail/arch__type_support.hpp
[30.391s] -- Symlinking: /root/ros2_ws/install/mg400_msgs/include/mg400_msgs/mg400_msgs/msg/detail/collision_level__builder.hpp
[30.399s] -- Symlinking: /root/ros2_ws/install/mg400_msgs/include/mg400_msgs/mg400_msgs/msg/detail/collision_level__struct.hpp
[30.408s] -- Symlinking: /root/ros2_ws/install/mg400_msgs/include/mg400_msgs/mg400_msgs/msg/detail/collision_level__traits.hpp
[30.416s] -- Symlinking: /root/ros2_ws/install/mg400_msgs/include/mg400_msgs/mg400_msgs/msg/detail/collision_level__type_support.hpp
[30.424s] -- Symlinking: /root/ros2_ws/install/mg400_msgs/include/mg400_msgs/mg400_msgs/msg/detail/command__builder.hpp
[30.432s] -- Symlinking: /root/ros2_ws/install/mg400_msgs/include/mg400_msgs/mg400_msgs/msg/detail/command__struct.hpp
[30.440s] -- Symlinking: /root/ros2_ws/install/mg400_msgs/include/mg400_msgs/mg400_msgs/msg/detail/command__traits.hpp
[30.448s] -- Symlinking: /root/ros2_ws/install/mg400_msgs/include/mg400_msgs/mg400_msgs/msg/detail/command__type_support.hpp
[30.456s] -- Symlinking: /root/ros2_ws/install/mg400_msgs/include/mg400_msgs/mg400_msgs/msg/detail/di_index__builder.hpp
[30.464s] -- Symlinking: /root/ros2_ws/install/mg400_msgs/include/mg400_msgs/mg400_msgs/msg/detail/di_index__struct.hpp
[30.472s] -- Symlinking: /root/ros2_ws/install/mg400_msgs/include/mg400_msgs/mg400_msgs/msg/detail/di_index__traits.hpp
[30.480s] -- Symlinking: /root/ros2_ws/install/mg400_msgs/include/mg400_msgs/mg400_msgs/msg/detail/di_index__type_support.hpp
[30.488s] -- Symlinking: /root/ros2_ws/install/mg400_msgs/include/mg400_msgs/mg400_msgs/msg/detail/distance_mode__builder.hpp
[30.496s] -- Symlinking: /root/ros2_ws/install/mg400_msgs/include/mg400_msgs/mg400_msgs/msg/detail/distance_mode__struct.hpp
[30.505s] -- Symlinking: /root/ros2_ws/install/mg400_msgs/include/mg400_msgs/mg400_msgs/msg/detail/distance_mode__traits.hpp
[30.513s] -- Symlinking: /root/ros2_ws/install/mg400_msgs/include/mg400_msgs/mg400_msgs/msg/detail/distance_mode__type_support.hpp
[30.520s] -- Symlinking: /root/ros2_ws/install/mg400_msgs/include/mg400_msgs/mg400_msgs/msg/detail/do_index__builder.hpp
[30.528s] -- Symlinking: /root/ros2_ws/install/mg400_msgs/include/mg400_msgs/mg400_msgs/msg/detail/do_index__struct.hpp
[30.536s] -- Symlinking: /root/ros2_ws/install/mg400_msgs/include/mg400_msgs/mg400_msgs/msg/detail/do_index__traits.hpp
[30.544s] -- Symlinking: /root/ros2_ws/install/mg400_msgs/include/mg400_msgs/mg400_msgs/msg/detail/do_index__type_support.hpp
[30.551s] -- Symlinking: /root/ros2_ws/install/mg400_msgs/include/mg400_msgs/mg400_msgs/msg/detail/do_status__builder.hpp
[30.559s] -- Symlinking: /root/ros2_ws/install/mg400_msgs/include/mg400_msgs/mg400_msgs/msg/detail/do_status__struct.hpp
[30.567s] -- Symlinking: /root/ros2_ws/install/mg400_msgs/include/mg400_msgs/mg400_msgs/msg/detail/do_status__traits.hpp
[30.574s] -- Symlinking: /root/ros2_ws/install/mg400_msgs/include/mg400_msgs/mg400_msgs/msg/detail/do_status__type_support.hpp
[30.583s] -- Symlinking: /root/ros2_ws/install/mg400_msgs/include/mg400_msgs/mg400_msgs/msg/detail/error_id__builder.hpp
[30.591s] -- Symlinking: /root/ros2_ws/install/mg400_msgs/include/mg400_msgs/mg400_msgs/msg/detail/error_id__struct.hpp
[30.597s] -- Symlinking: /root/ros2_ws/install/mg400_msgs/include/mg400_msgs/mg400_msgs/msg/detail/error_id__traits.hpp
[30.605s] -- Symlinking: /root/ros2_ws/install/mg400_msgs/include/mg400_msgs/mg400_msgs/msg/detail/error_id__type_support.hpp
[30.612s] -- Symlinking: /root/ros2_ws/install/mg400_msgs/include/mg400_msgs/mg400_msgs/msg/detail/id_array__builder.hpp
[30.621s] -- Symlinking: /root/ros2_ws/install/mg400_msgs/include/mg400_msgs/mg400_msgs/msg/detail/id_array__struct.hpp
[30.630s] -- Symlinking: /root/ros2_ws/install/mg400_msgs/include/mg400_msgs/mg400_msgs/msg/detail/id_array__traits.hpp
[30.637s] -- Symlinking: /root/ros2_ws/install/mg400_msgs/include/mg400_msgs/mg400_msgs/msg/detail/id_array__type_support.hpp
[30.645s] -- Symlinking: /root/ros2_ws/install/mg400_msgs/include/mg400_msgs/mg400_msgs/msg/detail/joint_mov_j__builder.hpp
[30.653s] -- Symlinking: /root/ros2_ws/install/mg400_msgs/include/mg400_msgs/mg400_msgs/msg/detail/joint_mov_j__struct.hpp
[30.661s] -- Symlinking: /root/ros2_ws/install/mg400_msgs/include/mg400_msgs/mg400_msgs/msg/detail/joint_mov_j__traits.hpp
[30.669s] -- Symlinking: /root/ros2_ws/install/mg400_msgs/include/mg400_msgs/mg400_msgs/msg/detail/joint_mov_j__type_support.hpp
[30.677s] -- Symlinking: /root/ros2_ws/install/mg400_msgs/include/mg400_msgs/mg400_msgs/msg/detail/mov_j__builder.hpp
[30.685s] -- Symlinking: /root/ros2_ws/install/mg400_msgs/include/mg400_msgs/mg400_msgs/msg/detail/mov_j__struct.hpp
[30.693s] -- Symlinking: /root/ros2_ws/install/mg400_msgs/include/mg400_msgs/mg400_msgs/msg/detail/mov_j__traits.hpp
[30.701s] -- Symlinking: /root/ros2_ws/install/mg400_msgs/include/mg400_msgs/mg400_msgs/msg/detail/mov_j__type_support.hpp
[30.710s] -- Symlinking: /root/ros2_ws/install/mg400_msgs/include/mg400_msgs/mg400_msgs/msg/detail/mov_jio__builder.hpp
[30.717s] -- Symlinking: /root/ros2_ws/install/mg400_msgs/include/mg400_msgs/mg400_msgs/msg/detail/mov_jio__struct.hpp
[30.726s] -- Symlinking: /root/ros2_ws/install/mg400_msgs/include/mg400_msgs/mg400_msgs/msg/detail/mov_jio__traits.hpp
[30.733s] -- Symlinking: /root/ros2_ws/install/mg400_msgs/include/mg400_msgs/mg400_msgs/msg/detail/mov_jio__type_support.hpp
[30.740s] -- Symlinking: /root/ros2_ws/install/mg400_msgs/include/mg400_msgs/mg400_msgs/msg/detail/mov_l__builder.hpp
[30.748s] -- Symlinking: /root/ros2_ws/install/mg400_msgs/include/mg400_msgs/mg400_msgs/msg/detail/mov_l__struct.hpp
[30.755s] -- Symlinking: /root/ros2_ws/install/mg400_msgs/include/mg400_msgs/mg400_msgs/msg/detail/mov_l__traits.hpp
[30.762s] -- Symlinking: /root/ros2_ws/install/mg400_msgs/include/mg400_msgs/mg400_msgs/msg/detail/mov_l__type_support.hpp
[30.770s] -- Symlinking: /root/ros2_ws/install/mg400_msgs/include/mg400_msgs/mg400_msgs/msg/detail/mov_lio__builder.hpp
[30.778s] -- Symlinking: /root/ros2_ws/install/mg400_msgs/include/mg400_msgs/mg400_msgs/msg/detail/mov_lio__struct.hpp
[30.786s] -- Symlinking: /root/ros2_ws/install/mg400_msgs/include/mg400_msgs/mg400_msgs/msg/detail/mov_lio__traits.hpp
[30.793s] -- Symlinking: /root/ros2_ws/install/mg400_msgs/include/mg400_msgs/mg400_msgs/msg/detail/mov_lio__type_support.hpp
[30.801s] -- Symlinking: /root/ros2_ws/install/mg400_msgs/include/mg400_msgs/mg400_msgs/msg/detail/move_jog__builder.hpp
[30.809s] -- Symlinking: /root/ros2_ws/install/mg400_msgs/include/mg400_msgs/mg400_msgs/msg/detail/move_jog__struct.hpp
[30.817s] -- Symlinking: /root/ros2_ws/install/mg400_msgs/include/mg400_msgs/mg400_msgs/msg/detail/move_jog__traits.hpp
[30.826s] -- Symlinking: /root/ros2_ws/install/mg400_msgs/include/mg400_msgs/mg400_msgs/msg/detail/move_jog__type_support.hpp
[30.834s] -- Symlinking: /root/ros2_ws/install/mg400_msgs/include/mg400_msgs/mg400_msgs/msg/detail/robot_mode__builder.hpp
[30.842s] -- Symlinking: /root/ros2_ws/install/mg400_msgs/include/mg400_msgs/mg400_msgs/msg/detail/robot_mode__struct.hpp
[30.850s] -- Symlinking: /root/ros2_ws/install/mg400_msgs/include/mg400_msgs/mg400_msgs/msg/detail/robot_mode__traits.hpp
[30.858s] -- Symlinking: /root/ros2_ws/install/mg400_msgs/include/mg400_msgs/mg400_msgs/msg/detail/robot_mode__type_support.hpp
[30.866s] -- Symlinking: /root/ros2_ws/install/mg400_msgs/include/mg400_msgs/mg400_msgs/msg/detail/tool__builder.hpp
[30.875s] -- Symlinking: /root/ros2_ws/install/mg400_msgs/include/mg400_msgs/mg400_msgs/msg/detail/tool__struct.hpp
[30.883s] -- Symlinking: /root/ros2_ws/install/mg400_msgs/include/mg400_msgs/mg400_msgs/msg/detail/tool__traits.hpp
[30.891s] -- Symlinking: /root/ros2_ws/install/mg400_msgs/include/mg400_msgs/mg400_msgs/msg/detail/tool__type_support.hpp
[30.899s] -- Symlinking: /root/ros2_ws/install/mg400_msgs/include/mg400_msgs/mg400_msgs/msg/detail/tool_di_index__builder.hpp
[30.907s] -- Symlinking: /root/ros2_ws/install/mg400_msgs/include/mg400_msgs/mg400_msgs/msg/detail/tool_di_index__struct.hpp
[30.915s] -- Symlinking: /root/ros2_ws/install/mg400_msgs/include/mg400_msgs/mg400_msgs/msg/detail/tool_di_index__traits.hpp
[30.924s] -- Symlinking: /root/ros2_ws/install/mg400_msgs/include/mg400_msgs/mg400_msgs/msg/detail/tool_di_index__type_support.hpp
[30.931s] -- Symlinking: /root/ros2_ws/install/mg400_msgs/include/mg400_msgs/mg400_msgs/msg/detail/tool_do_index__builder.hpp
[30.939s] -- Symlinking: /root/ros2_ws/install/mg400_msgs/include/mg400_msgs/mg400_msgs/msg/detail/tool_do_index__struct.hpp
[30.947s] -- Symlinking: /root/ros2_ws/install/mg400_msgs/include/mg400_msgs/mg400_msgs/msg/detail/tool_do_index__traits.hpp
[30.955s] -- Symlinking: /root/ros2_ws/install/mg400_msgs/include/mg400_msgs/mg400_msgs/msg/detail/tool_do_index__type_support.hpp
[30.963s] -- Symlinking: /root/ros2_ws/install/mg400_msgs/include/mg400_msgs/mg400_msgs/msg/detail/user__builder.hpp
[30.970s] -- Symlinking: /root/ros2_ws/install/mg400_msgs/include/mg400_msgs/mg400_msgs/msg/detail/user__struct.hpp
[30.977s] -- Symlinking: /root/ros2_ws/install/mg400_msgs/include/mg400_msgs/mg400_msgs/msg/detail/user__traits.hpp
[30.984s] -- Symlinking: /root/ros2_ws/install/mg400_msgs/include/mg400_msgs/mg400_msgs/msg/detail/user__type_support.hpp
[30.993s] -- Symlinking: /root/ros2_ws/install/mg400_msgs/include/mg400_msgs/mg400_msgs/msg/di_index.hpp
[31.000s] -- Symlinking: /root/ros2_ws/install/mg400_msgs/include/mg400_msgs/mg400_msgs/msg/distance_mode.hpp
[31.008s] -- Symlinking: /root/ros2_ws/install/mg400_msgs/include/mg400_msgs/mg400_msgs/msg/do_index.hpp
[31.015s] -- Symlinking: /root/ros2_ws/install/mg400_msgs/include/mg400_msgs/mg400_msgs/msg/do_status.hpp
[31.023s] -- Symlinking: /root/ros2_ws/install/mg400_msgs/include/mg400_msgs/mg400_msgs/msg/error_id.hpp
[31.030s] -- Symlinking: /root/ros2_ws/install/mg400_msgs/include/mg400_msgs/mg400_msgs/msg/id_array.hpp
[31.038s] -- Symlinking: /root/ros2_ws/install/mg400_msgs/include/mg400_msgs/mg400_msgs/msg/joint_mov_j.hpp
[31.046s] -- Symlinking: /root/ros2_ws/install/mg400_msgs/include/mg400_msgs/mg400_msgs/msg/mov_j.hpp
[31.054s] -- Symlinking: /root/ros2_ws/install/mg400_msgs/include/mg400_msgs/mg400_msgs/msg/mov_jio.hpp
[31.062s] -- Symlinking: /root/ros2_ws/install/mg400_msgs/include/mg400_msgs/mg400_msgs/msg/mov_l.hpp
[31.070s] -- Symlinking: /root/ros2_ws/install/mg400_msgs/include/mg400_msgs/mg400_msgs/msg/mov_lio.hpp
[31.078s] -- Symlinking: /root/ros2_ws/install/mg400_msgs/include/mg400_msgs/mg400_msgs/msg/move_jog.hpp
[31.086s] -- Symlinking: /root/ros2_ws/install/mg400_msgs/include/mg400_msgs/mg400_msgs/msg/robot_mode.hpp
[31.094s] -- Symlinking: /root/ros2_ws/install/mg400_msgs/include/mg400_msgs/mg400_msgs/msg/rosidl_generator_cpp__visibility_control.hpp
[31.102s] -- Symlinking: /root/ros2_ws/install/mg400_msgs/include/mg400_msgs/mg400_msgs/msg/tool.hpp
[31.109s] -- Symlinking: /root/ros2_ws/install/mg400_msgs/include/mg400_msgs/mg400_msgs/msg/tool_di_index.hpp
[31.116s] -- Symlinking: /root/ros2_ws/install/mg400_msgs/include/mg400_msgs/mg400_msgs/msg/tool_do_index.hpp
[31.122s] -- Symlinking: /root/ros2_ws/install/mg400_msgs/include/mg400_msgs/mg400_msgs/msg/user.hpp
[31.131s] -- Symlinking: /root/ros2_ws/install/mg400_msgs/include/mg400_msgs/mg400_msgs/srv/acc_j.hpp
[31.138s] -- Symlinking: /root/ros2_ws/install/mg400_msgs/include/mg400_msgs/mg400_msgs/srv/acc_l.hpp
[31.147s] -- Symlinking: /root/ros2_ws/install/mg400_msgs/include/mg400_msgs/mg400_msgs/srv/arch.hpp
[31.154s] -- Symlinking: /root/ros2_ws/install/mg400_msgs/include/mg400_msgs/mg400_msgs/srv/clear_error.hpp
[31.162s] -- Symlinking: /root/ros2_ws/install/mg400_msgs/include/mg400_msgs/mg400_msgs/srv/cp.hpp
[31.171s] -- Symlinking: /root/ros2_ws/install/mg400_msgs/include/mg400_msgs/mg400_msgs/srv/detail/acc_j__builder.hpp
[31.178s] -- Symlinking: /root/ros2_ws/install/mg400_msgs/include/mg400_msgs/mg400_msgs/srv/detail/acc_j__struct.hpp
[31.186s] -- Symlinking: /root/ros2_ws/install/mg400_msgs/include/mg400_msgs/mg400_msgs/srv/detail/acc_j__traits.hpp
[31.193s] -- Symlinking: /root/ros2_ws/install/mg400_msgs/include/mg400_msgs/mg400_msgs/srv/detail/acc_j__type_support.hpp
[31.202s] -- Symlinking: /root/ros2_ws/install/mg400_msgs/include/mg400_msgs/mg400_msgs/srv/detail/acc_l__builder.hpp
[31.209s] -- Symlinking: /root/ros2_ws/install/mg400_msgs/include/mg400_msgs/mg400_msgs/srv/detail/acc_l__struct.hpp
[31.216s] -- Symlinking: /root/ros2_ws/install/mg400_msgs/include/mg400_msgs/mg400_msgs/srv/detail/acc_l__traits.hpp
[31.224s] -- Symlinking: /root/ros2_ws/install/mg400_msgs/include/mg400_msgs/mg400_msgs/srv/detail/acc_l__type_support.hpp
[31.231s] -- Symlinking: /root/ros2_ws/install/mg400_msgs/include/mg400_msgs/mg400_msgs/srv/detail/arch__builder.hpp
[31.239s] -- Symlinking: /root/ros2_ws/install/mg400_msgs/include/mg400_msgs/mg400_msgs/srv/detail/arch__struct.hpp
[31.247s] -- Symlinking: /root/ros2_ws/install/mg400_msgs/include/mg400_msgs/mg400_msgs/srv/detail/arch__traits.hpp
[31.254s] -- Symlinking: /root/ros2_ws/install/mg400_msgs/include/mg400_msgs/mg400_msgs/srv/detail/arch__type_support.hpp
[31.261s] -- Symlinking: /root/ros2_ws/install/mg400_msgs/include/mg400_msgs/mg400_msgs/srv/detail/clear_error__builder.hpp
[31.268s] -- Symlinking: /root/ros2_ws/install/mg400_msgs/include/mg400_msgs/mg400_msgs/srv/detail/clear_error__struct.hpp
[31.276s] -- Symlinking: /root/ros2_ws/install/mg400_msgs/include/mg400_msgs/mg400_msgs/srv/detail/clear_error__traits.hpp
[31.284s] -- Symlinking: /root/ros2_ws/install/mg400_msgs/include/mg400_msgs/mg400_msgs/srv/detail/clear_error__type_support.hpp
[31.291s] -- Symlinking: /root/ros2_ws/install/mg400_msgs/include/mg400_msgs/mg400_msgs/srv/detail/cp__builder.hpp
[31.299s] -- Symlinking: /root/ros2_ws/install/mg400_msgs/include/mg400_msgs/mg400_msgs/srv/detail/cp__struct.hpp
[31.307s] -- Symlinking: /root/ros2_ws/install/mg400_msgs/include/mg400_msgs/mg400_msgs/srv/detail/cp__traits.hpp
[31.314s] -- Symlinking: /root/ros2_ws/install/mg400_msgs/include/mg400_msgs/mg400_msgs/srv/detail/cp__type_support.hpp
[31.322s] -- Symlinking: /root/ros2_ws/install/mg400_msgs/include/mg400_msgs/mg400_msgs/srv/detail/di__builder.hpp
[31.330s] -- Symlinking: /root/ros2_ws/install/mg400_msgs/include/mg400_msgs/mg400_msgs/srv/detail/di__struct.hpp
[31.338s] -- Symlinking: /root/ros2_ws/install/mg400_msgs/include/mg400_msgs/mg400_msgs/srv/detail/di__traits.hpp
[31.346s] -- Symlinking: /root/ros2_ws/install/mg400_msgs/include/mg400_msgs/mg400_msgs/srv/detail/di__type_support.hpp
[31.355s] -- Symlinking: /root/ros2_ws/install/mg400_msgs/include/mg400_msgs/mg400_msgs/srv/detail/disable_robot__builder.hpp
[31.363s] -- Symlinking: /root/ros2_ws/install/mg400_msgs/include/mg400_msgs/mg400_msgs/srv/detail/disable_robot__struct.hpp
[31.371s] -- Symlinking: /root/ros2_ws/install/mg400_msgs/include/mg400_msgs/mg400_msgs/srv/detail/disable_robot__traits.hpp
[31.378s] -- Symlinking: /root/ros2_ws/install/mg400_msgs/include/mg400_msgs/mg400_msgs/srv/detail/disable_robot__type_support.hpp
[31.387s] -- Symlinking: /root/ros2_ws/install/mg400_msgs/include/mg400_msgs/mg400_msgs/srv/detail/do__builder.hpp
[31.395s] -- Symlinking: /root/ros2_ws/install/mg400_msgs/include/mg400_msgs/mg400_msgs/srv/detail/do__struct.hpp
[31.404s] -- Symlinking: /root/ros2_ws/install/mg400_msgs/include/mg400_msgs/mg400_msgs/srv/detail/do__traits.hpp
[31.411s] -- Symlinking: /root/ros2_ws/install/mg400_msgs/include/mg400_msgs/mg400_msgs/srv/detail/do__type_support.hpp
[31.418s] -- Symlinking: /root/ros2_ws/install/mg400_msgs/include/mg400_msgs/mg400_msgs/srv/detail/emergency_stop__builder.hpp
[31.426s] -- Symlinking: /root/ros2_ws/install/mg400_msgs/include/mg400_msgs/mg400_msgs/srv/detail/emergency_stop__struct.hpp
[31.434s] -- Symlinking: /root/ros2_ws/install/mg400_msgs/include/mg400_msgs/mg400_msgs/srv/detail/emergency_stop__traits.hpp
[31.442s] -- Symlinking: /root/ros2_ws/install/mg400_msgs/include/mg400_msgs/mg400_msgs/srv/detail/emergency_stop__type_support.hpp
[31.450s] -- Symlinking: /root/ros2_ws/install/mg400_msgs/include/mg400_msgs/mg400_msgs/srv/detail/enable_robot__builder.hpp
[31.458s] -- Symlinking: /root/ros2_ws/install/mg400_msgs/include/mg400_msgs/mg400_msgs/srv/detail/enable_robot__struct.hpp
[31.465s] -- Symlinking: /root/ros2_ws/install/mg400_msgs/include/mg400_msgs/mg400_msgs/srv/detail/enable_robot__traits.hpp
[31.475s] -- Symlinking: /root/ros2_ws/install/mg400_msgs/include/mg400_msgs/mg400_msgs/srv/detail/enable_robot__type_support.hpp
[31.482s] -- Symlinking: /root/ros2_ws/install/mg400_msgs/include/mg400_msgs/mg400_msgs/srv/detail/get_angle__builder.hpp
[31.491s] -- Symlinking: /root/ros2_ws/install/mg400_msgs/include/mg400_msgs/mg400_msgs/srv/detail/get_angle__struct.hpp
[31.498s] -- Symlinking: /root/ros2_ws/install/mg400_msgs/include/mg400_msgs/mg400_msgs/srv/detail/get_angle__traits.hpp
[31.507s] -- Symlinking: /root/ros2_ws/install/mg400_msgs/include/mg400_msgs/mg400_msgs/srv/detail/get_angle__type_support.hpp
[31.515s] -- Symlinking: /root/ros2_ws/install/mg400_msgs/include/mg400_msgs/mg400_msgs/srv/detail/get_error_id__builder.hpp
[31.523s] -- Symlinking: /root/ros2_ws/install/mg400_msgs/include/mg400_msgs/mg400_msgs/srv/detail/get_error_id__struct.hpp
[31.531s] -- Symlinking: /root/ros2_ws/install/mg400_msgs/include/mg400_msgs/mg400_msgs/srv/detail/get_error_id__traits.hpp
[31.538s] -- Symlinking: /root/ros2_ws/install/mg400_msgs/include/mg400_msgs/mg400_msgs/srv/detail/get_error_id__type_support.hpp
[31.545s] -- Symlinking: /root/ros2_ws/install/mg400_msgs/include/mg400_msgs/mg400_msgs/srv/detail/get_pose__builder.hpp
[31.553s] -- Symlinking: /root/ros2_ws/install/mg400_msgs/include/mg400_msgs/mg400_msgs/srv/detail/get_pose__struct.hpp
[31.561s] -- Symlinking: /root/ros2_ws/install/mg400_msgs/include/mg400_msgs/mg400_msgs/srv/detail/get_pose__traits.hpp
[31.569s] -- Symlinking: /root/ros2_ws/install/mg400_msgs/include/mg400_msgs/mg400_msgs/srv/detail/get_pose__type_support.hpp
[31.576s] -- Symlinking: /root/ros2_ws/install/mg400_msgs/include/mg400_msgs/mg400_msgs/srv/detail/inverse_solution__builder.hpp
[31.585s] -- Symlinking: /root/ros2_ws/install/mg400_msgs/include/mg400_msgs/mg400_msgs/srv/detail/inverse_solution__struct.hpp
[31.593s] -- Symlinking: /root/ros2_ws/install/mg400_msgs/include/mg400_msgs/mg400_msgs/srv/detail/inverse_solution__traits.hpp
[31.601s] -- Symlinking: /root/ros2_ws/install/mg400_msgs/include/mg400_msgs/mg400_msgs/srv/detail/inverse_solution__type_support.hpp
[31.609s] -- Symlinking: /root/ros2_ws/install/mg400_msgs/include/mg400_msgs/mg400_msgs/srv/detail/joint_mov_j__builder.hpp
[31.615s] -- Symlinking: /root/ros2_ws/install/mg400_msgs/include/mg400_msgs/mg400_msgs/srv/detail/joint_mov_j__struct.hpp
[31.623s] -- Symlinking: /root/ros2_ws/install/mg400_msgs/include/mg400_msgs/mg400_msgs/srv/detail/joint_mov_j__traits.hpp
[31.631s] -- Symlinking: /root/ros2_ws/install/mg400_msgs/include/mg400_msgs/mg400_msgs/srv/detail/joint_mov_j__type_support.hpp
[31.638s] -- Symlinking: /root/ros2_ws/install/mg400_msgs/include/mg400_msgs/mg400_msgs/srv/detail/move_jog__builder.hpp
[31.645s] -- Symlinking: /root/ros2_ws/install/mg400_msgs/include/mg400_msgs/mg400_msgs/srv/detail/move_jog__struct.hpp
[31.652s] -- Symlinking: /root/ros2_ws/install/mg400_msgs/include/mg400_msgs/mg400_msgs/srv/detail/move_jog__traits.hpp
[31.659s] -- Symlinking: /root/ros2_ws/install/mg400_msgs/include/mg400_msgs/mg400_msgs/srv/detail/move_jog__type_support.hpp
[31.667s] -- Symlinking: /root/ros2_ws/install/mg400_msgs/include/mg400_msgs/mg400_msgs/srv/detail/pay_load__builder.hpp
[31.674s] -- Symlinking: /root/ros2_ws/install/mg400_msgs/include/mg400_msgs/mg400_msgs/srv/detail/pay_load__struct.hpp
[31.682s] -- Symlinking: /root/ros2_ws/install/mg400_msgs/include/mg400_msgs/mg400_msgs/srv/detail/pay_load__traits.hpp
[31.690s] -- Symlinking: /root/ros2_ws/install/mg400_msgs/include/mg400_msgs/mg400_msgs/srv/detail/pay_load__type_support.hpp
[31.698s] -- Symlinking: /root/ros2_ws/install/mg400_msgs/include/mg400_msgs/mg400_msgs/srv/detail/positive_solution__builder.hpp
[31.706s] -- Symlinking: /root/ros2_ws/install/mg400_msgs/include/mg400_msgs/mg400_msgs/srv/detail/positive_solution__struct.hpp
[31.713s] -- Symlinking: /root/ros2_ws/install/mg400_msgs/include/mg400_msgs/mg400_msgs/srv/detail/positive_solution__traits.hpp
[31.721s] -- Symlinking: /root/ros2_ws/install/mg400_msgs/include/mg400_msgs/mg400_msgs/srv/detail/positive_solution__type_support.hpp
[31.728s] -- Symlinking: /root/ros2_ws/install/mg400_msgs/include/mg400_msgs/mg400_msgs/srv/detail/reset_robot__builder.hpp
[31.735s] -- Symlinking: /root/ros2_ws/install/mg400_msgs/include/mg400_msgs/mg400_msgs/srv/detail/reset_robot__struct.hpp
[31.742s] -- Symlinking: /root/ros2_ws/install/mg400_msgs/include/mg400_msgs/mg400_msgs/srv/detail/reset_robot__traits.hpp
[31.749s] -- Symlinking: /root/ros2_ws/install/mg400_msgs/include/mg400_msgs/mg400_msgs/srv/detail/reset_robot__type_support.hpp
[31.758s] -- Symlinking: /root/ros2_ws/install/mg400_msgs/include/mg400_msgs/mg400_msgs/srv/detail/robot_mode__builder.hpp
[31.766s] -- Symlinking: /root/ros2_ws/install/mg400_msgs/include/mg400_msgs/mg400_msgs/srv/detail/robot_mode__struct.hpp
[31.775s] -- Symlinking: /root/ros2_ws/install/mg400_msgs/include/mg400_msgs/mg400_msgs/srv/detail/robot_mode__traits.hpp
[31.782s] -- Symlinking: /root/ros2_ws/install/mg400_msgs/include/mg400_msgs/mg400_msgs/srv/detail/robot_mode__type_support.hpp
[31.789s] -- Symlinking: /root/ros2_ws/install/mg400_msgs/include/mg400_msgs/mg400_msgs/srv/detail/set_collision_level__builder.hpp
[31.796s] -- Symlinking: /root/ros2_ws/install/mg400_msgs/include/mg400_msgs/mg400_msgs/srv/detail/set_collision_level__struct.hpp
[31.804s] -- Symlinking: /root/ros2_ws/install/mg400_msgs/include/mg400_msgs/mg400_msgs/srv/detail/set_collision_level__traits.hpp
[31.811s] -- Symlinking: /root/ros2_ws/install/mg400_msgs/include/mg400_msgs/mg400_msgs/srv/detail/set_collision_level__type_support.hpp
[31.817s] -- Symlinking: /root/ros2_ws/install/mg400_msgs/include/mg400_msgs/mg400_msgs/srv/detail/speed_factor__builder.hpp
[31.824s] -- Symlinking: /root/ros2_ws/install/mg400_msgs/include/mg400_msgs/mg400_msgs/srv/detail/speed_factor__struct.hpp
[31.830s] -- Symlinking: /root/ros2_ws/install/mg400_msgs/include/mg400_msgs/mg400_msgs/srv/detail/speed_factor__traits.hpp
[31.837s] -- Symlinking: /root/ros2_ws/install/mg400_msgs/include/mg400_msgs/mg400_msgs/srv/detail/speed_factor__type_support.hpp
[31.843s] -- Symlinking: /root/ros2_ws/install/mg400_msgs/include/mg400_msgs/mg400_msgs/srv/detail/speed_j__builder.hpp
[31.850s] -- Symlinking: /root/ros2_ws/install/mg400_msgs/include/mg400_msgs/mg400_msgs/srv/detail/speed_j__struct.hpp
[31.858s] -- Symlinking: /root/ros2_ws/install/mg400_msgs/include/mg400_msgs/mg400_msgs/srv/detail/speed_j__traits.hpp
[31.867s] -- Symlinking: /root/ros2_ws/install/mg400_msgs/include/mg400_msgs/mg400_msgs/srv/detail/speed_j__type_support.hpp
[31.874s] -- Symlinking: /root/ros2_ws/install/mg400_msgs/include/mg400_msgs/mg400_msgs/srv/detail/speed_l__builder.hpp
[31.881s] -- Symlinking: /root/ros2_ws/install/mg400_msgs/include/mg400_msgs/mg400_msgs/srv/detail/speed_l__struct.hpp
[31.888s] -- Symlinking: /root/ros2_ws/install/mg400_msgs/include/mg400_msgs/mg400_msgs/srv/detail/speed_l__traits.hpp
[31.895s] -- Symlinking: /root/ros2_ws/install/mg400_msgs/include/mg400_msgs/mg400_msgs/srv/detail/speed_l__type_support.hpp
[31.903s] -- Symlinking: /root/ros2_ws/install/mg400_msgs/include/mg400_msgs/mg400_msgs/srv/detail/tool__builder.hpp
[31.910s] -- Symlinking: /root/ros2_ws/install/mg400_msgs/include/mg400_msgs/mg400_msgs/srv/detail/tool__struct.hpp
[31.918s] -- Symlinking: /root/ros2_ws/install/mg400_msgs/include/mg400_msgs/mg400_msgs/srv/detail/tool__traits.hpp
[31.927s] -- Symlinking: /root/ros2_ws/install/mg400_msgs/include/mg400_msgs/mg400_msgs/srv/detail/tool__type_support.hpp
[31.935s] -- Symlinking: /root/ros2_ws/install/mg400_msgs/include/mg400_msgs/mg400_msgs/srv/detail/tool_di__builder.hpp
[31.944s] -- Symlinking: /root/ros2_ws/install/mg400_msgs/include/mg400_msgs/mg400_msgs/srv/detail/tool_di__struct.hpp
[31.954s] -- Symlinking: /root/ros2_ws/install/mg400_msgs/include/mg400_msgs/mg400_msgs/srv/detail/tool_di__traits.hpp
[31.962s] -- Symlinking: /root/ros2_ws/install/mg400_msgs/include/mg400_msgs/mg400_msgs/srv/detail/tool_di__type_support.hpp
[31.970s] -- Symlinking: /root/ros2_ws/install/mg400_msgs/include/mg400_msgs/mg400_msgs/srv/detail/tool_do_execute__builder.hpp
[31.978s] -- Symlinking: /root/ros2_ws/install/mg400_msgs/include/mg400_msgs/mg400_msgs/srv/detail/tool_do_execute__struct.hpp
[31.986s] -- Symlinking: /root/ros2_ws/install/mg400_msgs/include/mg400_msgs/mg400_msgs/srv/detail/tool_do_execute__traits.hpp
[31.994s] -- Symlinking: /root/ros2_ws/install/mg400_msgs/include/mg400_msgs/mg400_msgs/srv/detail/tool_do_execute__type_support.hpp
[32.003s] -- Symlinking: /root/ros2_ws/install/mg400_msgs/include/mg400_msgs/mg400_msgs/srv/detail/user__builder.hpp
[32.010s] -- Symlinking: /root/ros2_ws/install/mg400_msgs/include/mg400_msgs/mg400_msgs/srv/detail/user__struct.hpp
[32.019s] -- Symlinking: /root/ros2_ws/install/mg400_msgs/include/mg400_msgs/mg400_msgs/srv/detail/user__traits.hpp
[32.027s] -- Symlinking: /root/ros2_ws/install/mg400_msgs/include/mg400_msgs/mg400_msgs/srv/detail/user__type_support.hpp
[32.035s] -- Symlinking: /root/ros2_ws/install/mg400_msgs/include/mg400_msgs/mg400_msgs/srv/di.hpp
[32.043s] -- Symlinking: /root/ros2_ws/install/mg400_msgs/include/mg400_msgs/mg400_msgs/srv/disable_robot.hpp
[32.051s] -- Symlinking: /root/ros2_ws/install/mg400_msgs/include/mg400_msgs/mg400_msgs/srv/do.hpp
[32.058s] -- Symlinking: /root/ros2_ws/install/mg400_msgs/include/mg400_msgs/mg400_msgs/srv/emergency_stop.hpp
[32.066s] -- Symlinking: /root/ros2_ws/install/mg400_msgs/include/mg400_msgs/mg400_msgs/srv/enable_robot.hpp
[32.075s] -- Symlinking: /root/ros2_ws/install/mg400_msgs/include/mg400_msgs/mg400_msgs/srv/get_angle.hpp
[32.082s] -- Symlinking: /root/ros2_ws/install/mg400_msgs/include/mg400_msgs/mg400_msgs/srv/get_error_id.hpp
[32.090s] -- Symlinking: /root/ros2_ws/install/mg400_msgs/include/mg400_msgs/mg400_msgs/srv/get_pose.hpp
[32.100s] -- Symlinking: /root/ros2_ws/install/mg400_msgs/include/mg400_msgs/mg400_msgs/srv/inverse_solution.hpp
[32.107s] -- Symlinking: /root/ros2_ws/install/mg400_msgs/include/mg400_msgs/mg400_msgs/srv/joint_mov_j.hpp
[32.116s] -- Symlinking: /root/ros2_ws/install/mg400_msgs/include/mg400_msgs/mg400_msgs/srv/move_jog.hpp
[32.124s] -- Symlinking: /root/ros2_ws/install/mg400_msgs/include/mg400_msgs/mg400_msgs/srv/pay_load.hpp
[32.132s] -- Symlinking: /root/ros2_ws/install/mg400_msgs/include/mg400_msgs/mg400_msgs/srv/positive_solution.hpp
[32.140s] -- Symlinking: /root/ros2_ws/install/mg400_msgs/include/mg400_msgs/mg400_msgs/srv/reset_robot.hpp
[32.147s] -- Symlinking: /root/ros2_ws/install/mg400_msgs/include/mg400_msgs/mg400_msgs/srv/robot_mode.hpp
[32.154s] -- Symlinking: /root/ros2_ws/install/mg400_msgs/include/mg400_msgs/mg400_msgs/srv/set_collision_level.hpp
[32.161s] -- Symlinking: /root/ros2_ws/install/mg400_msgs/include/mg400_msgs/mg400_msgs/srv/speed_factor.hpp
[32.168s] -- Symlinking: /root/ros2_ws/install/mg400_msgs/include/mg400_msgs/mg400_msgs/srv/speed_j.hpp
[32.175s] -- Symlinking: /root/ros2_ws/install/mg400_msgs/include/mg400_msgs/mg400_msgs/srv/speed_l.hpp
[32.182s] -- Symlinking: /root/ros2_ws/install/mg400_msgs/include/mg400_msgs/mg400_msgs/srv/tool.hpp
[32.190s] -- Symlinking: /root/ros2_ws/install/mg400_msgs/include/mg400_msgs/mg400_msgs/srv/tool_di.hpp
[32.196s] -- Symlinking: /root/ros2_ws/install/mg400_msgs/include/mg400_msgs/mg400_msgs/srv/tool_do_execute.hpp
[32.205s] -- Symlinking: /root/ros2_ws/install/mg400_msgs/include/mg400_msgs/mg400_msgs/srv/user.hpp
[32.215s] -- Symlinking: /root/ros2_ws/install/mg400_msgs/include/mg400_msgs/mg400_msgs/action/detail/command_queue__rosidl_typesupport_fastrtps_cpp.hpp
[32.222s] -- Symlinking: /root/ros2_ws/install/mg400_msgs/include/mg400_msgs/mg400_msgs/action/detail/joint_mov_j__rosidl_typesupport_fastrtps_cpp.hpp
[32.230s] -- Symlinking: /root/ros2_ws/install/mg400_msgs/include/mg400_msgs/mg400_msgs/action/detail/mov_j__rosidl_typesupport_fastrtps_cpp.hpp
[32.238s] -- Symlinking: /root/ros2_ws/install/mg400_msgs/include/mg400_msgs/mg400_msgs/action/detail/mov_jio__rosidl_typesupport_fastrtps_cpp.hpp
[32.245s] -- Symlinking: /root/ros2_ws/install/mg400_msgs/include/mg400_msgs/mg400_msgs/action/detail/mov_l__rosidl_typesupport_fastrtps_cpp.hpp
[32.252s] -- Symlinking: /root/ros2_ws/install/mg400_msgs/include/mg400_msgs/mg400_msgs/action/detail/mov_lio__rosidl_typesupport_fastrtps_cpp.hpp
[32.258s] -- Symlinking: /root/ros2_ws/install/mg400_msgs/include/mg400_msgs/mg400_msgs/msg/detail/arch__rosidl_typesupport_fastrtps_cpp.hpp
[32.266s] -- Symlinking: /root/ros2_ws/install/mg400_msgs/include/mg400_msgs/mg400_msgs/msg/detail/collision_level__rosidl_typesupport_fastrtps_cpp.hpp
[32.274s] -- Symlinking: /root/ros2_ws/install/mg400_msgs/include/mg400_msgs/mg400_msgs/msg/detail/command__rosidl_typesupport_fastrtps_cpp.hpp
[32.281s] -- Symlinking: /root/ros2_ws/install/mg400_msgs/include/mg400_msgs/mg400_msgs/msg/detail/di_index__rosidl_typesupport_fastrtps_cpp.hpp
[32.288s] -- Symlinking: /root/ros2_ws/install/mg400_msgs/include/mg400_msgs/mg400_msgs/msg/detail/distance_mode__rosidl_typesupport_fastrtps_cpp.hpp
[32.295s] -- Symlinking: /root/ros2_ws/install/mg400_msgs/include/mg400_msgs/mg400_msgs/msg/detail/do_index__rosidl_typesupport_fastrtps_cpp.hpp
[32.303s] -- Symlinking: /root/ros2_ws/install/mg400_msgs/include/mg400_msgs/mg400_msgs/msg/detail/do_status__rosidl_typesupport_fastrtps_cpp.hpp
[32.312s] -- Symlinking: /root/ros2_ws/install/mg400_msgs/include/mg400_msgs/mg400_msgs/msg/detail/error_id__rosidl_typesupport_fastrtps_cpp.hpp
[32.320s] -- Symlinking: /root/ros2_ws/install/mg400_msgs/include/mg400_msgs/mg400_msgs/msg/detail/id_array__rosidl_typesupport_fastrtps_cpp.hpp
[32.327s] -- Symlinking: /root/ros2_ws/install/mg400_msgs/include/mg400_msgs/mg400_msgs/msg/detail/joint_mov_j__rosidl_typesupport_fastrtps_cpp.hpp
[32.335s] -- Symlinking: /root/ros2_ws/install/mg400_msgs/include/mg400_msgs/mg400_msgs/msg/detail/mov_j__rosidl_typesupport_fastrtps_cpp.hpp
[32.343s] -- Symlinking: /root/ros2_ws/install/mg400_msgs/include/mg400_msgs/mg400_msgs/msg/detail/mov_jio__rosidl_typesupport_fastrtps_cpp.hpp
[32.349s] -- Symlinking: /root/ros2_ws/install/mg400_msgs/include/mg400_msgs/mg400_msgs/msg/detail/mov_l__rosidl_typesupport_fastrtps_cpp.hpp
[32.357s] -- Symlinking: /root/ros2_ws/install/mg400_msgs/include/mg400_msgs/mg400_msgs/msg/detail/mov_lio__rosidl_typesupport_fastrtps_cpp.hpp
[32.364s] -- Symlinking: /root/ros2_ws/install/mg400_msgs/include/mg400_msgs/mg400_msgs/msg/detail/move_jog__rosidl_typesupport_fastrtps_cpp.hpp
[32.371s] -- Symlinking: /root/ros2_ws/install/mg400_msgs/include/mg400_msgs/mg400_msgs/msg/detail/robot_mode__rosidl_typesupport_fastrtps_cpp.hpp
[32.379s] -- Symlinking: /root/ros2_ws/install/mg400_msgs/include/mg400_msgs/mg400_msgs/msg/detail/tool__rosidl_typesupport_fastrtps_cpp.hpp
[32.385s] -- Symlinking: /root/ros2_ws/install/mg400_msgs/include/mg400_msgs/mg400_msgs/msg/detail/tool_di_index__rosidl_typesupport_fastrtps_cpp.hpp
[32.394s] -- Symlinking: /root/ros2_ws/install/mg400_msgs/include/mg400_msgs/mg400_msgs/msg/detail/tool_do_index__rosidl_typesupport_fastrtps_cpp.hpp
[32.401s] -- Symlinking: /root/ros2_ws/install/mg400_msgs/include/mg400_msgs/mg400_msgs/msg/detail/user__rosidl_typesupport_fastrtps_cpp.hpp
[32.408s] -- Symlinking: /root/ros2_ws/install/mg400_msgs/include/mg400_msgs/mg400_msgs/msg/rosidl_typesupport_fastrtps_cpp__visibility_control.h
[32.417s] -- Symlinking: /root/ros2_ws/install/mg400_msgs/include/mg400_msgs/mg400_msgs/srv/detail/acc_j__rosidl_typesupport_fastrtps_cpp.hpp
[32.424s] -- Symlinking: /root/ros2_ws/install/mg400_msgs/include/mg400_msgs/mg400_msgs/srv/detail/acc_l__rosidl_typesupport_fastrtps_cpp.hpp
[32.431s] -- Symlinking: /root/ros2_ws/install/mg400_msgs/include/mg400_msgs/mg400_msgs/srv/detail/arch__rosidl_typesupport_fastrtps_cpp.hpp
[32.439s] -- Symlinking: /root/ros2_ws/install/mg400_msgs/include/mg400_msgs/mg400_msgs/srv/detail/clear_error__rosidl_typesupport_fastrtps_cpp.hpp
[32.445s] -- Symlinking: /root/ros2_ws/install/mg400_msgs/include/mg400_msgs/mg400_msgs/srv/detail/cp__rosidl_typesupport_fastrtps_cpp.hpp
[32.452s] -- Symlinking: /root/ros2_ws/install/mg400_msgs/include/mg400_msgs/mg400_msgs/srv/detail/di__rosidl_typesupport_fastrtps_cpp.hpp
[32.459s] -- Symlinking: /root/ros2_ws/install/mg400_msgs/include/mg400_msgs/mg400_msgs/srv/detail/disable_robot__rosidl_typesupport_fastrtps_cpp.hpp
[32.466s] -- Symlinking: /root/ros2_ws/install/mg400_msgs/include/mg400_msgs/mg400_msgs/srv/detail/do__rosidl_typesupport_fastrtps_cpp.hpp
[32.475s] -- Symlinking: /root/ros2_ws/install/mg400_msgs/include/mg400_msgs/mg400_msgs/srv/detail/emergency_stop__rosidl_typesupport_fastrtps_cpp.hpp
[32.483s] -- Symlinking: /root/ros2_ws/install/mg400_msgs/include/mg400_msgs/mg400_msgs/srv/detail/enable_robot__rosidl_typesupport_fastrtps_cpp.hpp
[32.490s] -- Symlinking: /root/ros2_ws/install/mg400_msgs/include/mg400_msgs/mg400_msgs/srv/detail/get_angle__rosidl_typesupport_fastrtps_cpp.hpp
[32.497s] -- Symlinking: /root/ros2_ws/install/mg400_msgs/include/mg400_msgs/mg400_msgs/srv/detail/get_error_id__rosidl_typesupport_fastrtps_cpp.hpp
[32.505s] -- Symlinking: /root/ros2_ws/install/mg400_msgs/include/mg400_msgs/mg400_msgs/srv/detail/get_pose__rosidl_typesupport_fastrtps_cpp.hpp
[32.512s] -- Symlinking: /root/ros2_ws/install/mg400_msgs/include/mg400_msgs/mg400_msgs/srv/detail/inverse_solution__rosidl_typesupport_fastrtps_cpp.hpp
[32.520s] -- Symlinking: /root/ros2_ws/install/mg400_msgs/include/mg400_msgs/mg400_msgs/srv/detail/joint_mov_j__rosidl_typesupport_fastrtps_cpp.hpp
[32.527s] -- Symlinking: /root/ros2_ws/install/mg400_msgs/include/mg400_msgs/mg400_msgs/srv/detail/move_jog__rosidl_typesupport_fastrtps_cpp.hpp
[32.534s] -- Symlinking: /root/ros2_ws/install/mg400_msgs/include/mg400_msgs/mg400_msgs/srv/detail/pay_load__rosidl_typesupport_fastrtps_cpp.hpp
[32.540s] -- Symlinking: /root/ros2_ws/install/mg400_msgs/include/mg400_msgs/mg400_msgs/srv/detail/positive_solution__rosidl_typesupport_fastrtps_cpp.hpp
[32.547s] -- Symlinking: /root/ros2_ws/install/mg400_msgs/include/mg400_msgs/mg400_msgs/srv/detail/reset_robot__rosidl_typesupport_fastrtps_cpp.hpp
[32.555s] -- Symlinking: /root/ros2_ws/install/mg400_msgs/include/mg400_msgs/mg400_msgs/srv/detail/robot_mode__rosidl_typesupport_fastrtps_cpp.hpp
[32.561s] -- Symlinking: /root/ros2_ws/install/mg400_msgs/include/mg400_msgs/mg400_msgs/srv/detail/set_collision_level__rosidl_typesupport_fastrtps_cpp.hpp
[32.570s] -- Symlinking: /root/ros2_ws/install/mg400_msgs/include/mg400_msgs/mg400_msgs/srv/detail/speed_factor__rosidl_typesupport_fastrtps_cpp.hpp
[32.576s] -- Symlinking: /root/ros2_ws/install/mg400_msgs/include/mg400_msgs/mg400_msgs/srv/detail/speed_j__rosidl_typesupport_fastrtps_cpp.hpp
[32.583s] -- Symlinking: /root/ros2_ws/install/mg400_msgs/include/mg400_msgs/mg400_msgs/srv/detail/speed_l__rosidl_typesupport_fastrtps_cpp.hpp
[32.591s] -- Symlinking: /root/ros2_ws/install/mg400_msgs/include/mg400_msgs/mg400_msgs/srv/detail/tool__rosidl_typesupport_fastrtps_cpp.hpp
[32.597s] -- Symlinking: /root/ros2_ws/install/mg400_msgs/include/mg400_msgs/mg400_msgs/srv/detail/tool_di__rosidl_typesupport_fastrtps_cpp.hpp
[32.605s] -- Symlinking: /root/ros2_ws/install/mg400_msgs/include/mg400_msgs/mg400_msgs/srv/detail/tool_do_execute__rosidl_typesupport_fastrtps_cpp.hpp
[32.612s] -- Symlinking: /root/ros2_ws/install/mg400_msgs/include/mg400_msgs/mg400_msgs/srv/detail/user__rosidl_typesupport_fastrtps_cpp.hpp
[32.621s] -- Symlinking: /root/ros2_ws/install/mg400_msgs/include/mg400_msgs/mg400_msgs/action/detail/command_queue__rosidl_typesupport_introspection_c.h
[32.628s] -- Symlinking: /root/ros2_ws/install/mg400_msgs/include/mg400_msgs/mg400_msgs/action/detail/joint_mov_j__rosidl_typesupport_introspection_c.h
[32.636s] -- Symlinking: /root/ros2_ws/install/mg400_msgs/include/mg400_msgs/mg400_msgs/action/detail/mov_j__rosidl_typesupport_introspection_c.h
[32.644s] -- Symlinking: /root/ros2_ws/install/mg400_msgs/include/mg400_msgs/mg400_msgs/action/detail/mov_jio__rosidl_typesupport_introspection_c.h
[32.651s] -- Symlinking: /root/ros2_ws/install/mg400_msgs/include/mg400_msgs/mg400_msgs/action/detail/mov_l__rosidl_typesupport_introspection_c.h
[32.658s] -- Symlinking: /root/ros2_ws/install/mg400_msgs/include/mg400_msgs/mg400_msgs/action/detail/mov_lio__rosidl_typesupport_introspection_c.h
[32.665s] -- Symlinking: /root/ros2_ws/install/mg400_msgs/include/mg400_msgs/mg400_msgs/msg/detail/arch__rosidl_typesupport_introspection_c.h
[32.673s] -- Symlinking: /root/ros2_ws/install/mg400_msgs/include/mg400_msgs/mg400_msgs/msg/detail/collision_level__rosidl_typesupport_introspection_c.h
[32.681s] -- Symlinking: /root/ros2_ws/install/mg400_msgs/include/mg400_msgs/mg400_msgs/msg/detail/command__rosidl_typesupport_introspection_c.h
[32.688s] -- Symlinking: /root/ros2_ws/install/mg400_msgs/include/mg400_msgs/mg400_msgs/msg/detail/di_index__rosidl_typesupport_introspection_c.h
[32.696s] -- Symlinking: /root/ros2_ws/install/mg400_msgs/include/mg400_msgs/mg400_msgs/msg/detail/distance_mode__rosidl_typesupport_introspection_c.h
[32.703s] -- Symlinking: /root/ros2_ws/install/mg400_msgs/include/mg400_msgs/mg400_msgs/msg/detail/do_index__rosidl_typesupport_introspection_c.h
[32.711s] -- Symlinking: /root/ros2_ws/install/mg400_msgs/include/mg400_msgs/mg400_msgs/msg/detail/do_status__rosidl_typesupport_introspection_c.h
[32.718s] -- Symlinking: /root/ros2_ws/install/mg400_msgs/include/mg400_msgs/mg400_msgs/msg/detail/error_id__rosidl_typesupport_introspection_c.h
[32.726s] -- Symlinking: /root/ros2_ws/install/mg400_msgs/include/mg400_msgs/mg400_msgs/msg/detail/id_array__rosidl_typesupport_introspection_c.h
[32.734s] -- Symlinking: /root/ros2_ws/install/mg400_msgs/include/mg400_msgs/mg400_msgs/msg/detail/joint_mov_j__rosidl_typesupport_introspection_c.h
[32.741s] -- Symlinking: /root/ros2_ws/install/mg400_msgs/include/mg400_msgs/mg400_msgs/msg/detail/mov_j__rosidl_typesupport_introspection_c.h
[32.749s] -- Symlinking: /root/ros2_ws/install/mg400_msgs/include/mg400_msgs/mg400_msgs/msg/detail/mov_jio__rosidl_typesupport_introspection_c.h
[32.755s] -- Symlinking: /root/ros2_ws/install/mg400_msgs/include/mg400_msgs/mg400_msgs/msg/detail/mov_l__rosidl_typesupport_introspection_c.h
[32.762s] -- Symlinking: /root/ros2_ws/install/mg400_msgs/include/mg400_msgs/mg400_msgs/msg/detail/mov_lio__rosidl_typesupport_introspection_c.h
[32.770s] -- Symlinking: /root/ros2_ws/install/mg400_msgs/include/mg400_msgs/mg400_msgs/msg/detail/move_jog__rosidl_typesupport_introspection_c.h
[32.778s] -- Symlinking: /root/ros2_ws/install/mg400_msgs/include/mg400_msgs/mg400_msgs/msg/detail/robot_mode__rosidl_typesupport_introspection_c.h
[32.785s] -- Symlinking: /root/ros2_ws/install/mg400_msgs/include/mg400_msgs/mg400_msgs/msg/detail/tool__rosidl_typesupport_introspection_c.h
[32.793s] -- Symlinking: /root/ros2_ws/install/mg400_msgs/include/mg400_msgs/mg400_msgs/msg/detail/tool_di_index__rosidl_typesupport_introspection_c.h
[32.800s] -- Symlinking: /root/ros2_ws/install/mg400_msgs/include/mg400_msgs/mg400_msgs/msg/detail/tool_do_index__rosidl_typesupport_introspection_c.h
[32.808s] -- Symlinking: /root/ros2_ws/install/mg400_msgs/include/mg400_msgs/mg400_msgs/msg/detail/user__rosidl_typesupport_introspection_c.h
[32.816s] -- Symlinking: /root/ros2_ws/install/mg400_msgs/include/mg400_msgs/mg400_msgs/msg/rosidl_typesupport_introspection_c__visibility_control.h
[32.823s] -- Symlinking: /root/ros2_ws/install/mg400_msgs/include/mg400_msgs/mg400_msgs/srv/detail/acc_j__rosidl_typesupport_introspection_c.h
[32.829s] -- Symlinking: /root/ros2_ws/install/mg400_msgs/include/mg400_msgs/mg400_msgs/srv/detail/acc_l__rosidl_typesupport_introspection_c.h
[32.835s] -- Symlinking: /root/ros2_ws/install/mg400_msgs/include/mg400_msgs/mg400_msgs/srv/detail/arch__rosidl_typesupport_introspection_c.h
[32.842s] -- Symlinking: /root/ros2_ws/install/mg400_msgs/include/mg400_msgs/mg400_msgs/srv/detail/clear_error__rosidl_typesupport_introspection_c.h
[32.850s] -- Symlinking: /root/ros2_ws/install/mg400_msgs/include/mg400_msgs/mg400_msgs/srv/detail/cp__rosidl_typesupport_introspection_c.h
[32.857s] -- Symlinking: /root/ros2_ws/install/mg400_msgs/include/mg400_msgs/mg400_msgs/srv/detail/di__rosidl_typesupport_introspection_c.h
[32.864s] -- Symlinking: /root/ros2_ws/install/mg400_msgs/include/mg400_msgs/mg400_msgs/srv/detail/disable_robot__rosidl_typesupport_introspection_c.h
[32.872s] -- Symlinking: /root/ros2_ws/install/mg400_msgs/include/mg400_msgs/mg400_msgs/srv/detail/do__rosidl_typesupport_introspection_c.h
[32.879s] -- Symlinking: /root/ros2_ws/install/mg400_msgs/include/mg400_msgs/mg400_msgs/srv/detail/emergency_stop__rosidl_typesupport_introspection_c.h
[32.887s] -- Symlinking: /root/ros2_ws/install/mg400_msgs/include/mg400_msgs/mg400_msgs/srv/detail/enable_robot__rosidl_typesupport_introspection_c.h
[32.895s] -- Symlinking: /root/ros2_ws/install/mg400_msgs/include/mg400_msgs/mg400_msgs/srv/detail/get_angle__rosidl_typesupport_introspection_c.h
[32.905s] -- Symlinking: /root/ros2_ws/install/mg400_msgs/include/mg400_msgs/mg400_msgs/srv/detail/get_error_id__rosidl_typesupport_introspection_c.h
[32.913s] -- Symlinking: /root/ros2_ws/install/mg400_msgs/include/mg400_msgs/mg400_msgs/srv/detail/get_pose__rosidl_typesupport_introspection_c.h
[32.921s] -- Symlinking: /root/ros2_ws/install/mg400_msgs/include/mg400_msgs/mg400_msgs/srv/detail/inverse_solution__rosidl_typesupport_introspection_c.h
[32.928s] -- Symlinking: /root/ros2_ws/install/mg400_msgs/include/mg400_msgs/mg400_msgs/srv/detail/joint_mov_j__rosidl_typesupport_introspection_c.h
[32.936s] -- Symlinking: /root/ros2_ws/install/mg400_msgs/include/mg400_msgs/mg400_msgs/srv/detail/move_jog__rosidl_typesupport_introspection_c.h
[32.943s] -- Symlinking: /root/ros2_ws/install/mg400_msgs/include/mg400_msgs/mg400_msgs/srv/detail/pay_load__rosidl_typesupport_introspection_c.h
[32.951s] -- Symlinking: /root/ros2_ws/install/mg400_msgs/include/mg400_msgs/mg400_msgs/srv/detail/positive_solution__rosidl_typesupport_introspection_c.h
[32.958s] -- Symlinking: /root/ros2_ws/install/mg400_msgs/include/mg400_msgs/mg400_msgs/srv/detail/reset_robot__rosidl_typesupport_introspection_c.h
[32.965s] -- Symlinking: /root/ros2_ws/install/mg400_msgs/include/mg400_msgs/mg400_msgs/srv/detail/robot_mode__rosidl_typesupport_introspection_c.h
[32.973s] -- Symlinking: /root/ros2_ws/install/mg400_msgs/include/mg400_msgs/mg400_msgs/srv/detail/set_collision_level__rosidl_typesupport_introspection_c.h
[32.980s] -- Symlinking: /root/ros2_ws/install/mg400_msgs/include/mg400_msgs/mg400_msgs/srv/detail/speed_factor__rosidl_typesupport_introspection_c.h
[32.988s] -- Symlinking: /root/ros2_ws/install/mg400_msgs/include/mg400_msgs/mg400_msgs/srv/detail/speed_j__rosidl_typesupport_introspection_c.h
[32.995s] -- Symlinking: /root/ros2_ws/install/mg400_msgs/include/mg400_msgs/mg400_msgs/srv/detail/speed_l__rosidl_typesupport_introspection_c.h
[33.003s] -- Symlinking: /root/ros2_ws/install/mg400_msgs/include/mg400_msgs/mg400_msgs/srv/detail/tool__rosidl_typesupport_introspection_c.h
[33.011s] -- Symlinking: /root/ros2_ws/install/mg400_msgs/include/mg400_msgs/mg400_msgs/srv/detail/tool_di__rosidl_typesupport_introspection_c.h
[33.019s] -- Symlinking: /root/ros2_ws/install/mg400_msgs/include/mg400_msgs/mg400_msgs/srv/detail/tool_do_execute__rosidl_typesupport_introspection_c.h
[33.026s] -- Symlinking: /root/ros2_ws/install/mg400_msgs/include/mg400_msgs/mg400_msgs/srv/detail/user__rosidl_typesupport_introspection_c.h
[33.035s] -- Symlinking: /root/ros2_ws/install/mg400_msgs/include/mg400_msgs/mg400_msgs/action/detail/command_queue__rosidl_typesupport_introspection_cpp.hpp
[33.042s] -- Symlinking: /root/ros2_ws/install/mg400_msgs/include/mg400_msgs/mg400_msgs/action/detail/joint_mov_j__rosidl_typesupport_introspection_cpp.hpp
[33.049s] -- Symlinking: /root/ros2_ws/install/mg400_msgs/include/mg400_msgs/mg400_msgs/action/detail/mov_j__rosidl_typesupport_introspection_cpp.hpp
[33.056s] -- Symlinking: /root/ros2_ws/install/mg400_msgs/include/mg400_msgs/mg400_msgs/action/detail/mov_jio__rosidl_typesupport_introspection_cpp.hpp
[33.064s] -- Symlinking: /root/ros2_ws/install/mg400_msgs/include/mg400_msgs/mg400_msgs/action/detail/mov_l__rosidl_typesupport_introspection_cpp.hpp
[33.071s] -- Symlinking: /root/ros2_ws/install/mg400_msgs/include/mg400_msgs/mg400_msgs/action/detail/mov_lio__rosidl_typesupport_introspection_cpp.hpp
[33.079s] -- Symlinking: /root/ros2_ws/install/mg400_msgs/include/mg400_msgs/mg400_msgs/msg/detail/arch__rosidl_typesupport_introspection_cpp.hpp
[33.088s] -- Symlinking: /root/ros2_ws/install/mg400_msgs/include/mg400_msgs/mg400_msgs/msg/detail/collision_level__rosidl_typesupport_introspection_cpp.hpp
[33.096s] -- Symlinking: /root/ros2_ws/install/mg400_msgs/include/mg400_msgs/mg400_msgs/msg/detail/command__rosidl_typesupport_introspection_cpp.hpp
[33.104s] -- Symlinking: /root/ros2_ws/install/mg400_msgs/include/mg400_msgs/mg400_msgs/msg/detail/di_index__rosidl_typesupport_introspection_cpp.hpp
[33.113s] -- Symlinking: /root/ros2_ws/install/mg400_msgs/include/mg400_msgs/mg400_msgs/msg/detail/distance_mode__rosidl_typesupport_introspection_cpp.hpp
[33.122s] -- Symlinking: /root/ros2_ws/install/mg400_msgs/include/mg400_msgs/mg400_msgs/msg/detail/do_index__rosidl_typesupport_introspection_cpp.hpp
[33.130s] -- Symlinking: /root/ros2_ws/install/mg400_msgs/include/mg400_msgs/mg400_msgs/msg/detail/do_status__rosidl_typesupport_introspection_cpp.hpp
[33.139s] -- Symlinking: /root/ros2_ws/install/mg400_msgs/include/mg400_msgs/mg400_msgs/msg/detail/error_id__rosidl_typesupport_introspection_cpp.hpp
[33.146s] -- Symlinking: /root/ros2_ws/install/mg400_msgs/include/mg400_msgs/mg400_msgs/msg/detail/id_array__rosidl_typesupport_introspection_cpp.hpp
[33.154s] -- Symlinking: /root/ros2_ws/install/mg400_msgs/include/mg400_msgs/mg400_msgs/msg/detail/joint_mov_j__rosidl_typesupport_introspection_cpp.hpp
[33.161s] -- Symlinking: /root/ros2_ws/install/mg400_msgs/include/mg400_msgs/mg400_msgs/msg/detail/mov_j__rosidl_typesupport_introspection_cpp.hpp
[33.169s] -- Symlinking: /root/ros2_ws/install/mg400_msgs/include/mg400_msgs/mg400_msgs/msg/detail/mov_jio__rosidl_typesupport_introspection_cpp.hpp
[33.177s] -- Symlinking: /root/ros2_ws/install/mg400_msgs/include/mg400_msgs/mg400_msgs/msg/detail/mov_l__rosidl_typesupport_introspection_cpp.hpp
[33.186s] -- Symlinking: /root/ros2_ws/install/mg400_msgs/include/mg400_msgs/mg400_msgs/msg/detail/mov_lio__rosidl_typesupport_introspection_cpp.hpp
[33.193s] -- Symlinking: /root/ros2_ws/install/mg400_msgs/include/mg400_msgs/mg400_msgs/msg/detail/move_jog__rosidl_typesupport_introspection_cpp.hpp
[33.200s] -- Symlinking: /root/ros2_ws/install/mg400_msgs/include/mg400_msgs/mg400_msgs/msg/detail/robot_mode__rosidl_typesupport_introspection_cpp.hpp
[33.209s] -- Symlinking: /root/ros2_ws/install/mg400_msgs/include/mg400_msgs/mg400_msgs/msg/detail/tool__rosidl_typesupport_introspection_cpp.hpp
[33.217s] -- Symlinking: /root/ros2_ws/install/mg400_msgs/include/mg400_msgs/mg400_msgs/msg/detail/tool_di_index__rosidl_typesupport_introspection_cpp.hpp
[33.225s] -- Symlinking: /root/ros2_ws/install/mg400_msgs/include/mg400_msgs/mg400_msgs/msg/detail/tool_do_index__rosidl_typesupport_introspection_cpp.hpp
[33.233s] -- Symlinking: /root/ros2_ws/install/mg400_msgs/include/mg400_msgs/mg400_msgs/msg/detail/user__rosidl_typesupport_introspection_cpp.hpp
[33.241s] -- Symlinking: /root/ros2_ws/install/mg400_msgs/include/mg400_msgs/mg400_msgs/srv/detail/acc_j__rosidl_typesupport_introspection_cpp.hpp
[33.249s] -- Symlinking: /root/ros2_ws/install/mg400_msgs/include/mg400_msgs/mg400_msgs/srv/detail/acc_l__rosidl_typesupport_introspection_cpp.hpp
[33.258s] -- Symlinking: /root/ros2_ws/install/mg400_msgs/include/mg400_msgs/mg400_msgs/srv/detail/arch__rosidl_typesupport_introspection_cpp.hpp
[33.265s] -- Symlinking: /root/ros2_ws/install/mg400_msgs/include/mg400_msgs/mg400_msgs/srv/detail/clear_error__rosidl_typesupport_introspection_cpp.hpp
[33.274s] -- Symlinking: /root/ros2_ws/install/mg400_msgs/include/mg400_msgs/mg400_msgs/srv/detail/cp__rosidl_typesupport_introspection_cpp.hpp
[33.282s] -- Symlinking: /root/ros2_ws/install/mg400_msgs/include/mg400_msgs/mg400_msgs/srv/detail/di__rosidl_typesupport_introspection_cpp.hpp
[33.289s] -- Symlinking: /root/ros2_ws/install/mg400_msgs/include/mg400_msgs/mg400_msgs/srv/detail/disable_robot__rosidl_typesupport_introspection_cpp.hpp
[33.296s] -- Symlinking: /root/ros2_ws/install/mg400_msgs/include/mg400_msgs/mg400_msgs/srv/detail/do__rosidl_typesupport_introspection_cpp.hpp
[33.304s] -- Symlinking: /root/ros2_ws/install/mg400_msgs/include/mg400_msgs/mg400_msgs/srv/detail/emergency_stop__rosidl_typesupport_introspection_cpp.hpp
[33.311s] -- Symlinking: /root/ros2_ws/install/mg400_msgs/include/mg400_msgs/mg400_msgs/srv/detail/enable_robot__rosidl_typesupport_introspection_cpp.hpp
[33.318s] -- Symlinking: /root/ros2_ws/install/mg400_msgs/include/mg400_msgs/mg400_msgs/srv/detail/get_angle__rosidl_typesupport_introspection_cpp.hpp
[33.326s] -- Symlinking: /root/ros2_ws/install/mg400_msgs/include/mg400_msgs/mg400_msgs/srv/detail/get_error_id__rosidl_typesupport_introspection_cpp.hpp
[33.333s] -- Symlinking: /root/ros2_ws/install/mg400_msgs/include/mg400_msgs/mg400_msgs/srv/detail/get_pose__rosidl_typesupport_introspection_cpp.hpp
[33.342s] -- Symlinking: /root/ros2_ws/install/mg400_msgs/include/mg400_msgs/mg400_msgs/srv/detail/inverse_solution__rosidl_typesupport_introspection_cpp.hpp
[33.349s] -- Symlinking: /root/ros2_ws/install/mg400_msgs/include/mg400_msgs/mg400_msgs/srv/detail/joint_mov_j__rosidl_typesupport_introspection_cpp.hpp
[33.356s] -- Symlinking: /root/ros2_ws/install/mg400_msgs/include/mg400_msgs/mg400_msgs/srv/detail/move_jog__rosidl_typesupport_introspection_cpp.hpp
[33.363s] -- Symlinking: /root/ros2_ws/install/mg400_msgs/include/mg400_msgs/mg400_msgs/srv/detail/pay_load__rosidl_typesupport_introspection_cpp.hpp
[33.371s] -- Symlinking: /root/ros2_ws/install/mg400_msgs/include/mg400_msgs/mg400_msgs/srv/detail/positive_solution__rosidl_typesupport_introspection_cpp.hpp
[33.377s] -- Symlinking: /root/ros2_ws/install/mg400_msgs/include/mg400_msgs/mg400_msgs/srv/detail/reset_robot__rosidl_typesupport_introspection_cpp.hpp
[33.387s] -- Symlinking: /root/ros2_ws/install/mg400_msgs/include/mg400_msgs/mg400_msgs/srv/detail/robot_mode__rosidl_typesupport_introspection_cpp.hpp
[33.393s] -- Symlinking: /root/ros2_ws/install/mg400_msgs/include/mg400_msgs/mg400_msgs/srv/detail/set_collision_level__rosidl_typesupport_introspection_cpp.hpp
[33.400s] -- Symlinking: /root/ros2_ws/install/mg400_msgs/include/mg400_msgs/mg400_msgs/srv/detail/speed_factor__rosidl_typesupport_introspection_cpp.hpp
[33.407s] -- Symlinking: /root/ros2_ws/install/mg400_msgs/include/mg400_msgs/mg400_msgs/srv/detail/speed_j__rosidl_typesupport_introspection_cpp.hpp
[33.414s] -- Symlinking: /root/ros2_ws/install/mg400_msgs/include/mg400_msgs/mg400_msgs/srv/detail/speed_l__rosidl_typesupport_introspection_cpp.hpp
[33.421s] -- Symlinking: /root/ros2_ws/install/mg400_msgs/include/mg400_msgs/mg400_msgs/srv/detail/tool__rosidl_typesupport_introspection_cpp.hpp
[33.427s] -- Symlinking: /root/ros2_ws/install/mg400_msgs/include/mg400_msgs/mg400_msgs/srv/detail/tool_di__rosidl_typesupport_introspection_cpp.hpp
[33.434s] -- Symlinking: /root/ros2_ws/install/mg400_msgs/include/mg400_msgs/mg400_msgs/srv/detail/tool_do_execute__rosidl_typesupport_introspection_cpp.hpp
[33.440s] -- Symlinking: /root/ros2_ws/install/mg400_msgs/include/mg400_msgs/mg400_msgs/srv/detail/user__rosidl_typesupport_introspection_cpp.hpp
[33.448s] -- Symlinking: /root/ros2_ws/install/mg400_msgs/share/mg400_msgs/environment/pythonpath.sh
[33.455s] -- Symlinking: /root/ros2_ws/install/mg400_msgs/share/mg400_msgs/environment/pythonpath.dsv
[33.462s] -- Symlinking: /root/ros2_ws/install/mg400_msgs/local/lib/python3.10/dist-packages/mg400_msgs-1.7.0-py3.10.egg-info/PKG-INFO
[33.469s] -- Symlinking: /root/ros2_ws/install/mg400_msgs/local/lib/python3.10/dist-packages/mg400_msgs-1.7.0-py3.10.egg-info/SOURCES.txt
[33.477s] -- Symlinking: /root/ros2_ws/install/mg400_msgs/local/lib/python3.10/dist-packages/mg400_msgs-1.7.0-py3.10.egg-info/dependency_links.txt
[33.485s] -- Symlinking: /root/ros2_ws/install/mg400_msgs/local/lib/python3.10/dist-packages/mg400_msgs-1.7.0-py3.10.egg-info/top_level.txt
[33.496s] -- Symlinking: /root/ros2_ws/install/mg400_msgs/local/lib/python3.10/dist-packages/mg400_msgs/__init__.py
[33.505s] -- Symlinking: /root/ros2_ws/install/mg400_msgs/local/lib/python3.10/dist-packages/mg400_msgs/_mg400_msgs_s.ep.rosidl_typesupport_c.c
[33.513s] -- Symlinking: /root/ros2_ws/install/mg400_msgs/local/lib/python3.10/dist-packages/mg400_msgs/_mg400_msgs_s.ep.rosidl_typesupport_fastrtps_c.c
[33.522s] -- Symlinking: /root/ros2_ws/install/mg400_msgs/local/lib/python3.10/dist-packages/mg400_msgs/_mg400_msgs_s.ep.rosidl_typesupport_introspection_c.c
[33.530s] -- Symlinking: /root/ros2_ws/install/mg400_msgs/local/lib/python3.10/dist-packages/mg400_msgs/action/__init__.py
[33.538s] -- Symlinking: /root/ros2_ws/install/mg400_msgs/local/lib/python3.10/dist-packages/mg400_msgs/action/_command_queue.py
[33.547s] -- Symlinking: /root/ros2_ws/install/mg400_msgs/local/lib/python3.10/dist-packages/mg400_msgs/action/_command_queue_s.c
[33.555s] -- Symlinking: /root/ros2_ws/install/mg400_msgs/local/lib/python3.10/dist-packages/mg400_msgs/action/_joint_mov_j.py
[33.563s] -- Symlinking: /root/ros2_ws/install/mg400_msgs/local/lib/python3.10/dist-packages/mg400_msgs/action/_joint_mov_j_s.c
[33.571s] -- Symlinking: /root/ros2_ws/install/mg400_msgs/local/lib/python3.10/dist-packages/mg400_msgs/action/_mov_j.py
[33.578s] -- Symlinking: /root/ros2_ws/install/mg400_msgs/local/lib/python3.10/dist-packages/mg400_msgs/action/_mov_j_s.c
[33.586s] -- Symlinking: /root/ros2_ws/install/mg400_msgs/local/lib/python3.10/dist-packages/mg400_msgs/action/_mov_jio.py
[33.594s] -- Symlinking: /root/ros2_ws/install/mg400_msgs/local/lib/python3.10/dist-packages/mg400_msgs/action/_mov_jio_s.c
[33.602s] -- Symlinking: /root/ros2_ws/install/mg400_msgs/local/lib/python3.10/dist-packages/mg400_msgs/action/_mov_l.py
[33.612s] -- Symlinking: /root/ros2_ws/install/mg400_msgs/local/lib/python3.10/dist-packages/mg400_msgs/action/_mov_l_s.c
[33.620s] -- Symlinking: /root/ros2_ws/install/mg400_msgs/local/lib/python3.10/dist-packages/mg400_msgs/action/_mov_lio.py
[33.629s] -- Symlinking: /root/ros2_ws/install/mg400_msgs/local/lib/python3.10/dist-packages/mg400_msgs/action/_mov_lio_s.c
[33.638s] -- Symlinking: /root/ros2_ws/install/mg400_msgs/local/lib/python3.10/dist-packages/mg400_msgs/libmg400_msgs__rosidl_generator_py.so
[33.645s] -- Symlinking: /root/ros2_ws/install/mg400_msgs/local/lib/python3.10/dist-packages/mg400_msgs/mg400_msgs_s__rosidl_typesupport_c.cpython-310-x86_64-linux-gnu.so
[33.653s] -- Symlinking: /root/ros2_ws/install/mg400_msgs/local/lib/python3.10/dist-packages/mg400_msgs/mg400_msgs_s__rosidl_typesupport_fastrtps_c.cpython-310-x86_64-linux-gnu.so
[33.660s] -- Symlinking: /root/ros2_ws/install/mg400_msgs/local/lib/python3.10/dist-packages/mg400_msgs/mg400_msgs_s__rosidl_typesupport_introspection_c.cpython-310-x86_64-linux-gnu.so
[33.668s] -- Symlinking: /root/ros2_ws/install/mg400_msgs/local/lib/python3.10/dist-packages/mg400_msgs/msg/__init__.py
[33.675s] -- Symlinking: /root/ros2_ws/install/mg400_msgs/local/lib/python3.10/dist-packages/mg400_msgs/msg/_arch.py
[33.683s] -- Symlinking: /root/ros2_ws/install/mg400_msgs/local/lib/python3.10/dist-packages/mg400_msgs/msg/_arch_s.c
[33.690s] -- Symlinking: /root/ros2_ws/install/mg400_msgs/local/lib/python3.10/dist-packages/mg400_msgs/msg/_collision_level.py
[33.699s] -- Symlinking: /root/ros2_ws/install/mg400_msgs/local/lib/python3.10/dist-packages/mg400_msgs/msg/_collision_level_s.c
[33.708s] -- Symlinking: /root/ros2_ws/install/mg400_msgs/local/lib/python3.10/dist-packages/mg400_msgs/msg/_command.py
[33.717s] -- Symlinking: /root/ros2_ws/install/mg400_msgs/local/lib/python3.10/dist-packages/mg400_msgs/msg/_command_s.c
[33.726s] -- Symlinking: /root/ros2_ws/install/mg400_msgs/local/lib/python3.10/dist-packages/mg400_msgs/msg/_di_index.py
[33.736s] -- Symlinking: /root/ros2_ws/install/mg400_msgs/local/lib/python3.10/dist-packages/mg400_msgs/msg/_di_index_s.c
[33.745s] -- Symlinking: /root/ros2_ws/install/mg400_msgs/local/lib/python3.10/dist-packages/mg400_msgs/msg/_distance_mode.py
[33.754s] -- Symlinking: /root/ros2_ws/install/mg400_msgs/local/lib/python3.10/dist-packages/mg400_msgs/msg/_distance_mode_s.c
[33.762s] -- Symlinking: /root/ros2_ws/install/mg400_msgs/local/lib/python3.10/dist-packages/mg400_msgs/msg/_do_index.py
[33.771s] -- Symlinking: /root/ros2_ws/install/mg400_msgs/local/lib/python3.10/dist-packages/mg400_msgs/msg/_do_index_s.c
[33.779s] -- Symlinking: /root/ros2_ws/install/mg400_msgs/local/lib/python3.10/dist-packages/mg400_msgs/msg/_do_status.py
[33.787s] -- Symlinking: /root/ros2_ws/install/mg400_msgs/local/lib/python3.10/dist-packages/mg400_msgs/msg/_do_status_s.c
[33.796s] -- Symlinking: /root/ros2_ws/install/mg400_msgs/local/lib/python3.10/dist-packages/mg400_msgs/msg/_error_id.py
[33.805s] -- Symlinking: /root/ros2_ws/install/mg400_msgs/local/lib/python3.10/dist-packages/mg400_msgs/msg/_error_id_s.c
[33.814s] -- Symlinking: /root/ros2_ws/install/mg400_msgs/local/lib/python3.10/dist-packages/mg400_msgs/msg/_id_array.py
[33.823s] -- Symlinking: /root/ros2_ws/install/mg400_msgs/local/lib/python3.10/dist-packages/mg400_msgs/msg/_id_array_s.c
[33.833s] -- Symlinking: /root/ros2_ws/install/mg400_msgs/local/lib/python3.10/dist-packages/mg400_msgs/msg/_joint_mov_j.py
[33.842s] -- Symlinking: /root/ros2_ws/install/mg400_msgs/local/lib/python3.10/dist-packages/mg400_msgs/msg/_joint_mov_j_s.c
[33.851s] -- Symlinking: /root/ros2_ws/install/mg400_msgs/local/lib/python3.10/dist-packages/mg400_msgs/msg/_mov_j.py
[33.860s] -- Symlinking: /root/ros2_ws/install/mg400_msgs/local/lib/python3.10/dist-packages/mg400_msgs/msg/_mov_j_s.c
[33.869s] -- Symlinking: /root/ros2_ws/install/mg400_msgs/local/lib/python3.10/dist-packages/mg400_msgs/msg/_mov_jio.py
[33.878s] -- Symlinking: /root/ros2_ws/install/mg400_msgs/local/lib/python3.10/dist-packages/mg400_msgs/msg/_mov_jio_s.c
[33.886s] -- Symlinking: /root/ros2_ws/install/mg400_msgs/local/lib/python3.10/dist-packages/mg400_msgs/msg/_mov_l.py
[33.895s] -- Symlinking: /root/ros2_ws/install/mg400_msgs/local/lib/python3.10/dist-packages/mg400_msgs/msg/_mov_l_s.c
[33.903s] -- Symlinking: /root/ros2_ws/install/mg400_msgs/local/lib/python3.10/dist-packages/mg400_msgs/msg/_mov_lio.py
[33.911s] -- Symlinking: /root/ros2_ws/install/mg400_msgs/local/lib/python3.10/dist-packages/mg400_msgs/msg/_mov_lio_s.c
[33.918s] -- Symlinking: /root/ros2_ws/install/mg400_msgs/local/lib/python3.10/dist-packages/mg400_msgs/msg/_move_jog.py
[33.926s] -- Symlinking: /root/ros2_ws/install/mg400_msgs/local/lib/python3.10/dist-packages/mg400_msgs/msg/_move_jog_s.c
[33.932s] -- Symlinking: /root/ros2_ws/install/mg400_msgs/local/lib/python3.10/dist-packages/mg400_msgs/msg/_robot_mode.py
[33.940s] -- Symlinking: /root/ros2_ws/install/mg400_msgs/local/lib/python3.10/dist-packages/mg400_msgs/msg/_robot_mode_s.c
[33.948s] -- Symlinking: /root/ros2_ws/install/mg400_msgs/local/lib/python3.10/dist-packages/mg400_msgs/msg/_tool.py
[33.955s] -- Symlinking: /root/ros2_ws/install/mg400_msgs/local/lib/python3.10/dist-packages/mg400_msgs/msg/_tool_di_index.py
[33.962s] -- Symlinking: /root/ros2_ws/install/mg400_msgs/local/lib/python3.10/dist-packages/mg400_msgs/msg/_tool_di_index_s.c
[33.969s] -- Symlinking: /root/ros2_ws/install/mg400_msgs/local/lib/python3.10/dist-packages/mg400_msgs/msg/_tool_do_index.py
[33.976s] -- Symlinking: /root/ros2_ws/install/mg400_msgs/local/lib/python3.10/dist-packages/mg400_msgs/msg/_tool_do_index_s.c
[33.984s] -- Symlinking: /root/ros2_ws/install/mg400_msgs/local/lib/python3.10/dist-packages/mg400_msgs/msg/_tool_s.c
[33.992s] -- Symlinking: /root/ros2_ws/install/mg400_msgs/local/lib/python3.10/dist-packages/mg400_msgs/msg/_user.py
[34.000s] -- Symlinking: /root/ros2_ws/install/mg400_msgs/local/lib/python3.10/dist-packages/mg400_msgs/msg/_user_s.c
[34.008s] -- Symlinking: /root/ros2_ws/install/mg400_msgs/local/lib/python3.10/dist-packages/mg400_msgs/srv/__init__.py
[34.015s] -- Symlinking: /root/ros2_ws/install/mg400_msgs/local/lib/python3.10/dist-packages/mg400_msgs/srv/_acc_j.py
[34.023s] -- Symlinking: /root/ros2_ws/install/mg400_msgs/local/lib/python3.10/dist-packages/mg400_msgs/srv/_acc_j_s.c
[34.030s] -- Symlinking: /root/ros2_ws/install/mg400_msgs/local/lib/python3.10/dist-packages/mg400_msgs/srv/_acc_l.py
[34.037s] -- Symlinking: /root/ros2_ws/install/mg400_msgs/local/lib/python3.10/dist-packages/mg400_msgs/srv/_acc_l_s.c
[34.046s] -- Symlinking: /root/ros2_ws/install/mg400_msgs/local/lib/python3.10/dist-packages/mg400_msgs/srv/_arch.py
[34.052s] -- Symlinking: /root/ros2_ws/install/mg400_msgs/local/lib/python3.10/dist-packages/mg400_msgs/srv/_arch_s.c
[34.059s] -- Symlinking: /root/ros2_ws/install/mg400_msgs/local/lib/python3.10/dist-packages/mg400_msgs/srv/_clear_error.py
[34.066s] -- Symlinking: /root/ros2_ws/install/mg400_msgs/local/lib/python3.10/dist-packages/mg400_msgs/srv/_clear_error_s.c
[34.073s] -- Symlinking: /root/ros2_ws/install/mg400_msgs/local/lib/python3.10/dist-packages/mg400_msgs/srv/_cp.py
[34.079s] -- Symlinking: /root/ros2_ws/install/mg400_msgs/local/lib/python3.10/dist-packages/mg400_msgs/srv/_cp_s.c
[34.085s] -- Symlinking: /root/ros2_ws/install/mg400_msgs/local/lib/python3.10/dist-packages/mg400_msgs/srv/_di.py
[34.093s] -- Symlinking: /root/ros2_ws/install/mg400_msgs/local/lib/python3.10/dist-packages/mg400_msgs/srv/_di_s.c
[34.100s] -- Symlinking: /root/ros2_ws/install/mg400_msgs/local/lib/python3.10/dist-packages/mg400_msgs/srv/_disable_robot.py
[34.109s] -- Symlinking: /root/ros2_ws/install/mg400_msgs/local/lib/python3.10/dist-packages/mg400_msgs/srv/_disable_robot_s.c
[34.116s] -- Symlinking: /root/ros2_ws/install/mg400_msgs/local/lib/python3.10/dist-packages/mg400_msgs/srv/_do.py
[34.123s] -- Symlinking: /root/ros2_ws/install/mg400_msgs/local/lib/python3.10/dist-packages/mg400_msgs/srv/_do_s.c
[34.129s] -- Symlinking: /root/ros2_ws/install/mg400_msgs/local/lib/python3.10/dist-packages/mg400_msgs/srv/_emergency_stop.py
[34.137s] -- Symlinking: /root/ros2_ws/install/mg400_msgs/local/lib/python3.10/dist-packages/mg400_msgs/srv/_emergency_stop_s.c
[34.144s] -- Symlinking: /root/ros2_ws/install/mg400_msgs/local/lib/python3.10/dist-packages/mg400_msgs/srv/_enable_robot.py
[34.151s] -- Symlinking: /root/ros2_ws/install/mg400_msgs/local/lib/python3.10/dist-packages/mg400_msgs/srv/_enable_robot_s.c
[34.157s] -- Symlinking: /root/ros2_ws/install/mg400_msgs/local/lib/python3.10/dist-packages/mg400_msgs/srv/_get_angle.py
[34.164s] -- Symlinking: /root/ros2_ws/install/mg400_msgs/local/lib/python3.10/dist-packages/mg400_msgs/srv/_get_angle_s.c
[34.171s] -- Symlinking: /root/ros2_ws/install/mg400_msgs/local/lib/python3.10/dist-packages/mg400_msgs/srv/_get_error_id.py
[34.179s] -- Symlinking: /root/ros2_ws/install/mg400_msgs/local/lib/python3.10/dist-packages/mg400_msgs/srv/_get_error_id_s.c
[34.186s] -- Symlinking: /root/ros2_ws/install/mg400_msgs/local/lib/python3.10/dist-packages/mg400_msgs/srv/_get_pose.py
[34.193s] -- Symlinking: /root/ros2_ws/install/mg400_msgs/local/lib/python3.10/dist-packages/mg400_msgs/srv/_get_pose_s.c
[34.200s] -- Symlinking: /root/ros2_ws/install/mg400_msgs/local/lib/python3.10/dist-packages/mg400_msgs/srv/_inverse_solution.py
[34.208s] -- Symlinking: /root/ros2_ws/install/mg400_msgs/local/lib/python3.10/dist-packages/mg400_msgs/srv/_inverse_solution_s.c
[34.216s] -- Symlinking: /root/ros2_ws/install/mg400_msgs/local/lib/python3.10/dist-packages/mg400_msgs/srv/_joint_mov_j.py
[34.223s] -- Symlinking: /root/ros2_ws/install/mg400_msgs/local/lib/python3.10/dist-packages/mg400_msgs/srv/_joint_mov_j_s.c
[34.231s] -- Symlinking: /root/ros2_ws/install/mg400_msgs/local/lib/python3.10/dist-packages/mg400_msgs/srv/_move_jog.py
[34.240s] -- Symlinking: /root/ros2_ws/install/mg400_msgs/local/lib/python3.10/dist-packages/mg400_msgs/srv/_move_jog_s.c
[34.247s] -- Symlinking: /root/ros2_ws/install/mg400_msgs/local/lib/python3.10/dist-packages/mg400_msgs/srv/_pay_load.py
[34.255s] -- Symlinking: /root/ros2_ws/install/mg400_msgs/local/lib/python3.10/dist-packages/mg400_msgs/srv/_pay_load_s.c
[34.262s] -- Symlinking: /root/ros2_ws/install/mg400_msgs/local/lib/python3.10/dist-packages/mg400_msgs/srv/_positive_solution.py
[34.269s] -- Symlinking: /root/ros2_ws/install/mg400_msgs/local/lib/python3.10/dist-packages/mg400_msgs/srv/_positive_solution_s.c
[34.276s] -- Symlinking: /root/ros2_ws/install/mg400_msgs/local/lib/python3.10/dist-packages/mg400_msgs/srv/_reset_robot.py
[34.284s] -- Symlinking: /root/ros2_ws/install/mg400_msgs/local/lib/python3.10/dist-packages/mg400_msgs/srv/_reset_robot_s.c
[34.290s] -- Symlinking: /root/ros2_ws/install/mg400_msgs/local/lib/python3.10/dist-packages/mg400_msgs/srv/_robot_mode.py
[34.297s] -- Symlinking: /root/ros2_ws/install/mg400_msgs/local/lib/python3.10/dist-packages/mg400_msgs/srv/_robot_mode_s.c
[34.304s] -- Symlinking: /root/ros2_ws/install/mg400_msgs/local/lib/python3.10/dist-packages/mg400_msgs/srv/_set_collision_level.py
[34.312s] -- Symlinking: /root/ros2_ws/install/mg400_msgs/local/lib/python3.10/dist-packages/mg400_msgs/srv/_set_collision_level_s.c
[34.319s] -- Symlinking: /root/ros2_ws/install/mg400_msgs/local/lib/python3.10/dist-packages/mg400_msgs/srv/_speed_factor.py
[34.326s] -- Symlinking: /root/ros2_ws/install/mg400_msgs/local/lib/python3.10/dist-packages/mg400_msgs/srv/_speed_factor_s.c
[34.333s] -- Symlinking: /root/ros2_ws/install/mg400_msgs/local/lib/python3.10/dist-packages/mg400_msgs/srv/_speed_j.py
[34.340s] -- Symlinking: /root/ros2_ws/install/mg400_msgs/local/lib/python3.10/dist-packages/mg400_msgs/srv/_speed_j_s.c
[34.347s] -- Symlinking: /root/ros2_ws/install/mg400_msgs/local/lib/python3.10/dist-packages/mg400_msgs/srv/_speed_l.py
[34.355s] -- Symlinking: /root/ros2_ws/install/mg400_msgs/local/lib/python3.10/dist-packages/mg400_msgs/srv/_speed_l_s.c
[34.362s] -- Symlinking: /root/ros2_ws/install/mg400_msgs/local/lib/python3.10/dist-packages/mg400_msgs/srv/_tool.py
[34.370s] -- Symlinking: /root/ros2_ws/install/mg400_msgs/local/lib/python3.10/dist-packages/mg400_msgs/srv/_tool_di.py
[34.377s] -- Symlinking: /root/ros2_ws/install/mg400_msgs/local/lib/python3.10/dist-packages/mg400_msgs/srv/_tool_di_s.c
[34.384s] -- Symlinking: /root/ros2_ws/install/mg400_msgs/local/lib/python3.10/dist-packages/mg400_msgs/srv/_tool_do_execute.py
[34.391s] -- Symlinking: /root/ros2_ws/install/mg400_msgs/local/lib/python3.10/dist-packages/mg400_msgs/srv/_tool_do_execute_s.c
[34.398s] -- Symlinking: /root/ros2_ws/install/mg400_msgs/local/lib/python3.10/dist-packages/mg400_msgs/srv/_tool_s.c
[34.405s] -- Symlinking: /root/ros2_ws/install/mg400_msgs/local/lib/python3.10/dist-packages/mg400_msgs/srv/_user.py
[34.412s] -- Symlinking: /root/ros2_ws/install/mg400_msgs/local/lib/python3.10/dist-packages/mg400_msgs/srv/_user_s.c
[34.418s] -- Up-to-date symlink: /root/ros2_ws/install/mg400_msgs/local/lib/python3.10/dist-packages/mg400_msgs/mg400_msgs_s__rosidl_typesupport_fastrtps_c.cpython-310-x86_64-linux-gnu.so
[34.419s] -- Up-to-date symlink: /root/ros2_ws/install/mg400_msgs/local/lib/python3.10/dist-packages/mg400_msgs/mg400_msgs_s__rosidl_typesupport_introspection_c.cpython-310-x86_64-linux-gnu.so
[34.419s] -- Up-to-date symlink: /root/ros2_ws/install/mg400_msgs/local/lib/python3.10/dist-packages/mg400_msgs/mg400_msgs_s__rosidl_typesupport_c.cpython-310-x86_64-linux-gnu.so
[34.419s] -- Symlinking: /root/ros2_ws/install/mg400_msgs/share/ament_index/resource_index/rust_packages/mg400_msgs
[34.426s] -- Symlinking: /root/ros2_ws/install/mg400_msgs/share/mg400_msgs/rust/Cargo.toml
[34.433s] -- Symlinking: /root/ros2_ws/install/mg400_msgs/share/mg400_msgs/rust/build.rs
[34.440s] -- Symlinking: /root/ros2_ws/install/mg400_msgs/share/mg400_msgs/rust/src/action.rs
[34.446s] -- Symlinking: /root/ros2_ws/install/mg400_msgs/share/mg400_msgs/rust/src/action/rmw.rs
[34.453s] -- Symlinking: /root/ros2_ws/install/mg400_msgs/share/mg400_msgs/rust/src/lib.rs
[34.459s] -- Symlinking: /root/ros2_ws/install/mg400_msgs/share/mg400_msgs/rust/src/msg.rs
[34.466s] -- Symlinking: /root/ros2_ws/install/mg400_msgs/share/mg400_msgs/rust/src/msg/rmw.rs
[34.472s] -- Symlinking: /root/ros2_ws/install/mg400_msgs/share/mg400_msgs/rust/src/srv.rs
[34.478s] -- Symlinking: /root/ros2_ws/install/mg400_msgs/share/mg400_msgs/rust/src/srv/rmw.rs
[34.485s] -- Symlinking: /root/ros2_ws/install/mg400_msgs/share/mg400_msgs/msg/Arch.idl
[34.492s] -- Symlinking: /root/ros2_ws/install/mg400_msgs/share/mg400_msgs/msg/CollisionLevel.idl
[34.498s] -- Symlinking: /root/ros2_ws/install/mg400_msgs/share/mg400_msgs/msg/Command.idl
[34.505s] -- Symlinking: /root/ros2_ws/install/mg400_msgs/share/mg400_msgs/msg/DIIndex.idl
[34.513s] -- Symlinking: /root/ros2_ws/install/mg400_msgs/share/mg400_msgs/msg/DOIndex.idl
[34.519s] -- Symlinking: /root/ros2_ws/install/mg400_msgs/share/mg400_msgs/msg/DOStatus.idl
[34.526s] -- Symlinking: /root/ros2_ws/install/mg400_msgs/share/mg400_msgs/msg/DistanceMode.idl
[34.533s] -- Symlinking: /root/ros2_ws/install/mg400_msgs/share/mg400_msgs/msg/ErrorID.idl
[34.540s] -- Symlinking: /root/ros2_ws/install/mg400_msgs/share/mg400_msgs/msg/IDArray.idl
[34.548s] -- Symlinking: /root/ros2_ws/install/mg400_msgs/share/mg400_msgs/msg/JointMovJ.idl
[34.555s] -- Symlinking: /root/ros2_ws/install/mg400_msgs/share/mg400_msgs/msg/MovJ.idl
[34.562s] -- Symlinking: /root/ros2_ws/install/mg400_msgs/share/mg400_msgs/msg/MovJIO.idl
[34.569s] -- Symlinking: /root/ros2_ws/install/mg400_msgs/share/mg400_msgs/msg/MovL.idl
[34.575s] -- Symlinking: /root/ros2_ws/install/mg400_msgs/share/mg400_msgs/msg/MovLIO.idl
[34.582s] -- Symlinking: /root/ros2_ws/install/mg400_msgs/share/mg400_msgs/msg/MoveJog.idl
[34.590s] -- Symlinking: /root/ros2_ws/install/mg400_msgs/share/mg400_msgs/msg/RobotMode.idl
[34.597s] -- Symlinking: /root/ros2_ws/install/mg400_msgs/share/mg400_msgs/msg/Tool.idl
[34.604s] -- Symlinking: /root/ros2_ws/install/mg400_msgs/share/mg400_msgs/msg/ToolDIIndex.idl
[34.611s] -- Symlinking: /root/ros2_ws/install/mg400_msgs/share/mg400_msgs/msg/ToolDOIndex.idl
[34.617s] -- Symlinking: /root/ros2_ws/install/mg400_msgs/share/mg400_msgs/msg/User.idl
[34.624s] -- Symlinking: /root/ros2_ws/install/mg400_msgs/share/mg400_msgs/srv/AccJ.idl
[34.630s] -- Symlinking: /root/ros2_ws/install/mg400_msgs/share/mg400_msgs/srv/AccL.idl
[34.637s] -- Symlinking: /root/ros2_ws/install/mg400_msgs/share/mg400_msgs/srv/Arch.idl
[34.643s] -- Symlinking: /root/ros2_ws/install/mg400_msgs/share/mg400_msgs/srv/CP.idl
[34.651s] -- Symlinking: /root/ros2_ws/install/mg400_msgs/share/mg400_msgs/srv/ClearError.idl
[34.658s] -- Symlinking: /root/ros2_ws/install/mg400_msgs/share/mg400_msgs/srv/DI.idl
[34.664s] -- Symlinking: /root/ros2_ws/install/mg400_msgs/share/mg400_msgs/srv/DO.idl
[34.671s] -- Symlinking: /root/ros2_ws/install/mg400_msgs/share/mg400_msgs/srv/DisableRobot.idl
[34.677s] -- Symlinking: /root/ros2_ws/install/mg400_msgs/share/mg400_msgs/srv/EmergencyStop.idl
[34.685s] -- Symlinking: /root/ros2_ws/install/mg400_msgs/share/mg400_msgs/srv/EnableRobot.idl
[34.692s] -- Symlinking: /root/ros2_ws/install/mg400_msgs/share/mg400_msgs/srv/GetAngle.idl
[34.698s] -- Symlinking: /root/ros2_ws/install/mg400_msgs/share/mg400_msgs/srv/GetErrorID.idl
[34.705s] -- Symlinking: /root/ros2_ws/install/mg400_msgs/share/mg400_msgs/srv/GetPose.idl
[34.712s] -- Symlinking: /root/ros2_ws/install/mg400_msgs/share/mg400_msgs/srv/InverseSolution.idl
[34.718s] -- Symlinking: /root/ros2_ws/install/mg400_msgs/share/mg400_msgs/srv/JointMovJ.idl
[34.726s] -- Symlinking: /root/ros2_ws/install/mg400_msgs/share/mg400_msgs/srv/MoveJog.idl
[34.733s] -- Symlinking: /root/ros2_ws/install/mg400_msgs/share/mg400_msgs/srv/PayLoad.idl
[34.740s] -- Symlinking: /root/ros2_ws/install/mg400_msgs/share/mg400_msgs/srv/PositiveSolution.idl
[34.747s] -- Symlinking: /root/ros2_ws/install/mg400_msgs/share/mg400_msgs/srv/ResetRobot.idl
[34.754s] -- Symlinking: /root/ros2_ws/install/mg400_msgs/share/mg400_msgs/srv/RobotMode.idl
[34.761s] -- Symlinking: /root/ros2_ws/install/mg400_msgs/share/mg400_msgs/srv/SetCollisionLevel.idl
[34.768s] -- Symlinking: /root/ros2_ws/install/mg400_msgs/share/mg400_msgs/srv/SpeedFactor.idl
[34.775s] -- Symlinking: /root/ros2_ws/install/mg400_msgs/share/mg400_msgs/srv/SpeedJ.idl
[34.782s] -- Symlinking: /root/ros2_ws/install/mg400_msgs/share/mg400_msgs/srv/SpeedL.idl
[34.789s] -- Symlinking: /root/ros2_ws/install/mg400_msgs/share/mg400_msgs/srv/Tool.idl
[34.796s] -- Symlinking: /root/ros2_ws/install/mg400_msgs/share/mg400_msgs/srv/ToolDI.idl
[34.803s] -- Symlinking: /root/ros2_ws/install/mg400_msgs/share/mg400_msgs/srv/ToolDOExecute.idl
[34.810s] -- Symlinking: /root/ros2_ws/install/mg400_msgs/share/mg400_msgs/srv/User.idl
[34.818s] -- Symlinking: /root/ros2_ws/install/mg400_msgs/share/mg400_msgs/action/CommandQueue.idl
[34.824s] -- Symlinking: /root/ros2_ws/install/mg400_msgs/share/mg400_msgs/action/JointMovJ.idl
[34.830s] -- Symlinking: /root/ros2_ws/install/mg400_msgs/share/mg400_msgs/action/MovJ.idl
[34.838s] -- Symlinking: /root/ros2_ws/install/mg400_msgs/share/mg400_msgs/action/MovJIO.idl
[34.847s] -- Symlinking: /root/ros2_ws/install/mg400_msgs/share/mg400_msgs/action/MovL.idl
[34.855s] -- Symlinking: /root/ros2_ws/install/mg400_msgs/share/mg400_msgs/action/MovLIO.idl
[34.863s] -- Symlinking: /root/ros2_ws/install/mg400_msgs/share/mg400_msgs/msg/Arch.msg
[34.870s] -- Symlinking: /root/ros2_ws/install/mg400_msgs/share/mg400_msgs/msg/CollisionLevel.msg
[34.877s] -- Symlinking: /root/ros2_ws/install/mg400_msgs/share/mg400_msgs/msg/Command.msg
[34.885s] -- Symlinking: /root/ros2_ws/install/mg400_msgs/share/mg400_msgs/msg/DIIndex.msg
[34.893s] -- Symlinking: /root/ros2_ws/install/mg400_msgs/share/mg400_msgs/msg/DOIndex.msg
[34.900s] -- Symlinking: /root/ros2_ws/install/mg400_msgs/share/mg400_msgs/msg/DOStatus.msg
[34.907s] -- Symlinking: /root/ros2_ws/install/mg400_msgs/share/mg400_msgs/msg/DistanceMode.msg
[34.914s] -- Symlinking: /root/ros2_ws/install/mg400_msgs/share/mg400_msgs/msg/ErrorID.msg
[34.920s] -- Symlinking: /root/ros2_ws/install/mg400_msgs/share/mg400_msgs/msg/IDArray.msg
[34.928s] -- Symlinking: /root/ros2_ws/install/mg400_msgs/share/mg400_msgs/msg/JointMovJ.msg
[34.936s] -- Symlinking: /root/ros2_ws/install/mg400_msgs/share/mg400_msgs/msg/MovJ.msg
[34.943s] -- Symlinking: /root/ros2_ws/install/mg400_msgs/share/mg400_msgs/msg/MovJIO.msg
[34.951s] -- Symlinking: /root/ros2_ws/install/mg400_msgs/share/mg400_msgs/msg/MovL.msg
[34.959s] -- Symlinking: /root/ros2_ws/install/mg400_msgs/share/mg400_msgs/msg/MovLIO.msg
[34.967s] -- Symlinking: /root/ros2_ws/install/mg400_msgs/share/mg400_msgs/msg/MoveJog.msg
[34.975s] -- Symlinking: /root/ros2_ws/install/mg400_msgs/share/mg400_msgs/msg/RobotMode.msg
[34.982s] -- Symlinking: /root/ros2_ws/install/mg400_msgs/share/mg400_msgs/msg/Tool.msg
[34.990s] -- Symlinking: /root/ros2_ws/install/mg400_msgs/share/mg400_msgs/msg/ToolDIIndex.msg
[34.997s] -- Symlinking: /root/ros2_ws/install/mg400_msgs/share/mg400_msgs/msg/ToolDOIndex.msg
[35.003s] -- Symlinking: /root/ros2_ws/install/mg400_msgs/share/mg400_msgs/msg/User.msg
[35.010s] -- Symlinking: /root/ros2_ws/install/mg400_msgs/share/mg400_msgs/srv/AccJ.srv
[35.017s] -- Symlinking: /root/ros2_ws/install/mg400_msgs/share/mg400_msgs/srv/AccJ_Request.msg
[35.024s] -- Symlinking: /root/ros2_ws/install/mg400_msgs/share/mg400_msgs/srv/AccJ_Response.msg
[35.033s] -- Symlinking: /root/ros2_ws/install/mg400_msgs/share/mg400_msgs/srv/AccL.srv
[35.039s] -- Symlinking: /root/ros2_ws/install/mg400_msgs/share/mg400_msgs/srv/AccL_Request.msg
[35.048s] -- Symlinking: /root/ros2_ws/install/mg400_msgs/share/mg400_msgs/srv/AccL_Response.msg
[35.056s] -- Symlinking: /root/ros2_ws/install/mg400_msgs/share/mg400_msgs/srv/Arch.srv
[35.064s] -- Symlinking: /root/ros2_ws/install/mg400_msgs/share/mg400_msgs/srv/Arch_Request.msg
[35.071s] -- Symlinking: /root/ros2_ws/install/mg400_msgs/share/mg400_msgs/srv/Arch_Response.msg
[35.079s] -- Symlinking: /root/ros2_ws/install/mg400_msgs/share/mg400_msgs/srv/CP.srv
[35.087s] -- Symlinking: /root/ros2_ws/install/mg400_msgs/share/mg400_msgs/srv/CP_Request.msg
[35.095s] -- Symlinking: /root/ros2_ws/install/mg400_msgs/share/mg400_msgs/srv/CP_Response.msg
[35.104s] -- Symlinking: /root/ros2_ws/install/mg400_msgs/share/mg400_msgs/srv/ClearError.srv
[35.112s] -- Symlinking: /root/ros2_ws/install/mg400_msgs/share/mg400_msgs/srv/ClearError_Request.msg
[35.119s] -- Symlinking: /root/ros2_ws/install/mg400_msgs/share/mg400_msgs/srv/ClearError_Response.msg
[35.127s] -- Symlinking: /root/ros2_ws/install/mg400_msgs/share/mg400_msgs/srv/DI.srv
[35.135s] -- Symlinking: /root/ros2_ws/install/mg400_msgs/share/mg400_msgs/srv/DI_Request.msg
[35.144s] -- Symlinking: /root/ros2_ws/install/mg400_msgs/share/mg400_msgs/srv/DI_Response.msg
[35.151s] -- Symlinking: /root/ros2_ws/install/mg400_msgs/share/mg400_msgs/srv/DO.srv
[35.159s] -- Symlinking: /root/ros2_ws/install/mg400_msgs/share/mg400_msgs/srv/DO_Request.msg
[35.166s] -- Symlinking: /root/ros2_ws/install/mg400_msgs/share/mg400_msgs/srv/DO_Response.msg
[35.174s] -- Symlinking: /root/ros2_ws/install/mg400_msgs/share/mg400_msgs/srv/DisableRobot.srv
[35.181s] -- Symlinking: /root/ros2_ws/install/mg400_msgs/share/mg400_msgs/srv/DisableRobot_Request.msg
[35.189s] -- Symlinking: /root/ros2_ws/install/mg400_msgs/share/mg400_msgs/srv/DisableRobot_Response.msg
[35.196s] -- Symlinking: /root/ros2_ws/install/mg400_msgs/share/mg400_msgs/srv/EmergencyStop.srv
[35.203s] -- Symlinking: /root/ros2_ws/install/mg400_msgs/share/mg400_msgs/srv/EmergencyStop_Request.msg
[35.211s] -- Symlinking: /root/ros2_ws/install/mg400_msgs/share/mg400_msgs/srv/EmergencyStop_Response.msg
[35.219s] -- Symlinking: /root/ros2_ws/install/mg400_msgs/share/mg400_msgs/srv/EnableRobot.srv
[35.226s] -- Symlinking: /root/ros2_ws/install/mg400_msgs/share/mg400_msgs/srv/EnableRobot_Request.msg
[35.234s] -- Symlinking: /root/ros2_ws/install/mg400_msgs/share/mg400_msgs/srv/EnableRobot_Response.msg
[35.243s] -- Symlinking: /root/ros2_ws/install/mg400_msgs/share/mg400_msgs/srv/GetAngle.srv
[35.254s] -- Symlinking: /root/ros2_ws/install/mg400_msgs/share/mg400_msgs/srv/GetAngle_Request.msg
[35.263s] -- Symlinking: /root/ros2_ws/install/mg400_msgs/share/mg400_msgs/srv/GetAngle_Response.msg
[35.271s] -- Symlinking: /root/ros2_ws/install/mg400_msgs/share/mg400_msgs/srv/GetErrorID.srv
[35.281s] -- Symlinking: /root/ros2_ws/install/mg400_msgs/share/mg400_msgs/srv/GetErrorID_Request.msg
[35.289s] -- Symlinking: /root/ros2_ws/install/mg400_msgs/share/mg400_msgs/srv/GetErrorID_Response.msg
[35.298s] -- Symlinking: /root/ros2_ws/install/mg400_msgs/share/mg400_msgs/srv/GetPose.srv
[35.307s] -- Symlinking: /root/ros2_ws/install/mg400_msgs/share/mg400_msgs/srv/GetPose_Request.msg
[35.315s] -- Symlinking: /root/ros2_ws/install/mg400_msgs/share/mg400_msgs/srv/GetPose_Response.msg
[35.323s] -- Symlinking: /root/ros2_ws/install/mg400_msgs/share/mg400_msgs/srv/InverseSolution.srv
[35.331s] -- Symlinking: /root/ros2_ws/install/mg400_msgs/share/mg400_msgs/srv/InverseSolution_Request.msg
[35.338s] -- Symlinking: /root/ros2_ws/install/mg400_msgs/share/mg400_msgs/srv/InverseSolution_Response.msg
[35.347s] -- Symlinking: /root/ros2_ws/install/mg400_msgs/share/mg400_msgs/srv/JointMovJ.srv
[35.356s] -- Symlinking: /root/ros2_ws/install/mg400_msgs/share/mg400_msgs/srv/JointMovJ_Request.msg
[35.364s] -- Symlinking: /root/ros2_ws/install/mg400_msgs/share/mg400_msgs/srv/JointMovJ_Response.msg
[35.372s] -- Symlinking: /root/ros2_ws/install/mg400_msgs/share/mg400_msgs/srv/MoveJog.srv
[35.379s] -- Symlinking: /root/ros2_ws/install/mg400_msgs/share/mg400_msgs/srv/MoveJog_Request.msg
[35.387s] -- Symlinking: /root/ros2_ws/install/mg400_msgs/share/mg400_msgs/srv/MoveJog_Response.msg
[35.395s] -- Symlinking: /root/ros2_ws/install/mg400_msgs/share/mg400_msgs/srv/PayLoad.srv
[35.402s] -- Symlinking: /root/ros2_ws/install/mg400_msgs/share/mg400_msgs/srv/PayLoad_Request.msg
[35.411s] -- Symlinking: /root/ros2_ws/install/mg400_msgs/share/mg400_msgs/srv/PayLoad_Response.msg
[35.419s] -- Symlinking: /root/ros2_ws/install/mg400_msgs/share/mg400_msgs/srv/PositiveSolution.srv
[35.428s] -- Symlinking: /root/ros2_ws/install/mg400_msgs/share/mg400_msgs/srv/PositiveSolution_Request.msg
[35.436s] -- Symlinking: /root/ros2_ws/install/mg400_msgs/share/mg400_msgs/srv/PositiveSolution_Response.msg
[35.445s] -- Symlinking: /root/ros2_ws/install/mg400_msgs/share/mg400_msgs/srv/ResetRobot.srv
[35.453s] -- Symlinking: /root/ros2_ws/install/mg400_msgs/share/mg400_msgs/srv/ResetRobot_Request.msg
[35.461s] -- Symlinking: /root/ros2_ws/install/mg400_msgs/share/mg400_msgs/srv/ResetRobot_Response.msg
[35.470s] -- Symlinking: /root/ros2_ws/install/mg400_msgs/share/mg400_msgs/srv/RobotMode.srv
[35.478s] -- Symlinking: /root/ros2_ws/install/mg400_msgs/share/mg400_msgs/srv/RobotMode_Request.msg
[35.486s] -- Symlinking: /root/ros2_ws/install/mg400_msgs/share/mg400_msgs/srv/RobotMode_Response.msg
[35.494s] -- Symlinking: /root/ros2_ws/install/mg400_msgs/share/mg400_msgs/srv/SetCollisionLevel.srv
[35.503s] -- Symlinking: /root/ros2_ws/install/mg400_msgs/share/mg400_msgs/srv/SetCollisionLevel_Request.msg
[35.511s] -- Symlinking: /root/ros2_ws/install/mg400_msgs/share/mg400_msgs/srv/SetCollisionLevel_Response.msg
[35.520s] -- Symlinking: /root/ros2_ws/install/mg400_msgs/share/mg400_msgs/srv/SpeedFactor.srv
[35.528s] -- Symlinking: /root/ros2_ws/install/mg400_msgs/share/mg400_msgs/srv/SpeedFactor_Request.msg
[35.536s] -- Symlinking: /root/ros2_ws/install/mg400_msgs/share/mg400_msgs/srv/SpeedFactor_Response.msg
[35.545s] -- Symlinking: /root/ros2_ws/install/mg400_msgs/share/mg400_msgs/srv/SpeedJ.srv
[35.552s] -- Symlinking: /root/ros2_ws/install/mg400_msgs/share/mg400_msgs/srv/SpeedJ_Request.msg
[35.560s] -- Symlinking: /root/ros2_ws/install/mg400_msgs/share/mg400_msgs/srv/SpeedJ_Response.msg
[35.567s] -- Symlinking: /root/ros2_ws/install/mg400_msgs/share/mg400_msgs/srv/SpeedL.srv
[35.575s] -- Symlinking: /root/ros2_ws/install/mg400_msgs/share/mg400_msgs/srv/SpeedL_Request.msg
[35.583s] -- Symlinking: /root/ros2_ws/install/mg400_msgs/share/mg400_msgs/srv/SpeedL_Response.msg
[35.591s] -- Symlinking: /root/ros2_ws/install/mg400_msgs/share/mg400_msgs/srv/Tool.srv
[35.600s] -- Symlinking: /root/ros2_ws/install/mg400_msgs/share/mg400_msgs/srv/Tool_Request.msg
[35.607s] -- Symlinking: /root/ros2_ws/install/mg400_msgs/share/mg400_msgs/srv/Tool_Response.msg
[35.615s] -- Symlinking: /root/ros2_ws/install/mg400_msgs/share/mg400_msgs/srv/ToolDI.srv
[35.623s] -- Symlinking: /root/ros2_ws/install/mg400_msgs/share/mg400_msgs/srv/ToolDI_Request.msg
[35.632s] -- Symlinking: /root/ros2_ws/install/mg400_msgs/share/mg400_msgs/srv/ToolDI_Response.msg
[35.641s] -- Symlinking: /root/ros2_ws/install/mg400_msgs/share/mg400_msgs/srv/ToolDOExecute.srv
[35.649s] -- Symlinking: /root/ros2_ws/install/mg400_msgs/share/mg400_msgs/srv/ToolDOExecute_Request.msg
[35.658s] -- Symlinking: /root/ros2_ws/install/mg400_msgs/share/mg400_msgs/srv/ToolDOExecute_Response.msg
[35.666s] -- Symlinking: /root/ros2_ws/install/mg400_msgs/share/mg400_msgs/srv/User.srv
[35.674s] -- Symlinking: /root/ros2_ws/install/mg400_msgs/share/mg400_msgs/srv/User_Request.msg
[35.683s] -- Symlinking: /root/ros2_ws/install/mg400_msgs/share/mg400_msgs/srv/User_Response.msg
[35.691s] -- Symlinking: /root/ros2_ws/install/mg400_msgs/share/mg400_msgs/action/CommandQueue.action
[35.699s] -- Symlinking: /root/ros2_ws/install/mg400_msgs/share/mg400_msgs/action/JointMovJ.action
[35.708s] -- Symlinking: /root/ros2_ws/install/mg400_msgs/share/mg400_msgs/action/MovJ.action
[35.715s] -- Symlinking: /root/ros2_ws/install/mg400_msgs/share/mg400_msgs/action/MovJIO.action
[35.723s] -- Symlinking: /root/ros2_ws/install/mg400_msgs/share/mg400_msgs/action/MovL.action
[35.730s] -- Symlinking: /root/ros2_ws/install/mg400_msgs/share/mg400_msgs/action/MovLIO.action
[35.738s] -- Symlinking: /root/ros2_ws/install/mg400_msgs/share/ament_index/resource_index/package_run_dependencies/mg400_msgs
[35.747s] -- Symlinking: /root/ros2_ws/install/mg400_msgs/share/ament_index/resource_index/parent_prefix_path/mg400_msgs
[35.755s] -- Symlinking: /root/ros2_ws/install/mg400_msgs/share/mg400_msgs/environment/ament_prefix_path.sh
[35.764s] -- Symlinking: /root/ros2_ws/install/mg400_msgs/share/mg400_msgs/environment/ament_prefix_path.dsv
[35.772s] -- Symlinking: /root/ros2_ws/install/mg400_msgs/share/mg400_msgs/environment/path.sh
[35.780s] -- Symlinking: /root/ros2_ws/install/mg400_msgs/share/mg400_msgs/environment/path.dsv
[35.788s] -- Symlinking: /root/ros2_ws/install/mg400_msgs/share/mg400_msgs/local_setup.bash
[35.796s] -- Symlinking: /root/ros2_ws/install/mg400_msgs/share/mg400_msgs/local_setup.sh
[35.805s] -- Symlinking: /root/ros2_ws/install/mg400_msgs/share/mg400_msgs/local_setup.zsh
[35.813s] -- Symlinking: /root/ros2_ws/install/mg400_msgs/share/mg400_msgs/local_setup.dsv
[35.821s] -- Symlinking: /root/ros2_ws/install/mg400_msgs/share/mg400_msgs/package.dsv
[35.828s] -- Symlinking: /root/ros2_ws/install/mg400_msgs/share/ament_index/resource_index/packages/mg400_msgs
[35.836s] -- Symlinking: /root/ros2_ws/install/mg400_msgs/share/mg400_msgs/cmake/rosidl_cmake-extras.cmake
[35.846s] -- Symlinking: /root/ros2_ws/install/mg400_msgs/share/mg400_msgs/cmake/ament_cmake_export_dependencies-extras.cmake
[35.855s] -- Symlinking: /root/ros2_ws/install/mg400_msgs/share/mg400_msgs/cmake/ament_cmake_export_include_directories-extras.cmake
[35.864s] -- Symlinking: /root/ros2_ws/install/mg400_msgs/share/mg400_msgs/cmake/ament_cmake_export_libraries-extras.cmake
[35.875s] -- Symlinking: /root/ros2_ws/install/mg400_msgs/share/mg400_msgs/cmake/ament_cmake_export_targets-extras.cmake
[35.885s] -- Symlinking: /root/ros2_ws/install/mg400_msgs/share/mg400_msgs/cmake/rosidl_cmake_export_typesupport_targets-extras.cmake
[35.894s] -- Symlinking: /root/ros2_ws/install/mg400_msgs/share/mg400_msgs/cmake/rosidl_cmake_export_typesupport_libraries-extras.cmake
[35.904s] -- Symlinking: /root/ros2_ws/install/mg400_msgs/share/mg400_msgs/cmake/rosidl_cmake_aggregate_target-extras.cmake
[35.913s] -- Symlinking: /root/ros2_ws/install/mg400_msgs/share/mg400_msgs/cmake/mg400_msgsConfig.cmake
[35.921s] -- Symlinking: /root/ros2_ws/install/mg400_msgs/share/mg400_msgs/cmake/mg400_msgsConfig-version.cmake
[35.932s] -- Symlinking: /root/ros2_ws/install/mg400_msgs/share/mg400_msgs/package.xml
[35.943s] -- Installing: /root/ros2_ws/install/mg400_msgs/lib/libmg400_msgs__rosidl_generator_c.so
[35.944s] -- Set runtime path of "/root/ros2_ws/install/mg400_msgs/lib/libmg400_msgs__rosidl_generator_c.so" to ""
[35.944s] -- Installing: /root/ros2_ws/install/mg400_msgs/lib/libmg400_msgs__rosidl_typesupport_fastrtps_c.so
[35.945s] -- Set runtime path of "/root/ros2_ws/install/mg400_msgs/lib/libmg400_msgs__rosidl_typesupport_fastrtps_c.so" to ""
[35.945s] -- Installing: /root/ros2_ws/install/mg400_msgs/lib/libmg400_msgs__rosidl_typesupport_fastrtps_cpp.so
[35.946s] -- Set runtime path of "/root/ros2_ws/install/mg400_msgs/lib/libmg400_msgs__rosidl_typesupport_fastrtps_cpp.so" to ""
[35.946s] -- Installing: /root/ros2_ws/install/mg400_msgs/lib/libmg400_msgs__rosidl_typesupport_introspection_c.so
[35.947s] -- Set runtime path of "/root/ros2_ws/install/mg400_msgs/lib/libmg400_msgs__rosidl_typesupport_introspection_c.so" to ""
[35.947s] -- Installing: /root/ros2_ws/install/mg400_msgs/lib/libmg400_msgs__rosidl_typesupport_c.so
[35.947s] -- Set runtime path of "/root/ros2_ws/install/mg400_msgs/lib/libmg400_msgs__rosidl_typesupport_c.so" to ""
[35.948s] -- Installing: /root/ros2_ws/install/mg400_msgs/lib/libmg400_msgs__rosidl_typesupport_introspection_cpp.so
[35.949s] -- Set runtime path of "/root/ros2_ws/install/mg400_msgs/lib/libmg400_msgs__rosidl_typesupport_introspection_cpp.so" to ""
[35.949s] -- Installing: /root/ros2_ws/install/mg400_msgs/lib/libmg400_msgs__rosidl_typesupport_cpp.so
[35.950s] -- Set runtime path of "/root/ros2_ws/install/mg400_msgs/lib/libmg400_msgs__rosidl_typesupport_cpp.so" to ""
[36.082s] Listing '/root/ros2_ws/install/mg400_msgs/local/lib/python3.10/dist-packages/mg400_msgs'...
[36.082s] Compiling '/root/ros2_ws/install/mg400_msgs/local/lib/python3.10/dist-packages/mg400_msgs/__init__.py'...
[36.082s] Listing '/root/ros2_ws/install/mg400_msgs/local/lib/python3.10/dist-packages/mg400_msgs/action'...
[36.082s] Compiling '/root/ros2_ws/install/mg400_msgs/local/lib/python3.10/dist-packages/mg400_msgs/action/__init__.py'...
[36.082s] Compiling '/root/ros2_ws/install/mg400_msgs/local/lib/python3.10/dist-packages/mg400_msgs/action/_command_queue.py'...
[36.082s] Compiling '/root/ros2_ws/install/mg400_msgs/local/lib/python3.10/dist-packages/mg400_msgs/action/_joint_mov_j.py'...
[36.083s] Compiling '/root/ros2_ws/install/mg400_msgs/local/lib/python3.10/dist-packages/mg400_msgs/action/_mov_j.py'...
[36.083s] Compiling '/root/ros2_ws/install/mg400_msgs/local/lib/python3.10/dist-packages/mg400_msgs/action/_mov_jio.py'...
[36.083s] Compiling '/root/ros2_ws/install/mg400_msgs/local/lib/python3.10/dist-packages/mg400_msgs/action/_mov_l.py'...
[36.083s] Compiling '/root/ros2_ws/install/mg400_msgs/local/lib/python3.10/dist-packages/mg400_msgs/action/_mov_lio.py'...
[36.083s] Listing '/root/ros2_ws/install/mg400_msgs/local/lib/python3.10/dist-packages/mg400_msgs/msg'...
[36.083s] Compiling '/root/ros2_ws/install/mg400_msgs/local/lib/python3.10/dist-packages/mg400_msgs/msg/__init__.py'...
[36.083s] Compiling '/root/ros2_ws/install/mg400_msgs/local/lib/python3.10/dist-packages/mg400_msgs/msg/_arch.py'...
[36.083s] Compiling '/root/ros2_ws/install/mg400_msgs/local/lib/python3.10/dist-packages/mg400_msgs/msg/_collision_level.py'...
[36.083s] Compiling '/root/ros2_ws/install/mg400_msgs/local/lib/python3.10/dist-packages/mg400_msgs/msg/_command.py'...
[36.083s] Compiling '/root/ros2_ws/install/mg400_msgs/local/lib/python3.10/dist-packages/mg400_msgs/msg/_di_index.py'...
[36.083s] Compiling '/root/ros2_ws/install/mg400_msgs/local/lib/python3.10/dist-packages/mg400_msgs/msg/_distance_mode.py'...
[36.083s] Compiling '/root/ros2_ws/install/mg400_msgs/local/lib/python3.10/dist-packages/mg400_msgs/msg/_do_index.py'...
[36.083s] Compiling '/root/ros2_ws/install/mg400_msgs/local/lib/python3.10/dist-packages/mg400_msgs/msg/_do_status.py'...
[36.083s] Compiling '/root/ros2_ws/install/mg400_msgs/local/lib/python3.10/dist-packages/mg400_msgs/msg/_error_id.py'...
[36.083s] Compiling '/root/ros2_ws/install/mg400_msgs/local/lib/python3.10/dist-packages/mg400_msgs/msg/_id_array.py'...
[36.083s] Compiling '/root/ros2_ws/install/mg400_msgs/local/lib/python3.10/dist-packages/mg400_msgs/msg/_joint_mov_j.py'...
[36.083s] Compiling '/root/ros2_ws/install/mg400_msgs/local/lib/python3.10/dist-packages/mg400_msgs/msg/_mov_j.py'...
[36.083s] Compiling '/root/ros2_ws/install/mg400_msgs/local/lib/python3.10/dist-packages/mg400_msgs/msg/_mov_jio.py'...
[36.083s] Compiling '/root/ros2_ws/install/mg400_msgs/local/lib/python3.10/dist-packages/mg400_msgs/msg/_mov_l.py'...
[36.084s] Compiling '/root/ros2_ws/install/mg400_msgs/local/lib/python3.10/dist-packages/mg400_msgs/msg/_mov_lio.py'...
[36.084s] Compiling '/root/ros2_ws/install/mg400_msgs/local/lib/python3.10/dist-packages/mg400_msgs/msg/_move_jog.py'...
[36.084s] Compiling '/root/ros2_ws/install/mg400_msgs/local/lib/python3.10/dist-packages/mg400_msgs/msg/_robot_mode.py'...
[36.084s] Compiling '/root/ros2_ws/install/mg400_msgs/local/lib/python3.10/dist-packages/mg400_msgs/msg/_tool.py'...
[36.084s] Compiling '/root/ros2_ws/install/mg400_msgs/local/lib/python3.10/dist-packages/mg400_msgs/msg/_tool_di_index.py'...
[36.084s] Compiling '/root/ros2_ws/install/mg400_msgs/local/lib/python3.10/dist-packages/mg400_msgs/msg/_tool_do_index.py'...
[36.084s] Compiling '/root/ros2_ws/install/mg400_msgs/local/lib/python3.10/dist-packages/mg400_msgs/msg/_user.py'...
[36.084s] Listing '/root/ros2_ws/install/mg400_msgs/local/lib/python3.10/dist-packages/mg400_msgs/srv'...
[36.084s] Compiling '/root/ros2_ws/install/mg400_msgs/local/lib/python3.10/dist-packages/mg400_msgs/srv/__init__.py'...
[36.084s] Compiling '/root/ros2_ws/install/mg400_msgs/local/lib/python3.10/dist-packages/mg400_msgs/srv/_acc_j.py'...
[36.084s] Compiling '/root/ros2_ws/install/mg400_msgs/local/lib/python3.10/dist-packages/mg400_msgs/srv/_acc_l.py'...
[36.084s] Compiling '/root/ros2_ws/install/mg400_msgs/local/lib/python3.10/dist-packages/mg400_msgs/srv/_arch.py'...
[36.084s] Compiling '/root/ros2_ws/install/mg400_msgs/local/lib/python3.10/dist-packages/mg400_msgs/srv/_clear_error.py'...
[36.084s] Compiling '/root/ros2_ws/install/mg400_msgs/local/lib/python3.10/dist-packages/mg400_msgs/srv/_cp.py'...
[36.084s] Compiling '/root/ros2_ws/install/mg400_msgs/local/lib/python3.10/dist-packages/mg400_msgs/srv/_di.py'...
[36.084s] Compiling '/root/ros2_ws/install/mg400_msgs/local/lib/python3.10/dist-packages/mg400_msgs/srv/_disable_robot.py'...
[36.084s] Compiling '/root/ros2_ws/install/mg400_msgs/local/lib/python3.10/dist-packages/mg400_msgs/srv/_do.py'...
[36.084s] Compiling '/root/ros2_ws/install/mg400_msgs/local/lib/python3.10/dist-packages/mg400_msgs/srv/_emergency_stop.py'...
[36.085s] Compiling '/root/ros2_ws/install/mg400_msgs/local/lib/python3.10/dist-packages/mg400_msgs/srv/_enable_robot.py'...
[36.085s] Compiling '/root/ros2_ws/install/mg400_msgs/local/lib/python3.10/dist-packages/mg400_msgs/srv/_get_angle.py'...
[36.085s] Compiling '/root/ros2_ws/install/mg400_msgs/local/lib/python3.10/dist-packages/mg400_msgs/srv/_get_error_id.py'...
[36.085s] Compiling '/root/ros2_ws/install/mg400_msgs/local/lib/python3.10/dist-packages/mg400_msgs/srv/_get_pose.py'...
[36.085s] Compiling '/root/ros2_ws/install/mg400_msgs/local/lib/python3.10/dist-packages/mg400_msgs/srv/_inverse_solution.py'...
[36.085s] Compiling '/root/ros2_ws/install/mg400_msgs/local/lib/python3.10/dist-packages/mg400_msgs/srv/_joint_mov_j.py'...
[36.085s] Compiling '/root/ros2_ws/install/mg400_msgs/local/lib/python3.10/dist-packages/mg400_msgs/srv/_move_jog.py'...
[36.085s] Compiling '/root/ros2_ws/install/mg400_msgs/local/lib/python3.10/dist-packages/mg400_msgs/srv/_pay_load.py'...
[36.085s] Compiling '/root/ros2_ws/install/mg400_msgs/local/lib/python3.10/dist-packages/mg400_msgs/srv/_positive_solution.py'...
[36.085s] Compiling '/root/ros2_ws/install/mg400_msgs/local/lib/python3.10/dist-packages/mg400_msgs/srv/_reset_robot.py'...
[36.085s] Compiling '/root/ros2_ws/install/mg400_msgs/local/lib/python3.10/dist-packages/mg400_msgs/srv/_robot_mode.py'...
[36.085s] Compiling '/root/ros2_ws/install/mg400_msgs/local/lib/python3.10/dist-packages/mg400_msgs/srv/_set_collision_level.py'...
[36.085s] Compiling '/root/ros2_ws/install/mg400_msgs/local/lib/python3.10/dist-packages/mg400_msgs/srv/_speed_factor.py'...
[36.085s] Compiling '/root/ros2_ws/install/mg400_msgs/local/lib/python3.10/dist-packages/mg400_msgs/srv/_speed_j.py'...
[36.085s] Compiling '/root/ros2_ws/install/mg400_msgs/local/lib/python3.10/dist-packages/mg400_msgs/srv/_speed_l.py'...
[36.085s] Compiling '/root/ros2_ws/install/mg400_msgs/local/lib/python3.10/dist-packages/mg400_msgs/srv/_tool.py'...
[36.085s] Compiling '/root/ros2_ws/install/mg400_msgs/local/lib/python3.10/dist-packages/mg400_msgs/srv/_tool_di.py'...
[36.085s] Compiling '/root/ros2_ws/install/mg400_msgs/local/lib/python3.10/dist-packages/mg400_msgs/srv/_tool_do_execute.py'...
[36.086s] Compiling '/root/ros2_ws/install/mg400_msgs/local/lib/python3.10/dist-packages/mg400_msgs/srv/_user.py'...
[36.089s] -- Installing: /root/ros2_ws/install/mg400_msgs/lib/libmg400_msgs__rosidl_generator_py.so
[36.090s] -- Set runtime path of "/root/ros2_ws/install/mg400_msgs/lib/libmg400_msgs__rosidl_generator_py.so" to ""
[36.090s] -- Installing: /root/ros2_ws/install/mg400_msgs/share/mg400_msgs/cmake/export_mg400_msgs__rosidl_generator_cExport.cmake
[36.090s] -- Installing: /root/ros2_ws/install/mg400_msgs/share/mg400_msgs/cmake/export_mg400_msgs__rosidl_generator_cExport-noconfig.cmake
[36.090s] -- Installing: /root/ros2_ws/install/mg400_msgs/share/mg400_msgs/cmake/export_mg400_msgs__rosidl_typesupport_fastrtps_cExport.cmake
[36.091s] -- Installing: /root/ros2_ws/install/mg400_msgs/share/mg400_msgs/cmake/export_mg400_msgs__rosidl_typesupport_fastrtps_cExport-noconfig.cmake
[36.091s] -- Installing: /root/ros2_ws/install/mg400_msgs/share/mg400_msgs/cmake/export_mg400_msgs__rosidl_generator_cppExport.cmake
[36.091s] -- Installing: /root/ros2_ws/install/mg400_msgs/share/mg400_msgs/cmake/export_mg400_msgs__rosidl_typesupport_fastrtps_cppExport.cmake
[36.091s] -- Installing: /root/ros2_ws/install/mg400_msgs/share/mg400_msgs/cmake/export_mg400_msgs__rosidl_typesupport_fastrtps_cppExport-noconfig.cmake
[36.092s] -- Installing: /root/ros2_ws/install/mg400_msgs/share/mg400_msgs/cmake/mg400_msgs__rosidl_typesupport_introspection_cExport.cmake
[36.092s] -- Installing: /root/ros2_ws/install/mg400_msgs/share/mg400_msgs/cmake/mg400_msgs__rosidl_typesupport_introspection_cExport-noconfig.cmake
[36.092s] -- Installing: /root/ros2_ws/install/mg400_msgs/share/mg400_msgs/cmake/mg400_msgs__rosidl_typesupport_cExport.cmake
[36.092s] -- Installing: /root/ros2_ws/install/mg400_msgs/share/mg400_msgs/cmake/mg400_msgs__rosidl_typesupport_cExport-noconfig.cmake
[36.093s] -- Installing: /root/ros2_ws/install/mg400_msgs/share/mg400_msgs/cmake/mg400_msgs__rosidl_typesupport_introspection_cppExport.cmake
[36.093s] -- Installing: /root/ros2_ws/install/mg400_msgs/share/mg400_msgs/cmake/mg400_msgs__rosidl_typesupport_introspection_cppExport-noconfig.cmake
[36.093s] -- Installing: /root/ros2_ws/install/mg400_msgs/share/mg400_msgs/cmake/mg400_msgs__rosidl_typesupport_cppExport.cmake
[36.093s] -- Installing: /root/ros2_ws/install/mg400_msgs/share/mg400_msgs/cmake/mg400_msgs__rosidl_typesupport_cppExport-noconfig.cmake
[36.094s] -- Installing: /root/ros2_ws/install/mg400_msgs/share/mg400_msgs/cmake/export_mg400_msgs__rosidl_generator_pyExport.cmake
[36.094s] -- Installing: /root/ros2_ws/install/mg400_msgs/share/mg400_msgs/cmake/export_mg400_msgs__rosidl_generator_pyExport-noconfig.cmake
[36.097s] Invoked command in '/root/ros2_ws/build/mg400_msgs' returned '0': CMAKE_PREFIX_PATH=/opt/ros/humble /usr/bin/cmake --install /root/ros2_ws/build/mg400_msgs
